config_hash,tau_s,pattern_mode,pattern_mode_label,pattern_assignment_mode,pattern_assignment_mode_label,pattern_unique_count,command_step_count,charger_sample_s,ev_sample_s,matcher_delay_max_s,candidate_margin_s,algorithm_id,algorithm_label,is_current,ev_count,runs,accuracy_mean,accuracy_std,accuracy_ci95,accuracy_requested_mean,accuracy_requested_std,accuracy_requested_ci95,requested_evs_mean,requested_evs_std,requested_evs_ci95,admitted_evs_mean,admitted_evs_std,admitted_evs_ci95,blocked_evs_mean,blocked_evs_std,blocked_evs_ci95,blocked_ratio_mean,blocked_ratio_std,blocked_ratio_ci95,avg_cost_mean,avg_cost_std,avg_cost_ci95,p90_latency_mean,p90_latency_std,p90_latency_ci95,assignment_runtime_mean,assignment_runtime_std,assignment_runtime_ci95,runtime_s_candidate_build_mean,runtime_s_candidate_build_std,runtime_s_candidate_build_ci95,runtime_s_assignment_mean,runtime_s_assignment_std,runtime_s_assignment_ci95,runtime_s_fallback_mean,runtime_s_fallback_std,runtime_s_fallback_ci95,runtime_s_other_mean,runtime_s_other_std,runtime_s_other_ci95,runtime_s_total_mean,runtime_s_total_std,runtime_s_total_ci95,runtime_s_cost_mean,runtime_s_cost_std,runtime_s_cost_ci95,runtime_s_loop_mean,runtime_s_loop_std,runtime_s_loop_ci95,unmatched_mean,unmatched_std,unmatched_ci95,window_watermark_count_mean,window_watermark_count_std,window_watermark_count_ci95,session_end_before_watermark_count_mean,session_end_before_watermark_count_std,session_end_before_watermark_count_ci95,session_end_fallback_count_mean,session_end_fallback_count_std,session_end_fallback_count_ci95,timeline_end_fallback_count_mean,timeline_end_fallback_count_std,timeline_end_fallback_count_ci95,fallback_finalized_count_mean,fallback_finalized_count_std,fallback_finalized_count_ci95,window_watermark_ratio_mean,window_watermark_ratio_std,window_watermark_ratio_ci95,session_end_before_watermark_ratio_mean,session_end_before_watermark_ratio_std,session_end_before_watermark_ratio_ci95,session_end_fallback_ratio_mean,session_end_fallback_ratio_std,session_end_fallback_ratio_ci95,timeline_end_fallback_ratio_mean,timeline_end_fallback_ratio_std,timeline_end_fallback_ratio_ci95,fallback_finalized_ratio_mean,fallback_finalized_ratio_std,fallback_finalized_ratio_ci95,gt_in_candidates_ratio_mean,gt_in_candidates_ratio_std,gt_in_candidates_ratio_ci95,avg_candidates_per_ev_mean,avg_candidates_per_ev_std,avg_candidates_per_ev_ci95,no_candidate_rows_total_mean,no_candidate_rows_total_std,no_candidate_rows_total_ci95,fallback_to_all_rows_total_mean,fallback_to_all_rows_total_std,fallback_to_all_rows_total_ci95,gt_recovered_by_fallback_count_mean,gt_recovered_by_fallback_count_std,gt_recovered_by_fallback_count_ci95,no_candidate_rows_ratio_mean,no_candidate_rows_ratio_std,no_candidate_rows_ratio_ci95,fallback_to_all_rows_ratio_mean,fallback_to_all_rows_ratio_std,fallback_to_all_rows_ratio_ci95,gt_recovered_by_fallback_ratio_mean,gt_recovered_by_fallback_ratio_std,gt_recovered_by_fallback_ratio_ci95,candidate_query_lead_max_s_mean,candidate_query_lead_max_s_std,candidate_query_lead_max_s_ci95,candidate_future_query_violation_count_mean,candidate_future_query_violation_count_std,candidate_future_query_violation_count_ci95
85aabe97be77ed6005b9d1d5463d30f98660c1f46bfbb7581f87fbd9b72484d1,60,current,Optimized Pattern Generator,dynamic_session,Dynamic Session Pattern Assignment,50,6,5,5,5.0,60,time_only_baseline,A0) Time Prior + Hungarian (Baseline),False,100,20,0.93,0.028284271247461884,0.012396128427860038,0.93,0.028284271247461884,0.012396128427860038,100.0,0.0,0.0,100.0,0.0,0.0,0.0,0.0,0.0,0.0,0.0,0.0,1.411700253645,0.20258100296148504,0.08878503914010548,410.81000000000006,11.417479673958832,5.00393109380804,1.4319703000037407,0.07328012347988189,0.03211643015011649,1.3450208950482192,0.07328638527117884,0.03211917450115266,0.002369217895466136,0.00014893526374735075,6.527375730124351e-05,0.0,0.0,0.0,0.08398150775683462,0.005438805268817537,0.002383661506302166,1.43137162070052,0.07327797503407815,0.03211548855222731,1.3450208950482192,0.07328638527117884,0.03211917450115266,0.08398150775683462,0.005438805268817537,0.002383661506302166,0.0,0.0,0.0,100.0,0.0,0.0,0.0,0.0,0.0,0.0,0.0,0.0,0.0,0.0,0.0,0.0,0.0,0.0,1.0,0.0,0.0,0.0,0.0,0.0,0.0,0.0,0.0,0.0,0.0,0.0,0.0,0.0,0.0,1.0,0.0,0.0,6.288,0.353040925016976,0.15472700740676343,0.0,0.0,0.0,0.0,0.0,0.0,0.0,0.0,0.0,0.0,0.0,0.0,0.0,0.0,0.0,,,,0.0,0.0,0.0,0.0,0.0,0.0
85aabe97be77ed6005b9d1d5463d30f98660c1f46bfbb7581f87fbd9b72484d1,60,current,Optimized Pattern Generator,dynamic_session,Dynamic Session Pattern Assignment,50,6,5,5,5.0,60,time_only_baseline,A0) Time Prior + Hungarian (Baseline),False,300,20,0.8211666666666666,0.01974323483215015,0.008652854175364159,0.8211666666666666,0.01974323483215015,0.008652854175364159,300.0,0.0,0.0,300.0,0.0,0.0,0.0,0.0,0.0,0.0,0.0,0.0,1.1919836008683335,0.07604011828517589,0.033326051206544485,411.2250000000001,6.636888538591264,2.908744650550343,11.318920852099836,0.2985304727095147,0.13083674834538964,11.11715742290762,0.2989324790711896,0.13101293540159975,0.009460489965567831,0.0001484646049169978,6.506748197402309e-05,0.0,0.0,0.0,0.19060506222522236,0.00890912882698182,0.0039045978647771254,11.317222975098412,0.29852886969212367,0.13083604579204197,11.11715742290762,0.2989324790711896,0.13101293540159975,0.19060506222522236,0.00890912882698182,0.0039045978647771254,0.0,0.0,0.0,300.0,0.0,0.0,0.0,0.0,0.0,0.0,0.0,0.0,0.0,0.0,0.0,0.0,0.0,0.0,1.0,0.0,0.0,0.0,0.0,0.0,0.0,0.0,0.0,0.0,0.0,0.0,0.0,0.0,0.0,1.0,0.0,0.0,16.917333333333335,0.4553420409637202,0.19956244829524095,0.0,0.0,0.0,0.0,0.0,0.0,0.0,0.0,0.0,0.0,0.0,0.0,0.0,0.0,0.0,,,,0.0,0.0,0.0,0.0,0.0,0.0
85aabe97be77ed6005b9d1d5463d30f98660c1f46bfbb7581f87fbd9b72484d1,60,current,Optimized Pattern Generator,dynamic_session,Dynamic Session Pattern Assignment,50,6,5,5,5.0,60,time_only_baseline,A0) Time Prior + Hungarian (Baseline),False,500,20,0.7395999999999999,0.017801241825398485,0.007801738213878676,0.7395999999999999,0.017801241825398485,0.007801738213878676,500.0,0.0,0.0,500.0,0.0,0.0,0.0,0.0,0.0,0.0,0.0,0.0,1.042270273036,0.047025023633611454,0.020609625299704715,412.99500000000006,4.1149886487021226,1.8034732916470375,31.69379362905165,0.6313605559352914,0.2767059637911405,31.365848928601917,0.6280273146216919,0.2752451063752671,0.020054557525145355,0.00017710798635472692,7.76209973820658e-05,0.0,0.0,0.0,0.304283519974706,0.008567325645672717,0.0037547960157038886,31.69018700610177,0.6313606888010913,0.2767060220221447,31.365848928601917,0.6280273146216919,0.2752451063752671,0.304283519974706,0.008567325645672717,0.0037547960157038886,0.0,0.0,0.0,500.0,0.0,0.0,0.0,0.0,0.0,0.0,0.0,0.0,0.0,0.0,0.0,0.0,0.0,0.0,1.0,0.0,0.0,0.0,0.0,0.0,0.0,0.0,0.0,0.0,0.0,0.0,0.0,0.0,0.0,1.0,0.0,0.0,27.781100000000002,0.528071954825935,0.2314377384483898,0.0,0.0,0.0,0.0,0.0,0.0,0.0,0.0,0.0,0.0,0.0,0.0,0.0,0.0,0.0,,,,0.0,0.0,0.0,0.0,0.0,0.0
85aabe97be77ed6005b9d1d5463d30f98660c1f46bfbb7581f87fbd9b72484d1,60,current,Optimized Pattern Generator,dynamic_session,Dynamic Session Pattern Assignment,50,6,5,5,5.0,60,single_only,A1) Refined Cost + Greedy 1:1,True,100,20,0.9709999999999999,0.017740824166460337,0.007775259007362966,0.9709999999999999,0.017740824166460337,0.007775259007362966,100.0,0.0,0.0,100.0,0.0,0.0,0.0,0.0,0.0,0.0,0.0,0.0,1.1449325459865196,0.1183394501647585,0.05186455077771634,410.81000000000006,11.417479673958832,5.00393109380804,1.8134989542530093,0.09616469175476038,0.04214603440859571,1.3542081144558324,0.07446811738578504,0.03263709143568566,0.38692145009845264,0.020998155692498507,0.009202847491987963,0.0,0.0,0.0,0.07177004169643623,0.0045083751147400744,0.001975882512026935,1.8128996062507212,0.0961775576217259,0.0421516731234081,1.3542081144558324,0.07446811738578504,0.03263709143568566,0.07177004169643623,0.0045083751147400744,0.001975882512026935,0.0,0.0,0.0,100.0,0.0,0.0,0.0,0.0,0.0,0.0,0.0,0.0,0.0,0.0,0.0,0.0,0.0,0.0,1.0,0.0,0.0,0.0,0.0,0.0,0.0,0.0,0.0,0.0,0.0,0.0,0.0,0.0,0.0,1.0,0.0,0.0,6.288,0.353040925016976,0.15472700740676343,0.0,0.0,0.0,0.0,0.0,0.0,0.0,0.0,0.0,0.0,0.0,0.0,0.0,0.0,0.0,,,,0.0,0.0,0.0,0.0,0.0,0.0
85aabe97be77ed6005b9d1d5463d30f98660c1f46bfbb7581f87fbd9b72484d1,60,current,Optimized Pattern Generator,dynamic_session,Dynamic Session Pattern Assignment,50,6,5,5,5.0,60,single_only,A1) Refined Cost + Greedy 1:1,True,300,20,0.9506666666666668,0.010847157171971393,0.004753976236633872,0.9506666666666668,0.010847157171971393,0.004753976236633872,300.0,0.0,0.0,300.0,0.0,0.0,0.0,0.0,0.0,0.0,0.0,0.0,1.132155911303368,0.04503479405017676,0.01973736872638407,411.2250000000001,6.636888538591264,2.908744650550343,14.459306220698636,0.38461011147835694,0.16856281340347815,11.20953000308,0.30442877742349417,0.1334217943627129,3.0598552491981534,0.08267518440983021,0.03623399714897139,0.0,0.0,0.0,0.18820527277057408,0.008698200299394982,0.0038121543616658157,14.457590525048726,0.3846135010247563,0.16856429893768585,11.20953000308,0.30442877742349417,0.1334217943627129,0.18820527277057408,0.008698200299394982,0.0038121543616658157,0.0,0.0,0.0,300.0,0.0,0.0,0.0,0.0,0.0,0.0,0.0,0.0,0.0,0.0,0.0,0.0,0.0,0.0,1.0,0.0,0.0,0.0,0.0,0.0,0.0,0.0,0.0,0.0,0.0,0.0,0.0,0.0,0.0,1.0,0.0,0.0,16.917333333333335,0.4553420409637202,0.19956244829524095,0.0,0.0,0.0,0.0,0.0,0.0,0.0,0.0,0.0,0.0,0.0,0.0,0.0,0.0,0.0,,,,0.0,0.0,0.0,0.0,0.0,0.0
85aabe97be77ed6005b9d1d5463d30f98660c1f46bfbb7581f87fbd9b72484d1,60,current,Optimized Pattern Generator,dynamic_session,Dynamic Session Pattern Assignment,50,6,5,5,5.0,60,single_only,A1) Refined Cost + Greedy 1:1,True,500,20,0.9298,0.0094010077847229,0.004120173322874442,0.9298,0.0094010077847229,0.004120173322874442,500.0,0.0,0.0,500.0,0.0,0.0,0.0,0.0,0.0,0.0,0.0,0.0,1.134149993368769,0.0388088177128081,0.017008714288318415,412.99500000000006,4.1149886487021226,1.8034732916470375,40.26136184799761,0.773841884396502,0.339151159240034,31.613151360550546,0.6243538682138404,0.2736351475028541,8.338922071528213,0.1508361861775951,0.06610687328894368,0.0,0.0,0.0,0.30569588046855645,0.009328643588069032,0.00408845831535482,40.25776931254732,0.7737981893650205,0.33913200904814234,31.613151360550546,0.6243538682138404,0.2736351475028541,0.30569588046855645,0.009328643588069032,0.00408845831535482,0.0,0.0,0.0,500.0,0.0,0.0,0.0,0.0,0.0,0.0,0.0,0.0,0.0,0.0,0.0,0.0,0.0,0.0,1.0,0.0,0.0,0.0,0.0,0.0,0.0,0.0,0.0,0.0,0.0,0.0,0.0,0.0,0.0,1.0,0.0,0.0,27.781100000000002,0.528071954825935,0.2314377384483898,0.0,0.0,0.0,0.0,0.0,0.0,0.0,0.0,0.0,0.0,0.0,0.0,0.0,0.0,0.0,,,,0.0,0.0,0.0,0.0,0.0,0.0
85aabe97be77ed6005b9d1d5463d30f98660c1f46bfbb7581f87fbd9b72484d1,60,current,Optimized Pattern Generator,dynamic_session,Dynamic Session Pattern Assignment,50,6,5,5,5.0,60,nomura_original_interval_hungarian,A2) Corr+DTW + Hungarian,False,100,20,0.916,0.019303667499917413,0.008460205297994275,0.916,0.019303667499917413,0.008460205297994275,100.0,0.0,0.0,100.0,0.0,0.0,0.0,0.0,0.0,0.0,0.0,0.0,0.13656891940956897,0.008237870947699918,0.0036104061280698156,410.81000000000006,11.417479673958832,5.00393109380804,2.3799692269501973,0.15315292030139724,0.06712222678632024,1.3658725299465004,0.09753446876269581,0.042746365651332656,0.9424369522021152,0.056599763228813056,0.02480593994564372,0.0,0.0,0.0,0.07105361565118073,0.001506890471566931,0.0006604238676977928,2.3793630977997964,0.15314337019275884,0.06711804126666707,1.3658725299465004,0.09753446876269581,0.042746365651332656,0.07105361565118073,0.001506890471566931,0.0006604238676977928,0.0,0.0,0.0,100.0,0.0,0.0,0.0,0.0,0.0,0.0,0.0,0.0,0.0,0.0,0.0,0.0,0.0,0.0,1.0,0.0,0.0,0.0,0.0,0.0,0.0,0.0,0.0,0.0,0.0,0.0,0.0,0.0,0.0,1.0,0.0,0.0,6.288,0.353040925016976,0.15472700740676343,0.0,0.0,0.0,0.0,0.0,0.0,0.0,0.0,0.0,0.0,0.0,0.0,0.0,0.0,0.0,,,,0.0,0.0,0.0,0.0,0.0,0.0
85aabe97be77ed6005b9d1d5463d30f98660c1f46bfbb7581f87fbd9b72484d1,60,current,Optimized Pattern Generator,dynamic_session,Dynamic Session Pattern Assignment,50,6,5,5,5.0,60,nomura_original_interval_hungarian,A2) Corr+DTW + Hungarian,False,300,20,0.8648333333333333,0.020983842294177216,0.009196574368587417,0.8648333333333333,0.020983842294177216,0.009196574368587417,300.0,0.0,0.0,300.0,0.0,0.0,0.0,0.0,0.0,0.0,0.0,0.0,0.13245188564997049,0.005514223632819063,0.002416715061679376,411.2250000000001,6.636888538591264,2.908744650550343,18.78515680624696,0.5099673924041586,0.22350306412190563,11.198187353272079,0.30796855834706816,0.1349731717537443,7.400853213109803,0.20358807990589317,0.08922641007133428,0.0,0.0,0.0,0.18440090231888462,0.0019825438143808603,0.0008688881365161564,18.783441468700765,0.5099845162553367,0.22351056898057872,11.198187353272079,0.30796855834706816,0.1349731717537443,0.18440090231888462,0.0019825438143808603,0.0008688881365161564,0.0,0.0,0.0,300.0,0.0,0.0,0.0,0.0,0.0,0.0,0.0,0.0,0.0,0.0,0.0,0.0,0.0,0.0,1.0,0.0,0.0,0.0,0.0,0.0,0.0,0.0,0.0,0.0,0.0,0.0,0.0,0.0,0.0,1.0,0.0,0.0,16.917333333333335,0.4553420409637202,0.19956244829524095,0.0,0.0,0.0,0.0,0.0,0.0,0.0,0.0,0.0,0.0,0.0,0.0,0.0,0.0,0.0,,,,0.0,0.0,0.0,0.0,0.0,0.0
85aabe97be77ed6005b9d1d5463d30f98660c1f46bfbb7581f87fbd9b72484d1,60,current,Optimized Pattern Generator,dynamic_session,Dynamic Session Pattern Assignment,50,6,5,5,5.0,60,nomura_original_interval_hungarian,A2) Corr+DTW + Hungarian,False,500,20,0.8253,0.018241364214911446,0.007994630355827318,0.8253,0.018241364214911446,0.007994630355827318,500.0,0.0,0.0,500.0,0.0,0.0,0.0,0.0,0.0,0.0,0.0,0.0,0.12806576751449478,0.00465497620385739,0.002040133272191932,412.99500000000006,4.1149886487021226,1.8034732916470375,51.984941689550034,0.9820571146286585,0.43040550735500877,31.54579373134693,0.6168846743189196,0.2703616289467649,20.130154597303772,0.36674799994341795,0.160734397863172,0.0,0.0,0.0,0.3053285151996533,0.010384864058082626,0.004551367346309547,51.98127684385035,0.9820467351659665,0.4304009583549155,31.54579373134693,0.6168846743189196,0.2703616289467649,0.3053285151996533,0.010384864058082626,0.004551367346309547,0.0,0.0,0.0,500.0,0.0,0.0,0.0,0.0,0.0,0.0,0.0,0.0,0.0,0.0,0.0,0.0,0.0,0.0,1.0,0.0,0.0,0.0,0.0,0.0,0.0,0.0,0.0,0.0,0.0,0.0,0.0,0.0,0.0,1.0,0.0,0.0,27.781100000000002,0.528071954825935,0.2314377384483898,0.0,0.0,0.0,0.0,0.0,0.0,0.0,0.0,0.0,0.0,0.0,0.0,0.0,0.0,0.0,,,,0.0,0.0,0.0,0.0,0.0,0.0
85aabe97be77ed6005b9d1d5463d30f98660c1f46bfbb7581f87fbd9b72484d1,60,current,Optimized Pattern Generator,dynamic_session,Dynamic Session Pattern Assignment,50,6,5,5,5.0,60,bayesian_windowed,A3) Bayesian Posterior + Hungarian + Lock,False,100,20,0.985,0.013178930553209393,0.005775920979194122,0.985,0.013178930553209393,0.005775920979194122,100.0,0.0,0.0,100.0,0.0,0.0,0.0,0.0,0.0,0.0,0.0,0.0,0.1308282990088576,0.02093292656264058,0.009174259565366768,410.81000000000006,11.417479673958832,5.00393109380804,1.7968832854494394,0.11231421118584707,0.04922387336596097,1.368213324295357,0.0939929904160108,0.041194244331822526,0.35707725116517397,0.01906275496682416,0.00835462072507115,0.0,0.0,0.0,0.07098468289041193,0.0014347123654458224,0.0006287904179500903,1.7962752583509427,0.11229995481202563,0.04921762523464941,1.368213324295357,0.0939929904160108,0.041194244331822526,0.07098468289041193,0.0014347123654458224,0.0006287904179500903,0.0,0.0,0.0,100.0,0.0,0.0,0.0,0.0,0.0,0.0,0.0,0.0,0.0,0.0,0.0,0.0,0.0,0.0,1.0,0.0,0.0,0.0,0.0,0.0,0.0,0.0,0.0,0.0,0.0,0.0,0.0,0.0,0.0,1.0,0.0,0.0,6.288,0.353040925016976,0.15472700740676343,0.0,0.0,0.0,0.0,0.0,0.0,0.0,0.0,0.0,0.0,0.0,0.0,0.0,0.0,0.0,,,,0.0,0.0,0.0,0.0,0.0,0.0
85aabe97be77ed6005b9d1d5463d30f98660c1f46bfbb7581f87fbd9b72484d1,60,current,Optimized Pattern Generator,dynamic_session,Dynamic Session Pattern Assignment,50,6,5,5,5.0,60,bayesian_windowed,A3) Bayesian Posterior + Hungarian + Lock,False,300,20,0.9688333333333332,0.007591546545162481,0.003327141969350049,0.9688333333333332,0.007591546545162481,0.003327141969350049,300.0,0.0,0.0,300.0,0.0,0.0,0.0,0.0,0.0,0.0,0.0,0.0,0.3142851043572831,0.018565755159680054,0.008136800955769765,411.2250000000001,6.636888538591264,2.908744650550343,14.151888389450324,0.3711177619850383,0.16264953051740205,11.226726391693955,0.299719600648121,0.13135790664270455,2.7328583814029117,0.07121817530198372,0.031212741516911512,0.0,0.0,0.0,0.19058655605476815,0.008377543143361378,0.0036716201667866878,14.150171329151636,0.37110410825118184,0.16264354650470028,11.226726391693955,0.299719600648121,0.13135790664270455,0.19058655605476815,0.008377543143361378,0.0036716201667866878,0.0,0.0,0.0,300.0,0.0,0.0,0.0,0.0,0.0,0.0,0.0,0.0,0.0,0.0,0.0,0.0,0.0,0.0,1.0,0.0,0.0,0.0,0.0,0.0,0.0,0.0,0.0,0.0,0.0,0.0,0.0,0.0,0.0,1.0,0.0,0.0,16.917333333333335,0.4553420409637202,0.19956244829524095,0.0,0.0,0.0,0.0,0.0,0.0,0.0,0.0,0.0,0.0,0.0,0.0,0.0,0.0,0.0,,,,0.0,0.0,0.0,0.0,0.0,0.0
85aabe97be77ed6005b9d1d5463d30f98660c1f46bfbb7581f87fbd9b72484d1,60,current,Optimized Pattern Generator,dynamic_session,Dynamic Session Pattern Assignment,50,6,5,5,5.0,60,bayesian_windowed,A3) Bayesian Posterior + Hungarian + Lock,False,500,20,0.9536999999999999,0.007547045430951254,0.003307638496125695,0.9536999999999999,0.007547045430951254,0.003307638496125695,500.0,0.0,0.0,500.0,0.0,0.0,0.0,0.0,0.0,0.0,0.0,0.0,0.4751329343122473,0.028036432636495266,0.012287508367472225,412.99500000000006,4.1149886487021226,1.8034732916470375,39.360985560550034,0.7612567130672256,0.3336354647142883,31.669783783274035,0.6229199574092186,0.27300670838442415,7.384485634461453,0.13796902811736028,0.060467592629359496,0.0,0.0,0.0,0.3031223447644152,0.008383431160863038,0.0036742007042344267,39.3573917624999,0.7612119889359998,0.3336158634995478,31.669783783274035,0.6229199574092186,0.27300670838442415,0.3031223447644152,0.008383431160863038,0.0036742007042344267,0.0,0.0,0.0,500.0,0.0,0.0,0.0,0.0,0.0,0.0,0.0,0.0,0.0,0.0,0.0,0.0,0.0,0.0,1.0,0.0,0.0,0.0,0.0,0.0,0.0,0.0,0.0,0.0,0.0,0.0,0.0,0.0,0.0,1.0,0.0,0.0,27.781100000000002,0.528071954825935,0.2314377384483898,0.0,0.0,0.0,0.0,0.0,0.0,0.0,0.0,0.0,0.0,0.0,0.0,0.0,0.0,0.0,,,,0.0,0.0,0.0,0.0,0.0,0.0
85aabe97be77ed6005b9d1d5463d30f98660c1f46bfbb7581f87fbd9b72484d1,60,current,Optimized Pattern Generator,dynamic_session,Dynamic Session Pattern Assignment,50,6,5,5,5.0,120,time_only_baseline,A0) Time Prior + Hungarian (Baseline),False,100,20,0.9250000000000002,0.028003759146153728,0.012273188578960915,0.9250000000000002,0.028003759146153728,0.012273188578960915,100.0,0.0,0.0,100.0,0.0,0.0,0.0,0.0,0.0,0.0,0.0,0.0,1.39495025519,0.11565123286397395,0.05068638759963867,412.0450000000001,8.501793928342414,3.726075474275848,1.4826407936998294,0.07251526862686533,0.03178121773104043,1.3988100535316335,0.07362417804556498,0.03226721871189646,0.002291599955788115,5.2328772289074296e-05,2.2934095635425568e-05,0.0,0.0,0.0,0.08092557151321671,0.00712021518429038,0.003120571892633898,1.4820272250006383,0.07251599725796133,0.03178153706769801,1.3988100535316335,0.07362417804556498,0.03226721871189646,0.08092557151321671,0.00712021518429038,0.003120571892633898,0.0,0.0,0.0,100.0,0.0,0.0,0.0,0.0,0.0,0.0,0.0,0.0,0.0,0.0,0.0,0.0,0.0,0.0,1.0,0.0,0.0,0.0,0.0,0.0,0.0,0.0,0.0,0.0,0.0,0.0,0.0,0.0,0.0,1.0,0.0,0.0,6.529999999999999,0.3600584747831356,0.15780258419603704,0.0,0.0,0.0,0.0,0.0,0.0,0.0,0.0,0.0,0.0,0.0,0.0,0.0,0.0,0.0,,,,0.0,0.0,0.0,0.0,0.0,0.0
85aabe97be77ed6005b9d1d5463d30f98660c1f46bfbb7581f87fbd9b72484d1,60,current,Optimized Pattern Generator,dynamic_session,Dynamic Session Pattern Assignment,50,6,5,5,5.0,120,time_only_baseline,A0) Time Prior + Hungarian (Baseline),False,300,20,0.8208333333333334,0.020257840876042627,0.008878390218136219,0.8208333333333334,0.020257840876042627,0.008878390218136219,300.0,0.0,0.0,300.0,0.0,0.0,0.0,0.0,0.0,0.0,0.0,0.0,1.1891502607283333,0.07369840991301606,0.03229975226223306,414.26000000000005,5.9019532895117734,2.586645076053857,11.799370633349463,0.39208274995624254,0.17183784161461335,11.60153966634898,0.39106194087274365,0.1713904523080738,0.00962645740582957,0.00014789205492486882,6.481655087625128e-05,0.0,0.0,0.0,0.18648361779560219,0.006902039204041098,0.003024952053346469,11.797649741550412,0.3920970147795423,0.17184409344907203,11.60153966634898,0.39106194087274365,0.1713904523080738,0.18648361779560219,0.006902039204041098,0.003024952053346469,0.0,0.0,0.0,300.0,0.0,0.0,0.0,0.0,0.0,0.0,0.0,0.0,0.0,0.0,0.0,0.0,0.0,0.0,1.0,0.0,0.0,0.0,0.0,0.0,0.0,0.0,0.0,0.0,0.0,0.0,0.0,0.0,0.0,1.0,0.0,0.0,17.594666666666665,0.5950216468616225,0.2607797346914266,0.0,0.0,0.0,0.0,0.0,0.0,0.0,0.0,0.0,0.0,0.0,0.0,0.0,0.0,0.0,,,,0.0,0.0,0.0,0.0,0.0,0.0
85aabe97be77ed6005b9d1d5463d30f98660c1f46bfbb7581f87fbd9b72484d1,60,current,Optimized Pattern Generator,dynamic_session,Dynamic Session Pattern Assignment,50,6,5,5,5.0,120,time_only_baseline,A0) Time Prior + Hungarian (Baseline),False,500,20,0.7393999999999998,0.018774002181067773,0.008228069236972982,0.7393999999999998,0.018774002181067773,0.008228069236972982,500.0,0.0,0.0,500.0,0.0,0.0,0.0,0.0,0.0,0.0,0.0,0.0,1.0320002709550002,0.05468074234466313,0.023964891960792326,411.41499999999996,5.101008672182806,2.235615620384072,32.79882043760008,1.0847176306343522,0.4753984622642202,32.46194219177996,1.0786199511081438,0.4727260363828006,0.02135065988477436,0.002320269934624537,0.0010169031347940136,0.0,0.0,0.0,0.3116796273832733,0.014580696356037166,0.006390271929430985,32.79497247904801,1.084353902774611,0.47523905150116064,32.46194219177996,1.0786199511081438,0.4727260363828006,0.3116796273832733,0.014580696356037166,0.006390271929430985,0.0,0.0,0.0,500.0,0.0,0.0,0.0,0.0,0.0,0.0,0.0,0.0,0.0,0.0,0.0,0.0,0.0,0.0,1.0,0.0,0.0,0.0,0.0,0.0,0.0,0.0,0.0,0.0,0.0,0.0,0.0,0.0,0.0,1.0,0.0,0.0,28.332100000000004,0.5424088475446699,0.23772115872261151,0.0,0.0,0.0,0.0,0.0,0.0,0.0,0.0,0.0,0.0,0.0,0.0,0.0,0.0,0.0,,,,0.0,0.0,0.0,0.0,0.0,0.0
85aabe97be77ed6005b9d1d5463d30f98660c1f46bfbb7581f87fbd9b72484d1,60,current,Optimized Pattern Generator,dynamic_session,Dynamic Session Pattern Assignment,50,6,5,5,5.0,120,single_only,A1) Refined Cost + Greedy 1:1,True,100,20,0.9624999999999998,0.01773340588298047,0.007772007801280046,0.9624999999999998,0.01773340588298047,0.007772007801280046,100.0,0.0,0.0,100.0,0.0,0.0,0.0,0.0,0.0,0.0,0.0,0.0,1.171770633073312,0.0968369346074653,0.04244065782893889,412.0450000000001,8.501793928342414,3.726075474275848,1.8746806708004442,0.09671879972836052,0.042388882935381254,1.405072845009272,0.07491137121721396,0.03283135599256466,0.3985471933556255,0.021927231848361303,0.009610033070381508,0.0,0.0,0.0,0.07043689698330127,0.001163088660435815,0.0005097460804843559,1.8740569353481988,0.09671238023253341,0.04238606946728731,1.405072845009272,0.07491137121721396,0.03283135599256466,0.07043689698330127,0.001163088660435815,0.0005097460804843559,0.0,0.0,0.0,100.0,0.0,0.0,0.0,0.0,0.0,0.0,0.0,0.0,0.0,0.0,0.0,0.0,0.0,0.0,1.0,0.0,0.0,0.0,0.0,0.0,0.0,0.0,0.0,0.0,0.0,0.0,0.0,0.0,0.0,1.0,0.0,0.0,6.529999999999999,0.3600584747831356,0.15780258419603704,0.0,0.0,0.0,0.0,0.0,0.0,0.0,0.0,0.0,0.0,0.0,0.0,0.0,0.0,0.0,,,,0.0,0.0,0.0,0.0,0.0,0.0
85aabe97be77ed6005b9d1d5463d30f98660c1f46bfbb7581f87fbd9b72484d1,60,current,Optimized Pattern Generator,dynamic_session,Dynamic Session Pattern Assignment,50,6,5,5,5.0,120,single_only,A1) Refined Cost + Greedy 1:1,True,300,20,0.9430000000000002,0.012791627378647025,0.005606177878854429,0.9430000000000002,0.012791627378647025,0.005606177878854429,300.0,0.0,0.0,300.0,0.0,0.0,0.0,0.0,0.0,0.0,0.0,0.0,1.1277210544861282,0.03990303295991542,0.01748827526452996,414.26000000000005,5.9019532895117734,2.586645076053857,15.067319716749626,0.5072327260869662,0.2223045437648255,11.696562016141979,0.40232765319081126,0.17632786842547235,3.1817489001557986,0.10562042569041842,0.046290192524623186,0.0,0.0,0.0,0.1872490315021423,0.006543259396378243,0.002867709869724334,15.06555994779992,0.5072393949680886,0.2223074665308441,11.696562016141979,0.40232765319081126,0.17632786842547235,0.1872490315021423,0.006543259396378243,0.002867709869724334,0.0,0.0,0.0,300.0,0.0,0.0,0.0,0.0,0.0,0.0,0.0,0.0,0.0,0.0,0.0,0.0,0.0,0.0,1.0,0.0,0.0,0.0,0.0,0.0,0.0,0.0,0.0,0.0,0.0,0.0,0.0,0.0,0.0,1.0,0.0,0.0,17.594666666666665,0.5950216468616225,0.2607797346914266,0.0,0.0,0.0,0.0,0.0,0.0,0.0,0.0,0.0,0.0,0.0,0.0,0.0,0.0,0.0,,,,0.0,0.0,0.0,0.0,0.0,0.0
85aabe97be77ed6005b9d1d5463d30f98660c1f46bfbb7581f87fbd9b72484d1,60,current,Optimized Pattern Generator,dynamic_session,Dynamic Session Pattern Assignment,50,6,5,5,5.0,120,single_only,A1) Refined Cost + Greedy 1:1,True,500,20,0.9253,0.012670313417799211,0.005553009691291639,0.9253,0.012670313417799211,0.005553009691291639,500.0,0.0,0.0,500.0,0.0,0.0,0.0,0.0,0.0,0.0,0.0,0.0,1.1325970888726404,0.05307895672321644,0.023262878459944764,411.41499999999996,5.101008672182806,2.235615620384072,41.6328473499525,1.6778292113305955,0.7353410735493341,32.74340804002422,1.382146083675578,0.605752229195006,8.576409240774229,0.28506980592159736,0.12493735101717929,0.0,0.0,0.0,0.3089590858529846,0.01582827649713012,0.0069370480339920595,41.62877636665144,1.676463968790379,0.7347427296246972,32.74340804002422,1.382146083675578,0.605752229195006,0.3089590858529846,0.01582827649713012,0.0069370480339920595,0.0,0.0,0.0,500.0,0.0,0.0,0.0,0.0,0.0,0.0,0.0,0.0,0.0,0.0,0.0,0.0,0.0,0.0,1.0,0.0,0.0,0.0,0.0,0.0,0.0,0.0,0.0,0.0,0.0,0.0,0.0,0.0,0.0,1.0,0.0,0.0,28.332100000000004,0.5424088475446699,0.23772115872261151,0.0,0.0,0.0,0.0,0.0,0.0,0.0,0.0,0.0,0.0,0.0,0.0,0.0,0.0,0.0,,,,0.0,0.0,0.0,0.0,0.0,0.0
85aabe97be77ed6005b9d1d5463d30f98660c1f46bfbb7581f87fbd9b72484d1,60,current,Optimized Pattern Generator,dynamic_session,Dynamic Session Pattern Assignment,50,6,5,5,5.0,120,nomura_original_interval_hungarian,A2) Corr+DTW + Hungarian,False,100,20,0.9135,0.034224491076912805,0.014999544554489154,0.9135,0.034224491076912805,0.014999544554489154,100.0,0.0,0.0,100.0,0.0,0.0,0.0,0.0,0.0,0.0,0.0,0.0,0.13661814671182873,0.00847809088480891,0.003715687157419396,412.0450000000001,8.501793928342414,3.726075474275848,2.4389509290485876,0.12642796831666053,0.05540950015699555,1.401964022948232,0.07472116242703795,0.032747993314753365,0.9659294871860766,0.05187208748051377,0.02273394469328394,0.0,0.0,0.0,0.0704419774650887,0.000865330025556747,0.00037924760498283725,2.4383354875993972,0.12642032871397324,0.05540615195349329,1.401964022948232,0.07472116242703795,0.032747993314753365,0.0704419774650887,0.000865330025556747,0.00037924760498283725,0.0,0.0,0.0,100.0,0.0,0.0,0.0,0.0,0.0,0.0,0.0,0.0,0.0,0.0,0.0,0.0,0.0,0.0,1.0,0.0,0.0,0.0,0.0,0.0,0.0,0.0,0.0,0.0,0.0,0.0,0.0,0.0,0.0,1.0,0.0,0.0,6.529999999999999,0.3600584747831356,0.15780258419603704,0.0,0.0,0.0,0.0,0.0,0.0,0.0,0.0,0.0,0.0,0.0,0.0,0.0,0.0,0.0,,,,0.0,0.0,0.0,0.0,0.0,0.0
85aabe97be77ed6005b9d1d5463d30f98660c1f46bfbb7581f87fbd9b72484d1,60,current,Optimized Pattern Generator,dynamic_session,Dynamic Session Pattern Assignment,50,6,5,5,5.0,120,nomura_original_interval_hungarian,A2) Corr+DTW + Hungarian,False,300,20,0.8598333333333332,0.016735821440797157,0.007334797142580499,0.8598333333333332,0.016735821440797157,0.007334797142580499,300.0,0.0,0.0,300.0,0.0,0.0,0.0,0.0,0.0,0.0,0.0,0.0,0.13049377898250167,0.004844996022145949,0.002123413129421946,414.26000000000005,5.9019532895117734,2.586645076053857,19.546002022798348,0.6580243619857612,0.28839189203321375,11.668438116354082,0.39914091748509295,0.1749312199232672,7.685141435435798,0.262194166059198,0.11491165980799802,0.0,0.0,0.0,0.19065526066187885,0.00940483217221025,0.0041218494345916686,19.54423481245176,0.6580068518975435,0.2883842178986945,11.668438116354082,0.39914091748509295,0.1749312199232672,0.19065526066187885,0.00940483217221025,0.0041218494345916686,0.0,0.0,0.0,300.0,0.0,0.0,0.0,0.0,0.0,0.0,0.0,0.0,0.0,0.0,0.0,0.0,0.0,0.0,1.0,0.0,0.0,0.0,0.0,0.0,0.0,0.0,0.0,0.0,0.0,0.0,0.0,0.0,0.0,1.0,0.0,0.0,17.594666666666665,0.5950216468616225,0.2607797346914266,0.0,0.0,0.0,0.0,0.0,0.0,0.0,0.0,0.0,0.0,0.0,0.0,0.0,0.0,0.0,,,,0.0,0.0,0.0,0.0,0.0,0.0
85aabe97be77ed6005b9d1d5463d30f98660c1f46bfbb7581f87fbd9b72484d1,60,current,Optimized Pattern Generator,dynamic_session,Dynamic Session Pattern Assignment,50,6,5,5,5.0,120,nomura_original_interval_hungarian,A2) Corr+DTW + Hungarian,False,500,20,0.8188999999999999,0.0163575187926724,0.007168998696874572,0.8188999999999999,0.0163575187926724,0.007168998696874572,500.0,0.0,0.0,500.0,0.0,0.0,0.0,0.0,0.0,0.0,0.0,0.0,0.12531439205518746,0.005994708022812097,0.002627296630277157,411.41499999999996,5.101008672182806,2.235615620384072,53.355136352149565,1.432083639205903,0.6276383278790176,32.48628276083546,0.9965595333439751,0.4367614725957889,20.558133657033615,0.4497445023196144,0.19710921881992002,0.0,0.0,0.0,0.3069586758814694,0.009424537368026264,0.004130485617433161,53.35137509375054,1.43187645639151,0.6275475260070942,32.48628276083546,0.9965595333439751,0.4367614725957889,0.3069586758814694,0.009424537368026264,0.004130485617433161,0.0,0.0,0.0,500.0,0.0,0.0,0.0,0.0,0.0,0.0,0.0,0.0,0.0,0.0,0.0,0.0,0.0,0.0,1.0,0.0,0.0,0.0,0.0,0.0,0.0,0.0,0.0,0.0,0.0,0.0,0.0,0.0,0.0,1.0,0.0,0.0,28.332100000000004,0.5424088475446699,0.23772115872261151,0.0,0.0,0.0,0.0,0.0,0.0,0.0,0.0,0.0,0.0,0.0,0.0,0.0,0.0,0.0,,,,0.0,0.0,0.0,0.0,0.0,0.0
85aabe97be77ed6005b9d1d5463d30f98660c1f46bfbb7581f87fbd9b72484d1,60,current,Optimized Pattern Generator,dynamic_session,Dynamic Session Pattern Assignment,50,6,5,5,5.0,120,bayesian_windowed,A3) Bayesian Posterior + Hungarian + Lock,False,100,20,0.9814999999999998,0.013484884325167873,0.005910011131880161,0.9814999999999998,0.013484884325167873,0.005910011131880161,100.0,0.0,0.0,100.0,0.0,0.0,0.0,0.0,0.0,0.0,0.0,0.0,0.13438379733870826,0.020040419899241328,0.008783101273699245,412.0450000000001,8.501793928342414,3.726075474275848,1.8448669813005836,0.0954892659610364,0.04185001600284509,1.4082685305649647,0.07676867033509907,0.0336453532206644,0.36546749959306907,0.01886149649518072,0.008266415310837232,0.0,0.0,0.0,0.07051918024299084,0.0009605751453914906,0.00042099061922805484,1.8442552104010246,0.095490562270331,0.0418505841354428,1.4082685305649647,0.07676867033509907,0.0336453532206644,0.07051918024299084,0.0009605751453914906,0.00042099061922805484,0.0,0.0,0.0,100.0,0.0,0.0,0.0,0.0,0.0,0.0,0.0,0.0,0.0,0.0,0.0,0.0,0.0,0.0,1.0,0.0,0.0,0.0,0.0,0.0,0.0,0.0,0.0,0.0,0.0,0.0,0.0,0.0,0.0,1.0,0.0,0.0,6.529999999999999,0.3600584747831356,0.15780258419603704,0.0,0.0,0.0,0.0,0.0,0.0,0.0,0.0,0.0,0.0,0.0,0.0,0.0,0.0,0.0,,,,0.0,0.0,0.0,0.0,0.0,0.0
85aabe97be77ed6005b9d1d5463d30f98660c1f46bfbb7581f87fbd9b72484d1,60,current,Optimized Pattern Generator,dynamic_session,Dynamic Session Pattern Assignment,50,6,5,5,5.0,120,bayesian_windowed,A3) Bayesian Posterior + Hungarian + Lock,False,300,20,0.9674999999999999,0.009168660070336341,0.004018342447252572,0.9674999999999999,0.009168660070336341,0.004018342447252572,300.0,0.0,0.0,300.0,0.0,0.0,0.0,0.0,0.0,0.0,0.0,0.0,0.326398775981493,0.023371427747429407,0.01024297983019748,414.26000000000005,5.9019532895117734,2.586645076053857,14.767085614498502,0.49492839767520663,0.21691193407457493,11.731817286121077,0.39717302073701405,0.1740687511465918,2.8436192737302917,0.09368333206717536,0.04105853057673444,0.0,0.0,0.0,0.1898899192470708,0.009769479326457569,0.004281663096232644,14.765326479098439,0.49492532994384963,0.21691058958202813,11.731817286121077,0.39717302073701405,0.1740687511465918,0.1898899192470708,0.009769479326457569,0.004281663096232644,0.0,0.0,0.0,300.0,0.0,0.0,0.0,0.0,0.0,0.0,0.0,0.0,0.0,0.0,0.0,0.0,0.0,0.0,1.0,0.0,0.0,0.0,0.0,0.0,0.0,0.0,0.0,0.0,0.0,0.0,0.0,0.0,0.0,1.0,0.0,0.0,17.594666666666665,0.5950216468616225,0.2607797346914266,0.0,0.0,0.0,0.0,0.0,0.0,0.0,0.0,0.0,0.0,0.0,0.0,0.0,0.0,0.0,,,,0.0,0.0,0.0,0.0,0.0,0.0
85aabe97be77ed6005b9d1d5463d30f98660c1f46bfbb7581f87fbd9b72484d1,60,current,Optimized Pattern Generator,dynamic_session,Dynamic Session Pattern Assignment,50,6,5,5,5.0,120,bayesian_windowed,A3) Bayesian Posterior + Hungarian + Lock,False,500,20,0.9503999999999998,0.008671793355471514,0.003800581008214399,0.9503999999999998,0.008671793355471514,0.003800581008214399,500.0,0.0,0.0,500.0,0.0,0.0,0.0,0.0,0.0,0.0,0.0,0.0,0.4957720961344177,0.03017144196676269,0.01322321746250678,411.41499999999996,5.101008672182806,2.235615620384072,40.892581177149985,2.0360888847379277,0.8923552982831251,32.95515897775986,1.7123410416569245,0.7504665500823057,7.626596022908052,0.32195697483824254,0.14110386558742594,0.0,0.0,0.0,0.3070579742336122,0.011754287780822667,0.005151543754982868,40.88881297490152,2.0359458645075366,0.8922926169034918,32.95515897775986,1.7123410416569245,0.7504665500823057,0.3070579742336122,0.011754287780822667,0.005151543754982868,0.0,0.0,0.0,500.0,0.0,0.0,0.0,0.0,0.0,0.0,0.0,0.0,0.0,0.0,0.0,0.0,0.0,0.0,1.0,0.0,0.0,0.0,0.0,0.0,0.0,0.0,0.0,0.0,0.0,0.0,0.0,0.0,0.0,1.0,0.0,0.0,28.332100000000004,0.5424088475446699,0.23772115872261151,0.0,0.0,0.0,0.0,0.0,0.0,0.0,0.0,0.0,0.0,0.0,0.0,0.0,0.0,0.0,,,,0.0,0.0,0.0,0.0,0.0,0.0
85aabe97be77ed6005b9d1d5463d30f98660c1f46bfbb7581f87fbd9b72484d1,60,current,Optimized Pattern Generator,dynamic_session,Dynamic Session Pattern Assignment,50,6,5,5,5.0,180,time_only_baseline,A0) Time Prior + Hungarian (Baseline),False,100,20,0.9369999999999999,0.023192557789991686,0.010164586614940685,0.9369999999999999,0.023192557789991686,0.010164586614940685,100.0,0.0,0.0,100.0,0.0,0.0,0.0,0.0,0.0,0.0,0.0,0.0,1.402400249565,0.20064196935444406,0.08793522019272944,408.565,12.182224971784004,5.33909549820448,1.5182633749514935,0.10098123439893346,0.04425697729529964,1.44277226015256,0.09927135168892295,0.04350758815656517,0.0024345481157070025,0.0002857489404980579,0.00012523499486863122,0.0,0.0,0.0,0.07222275023304973,0.004982275667760442,0.002183578586848079,1.5174295585013169,0.10100140751809632,0.04426581855458985,1.44277226015256,0.09927135168892295,0.04350758815656517,0.07222275023304973,0.004982275667760442,0.002183578586848079,0.0,0.0,0.0,100.0,0.0,0.0,0.0,0.0,0.0,0.0,0.0,0.0,0.0,0.0,0.0,0.0,0.0,0.0,1.0,0.0,0.0,0.0,0.0,0.0,0.0,0.0,0.0,0.0,0.0,0.0,0.0,0.0,0.0,1.0,0.0,0.0,6.6754999999999995,0.43033004469641795,0.1886004576095358,0.0,0.0,0.0,0.0,0.0,0.0,0.0,0.0,0.0,0.0,0.0,0.0,0.0,0.0,0.0,,,,0.0,0.0,0.0,0.0,0.0,0.0
85aabe97be77ed6005b9d1d5463d30f98660c1f46bfbb7581f87fbd9b72484d1,60,current,Optimized Pattern Generator,dynamic_session,Dynamic Session Pattern Assignment,50,6,5,5,5.0,180,time_only_baseline,A0) Time Prior + Hungarian (Baseline),False,300,20,0.8308333333333333,0.023191927411839314,0.010164310339534239,0.8308333333333333,0.023191927411839314,0.010164310339534239,300.0,0.0,0.0,300.0,0.0,0.0,0.0,0.0,0.0,0.0,0.0,0.0,1.1795835942066668,0.064941351756014,0.028461802307125833,409.5750000000001,6.481461417401401,2.8406257112789275,12.541676937400917,1.1785034462732307,0.5165019082466041,12.335432763530116,1.172651909878865,0.5139373593490835,0.010973646850470687,0.0018900745529909124,0.0008283616958739209,0.0,0.0,0.0,0.19332567491874214,0.012855141832861747,0.005634014315741301,12.53973208529933,1.1782994904936828,0.5164125206850594,12.335432763530116,1.172651909878865,0.5139373593490835,0.19332567491874214,0.012855141832861747,0.005634014315741301,0.0,0.0,0.0,300.0,0.0,0.0,0.0,0.0,0.0,0.0,0.0,0.0,0.0,0.0,0.0,0.0,0.0,0.0,1.0,0.0,0.0,0.0,0.0,0.0,0.0,0.0,0.0,0.0,0.0,0.0,0.0,0.0,0.0,1.0,0.0,0.0,17.763166666666663,0.4901252674345385,0.21480686943288282,0.0,0.0,0.0,0.0,0.0,0.0,0.0,0.0,0.0,0.0,0.0,0.0,0.0,0.0,0.0,,,,0.0,0.0,0.0,0.0,0.0,0.0
85aabe97be77ed6005b9d1d5463d30f98660c1f46bfbb7581f87fbd9b72484d1,60,current,Optimized Pattern Generator,dynamic_session,Dynamic Session Pattern Assignment,50,6,5,5,5.0,180,time_only_baseline,A0) Time Prior + Hungarian (Baseline),False,500,20,0.7423,0.018298978976405977,0.008019881138376324,0.7423,0.018298978976405977,0.008019881138376324,500.0,0.0,0.0,500.0,0.0,0.0,0.0,0.0,0.0,0.0,0.0,0.0,1.035710271239,0.049260362437360546,0.02158930572521822,411.03000000000003,4.980393136035906,2.18275353094253,34.55830071040109,2.608014360015149,1.1430126894767387,34.211187107132716,2.575469638203646,1.1287493362619876,0.02306029575993307,0.0029320817798706047,0.0012850414983743323,0.0,0.0,0.0,0.32000031360730646,0.03149430282574466,0.01380298679637644,34.55424771649996,2.607465578143284,1.1427721752169577,34.211187107132716,2.575469638203646,1.1287493362619876,0.32000031360730646,0.03149430282574466,0.01380298679637644,0.0,0.0,0.0,500.0,0.0,0.0,0.0,0.0,0.0,0.0,0.0,0.0,0.0,0.0,0.0,0.0,0.0,0.0,1.0,0.0,0.0,0.0,0.0,0.0,0.0,0.0,0.0,0.0,0.0,0.0,0.0,0.0,0.0,1.0,0.0,0.0,28.978199999999998,0.6264361688825212,0.27454775600842773,0.0,0.0,0.0,0.0,0.0,0.0,0.0,0.0,0.0,0.0,0.0,0.0,0.0,0.0,0.0,,,,0.0,0.0,0.0,0.0,0.0,0.0
85aabe97be77ed6005b9d1d5463d30f98660c1f46bfbb7581f87fbd9b72484d1,60,current,Optimized Pattern Generator,dynamic_session,Dynamic Session Pattern Assignment,50,6,5,5,5.0,180,single_only,A1) Refined Cost + Greedy 1:1,True,100,20,0.969,0.022454632624823525,0.009841176651942425,0.969,0.022454632624823525,0.009841176651942425,100.0,0.0,0.0,100.0,0.0,0.0,0.0,0.0,0.0,0.0,0.0,0.0,1.1534385498882003,0.10007979703523623,0.04386190495165334,408.565,12.182224971784004,5.33909549820448,1.929929175000143,0.12081279444483406,0.05294854170235015,1.4483479565446031,0.0951318473514109,0.041693370390566066,0.40968852269943457,0.0252269506330718,0.011056198590193661,0.0,0.0,0.0,0.07123119380848948,0.0024518076885281506,0.0010745520972238927,1.9292676730525273,0.12080224684757562,0.052943919014034196,1.4483479565446031,0.0951318473514109,0.041693370390566066,0.07123119380848948,0.0024518076885281506,0.0010745520972238927,0.0,0.0,0.0,100.0,0.0,0.0,0.0,0.0,0.0,0.0,0.0,0.0,0.0,0.0,0.0,0.0,0.0,0.0,1.0,0.0,0.0,0.0,0.0,0.0,0.0,0.0,0.0,0.0,0.0,0.0,0.0,0.0,0.0,1.0,0.0,0.0,6.6754999999999995,0.43033004469641795,0.1886004576095358,0.0,0.0,0.0,0.0,0.0,0.0,0.0,0.0,0.0,0.0,0.0,0.0,0.0,0.0,0.0,,,,0.0,0.0,0.0,0.0,0.0,0.0
85aabe97be77ed6005b9d1d5463d30f98660c1f46bfbb7581f87fbd9b72484d1,60,current,Optimized Pattern Generator,dynamic_session,Dynamic Session Pattern Assignment,50,6,5,5,5.0,180,single_only,A1) Refined Cost + Greedy 1:1,True,300,20,0.9431666666666667,0.01110687053581769,0.004867800636934062,0.9431666666666667,0.01110687053581769,0.004867800636934062,300.0,0.0,0.0,300.0,0.0,0.0,0.0,0.0,0.0,0.0,0.0,0.0,1.147550131743235,0.052200301919394586,0.022877791013404692,409.5750000000001,6.481461417401401,2.8406257112789275,15.942119123000158,1.139637260665026,0.49946805136957445,12.415045788314455,0.9499576728390369,0.41633730671425606,3.3249937842607324,0.17905282287401966,0.0784733595678693,0.0,0.0,0.0,0.20026834412346944,0.023936040750292768,0.0104904323890525,15.940307916698657,1.1395617825285047,0.4994349716177354,12.415045788314455,0.9499576728390369,0.41633730671425606,0.20026834412346944,0.023936040750292768,0.0104904323890525,0.0,0.0,0.0,300.0,0.0,0.0,0.0,0.0,0.0,0.0,0.0,0.0,0.0,0.0,0.0,0.0,0.0,0.0,1.0,0.0,0.0,0.0,0.0,0.0,0.0,0.0,0.0,0.0,0.0,0.0,0.0,0.0,0.0,1.0,0.0,0.0,17.763166666666663,0.4901252674345385,0.21480686943288282,0.0,0.0,0.0,0.0,0.0,0.0,0.0,0.0,0.0,0.0,0.0,0.0,0.0,0.0,0.0,,,,0.0,0.0,0.0,0.0,0.0,0.0
85aabe97be77ed6005b9d1d5463d30f98660c1f46bfbb7581f87fbd9b72484d1,60,current,Optimized Pattern Generator,dynamic_session,Dynamic Session Pattern Assignment,50,6,5,5,5.0,180,single_only,A1) Refined Cost + Greedy 1:1,True,500,20,0.9340999999999999,0.010062436662108574,0.0044100573095691275,0.9340999999999999,0.010062436662108574,0.0044100573095691275,500.0,0.0,0.0,500.0,0.0,0.0,0.0,0.0,0.0,0.0,0.0,0.0,1.1188479639823934,0.0410368888838935,0.017985209533380304,411.03000000000003,4.980393136035906,2.18275353094253,44.02721943129946,3.375069474700442,1.47918941574608,34.676451580039426,2.7501399661031622,1.205301982721745,9.024824929590249,0.6113583227879409,0.2679395985993625,0.0,0.0,0.0,0.3219563132697658,0.030311037786685674,0.01328439802808041,44.023232822899445,3.374549550066252,1.4789615487283359,34.676451580039426,2.7501399661031622,1.205301982721745,0.3219563132697658,0.030311037786685674,0.01328439802808041,0.0,0.0,0.0,500.0,0.0,0.0,0.0,0.0,0.0,0.0,0.0,0.0,0.0,0.0,0.0,0.0,0.0,0.0,1.0,0.0,0.0,0.0,0.0,0.0,0.0,0.0,0.0,0.0,0.0,0.0,0.0,0.0,0.0,1.0,0.0,0.0,28.978199999999998,0.6264361688825212,0.27454775600842773,0.0,0.0,0.0,0.0,0.0,0.0,0.0,0.0,0.0,0.0,0.0,0.0,0.0,0.0,0.0,,,,0.0,0.0,0.0,0.0,0.0,0.0
85aabe97be77ed6005b9d1d5463d30f98660c1f46bfbb7581f87fbd9b72484d1,60,current,Optimized Pattern Generator,dynamic_session,Dynamic Session Pattern Assignment,50,6,5,5,5.0,180,nomura_original_interval_hungarian,A2) Corr+DTW + Hungarian,False,100,20,0.9110000000000001,0.025935141776118522,0.011366577043429147,0.9110000000000001,0.025935141776118522,0.011366577043429147,100.0,0.0,0.0,100.0,0.0,0.0,0.0,0.0,0.0,0.0,0.0,0.0,0.13640890116847623,0.012317165858811834,0.005398235949486796,408.565,12.182224971784004,5.33909549820448,2.5581689834507415,0.17732880590288216,0.07771777581607126,1.4791652989508293,0.11877214484282109,0.052054187581591804,1.0001595281086337,0.06252302359003822,0.027401923257605085,0.0,0.0,0.0,0.07818127279097098,0.007794989588138785,0.003416304814184356,2.557506099850434,0.1773320230454106,0.07771918579095108,1.4791652989508293,0.11877214484282109,0.052054187581591804,0.07818127279097098,0.007794989588138785,0.003416304814184356,0.0,0.0,0.0,100.0,0.0,0.0,0.0,0.0,0.0,0.0,0.0,0.0,0.0,0.0,0.0,0.0,0.0,0.0,1.0,0.0,0.0,0.0,0.0,0.0,0.0,0.0,0.0,0.0,0.0,0.0,0.0,0.0,0.0,1.0,0.0,0.0,6.6754999999999995,0.43033004469641795,0.1886004576095358,0.0,0.0,0.0,0.0,0.0,0.0,0.0,0.0,0.0,0.0,0.0,0.0,0.0,0.0,0.0,,,,0.0,0.0,0.0,0.0,0.0,0.0
85aabe97be77ed6005b9d1d5463d30f98660c1f46bfbb7581f87fbd9b72484d1,60,current,Optimized Pattern Generator,dynamic_session,Dynamic Session Pattern Assignment,50,6,5,5,5.0,180,nomura_original_interval_hungarian,A2) Corr+DTW + Hungarian,False,300,20,0.8583333333333332,0.021288879121950165,0.009330262652765495,0.8583333333333332,0.021288879121950165,0.009330262652765495,300.0,0.0,0.0,300.0,0.0,0.0,0.0,0.0,0.0,0.0,0.0,0.0,0.13160802153052548,0.0049538492255215925,0.0021711201492359894,409.5750000000001,6.481461417401401,2.8406257112789275,20.449997004099714,1.9260697593944145,0.8441372906368647,12.321942827325984,1.3238331883779506,0.5801954760163428,7.931155524789938,0.6010006191553652,0.2634001348343683,0.0,0.0,0.0,0.19473152498467244,0.015559566368878305,0.006819280627841365,20.447829877100595,1.9244279959748314,0.8434177560934693,12.321942827325984,1.3238331883779506,0.5801954760163428,0.19473152498467244,0.015559566368878305,0.006819280627841365,0.0,0.0,0.0,300.0,0.0,0.0,0.0,0.0,0.0,0.0,0.0,0.0,0.0,0.0,0.0,0.0,0.0,0.0,1.0,0.0,0.0,0.0,0.0,0.0,0.0,0.0,0.0,0.0,0.0,0.0,0.0,0.0,0.0,1.0,0.0,0.0,17.763166666666663,0.4901252674345385,0.21480686943288282,0.0,0.0,0.0,0.0,0.0,0.0,0.0,0.0,0.0,0.0,0.0,0.0,0.0,0.0,0.0,,,,0.0,0.0,0.0,0.0,0.0,0.0
85aabe97be77ed6005b9d1d5463d30f98660c1f46bfbb7581f87fbd9b72484d1,60,current,Optimized Pattern Generator,dynamic_session,Dynamic Session Pattern Assignment,50,6,5,5,5.0,180,nomura_original_interval_hungarian,A2) Corr+DTW + Hungarian,False,500,20,0.8248000000000001,0.014148088954082505,0.0062006733759963064,0.8248000000000001,0.014148088954082505,0.0062006733759963064,500.0,0.0,0.0,500.0,0.0,0.0,0.0,0.0,0.0,0.0,0.0,0.0,0.12610873542807144,0.003062896144041108,0.0013423734212751892,411.03000000000003,4.980393136035906,2.18275353094253,56.48524417910012,4.046621420228037,1.77351003266798,34.552985295771215,2.6963444087643387,1.181725040194714,21.60668254467455,1.3383801710709402,0.5865709722814743,0.0,0.0,0.0,0.32154772620342553,0.02436083401912694,0.01067660624765002,56.48121556664919,4.046510245492741,1.7734613081919417,34.552985295771215,2.6963444087643387,1.181725040194714,0.32154772620342553,0.02436083401912694,0.01067660624765002,0.0,0.0,0.0,500.0,0.0,0.0,0.0,0.0,0.0,0.0,0.0,0.0,0.0,0.0,0.0,0.0,0.0,0.0,1.0,0.0,0.0,0.0,0.0,0.0,0.0,0.0,0.0,0.0,0.0,0.0,0.0,0.0,0.0,1.0,0.0,0.0,28.978199999999998,0.6264361688825212,0.27454775600842773,0.0,0.0,0.0,0.0,0.0,0.0,0.0,0.0,0.0,0.0,0.0,0.0,0.0,0.0,0.0,,,,0.0,0.0,0.0,0.0,0.0,0.0
85aabe97be77ed6005b9d1d5463d30f98660c1f46bfbb7581f87fbd9b72484d1,60,current,Optimized Pattern Generator,dynamic_session,Dynamic Session Pattern Assignment,50,6,5,5,5.0,180,bayesian_windowed,A3) Bayesian Posterior + Hungarian + Lock,False,100,20,0.9810000000000001,0.017740824166460337,0.007775259007362966,0.9810000000000001,0.017740824166460337,0.007775259007362966,100.0,0.0,0.0,100.0,0.0,0.0,0.0,0.0,0.0,0.0,0.0,0.0,0.13503071885249432,0.022419811026235217,0.009825915413482806,408.565,12.182224971784004,5.33909549820448,1.9418730854493333,0.14449314245724684,0.06332691180812512,1.4785955259627372,0.11629265122877398,0.050967501592517755,0.38122321015544003,0.025075098910698593,0.010989646638543184,0.0,0.0,0.0,0.08139131813004497,0.010171432316847338,0.004457826761445729,1.9412100542482222,0.14442623579946817,0.06329758867247681,1.4785955259627372,0.11629265122877398,0.050967501592517755,0.08139131813004497,0.010171432316847338,0.004457826761445729,0.0,0.0,0.0,100.0,0.0,0.0,0.0,0.0,0.0,0.0,0.0,0.0,0.0,0.0,0.0,0.0,0.0,0.0,1.0,0.0,0.0,0.0,0.0,0.0,0.0,0.0,0.0,0.0,0.0,0.0,0.0,0.0,0.0,1.0,0.0,0.0,6.6754999999999995,0.43033004469641795,0.1886004576095358,0.0,0.0,0.0,0.0,0.0,0.0,0.0,0.0,0.0,0.0,0.0,0.0,0.0,0.0,0.0,,,,0.0,0.0,0.0,0.0,0.0,0.0
85aabe97be77ed6005b9d1d5463d30f98660c1f46bfbb7581f87fbd9b72484d1,60,current,Optimized Pattern Generator,dynamic_session,Dynamic Session Pattern Assignment,50,6,5,5,5.0,180,bayesian_windowed,A3) Bayesian Posterior + Hungarian + Lock,False,300,20,0.9629999999999999,0.007246697170645473,0.0031760050672400594,0.9629999999999999,0.007246697170645473,0.0031760050672400594,300.0,0.0,0.0,300.0,0.0,0.0,0.0,0.0,0.0,0.0,0.0,0.0,0.3270670886137578,0.023113776064970847,0.010130059001604552,409.5750000000001,6.481461417401401,2.8406257112789275,15.911806925150449,2.4724424115662047,1.083595663332247,12.671755341929384,1.9663092127665862,0.861773008647916,3.015748850664386,0.3805215776290563,0.1667709344388705,0.0,0.0,0.0,0.2224224594559928,0.14061948810877228,0.061629207936997873,15.909926652049762,2.472310550530299,1.0835378726852327,12.671755341929384,1.9663092127665862,0.861773008647916,0.2224224594559928,0.14061948810877228,0.061629207936997873,0.0,0.0,0.0,300.0,0.0,0.0,0.0,0.0,0.0,0.0,0.0,0.0,0.0,0.0,0.0,0.0,0.0,0.0,1.0,0.0,0.0,0.0,0.0,0.0,0.0,0.0,0.0,0.0,0.0,0.0,0.0,0.0,0.0,1.0,0.0,0.0,17.763166666666663,0.4901252674345385,0.21480686943288282,0.0,0.0,0.0,0.0,0.0,0.0,0.0,0.0,0.0,0.0,0.0,0.0,0.0,0.0,0.0,,,,0.0,0.0,0.0,0.0,0.0,0.0
85aabe97be77ed6005b9d1d5463d30f98660c1f46bfbb7581f87fbd9b72484d1,60,current,Optimized Pattern Generator,dynamic_session,Dynamic Session Pattern Assignment,50,6,5,5,5.0,180,bayesian_windowed,A3) Bayesian Posterior + Hungarian + Lock,False,500,20,0.9573,0.010285912696499028,0.004507999999999998,0.9573,0.010285912696499028,0.004507999999999998,500.0,0.0,0.0,500.0,0.0,0.0,0.0,0.0,0.0,0.0,0.0,0.0,0.5032098420392905,0.037100446939844656,0.016259987785210872,411.03000000000003,4.980393136035906,2.18275353094253,42.38269177299808,2.3294670236964703,1.0209339368005665,34.18143343098709,1.9323711366499257,0.8468989909843228,7.88303744162622,0.38584575375298596,0.16910435750737896,0.0,0.0,0.0,0.31416331698783323,0.0170781257872009,0.007484818636940772,42.378634189601144,2.3290561129471343,1.020753847224399,34.18143343098709,1.9323711366499257,0.8468989909843228,0.31416331698783323,0.0170781257872009,0.007484818636940772,0.0,0.0,0.0,500.0,0.0,0.0,0.0,0.0,0.0,0.0,0.0,0.0,0.0,0.0,0.0,0.0,0.0,0.0,1.0,0.0,0.0,0.0,0.0,0.0,0.0,0.0,0.0,0.0,0.0,0.0,0.0,0.0,0.0,1.0,0.0,0.0,28.978199999999998,0.6264361688825212,0.27454775600842773,0.0,0.0,0.0,0.0,0.0,0.0,0.0,0.0,0.0,0.0,0.0,0.0,0.0,0.0,0.0,,,,0.0,0.0,0.0,0.0,0.0,0.0
85aabe97be77ed6005b9d1d5463d30f98660c1f46bfbb7581f87fbd9b72484d1,60,current,Optimized Pattern Generator,dynamic_session,Dynamic Session Pattern Assignment,50,6,5,5,10.0,60,time_only_baseline,A0) Time Prior + Hungarian (Baseline),False,100,20,0.9225,0.03209771265829913,0.014067442815537618,0.9225,0.03209771265829913,0.014067442815537618,100.0,0.0,0.0,100.0,0.0,0.0,0.0,0.0,0.0,0.0,0.0,0.0,1.413700252985,0.20456503591047484,0.08965457991863943,416.88500000000005,12.06147739052331,5.286175537440232,1.4816703977980068,0.12229065278563422,0.05359624167773441,1.403630787216389,0.1173362108233297,0.05142486175014951,0.0025908500007062684,0.0003783825433621701,0.00016583346133758654,0.0,0.0,0.0,0.07465302943310234,0.006959889250056134,0.003050305953883127,1.4808746666501975,0.1222693399802006,0.05358690092891322,1.403630787216389,0.1173362108233297,0.05142486175014951,0.07465302943310234,0.006959889250056134,0.003050305953883127,0.0,0.0,0.0,100.0,0.0,0.0,0.0,0.0,0.0,0.0,0.0,0.0,0.0,0.0,0.0,0.0,0.0,0.0,1.0,0.0,0.0,0.0,0.0,0.0,0.0,0.0,0.0,0.0,0.0,0.0,0.0,0.0,0.0,1.0,0.0,0.0,6.2700000000000005,0.33053385844561733,0.1448628505645399,0.0,0.0,0.0,0.0,0.0,0.0,0.0,0.0,0.0,0.0,0.0,0.0,0.0,0.0,0.0,,,,0.0,0.0,0.0,0.0,0.0,0.0
85aabe97be77ed6005b9d1d5463d30f98660c1f46bfbb7581f87fbd9b72484d1,60,current,Optimized Pattern Generator,dynamic_session,Dynamic Session Pattern Assignment,50,6,5,5,10.0,60,time_only_baseline,A0) Time Prior + Hungarian (Baseline),False,300,20,0.8258333333333333,0.0241553209906998,0.010586536191692334,0.8258333333333333,0.0241553209906998,0.010586536191692334,300.0,0.0,0.0,300.0,0.0,0.0,0.0,0.0,0.0,0.0,0.0,0.0,1.1908169241233333,0.08593547900326931,0.03766288425514194,417.3300000000001,6.386012675741947,2.7987934558343253,11.310028360199794,0.30833001968572193,0.13513158917014004,11.10802459254628,0.3079268996943668,0.13495491404420323,0.009919425901171054,0.00015367124815720981,6.734939398508503e-05,0.0,0.0,0.0,0.19023260855319676,0.008954115193424565,0.003924314009168757,11.308176627000648,0.30827453133453653,0.13510727032799885,11.10802459254628,0.3079268996943668,0.13495491404420323,0.19023260855319676,0.008954115193424565,0.003924314009168757,0.0,0.0,0.0,300.0,0.0,0.0,0.0,0.0,0.0,0.0,0.0,0.0,0.0,0.0,0.0,0.0,0.0,0.0,1.0,0.0,0.0,0.0,0.0,0.0,0.0,0.0,0.0,0.0,0.0,0.0,0.0,0.0,0.0,1.0,0.0,0.0,16.856333333333332,0.4464871333352375,0.19568161391845426,0.0,0.0,0.0,0.0,0.0,0.0,0.0,0.0,0.0,0.0,0.0,0.0,0.0,0.0,0.0,,,,0.0,0.0,0.0,0.0,0.0,0.0
85aabe97be77ed6005b9d1d5463d30f98660c1f46bfbb7581f87fbd9b72484d1,60,current,Optimized Pattern Generator,dynamic_session,Dynamic Session Pattern Assignment,50,6,5,5,10.0,60,time_only_baseline,A0) Time Prior + Hungarian (Baseline),False,500,20,0.7334999999999999,0.011713689696922559,0.0051337508602129186,0.7334999999999999,0.011713689696922559,0.0051337508602129186,500.0,0.0,0.0,500.0,0.0,0.0,0.0,0.0,0.0,0.0,0.0,0.0,1.0480702755140001,0.05374008751361945,0.023552631804259185,416.4750000000001,5.452558549602391,2.389689147368886,31.50169509789921,0.5522016194116279,0.242013030224814,31.168711361676834,0.5488006528593616,0.2405224909144002,0.021141583536518738,0.00021533008406340474,9.437257029103735e-05,0.0,0.0,0.0,0.3081596673393506,0.011619808423231182,0.0050926055778944355,31.498012612552703,0.5523011873852713,0.24205666781327392,31.168711361676834,0.5488006528593616,0.2405224909144002,0.3081596673393506,0.011619808423231182,0.0050926055778944355,0.0,0.0,0.0,500.0,0.0,0.0,0.0,0.0,0.0,0.0,0.0,0.0,0.0,0.0,0.0,0.0,0.0,0.0,1.0,0.0,0.0,0.0,0.0,0.0,0.0,0.0,0.0,0.0,0.0,0.0,0.0,0.0,0.0,1.0,0.0,0.0,27.4945,0.47990607633709226,0.21032811146296854,0.0,0.0,0.0,0.0,0.0,0.0,0.0,0.0,0.0,0.0,0.0,0.0,0.0,0.0,0.0,,,,0.0,0.0,0.0,0.0,0.0,0.0
85aabe97be77ed6005b9d1d5463d30f98660c1f46bfbb7581f87fbd9b72484d1,60,current,Optimized Pattern Generator,dynamic_session,Dynamic Session Pattern Assignment,50,6,5,5,10.0,60,single_only,A1) Refined Cost + Greedy 1:1,True,100,20,0.9664999999999999,0.014964871146156022,0.006558643954836691,0.9664999999999999,0.014964871146156022,0.006558643954836691,100.0,0.0,0.0,100.0,0.0,0.0,0.0,0.0,0.0,0.0,0.0,0.0,1.2060731863680794,0.09897215492000523,0.043376459391031304,416.88500000000005,12.06147739052331,5.286175537440232,1.9045299854995392,0.20605551401619765,0.0903078107498602,1.4255345643257897,0.16005550524640408,0.07014741802119061,0.40451644542699794,0.04265864698596869,0.01869597635980333,0.0,0.0,0.0,0.07379734449641547,0.004832536630776164,0.002117952560393968,1.903848354249203,0.2060258976430663,0.09029483080204075,1.4255345643257897,0.16005550524640408,0.07014741802119061,0.07379734449641547,0.004832536630776164,0.002117952560393968,0.0,0.0,0.0,100.0,0.0,0.0,0.0,0.0,0.0,0.0,0.0,0.0,0.0,0.0,0.0,0.0,0.0,0.0,1.0,0.0,0.0,0.0,0.0,0.0,0.0,0.0,0.0,0.0,0.0,0.0,0.0,0.0,0.0,1.0,0.0,0.0,6.2700000000000005,0.33053385844561733,0.1448628505645399,0.0,0.0,0.0,0.0,0.0,0.0,0.0,0.0,0.0,0.0,0.0,0.0,0.0,0.0,0.0,,,,0.0,0.0,0.0,0.0,0.0,0.0
85aabe97be77ed6005b9d1d5463d30f98660c1f46bfbb7581f87fbd9b72484d1,60,current,Optimized Pattern Generator,dynamic_session,Dynamic Session Pattern Assignment,50,6,5,5,10.0,60,single_only,A1) Refined Cost + Greedy 1:1,True,300,20,0.9438333333333333,0.015112637521805947,0.006623405424342123,0.9438333333333333,0.015112637521805947,0.006623405424342123,300.0,0.0,0.0,300.0,0.0,0.0,0.0,0.0,0.0,0.0,0.0,0.0,1.1543619766548943,0.06558851986254342,0.02874543623542348,417.3300000000001,6.386012675741947,2.7987934558343253,14.459875733451918,0.3871037198250927,0.16965568544690027,11.203875073207746,0.3067073131131595,0.1344204066581981,3.065123221592512,0.07873502274985775,0.03450714516342016,0.0,0.0,0.0,0.18919507615137263,0.008268614290179393,0.0036238799919831896,14.45819337095163,0.3870901466008709,0.16964973671910163,11.203875073207746,0.3067073131131595,0.1344204066581981,0.18919507615137263,0.008268614290179393,0.0036238799919831896,0.0,0.0,0.0,300.0,0.0,0.0,0.0,0.0,0.0,0.0,0.0,0.0,0.0,0.0,0.0,0.0,0.0,0.0,1.0,0.0,0.0,0.0,0.0,0.0,0.0,0.0,0.0,0.0,0.0,0.0,0.0,0.0,0.0,1.0,0.0,0.0,16.856333333333332,0.4464871333352375,0.19568161391845426,0.0,0.0,0.0,0.0,0.0,0.0,0.0,0.0,0.0,0.0,0.0,0.0,0.0,0.0,0.0,,,,0.0,0.0,0.0,0.0,0.0,0.0
85aabe97be77ed6005b9d1d5463d30f98660c1f46bfbb7581f87fbd9b72484d1,60,current,Optimized Pattern Generator,dynamic_session,Dynamic Session Pattern Assignment,50,6,5,5,10.0,60,single_only,A1) Refined Cost + Greedy 1:1,True,500,20,0.9308000000000002,0.010807404868885012,0.004736554021649061,0.9308000000000002,0.010807404868885012,0.004736554021649061,500.0,0.0,0.0,500.0,0.0,0.0,0.0,0.0,0.0,0.0,0.0,0.0,1.1339996887662729,0.03684766672214803,0.01614920197018405,416.4750000000001,5.452558549602391,2.389689147368886,40.065527035500416,0.7013008622223754,0.3073586545192553,31.46060843582527,0.5618799638445741,0.24625475169291194,8.294451674709126,0.14076648005881365,0.06169362999951567,0.0,0.0,0.0,0.306930964566709,0.011330524022439333,0.004965821099234265,40.061991075101105,0.7012497444879536,0.30733625118436686,31.46060843582527,0.5618799638445741,0.24625475169291194,0.306930964566709,0.011330524022439333,0.004965821099234265,0.0,0.0,0.0,500.0,0.0,0.0,0.0,0.0,0.0,0.0,0.0,0.0,0.0,0.0,0.0,0.0,0.0,0.0,1.0,0.0,0.0,0.0,0.0,0.0,0.0,0.0,0.0,0.0,0.0,0.0,0.0,0.0,0.0,1.0,0.0,0.0,27.4945,0.47990607633709226,0.21032811146296854,0.0,0.0,0.0,0.0,0.0,0.0,0.0,0.0,0.0,0.0,0.0,0.0,0.0,0.0,0.0,,,,0.0,0.0,0.0,0.0,0.0,0.0
85aabe97be77ed6005b9d1d5463d30f98660c1f46bfbb7581f87fbd9b72484d1,60,current,Optimized Pattern Generator,dynamic_session,Dynamic Session Pattern Assignment,50,6,5,5,10.0,60,nomura_original_interval_hungarian,A2) Corr+DTW + Hungarian,False,100,20,0.9029999999999999,0.03812721089361658,0.016709986928717044,0.9029999999999999,0.03812721089361658,0.016709986928717044,100.0,0.0,0.0,100.0,0.0,0.0,0.0,0.0,0.0,0.0,0.0,0.0,0.1407801151440637,0.010315706200904941,0.004521057579023352,416.88500000000005,12.06147739052331,5.286175537440232,2.537993293602631,0.35929124457051764,0.15746633072971522,1.470467703812028,0.23666958010150796,0.10372501678540746,0.9902410308801336,0.1186119700725319,0.051983987893360985,0.0,0.0,0.0,0.07656008830672363,0.008613957195911636,0.003775233193685051,2.537268822998885,0.3591907735734673,0.15742229737379754,1.470467703812028,0.23666958010150796,0.10372501678540746,0.07656008830672363,0.008613957195911636,0.003775233193685051,0.0,0.0,0.0,100.0,0.0,0.0,0.0,0.0,0.0,0.0,0.0,0.0,0.0,0.0,0.0,0.0,0.0,0.0,1.0,0.0,0.0,0.0,0.0,0.0,0.0,0.0,0.0,0.0,0.0,0.0,0.0,0.0,0.0,1.0,0.0,0.0,6.2700000000000005,0.33053385844561733,0.1448628505645399,0.0,0.0,0.0,0.0,0.0,0.0,0.0,0.0,0.0,0.0,0.0,0.0,0.0,0.0,0.0,,,,0.0,0.0,0.0,0.0,0.0,0.0
85aabe97be77ed6005b9d1d5463d30f98660c1f46bfbb7581f87fbd9b72484d1,60,current,Optimized Pattern Generator,dynamic_session,Dynamic Session Pattern Assignment,50,6,5,5,10.0,60,nomura_original_interval_hungarian,A2) Corr+DTW + Hungarian,False,300,20,0.8561666666666665,0.023577048012472967,0.010333096884674509,0.8561666666666665,0.023577048012472967,0.010333096884674509,300.0,0.0,0.0,300.0,0.0,0.0,0.0,0.0,0.0,0.0,0.0,0.0,0.12844103692124742,0.006490603074616516,0.0028446322192030873,417.3300000000001,6.386012675741947,2.7987934558343253,18.74229063334933,0.514956723500045,0.22568973488646615,11.198082506521313,0.30773942437663954,0.13487274936351307,7.356560347943741,0.2075447932830835,0.09096051616679482,0.0,0.0,0.0,0.18591655603522667,0.002354643912523282,0.0010319681948367928,18.740559410500282,0.5149479237808517,0.22568587823948755,11.198082506521313,0.30773942437663954,0.13487274936351307,0.18591655603522667,0.002354643912523282,0.0010319681948367928,0.0,0.0,0.0,300.0,0.0,0.0,0.0,0.0,0.0,0.0,0.0,0.0,0.0,0.0,0.0,0.0,0.0,0.0,1.0,0.0,0.0,0.0,0.0,0.0,0.0,0.0,0.0,0.0,0.0,0.0,0.0,0.0,0.0,1.0,0.0,0.0,16.856333333333332,0.4464871333352375,0.19568161391845426,0.0,0.0,0.0,0.0,0.0,0.0,0.0,0.0,0.0,0.0,0.0,0.0,0.0,0.0,0.0,,,,0.0,0.0,0.0,0.0,0.0,0.0
85aabe97be77ed6005b9d1d5463d30f98660c1f46bfbb7581f87fbd9b72484d1,60,current,Optimized Pattern Generator,dynamic_session,Dynamic Session Pattern Assignment,50,6,5,5,10.0,60,nomura_original_interval_hungarian,A2) Corr+DTW + Hungarian,False,500,20,0.8187999999999999,0.018150250107019667,0.007954697837392085,0.8187999999999999,0.018150250107019667,0.007954697837392085,500.0,0.0,0.0,500.0,0.0,0.0,0.0,0.0,0.0,0.0,0.0,0.0,0.12930579235440987,0.004370746491324612,0.0019155641083360233,416.4750000000001,5.452558549602391,2.389689147368886,51.66459977485211,0.9296169596157428,0.4074225960885456,31.42380750977827,0.5780893869087542,0.25335884457503366,19.929691023297345,0.3585524113624023,0.15714252279934868,0.0,0.0,0.0,0.30743768772445035,0.009518747672225688,0.004171775103729846,51.66093622080007,0.9296101418913031,0.407419608089067,31.42380750977827,0.5780893869087542,0.25335884457503366,0.30743768772445035,0.009518747672225688,0.004171775103729846,0.0,0.0,0.0,500.0,0.0,0.0,0.0,0.0,0.0,0.0,0.0,0.0,0.0,0.0,0.0,0.0,0.0,0.0,1.0,0.0,0.0,0.0,0.0,0.0,0.0,0.0,0.0,0.0,0.0,0.0,0.0,0.0,0.0,1.0,0.0,0.0,27.4945,0.47990607633709226,0.21032811146296854,0.0,0.0,0.0,0.0,0.0,0.0,0.0,0.0,0.0,0.0,0.0,0.0,0.0,0.0,0.0,,,,0.0,0.0,0.0,0.0,0.0,0.0
85aabe97be77ed6005b9d1d5463d30f98660c1f46bfbb7581f87fbd9b72484d1,60,current,Optimized Pattern Generator,dynamic_session,Dynamic Session Pattern Assignment,50,6,5,5,10.0,60,bayesian_windowed,A3) Bayesian Posterior + Hungarian + Lock,False,100,20,0.9794999999999998,0.013562719801760005,0.005944124033557497,0.9794999999999998,0.013562719801760005,0.005944124033557497,100.0,0.0,0.0,100.0,0.0,0.0,0.0,0.0,0.0,0.0,0.0,0.0,0.12664929271307243,0.016236051586868302,0.0071157633467484474,416.88500000000005,12.06147739052331,5.286175537440232,1.961399927050661,0.3890664996165506,0.17051591161845858,1.4968488542217528,0.30794522363178584,0.13496294486386134,0.38692131973002686,0.07068599364849809,0.030979502623611377,0.0,0.0,0.0,0.07692539269628469,0.012652325973636944,0.00554512634630553,1.9606955666480643,0.38896669818540225,0.17047217171273588,1.4968488542217528,0.30794522363178584,0.13496294486386134,0.07692539269628469,0.012652325973636944,0.00554512634630553,0.0,0.0,0.0,100.0,0.0,0.0,0.0,0.0,0.0,0.0,0.0,0.0,0.0,0.0,0.0,0.0,0.0,0.0,1.0,0.0,0.0,0.0,0.0,0.0,0.0,0.0,0.0,0.0,0.0,0.0,0.0,0.0,0.0,1.0,0.0,0.0,6.2700000000000005,0.33053385844561733,0.1448628505645399,0.0,0.0,0.0,0.0,0.0,0.0,0.0,0.0,0.0,0.0,0.0,0.0,0.0,0.0,0.0,,,,0.0,0.0,0.0,0.0,0.0,0.0
85aabe97be77ed6005b9d1d5463d30f98660c1f46bfbb7581f87fbd9b72484d1,60,current,Optimized Pattern Generator,dynamic_session,Dynamic Session Pattern Assignment,50,6,5,5,10.0,60,bayesian_windowed,A3) Bayesian Posterior + Hungarian + Lock,False,300,20,0.9661666666666667,0.01010326795605327,0.0044279524131475715,0.9661666666666667,0.01010326795605327,0.0044279524131475715,300.0,0.0,0.0,300.0,0.0,0.0,0.0,0.0,0.0,0.0,0.0,0.0,0.31203899469968444,0.02169898749211291,0.0095100005707553,417.3300000000001,6.386012675741947,2.7987934558343253,14.137892112553526,0.3762794981846772,0.1649117611501676,11.210160572570748,0.3098011338768288,0.1357763333916,2.7339862790599,0.06831419784427736,0.029940017280802058,0.0,0.0,0.0,0.19203933586759375,0.00786703427169396,0.0034478797889143354,14.136186187498243,0.37628751438580005,0.16491527440521145,11.210160572570748,0.3098011338768288,0.1357763333916,0.19203933586759375,0.00786703427169396,0.0034478797889143354,0.0,0.0,0.0,300.0,0.0,0.0,0.0,0.0,0.0,0.0,0.0,0.0,0.0,0.0,0.0,0.0,0.0,0.0,1.0,0.0,0.0,0.0,0.0,0.0,0.0,0.0,0.0,0.0,0.0,0.0,0.0,0.0,0.0,1.0,0.0,0.0,16.856333333333332,0.4464871333352375,0.19568161391845426,0.0,0.0,0.0,0.0,0.0,0.0,0.0,0.0,0.0,0.0,0.0,0.0,0.0,0.0,0.0,,,,0.0,0.0,0.0,0.0,0.0,0.0
85aabe97be77ed6005b9d1d5463d30f98660c1f46bfbb7581f87fbd9b72484d1,60,current,Optimized Pattern Generator,dynamic_session,Dynamic Session Pattern Assignment,50,6,5,5,10.0,60,bayesian_windowed,A3) Bayesian Posterior + Hungarian + Lock,False,500,20,0.9521999999999998,0.011569469805438238,0.005070543705923868,0.9521999999999998,0.011569469805438238,0.005070543705923868,500.0,0.0,0.0,500.0,0.0,0.0,0.0,0.0,0.0,0.0,0.0,0.0,0.47444833676021203,0.023217870638938706,0.01017568046012683,416.4750000000001,5.452558549602391,2.389689147368886,39.120757772999056,0.6949145664321692,0.30455973698303623,31.46994746498167,0.5700338220445252,0.24982833761085302,7.340321851227782,0.12528971599188918,0.054910639080543305,0.0,0.0,0.0,0.306974935841572,0.00919722496582594,0.004030861564677217,39.11724425205102,0.6948722176967572,0.30454117683141235,31.46994746498167,0.5700338220445252,0.24982833761085302,0.306974935841572,0.00919722496582594,0.004030861564677217,0.0,0.0,0.0,500.0,0.0,0.0,0.0,0.0,0.0,0.0,0.0,0.0,0.0,0.0,0.0,0.0,0.0,0.0,1.0,0.0,0.0,0.0,0.0,0.0,0.0,0.0,0.0,0.0,0.0,0.0,0.0,0.0,0.0,1.0,0.0,0.0,27.4945,0.47990607633709226,0.21032811146296854,0.0,0.0,0.0,0.0,0.0,0.0,0.0,0.0,0.0,0.0,0.0,0.0,0.0,0.0,0.0,,,,0.0,0.0,0.0,0.0,0.0,0.0
85aabe97be77ed6005b9d1d5463d30f98660c1f46bfbb7581f87fbd9b72484d1,60,current,Optimized Pattern Generator,dynamic_session,Dynamic Session Pattern Assignment,50,6,5,5,10.0,120,time_only_baseline,A0) Time Prior + Hungarian (Baseline),False,100,20,0.937,0.028855356157000855,0.012646417424876115,0.937,0.028855356157000855,0.012646417424876115,100.0,0.0,0.0,100.0,0.0,0.0,0.0,0.0,0.0,0.0,0.0,0.0,1.391050249865,0.17863885461942686,0.07829192998094119,414.08500000000004,13.607245554444404,5.963638305068822,1.4616514582507079,0.08071784855063958,0.03537615688592554,1.3874010059938882,0.08077964657033117,0.03540324106221497,0.0023567909003759267,7.670086388154004e-05,3.3615635732128055e-05,0.0,0.0,0.0,0.07110473455686588,0.0010514970328551103,0.00046083889334625784,1.46086253145113,0.08071482360408051,0.0353748311446432,1.3874010059938882,0.08077964657033117,0.03540324106221497,0.07110473455686588,0.0010514970328551103,0.00046083889334625784,0.0,0.0,0.0,100.0,0.0,0.0,0.0,0.0,0.0,0.0,0.0,0.0,0.0,0.0,0.0,0.0,0.0,0.0,1.0,0.0,0.0,0.0,0.0,0.0,0.0,0.0,0.0,0.0,0.0,0.0,0.0,0.0,0.0,1.0,0.0,0.0,6.469500000000001,0.3780068921677432,0.1656688249426993,0.0,0.0,0.0,0.0,0.0,0.0,0.0,0.0,0.0,0.0,0.0,0.0,0.0,0.0,0.0,,,,0.0,0.0,0.0,0.0,0.0,0.0
85aabe97be77ed6005b9d1d5463d30f98660c1f46bfbb7581f87fbd9b72484d1,60,current,Optimized Pattern Generator,dynamic_session,Dynamic Session Pattern Assignment,50,6,5,5,10.0,120,time_only_baseline,A0) Time Prior + Hungarian (Baseline),False,300,20,0.8213333333333335,0.022015411932850573,0.009648679696364727,0.8213333333333335,0.022015411932850573,0.009648679696364727,300.0,0.0,0.0,300.0,0.0,0.0,0.0,0.0,0.0,0.0,0.0,0.0,1.2068502624583333,0.09224867765908665,0.040429765559716044,415.99000000000007,6.477402013315619,2.8388465989960734,11.611422447897349,0.28619449518322176,0.1254302678191203,11.407312543001172,0.28744524134703214,0.12597843149431623,0.010161457500362302,0.00017788155799354337,7.796003010095827e-05,0.0,0.0,0.0,0.19212999524970656,0.009848339607919768,0.004316225138447196,11.60960399575124,0.28612055882497206,0.1253978637814015,11.407312543001172,0.28744524134703214,0.12597843149431623,0.19212999524970656,0.009848339607919768,0.004316225138447196,0.0,0.0,0.0,300.0,0.0,0.0,0.0,0.0,0.0,0.0,0.0,0.0,0.0,0.0,0.0,0.0,0.0,0.0,1.0,0.0,0.0,0.0,0.0,0.0,0.0,0.0,0.0,0.0,0.0,0.0,0.0,0.0,0.0,1.0,0.0,0.0,17.238833333333336,0.4228368064777247,0.1853164011639307,0.0,0.0,0.0,0.0,0.0,0.0,0.0,0.0,0.0,0.0,0.0,0.0,0.0,0.0,0.0,,,,0.0,0.0,0.0,0.0,0.0,0.0
85aabe97be77ed6005b9d1d5463d30f98660c1f46bfbb7581f87fbd9b72484d1,60,current,Optimized Pattern Generator,dynamic_session,Dynamic Session Pattern Assignment,50,6,5,5,10.0,120,time_only_baseline,A0) Time Prior + Hungarian (Baseline),False,500,20,0.7453999999999998,0.022328645750529355,0.009785960469764307,0.7453999999999998,0.022328645750529355,0.009785960469764307,500.0,0.0,0.0,500.0,0.0,0.0,0.0,0.0,0.0,0.0,0.0,0.0,1.04778027372,0.05179420543469946,0.022699811381745098,415.08000000000004,3.4742057024819126,1.5226377832391254,32.49148444575185,0.4917827593854463,0.21553329730906298,32.15831248902541,0.49476796730024514,0.21684162236265728,0.021851161518134175,0.00030080672198084125,0.00013183435857385607,0.0,0.0,0.0,0.3076460349555418,0.011816353948992431,0.005178745452524451,32.48780968549909,0.49176119157223736,0.2155238447981566,32.15831248902541,0.49476796730024514,0.21684162236265728,0.3076460349555418,0.011816353948992431,0.005178745452524451,0.0,0.0,0.0,500.0,0.0,0.0,0.0,0.0,0.0,0.0,0.0,0.0,0.0,0.0,0.0,0.0,0.0,0.0,1.0,0.0,0.0,0.0,0.0,0.0,0.0,0.0,0.0,0.0,0.0,0.0,0.0,0.0,0.0,1.0,0.0,0.0,28.242199999999997,0.4005090970778383,0.17553085106792932,0.0,0.0,0.0,0.0,0.0,0.0,0.0,0.0,0.0,0.0,0.0,0.0,0.0,0.0,0.0,,,,0.0,0.0,0.0,0.0,0.0,0.0
85aabe97be77ed6005b9d1d5463d30f98660c1f46bfbb7581f87fbd9b72484d1,60,current,Optimized Pattern Generator,dynamic_session,Dynamic Session Pattern Assignment,50,6,5,5,10.0,120,single_only,A1) Refined Cost + Greedy 1:1,True,100,20,0.9655000000000001,0.0179105966869954,0.00784966509510203,0.9655000000000001,0.0179105966869954,0.00784966509510203,100.0,0.0,0.0,100.0,0.0,0.0,0.0,0.0,0.0,0.0,0.0,0.0,1.172235076772344,0.13836400975927307,0.06064070096639106,414.08500000000004,13.607245554444404,5.963638305068822,1.8702183019508083,0.10598438080309479,0.04644970288567297,1.4012958929451997,0.08319920556015313,0.03646365954407024,0.39699495463864876,0.02308464121433951,0.010117290090325462,0.0,0.0,0.0,0.07125267336814431,0.0012407951277712006,0.0005438024413620005,1.8695435209519928,0.10600319875210121,0.04645795021545536,1.4012958929451997,0.08319920556015313,0.03646365954407024,0.07125267336814431,0.0012407951277712006,0.0005438024413620005,0.0,0.0,0.0,100.0,0.0,0.0,0.0,0.0,0.0,0.0,0.0,0.0,0.0,0.0,0.0,0.0,0.0,0.0,1.0,0.0,0.0,0.0,0.0,0.0,0.0,0.0,0.0,0.0,0.0,0.0,0.0,0.0,0.0,1.0,0.0,0.0,6.469500000000001,0.3780068921677432,0.1656688249426993,0.0,0.0,0.0,0.0,0.0,0.0,0.0,0.0,0.0,0.0,0.0,0.0,0.0,0.0,0.0,,,,0.0,0.0,0.0,0.0,0.0,0.0
85aabe97be77ed6005b9d1d5463d30f98660c1f46bfbb7581f87fbd9b72484d1,60,current,Optimized Pattern Generator,dynamic_session,Dynamic Session Pattern Assignment,50,6,5,5,10.0,120,single_only,A1) Refined Cost + Greedy 1:1,True,300,20,0.9450000000000001,0.01666666666666666,0.007304488726499309,0.9450000000000001,0.01666666666666666,0.007304488726499309,300.0,0.0,0.0,300.0,0.0,0.0,0.0,0.0,0.0,0.0,0.0,0.0,1.1545538282018009,0.047275764140421214,0.020719517172020835,415.99000000000007,6.477402013315619,2.8388465989960734,14.846937652100314,0.35704651295311995,0.15648253372211732,11.517677152375835,0.2815449593395748,0.12339251888991788,3.13624772649855,0.07522616465493544,0.03296932029958542,0.0,0.0,0.0,0.1912878397743043,0.007502134407538601,0.0032879553722728987,14.84521271864869,0.35699166534067245,0.15645849569610945,11.517677152375835,0.2815449593395748,0.12339251888991788,0.1912878397743043,0.007502134407538601,0.0032879553722728987,0.0,0.0,0.0,300.0,0.0,0.0,0.0,0.0,0.0,0.0,0.0,0.0,0.0,0.0,0.0,0.0,0.0,0.0,1.0,0.0,0.0,0.0,0.0,0.0,0.0,0.0,0.0,0.0,0.0,0.0,0.0,0.0,0.0,1.0,0.0,0.0,17.238833333333336,0.4228368064777247,0.1853164011639307,0.0,0.0,0.0,0.0,0.0,0.0,0.0,0.0,0.0,0.0,0.0,0.0,0.0,0.0,0.0,,,,0.0,0.0,0.0,0.0,0.0,0.0
85aabe97be77ed6005b9d1d5463d30f98660c1f46bfbb7581f87fbd9b72484d1,60,current,Optimized Pattern Generator,dynamic_session,Dynamic Session Pattern Assignment,50,6,5,5,10.0,120,single_only,A1) Refined Cost + Greedy 1:1,True,500,20,0.9289000000000002,0.013353099383959297,0.005852253834837336,0.9289000000000002,0.013353099383959297,0.005852253834837336,500.0,0.0,0.0,500.0,0.0,0.0,0.0,0.0,0.0,0.0,0.0,0.0,1.1369746261263927,0.046061760505450626,0.020187456620086523,415.08000000000004,3.4742057024819126,1.5226377832391254,41.26533754170596,0.6081148329190685,0.26651807648846093,32.432098950738876,0.49109093722793307,0.2152300928800451,8.52049525785551,0.12016182955615508,0.052663243760908,0.0,0.0,0.0,0.3091379185032565,0.010871416887390658,0.004764608525701159,41.26173212709764,0.6081051033056029,0.26651381229734855,32.432098950738876,0.49109093722793307,0.2152300928800451,0.3091379185032565,0.010871416887390658,0.004764608525701159,0.0,0.0,0.0,500.0,0.0,0.0,0.0,0.0,0.0,0.0,0.0,0.0,0.0,0.0,0.0,0.0,0.0,0.0,1.0,0.0,0.0,0.0,0.0,0.0,0.0,0.0,0.0,0.0,0.0,0.0,0.0,0.0,0.0,1.0,0.0,0.0,28.242199999999997,0.4005090970778383,0.17553085106792932,0.0,0.0,0.0,0.0,0.0,0.0,0.0,0.0,0.0,0.0,0.0,0.0,0.0,0.0,0.0,,,,0.0,0.0,0.0,0.0,0.0,0.0
85aabe97be77ed6005b9d1d5463d30f98660c1f46bfbb7581f87fbd9b72484d1,60,current,Optimized Pattern Generator,dynamic_session,Dynamic Session Pattern Assignment,50,6,5,5,10.0,120,nomura_original_interval_hungarian,A2) Corr+DTW + Hungarian,False,100,20,0.9175000000000001,0.02593006789525687,0.011364353317095933,0.9175000000000001,0.02593006789525687,0.011364353317095933,100.0,0.0,0.0,100.0,0.0,0.0,0.0,0.0,0.0,0.0,0.0,0.0,0.13688028415932416,0.008943043067818526,0.003919461436168695,414.08500000000004,13.607245554444404,5.963638305068822,2.434477091804001,0.14035369170625228,0.06151271752745279,1.4014831127969956,0.08471741122997416,0.037129042516053146,0.9611555047318688,0.055817111788847434,0.024462927828443275,0.0,0.0,0.0,0.07114147627144121,0.001329713353673877,0.0005827725720831857,2.433780093800306,0.1403561456441156,0.06151379301314028,1.4014831127969956,0.08471741122997416,0.037129042516053146,0.07114147627144121,0.001329713353673877,0.0005827725720831857,0.0,0.0,0.0,100.0,0.0,0.0,0.0,0.0,0.0,0.0,0.0,0.0,0.0,0.0,0.0,0.0,0.0,0.0,1.0,0.0,0.0,0.0,0.0,0.0,0.0,0.0,0.0,0.0,0.0,0.0,0.0,0.0,0.0,1.0,0.0,0.0,6.469500000000001,0.3780068921677432,0.1656688249426993,0.0,0.0,0.0,0.0,0.0,0.0,0.0,0.0,0.0,0.0,0.0,0.0,0.0,0.0,0.0,,,,0.0,0.0,0.0,0.0,0.0,0.0
85aabe97be77ed6005b9d1d5463d30f98660c1f46bfbb7581f87fbd9b72484d1,60,current,Optimized Pattern Generator,dynamic_session,Dynamic Session Pattern Assignment,50,6,5,5,10.0,120,nomura_original_interval_hungarian,A2) Corr+DTW + Hungarian,False,300,20,0.8493333333333333,0.024533066360103464,0.010752090399230117,0.8493333333333333,0.024533066360103464,0.010752090399230117,300.0,0.0,0.0,300.0,0.0,0.0,0.0,0.0,0.0,0.0,0.0,0.0,0.13135159539735744,0.006021082999911517,0.00263885597365022,415.99000000000007,6.477402013315619,2.8388465989960734,19.236800970749027,0.4687909930166512,0.2054567114144728,11.510302884362318,0.2885709922092441,0.12647181356322867,7.53373061566017,0.18290029477612066,0.08015958847593446,0.0,0.0,0.0,0.1910057499764662,0.009189688593245813,0.0040275586037642015,19.235039249998955,0.468775970508963,0.20545012751018968,11.510302884362318,0.2885709922092441,0.12647181356322867,0.1910057499764662,0.009189688593245813,0.0040275586037642015,0.0,0.0,0.0,300.0,0.0,0.0,0.0,0.0,0.0,0.0,0.0,0.0,0.0,0.0,0.0,0.0,0.0,0.0,1.0,0.0,0.0,0.0,0.0,0.0,0.0,0.0,0.0,0.0,0.0,0.0,0.0,0.0,0.0,1.0,0.0,0.0,17.238833333333336,0.4228368064777247,0.1853164011639307,0.0,0.0,0.0,0.0,0.0,0.0,0.0,0.0,0.0,0.0,0.0,0.0,0.0,0.0,0.0,,,,0.0,0.0,0.0,0.0,0.0,0.0
85aabe97be77ed6005b9d1d5463d30f98660c1f46bfbb7581f87fbd9b72484d1,60,current,Optimized Pattern Generator,dynamic_session,Dynamic Session Pattern Assignment,50,6,5,5,10.0,120,nomura_original_interval_hungarian,A2) Corr+DTW + Hungarian,False,500,20,0.8253999999999999,0.016249372457518382,0.007121601475717887,0.8253999999999999,0.016249372457518382,0.007121601475717887,500.0,0.0,0.0,500.0,0.0,0.0,0.0,0.0,0.0,0.0,0.0,0.0,0.12869206082392198,0.0036087678798006188,0.0015816122576733868,415.08000000000004,3.4742057024819126,1.5226377832391254,53.18293797304941,0.7282506345003227,0.3191699129864147,32.39945449816732,0.44563615439842574,0.19530865595542846,20.469059289928556,0.2819534243884293,0.12357153659058949,0.0,0.0,0.0,0.310771378553909,0.011204953005521328,0.004910787174587108,53.17928516664979,0.7282139870835114,0.3191538515478375,32.39945449816732,0.44563615439842574,0.19530865595542846,0.310771378553909,0.011204953005521328,0.004910787174587108,0.0,0.0,0.0,500.0,0.0,0.0,0.0,0.0,0.0,0.0,0.0,0.0,0.0,0.0,0.0,0.0,0.0,0.0,1.0,0.0,0.0,0.0,0.0,0.0,0.0,0.0,0.0,0.0,0.0,0.0,0.0,0.0,0.0,1.0,0.0,0.0,28.242199999999997,0.4005090970778383,0.17553085106792932,0.0,0.0,0.0,0.0,0.0,0.0,0.0,0.0,0.0,0.0,0.0,0.0,0.0,0.0,0.0,,,,0.0,0.0,0.0,0.0,0.0,0.0
85aabe97be77ed6005b9d1d5463d30f98660c1f46bfbb7581f87fbd9b72484d1,60,current,Optimized Pattern Generator,dynamic_session,Dynamic Session Pattern Assignment,50,6,5,5,10.0,120,bayesian_windowed,A3) Bayesian Posterior + Hungarian + Lock,False,100,20,0.9829999999999999,0.01260743306232688,0.005525451160431684,0.9829999999999999,0.01260743306232688,0.005525451160431684,100.0,0.0,0.0,100.0,0.0,0.0,0.0,0.0,0.0,0.0,0.0,0.0,0.1341427256366672,0.017830608397116518,0.007814608681401696,414.08500000000004,13.607245554444404,5.963638305068822,1.844663972951821,0.10001918916391951,0.043835342380887134,1.4054907183730392,0.08021896745613677,0.035157512606085975,0.3648799670037988,0.019589797582346954,0.00858560733567941,0.0,0.0,0.0,0.07364060627151048,0.005837640273882993,0.002558458654196201,1.8440112916483486,0.10001771525505299,0.04383469641184517,1.4054907183730392,0.08021896745613677,0.035157512606085975,0.07364060627151048,0.005837640273882993,0.002558458654196201,0.0,0.0,0.0,100.0,0.0,0.0,0.0,0.0,0.0,0.0,0.0,0.0,0.0,0.0,0.0,0.0,0.0,0.0,1.0,0.0,0.0,0.0,0.0,0.0,0.0,0.0,0.0,0.0,0.0,0.0,0.0,0.0,0.0,1.0,0.0,0.0,6.469500000000001,0.3780068921677432,0.1656688249426993,0.0,0.0,0.0,0.0,0.0,0.0,0.0,0.0,0.0,0.0,0.0,0.0,0.0,0.0,0.0,,,,0.0,0.0,0.0,0.0,0.0,0.0
85aabe97be77ed6005b9d1d5463d30f98660c1f46bfbb7581f87fbd9b72484d1,60,current,Optimized Pattern Generator,dynamic_session,Dynamic Session Pattern Assignment,50,6,5,5,10.0,120,bayesian_windowed,A3) Bayesian Posterior + Hungarian + Lock,False,300,20,0.9650000000000001,0.013743685418725548,0.006023435712098024,0.9650000000000001,0.013743685418725548,0.006023435712098024,300.0,0.0,0.0,300.0,0.0,0.0,0.0,0.0,0.0,0.0,0.0,0.0,0.31637291448367916,0.03185932868027931,0.013962966430736187,415.99000000000007,6.477402013315619,2.8388465989960734,14.513500104250124,0.35632162837115033,0.1561648390466967,11.527859912317945,0.29054039481125843,0.1273349423094898,2.7970990912639535,0.06759097415774565,0.029623050524901568,0.0,0.0,0.0,0.18681069446611218,0.005023123175454274,0.0022014807964153907,14.51176969804801,0.35629328986488873,0.15615241914872588,11.527859912317945,0.29054039481125843,0.1273349423094898,0.18681069446611218,0.005023123175454274,0.0022014807964153907,0.0,0.0,0.0,300.0,0.0,0.0,0.0,0.0,0.0,0.0,0.0,0.0,0.0,0.0,0.0,0.0,0.0,0.0,1.0,0.0,0.0,0.0,0.0,0.0,0.0,0.0,0.0,0.0,0.0,0.0,0.0,0.0,0.0,1.0,0.0,0.0,17.238833333333336,0.4228368064777247,0.1853164011639307,0.0,0.0,0.0,0.0,0.0,0.0,0.0,0.0,0.0,0.0,0.0,0.0,0.0,0.0,0.0,,,,0.0,0.0,0.0,0.0,0.0,0.0
85aabe97be77ed6005b9d1d5463d30f98660c1f46bfbb7581f87fbd9b72484d1,60,current,Optimized Pattern Generator,dynamic_session,Dynamic Session Pattern Assignment,50,6,5,5,10.0,120,bayesian_windowed,A3) Bayesian Posterior + Hungarian + Lock,False,500,20,0.9532999999999999,0.0084672744636102,0.003710946651816973,0.9532999999999999,0.0084672744636102,0.003710946651816973,500.0,0.0,0.0,500.0,0.0,0.0,0.0,0.0,0.0,0.0,0.0,0.0,0.48558097955025736,0.029031277779617268,0.01272351847542506,415.08000000000004,3.4742057024819126,1.5226377832391254,40.312426945952026,0.582873223962471,0.2554554536047307,32.45840920984192,0.4798805036591226,0.2103169037426924,7.542653098455048,0.1062322991342849,0.0465583578849892,0.0,0.0,0.0,0.3077742374036461,0.008908950085136957,0.0039045195277096797,40.308836545700615,0.5828032035835449,0.25542476582062124,32.45840920984192,0.4798805036591226,0.2103169037426924,0.3077742374036461,0.008908950085136957,0.0039045195277096797,0.0,0.0,0.0,500.0,0.0,0.0,0.0,0.0,0.0,0.0,0.0,0.0,0.0,0.0,0.0,0.0,0.0,0.0,1.0,0.0,0.0,0.0,0.0,0.0,0.0,0.0,0.0,0.0,0.0,0.0,0.0,0.0,0.0,1.0,0.0,0.0,28.242199999999997,0.4005090970778383,0.17553085106792932,0.0,0.0,0.0,0.0,0.0,0.0,0.0,0.0,0.0,0.0,0.0,0.0,0.0,0.0,0.0,,,,0.0,0.0,0.0,0.0,0.0,0.0
85aabe97be77ed6005b9d1d5463d30f98660c1f46bfbb7581f87fbd9b72484d1,60,current,Optimized Pattern Generator,dynamic_session,Dynamic Session Pattern Assignment,50,6,5,5,10.0,180,time_only_baseline,A0) Time Prior + Hungarian (Baseline),False,100,20,0.9170000000000001,0.03180532891463976,0.013939299989975324,0.9170000000000001,0.03180532891463976,0.013939299989975324,100.0,0.0,0.0,100.0,0.0,0.0,0.0,0.0,0.0,0.0,0.0,0.0,1.3850502577400001,0.12389701948033992,0.05430026292246052,418.0050000000001,8.16555506219167,3.578712293843307,1.4948346604956897,0.06927723256957641,0.030362085858452514,1.4200766190551803,0.06899190765629924,0.030237036701707163,0.0024160767439752816,8.076356474067125e-05,3.539619288960783e-05,0.0,0.0,0.0,0.07151997295150067,0.0010597650357402101,0.0004644625053781503,1.4940126687506563,0.06926014879437124,0.03035459856384898,1.4200766190551803,0.06899190765629924,0.030237036701707163,0.07151997295150067,0.0010597650357402101,0.0004644625053781503,0.0,0.0,0.0,100.0,0.0,0.0,0.0,0.0,0.0,0.0,0.0,0.0,0.0,0.0,0.0,0.0,0.0,0.0,1.0,0.0,0.0,0.0,0.0,0.0,0.0,0.0,0.0,0.0,0.0,0.0,0.0,0.0,0.0,1.0,0.0,0.0,6.5795,0.2870810448563078,0.12581881534467262,0.0,0.0,0.0,0.0,0.0,0.0,0.0,0.0,0.0,0.0,0.0,0.0,0.0,0.0,0.0,,,,0.0,0.0,0.0,0.0,0.0,0.0
85aabe97be77ed6005b9d1d5463d30f98660c1f46bfbb7581f87fbd9b72484d1,60,current,Optimized Pattern Generator,dynamic_session,Dynamic Session Pattern Assignment,50,6,5,5,10.0,180,time_only_baseline,A0) Time Prior + Hungarian (Baseline),False,300,20,0.829,0.01854660637925803,0.008128408632726632,0.829,0.01854660637925803,0.008128408632726632,300.0,0.0,0.0,300.0,0.0,0.0,0.0,0.0,0.0,0.0,0.0,0.0,1.1934335928583333,0.07129980238708995,0.031248516164287643,415.87000000000006,5.324728804559475,2.333665291474251,12.042712929048866,0.42408117104167925,0.18586176797967438,11.839653707662364,0.42161095681166616,0.18477914885996424,0.010510472927126101,0.00019861789571445869,8.704813080763677e-05,0.0,0.0,0.0,0.1906540319134365,0.0077277572076362745,0.0033868389242581783,12.040818212502927,0.42401923689714893,0.18583462414404395,11.839653707662364,0.42161095681166616,0.18477914885996424,0.1906540319134365,0.0077277572076362745,0.0033868389242581783,0.0,0.0,0.0,300.0,0.0,0.0,0.0,0.0,0.0,0.0,0.0,0.0,0.0,0.0,0.0,0.0,0.0,0.0,1.0,0.0,0.0,0.0,0.0,0.0,0.0,0.0,0.0,0.0,0.0,0.0,0.0,0.0,0.0,1.0,0.0,0.0,17.835499999999996,0.6464570785334205,0.28332230653878304,0.0,0.0,0.0,0.0,0.0,0.0,0.0,0.0,0.0,0.0,0.0,0.0,0.0,0.0,0.0,,,,0.0,0.0,0.0,0.0,0.0,0.0
85aabe97be77ed6005b9d1d5463d30f98660c1f46bfbb7581f87fbd9b72484d1,60,current,Optimized Pattern Generator,dynamic_session,Dynamic Session Pattern Assignment,50,6,5,5,10.0,180,time_only_baseline,A0) Time Prior + Hungarian (Baseline),False,500,20,0.7444999999999999,0.022213082915965982,0.009735312824428079,0.7444999999999999,0.022213082915965982,0.009735312824428079,500.0,0.0,0.0,500.0,0.0,0.0,0.0,0.0,0.0,0.0,0.0,0.0,1.049240273569,0.0716431456889597,0.031398993000957234,414.76000000000005,7.2989833466542935,3.1989204942325506,33.300503914544244,0.6066838881549474,0.265890937294595,32.96597752736125,0.6064079094044182,0.2657699842742754,0.022498483600793408,0.00023000640506122552,0.00010080475156754138,0.0,0.0,0.0,0.30800107443501473,0.007137888702335963,0.003128317653433191,33.29647708539706,0.6066887166598788,0.2658930534801852,32.96597752736125,0.6064079094044182,0.2657699842742754,0.30800107443501473,0.007137888702335963,0.003128317653433191,0.0,0.0,0.0,500.0,0.0,0.0,0.0,0.0,0.0,0.0,0.0,0.0,0.0,0.0,0.0,0.0,0.0,0.0,1.0,0.0,0.0,0.0,0.0,0.0,0.0,0.0,0.0,0.0,0.0,0.0,0.0,0.0,0.0,1.0,0.0,0.0,28.871299999999998,0.5118175147658127,0.22431391599790648,0.0,0.0,0.0,0.0,0.0,0.0,0.0,0.0,0.0,0.0,0.0,0.0,0.0,0.0,0.0,,,,0.0,0.0,0.0,0.0,0.0,0.0
85aabe97be77ed6005b9d1d5463d30f98660c1f46bfbb7581f87fbd9b72484d1,60,current,Optimized Pattern Generator,dynamic_session,Dynamic Session Pattern Assignment,50,6,5,5,10.0,180,single_only,A1) Refined Cost + Greedy 1:1,True,100,20,0.9674999999999999,0.015852942612451612,0.006947858435669601,0.9674999999999999,0.015852942612451612,0.006947858435669601,100.0,0.0,0.0,100.0,0.0,0.0,0.0,0.0,0.0,0.0,0.0,0.0,1.1521724780566907,0.07932008926344898,0.03476356186858694,418.0050000000001,8.16555506219167,3.578712293843307,1.9025695875519886,0.0872204333096794,0.038226040309856296,1.426404824493511,0.06978445647620783,0.03058438653692052,0.4034242201218149,0.01774947024165038,0.007779048316888214,0.0,0.0,0.0,0.0720349636831088,0.0034772849021705798,0.001523987302003876,1.9018640082984348,0.08719911378741181,0.03821669661725282,1.426404824493511,0.06978445647620783,0.03058438653692052,0.0720349636831088,0.0034772849021705798,0.001523987302003876,0.0,0.0,0.0,100.0,0.0,0.0,0.0,0.0,0.0,0.0,0.0,0.0,0.0,0.0,0.0,0.0,0.0,0.0,1.0,0.0,0.0,0.0,0.0,0.0,0.0,0.0,0.0,0.0,0.0,0.0,0.0,0.0,0.0,1.0,0.0,0.0,6.5795,0.2870810448563078,0.12581881534467262,0.0,0.0,0.0,0.0,0.0,0.0,0.0,0.0,0.0,0.0,0.0,0.0,0.0,0.0,0.0,,,,0.0,0.0,0.0,0.0,0.0,0.0
85aabe97be77ed6005b9d1d5463d30f98660c1f46bfbb7581f87fbd9b72484d1,60,current,Optimized Pattern Generator,dynamic_session,Dynamic Session Pattern Assignment,50,6,5,5,10.0,180,single_only,A1) Refined Cost + Greedy 1:1,True,300,20,0.9455,0.014600929234227657,0.006399139379269809,0.9455,0.014600929234227657,0.006399139379269809,300.0,0.0,0.0,300.0,0.0,0.0,0.0,0.0,0.0,0.0,0.0,0.0,1.1323715229966962,0.038203942485624455,0.01674361603164432,415.87000000000006,5.324728804559475,2.333665291474251,15.405930043853004,0.5442618191631772,0.2385332593404861,11.965627533083898,0.4299180143884452,0.18841987736516203,3.2467923155229075,0.11571029278293433,0.05071227175037272,0.0,0.0,0.0,0.19168275554548017,0.00787618360787973,0.00345188966229577,15.404102604152285,0.5441907903971931,0.23850212961126285,11.965627533083898,0.4299180143884452,0.18841987736516203,0.19168275554548017,0.00787618360787973,0.00345188966229577,0.0,0.0,0.0,300.0,0.0,0.0,0.0,0.0,0.0,0.0,0.0,0.0,0.0,0.0,0.0,0.0,0.0,0.0,1.0,0.0,0.0,0.0,0.0,0.0,0.0,0.0,0.0,0.0,0.0,0.0,0.0,0.0,0.0,1.0,0.0,0.0,17.835499999999996,0.6464570785334205,0.28332230653878304,0.0,0.0,0.0,0.0,0.0,0.0,0.0,0.0,0.0,0.0,0.0,0.0,0.0,0.0,0.0,,,,0.0,0.0,0.0,0.0,0.0,0.0
85aabe97be77ed6005b9d1d5463d30f98660c1f46bfbb7581f87fbd9b72484d1,60,current,Optimized Pattern Generator,dynamic_session,Dynamic Session Pattern Assignment,50,6,5,5,10.0,180,single_only,A1) Refined Cost + Greedy 1:1,True,500,20,0.9289999999999999,0.014987714266937693,0.006568655393930358,0.9289999999999999,0.014987714266937693,0.006568655393930358,500.0,0.0,0.0,500.0,0.0,0.0,0.0,0.0,0.0,0.0,0.0,0.0,1.1300975494385952,0.051895442623684424,0.022744180536083687,414.76000000000005,7.2989833466542935,3.1989204942325506,42.283433102048,0.7525040257718488,0.3297994303737491,33.24414270233101,0.6013678383393771,0.26356107573775445,8.724183011932473,0.15270272772974225,0.06692492119245577,0.0,0.0,0.0,0.3113787606882397,0.011930139753562951,0.005228614280127711,42.27970447495172,0.7525091885150073,0.32980169304570095,33.24414270233101,0.6013678383393771,0.26356107573775445,0.3113787606882397,0.011930139753562951,0.005228614280127711,0.0,0.0,0.0,500.0,0.0,0.0,0.0,0.0,0.0,0.0,0.0,0.0,0.0,0.0,0.0,0.0,0.0,0.0,1.0,0.0,0.0,0.0,0.0,0.0,0.0,0.0,0.0,0.0,0.0,0.0,0.0,0.0,0.0,1.0,0.0,0.0,28.871299999999998,0.5118175147658127,0.22431391599790648,0.0,0.0,0.0,0.0,0.0,0.0,0.0,0.0,0.0,0.0,0.0,0.0,0.0,0.0,0.0,,,,0.0,0.0,0.0,0.0,0.0,0.0
85aabe97be77ed6005b9d1d5463d30f98660c1f46bfbb7581f87fbd9b72484d1,60,current,Optimized Pattern Generator,dynamic_session,Dynamic Session Pattern Assignment,50,6,5,5,10.0,180,nomura_original_interval_hungarian,A2) Corr+DTW + Hungarian,False,100,20,0.9225,0.02953588361726513,0.012944671734570532,0.9225,0.02953588361726513,0.012944671734570532,100.0,0.0,0.0,100.0,0.0,0.0,0.0,0.0,0.0,0.0,0.0,0.0,0.13775882868851558,0.008901233766856448,0.003901137702116276,418.0050000000001,8.16555506219167,3.578712293843307,2.492885322998336,0.1070463779490286,0.046915143656475845,1.428528128907783,0.06687991038173696,0.02931141308476092,0.9777653894489049,0.04072317039272968,0.01784771634246027,0.0,0.0,0.0,0.08592172119824681,0.0062613723549744624,0.0027441674267595245,2.492215239554935,0.10704051103597773,0.04691257236846147,1.428528128907783,0.06687991038173696,0.02931141308476092,0.08592172119824681,0.0062613723549744624,0.0027441674267595245,0.0,0.0,0.0,100.0,0.0,0.0,0.0,0.0,0.0,0.0,0.0,0.0,0.0,0.0,0.0,0.0,0.0,0.0,1.0,0.0,0.0,0.0,0.0,0.0,0.0,0.0,0.0,0.0,0.0,0.0,0.0,0.0,0.0,1.0,0.0,0.0,6.5795,0.2870810448563078,0.12581881534467262,0.0,0.0,0.0,0.0,0.0,0.0,0.0,0.0,0.0,0.0,0.0,0.0,0.0,0.0,0.0,,,,0.0,0.0,0.0,0.0,0.0,0.0
85aabe97be77ed6005b9d1d5463d30f98660c1f46bfbb7581f87fbd9b72484d1,60,current,Optimized Pattern Generator,dynamic_session,Dynamic Session Pattern Assignment,50,6,5,5,10.0,180,nomura_original_interval_hungarian,A2) Corr+DTW + Hungarian,False,300,20,0.8531666666666666,0.020759694416842986,0.009098337230004019,0.8531666666666666,0.020759694416842986,0.009098337230004019,300.0,0.0,0.0,300.0,0.0,0.0,0.0,0.0,0.0,0.0,0.0,0.0,0.12971718729232115,0.004625237197572778,0.002027099578023338,415.87000000000006,5.324728804559475,2.333665291474251,19.940614120899408,0.7148746255346027,0.3133076185846754,11.950046240091615,0.4322999937633956,0.1894638258546268,7.796307208895451,0.28211918422343735,0.12364418404135685,0.0,0.0,0.0,0.19237973646086176,0.007019675918789101,0.0030765086167484214,19.938733185447926,0.7148614766056761,0.3133018558124888,11.950046240091615,0.4322999937633956,0.1894638258546268,0.19237973646086176,0.007019675918789101,0.0030765086167484214,0.0,0.0,0.0,300.0,0.0,0.0,0.0,0.0,0.0,0.0,0.0,0.0,0.0,0.0,0.0,0.0,0.0,0.0,1.0,0.0,0.0,0.0,0.0,0.0,0.0,0.0,0.0,0.0,0.0,0.0,0.0,0.0,0.0,1.0,0.0,0.0,17.835499999999996,0.6464570785334205,0.28332230653878304,0.0,0.0,0.0,0.0,0.0,0.0,0.0,0.0,0.0,0.0,0.0,0.0,0.0,0.0,0.0,,,,0.0,0.0,0.0,0.0,0.0,0.0
85aabe97be77ed6005b9d1d5463d30f98660c1f46bfbb7581f87fbd9b72484d1,60,current,Optimized Pattern Generator,dynamic_session,Dynamic Session Pattern Assignment,50,6,5,5,10.0,180,nomura_original_interval_hungarian,A2) Corr+DTW + Hungarian,False,500,20,0.8192,0.025050685461784516,0.010978946972801114,0.8192,0.025050685461784516,0.010978946972801114,500.0,0.0,0.0,500.0,0.0,0.0,0.0,0.0,0.0,0.0,0.0,0.0,0.12549912529871152,0.004819508463398552,0.0021122427142897648,414.76000000000005,7.2989833466542935,3.1989204942325506,54.4489141666505,0.9936064404921788,0.43546722258913384,33.19551407485706,0.6214743949586495,0.27237316270700623,20.939170396704867,0.3741314143868699,0.16397032191708805,0.0,0.0,0.0,0.3104411138847354,0.010806687052479962,0.004736239424738759,54.44512558544666,0.9935384888718297,0.43543744147844654,33.19551407485706,0.6214743949586495,0.27237316270700623,0.3104411138847354,0.010806687052479962,0.004736239424738759,0.0,0.0,0.0,500.0,0.0,0.0,0.0,0.0,0.0,0.0,0.0,0.0,0.0,0.0,0.0,0.0,0.0,0.0,1.0,0.0,0.0,0.0,0.0,0.0,0.0,0.0,0.0,0.0,0.0,0.0,0.0,0.0,0.0,1.0,0.0,0.0,28.871299999999998,0.5118175147658127,0.22431391599790648,0.0,0.0,0.0,0.0,0.0,0.0,0.0,0.0,0.0,0.0,0.0,0.0,0.0,0.0,0.0,,,,0.0,0.0,0.0,0.0,0.0,0.0
85aabe97be77ed6005b9d1d5463d30f98660c1f46bfbb7581f87fbd9b72484d1,60,current,Optimized Pattern Generator,dynamic_session,Dynamic Session Pattern Assignment,50,6,5,5,10.0,180,bayesian_windowed,A3) Bayesian Posterior + Hungarian + Lock,False,100,20,0.9810000000000001,0.012523661815266257,0.005488736792646137,0.9810000000000001,0.012523661815266257,0.005488736792646137,100.0,0.0,0.0,100.0,0.0,0.0,0.0,0.0,0.0,0.0,0.0,0.0,0.13086881749811613,0.017206558849169388,0.007541106908136287,418.0050000000001,8.16555506219167,3.578712293843307,1.876798554098059,0.08145727060927616,0.03570022289141169,1.4335038093398906,0.06662951972816403,0.02920167454238626,0.3711011038933066,0.015232500995562906,0.006675937907908728,0.0,0.0,0.0,0.07152563886629651,0.0017264509831486441,0.0007566505045957755,1.8761305520994938,0.08145446803025129,0.03569899460699815,1.4335038093398906,0.06662951972816403,0.02920167454238626,0.07152563886629651,0.0017264509831486441,0.0007566505045957755,0.0,0.0,0.0,100.0,0.0,0.0,0.0,0.0,0.0,0.0,0.0,0.0,0.0,0.0,0.0,0.0,0.0,0.0,1.0,0.0,0.0,0.0,0.0,0.0,0.0,0.0,0.0,0.0,0.0,0.0,0.0,0.0,0.0,1.0,0.0,0.0,6.5795,0.2870810448563078,0.12581881534467262,0.0,0.0,0.0,0.0,0.0,0.0,0.0,0.0,0.0,0.0,0.0,0.0,0.0,0.0,0.0,,,,0.0,0.0,0.0,0.0,0.0,0.0
85aabe97be77ed6005b9d1d5463d30f98660c1f46bfbb7581f87fbd9b72484d1,60,current,Optimized Pattern Generator,dynamic_session,Dynamic Session Pattern Assignment,50,6,5,5,10.0,180,bayesian_windowed,A3) Bayesian Posterior + Hungarian + Lock,False,300,20,0.9666666666666666,0.011647854507156382,0.00510489731612568,0.9666666666666666,0.011647854507156382,0.00510489731612568,300.0,0.0,0.0,300.0,0.0,0.0,0.0,0.0,0.0,0.0,0.0,0.0,0.3251148842760366,0.025290932416232512,0.011084239843021586,415.87000000000006,5.324728804559475,2.333665291474251,15.061589933396316,0.5431332444154876,0.23803863964919547,11.974644538594294,0.4433575339440547,0.19431000651017302,2.895391903615382,0.10135146658549107,0.04441923870527348,0.0,0.0,0.0,0.18969123488932382,0.006836548825906028,0.0029962496296195617,15.059727677099,0.543063024191432,0.23800786427909634,11.974644538594294,0.4433575339440547,0.19431000651017302,0.18969123488932382,0.006836548825906028,0.0029962496296195617,0.0,0.0,0.0,300.0,0.0,0.0,0.0,0.0,0.0,0.0,0.0,0.0,0.0,0.0,0.0,0.0,0.0,0.0,1.0,0.0,0.0,0.0,0.0,0.0,0.0,0.0,0.0,0.0,0.0,0.0,0.0,0.0,0.0,1.0,0.0,0.0,17.835499999999996,0.6464570785334205,0.28332230653878304,0.0,0.0,0.0,0.0,0.0,0.0,0.0,0.0,0.0,0.0,0.0,0.0,0.0,0.0,0.0,,,,0.0,0.0,0.0,0.0,0.0,0.0
85aabe97be77ed6005b9d1d5463d30f98660c1f46bfbb7581f87fbd9b72484d1,60,current,Optimized Pattern Generator,dynamic_session,Dynamic Session Pattern Assignment,50,6,5,5,10.0,180,bayesian_windowed,A3) Bayesian Posterior + Hungarian + Lock,False,500,20,0.9540999999999998,0.010391798385467766,0.004554406449282183,0.9540999999999998,0.010391798385467766,0.004554406449282183,500.0,0.0,0.0,500.0,0.0,0.0,0.0,0.0,0.0,0.0,0.0,0.0,0.49821668980455547,0.0352871601926012,0.015465279829021844,414.76000000000005,7.2989833466542935,3.1989204942325506,41.31176947910135,0.7735047049071686,0.33900338381331546,33.2794398638347,0.6406437465801881,0.280774501475836,7.7204026300853,0.1342226520428268,0.05882567092126009,0.0,0.0,0.0,0.30820172482926866,0.00927001093469855,0.004062761422021855,41.308044218749274,0.7734966880674325,0.338999870278387,33.2794398638347,0.6406437465801881,0.280774501475836,0.30820172482926866,0.00927001093469855,0.004062761422021855,0.0,0.0,0.0,500.0,0.0,0.0,0.0,0.0,0.0,0.0,0.0,0.0,0.0,0.0,0.0,0.0,0.0,0.0,1.0,0.0,0.0,0.0,0.0,0.0,0.0,0.0,0.0,0.0,0.0,0.0,0.0,0.0,0.0,1.0,0.0,0.0,28.871299999999998,0.5118175147658127,0.22431391599790648,0.0,0.0,0.0,0.0,0.0,0.0,0.0,0.0,0.0,0.0,0.0,0.0,0.0,0.0,0.0,,,,0.0,0.0,0.0,0.0,0.0,0.0
85aabe97be77ed6005b9d1d5463d30f98660c1f46bfbb7581f87fbd9b72484d1,60,current,Optimized Pattern Generator,dynamic_session,Dynamic Session Pattern Assignment,50,6,5,5,15.0,60,time_only_baseline,A0) Time Prior + Hungarian (Baseline),False,100,20,0.9400000000000001,0.03244428422615249,0.01421933450215622,0.9400000000000001,0.03244428422615249,0.01421933450215622,100.0,0.0,0.0,100.0,0.0,0.0,0.0,0.0,0.0,0.0,0.0,0.0,1.3564502491600003,0.16895264774584914,0.07404676264630589,419.1450000000001,12.206231152463413,5.349616670772823,1.4214496874483302,0.07769154584591802,0.034049821246548755,1.3457124104723335,0.0780096972638812,0.03418925725329867,0.002386072411900386,5.2395809496966206e-05,2.2963475987183716e-05,0.0,0.0,0.0,0.07259308181965025,0.0032297911523981263,0.0014155183836983604,1.420691564703884,0.07764630929332789,0.03402999545324354,1.3457124104723335,0.0780096972638812,0.03418925725329867,0.07259308181965025,0.0032297911523981263,0.0014155183836983604,0.0,0.0,0.0,100.0,0.0,0.0,0.0,0.0,0.0,0.0,0.0,0.0,0.0,0.0,0.0,0.0,0.0,0.0,1.0,0.0,0.0,0.0,0.0,0.0,0.0,0.0,0.0,0.0,0.0,0.0,0.0,0.0,0.0,1.0,0.0,0.0,6.322,0.3693322566327962,0.16186699829440865,0.0,0.0,0.0,0.0,0.0,0.0,0.0,0.0,0.0,0.0,0.0,0.0,0.0,0.0,0.0,,,,0.0,0.0,0.0,0.0,0.0,0.0
85aabe97be77ed6005b9d1d5463d30f98660c1f46bfbb7581f87fbd9b72484d1,60,current,Optimized Pattern Generator,dynamic_session,Dynamic Session Pattern Assignment,50,6,5,5,15.0,60,time_only_baseline,A0) Time Prior + Hungarian (Baseline),False,300,20,0.8175000000000001,0.018602489929548355,0.008152900678512176,0.8175000000000001,0.018602489929548355,0.008152900678512176,300.0,0.0,0.0,300.0,0.0,0.0,0.0,0.0,0.0,0.0,0.0,0.0,1.19565026408,0.04982254652172422,0.021835693763605328,425.2750000000001,6.358738289281833,2.7868399289291204,11.553601531102322,0.2844703787122812,0.12467464045961088,11.349617828107148,0.2844714046313987,0.12467509008848858,0.010417497031448874,0.00014971314201663033,6.5614677484156e-05,0.0,0.0,0.0,0.1916333561646752,0.009485548074192402,0.00415722473835634,11.551668681303273,0.28439139569236427,0.12464002462489679,11.349617828107148,0.2844714046313987,0.12467509008848858,0.1916333561646752,0.009485548074192402,0.00415722473835634,0.0,0.0,0.0,300.0,0.0,0.0,0.0,0.0,0.0,0.0,0.0,0.0,0.0,0.0,0.0,0.0,0.0,0.0,1.0,0.0,0.0,0.0,0.0,0.0,0.0,0.0,0.0,0.0,0.0,0.0,0.0,0.0,0.0,1.0,0.0,0.0,17.15683333333333,0.40562921304996297,0.17777484083173453,0.0,0.0,0.0,0.0,0.0,0.0,0.0,0.0,0.0,0.0,0.0,0.0,0.0,0.0,0.0,,,,0.0,0.0,0.0,0.0,0.0,0.0
85aabe97be77ed6005b9d1d5463d30f98660c1f46bfbb7581f87fbd9b72484d1,60,current,Optimized Pattern Generator,dynamic_session,Dynamic Session Pattern Assignment,50,6,5,5,15.0,60,time_only_baseline,A0) Time Prior + Hungarian (Baseline),False,500,20,0.7363000000000002,0.024393916411571508,0.010691105245409437,0.7363000000000002,0.024393916411571508,0.010691105245409437,500.0,0.0,0.0,500.0,0.0,0.0,0.0,0.0,0.0,0.0,0.0,0.0,1.0679402725570002,0.07208182596984822,0.0315912531109345,421.39,5.795361121303458,2.539928998593211,31.9407055480493,0.6789325629894564,0.2975553151445861,31.605138941052427,0.6767449229111501,0.29659653960720855,0.022538340780010914,0.0006187926987031376,0.00027119785750302924,0.0,0.0,0.0,0.30920587026921564,0.00813176751610065,0.0035639042488722307,31.936883152101654,0.6785777640542286,0.29739981765523343,31.605138941052427,0.6767449229111501,0.29659653960720855,0.30920587026921564,0.00813176751610065,0.0035639042488722307,0.0,0.0,0.0,500.0,0.0,0.0,0.0,0.0,0.0,0.0,0.0,0.0,0.0,0.0,0.0,0.0,0.0,0.0,1.0,0.0,0.0,0.0,0.0,0.0,0.0,0.0,0.0,0.0,0.0,0.0,0.0,0.0,0.0,1.0,0.0,0.0,27.7649,0.5261652632115945,0.2306020940042781,0.0,0.0,0.0,0.0,0.0,0.0,0.0,0.0,0.0,0.0,0.0,0.0,0.0,0.0,0.0,,,,0.0,0.0,0.0,0.0,0.0,0.0
85aabe97be77ed6005b9d1d5463d30f98660c1f46bfbb7581f87fbd9b72484d1,60,current,Optimized Pattern Generator,dynamic_session,Dynamic Session Pattern Assignment,50,6,5,5,15.0,60,single_only,A1) Refined Cost + Greedy 1:1,True,100,20,0.969,0.016511558949637933,0.007236509772273547,0.969,0.016511558949637933,0.007236509772273547,100.0,0.0,0.0,100.0,0.0,0.0,0.0,0.0,0.0,0.0,0.0,0.0,1.1392958538925644,0.0830469161685199,0.036396915775409225,419.1450000000001,12.206231152463413,5.349616670772823,1.817713639746944,0.10038818247199698,0.04399706082842747,1.35736411902908,0.07882878397097316,0.034548237830377394,0.3880680123082129,0.022039432337640923,0.00965920710292455,0.0,0.0,0.0,0.07160969571123132,0.0011980013683776287,0.0005250472493787083,1.8170418270485242,0.10038696402790616,0.04399652682175995,1.35736411902908,0.07882878397097316,0.034548237830377394,0.07160969571123132,0.0011980013683776287,0.0005250472493787083,0.0,0.0,0.0,100.0,0.0,0.0,0.0,0.0,0.0,0.0,0.0,0.0,0.0,0.0,0.0,0.0,0.0,0.0,1.0,0.0,0.0,0.0,0.0,0.0,0.0,0.0,0.0,0.0,0.0,0.0,0.0,0.0,0.0,1.0,0.0,0.0,6.322,0.3693322566327962,0.16186699829440865,0.0,0.0,0.0,0.0,0.0,0.0,0.0,0.0,0.0,0.0,0.0,0.0,0.0,0.0,0.0,,,,0.0,0.0,0.0,0.0,0.0,0.0
85aabe97be77ed6005b9d1d5463d30f98660c1f46bfbb7581f87fbd9b72484d1,60,current,Optimized Pattern Generator,dynamic_session,Dynamic Session Pattern Assignment,50,6,5,5,15.0,60,single_only,A1) Refined Cost + Greedy 1:1,True,300,20,0.9433333333333334,0.01199415062114892,0.005256668279767021,0.9433333333333334,0.01199415062114892,0.005256668279767021,300.0,0.0,0.0,300.0,0.0,0.0,0.0,0.0,0.0,0.0,0.0,0.0,1.1330363205675444,0.05274816332062826,0.023117901859144422,425.2750000000001,6.358738289281833,2.7868399289291204,14.788145891601744,0.3595853287961659,0.15759521882436853,11.465131527166523,0.2867847984922473,0.12568897965107984,3.128711618960369,0.07537575054242977,0.03303487920531616,0.0,0.0,0.0,0.1925105330228689,0.009834358641324885,0.004310097709674524,14.78635367914976,0.35954034728854406,0.15757550480944907,11.465131527166523,0.2867847984922473,0.12568897965107984,0.1925105330228689,0.009834358641324885,0.004310097709674524,0.0,0.0,0.0,300.0,0.0,0.0,0.0,0.0,0.0,0.0,0.0,0.0,0.0,0.0,0.0,0.0,0.0,0.0,1.0,0.0,0.0,0.0,0.0,0.0,0.0,0.0,0.0,0.0,0.0,0.0,0.0,0.0,0.0,1.0,0.0,0.0,17.15683333333333,0.40562921304996297,0.17777484083173453,0.0,0.0,0.0,0.0,0.0,0.0,0.0,0.0,0.0,0.0,0.0,0.0,0.0,0.0,0.0,,,,0.0,0.0,0.0,0.0,0.0,0.0
85aabe97be77ed6005b9d1d5463d30f98660c1f46bfbb7581f87fbd9b72484d1,60,current,Optimized Pattern Generator,dynamic_session,Dynamic Session Pattern Assignment,50,6,5,5,15.0,60,single_only,A1) Refined Cost + Greedy 1:1,True,500,20,0.9254000000000001,0.011949014493606596,0.005236886499679576,0.9254000000000001,0.011949014493606596,0.005236886499679576,500.0,0.0,0.0,500.0,0.0,0.0,0.0,0.0,0.0,0.0,0.0,0.0,1.1301633728579281,0.04646961728598821,0.020366207735414307,421.39,5.795361121303458,2.539928998593211,40.60722110220231,0.8406222152885385,0.3684189296892005,31.889132482813146,0.6852592445813583,0.300328105606438,8.40331493705744,0.15599905835693242,0.06836960178676327,0.0,0.0,0.0,0.3111962133756606,0.007086791408785681,0.0031059232771516315,40.60364363324625,0.8405700175825143,0.36839605303588824,31.889132482813146,0.6852592445813583,0.300328105606438,0.3111962133756606,0.007086791408785681,0.0031059232771516315,0.0,0.0,0.0,500.0,0.0,0.0,0.0,0.0,0.0,0.0,0.0,0.0,0.0,0.0,0.0,0.0,0.0,0.0,1.0,0.0,0.0,0.0,0.0,0.0,0.0,0.0,0.0,0.0,0.0,0.0,0.0,0.0,0.0,1.0,0.0,0.0,27.7649,0.5261652632115945,0.2306020940042781,0.0,0.0,0.0,0.0,0.0,0.0,0.0,0.0,0.0,0.0,0.0,0.0,0.0,0.0,0.0,,,,0.0,0.0,0.0,0.0,0.0,0.0
85aabe97be77ed6005b9d1d5463d30f98660c1f46bfbb7581f87fbd9b72484d1,60,current,Optimized Pattern Generator,dynamic_session,Dynamic Session Pattern Assignment,50,6,5,5,15.0,60,nomura_original_interval_hungarian,A2) Corr+DTW + Hungarian,False,100,20,0.9109999999999999,0.029181825634603812,0.01278949898199793,0.9109999999999999,0.029181825634603812,0.01278949898199793,100.0,0.0,0.0,100.0,0.0,0.0,0.0,0.0,0.0,0.0,0.0,0.0,0.13438078956861407,0.01090783716312461,0.004780570415312037,419.1450000000001,12.206231152463413,5.349616670772823,2.373609437604318,0.1306104444358033,0.0572425511366634,1.3593890703152283,0.07786676032508563,0.034126612377816716,0.9418737345054978,0.05316388702966373,0.023300100807903703,0.0,0.0,0.0,0.07167557853244944,0.0009958476559678384,0.0004364494785796705,2.3729383833531754,0.13062011161352727,0.05724678796410551,1.3593890703152283,0.07786676032508563,0.034126612377816716,0.07167557853244944,0.0009958476559678384,0.0004364494785796705,0.0,0.0,0.0,100.0,0.0,0.0,0.0,0.0,0.0,0.0,0.0,0.0,0.0,0.0,0.0,0.0,0.0,0.0,1.0,0.0,0.0,0.0,0.0,0.0,0.0,0.0,0.0,0.0,0.0,0.0,0.0,0.0,0.0,1.0,0.0,0.0,6.322,0.3693322566327962,0.16186699829440865,0.0,0.0,0.0,0.0,0.0,0.0,0.0,0.0,0.0,0.0,0.0,0.0,0.0,0.0,0.0,,,,0.0,0.0,0.0,0.0,0.0,0.0
85aabe97be77ed6005b9d1d5463d30f98660c1f46bfbb7581f87fbd9b72484d1,60,current,Optimized Pattern Generator,dynamic_session,Dynamic Session Pattern Assignment,50,6,5,5,15.0,60,nomura_original_interval_hungarian,A2) Corr+DTW + Hungarian,False,300,20,0.8591666666666666,0.01610909444930435,0.0070601219279433775,0.8591666666666666,0.01610909444930435,0.0070601219279433775,300.0,0.0,0.0,300.0,0.0,0.0,0.0,0.0,0.0,0.0,0.0,0.0,0.13014748821132116,0.004131125734627758,0.001810545681380379,425.2750000000001,6.358738289281833,2.7868399289291204,19.161129441499362,0.4668528375525511,0.20460727733020947,11.452189201340662,0.289150202317712,0.12672566358568335,7.514578568009893,0.1782956333625199,0.07814150663283488,0.0,0.0,0.0,0.19261712660081684,0.00809687623742518,0.0035486124717679433,19.15938489595137,0.46682413043136367,0.20459469587962442,11.452189201340662,0.289150202317712,0.12672566358568335,0.19261712660081684,0.00809687623742518,0.0035486124717679433,0.0,0.0,0.0,300.0,0.0,0.0,0.0,0.0,0.0,0.0,0.0,0.0,0.0,0.0,0.0,0.0,0.0,0.0,1.0,0.0,0.0,0.0,0.0,0.0,0.0,0.0,0.0,0.0,0.0,0.0,0.0,0.0,0.0,1.0,0.0,0.0,17.15683333333333,0.40562921304996297,0.17777484083173453,0.0,0.0,0.0,0.0,0.0,0.0,0.0,0.0,0.0,0.0,0.0,0.0,0.0,0.0,0.0,,,,0.0,0.0,0.0,0.0,0.0,0.0
85aabe97be77ed6005b9d1d5463d30f98660c1f46bfbb7581f87fbd9b72484d1,60,current,Optimized Pattern Generator,dynamic_session,Dynamic Session Pattern Assignment,50,6,5,5,15.0,60,nomura_original_interval_hungarian,A2) Corr+DTW + Hungarian,False,500,20,0.8246,0.021037310214298572,0.009220007717772765,0.8246,0.021037310214298572,0.009220007717772765,500.0,0.0,0.0,500.0,0.0,0.0,0.0,0.0,0.0,0.0,0.0,0.0,0.1279543364772362,0.004603039712161694,0.002017371101106824,421.39,5.795361121303458,2.539928998593211,52.34848304984625,1.0436638824894706,0.45740586383393045,31.870274090765452,0.6798366871718814,0.2979515650384589,20.162616301824166,0.36160540116223344,0.15848055457384772,0.0,0.0,0.0,0.3119060157157946,0.010102740699357895,0.0044277213327123316,52.34479640830541,1.043629697399554,0.4573908815576959,31.870274090765452,0.6798366871718814,0.2979515650384589,0.3119060157157946,0.010102740699357895,0.0044277213327123316,0.0,0.0,0.0,500.0,0.0,0.0,0.0,0.0,0.0,0.0,0.0,0.0,0.0,0.0,0.0,0.0,0.0,0.0,1.0,0.0,0.0,0.0,0.0,0.0,0.0,0.0,0.0,0.0,0.0,0.0,0.0,0.0,0.0,1.0,0.0,0.0,27.7649,0.5261652632115945,0.2306020940042781,0.0,0.0,0.0,0.0,0.0,0.0,0.0,0.0,0.0,0.0,0.0,0.0,0.0,0.0,0.0,,,,0.0,0.0,0.0,0.0,0.0,0.0
85aabe97be77ed6005b9d1d5463d30f98660c1f46bfbb7581f87fbd9b72484d1,60,current,Optimized Pattern Generator,dynamic_session,Dynamic Session Pattern Assignment,50,6,5,5,15.0,60,bayesian_windowed,A3) Bayesian Posterior + Hungarian + Lock,False,100,20,0.9804999999999999,0.010500626547722618,0.004602102494341155,0.9804999999999999,0.010500626547722618,0.004602102494341155,100.0,0.0,0.0,100.0,0.0,0.0,0.0,0.0,0.0,0.0,0.0,0.0,0.12665823211441388,0.016802193430309986,0.0073638859495296066,419.1450000000001,12.206231152463413,5.349616670772823,1.7996180062022176,0.09916323302446212,0.04346020306262447,1.365599112637574,0.07976415822003859,0.03495818366981876,0.3579174015045282,0.020244552414115234,0.008872566292915749,0.0,0.0,0.0,0.07539813171315472,0.0074792191345603295,0.0032779123110848324,1.7989146458552567,0.09917408705648795,0.043464960051898656,1.365599112637574,0.07976415822003859,0.03495818366981876,0.07539813171315472,0.0074792191345603295,0.0032779123110848324,0.0,0.0,0.0,100.0,0.0,0.0,0.0,0.0,0.0,0.0,0.0,0.0,0.0,0.0,0.0,0.0,0.0,0.0,1.0,0.0,0.0,0.0,0.0,0.0,0.0,0.0,0.0,0.0,0.0,0.0,0.0,0.0,0.0,1.0,0.0,0.0,6.322,0.3693322566327962,0.16186699829440865,0.0,0.0,0.0,0.0,0.0,0.0,0.0,0.0,0.0,0.0,0.0,0.0,0.0,0.0,0.0,,,,0.0,0.0,0.0,0.0,0.0,0.0
85aabe97be77ed6005b9d1d5463d30f98660c1f46bfbb7581f87fbd9b72484d1,60,current,Optimized Pattern Generator,dynamic_session,Dynamic Session Pattern Assignment,50,6,5,5,15.0,60,bayesian_windowed,A3) Bayesian Posterior + Hungarian + Lock,False,300,20,0.9639999999999999,0.00946523339780135,0.0041483214388754845,0.9639999999999999,0.00946523339780135,0.0041483214388754845,300.0,0.0,0.0,300.0,0.0,0.0,0.0,0.0,0.0,0.0,0.0,0.0,0.3168705576864801,0.019485791183024157,0.00854002452139918,425.2750000000001,6.358738289281833,2.7868399289291204,14.444818985305028,0.32848235746134297,0.14396374061581782,11.462169896389241,0.2707182799293501,0.11864751742807339,2.7904707521825913,0.060857157651129444,0.026671825319367983,0.0,0.0,0.0,0.19033013273437974,0.007972880876415206,0.0034942691087698095,14.442970781306212,0.32852329801666397,0.14398168360530575,11.462169896389241,0.2707182799293501,0.11864751742807339,0.19033013273437974,0.007972880876415206,0.0034942691087698095,0.0,0.0,0.0,300.0,0.0,0.0,0.0,0.0,0.0,0.0,0.0,0.0,0.0,0.0,0.0,0.0,0.0,0.0,1.0,0.0,0.0,0.0,0.0,0.0,0.0,0.0,0.0,0.0,0.0,0.0,0.0,0.0,0.0,1.0,0.0,0.0,17.15683333333333,0.40562921304996297,0.17777484083173453,0.0,0.0,0.0,0.0,0.0,0.0,0.0,0.0,0.0,0.0,0.0,0.0,0.0,0.0,0.0,,,,0.0,0.0,0.0,0.0,0.0,0.0
85aabe97be77ed6005b9d1d5463d30f98660c1f46bfbb7581f87fbd9b72484d1,60,current,Optimized Pattern Generator,dynamic_session,Dynamic Session Pattern Assignment,50,6,5,5,15.0,60,bayesian_windowed,A3) Bayesian Posterior + Hungarian + Lock,False,500,20,0.9476000000000002,0.011417438186250094,0.005003912911017995,0.9476000000000002,0.011417438186250094,0.005003912911017995,500.0,0.0,0.0,500.0,0.0,0.0,0.0,0.0,0.0,0.0,0.0,0.0,0.49794800566474784,0.024758074565159632,0.010850704593062274,421.39,5.795361121303458,2.539928998593211,39.654715656201006,0.8326781552092465,0.3649372918516911,31.90260735451302,0.6946548383487968,0.3044459061316193,7.4368374014331495,0.14020711621859577,0.0614484779876227,0.0,0.0,0.0,0.31149043570476354,0.010677744123273483,0.004679727694373727,39.65093519165093,0.832833826705987,0.3650055178932699,31.90260735451302,0.6946548383487968,0.3044459061316193,0.31149043570476354,0.010677744123273483,0.004679727694373727,0.0,0.0,0.0,500.0,0.0,0.0,0.0,0.0,0.0,0.0,0.0,0.0,0.0,0.0,0.0,0.0,0.0,0.0,1.0,0.0,0.0,0.0,0.0,0.0,0.0,0.0,0.0,0.0,0.0,0.0,0.0,0.0,0.0,1.0,0.0,0.0,27.7649,0.5261652632115945,0.2306020940042781,0.0,0.0,0.0,0.0,0.0,0.0,0.0,0.0,0.0,0.0,0.0,0.0,0.0,0.0,0.0,,,,0.0,0.0,0.0,0.0,0.0,0.0
85aabe97be77ed6005b9d1d5463d30f98660c1f46bfbb7581f87fbd9b72484d1,60,current,Optimized Pattern Generator,dynamic_session,Dynamic Session Pattern Assignment,50,6,5,5,15.0,120,time_only_baseline,A0) Time Prior + Hungarian (Baseline),False,100,20,0.9265000000000001,0.025603248149199207,0.0112211182480554,0.9265000000000001,0.025603248149199207,0.0112211182480554,100.0,0.0,0.0,100.0,0.0,0.0,0.0,0.0,0.0,0.0,0.0,0.0,1.3128502535400002,0.19769813732917024,0.08664502892225022,416.2,9.970271600587116,4.369664190397491,1.4779577249501017,0.07813480849253251,0.03424408966685319,1.4018059017689666,0.0771579485810154,0.03381596193419044,0.0024375442386372014,6.432322226344905e-05,2.8190895112528386e-05,0.0,0.0,0.0,0.07281413519085618,0.002383052575636096,0.0010444188404033408,1.4770575811984599,0.07813373611079612,0.03424361967483495,1.4018059017689666,0.0771579485810154,0.03381596193419044,0.07281413519085618,0.002383052575636096,0.0010444188404033408,0.0,0.0,0.0,100.0,0.0,0.0,0.0,0.0,0.0,0.0,0.0,0.0,0.0,0.0,0.0,0.0,0.0,0.0,1.0,0.0,0.0,0.0,0.0,0.0,0.0,0.0,0.0,0.0,0.0,0.0,0.0,0.0,0.0,1.0,0.0,0.0,6.537999999999999,0.3593209970866836,0.15747937034485035,0.0,0.0,0.0,0.0,0.0,0.0,0.0,0.0,0.0,0.0,0.0,0.0,0.0,0.0,0.0,,,,0.0,0.0,0.0,0.0,0.0,0.0
85aabe97be77ed6005b9d1d5463d30f98660c1f46bfbb7581f87fbd9b72484d1,60,current,Optimized Pattern Generator,dynamic_session,Dynamic Session Pattern Assignment,50,6,5,5,15.0,120,time_only_baseline,A0) Time Prior + Hungarian (Baseline),False,300,20,0.8274999999999999,0.015999817250418314,0.0070122290839037885,0.8274999999999999,0.015999817250418314,0.0070122290839037885,300.0,0.0,0.0,300.0,0.0,0.0,0.0,0.0,0.0,0.0,0.0,0.0,1.1814502615616667,0.0661788515464418,0.029004160503219346,422.58500000000004,5.286753555623209,2.317021904809793,11.690242697793291,0.24265953791153452,0.10635023154314018,11.487474421114893,0.23975660164886697,0.10507796363087611,0.01064792767720064,0.00013354980109528885,5.853078099160578e-05,0.0,0.0,0.0,0.19019086780608632,0.007309745544696693,0.003203637235488934,11.68831321659818,0.2427102992929239,0.1063724786994262,11.487474421114893,0.23975660164886697,0.10507796363087611,0.19019086780608632,0.007309745544696693,0.003203637235488934,0.0,0.0,0.0,300.0,0.0,0.0,0.0,0.0,0.0,0.0,0.0,0.0,0.0,0.0,0.0,0.0,0.0,0.0,1.0,0.0,0.0,0.0,0.0,0.0,0.0,0.0,0.0,0.0,0.0,0.0,0.0,0.0,0.0,1.0,0.0,0.0,17.273166666666665,0.3487965525743039,0.15286682916724967,0.0,0.0,0.0,0.0,0.0,0.0,0.0,0.0,0.0,0.0,0.0,0.0,0.0,0.0,0.0,,,,0.0,0.0,0.0,0.0,0.0,0.0
85aabe97be77ed6005b9d1d5463d30f98660c1f46bfbb7581f87fbd9b72484d1,60,current,Optimized Pattern Generator,dynamic_session,Dynamic Session Pattern Assignment,50,6,5,5,15.0,120,time_only_baseline,A0) Time Prior + Hungarian (Baseline),False,500,20,0.7373999999999999,0.01785438174142195,0.00782502780892991,0.7373999999999999,0.01785438174142195,0.00782502780892991,500.0,0.0,0.0,500.0,0.0,0.0,0.0,0.0,0.0,0.0,0.0,0.0,1.037570277956,0.04072781472362561,0.01784975181022056,421.0200000000001,4.885919619305638,2.141348686667991,32.98878617709852,0.6736267925053496,0.2952299587033931,32.650895895660504,0.6724692431132966,0.294722640314316,0.02287555073853582,0.0002570940530362269,0.00011267643672318815,0.0,0.0,0.0,0.3112131993548246,0.014097773034499108,0.006178621451954684,32.98498464575387,0.6736759075051558,0.2952514843011363,32.650895895660504,0.6724692431132966,0.294722640314316,0.3112131993548246,0.014097773034499108,0.006178621451954684,0.0,0.0,0.0,500.0,0.0,0.0,0.0,0.0,0.0,0.0,0.0,0.0,0.0,0.0,0.0,0.0,0.0,0.0,1.0,0.0,0.0,0.0,0.0,0.0,0.0,0.0,0.0,0.0,0.0,0.0,0.0,0.0,0.0,1.0,0.0,0.0,28.55879999999999,0.5907759037241221,0.2589189557184176,0.0,0.0,0.0,0.0,0.0,0.0,0.0,0.0,0.0,0.0,0.0,0.0,0.0,0.0,0.0,,,,0.0,0.0,0.0,0.0,0.0,0.0
85aabe97be77ed6005b9d1d5463d30f98660c1f46bfbb7581f87fbd9b72484d1,60,current,Optimized Pattern Generator,dynamic_session,Dynamic Session Pattern Assignment,50,6,5,5,15.0,120,single_only,A1) Refined Cost + Greedy 1:1,True,100,20,0.9655000000000001,0.013945382182304159,0.006111833216241907,0.9655000000000001,0.013945382182304159,0.006111833216241907,100.0,0.0,0.0,100.0,0.0,0.0,0.0,0.0,0.0,0.0,0.0,0.0,1.1549116242326263,0.07934198838906044,0.03477315958355588,416.2,9.970271600587116,4.369664190397491,1.8929274353999062,0.1002922218818148,0.04395500424547703,1.418477348839224,0.07857283684938392,0.034436064058523674,0.4017848818126367,0.02170337451782433,0.009511923269546415,0.0,0.0,0.0,0.07192366744420724,0.0017963764312542037,0.000787296683438724,1.8921858980960677,0.10027406157096846,0.04394704513832622,1.418477348839224,0.07857283684938392,0.034436064058523674,0.07192366744420724,0.0017963764312542037,0.000787296683438724,0.0,0.0,0.0,100.0,0.0,0.0,0.0,0.0,0.0,0.0,0.0,0.0,0.0,0.0,0.0,0.0,0.0,0.0,1.0,0.0,0.0,0.0,0.0,0.0,0.0,0.0,0.0,0.0,0.0,0.0,0.0,0.0,0.0,1.0,0.0,0.0,6.537999999999999,0.3593209970866836,0.15747937034485035,0.0,0.0,0.0,0.0,0.0,0.0,0.0,0.0,0.0,0.0,0.0,0.0,0.0,0.0,0.0,,,,0.0,0.0,0.0,0.0,0.0,0.0
85aabe97be77ed6005b9d1d5463d30f98660c1f46bfbb7581f87fbd9b72484d1,60,current,Optimized Pattern Generator,dynamic_session,Dynamic Session Pattern Assignment,50,6,5,5,15.0,120,single_only,A1) Refined Cost + Greedy 1:1,True,300,20,0.9440000000000002,0.013533583957579086,0.0059313546868361025,0.9440000000000002,0.013533583957579086,0.0059313546868361025,300.0,0.0,0.0,300.0,0.0,0.0,0.0,0.0,0.0,0.0,0.0,0.0,1.1259265433054255,0.034914766596744716,0.015302071139656592,422.58500000000004,5.286753555623209,2.317021904809793,14.955356662499252,0.3107209996896008,0.13617948235915714,11.6068072111535,0.25395411403328183,0.11130029778025367,3.154021845481475,0.06238090543196561,0.027339637228596753,0.0,0.0,0.0,0.1927931453639758,0.007640508057059883,0.003348600298051265,14.95362220199895,0.31069106812562775,0.13616636427286066,11.6068072111535,0.25395411403328183,0.11130029778025367,0.1927931453639758,0.007640508057059883,0.003348600298051265,0.0,0.0,0.0,300.0,0.0,0.0,0.0,0.0,0.0,0.0,0.0,0.0,0.0,0.0,0.0,0.0,0.0,0.0,1.0,0.0,0.0,0.0,0.0,0.0,0.0,0.0,0.0,0.0,0.0,0.0,0.0,0.0,0.0,1.0,0.0,0.0,17.273166666666665,0.3487965525743039,0.15286682916724967,0.0,0.0,0.0,0.0,0.0,0.0,0.0,0.0,0.0,0.0,0.0,0.0,0.0,0.0,0.0,,,,0.0,0.0,0.0,0.0,0.0,0.0
85aabe97be77ed6005b9d1d5463d30f98660c1f46bfbb7581f87fbd9b72484d1,60,current,Optimized Pattern Generator,dynamic_session,Dynamic Session Pattern Assignment,50,6,5,5,15.0,120,single_only,A1) Refined Cost + Greedy 1:1,True,500,20,0.9315999999999999,0.011726712645651526,0.00513945841914351,0.9315999999999999,0.011726712645651526,0.00513945841914351,500.0,0.0,0.0,500.0,0.0,0.0,0.0,0.0,0.0,0.0,0.0,0.0,1.1123428831141449,0.03603020653456808,0.015790934246711665,421.0200000000001,4.885919619305638,2.141348686667991,41.88570770640217,0.8663644380444734,0.37970095624414607,32.92920134244923,0.6912353922119733,0.30294726778618136,8.641504939638253,0.17336194156852447,0.07597922086747917,0.0,0.0,0.0,0.3111004075602978,0.008743726185855349,0.003832106961130634,41.88180668964778,0.866589706471383,0.37979968448523393,32.92920134244923,0.6912353922119733,0.30294726778618136,0.3111004075602978,0.008743726185855349,0.003832106961130634,0.0,0.0,0.0,500.0,0.0,0.0,0.0,0.0,0.0,0.0,0.0,0.0,0.0,0.0,0.0,0.0,0.0,0.0,1.0,0.0,0.0,0.0,0.0,0.0,0.0,0.0,0.0,0.0,0.0,0.0,0.0,0.0,0.0,1.0,0.0,0.0,28.55879999999999,0.5907759037241221,0.2589189557184176,0.0,0.0,0.0,0.0,0.0,0.0,0.0,0.0,0.0,0.0,0.0,0.0,0.0,0.0,0.0,,,,0.0,0.0,0.0,0.0,0.0,0.0
85aabe97be77ed6005b9d1d5463d30f98660c1f46bfbb7581f87fbd9b72484d1,60,current,Optimized Pattern Generator,dynamic_session,Dynamic Session Pattern Assignment,50,6,5,5,15.0,120,nomura_original_interval_hungarian,A2) Corr+DTW + Hungarian,False,100,20,0.9165000000000001,0.02601113122046829,0.011399880885804296,0.9165000000000001,0.02601113122046829,0.011399880885804296,100.0,0.0,0.0,100.0,0.0,0.0,0.0,0.0,0.0,0.0,0.0,0.0,0.136018223923523,0.010616931506908721,0.004653075390133807,416.2,9.970271600587116,4.369664190397491,2.4695333645518986,0.13412461443964802,0.058782704047228546,1.4189887624408584,0.0812330745250821,0.03560196462524045,0.9723154289808008,0.05428078839397562,0.02378960441335738,0.0,0.0,0.0,0.07748301692627138,0.00846617552560541,0.003710465021000946,2.4687872083479308,0.13409346422892288,0.058769051865444365,1.4189887624408584,0.0812330745250821,0.03560196462524045,0.07748301692627138,0.00846617552560541,0.003710465021000946,0.0,0.0,0.0,100.0,0.0,0.0,0.0,0.0,0.0,0.0,0.0,0.0,0.0,0.0,0.0,0.0,0.0,0.0,1.0,0.0,0.0,0.0,0.0,0.0,0.0,0.0,0.0,0.0,0.0,0.0,0.0,0.0,0.0,1.0,0.0,0.0,6.537999999999999,0.3593209970866836,0.15747937034485035,0.0,0.0,0.0,0.0,0.0,0.0,0.0,0.0,0.0,0.0,0.0,0.0,0.0,0.0,0.0,,,,0.0,0.0,0.0,0.0,0.0,0.0
85aabe97be77ed6005b9d1d5463d30f98660c1f46bfbb7581f87fbd9b72484d1,60,current,Optimized Pattern Generator,dynamic_session,Dynamic Session Pattern Assignment,50,6,5,5,15.0,120,nomura_original_interval_hungarian,A2) Corr+DTW + Hungarian,False,300,20,0.857,0.019523565008555045,0.008556579630364007,0.857,0.019523565008555045,0.008556579630364007,300.0,0.0,0.0,300.0,0.0,0.0,0.0,0.0,0.0,0.0,0.0,0.0,0.1302970417919632,0.006539138338503865,0.0028659037364772554,422.58500000000004,5.286753555623209,2.317021904809793,19.343652393750382,0.3944310915391411,0.17286704769170846,11.58717920131021,0.23801971360736418,0.1043167388837752,7.559065240535711,0.15531722116349028,0.0680707734611949,0.0,0.0,0.0,0.19548209990753093,0.011283090162619424,0.0049450322935757325,19.341726541753452,0.39441285514821617,0.1728590552409931,11.58717920131021,0.23801971360736418,0.1043167388837752,0.19548209990753093,0.011283090162619424,0.0049450322935757325,0.0,0.0,0.0,300.0,0.0,0.0,0.0,0.0,0.0,0.0,0.0,0.0,0.0,0.0,0.0,0.0,0.0,0.0,1.0,0.0,0.0,0.0,0.0,0.0,0.0,0.0,0.0,0.0,0.0,0.0,0.0,0.0,0.0,1.0,0.0,0.0,17.273166666666665,0.3487965525743039,0.15286682916724967,0.0,0.0,0.0,0.0,0.0,0.0,0.0,0.0,0.0,0.0,0.0,0.0,0.0,0.0,0.0,,,,0.0,0.0,0.0,0.0,0.0,0.0
85aabe97be77ed6005b9d1d5463d30f98660c1f46bfbb7581f87fbd9b72484d1,60,current,Optimized Pattern Generator,dynamic_session,Dynamic Session Pattern Assignment,50,6,5,5,15.0,120,nomura_original_interval_hungarian,A2) Corr+DTW + Hungarian,False,500,20,0.8219,0.020940768597968968,0.009177696488885709,0.8219,0.020940768597968968,0.009177696488885709,500.0,0.0,0.0,500.0,0.0,0.0,0.0,0.0,0.0,0.0,0.0,0.0,0.1252150090245718,0.005635409982838306,0.002469827321330645,421.0200000000001,4.885919619305638,2.141348686667991,53.963561883299555,1.1239464192313346,0.4925912369078732,32.888504674768775,0.7046238709185398,0.30881502729280685,20.75678817385342,0.4241980617219443,0.1859129975790481,0.0,0.0,0.0,0.314526863732317,0.01331850295262412,0.005837091280277442,53.95981971235451,1.1238357405751356,0.492542729848085,32.888504674768775,0.7046238709185398,0.30881502729280685,0.314526863732317,0.01331850295262412,0.005837091280277442,0.0,0.0,0.0,500.0,0.0,0.0,0.0,0.0,0.0,0.0,0.0,0.0,0.0,0.0,0.0,0.0,0.0,0.0,1.0,0.0,0.0,0.0,0.0,0.0,0.0,0.0,0.0,0.0,0.0,0.0,0.0,0.0,0.0,1.0,0.0,0.0,28.55879999999999,0.5907759037241221,0.2589189557184176,0.0,0.0,0.0,0.0,0.0,0.0,0.0,0.0,0.0,0.0,0.0,0.0,0.0,0.0,0.0,,,,0.0,0.0,0.0,0.0,0.0,0.0
85aabe97be77ed6005b9d1d5463d30f98660c1f46bfbb7581f87fbd9b72484d1,60,current,Optimized Pattern Generator,dynamic_session,Dynamic Session Pattern Assignment,50,6,5,5,15.0,120,bayesian_windowed,A3) Bayesian Posterior + Hungarian + Lock,False,100,20,0.978,0.01105012502906166,0.0048429308220713264,0.978,0.01105012502906166,0.0048429308220713264,100.0,0.0,0.0,100.0,0.0,0.0,0.0,0.0,0.0,0.0,0.0,0.0,0.1348675598620995,0.01827599686395483,0.00800980878349769,416.2,9.970271600587116,4.369664190397491,1.8776556751050522,0.10173372191761705,0.04458676949112299,1.4247168895031792,0.07918208478843274,0.03470307874066918,0.36996088099549523,0.02000004348505265,0.008765405529963787,0.0,0.0,0.0,0.08226189405395416,0.00700867776323853,0.003071688462554536,1.8769396645526286,0.10174923826160318,0.044593569828706374,1.4247168895031792,0.07918208478843274,0.03470307874066918,0.08226189405395416,0.00700867776323853,0.003071688462554536,0.0,0.0,0.0,100.0,0.0,0.0,0.0,0.0,0.0,0.0,0.0,0.0,0.0,0.0,0.0,0.0,0.0,0.0,1.0,0.0,0.0,0.0,0.0,0.0,0.0,0.0,0.0,0.0,0.0,0.0,0.0,0.0,0.0,1.0,0.0,0.0,6.537999999999999,0.3593209970866836,0.15747937034485035,0.0,0.0,0.0,0.0,0.0,0.0,0.0,0.0,0.0,0.0,0.0,0.0,0.0,0.0,0.0,,,,0.0,0.0,0.0,0.0,0.0,0.0
85aabe97be77ed6005b9d1d5463d30f98660c1f46bfbb7581f87fbd9b72484d1,60,current,Optimized Pattern Generator,dynamic_session,Dynamic Session Pattern Assignment,50,6,5,5,15.0,120,bayesian_windowed,A3) Bayesian Posterior + Hungarian + Lock,False,300,20,0.9681666666666666,0.008616250117183888,0.0037762381107400854,0.9681666666666666,0.008616250117183888,0.0037762381107400854,300.0,0.0,0.0,300.0,0.0,0.0,0.0,0.0,0.0,0.0,0.0,0.0,0.32092341865343077,0.015252781281491176,0.006684826135104721,422.58500000000004,5.286753555623209,2.317021904809793,14.608702189649922,0.30330324917038026,0.13292850985653928,11.600926992202584,0.24947642819821317,0.1093378654380698,2.81226548855484,0.054156663261145675,0.023735204175351486,0.0,0.0,0.0,0.19342452764394694,0.009838483694343224,0.004311905593870643,14.606617008401372,0.3034152501164695,0.13297759643542326,11.600926992202584,0.24947642819821317,0.1093378654380698,0.19342452764394694,0.009838483694343224,0.004311905593870643,0.0,0.0,0.0,300.0,0.0,0.0,0.0,0.0,0.0,0.0,0.0,0.0,0.0,0.0,0.0,0.0,0.0,0.0,1.0,0.0,0.0,0.0,0.0,0.0,0.0,0.0,0.0,0.0,0.0,0.0,0.0,0.0,0.0,1.0,0.0,0.0,17.273166666666665,0.3487965525743039,0.15286682916724967,0.0,0.0,0.0,0.0,0.0,0.0,0.0,0.0,0.0,0.0,0.0,0.0,0.0,0.0,0.0,,,,0.0,0.0,0.0,0.0,0.0,0.0
85aabe97be77ed6005b9d1d5463d30f98660c1f46bfbb7581f87fbd9b72484d1,60,current,Optimized Pattern Generator,dynamic_session,Dynamic Session Pattern Assignment,50,6,5,5,15.0,120,bayesian_windowed,A3) Bayesian Posterior + Hungarian + Lock,False,500,20,0.9551999999999996,0.009501246455624992,0.004164104857368259,0.9551999999999996,0.009501246455624992,0.004164104857368259,500.0,0.0,0.0,500.0,0.0,0.0,0.0,0.0,0.0,0.0,0.0,0.0,0.4932827543966837,0.03657772680107878,0.0160308955835671,421.0200000000001,4.885919619305638,2.141348686667991,40.900293373050225,0.8808553270448869,0.38605186836457445,32.9397121766684,0.7219280898044086,0.31639893559916915,7.6476581116439775,0.15682307286799085,0.06873074206915317,0.0,0.0,0.0,0.30899217413680163,0.008565104401898954,0.0037538225126976326,40.896362462449176,0.8807967615330582,0.3860262008973196,32.9397121766684,0.7219280898044086,0.31639893559916915,0.30899217413680163,0.008565104401898954,0.0037538225126976326,0.0,0.0,0.0,500.0,0.0,0.0,0.0,0.0,0.0,0.0,0.0,0.0,0.0,0.0,0.0,0.0,0.0,0.0,1.0,0.0,0.0,0.0,0.0,0.0,0.0,0.0,0.0,0.0,0.0,0.0,0.0,0.0,0.0,1.0,0.0,0.0,28.55879999999999,0.5907759037241221,0.2589189557184176,0.0,0.0,0.0,0.0,0.0,0.0,0.0,0.0,0.0,0.0,0.0,0.0,0.0,0.0,0.0,,,,0.0,0.0,0.0,0.0,0.0,0.0
85aabe97be77ed6005b9d1d5463d30f98660c1f46bfbb7581f87fbd9b72484d1,60,current,Optimized Pattern Generator,dynamic_session,Dynamic Session Pattern Assignment,50,6,5,5,15.0,180,time_only_baseline,A0) Time Prior + Hungarian (Baseline),False,100,20,0.923,0.03341918768107862,0.014646604779912208,0.923,0.03341918768107862,0.014646604779912208,100.0,0.0,0.0,100.0,0.0,0.0,0.0,0.0,0.0,0.0,0.0,0.0,1.3351502555650003,0.17203618821151664,0.07539818384045624,419.05000000000007,9.351976993353361,4.098684631105834,1.5039393374478096,0.07136584350311186,0.03127745995953568,1.4180788174344343,0.06842599010882558,0.02998901240096819,0.0024748193638515657,6.243459836144478e-05,2.736316919248115e-05,0.0,0.0,0.0,0.08255941954848822,0.011559007283184628,0.005065958303372734,1.503113056346774,0.07134880212056781,0.03126999124433506,1.4180788174344343,0.06842599010882558,0.02998901240096819,0.08255941954848822,0.011559007283184628,0.005065958303372734,0.0,0.0,0.0,100.0,0.0,0.0,0.0,0.0,0.0,0.0,0.0,0.0,0.0,0.0,0.0,0.0,0.0,0.0,1.0,0.0,0.0,0.0,0.0,0.0,0.0,0.0,0.0,0.0,0.0,0.0,0.0,0.0,0.0,1.0,0.0,0.0,6.586999999999999,0.31838573096828704,0.13953869895216575,0.0,0.0,0.0,0.0,0.0,0.0,0.0,0.0,0.0,0.0,0.0,0.0,0.0,0.0,0.0,,,,0.0,0.0,0.0,0.0,0.0,0.0
85aabe97be77ed6005b9d1d5463d30f98660c1f46bfbb7581f87fbd9b72484d1,60,current,Optimized Pattern Generator,dynamic_session,Dynamic Session Pattern Assignment,50,6,5,5,15.0,180,time_only_baseline,A0) Time Prior + Hungarian (Baseline),False,300,20,0.8159999999999998,0.027093081916225368,0.011874066685391435,0.8159999999999998,0.027093081916225368,0.011874066685391435,300.0,0.0,0.0,300.0,0.0,0.0,0.0,0.0,0.0,0.0,0.0,0.0,1.2062835932766665,0.09399678343767534,0.04119590669686181,424.2800000000001,6.207516665937733,2.7205641303539263,12.132551793799212,0.36904215996359646,0.16173985782342276,11.9259597405151,0.36703897927382606,0.16086192517748865,0.010871009368565865,0.00019991155012338534,8.761509985039623e-05,0.0,0.0,0.0,0.1937803981185425,0.008875573859186487,0.0038898917517383815,12.130611148002208,0.3690106591260959,0.1617260519726789,11.9259597405151,0.36703897927382606,0.16086192517748865,0.1937803981185425,0.008875573859186487,0.0038898917517383815,0.0,0.0,0.0,300.0,0.0,0.0,0.0,0.0,0.0,0.0,0.0,0.0,0.0,0.0,0.0,0.0,0.0,0.0,1.0,0.0,0.0,0.0,0.0,0.0,0.0,0.0,0.0,0.0,0.0,0.0,0.0,0.0,0.0,1.0,0.0,0.0,17.902166666666666,0.5446531972394526,0.23870478834524328,0.0,0.0,0.0,0.0,0.0,0.0,0.0,0.0,0.0,0.0,0.0,0.0,0.0,0.0,0.0,,,,0.0,0.0,0.0,0.0,0.0,0.0
85aabe97be77ed6005b9d1d5463d30f98660c1f46bfbb7581f87fbd9b72484d1,60,current,Optimized Pattern Generator,dynamic_session,Dynamic Session Pattern Assignment,50,6,5,5,15.0,180,time_only_baseline,A0) Time Prior + Hungarian (Baseline),False,500,20,0.7475,0.016285285576734292,0.007137341094184649,0.7475,0.016285285576734292,0.007137341094184649,500.0,0.0,0.0,500.0,0.0,0.0,0.0,0.0,0.0,0.0,0.0,0.0,1.019590275847,0.068233359903507,0.029904588491180224,418.74000000000007,5.900080284913167,2.5858241955953445,33.972847850149265,0.9132985154285945,0.4002707225926036,33.62729369032168,0.9081357854281243,0.39800805640742,0.023664254315372092,0.0004090793747157792,0.00017928694085128785,0.0,0.0,0.0,0.31788654486008455,0.01767902162655451,0.007748172850002297,33.96884448949713,0.913201801627379,0.4002283359003631,33.62729369032168,0.9081357854281243,0.39800805640742,0.31788654486008455,0.01767902162655451,0.007748172850002297,0.0,0.0,0.0,500.0,0.0,0.0,0.0,0.0,0.0,0.0,0.0,0.0,0.0,0.0,0.0,0.0,0.0,0.0,1.0,0.0,0.0,0.0,0.0,0.0,0.0,0.0,0.0,0.0,0.0,0.0,0.0,0.0,0.0,1.0,0.0,0.0,29.0822,0.7010379973184128,0.30724344889560007,0.0,0.0,0.0,0.0,0.0,0.0,0.0,0.0,0.0,0.0,0.0,0.0,0.0,0.0,0.0,,,,0.0,0.0,0.0,0.0,0.0,0.0
85aabe97be77ed6005b9d1d5463d30f98660c1f46bfbb7581f87fbd9b72484d1,60,current,Optimized Pattern Generator,dynamic_session,Dynamic Session Pattern Assignment,50,6,5,5,15.0,180,single_only,A1) Refined Cost + Greedy 1:1,True,100,20,0.9679999999999997,0.020925934551223883,0.009171195181252638,0.9679999999999997,0.020925934551223883,0.009171195181252638,100.0,0.0,0.0,100.0,0.0,0.0,0.0,0.0,0.0,0.0,0.0,0.0,1.195012606244324,0.10487918502867784,0.045965329481184765,419.05000000000007,9.351976993353361,4.098684631105834,1.919741041699308,0.08671032308245416,0.03800247464561397,1.434144806137192,0.06931864503190388,0.03038023567030497,0.4056402900590911,0.0193832894541431,0.008495101158015677,0.0,0.0,0.0,0.07922139150323346,0.009611401788935325,0.004212382560788004,1.9190064876995165,0.08675437068401425,0.038021779358155476,1.434144806137192,0.06931864503190388,0.03038023567030497,0.07922139150323346,0.009611401788935325,0.004212382560788004,0.0,0.0,0.0,100.0,0.0,0.0,0.0,0.0,0.0,0.0,0.0,0.0,0.0,0.0,0.0,0.0,0.0,0.0,1.0,0.0,0.0,0.0,0.0,0.0,0.0,0.0,0.0,0.0,0.0,0.0,0.0,0.0,0.0,1.0,0.0,0.0,6.586999999999999,0.31838573096828704,0.13953869895216575,0.0,0.0,0.0,0.0,0.0,0.0,0.0,0.0,0.0,0.0,0.0,0.0,0.0,0.0,0.0,,,,0.0,0.0,0.0,0.0,0.0,0.0
85aabe97be77ed6005b9d1d5463d30f98660c1f46bfbb7581f87fbd9b72484d1,60,current,Optimized Pattern Generator,dynamic_session,Dynamic Session Pattern Assignment,50,6,5,5,15.0,180,single_only,A1) Refined Cost + Greedy 1:1,True,300,20,0.9391666666666666,0.013415318118998066,0.0058795223977574,0.9391666666666666,0.013415318118998066,0.0058795223977574,300.0,0.0,0.0,300.0,0.0,0.0,0.0,0.0,0.0,0.0,0.0,0.0,1.1563982664071366,0.06954730429215127,0.030480450009626167,424.2800000000001,6.207516665937733,2.7205641303539263,15.499740016844589,0.48274202711722153,0.2115710216931102,12.03874261797173,0.3851514563117949,0.1688000682374579,3.2669629343901763,0.09961566237488967,0.0436584889680086,0.0,0.0,0.0,0.19212536443665157,0.006933036878853107,0.0030385373833191898,15.497830916798558,0.4827609162846821,0.21157930023575633,12.03874261797173,0.3851514563117949,0.1688000682374579,0.19212536443665157,0.006933036878853107,0.0030385373833191898,0.0,0.0,0.0,300.0,0.0,0.0,0.0,0.0,0.0,0.0,0.0,0.0,0.0,0.0,0.0,0.0,0.0,0.0,1.0,0.0,0.0,0.0,0.0,0.0,0.0,0.0,0.0,0.0,0.0,0.0,0.0,0.0,0.0,1.0,0.0,0.0,17.902166666666666,0.5446531972394526,0.23870478834524328,0.0,0.0,0.0,0.0,0.0,0.0,0.0,0.0,0.0,0.0,0.0,0.0,0.0,0.0,0.0,,,,0.0,0.0,0.0,0.0,0.0,0.0
85aabe97be77ed6005b9d1d5463d30f98660c1f46bfbb7581f87fbd9b72484d1,60,current,Optimized Pattern Generator,dynamic_session,Dynamic Session Pattern Assignment,50,6,5,5,15.0,180,single_only,A1) Refined Cost + Greedy 1:1,True,500,20,0.9314000000000002,0.012717166185494034,0.0055735438220975665,0.9314000000000002,0.012717166185494034,0.0055735438220975665,500.0,0.0,0.0,500.0,0.0,0.0,0.0,0.0,0.0,0.0,0.0,0.0,1.1208639731189816,0.04143565654403406,0.018159977166059656,418.74000000000007,5.900080284913167,2.5858241955953445,43.34347247929545,1.0999342117254751,0.4820674229663785,34.08643591554428,0.8687599542377386,0.3807508375058172,8.935519649735943,0.2291605993728396,0.10043406088060394,0.0,0.0,0.0,0.3173860076160054,0.014047610109821583,0.006156636580886971,43.33934157289623,1.0997056004029406,0.48196722963668626,34.08643591554428,0.8687599542377386,0.3807508375058172,0.3173860076160054,0.014047610109821583,0.006156636580886971,0.0,0.0,0.0,500.0,0.0,0.0,0.0,0.0,0.0,0.0,0.0,0.0,0.0,0.0,0.0,0.0,0.0,0.0,1.0,0.0,0.0,0.0,0.0,0.0,0.0,0.0,0.0,0.0,0.0,0.0,0.0,0.0,0.0,1.0,0.0,0.0,29.0822,0.7010379973184128,0.30724344889560007,0.0,0.0,0.0,0.0,0.0,0.0,0.0,0.0,0.0,0.0,0.0,0.0,0.0,0.0,0.0,,,,0.0,0.0,0.0,0.0,0.0,0.0
85aabe97be77ed6005b9d1d5463d30f98660c1f46bfbb7581f87fbd9b72484d1,60,current,Optimized Pattern Generator,dynamic_session,Dynamic Session Pattern Assignment,50,6,5,5,15.0,180,nomura_original_interval_hungarian,A2) Corr+DTW + Hungarian,False,100,20,0.915,0.01468977445995038,0.0064380775162515055,0.915,0.01468977445995038,0.0064380775162515055,100.0,0.0,0.0,100.0,0.0,0.0,0.0,0.0,0.0,0.0,0.0,0.0,0.13733339580214163,0.009881775286034181,0.004330878970478172,419.05000000000007,9.351976993353361,4.098684631105834,2.4911847979514277,0.11796312753830752,0.05169962011477007,1.4354318721729213,0.06982838701322729,0.030603639943664985,0.982333521268447,0.04815423666949941,0.021104524733132294,0.0,0.0,0.0,0.07274419200693956,0.0016428923460596514,0.0007200293172386838,2.490509585448308,0.11795943748882795,0.05169800287928065,1.4354318721729213,0.06982838701322729,0.030603639943664985,0.07274419200693956,0.0016428923460596514,0.0007200293172386838,0.0,0.0,0.0,100.0,0.0,0.0,0.0,0.0,0.0,0.0,0.0,0.0,0.0,0.0,0.0,0.0,0.0,0.0,1.0,0.0,0.0,0.0,0.0,0.0,0.0,0.0,0.0,0.0,0.0,0.0,0.0,0.0,0.0,1.0,0.0,0.0,6.586999999999999,0.31838573096828704,0.13953869895216575,0.0,0.0,0.0,0.0,0.0,0.0,0.0,0.0,0.0,0.0,0.0,0.0,0.0,0.0,0.0,,,,0.0,0.0,0.0,0.0,0.0,0.0
85aabe97be77ed6005b9d1d5463d30f98660c1f46bfbb7581f87fbd9b72484d1,60,current,Optimized Pattern Generator,dynamic_session,Dynamic Session Pattern Assignment,50,6,5,5,15.0,180,nomura_original_interval_hungarian,A2) Corr+DTW + Hungarian,False,300,20,0.8505,0.023946211655115276,0.01049488998462936,0.8505,0.023946211655115276,0.01049488998462936,300.0,0.0,0.0,300.0,0.0,0.0,0.0,0.0,0.0,0.0,0.0,0.0,0.13294312759631294,0.0064783147868370606,0.002839246639629906,424.2800000000001,6.207516665937733,2.7205641303539263,20.096994570801325,0.6287214337739089,0.2755493175066001,12.04789291293855,0.3892335320649662,0.17058911681664324,7.854069620235532,0.2406884643562985,0.10548637046934084,0.0,0.0,0.0,0.1931861147764721,0.008909118653837736,0.0039045934062001486,20.095148647950555,0.6285768531633242,0.2754859522601949,12.04789291293855,0.3892335320649662,0.17058911681664324,0.1931861147764721,0.008909118653837736,0.0039045934062001486,0.0,0.0,0.0,300.0,0.0,0.0,0.0,0.0,0.0,0.0,0.0,0.0,0.0,0.0,0.0,0.0,0.0,0.0,1.0,0.0,0.0,0.0,0.0,0.0,0.0,0.0,0.0,0.0,0.0,0.0,0.0,0.0,0.0,1.0,0.0,0.0,17.902166666666666,0.5446531972394526,0.23870478834524328,0.0,0.0,0.0,0.0,0.0,0.0,0.0,0.0,0.0,0.0,0.0,0.0,0.0,0.0,0.0,,,,0.0,0.0,0.0,0.0,0.0,0.0
85aabe97be77ed6005b9d1d5463d30f98660c1f46bfbb7581f87fbd9b72484d1,60,current,Optimized Pattern Generator,dynamic_session,Dynamic Session Pattern Assignment,50,6,5,5,15.0,180,nomura_original_interval_hungarian,A2) Corr+DTW + Hungarian,False,500,20,0.8366,0.018762785114773278,0.00822315314091543,0.8366,0.018762785114773278,0.00822315314091543,500.0,0.0,0.0,500.0,0.0,0.0,0.0,0.0,0.0,0.0,0.0,0.0,0.12529475588985675,0.005047690423886071,0.0022122478677680606,418.74000000000007,5.900080284913167,2.5858241955953445,56.39506199379976,1.3696870680829198,0.600291824858615,34.4090029472005,0.8673812565776362,0.3801465966148891,21.663126046926482,0.5113374709106924,0.22410352750222934,0.0,0.0,0.0,0.3188312912738184,0.01372242863104769,0.006014119514140754,56.390960285400794,1.369644905693385,0.6002733463766726,34.4090029472005,0.8673812565776362,0.3801465966148891,0.3188312912738184,0.01372242863104769,0.006014119514140754,0.0,0.0,0.0,500.0,0.0,0.0,0.0,0.0,0.0,0.0,0.0,0.0,0.0,0.0,0.0,0.0,0.0,0.0,1.0,0.0,0.0,0.0,0.0,0.0,0.0,0.0,0.0,0.0,0.0,0.0,0.0,0.0,0.0,1.0,0.0,0.0,29.0822,0.7010379973184128,0.30724344889560007,0.0,0.0,0.0,0.0,0.0,0.0,0.0,0.0,0.0,0.0,0.0,0.0,0.0,0.0,0.0,,,,0.0,0.0,0.0,0.0,0.0,0.0
85aabe97be77ed6005b9d1d5463d30f98660c1f46bfbb7581f87fbd9b72484d1,60,current,Optimized Pattern Generator,dynamic_session,Dynamic Session Pattern Assignment,50,6,5,5,15.0,180,bayesian_windowed,A3) Bayesian Posterior + Hungarian + Lock,False,100,20,0.9785,0.01785172850248165,0.007823864975694221,0.9785,0.01785172850248165,0.007823864975694221,100.0,0.0,0.0,100.0,0.0,0.0,0.0,0.0,0.0,0.0,0.0,0.0,0.1375462537208976,0.025377919378120322,0.0111223635599693,419.05000000000007,9.351976993353361,4.098684631105834,1.8796367541493963,0.0855746342334065,0.03750473706193319,1.4357214692412525,0.06867826687351294,0.030099577567985192,0.371782875637291,0.016850775615165323,0.007385178030824677,0.0,0.0,0.0,0.07137296967412113,0.000993016995182011,0.00043520888679175334,1.8788773145526647,0.085603940682006,0.03751758117933772,1.4357214692412525,0.06867826687351294,0.030099577567985192,0.07137296967412113,0.000993016995182011,0.00043520888679175334,0.0,0.0,0.0,100.0,0.0,0.0,0.0,0.0,0.0,0.0,0.0,0.0,0.0,0.0,0.0,0.0,0.0,0.0,1.0,0.0,0.0,0.0,0.0,0.0,0.0,0.0,0.0,0.0,0.0,0.0,0.0,0.0,0.0,1.0,0.0,0.0,6.586999999999999,0.31838573096828704,0.13953869895216575,0.0,0.0,0.0,0.0,0.0,0.0,0.0,0.0,0.0,0.0,0.0,0.0,0.0,0.0,0.0,,,,0.0,0.0,0.0,0.0,0.0,0.0
85aabe97be77ed6005b9d1d5463d30f98660c1f46bfbb7581f87fbd9b72484d1,60,current,Optimized Pattern Generator,dynamic_session,Dynamic Session Pattern Assignment,50,6,5,5,15.0,180,bayesian_windowed,A3) Bayesian Posterior + Hungarian + Lock,False,300,20,0.9640000000000001,0.0115267296782749,0.005051812019301843,0.9640000000000001,0.0115267296782749,0.005051812019301843,300.0,0.0,0.0,300.0,0.0,0.0,0.0,0.0,0.0,0.0,0.0,0.0,0.32710306135692574,0.021763294087001072,0.009538184178599309,424.2800000000001,6.207516665937733,2.7205641303539263,15.15675531465531,0.46713511725308865,0.20473099186362723,12.050066671917739,0.37759891738243284,0.16549002210949956,2.912269300430489,0.08764080967809935,0.038410278376496916,0.0,0.0,0.0,0.19260072990146,0.0067704679149852036,0.0029672883934880835,15.154936702249689,0.46706362021140385,0.20469965690352934,12.050066671917739,0.37759891738243284,0.16549002210949956,0.19260072990146,0.0067704679149852036,0.0029672883934880835,0.0,0.0,0.0,300.0,0.0,0.0,0.0,0.0,0.0,0.0,0.0,0.0,0.0,0.0,0.0,0.0,0.0,0.0,1.0,0.0,0.0,0.0,0.0,0.0,0.0,0.0,0.0,0.0,0.0,0.0,0.0,0.0,0.0,1.0,0.0,0.0,17.902166666666666,0.5446531972394526,0.23870478834524328,0.0,0.0,0.0,0.0,0.0,0.0,0.0,0.0,0.0,0.0,0.0,0.0,0.0,0.0,0.0,,,,0.0,0.0,0.0,0.0,0.0,0.0
85aabe97be77ed6005b9d1d5463d30f98660c1f46bfbb7581f87fbd9b72484d1,60,current,Optimized Pattern Generator,dynamic_session,Dynamic Session Pattern Assignment,50,6,5,5,15.0,180,bayesian_windowed,A3) Bayesian Posterior + Hungarian + Lock,False,500,20,0.9556999999999999,0.009251457922090478,0.004054630205735559,0.9556999999999999,0.009251457922090478,0.004054630205735559,500.0,0.0,0.0,500.0,0.0,0.0,0.0,0.0,0.0,0.0,0.0,0.0,0.4992049347713269,0.027752436635642527,0.012163041632276241,418.74000000000007,5.900080284913167,2.5858241955953445,42.00356151250016,1.0071828148739415,0.441417331006233,33.836356780793,0.8299164517983633,0.36372692196584727,7.844876159730484,0.18050911488704144,0.07911160768336581,0.0,0.0,0.0,0.31813878452667266,0.009760687826486324,0.004277810051486906,41.99937172505015,1.0069986494002374,0.44133661692864407,33.836356780793,0.8299164517983633,0.36372692196584727,0.31813878452667266,0.009760687826486324,0.004277810051486906,0.0,0.0,0.0,500.0,0.0,0.0,0.0,0.0,0.0,0.0,0.0,0.0,0.0,0.0,0.0,0.0,0.0,0.0,1.0,0.0,0.0,0.0,0.0,0.0,0.0,0.0,0.0,0.0,0.0,0.0,0.0,0.0,0.0,1.0,0.0,0.0,29.0822,0.7010379973184128,0.30724344889560007,0.0,0.0,0.0,0.0,0.0,0.0,0.0,0.0,0.0,0.0,0.0,0.0,0.0,0.0,0.0,,,,0.0,0.0,0.0,0.0,0.0,0.0
85aabe97be77ed6005b9d1d5463d30f98660c1f46bfbb7581f87fbd9b72484d1,60,current,Optimized Pattern Generator,dynamic_session,Dynamic Session Pattern Assignment,50,6,5,15,5.0,60,time_only_baseline,A0) Time Prior + Hungarian (Baseline),False,100,20,0.9220000000000003,0.019084300519426656,0.00836406347983662,0.9220000000000003,0.019084300519426656,0.00836406347983662,100.0,0.0,0.0,100.0,0.0,0.0,0.0,0.0,0.0,0.0,0.0,0.0,1.574400248135,0.16420731862054644,0.07196703046034773,409.96500000000003,11.469285069262153,5.026635809365937,1.4395550874469336,0.0782017969799218,0.03427344866590961,1.3563892864389344,0.07791967586910759,0.03414980363750261,0.002425993944052607,7.107010530403732e-05,3.114784697906758e-05,0.0,0.0,0.0,0.07990852591465228,0.0036921879812207535,0.001618172729096595,1.4387238062976393,0.07824516925978392,0.03429245740566733,1.3563892864389344,0.07791967586910759,0.03414980363750261,0.07990852591465228,0.0036921879812207535,0.001618172729096595,0.0,0.0,0.0,100.0,0.0,0.0,0.0,0.0,0.0,0.0,0.0,0.0,0.0,0.0,0.0,0.0,0.0,0.0,1.0,0.0,0.0,0.0,0.0,0.0,0.0,0.0,0.0,0.0,0.0,0.0,0.0,0.0,0.0,1.0,0.0,0.0,6.2375,0.3847059711136887,0.16860482574101457,0.0,0.0,0.0,0.0,0.0,0.0,0.0,0.0,0.0,0.0,0.0,0.0,0.0,0.0,0.0,,,,0.0,0.0,0.0,0.0,0.0,0.0
85aabe97be77ed6005b9d1d5463d30f98660c1f46bfbb7581f87fbd9b72484d1,60,current,Optimized Pattern Generator,dynamic_session,Dynamic Session Pattern Assignment,50,6,5,15,5.0,60,time_only_baseline,A0) Time Prior + Hungarian (Baseline),False,300,20,0.8008333333333333,0.021787785622664393,0.009548918067368153,0.8008333333333333,0.021787785622664393,0.009548918067368153,300.0,0.0,0.0,300.0,0.0,0.0,0.0,0.0,0.0,0.0,0.0,0.0,1.3304502562583336,0.07431207286272007,0.032568701908112056,410.6250000000001,6.285394515106133,2.7546956026316014,11.846718814744964,0.3564828323596013,0.15623548980967514,11.618838377602515,0.3563345364145178,0.15617049624613225,0.010983788951125461,0.0002202666727366969,9.653612566972296e-05,0.0,0.0,0.0,0.21485277299070732,0.008155224852431513,0.0035741848797991803,11.844674939544348,0.35632759536944275,0.1561674541990022,11.618838377602515,0.3563345364145178,0.15617049624613225,0.21485277299070732,0.008155224852431513,0.0035741848797991803,0.0,0.0,0.0,300.0,0.0,0.0,0.0,0.0,0.0,0.0,0.0,0.0,0.0,0.0,0.0,0.0,0.0,0.0,1.0,0.0,0.0,0.0,0.0,0.0,0.0,0.0,0.0,0.0,0.0,0.0,0.0,0.0,0.0,1.0,0.0,0.0,17.124,0.48197037107740487,0.21123282852249564,0.0,0.0,0.0,0.0,0.0,0.0,0.0,0.0,0.0,0.0,0.0,0.0,0.0,0.0,0.0,,,,0.0,0.0,0.0,0.0,0.0,0.0
85aabe97be77ed6005b9d1d5463d30f98660c1f46bfbb7581f87fbd9b72484d1,60,current,Optimized Pattern Generator,dynamic_session,Dynamic Session Pattern Assignment,50,6,5,15,5.0,60,time_only_baseline,A0) Time Prior + Hungarian (Baseline),False,500,20,0.6980999999999999,0.0182436722988374,0.007995641918208337,0.6980999999999999,0.0182436722988374,0.007995641918208337,500.0,0.0,0.0,500.0,0.0,0.0,0.0,0.0,0.0,0.0,0.0,0.0,1.192540271454,0.050195372539561973,0.021999091970259815,413.265,5.995812134973438,2.6277805287672753,32.979883223002254,0.7416159328327003,0.32502751324612383,32.59680975631345,0.7353030213483149,0.322260757799979,0.02395301355572883,0.0005261500461643645,0.00023059542483928162,0.0,0.0,0.0,0.35466642813407817,0.0166416893248924,0.007293541923814829,32.975429198003255,0.741629307606634,0.32503337499924895,32.59680975631345,0.7353030213483149,0.322260757799979,0.35466642813407817,0.0166416893248924,0.007293541923814829,0.0,0.0,0.0,500.0,0.0,0.0,0.0,0.0,0.0,0.0,0.0,0.0,0.0,0.0,0.0,0.0,0.0,0.0,1.0,0.0,0.0,0.0,0.0,0.0,0.0,0.0,0.0,0.0,0.0,0.0,0.0,0.0,0.0,1.0,0.0,0.0,27.576899999999995,0.493368006131006,0.21622806232796263,0.0,0.0,0.0,0.0,0.0,0.0,0.0,0.0,0.0,0.0,0.0,0.0,0.0,0.0,0.0,,,,0.0,0.0,0.0,0.0,0.0,0.0
85aabe97be77ed6005b9d1d5463d30f98660c1f46bfbb7581f87fbd9b72484d1,60,current,Optimized Pattern Generator,dynamic_session,Dynamic Session Pattern Assignment,50,6,5,15,5.0,60,single_only,A1) Refined Cost + Greedy 1:1,True,100,20,0.9785,0.017554426642213142,0.007693566690492304,0.9785,0.017554426642213142,0.007693566690492304,100.0,0.0,0.0,100.0,0.0,0.0,0.0,0.0,0.0,0.0,0.0,0.0,1.103565742915976,0.12536952567118412,0.05494561721470383,409.96500000000003,11.469285069262153,5.026635809365937,1.8641038979476434,0.10417058937833681,0.045654773744811014,1.3776837900135432,0.08487114111312455,0.037196417607957034,0.38982198549201713,0.02282141517743893,0.010001926193181779,0.0,0.0,0.0,0.09584474334697006,0.009369463932737217,0.004106348620201255,1.8633505188525306,0.10422658455049293,0.04567931471103618,1.3776837900135432,0.08487114111312455,0.037196417607957034,0.09584474334697006,0.009369463932737217,0.004106348620201255,0.0,0.0,0.0,100.0,0.0,0.0,0.0,0.0,0.0,0.0,0.0,0.0,0.0,0.0,0.0,0.0,0.0,0.0,1.0,0.0,0.0,0.0,0.0,0.0,0.0,0.0,0.0,0.0,0.0,0.0,0.0,0.0,0.0,1.0,0.0,0.0,6.2375,0.3847059711136887,0.16860482574101457,0.0,0.0,0.0,0.0,0.0,0.0,0.0,0.0,0.0,0.0,0.0,0.0,0.0,0.0,0.0,,,,0.0,0.0,0.0,0.0,0.0,0.0
85aabe97be77ed6005b9d1d5463d30f98660c1f46bfbb7581f87fbd9b72484d1,60,current,Optimized Pattern Generator,dynamic_session,Dynamic Session Pattern Assignment,50,6,5,15,5.0,60,single_only,A1) Refined Cost + Greedy 1:1,True,300,20,0.9581666666666667,0.01391179397834465,0.006097112536811972,0.9581666666666667,0.01391179397834465,0.006097112536811972,300.0,0.0,0.0,300.0,0.0,0.0,0.0,0.0,0.0,0.0,0.0,0.0,1.07203466552668,0.05636928431779778,0.0247049281092113,410.6250000000001,6.285394515106133,2.7546956026316014,15.16537858130032,0.4308418908733511,0.18882478408728243,11.757279382226988,0.3383504113791984,0.14828860593154558,3.1899497451537173,0.08812849353920446,0.03862401525242919,0.0,0.0,0.0,0.2162693725709687,0.011158614106428951,0.004890478256625988,15.163498499951675,0.4307917947514399,0.1888028284938179,11.757279382226988,0.3383504113791984,0.14828860593154558,0.2162693725709687,0.011158614106428951,0.004890478256625988,0.0,0.0,0.0,300.0,0.0,0.0,0.0,0.0,0.0,0.0,0.0,0.0,0.0,0.0,0.0,0.0,0.0,0.0,1.0,0.0,0.0,0.0,0.0,0.0,0.0,0.0,0.0,0.0,0.0,0.0,0.0,0.0,0.0,1.0,0.0,0.0,17.124,0.48197037107740487,0.21123282852249564,0.0,0.0,0.0,0.0,0.0,0.0,0.0,0.0,0.0,0.0,0.0,0.0,0.0,0.0,0.0,,,,0.0,0.0,0.0,0.0,0.0,0.0
85aabe97be77ed6005b9d1d5463d30f98660c1f46bfbb7581f87fbd9b72484d1,60,current,Optimized Pattern Generator,dynamic_session,Dynamic Session Pattern Assignment,50,6,5,15,5.0,60,single_only,A1) Refined Cost + Greedy 1:1,True,500,20,0.9420999999999999,0.011303935039110069,0.004954167963495604,0.9420999999999999,0.011303935039110069,0.004954167963495604,500.0,0.0,0.0,500.0,0.0,0.0,0.0,0.0,0.0,0.0,0.0,0.0,1.074617581450426,0.040696443335233756,0.017836002693049982,413.265,5.995812134973438,2.6277805287672753,42.01708664385224,0.922629840959469,0.4043603563212177,32.994735408236735,0.7314065691055222,0.3205530623111296,8.654645888756203,0.18313472205692552,0.08026233076172384,0.0,0.0,0.0,0.3631562800583197,0.019652020486729954,0.008612877725895147,42.01253757705126,0.9222870220772752,0.4042101093216047,32.994735408236735,0.7314065691055222,0.3205530623111296,0.3631562800583197,0.019652020486729954,0.008612877725895147,0.0,0.0,0.0,500.0,0.0,0.0,0.0,0.0,0.0,0.0,0.0,0.0,0.0,0.0,0.0,0.0,0.0,0.0,1.0,0.0,0.0,0.0,0.0,0.0,0.0,0.0,0.0,0.0,0.0,0.0,0.0,0.0,0.0,1.0,0.0,0.0,27.576899999999995,0.493368006131006,0.21622806232796263,0.0,0.0,0.0,0.0,0.0,0.0,0.0,0.0,0.0,0.0,0.0,0.0,0.0,0.0,0.0,,,,0.0,0.0,0.0,0.0,0.0,0.0
85aabe97be77ed6005b9d1d5463d30f98660c1f46bfbb7581f87fbd9b72484d1,60,current,Optimized Pattern Generator,dynamic_session,Dynamic Session Pattern Assignment,50,6,5,15,5.0,60,nomura_original_interval_hungarian,A2) Corr+DTW + Hungarian,False,100,20,0.9340000000000002,0.03152275702609647,0.01381545739951792,0.9340000000000002,0.03152275702609647,0.01381545739951792,100.0,0.0,0.0,100.0,0.0,0.0,0.0,0.0,0.0,0.0,0.0,0.0,0.10746118634171228,0.009404322502981009,0.004121626062203314,409.96500000000003,11.469285069262153,5.026635809365937,2.4298499479016753,0.14526707180001738,0.06366610129768759,1.3938363894616486,0.08849871734633609,0.03878627298995767,0.9540067355366773,0.05632488246720665,0.024685468140186587,0.0,0.0,0.0,0.08128368545003468,0.005063163674772734,0.0022190293189678963,2.4291268104483605,0.1452406591939476,0.06365452546269114,1.3938363894616486,0.08849871734633609,0.03878627298995767,0.08128368545003468,0.005063163674772734,0.0022190293189678963,0.0,0.0,0.0,100.0,0.0,0.0,0.0,0.0,0.0,0.0,0.0,0.0,0.0,0.0,0.0,0.0,0.0,0.0,1.0,0.0,0.0,0.0,0.0,0.0,0.0,0.0,0.0,0.0,0.0,0.0,0.0,0.0,0.0,1.0,0.0,0.0,6.2375,0.3847059711136887,0.16860482574101457,0.0,0.0,0.0,0.0,0.0,0.0,0.0,0.0,0.0,0.0,0.0,0.0,0.0,0.0,0.0,,,,0.0,0.0,0.0,0.0,0.0,0.0
85aabe97be77ed6005b9d1d5463d30f98660c1f46bfbb7581f87fbd9b72484d1,60,current,Optimized Pattern Generator,dynamic_session,Dynamic Session Pattern Assignment,50,6,5,15,5.0,60,nomura_original_interval_hungarian,A2) Corr+DTW + Hungarian,False,300,20,0.8811666666666668,0.022038642299061106,0.009658860853250566,0.8811666666666668,0.022038642299061106,0.009658860853250566,300.0,0.0,0.0,300.0,0.0,0.0,0.0,0.0,0.0,0.0,0.0,0.0,0.1034499902729813,0.005255049434902478,0.002303126961266504,410.6250000000001,6.285394515106133,2.7546956026316014,19.95121397705079,0.6288635708275491,0.27561161181695604,11.939288720901823,0.3821897187384156,0.167502029514522,7.7913971353860685,0.24458142858869505,0.10719253727023317,0.0,0.0,0.0,0.21852965001453412,0.01187922365073004,0.005206299314179296,19.949215506302426,0.6288148219870286,0.2755902466955954,11.939288720901823,0.3821897187384156,0.167502029514522,0.21852965001453412,0.01187922365073004,0.005206299314179296,0.0,0.0,0.0,300.0,0.0,0.0,0.0,0.0,0.0,0.0,0.0,0.0,0.0,0.0,0.0,0.0,0.0,0.0,1.0,0.0,0.0,0.0,0.0,0.0,0.0,0.0,0.0,0.0,0.0,0.0,0.0,0.0,0.0,1.0,0.0,0.0,17.124,0.48197037107740487,0.21123282852249564,0.0,0.0,0.0,0.0,0.0,0.0,0.0,0.0,0.0,0.0,0.0,0.0,0.0,0.0,0.0,,,,0.0,0.0,0.0,0.0,0.0,0.0
85aabe97be77ed6005b9d1d5463d30f98660c1f46bfbb7581f87fbd9b72484d1,60,current,Optimized Pattern Generator,dynamic_session,Dynamic Session Pattern Assignment,50,6,5,15,5.0,60,nomura_original_interval_hungarian,A2) Corr+DTW + Hungarian,False,500,20,0.8624,0.02330213453064357,0.010212610738947378,0.8624,0.02330213453064357,0.010212610738947378,500.0,0.0,0.0,500.0,0.0,0.0,0.0,0.0,0.0,0.0,0.0,0.0,0.10168936439554939,0.003417506071203422,0.0014977880741909011,413.265,5.995812134973438,2.6277805287672753,54.5114910186021,0.9791778086458409,0.42914359586951073,33.23390878293867,0.6099238179619932,0.2673108991396079,20.913291150475562,0.3636773434669019,0.1593886233262322,0.0,0.0,0.0,0.3595258436893346,0.01763973780715735,0.007730955957047074,54.50672577710357,0.9792715726915838,0.42918468977441554,33.23390878293867,0.6099238179619932,0.2673108991396079,0.3595258436893346,0.01763973780715735,0.007730955957047074,0.0,0.0,0.0,500.0,0.0,0.0,0.0,0.0,0.0,0.0,0.0,0.0,0.0,0.0,0.0,0.0,0.0,0.0,1.0,0.0,0.0,0.0,0.0,0.0,0.0,0.0,0.0,0.0,0.0,0.0,0.0,0.0,0.0,1.0,0.0,0.0,27.576899999999995,0.493368006131006,0.21622806232796263,0.0,0.0,0.0,0.0,0.0,0.0,0.0,0.0,0.0,0.0,0.0,0.0,0.0,0.0,0.0,,,,0.0,0.0,0.0,0.0,0.0,0.0
85aabe97be77ed6005b9d1d5463d30f98660c1f46bfbb7581f87fbd9b72484d1,60,current,Optimized Pattern Generator,dynamic_session,Dynamic Session Pattern Assignment,50,6,5,15,5.0,60,bayesian_windowed,A3) Bayesian Posterior + Hungarian + Lock,False,100,20,0.9899999999999999,0.010760551736979419,0.004716019731220726,0.9899999999999999,0.010760551736979419,0.004716019731220726,100.0,0.0,0.0,100.0,0.0,0.0,0.0,0.0,0.0,0.0,0.0,0.0,0.13371499455950925,0.02359073760559721,0.010339096613393292,409.96500000000003,11.469285069262153,5.026635809365937,1.8336530604501604,0.11594231904097309,0.050813961741538474,1.3913045512410462,0.09259330365942538,0.04058080456377602,0.36194320594804597,0.021937000162843327,0.00961431422296216,0.0,0.0,0.0,0.07968587191571715,0.002978808370316618,0.0013055203295627715,1.8329336291048093,0.11594655346278283,0.050815817558720826,1.3913045512410462,0.09259330365942538,0.04058080456377602,0.07968587191571715,0.002978808370316618,0.0013055203295627715,0.0,0.0,0.0,100.0,0.0,0.0,0.0,0.0,0.0,0.0,0.0,0.0,0.0,0.0,0.0,0.0,0.0,0.0,1.0,0.0,0.0,0.0,0.0,0.0,0.0,0.0,0.0,0.0,0.0,0.0,0.0,0.0,0.0,1.0,0.0,0.0,6.2375,0.3847059711136887,0.16860482574101457,0.0,0.0,0.0,0.0,0.0,0.0,0.0,0.0,0.0,0.0,0.0,0.0,0.0,0.0,0.0,,,,0.0,0.0,0.0,0.0,0.0,0.0
85aabe97be77ed6005b9d1d5463d30f98660c1f46bfbb7581f87fbd9b72484d1,60,current,Optimized Pattern Generator,dynamic_session,Dynamic Session Pattern Assignment,50,6,5,15,5.0,60,bayesian_windowed,A3) Bayesian Posterior + Hungarian + Lock,False,300,20,0.9756666666666668,0.010434983894999018,0.004573333333333333,0.9756666666666668,0.010434983894999018,0.004573333333333333,300.0,0.0,0.0,300.0,0.0,0.0,0.0,0.0,0.0,0.0,0.0,0.0,0.3252983520563462,0.027532159550983627,0.012066500943380416,410.6250000000001,6.285394515106133,2.7546956026316014,14.871724666598311,0.4573265899870305,0.20043221525331828,11.793082588721882,0.375385550271677,0.16451997120301234,2.856459680183616,0.08324540144420117,0.036483905782924625,0.0,0.0,0.0,0.22020429144613446,0.016916820411527374,0.007414123439052909,14.869746560351633,0.45732924839226197,0.20043338035078087,11.793082588721882,0.375385550271677,0.16451997120301234,0.22020429144613446,0.016916820411527374,0.007414123439052909,0.0,0.0,0.0,300.0,0.0,0.0,0.0,0.0,0.0,0.0,0.0,0.0,0.0,0.0,0.0,0.0,0.0,0.0,1.0,0.0,0.0,0.0,0.0,0.0,0.0,0.0,0.0,0.0,0.0,0.0,0.0,0.0,0.0,1.0,0.0,0.0,17.124,0.48197037107740487,0.21123282852249564,0.0,0.0,0.0,0.0,0.0,0.0,0.0,0.0,0.0,0.0,0.0,0.0,0.0,0.0,0.0,,,,0.0,0.0,0.0,0.0,0.0,0.0
85aabe97be77ed6005b9d1d5463d30f98660c1f46bfbb7581f87fbd9b72484d1,60,current,Optimized Pattern Generator,dynamic_session,Dynamic Session Pattern Assignment,50,6,5,15,5.0,60,bayesian_windowed,A3) Bayesian Posterior + Hungarian + Lock,False,500,20,0.9615000000000002,0.008049190871398854,0.003527713438654446,0.9615000000000002,0.008049190871398854,0.003527713438654446,500.0,0.0,0.0,500.0,0.0,0.0,0.0,0.0,0.0,0.0,0.0,0.0,0.5048217486214472,0.028882528384964475,0.012658326178846165,413.265,5.995812134973438,2.6277805287672753,40.796927433405656,0.6477962361275528,0.28390921823174375,32.8164064543962,0.5295804094886178,0.23209884785306992,7.622504378276062,0.11547057334310148,0.05060721007362581,0.0,0.0,0.0,0.3536126547754975,0.015090038520459708,0.006613500975308298,40.79252348744776,0.6479200348122588,0.2839634753975512,32.8164064543962,0.5295804094886178,0.23209884785306992,0.3536126547754975,0.015090038520459708,0.006613500975308298,0.0,0.0,0.0,500.0,0.0,0.0,0.0,0.0,0.0,0.0,0.0,0.0,0.0,0.0,0.0,0.0,0.0,0.0,1.0,0.0,0.0,0.0,0.0,0.0,0.0,0.0,0.0,0.0,0.0,0.0,0.0,0.0,0.0,1.0,0.0,0.0,27.576899999999995,0.493368006131006,0.21622806232796263,0.0,0.0,0.0,0.0,0.0,0.0,0.0,0.0,0.0,0.0,0.0,0.0,0.0,0.0,0.0,,,,0.0,0.0,0.0,0.0,0.0,0.0
85aabe97be77ed6005b9d1d5463d30f98660c1f46bfbb7581f87fbd9b72484d1,60,current,Optimized Pattern Generator,dynamic_session,Dynamic Session Pattern Assignment,50,6,5,15,5.0,120,time_only_baseline,A0) Time Prior + Hungarian (Baseline),False,100,20,0.9220000000000003,0.031051739505473578,0.013609024869355507,0.9220000000000003,0.031051739505473578,0.013609024869355507,100.0,0.0,0.0,100.0,0.0,0.0,0.0,0.0,0.0,0.0,0.0,0.0,1.59465025435,0.1343362894151731,0.05887547469557285,413.475,8.827223143268363,3.868701116177855,1.543739002048096,0.10868494849678961,0.047633278862097485,1.4564951441992888,0.10342872373452389,0.045329636790902496,0.0027175294409971682,0.0003808360085082086,0.00016690873984759235,0.0,0.0,0.0,0.08357580961455824,0.007764266320535724,0.00340283974847349,1.5427884832548444,0.10867810294627687,0.04763027866730467,1.4564951441992888,0.10342872373452389,0.045329636790902496,0.08357580961455824,0.007764266320535724,0.00340283974847349,0.0,0.0,0.0,100.0,0.0,0.0,0.0,0.0,0.0,0.0,0.0,0.0,0.0,0.0,0.0,0.0,0.0,0.0,1.0,0.0,0.0,0.0,0.0,0.0,0.0,0.0,0.0,0.0,0.0,0.0,0.0,0.0,0.0,1.0,0.0,0.0,6.3485,0.2396768658006025,0.10504301785459137,0.0,0.0,0.0,0.0,0.0,0.0,0.0,0.0,0.0,0.0,0.0,0.0,0.0,0.0,0.0,,,,0.0,0.0,0.0,0.0,0.0,0.0
85aabe97be77ed6005b9d1d5463d30f98660c1f46bfbb7581f87fbd9b72484d1,60,current,Optimized Pattern Generator,dynamic_session,Dynamic Session Pattern Assignment,50,6,5,15,5.0,120,time_only_baseline,A0) Time Prior + Hungarian (Baseline),False,300,20,0.8035,0.022877118985995922,0.010026339463679436,0.8035,0.022877118985995922,0.010026339463679436,300.0,0.0,0.0,300.0,0.0,0.0,0.0,0.0,0.0,0.0,0.0,0.0,1.362333592895,0.07920792097561709,0.034714401948950604,412.5550000000001,5.000576282579308,2.1915991849260235,12.460493393600336,0.8735724745472704,0.3828600175266387,12.22037449098425,0.853359658452968,0.37400136028914055,0.011706173383572605,0.0011325798184612136,0.0004963749909486344,0.0,0.0,0.0,0.2264259167801356,0.025980222401274736,0.011386334498523373,12.458506581147958,0.8735442051492278,0.38284762791668026,12.22037449098425,0.853359658452968,0.37400136028914055,0.2264259167801356,0.025980222401274736,0.011386334498523373,0.0,0.0,0.0,300.0,0.0,0.0,0.0,0.0,0.0,0.0,0.0,0.0,0.0,0.0,0.0,0.0,0.0,0.0,1.0,0.0,0.0,0.0,0.0,0.0,0.0,0.0,0.0,0.0,0.0,0.0,0.0,0.0,0.0,1.0,0.0,0.0,17.304000000000002,0.47657476724217146,0.20886810087926852,0.0,0.0,0.0,0.0,0.0,0.0,0.0,0.0,0.0,0.0,0.0,0.0,0.0,0.0,0.0,,,,0.0,0.0,0.0,0.0,0.0,0.0
85aabe97be77ed6005b9d1d5463d30f98660c1f46bfbb7581f87fbd9b72484d1,60,current,Optimized Pattern Generator,dynamic_session,Dynamic Session Pattern Assignment,50,6,5,15,5.0,120,time_only_baseline,A0) Time Prior + Hungarian (Baseline),False,500,20,0.7072999999999999,0.016534175134200708,0.00724642175218406,0.7072999999999999,0.016534175134200708,0.00724642175218406,500.0,0.0,0.0,500.0,0.0,0.0,0.0,0.0,0.0,0.0,0.0,0.0,1.1940602757019998,0.053261427769322564,0.023342849921896443,410.15500000000003,5.3542383605002675,2.346598424595862,34.239643808355325,0.9050216199521343,0.3966432132107106,33.84319434419304,0.8995169038205302,0.39423066499515774,0.025225402459909674,0.0025834600528167597,0.0011322512898696805,0.0,0.0,0.0,0.3665635366443894,0.020017855874019698,0.008773212153627896,34.23498328329733,0.9046305146180453,0.396471803740487,33.84319434419304,0.8995169038205302,0.39423066499515774,0.3665635366443894,0.020017855874019698,0.008773212153627896,0.0,0.0,0.0,500.0,0.0,0.0,0.0,0.0,0.0,0.0,0.0,0.0,0.0,0.0,0.0,0.0,0.0,0.0,1.0,0.0,0.0,0.0,0.0,0.0,0.0,0.0,0.0,0.0,0.0,0.0,0.0,0.0,0.0,1.0,0.0,0.0,28.216,0.6070359392811495,0.26604523050354467,0.0,0.0,0.0,0.0,0.0,0.0,0.0,0.0,0.0,0.0,0.0,0.0,0.0,0.0,0.0,,,,0.0,0.0,0.0,0.0,0.0,0.0
85aabe97be77ed6005b9d1d5463d30f98660c1f46bfbb7581f87fbd9b72484d1,60,current,Optimized Pattern Generator,dynamic_session,Dynamic Session Pattern Assignment,50,6,5,15,5.0,120,single_only,A1) Refined Cost + Greedy 1:1,True,100,20,0.97,0.015217718205053656,0.006669459064311467,0.97,0.015217718205053656,0.006669459064311467,100.0,0.0,0.0,100.0,0.0,0.0,0.0,0.0,0.0,0.0,0.0,0.0,1.134943581196639,0.10791811549001576,0.047297199478912255,413.475,8.827223143268363,3.868701116177855,1.9871577875499498,0.12992543074727356,0.056942330650741606,1.4778098154289183,0.09980179909733686,0.04374006698345078,0.4177923883544281,0.027182506517900957,0.011913258745080098,0.0,0.0,0.0,0.09078245456621517,0.012312272385552915,0.005396091290271604,1.9863846583495615,0.1299121528271559,0.05693651134567296,1.4778098154289183,0.09980179909733686,0.04374006698345078,0.09078245456621517,0.012312272385552915,0.005396091290271604,0.0,0.0,0.0,100.0,0.0,0.0,0.0,0.0,0.0,0.0,0.0,0.0,0.0,0.0,0.0,0.0,0.0,0.0,1.0,0.0,0.0,0.0,0.0,0.0,0.0,0.0,0.0,0.0,0.0,0.0,0.0,0.0,0.0,1.0,0.0,0.0,6.3485,0.2396768658006025,0.10504301785459137,0.0,0.0,0.0,0.0,0.0,0.0,0.0,0.0,0.0,0.0,0.0,0.0,0.0,0.0,0.0,,,,0.0,0.0,0.0,0.0,0.0,0.0
85aabe97be77ed6005b9d1d5463d30f98660c1f46bfbb7581f87fbd9b72484d1,60,current,Optimized Pattern Generator,dynamic_session,Dynamic Session Pattern Assignment,50,6,5,15,5.0,120,single_only,A1) Refined Cost + Greedy 1:1,True,300,20,0.9571666666666667,0.009869025322630082,0.0043252910526412605,0.9571666666666667,0.009869025322630082,0.0043252910526412605,300.0,0.0,0.0,300.0,0.0,0.0,0.0,0.0,0.0,0.0,0.0,0.0,1.0770828580642924,0.056970412861934355,0.024968384309640657,412.5550000000001,5.000576282579308,2.1915991849260235,15.660821348048922,0.44619202112635953,0.19555227529028618,12.138459449131915,0.3496506739536798,0.15324116436645246,3.2992972695370555,0.09084087495961451,0.03981276882287027,0.0,0.0,0.0,0.22100042937818215,0.014223315076019065,0.006233642677573738,15.658757148047153,0.4460809491280671,0.1955035958407248,12.138459449131915,0.3496506739536798,0.15324116436645246,0.22100042937818215,0.014223315076019065,0.006233642677573738,0.0,0.0,0.0,300.0,0.0,0.0,0.0,0.0,0.0,0.0,0.0,0.0,0.0,0.0,0.0,0.0,0.0,0.0,1.0,0.0,0.0,0.0,0.0,0.0,0.0,0.0,0.0,0.0,0.0,0.0,0.0,0.0,0.0,1.0,0.0,0.0,17.304000000000002,0.47657476724217146,0.20886810087926852,0.0,0.0,0.0,0.0,0.0,0.0,0.0,0.0,0.0,0.0,0.0,0.0,0.0,0.0,0.0,,,,0.0,0.0,0.0,0.0,0.0,0.0
85aabe97be77ed6005b9d1d5463d30f98660c1f46bfbb7581f87fbd9b72484d1,60,current,Optimized Pattern Generator,dynamic_session,Dynamic Session Pattern Assignment,50,6,5,15,5.0,120,single_only,A1) Refined Cost + Greedy 1:1,True,500,20,0.9424999999999999,0.010338991094014196,0.004531262633376209,0.9424999999999999,0.010338991094014196,0.004531262633376209,500.0,0.0,0.0,500.0,0.0,0.0,0.0,0.0,0.0,0.0,0.0,0.0,1.0731752747765577,0.03818173536226924,0.016733883330712546,410.15500000000003,5.3542383605002675,2.346598424595862,43.4882057103503,1.038768038716811,0.4552601656952849,34.17936571630416,0.8280890889853821,0.3629260449018486,8.94158876532747,0.2078424447155952,0.0910909676587873,0.0,0.0,0.0,0.3624990058640833,0.020979850336406473,0.009194824815955434,43.483453487495716,1.0384124507113408,0.4551043223806507,34.17936571630416,0.8280890889853821,0.3629260449018486,0.3624990058640833,0.020979850336406473,0.009194824815955434,0.0,0.0,0.0,500.0,0.0,0.0,0.0,0.0,0.0,0.0,0.0,0.0,0.0,0.0,0.0,0.0,0.0,0.0,1.0,0.0,0.0,0.0,0.0,0.0,0.0,0.0,0.0,0.0,0.0,0.0,0.0,0.0,0.0,1.0,0.0,0.0,28.216,0.6070359392811495,0.26604523050354467,0.0,0.0,0.0,0.0,0.0,0.0,0.0,0.0,0.0,0.0,0.0,0.0,0.0,0.0,0.0,,,,0.0,0.0,0.0,0.0,0.0,0.0
85aabe97be77ed6005b9d1d5463d30f98660c1f46bfbb7581f87fbd9b72484d1,60,current,Optimized Pattern Generator,dynamic_session,Dynamic Session Pattern Assignment,50,6,5,15,5.0,120,nomura_original_interval_hungarian,A2) Corr+DTW + Hungarian,False,100,20,0.9199999999999999,0.03145590062628196,0.013786156290393554,0.9199999999999999,0.03145590062628196,0.013786156290393554,100.0,0.0,0.0,100.0,0.0,0.0,0.0,0.0,0.0,0.0,0.0,0.0,0.1118587760311269,0.010217141622110236,0.004477859747745067,413.475,8.827223143268363,3.868701116177855,2.584114108349604,0.1521603237022367,0.06668720214620845,1.4769420215379796,0.08747267516521907,0.03833659017726475,1.0060553693270777,0.0565574048292005,0.02478737555849717,0.0,0.0,0.0,0.10031023418705445,0.01596950186157915,0.006998942778942882,2.583307625052112,0.15218299001914368,0.06669713609758754,1.4769420215379796,0.08747267516521907,0.03833659017726475,0.10031023418705445,0.01596950186157915,0.006998942778942882,0.0,0.0,0.0,100.0,0.0,0.0,0.0,0.0,0.0,0.0,0.0,0.0,0.0,0.0,0.0,0.0,0.0,0.0,1.0,0.0,0.0,0.0,0.0,0.0,0.0,0.0,0.0,0.0,0.0,0.0,0.0,0.0,0.0,1.0,0.0,0.0,6.3485,0.2396768658006025,0.10504301785459137,0.0,0.0,0.0,0.0,0.0,0.0,0.0,0.0,0.0,0.0,0.0,0.0,0.0,0.0,0.0,,,,0.0,0.0,0.0,0.0,0.0,0.0
85aabe97be77ed6005b9d1d5463d30f98660c1f46bfbb7581f87fbd9b72484d1,60,current,Optimized Pattern Generator,dynamic_session,Dynamic Session Pattern Assignment,50,6,5,15,5.0,120,nomura_original_interval_hungarian,A2) Corr+DTW + Hungarian,False,300,20,0.883,0.017865645427739454,0.00782996433711341,0.883,0.017865645427739454,0.00782996433711341,300.0,0.0,0.0,300.0,0.0,0.0,0.0,0.0,0.0,0.0,0.0,0.0,0.10324636415388788,0.004920028274788026,0.00215629746403482,412.5550000000001,5.000576282579308,2.1915991849260235,20.5604845748996,0.701812898281943,0.3075830642167357,12.335675329100923,0.4462562990035538,0.1955804463120459,7.998091650374408,0.25606887285887137,0.1122271317003007,0.0,0.0,0.0,0.22454417267581447,0.014476408690710001,0.006344565844889273,20.558311152151145,0.7015957215652155,0.30748788232399604,12.335675329100923,0.4462562990035538,0.1955804463120459,0.22454417267581447,0.014476408690710001,0.006344565844889273,0.0,0.0,0.0,300.0,0.0,0.0,0.0,0.0,0.0,0.0,0.0,0.0,0.0,0.0,0.0,0.0,0.0,0.0,1.0,0.0,0.0,0.0,0.0,0.0,0.0,0.0,0.0,0.0,0.0,0.0,0.0,0.0,0.0,1.0,0.0,0.0,17.304000000000002,0.47657476724217146,0.20886810087926852,0.0,0.0,0.0,0.0,0.0,0.0,0.0,0.0,0.0,0.0,0.0,0.0,0.0,0.0,0.0,,,,0.0,0.0,0.0,0.0,0.0,0.0
85aabe97be77ed6005b9d1d5463d30f98660c1f46bfbb7581f87fbd9b72484d1,60,current,Optimized Pattern Generator,dynamic_session,Dynamic Session Pattern Assignment,50,6,5,15,5.0,120,nomura_original_interval_hungarian,A2) Corr+DTW + Hungarian,False,500,20,0.8559000000000001,0.01820902032105605,0.007980455019345049,0.8559000000000001,0.01820902032105605,0.007980455019345049,500.0,0.0,0.0,500.0,0.0,0.0,0.0,0.0,0.0,0.0,0.0,0.0,0.10171974316371304,0.004277871530923611,0.0018748598622626326,410.15500000000003,5.3542383605002675,2.346598424595862,56.56006930400472,1.268504359095702,0.5559465474317874,34.53475260776904,0.7970900102163685,0.3493400996178411,21.654389318873292,0.4733896538571455,0.20747216339045588,0.0,0.0,0.0,0.3656099379601073,0.013806870542503551,0.006051127813557158,56.55475186460244,1.2678999057346811,0.5556816340661112,34.53475260776904,0.7970900102163685,0.3493400996178411,0.3656099379601073,0.013806870542503551,0.006051127813557158,0.0,0.0,0.0,500.0,0.0,0.0,0.0,0.0,0.0,0.0,0.0,0.0,0.0,0.0,0.0,0.0,0.0,0.0,1.0,0.0,0.0,0.0,0.0,0.0,0.0,0.0,0.0,0.0,0.0,0.0,0.0,0.0,0.0,1.0,0.0,0.0,28.216,0.6070359392811495,0.26604523050354467,0.0,0.0,0.0,0.0,0.0,0.0,0.0,0.0,0.0,0.0,0.0,0.0,0.0,0.0,0.0,,,,0.0,0.0,0.0,0.0,0.0,0.0
85aabe97be77ed6005b9d1d5463d30f98660c1f46bfbb7581f87fbd9b72484d1,60,current,Optimized Pattern Generator,dynamic_session,Dynamic Session Pattern Assignment,50,6,5,15,5.0,120,bayesian_windowed,A3) Bayesian Posterior + Hungarian + Lock,False,100,20,0.9844999999999997,0.014317821063276366,0.006275061752684197,0.9844999999999997,0.014317821063276366,0.006275061752684197,100.0,0.0,0.0,100.0,0.0,0.0,0.0,0.0,0.0,0.0,0.0,0.0,0.13330247120962666,0.015949347795936594,0.006990109870226129,413.475,8.827223143268363,3.868701116177855,1.9215729020521395,0.08055714805764531,0.03530572678956037,1.4606231562953327,0.06417287079881766,0.02812500067782363,0.37858296000340486,0.015596915980439247,0.006835649816836527,0.0,0.0,0.0,0.08159008370130323,0.0030795200693480595,0.0013496591777748769,1.9207962000000407,0.08048744311687964,0.03527517725232012,1.4606231562953327,0.06417287079881766,0.02812500067782363,0.08159008370130323,0.0030795200693480595,0.0013496591777748769,0.0,0.0,0.0,100.0,0.0,0.0,0.0,0.0,0.0,0.0,0.0,0.0,0.0,0.0,0.0,0.0,0.0,0.0,1.0,0.0,0.0,0.0,0.0,0.0,0.0,0.0,0.0,0.0,0.0,0.0,0.0,0.0,0.0,1.0,0.0,0.0,6.3485,0.2396768658006025,0.10504301785459137,0.0,0.0,0.0,0.0,0.0,0.0,0.0,0.0,0.0,0.0,0.0,0.0,0.0,0.0,0.0,,,,0.0,0.0,0.0,0.0,0.0,0.0
85aabe97be77ed6005b9d1d5463d30f98660c1f46bfbb7581f87fbd9b72484d1,60,current,Optimized Pattern Generator,dynamic_session,Dynamic Session Pattern Assignment,50,6,5,15,5.0,120,bayesian_windowed,A3) Bayesian Posterior + Hungarian + Lock,False,300,20,0.9780000000000001,0.007206235116994414,0.003158271790355349,0.9780000000000001,0.007206235116994414,0.003158271790355349,300.0,0.0,0.0,300.0,0.0,0.0,0.0,0.0,0.0,0.0,0.0,0.0,0.3352675667256365,0.027556890350591952,0.012077339694196595,412.5550000000001,5.000576282579308,2.1915991849260235,15.388035668704834,0.47022698982395145,0.2060860647638856,12.203003990850993,0.38740779568221845,0.16978895256712284,2.96053386854328,0.08806632833894144,0.038596770152159086,0.0,0.0,0.0,0.2224184970065835,0.016896993459602435,0.007405433894243915,15.385956356400857,0.47012611326146525,0.20604185366107872,12.203003990850993,0.38740779568221845,0.16978895256712284,0.2224184970065835,0.016896993459602435,0.007405433894243915,0.0,0.0,0.0,300.0,0.0,0.0,0.0,0.0,0.0,0.0,0.0,0.0,0.0,0.0,0.0,0.0,0.0,0.0,1.0,0.0,0.0,0.0,0.0,0.0,0.0,0.0,0.0,0.0,0.0,0.0,0.0,0.0,0.0,1.0,0.0,0.0,17.304000000000002,0.47657476724217146,0.20886810087926852,0.0,0.0,0.0,0.0,0.0,0.0,0.0,0.0,0.0,0.0,0.0,0.0,0.0,0.0,0.0,,,,0.0,0.0,0.0,0.0,0.0,0.0
85aabe97be77ed6005b9d1d5463d30f98660c1f46bfbb7581f87fbd9b72484d1,60,current,Optimized Pattern Generator,dynamic_session,Dynamic Session Pattern Assignment,50,6,5,15,5.0,120,bayesian_windowed,A3) Bayesian Posterior + Hungarian + Lock,False,500,20,0.9620999999999998,0.006942621983083919,0.003042738240466967,0.9620999999999998,0.006942621983083919,0.003042738240466967,500.0,0.0,0.0,500.0,0.0,0.0,0.0,0.0,0.0,0.0,0.0,0.0,0.5027186691139618,0.026071222492201118,0.011426217046820304,410.15500000000003,5.3542383605002675,2.346598424595862,42.262571847898656,0.9232251015850548,0.4046212407929529,34.01077003172395,0.7508196321111865,0.3290612123034314,7.880343789410835,0.17185316309878387,0.07531796954809887,0.0,0.0,0.0,0.36563446411601036,0.021392185961198573,0.00937553887132511,42.256748285250794,0.9220930803707924,0.40412511062108863,34.01077003172395,0.7508196321111865,0.3290612123034314,0.36563446411601036,0.021392185961198573,0.00937553887132511,0.0,0.0,0.0,500.0,0.0,0.0,0.0,0.0,0.0,0.0,0.0,0.0,0.0,0.0,0.0,0.0,0.0,0.0,1.0,0.0,0.0,0.0,0.0,0.0,0.0,0.0,0.0,0.0,0.0,0.0,0.0,0.0,0.0,1.0,0.0,0.0,28.216,0.6070359392811495,0.26604523050354467,0.0,0.0,0.0,0.0,0.0,0.0,0.0,0.0,0.0,0.0,0.0,0.0,0.0,0.0,0.0,,,,0.0,0.0,0.0,0.0,0.0,0.0
85aabe97be77ed6005b9d1d5463d30f98660c1f46bfbb7581f87fbd9b72484d1,60,current,Optimized Pattern Generator,dynamic_session,Dynamic Session Pattern Assignment,50,6,5,15,5.0,180,time_only_baseline,A0) Time Prior + Hungarian (Baseline),False,100,20,0.9184999999999999,0.03674592709260083,0.016104612611560105,0.9184999999999999,0.03674592709260083,0.016104612611560105,100.0,0.0,0.0,100.0,0.0,0.0,0.0,0.0,0.0,0.0,0.0,0.0,1.52940025263,0.12963405956069346,0.05681463159788555,408.74000000000007,9.491126049326835,4.15966939374551,1.6134178187508952,0.1530233005371492,0.06706541841991935,1.5231109993037535,0.1417626752367817,0.062130231786327324,0.00277217598631978,0.00030061200275369144,0.00013174901910988318,0.0,0.0,0.0,0.08666366015386302,0.013338647730716711,0.005845920118545952,1.6125468354439363,0.1530204159096204,0.0670641541761635,1.5231109993037535,0.1417626752367817,0.062130231786327324,0.08666366015386302,0.013338647730716711,0.005845920118545952,0.0,0.0,0.0,100.0,0.0,0.0,0.0,0.0,0.0,0.0,0.0,0.0,0.0,0.0,0.0,0.0,0.0,0.0,1.0,0.0,0.0,0.0,0.0,0.0,0.0,0.0,0.0,0.0,0.0,0.0,0.0,0.0,0.0,1.0,0.0,0.0,6.5584999999999996,0.3150317444322079,0.1380687495416685,0.0,0.0,0.0,0.0,0.0,0.0,0.0,0.0,0.0,0.0,0.0,0.0,0.0,0.0,0.0,,,,0.0,0.0,0.0,0.0,0.0,0.0
85aabe97be77ed6005b9d1d5463d30f98660c1f46bfbb7581f87fbd9b72484d1,60,current,Optimized Pattern Generator,dynamic_session,Dynamic Session Pattern Assignment,50,6,5,15,5.0,180,time_only_baseline,A0) Time Prior + Hungarian (Baseline),False,300,20,0.7899999999999999,0.031770374960742906,0.013923980744244157,0.7899999999999999,0.031770374960742906,0.013923980744244157,300.0,0.0,0.0,300.0,0.0,0.0,0.0,0.0,0.0,0.0,0.0,0.0,1.331500260635,0.0647162478741043,0.02836314618106379,411.93,5.085800666665234,2.2289504180927335,12.804914552155243,0.4855520443687898,0.21280256605323114,12.559215291157306,0.48038446838146126,0.21053777602066495,0.011844744041445665,0.0004473525095709909,0.00019606088177594872,0.0,0.0,0.0,0.23145529604807963,0.020295275129757318,0.008894796503190852,12.802515331246832,0.4852593866726999,0.21267430316272243,12.559215291157306,0.48038446838146126,0.21053777602066495,0.23145529604807963,0.020295275129757318,0.008894796503190852,0.0,0.0,0.0,300.0,0.0,0.0,0.0,0.0,0.0,0.0,0.0,0.0,0.0,0.0,0.0,0.0,0.0,0.0,1.0,0.0,0.0,0.0,0.0,0.0,0.0,0.0,0.0,0.0,0.0,0.0,0.0,0.0,0.0,1.0,0.0,0.0,17.853166666666667,0.5539390839902254,0.24277450765043745,0.0,0.0,0.0,0.0,0.0,0.0,0.0,0.0,0.0,0.0,0.0,0.0,0.0,0.0,0.0,,,,0.0,0.0,0.0,0.0,0.0,0.0
85aabe97be77ed6005b9d1d5463d30f98660c1f46bfbb7581f87fbd9b72484d1,60,current,Optimized Pattern Generator,dynamic_session,Dynamic Session Pattern Assignment,50,6,5,15,5.0,180,time_only_baseline,A0) Time Prior + Hungarian (Baseline),False,500,20,0.7013,0.02485558287387361,0.01089343949356675,0.7013,0.02485558287387361,0.01089343949356675,500.0,0.0,0.0,500.0,0.0,0.0,0.0,0.0,0.0,0.0,0.0,0.0,1.1780402712780003,0.05460112026424514,0.02392999604546471,412.4150000000001,5.840536655227199,2.5597280492887844,35.95523828735604,1.0450600456002315,0.4580177592961049,35.55436115803459,1.0418767376827138,0.4566226130883159,0.026696457722573542,0.0015411257941670684,0.000675428159376639,0.0,0.0,0.0,0.3643356614440563,0.018631617831047758,0.008165666544199915,35.94539327720122,1.0428939304808105,0.4570684174878982,35.55436115803459,1.0418767376827138,0.4566226130883159,0.3643356614440563,0.018631617831047758,0.008165666544199915,0.0,0.0,0.0,500.0,0.0,0.0,0.0,0.0,0.0,0.0,0.0,0.0,0.0,0.0,0.0,0.0,0.0,0.0,1.0,0.0,0.0,0.0,0.0,0.0,0.0,0.0,0.0,0.0,0.0,0.0,0.0,0.0,0.0,1.0,0.0,0.0,28.981800000000003,0.5721537886746333,0.2507574539518637,0.0,0.0,0.0,0.0,0.0,0.0,0.0,0.0,0.0,0.0,0.0,0.0,0.0,0.0,0.0,,,,0.0,0.0,0.0,0.0,0.0,0.0
85aabe97be77ed6005b9d1d5463d30f98660c1f46bfbb7581f87fbd9b72484d1,60,current,Optimized Pattern Generator,dynamic_session,Dynamic Session Pattern Assignment,50,6,5,15,5.0,180,single_only,A1) Refined Cost + Greedy 1:1,True,100,20,0.9809999999999997,0.01518309309032498,0.006654283938700106,0.9809999999999997,0.01518309309032498,0.006654283938700106,100.0,0.0,0.0,100.0,0.0,0.0,0.0,0.0,0.0,0.0,0.0,0.0,1.0928468760512453,0.08945736341239266,0.03920641815289045,408.74000000000007,9.491126049326835,4.15966939374551,2.042500435403781,0.131124869682765,0.0574680079416869,1.5275274444531532,0.10188452450082196,0.04465286163725982,0.42986568830092436,0.02860879947329295,0.012538359193880869,0.0,0.0,0.0,0.08434866304596653,0.0076601093973024436,0.0033571909641808284,2.041741795800044,0.1310888121808058,0.05745220504469291,1.5275274444531532,0.10188452450082196,0.04465286163725982,0.08434866304596653,0.0076601093973024436,0.0033571909641808284,0.0,0.0,0.0,100.0,0.0,0.0,0.0,0.0,0.0,0.0,0.0,0.0,0.0,0.0,0.0,0.0,0.0,0.0,1.0,0.0,0.0,0.0,0.0,0.0,0.0,0.0,0.0,0.0,0.0,0.0,0.0,0.0,0.0,1.0,0.0,0.0,6.5584999999999996,0.3150317444322079,0.1380687495416685,0.0,0.0,0.0,0.0,0.0,0.0,0.0,0.0,0.0,0.0,0.0,0.0,0.0,0.0,0.0,,,,0.0,0.0,0.0,0.0,0.0,0.0
85aabe97be77ed6005b9d1d5463d30f98660c1f46bfbb7581f87fbd9b72484d1,60,current,Optimized Pattern Generator,dynamic_session,Dynamic Session Pattern Assignment,50,6,5,15,5.0,180,single_only,A1) Refined Cost + Greedy 1:1,True,300,20,0.9493333333333333,0.015657145296330666,0.006862046478372545,0.9493333333333333,0.015657145296330666,0.006862046478372545,300.0,0.0,0.0,300.0,0.0,0.0,0.0,0.0,0.0,0.0,0.0,0.0,1.096258196633387,0.04647736920082102,0.02036960516188461,411.93,5.085800666665234,2.2289504180927335,16.39225777094689,0.5492625902970827,0.24072494392277105,12.729448429765762,0.43443573647280376,0.19039985636724127,3.4346141222020377,0.114391591377948,0.05013432537759223,0.0,0.0,0.0,0.22550427288224456,0.016275136448859556,0.00713289304277596,16.389566824850043,0.5487791535618197,0.24051306843180886,12.729448429765762,0.43443573647280376,0.19039985636724127,0.22550427288224456,0.016275136448859556,0.00713289304277596,0.0,0.0,0.0,300.0,0.0,0.0,0.0,0.0,0.0,0.0,0.0,0.0,0.0,0.0,0.0,0.0,0.0,0.0,1.0,0.0,0.0,0.0,0.0,0.0,0.0,0.0,0.0,0.0,0.0,0.0,0.0,0.0,0.0,1.0,0.0,0.0,17.853166666666667,0.5539390839902254,0.24277450765043745,0.0,0.0,0.0,0.0,0.0,0.0,0.0,0.0,0.0,0.0,0.0,0.0,0.0,0.0,0.0,,,,0.0,0.0,0.0,0.0,0.0,0.0
85aabe97be77ed6005b9d1d5463d30f98660c1f46bfbb7581f87fbd9b72484d1,60,current,Optimized Pattern Generator,dynamic_session,Dynamic Session Pattern Assignment,50,6,5,15,5.0,180,single_only,A1) Refined Cost + Greedy 1:1,True,500,20,0.9446999999999999,0.013191304951208911,0.005781344298235204,0.9446999999999999,0.013191304951208911,0.005781344298235204,500.0,0.0,0.0,500.0,0.0,0.0,0.0,0.0,0.0,0.0,0.0,0.0,1.0641223855067004,0.06101088670140557,0.02673920004624863,412.4150000000001,5.840536655227199,2.5597280492887844,45.576899814550416,1.0616012661768672,0.46526726884957936,35.84020409041259,0.8500259755301292,0.37254030932948456,9.348237076475925,0.21373512778131218,0.09367354988012909,0.0,0.0,0.0,0.3811355100639048,0.027960161282241547,0.012254080972634158,45.56957667695242,1.0617786709029913,0.4653450198988994,35.84020409041259,0.8500259755301292,0.37254030932948456,0.3811355100639048,0.027960161282241547,0.012254080972634158,0.0,0.0,0.0,500.0,0.0,0.0,0.0,0.0,0.0,0.0,0.0,0.0,0.0,0.0,0.0,0.0,0.0,0.0,1.0,0.0,0.0,0.0,0.0,0.0,0.0,0.0,0.0,0.0,0.0,0.0,0.0,0.0,0.0,1.0,0.0,0.0,28.981800000000003,0.5721537886746333,0.2507574539518637,0.0,0.0,0.0,0.0,0.0,0.0,0.0,0.0,0.0,0.0,0.0,0.0,0.0,0.0,0.0,,,,0.0,0.0,0.0,0.0,0.0,0.0
85aabe97be77ed6005b9d1d5463d30f98660c1f46bfbb7581f87fbd9b72484d1,60,current,Optimized Pattern Generator,dynamic_session,Dynamic Session Pattern Assignment,50,6,5,15,5.0,180,nomura_original_interval_hungarian,A2) Corr+DTW + Hungarian,False,100,20,0.9335000000000001,0.021830688201896424,0.009567720951748439,0.9335000000000001,0.021830688201896424,0.009567720951748439,100.0,0.0,0.0,100.0,0.0,0.0,0.0,0.0,0.0,0.0,0.0,0.0,0.10351097087041558,0.0080583134679915,0.0035317115928924898,408.74000000000007,9.491126049326835,4.15966939374551,2.6777851498976815,0.16507296541223107,0.07234641689420716,1.5370116939069702,0.09616932349195784,0.042148064356924295,1.0434405465261078,0.061382649398794384,0.026902132232169203,0.0,0.0,0.0,0.0965094262661296,0.02258165749729477,0.009896847756879499,2.6769616666992078,0.16495876409673113,0.07229636596090992,1.5370116939069702,0.09616932349195784,0.042148064356924295,0.0965094262661296,0.02258165749729477,0.009896847756879499,0.0,0.0,0.0,100.0,0.0,0.0,0.0,0.0,0.0,0.0,0.0,0.0,0.0,0.0,0.0,0.0,0.0,0.0,1.0,0.0,0.0,0.0,0.0,0.0,0.0,0.0,0.0,0.0,0.0,0.0,0.0,0.0,0.0,1.0,0.0,0.0,6.5584999999999996,0.3150317444322079,0.1380687495416685,0.0,0.0,0.0,0.0,0.0,0.0,0.0,0.0,0.0,0.0,0.0,0.0,0.0,0.0,0.0,,,,0.0,0.0,0.0,0.0,0.0,0.0
85aabe97be77ed6005b9d1d5463d30f98660c1f46bfbb7581f87fbd9b72484d1,60,current,Optimized Pattern Generator,dynamic_session,Dynamic Session Pattern Assignment,50,6,5,15,5.0,180,nomura_original_interval_hungarian,A2) Corr+DTW + Hungarian,False,300,20,0.8781666666666667,0.016770727770181,0.007350095515948564,0.8781666666666667,0.016770727770181,0.007350095515948564,300.0,0.0,0.0,300.0,0.0,0.0,0.0,0.0,0.0,0.0,0.0,0.0,0.10592679035112063,0.004251829321570416,0.0018634463607846191,411.93,5.085800666665234,2.2289504180927335,21.434344489552313,0.7584643041630011,0.33241163755264724,12.868972280167508,0.46748457227031476,0.20488414727765203,8.335848658229224,0.2854327509732861,0.12509641869948324,0.0,0.0,0.0,0.22716831995348913,0.018741263326080962,0.008213720801142804,21.43198925835022,0.7583588011612479,0.33236539882343213,12.868972280167508,0.46748457227031476,0.20488414727765203,0.22716831995348913,0.018741263326080962,0.008213720801142804,0.0,0.0,0.0,300.0,0.0,0.0,0.0,0.0,0.0,0.0,0.0,0.0,0.0,0.0,0.0,0.0,0.0,0.0,1.0,0.0,0.0,0.0,0.0,0.0,0.0,0.0,0.0,0.0,0.0,0.0,0.0,0.0,0.0,1.0,0.0,0.0,17.853166666666667,0.5539390839902254,0.24277450765043745,0.0,0.0,0.0,0.0,0.0,0.0,0.0,0.0,0.0,0.0,0.0,0.0,0.0,0.0,0.0,,,,0.0,0.0,0.0,0.0,0.0,0.0
85aabe97be77ed6005b9d1d5463d30f98660c1f46bfbb7581f87fbd9b72484d1,60,current,Optimized Pattern Generator,dynamic_session,Dynamic Session Pattern Assignment,50,6,5,15,5.0,180,nomura_original_interval_hungarian,A2) Corr+DTW + Hungarian,False,500,20,0.8547999999999998,0.018415096781545428,0.008070772010291542,0.8547999999999998,0.018415096781545428,0.008070772010291542,500.0,0.0,0.0,500.0,0.0,0.0,0.0,0.0,0.0,0.0,0.0,0.0,0.10012843976118697,0.004394258827280756,0.0019258688439115423,412.4150000000001,5.840536655227199,2.5597280492887844,59.056828281296475,1.3554552102864779,0.5940544381687399,36.133619768568316,0.8503630889341403,0.3726880557930336,22.53689012725663,0.5017838593563523,0.2199164726284675,0.0,0.0,0.0,0.377830225075013,0.027315559660588205,0.011971571855927156,59.04834012089996,1.354619325695799,0.5936880955945838,36.133619768568316,0.8503630889341403,0.3726880557930336,0.377830225075013,0.027315559660588205,0.011971571855927156,0.0,0.0,0.0,500.0,0.0,0.0,0.0,0.0,0.0,0.0,0.0,0.0,0.0,0.0,0.0,0.0,0.0,0.0,1.0,0.0,0.0,0.0,0.0,0.0,0.0,0.0,0.0,0.0,0.0,0.0,0.0,0.0,0.0,1.0,0.0,0.0,28.981800000000003,0.5721537886746333,0.2507574539518637,0.0,0.0,0.0,0.0,0.0,0.0,0.0,0.0,0.0,0.0,0.0,0.0,0.0,0.0,0.0,,,,0.0,0.0,0.0,0.0,0.0,0.0
85aabe97be77ed6005b9d1d5463d30f98660c1f46bfbb7581f87fbd9b72484d1,60,current,Optimized Pattern Generator,dynamic_session,Dynamic Session Pattern Assignment,50,6,5,15,5.0,180,bayesian_windowed,A3) Bayesian Posterior + Hungarian + Lock,False,100,20,0.9919999999999998,0.008944271909999166,0.003920000000000003,0.9919999999999998,0.008944271909999166,0.003920000000000003,100.0,0.0,0.0,100.0,0.0,0.0,0.0,0.0,0.0,0.0,0.0,0.0,0.13254589884493406,0.02016483353241902,0.008837627952557402,408.74000000000007,9.491126049326835,4.15966939374551,2.014300470794842,0.12227648050332593,0.053590030401153434,1.5276524689077633,0.0948476308016203,0.041568806995536264,0.39461075611325214,0.023707721690938727,0.01039036714934671,0.0,0.0,0.0,0.09130133318394655,0.012315804647313794,0.0053976393722442876,2.013564558204962,0.12223498332061762,0.05357184345895698,1.5276524689077633,0.0948476308016203,0.041568806995536264,0.09130133318394655,0.012315804647313794,0.0053976393722442876,0.0,0.0,0.0,100.0,0.0,0.0,0.0,0.0,0.0,0.0,0.0,0.0,0.0,0.0,0.0,0.0,0.0,0.0,1.0,0.0,0.0,0.0,0.0,0.0,0.0,0.0,0.0,0.0,0.0,0.0,0.0,0.0,0.0,1.0,0.0,0.0,6.5584999999999996,0.3150317444322079,0.1380687495416685,0.0,0.0,0.0,0.0,0.0,0.0,0.0,0.0,0.0,0.0,0.0,0.0,0.0,0.0,0.0,,,,0.0,0.0,0.0,0.0,0.0,0.0
85aabe97be77ed6005b9d1d5463d30f98660c1f46bfbb7581f87fbd9b72484d1,60,current,Optimized Pattern Generator,dynamic_session,Dynamic Session Pattern Assignment,50,6,5,15,5.0,180,bayesian_windowed,A3) Bayesian Posterior + Hungarian + Lock,False,300,20,0.9698333333333334,0.0090142836621398,0.003950684003254027,0.9698333333333334,0.0090142836621398,0.003950684003254027,300.0,0.0,0.0,300.0,0.0,0.0,0.0,0.0,0.0,0.0,0.0,0.0,0.33623800018689176,0.025722720114229946,0.011273479145357385,411.93,5.085800666665234,2.2289504180927335,15.99021822289651,0.5824524554237144,0.2552710436618619,12.700603847653838,0.4726536283202418,0.20714958597625216,3.058631896611769,0.10628232705086471,0.046580283586149254,0.0,0.0,0.0,0.2285361868882319,0.016540446202767813,0.007249170169163152,15.987771931153839,0.5821511351337596,0.2551389842221995,12.700603847653838,0.4726536283202418,0.20714958597625216,0.2285361868882319,0.016540446202767813,0.007249170169163152,0.0,0.0,0.0,300.0,0.0,0.0,0.0,0.0,0.0,0.0,0.0,0.0,0.0,0.0,0.0,0.0,0.0,0.0,1.0,0.0,0.0,0.0,0.0,0.0,0.0,0.0,0.0,0.0,0.0,0.0,0.0,0.0,0.0,1.0,0.0,0.0,17.853166666666667,0.5539390839902254,0.24277450765043745,0.0,0.0,0.0,0.0,0.0,0.0,0.0,0.0,0.0,0.0,0.0,0.0,0.0,0.0,0.0,,,,0.0,0.0,0.0,0.0,0.0,0.0
85aabe97be77ed6005b9d1d5463d30f98660c1f46bfbb7581f87fbd9b72484d1,60,current,Optimized Pattern Generator,dynamic_session,Dynamic Session Pattern Assignment,50,6,5,15,5.0,180,bayesian_windowed,A3) Bayesian Posterior + Hungarian + Lock,False,500,20,0.9635000000000001,0.010738518960903505,0.004706363441353126,0.9635000000000001,0.010738518960903505,0.004706363441353126,500.0,0.0,0.0,500.0,0.0,0.0,0.0,0.0,0.0,0.0,0.0,0.0,0.5154200169138797,0.0280533751616128,0.012294933756495392,412.4150000000001,5.840536655227199,2.5597280492887844,44.24916286034859,0.9488626024097883,0.4158573709379459,35.64421510992688,0.7914979860936316,0.34688928698807053,8.224320164772507,0.16539515068939856,0.072487620817702,0.0,0.0,0.0,0.3729644045000896,0.020262533852377883,0.008880447005700296,44.24149967919948,0.9477143030468694,0.41535410655288063,35.64421510992688,0.7914979860936316,0.34688928698807053,0.3729644045000896,0.020262533852377883,0.008880447005700296,0.0,0.0,0.0,500.0,0.0,0.0,0.0,0.0,0.0,0.0,0.0,0.0,0.0,0.0,0.0,0.0,0.0,0.0,1.0,0.0,0.0,0.0,0.0,0.0,0.0,0.0,0.0,0.0,0.0,0.0,0.0,0.0,0.0,1.0,0.0,0.0,28.981800000000003,0.5721537886746333,0.2507574539518637,0.0,0.0,0.0,0.0,0.0,0.0,0.0,0.0,0.0,0.0,0.0,0.0,0.0,0.0,0.0,,,,0.0,0.0,0.0,0.0,0.0,0.0
85aabe97be77ed6005b9d1d5463d30f98660c1f46bfbb7581f87fbd9b72484d1,60,current,Optimized Pattern Generator,dynamic_session,Dynamic Session Pattern Assignment,50,6,5,15,10.0,60,time_only_baseline,A0) Time Prior + Hungarian (Baseline),False,100,20,0.9225000000000001,0.025520889276702003,0.011185022880714419,0.9225000000000001,0.025520889276702003,0.011185022880714419,100.0,0.0,0.0,100.0,0.0,0.0,0.0,0.0,0.0,0.0,0.0,0.0,1.5471502440800002,0.1217859480412734,0.05337504507081076,414.825,8.563869944193007,3.7532814877538465,1.5640738438043627,0.09376231636548235,0.04109314697172767,1.4729029840760632,0.09385286189852611,0.041132830301248854,0.0029438379264320248,0.00038700536033305425,0.00016961257749885595,0.0,0.0,0.0,0.08731096959672868,0.004343688418861131,0.0019037053852198054,1.5631577915992239,0.09377126481053658,0.041097068800688766,1.4729029840760632,0.09385286189852611,0.041132830301248854,0.08731096959672868,0.004343688418861131,0.0019037053852198054,0.0,0.0,0.0,100.0,0.0,0.0,0.0,0.0,0.0,0.0,0.0,0.0,0.0,0.0,0.0,0.0,0.0,0.0,1.0,0.0,0.0,0.0,0.0,0.0,0.0,0.0,0.0,0.0,0.0,0.0,0.0,0.0,0.0,1.0,0.0,0.0,6.367500000000001,0.3571064267133819,0.15650879208530105,0.0,0.0,0.0,0.0,0.0,0.0,0.0,0.0,0.0,0.0,0.0,0.0,0.0,0.0,0.0,,,,0.0,0.0,0.0,0.0,0.0,0.0
85aabe97be77ed6005b9d1d5463d30f98660c1f46bfbb7581f87fbd9b72484d1,60,current,Optimized Pattern Generator,dynamic_session,Dynamic Session Pattern Assignment,50,6,5,15,10.0,60,time_only_baseline,A0) Time Prior + Hungarian (Baseline),False,300,20,0.7973333333333332,0.021373865005261856,0.009367509358359203,0.7973333333333332,0.021373865005261856,0.009367509358359203,300.0,0.0,0.0,300.0,0.0,0.0,0.0,0.0,0.0,0.0,0.0,0.0,1.3502335931566667,0.07415465862365621,0.03249971207603411,416.35,7.25835272017875,3.181113337050078,12.414700137448381,0.525812290934946,0.23044739708334538,12.170939787576208,0.5215226477511985,0.22856737806676208,0.012302985710266511,0.0005038053303590845,0.00022080242135749168,0.0,0.0,0.0,0.2282053081144113,0.012940204160404097,0.005671294524496273,12.411448081400886,0.5260569691766691,0.23055463205084256,12.170939787576208,0.5215226477511985,0.22856737806676208,0.2282053081144113,0.012940204160404097,0.005671294524496273,0.0,0.0,0.0,300.0,0.0,0.0,0.0,0.0,0.0,0.0,0.0,0.0,0.0,0.0,0.0,0.0,0.0,0.0,1.0,0.0,0.0,0.0,0.0,0.0,0.0,0.0,0.0,0.0,0.0,0.0,0.0,0.0,0.0,1.0,0.0,0.0,16.976833333333335,0.552778706396704,0.24226594974741586,0.0,0.0,0.0,0.0,0.0,0.0,0.0,0.0,0.0,0.0,0.0,0.0,0.0,0.0,0.0,,,,0.0,0.0,0.0,0.0,0.0,0.0
85aabe97be77ed6005b9d1d5463d30f98660c1f46bfbb7581f87fbd9b72484d1,60,current,Optimized Pattern Generator,dynamic_session,Dynamic Session Pattern Assignment,50,6,5,15,10.0,60,time_only_baseline,A0) Time Prior + Hungarian (Baseline),False,500,20,0.7083999999999999,0.023961372423570656,0.010501534484365402,0.7083999999999999,0.023961372423570656,0.010501534484365402,500.0,0.0,0.0,500.0,0.0,0.0,0.0,0.0,0.0,0.0,0.0,0.0,1.190600269023,0.0501909146362283,0.02199713820798114,416.21000000000004,5.857330090533883,2.5670880968213967,35.117816327145555,1.5027852112715523,0.6586246580449765,34.68440697750047,1.4967534436586176,0.6559811193332038,0.027631268254481256,0.0016271209202019215,0.0007131171850959674,0.0,0.0,0.0,0.3980043833420496,0.05032774807504013,0.022057108106653688,35.11004262909701,1.5025109512336938,0.6585044582836965,34.68440697750047,1.4967534436586176,0.6559811193332038,0.3980043833420496,0.05032774807504013,0.022057108106653688,0.0,0.0,0.0,500.0,0.0,0.0,0.0,0.0,0.0,0.0,0.0,0.0,0.0,0.0,0.0,0.0,0.0,0.0,1.0,0.0,0.0,0.0,0.0,0.0,0.0,0.0,0.0,0.0,0.0,0.0,0.0,0.0,0.0,1.0,0.0,0.0,27.681199999999997,0.7017342126924967,0.3075485787366728,0.0,0.0,0.0,0.0,0.0,0.0,0.0,0.0,0.0,0.0,0.0,0.0,0.0,0.0,0.0,,,,0.0,0.0,0.0,0.0,0.0,0.0
85aabe97be77ed6005b9d1d5463d30f98660c1f46bfbb7581f87fbd9b72484d1,60,current,Optimized Pattern Generator,dynamic_session,Dynamic Session Pattern Assignment,50,6,5,15,10.0,60,single_only,A1) Refined Cost + Greedy 1:1,True,100,20,0.9764999999999999,0.013484884325167874,0.005910011131880162,0.9764999999999999,0.013484884325167874,0.005910011131880162,100.0,0.0,0.0,100.0,0.0,0.0,0.0,0.0,0.0,0.0,0.0,0.0,1.1279153660370078,0.07971454728424772,0.03493644071854703,414.825,8.563869944193007,3.7532814877538465,2.011057839600835,0.1261402277164558,0.055283392278774456,1.4898104993000743,0.09710910815243032,0.04255994314438979,0.42236768819129794,0.026718365522298327,0.011709839984886962,0.0,0.0,0.0,0.09791826886066701,0.02083327468991061,0.00913058520651093,2.010096456352039,0.1261269225568957,0.05527756103549379,1.4898104993000743,0.09710910815243032,0.04255994314438979,0.09791826886066701,0.02083327468991061,0.00913058520651093,0.0,0.0,0.0,100.0,0.0,0.0,0.0,0.0,0.0,0.0,0.0,0.0,0.0,0.0,0.0,0.0,0.0,0.0,1.0,0.0,0.0,0.0,0.0,0.0,0.0,0.0,0.0,0.0,0.0,0.0,0.0,0.0,0.0,1.0,0.0,0.0,6.367500000000001,0.3571064267133819,0.15650879208530105,0.0,0.0,0.0,0.0,0.0,0.0,0.0,0.0,0.0,0.0,0.0,0.0,0.0,0.0,0.0,,,,0.0,0.0,0.0,0.0,0.0,0.0
85aabe97be77ed6005b9d1d5463d30f98660c1f46bfbb7581f87fbd9b72484d1,60,current,Optimized Pattern Generator,dynamic_session,Dynamic Session Pattern Assignment,50,6,5,15,10.0,60,single_only,A1) Refined Cost + Greedy 1:1,True,300,20,0.9589999999999999,0.009182999802903028,0.004024627112145035,0.9589999999999999,0.009182999802903028,0.004024627112145035,300.0,0.0,0.0,300.0,0.0,0.0,0.0,0.0,0.0,0.0,0.0,0.0,1.0916509617448646,0.056778461728067504,0.024884258016038507,416.35,7.25835272017875,3.181113337050078,15.915761812544952,0.621406718067805,0.2723435020018331,12.328857545183563,0.4960342186580224,0.21739658148872518,3.3434308510826667,0.12580108865891138,0.05513475803342152,0.0,0.0,0.0,0.24058171623328234,0.02422656332191738,0.010617759520006036,15.912870112499514,0.6215527757861615,0.2724075146192623,12.328857545183563,0.4960342186580224,0.21739658148872518,0.24058171623328234,0.02422656332191738,0.010617759520006036,0.0,0.0,0.0,300.0,0.0,0.0,0.0,0.0,0.0,0.0,0.0,0.0,0.0,0.0,0.0,0.0,0.0,0.0,1.0,0.0,0.0,0.0,0.0,0.0,0.0,0.0,0.0,0.0,0.0,0.0,0.0,0.0,0.0,1.0,0.0,0.0,16.976833333333335,0.552778706396704,0.24226594974741586,0.0,0.0,0.0,0.0,0.0,0.0,0.0,0.0,0.0,0.0,0.0,0.0,0.0,0.0,0.0,,,,0.0,0.0,0.0,0.0,0.0,0.0
85aabe97be77ed6005b9d1d5463d30f98660c1f46bfbb7581f87fbd9b72484d1,60,current,Optimized Pattern Generator,dynamic_session,Dynamic Session Pattern Assignment,50,6,5,15,10.0,60,single_only,A1) Refined Cost + Greedy 1:1,True,500,20,0.9452,0.009000584776323654,0.003944680201833447,0.9452,0.009000584776323654,0.003944680201833447,500.0,0.0,0.0,500.0,0.0,0.0,0.0,0.0,0.0,0.0,0.0,0.0,1.0620254411906866,0.03203604834268364,0.01404041723764318,416.21000000000004,5.857330090533883,2.5670880968213967,44.80409806050011,2.8453287820754904,1.2470203207112665,35.23693807420059,2.331369322860403,1.021767656168409,9.175189135134861,0.4996732630062296,0.2189914629937278,0.0,0.0,0.0,0.38368224271689544,0.032106266203728445,0.01407119157210722,44.795809452052346,2.8445553746145715,1.24668135994651,35.23693807420059,2.331369322860403,1.021767656168409,0.38368224271689544,0.032106266203728445,0.01407119157210722,0.0,0.0,0.0,500.0,0.0,0.0,0.0,0.0,0.0,0.0,0.0,0.0,0.0,0.0,0.0,0.0,0.0,0.0,1.0,0.0,0.0,0.0,0.0,0.0,0.0,0.0,0.0,0.0,0.0,0.0,0.0,0.0,0.0,1.0,0.0,0.0,27.681199999999997,0.7017342126924967,0.3075485787366728,0.0,0.0,0.0,0.0,0.0,0.0,0.0,0.0,0.0,0.0,0.0,0.0,0.0,0.0,0.0,,,,0.0,0.0,0.0,0.0,0.0,0.0
85aabe97be77ed6005b9d1d5463d30f98660c1f46bfbb7581f87fbd9b72484d1,60,current,Optimized Pattern Generator,dynamic_session,Dynamic Session Pattern Assignment,50,6,5,15,10.0,60,nomura_original_interval_hungarian,A2) Corr+DTW + Hungarian,False,100,20,0.9315,0.030655127501043964,0.01343520199444648,0.9315,0.030655127501043964,0.01343520199444648,100.0,0.0,0.0,100.0,0.0,0.0,0.0,0.0,0.0,0.0,0.0,0.0,0.1094131827161253,0.008252042614627655,0.0036166171349483775,414.825,8.563869944193007,3.7532814877538465,2.6285281396558275,0.13613501817731222,0.059663802333477366,1.5032615667718345,0.0815770256061275,0.03575270783287825,1.0274147437972716,0.05556296966110919,0.024351545130023723,0.0,0.0,0.0,0.09677449982991675,0.01414808292261077,0.006200670732587269,2.627450810399023,0.13632889941774265,0.059748774533577596,1.5032615667718345,0.0815770256061275,0.03575270783287825,0.09677449982991675,0.01414808292261077,0.006200670732587269,0.0,0.0,0.0,100.0,0.0,0.0,0.0,0.0,0.0,0.0,0.0,0.0,0.0,0.0,0.0,0.0,0.0,0.0,1.0,0.0,0.0,0.0,0.0,0.0,0.0,0.0,0.0,0.0,0.0,0.0,0.0,0.0,0.0,1.0,0.0,0.0,6.367500000000001,0.3571064267133819,0.15650879208530105,0.0,0.0,0.0,0.0,0.0,0.0,0.0,0.0,0.0,0.0,0.0,0.0,0.0,0.0,0.0,,,,0.0,0.0,0.0,0.0,0.0,0.0
85aabe97be77ed6005b9d1d5463d30f98660c1f46bfbb7581f87fbd9b72484d1,60,current,Optimized Pattern Generator,dynamic_session,Dynamic Session Pattern Assignment,50,6,5,15,10.0,60,nomura_original_interval_hungarian,A2) Corr+DTW + Hungarian,False,300,20,0.8795,0.016339776745523994,0.007161222901871737,0.8795,0.016339776745523994,0.007161222901871737,300.0,0.0,0.0,300.0,0.0,0.0,0.0,0.0,0.0,0.0,0.0,0.0,0.10520438975600037,0.005701708418908576,0.0024988838920622348,416.35,7.25835272017875,3.181113337050078,20.802233064551547,0.7812980807112754,0.34241898135546367,12.46738974411419,0.4792896426877306,0.21005794750442472,8.095697029780421,0.2996978896768803,0.1313483913900244,0.0,0.0,0.0,0.23514925105700968,0.020611561619992145,0.009033415169326712,20.79823602495162,0.780549855326544,0.34209105712220456,12.46738974411419,0.4792896426877306,0.21005794750442472,0.23514925105700968,0.020611561619992145,0.009033415169326712,0.0,0.0,0.0,300.0,0.0,0.0,0.0,0.0,0.0,0.0,0.0,0.0,0.0,0.0,0.0,0.0,0.0,0.0,1.0,0.0,0.0,0.0,0.0,0.0,0.0,0.0,0.0,0.0,0.0,0.0,0.0,0.0,0.0,1.0,0.0,0.0,16.976833333333335,0.552778706396704,0.24226594974741586,0.0,0.0,0.0,0.0,0.0,0.0,0.0,0.0,0.0,0.0,0.0,0.0,0.0,0.0,0.0,,,,0.0,0.0,0.0,0.0,0.0,0.0
85aabe97be77ed6005b9d1d5463d30f98660c1f46bfbb7581f87fbd9b72484d1,60,current,Optimized Pattern Generator,dynamic_session,Dynamic Session Pattern Assignment,50,6,5,15,10.0,60,nomura_original_interval_hungarian,A2) Corr+DTW + Hungarian,False,500,20,0.8593999999999999,0.02075521494392245,0.009096374014437096,0.8593999999999999,0.02075521494392245,0.009096374014437096,500.0,0.0,0.0,500.0,0.0,0.0,0.0,0.0,0.0,0.0,0.0,0.0,0.10133542856364738,0.004210554801785616,0.001845357004917035,416.21000000000004,5.857330090533883,2.5670880968213967,59.02685171040211,7.001359914988374,3.0684812741518055,36.253468033424,4.99885428940054,2.1908444881403386,22.375367972363893,2.0100056514275253,0.880923817263136,0.0,0.0,0.0,0.38966863566456594,0.031142408798035273,0.013648762438876898,59.01850464145245,7.00042192238262,3.06807018076695,36.253468033424,4.99885428940054,2.1908444881403386,0.38966863566456594,0.031142408798035273,0.013648762438876898,0.0,0.0,0.0,500.0,0.0,0.0,0.0,0.0,0.0,0.0,0.0,0.0,0.0,0.0,0.0,0.0,0.0,0.0,1.0,0.0,0.0,0.0,0.0,0.0,0.0,0.0,0.0,0.0,0.0,0.0,0.0,0.0,0.0,1.0,0.0,0.0,27.681199999999997,0.7017342126924967,0.3075485787366728,0.0,0.0,0.0,0.0,0.0,0.0,0.0,0.0,0.0,0.0,0.0,0.0,0.0,0.0,0.0,,,,0.0,0.0,0.0,0.0,0.0,0.0
85aabe97be77ed6005b9d1d5463d30f98660c1f46bfbb7581f87fbd9b72484d1,60,current,Optimized Pattern Generator,dynamic_session,Dynamic Session Pattern Assignment,50,6,5,15,10.0,60,bayesian_windowed,A3) Bayesian Posterior + Hungarian + Lock,False,100,20,0.9884999999999999,0.009880869341680852,0.004330481922859228,0.9884999999999999,0.009880869341680852,0.004330481922859228,100.0,0.0,0.0,100.0,0.0,0.0,0.0,0.0,0.0,0.0,0.0,0.0,0.12801977755574873,0.018435886324063434,0.008079883429028652,414.825,8.563869944193007,3.7532814877538465,2.00003514179989,0.1021225853272044,0.044757196394611724,1.5122631676858873,0.0802749920717125,0.03518206647645874,0.3939817295817193,0.019975240656855905,0.00875453521122688,0.0,0.0,0.0,0.09285475483484333,0.015382815759655104,0.006741816257893,1.99909965210245,0.102079667575016,0.04473838686039011,1.5122631676858873,0.0802749920717125,0.03518206647645874,0.09285475483484333,0.015382815759655104,0.006741816257893,0.0,0.0,0.0,100.0,0.0,0.0,0.0,0.0,0.0,0.0,0.0,0.0,0.0,0.0,0.0,0.0,0.0,0.0,1.0,0.0,0.0,0.0,0.0,0.0,0.0,0.0,0.0,0.0,0.0,0.0,0.0,0.0,0.0,1.0,0.0,0.0,6.367500000000001,0.3571064267133819,0.15650879208530105,0.0,0.0,0.0,0.0,0.0,0.0,0.0,0.0,0.0,0.0,0.0,0.0,0.0,0.0,0.0,,,,0.0,0.0,0.0,0.0,0.0,0.0
85aabe97be77ed6005b9d1d5463d30f98660c1f46bfbb7581f87fbd9b72484d1,60,current,Optimized Pattern Generator,dynamic_session,Dynamic Session Pattern Assignment,50,6,5,15,10.0,60,bayesian_windowed,A3) Bayesian Posterior + Hungarian + Lock,False,300,20,0.9768333333333334,0.009270149541114185,0.004062822168961881,0.9768333333333334,0.009270149541114185,0.004062822168961881,300.0,0.0,0.0,300.0,0.0,0.0,0.0,0.0,0.0,0.0,0.0,0.0,0.32562624642240834,0.025728189913008518,0.011275876390368242,416.35,7.25835272017875,3.181113337050078,15.558220802102005,0.6145075829819624,0.26931982273440513,12.3227917545737,0.4970945148378421,0.21786127677825978,2.9895777477984664,0.112534130418967,0.04932025721950487,0.0,0.0,0.0,0.24217053292813945,0.02908511455886836,0.012747113484251699,15.554540035300306,0.6142544735835248,0.2692088926495576,12.3227917545737,0.4970945148378421,0.21786127677825978,0.24217053292813945,0.02908511455886836,0.012747113484251699,0.0,0.0,0.0,300.0,0.0,0.0,0.0,0.0,0.0,0.0,0.0,0.0,0.0,0.0,0.0,0.0,0.0,0.0,1.0,0.0,0.0,0.0,0.0,0.0,0.0,0.0,0.0,0.0,0.0,0.0,0.0,0.0,0.0,1.0,0.0,0.0,16.976833333333335,0.552778706396704,0.24226594974741586,0.0,0.0,0.0,0.0,0.0,0.0,0.0,0.0,0.0,0.0,0.0,0.0,0.0,0.0,0.0,,,,0.0,0.0,0.0,0.0,0.0,0.0
85aabe97be77ed6005b9d1d5463d30f98660c1f46bfbb7581f87fbd9b72484d1,60,current,Optimized Pattern Generator,dynamic_session,Dynamic Session Pattern Assignment,50,6,5,15,10.0,60,bayesian_windowed,A3) Bayesian Posterior + Hungarian + Lock,False,500,20,0.9682999999999999,0.006233187914618604,0.002731815051149001,0.9682999999999999,0.006233187914618604,0.002731815051149001,500.0,0.0,0.0,500.0,0.0,0.0,0.0,0.0,0.0,0.0,0.0,0.0,0.5017298865308502,0.03210230462858135,0.014069455335247153,416.21000000000004,5.857330090533883,2.5670880968213967,43.98288290825003,4.3599848383021245,1.910847605945148,35.41560257392994,3.619418519192077,1.5862801061952818,8.165371057984885,0.7111173560483062,0.31166092262837103,0.0,0.0,0.0,0.39250182443938686,0.04066393305067647,0.017821754432627346,43.97347545635421,4.359658898236009,1.9107047564128403,35.41560257392994,3.619418519192077,1.5862801061952818,0.39250182443938686,0.04066393305067647,0.017821754432627346,0.0,0.0,0.0,500.0,0.0,0.0,0.0,0.0,0.0,0.0,0.0,0.0,0.0,0.0,0.0,0.0,0.0,0.0,1.0,0.0,0.0,0.0,0.0,0.0,0.0,0.0,0.0,0.0,0.0,0.0,0.0,0.0,0.0,1.0,0.0,0.0,27.681199999999997,0.7017342126924967,0.3075485787366728,0.0,0.0,0.0,0.0,0.0,0.0,0.0,0.0,0.0,0.0,0.0,0.0,0.0,0.0,0.0,,,,0.0,0.0,0.0,0.0,0.0,0.0
85aabe97be77ed6005b9d1d5463d30f98660c1f46bfbb7581f87fbd9b72484d1,60,current,Optimized Pattern Generator,dynamic_session,Dynamic Session Pattern Assignment,50,6,5,15,10.0,120,time_only_baseline,A0) Time Prior + Hungarian (Baseline),False,100,20,0.9359999999999999,0.028910023757932283,0.01267037655735862,0.9359999999999999,0.028910023757932283,0.01267037655735862,100.0,0.0,0.0,100.0,0.0,0.0,0.0,0.0,0.0,0.0,0.0,0.0,1.5013502487900001,0.15397617225852353,0.06748303286471408,407.67500000000007,8.576275415353669,3.7587184252082446,1.5902682041516527,0.13499762680314414,0.059165318585263665,1.4990942215983523,0.1287420837236647,0.05642370595113236,0.003132769551302772,0.0005098448401034923,0.00022344935320798824,0.0,0.0,0.0,0.08691403169796104,0.008921209021379481,0.003909892243404623,1.5891410228476162,0.13472555834552047,0.05904607932637078,1.4990942215983523,0.1287420837236647,0.05642370595113236,0.08691403169796104,0.008921209021379481,0.003909892243404623,0.0,0.0,0.0,100.0,0.0,0.0,0.0,0.0,0.0,0.0,0.0,0.0,0.0,0.0,0.0,0.0,0.0,0.0,1.0,0.0,0.0,0.0,0.0,0.0,0.0,0.0,0.0,0.0,0.0,0.0,0.0,0.0,0.0,1.0,0.0,0.0,6.413999999999999,0.2580371250319164,0.1130897562488356,0.0,0.0,0.0,0.0,0.0,0.0,0.0,0.0,0.0,0.0,0.0,0.0,0.0,0.0,0.0,,,,0.0,0.0,0.0,0.0,0.0,0.0
85aabe97be77ed6005b9d1d5463d30f98660c1f46bfbb7581f87fbd9b72484d1,60,current,Optimized Pattern Generator,dynamic_session,Dynamic Session Pattern Assignment,50,6,5,15,10.0,120,time_only_baseline,A0) Time Prior + Hungarian (Baseline),False,300,20,0.7965,0.019480834786440953,0.008537852284821214,0.7965,0.019480834786440953,0.008537852284821214,300.0,0.0,0.0,300.0,0.0,0.0,0.0,0.0,0.0,0.0,0.0,0.0,1.3533835953366669,0.08168283361032136,0.035799080235306695,418.82000000000005,4.96181206288272,2.1746100165801074,13.293373081253957,1.03627929105767,0.45416942394212695,13.027503459922446,1.0228560703645864,0.44828643808857055,0.014799308571673464,0.0025536855850781647,0.0011192020540336353,0.0,0.0,0.0,0.24621791495737852,0.03113487523853499,0.013645460710850486,13.288520683451498,1.0363363940264,0.45419445042160733,13.027503459922446,1.0228560703645864,0.44828643808857055,0.24621791495737852,0.03113487523853499,0.013645460710850486,0.0,0.0,0.0,300.0,0.0,0.0,0.0,0.0,0.0,0.0,0.0,0.0,0.0,0.0,0.0,0.0,0.0,0.0,1.0,0.0,0.0,0.0,0.0,0.0,0.0,0.0,0.0,0.0,0.0,0.0,0.0,0.0,0.0,1.0,0.0,0.0,17.293333333333333,0.5179378815290568,0.22699628499935592,0.0,0.0,0.0,0.0,0.0,0.0,0.0,0.0,0.0,0.0,0.0,0.0,0.0,0.0,0.0,,,,0.0,0.0,0.0,0.0,0.0,0.0
85aabe97be77ed6005b9d1d5463d30f98660c1f46bfbb7581f87fbd9b72484d1,60,current,Optimized Pattern Generator,dynamic_session,Dynamic Session Pattern Assignment,50,6,5,15,10.0,120,time_only_baseline,A0) Time Prior + Hungarian (Baseline),False,500,20,0.6998,0.01807469880363445,0.007921586018761107,0.6998,0.01807469880363445,0.007921586018761107,500.0,0.0,0.0,500.0,0.0,0.0,0.0,0.0,0.0,0.0,0.0,0.0,1.185260273205,0.051420499073283804,0.022536027347506194,415.31499999999994,4.422582598675258,1.9382822840421272,35.74285203949548,5.040984695935394,2.209308952914939,35.32272832772287,5.002074685077068,2.192255888775183,0.029356848110910504,0.007609424970368787,0.0033349775346720703,0.0,0.0,0.0,0.3808423138631042,0.04271153547814877,0.018719155763496788,35.732927489696884,5.039279797465299,2.208561748215661,35.32272832772287,5.002074685077068,2.192255888775183,0.3808423138631042,0.04271153547814877,0.018719155763496788,0.0,0.0,0.0,500.0,0.0,0.0,0.0,0.0,0.0,0.0,0.0,0.0,0.0,0.0,0.0,0.0,0.0,0.0,1.0,0.0,0.0,0.0,0.0,0.0,0.0,0.0,0.0,0.0,0.0,0.0,0.0,0.0,0.0,1.0,0.0,0.0,28.3161,0.49476819665480976,0.21684172288172718,0.0,0.0,0.0,0.0,0.0,0.0,0.0,0.0,0.0,0.0,0.0,0.0,0.0,0.0,0.0,,,,0.0,0.0,0.0,0.0,0.0,0.0
85aabe97be77ed6005b9d1d5463d30f98660c1f46bfbb7581f87fbd9b72484d1,60,current,Optimized Pattern Generator,dynamic_session,Dynamic Session Pattern Assignment,50,6,5,15,10.0,120,single_only,A1) Refined Cost + Greedy 1:1,True,100,20,0.9789999999999998,0.017441631985447632,0.007644132252567123,0.9789999999999998,0.017441631985447632,0.007644132252567123,100.0,0.0,0.0,100.0,0.0,0.0,0.0,0.0,0.0,0.0,0.0,0.0,1.069454240856899,0.06911837514494483,0.030292463522411987,407.67500000000007,8.576275415353669,3.7587184252082446,2.002952108447789,0.10890852778360068,0.0477312668048969,1.4977791994358995,0.0844041201238489,0.036991736634884885,0.4190703806190868,0.02198867650162904,0.009636962377007379,0.0,0.0,0.0,0.08528418044443242,0.007921313141099631,0.003471668552293987,2.0021337604994187,0.10885211865795155,0.04770654441555435,1.4977791994358995,0.0844041201238489,0.036991736634884885,0.08528418044443242,0.007921313141099631,0.003471668552293987,0.0,0.0,0.0,100.0,0.0,0.0,0.0,0.0,0.0,0.0,0.0,0.0,0.0,0.0,0.0,0.0,0.0,0.0,1.0,0.0,0.0,0.0,0.0,0.0,0.0,0.0,0.0,0.0,0.0,0.0,0.0,0.0,0.0,1.0,0.0,0.0,6.413999999999999,0.2580371250319164,0.1130897562488356,0.0,0.0,0.0,0.0,0.0,0.0,0.0,0.0,0.0,0.0,0.0,0.0,0.0,0.0,0.0,,,,0.0,0.0,0.0,0.0,0.0,0.0
85aabe97be77ed6005b9d1d5463d30f98660c1f46bfbb7581f87fbd9b72484d1,60,current,Optimized Pattern Generator,dynamic_session,Dynamic Session Pattern Assignment,50,6,5,15,10.0,120,single_only,A1) Refined Cost + Greedy 1:1,True,300,20,0.9515,0.010840416038281975,0.004751021804531581,0.9515,0.010840416038281975,0.004751021804531581,300.0,0.0,0.0,300.0,0.0,0.0,0.0,0.0,0.0,0.0,0.0,0.0,1.0911529233375132,0.06292726661114682,0.027579090573032313,418.82000000000005,4.96181206288272,2.1746100165801074,16.942915258251013,1.3313249282493282,0.5834788757822834,13.183289522443374,1.0747739565177128,0.4710404549351217,3.5017107305131505,0.2402628010028688,0.10529981527935617,0.0,0.0,0.0,0.2515685512422351,0.04371529171253877,0.019159071329392093,16.93656880419876,1.3322901706724426,0.5839019119261621,13.183289522443374,1.0747739565177128,0.4710404549351217,0.2515685512422351,0.04371529171253877,0.019159071329392093,0.0,0.0,0.0,300.0,0.0,0.0,0.0,0.0,0.0,0.0,0.0,0.0,0.0,0.0,0.0,0.0,0.0,0.0,1.0,0.0,0.0,0.0,0.0,0.0,0.0,0.0,0.0,0.0,0.0,0.0,0.0,0.0,0.0,1.0,0.0,0.0,17.293333333333333,0.5179378815290568,0.22699628499935592,0.0,0.0,0.0,0.0,0.0,0.0,0.0,0.0,0.0,0.0,0.0,0.0,0.0,0.0,0.0,,,,0.0,0.0,0.0,0.0,0.0,0.0
85aabe97be77ed6005b9d1d5463d30f98660c1f46bfbb7581f87fbd9b72484d1,60,current,Optimized Pattern Generator,dynamic_session,Dynamic Session Pattern Assignment,50,6,5,15,10.0,120,single_only,A1) Refined Cost + Greedy 1:1,True,500,20,0.9396000000000001,0.010674120202867418,0.004678139441228617,0.9396000000000001,0.010674120202867418,0.004678139441228617,500.0,0.0,0.0,500.0,0.0,0.0,0.0,0.0,0.0,0.0,0.0,0.0,1.0685607751929391,0.03650579713781459,0.015999371018702253,415.31499999999994,4.422582598675258,1.9382822840421272,45.885327623148626,7.236257950712585,3.1714298773812657,36.1847191060544,6.010724938674436,2.634316353158141,9.288143782856059,1.1881372480182015,0.5207241080209722,0.0,0.0,0.0,0.40201031308970414,0.052013241958620095,0.02279580837092529,45.87487320200016,7.235748027815018,3.1712063938178656,36.1847191060544,6.010724938674436,2.634316353158141,0.40201031308970414,0.052013241958620095,0.02279580837092529,0.0,0.0,0.0,500.0,0.0,0.0,0.0,0.0,0.0,0.0,0.0,0.0,0.0,0.0,0.0,0.0,0.0,0.0,1.0,0.0,0.0,0.0,0.0,0.0,0.0,0.0,0.0,0.0,0.0,0.0,0.0,0.0,0.0,1.0,0.0,0.0,28.3161,0.49476819665480976,0.21684172288172718,0.0,0.0,0.0,0.0,0.0,0.0,0.0,0.0,0.0,0.0,0.0,0.0,0.0,0.0,0.0,,,,0.0,0.0,0.0,0.0,0.0,0.0
85aabe97be77ed6005b9d1d5463d30f98660c1f46bfbb7581f87fbd9b72484d1,60,current,Optimized Pattern Generator,dynamic_session,Dynamic Session Pattern Assignment,50,6,5,15,10.0,120,nomura_original_interval_hungarian,A2) Corr+DTW + Hungarian,False,100,20,0.938,0.020672890969882042,0.009060293942019168,0.938,0.020672890969882042,0.009060293942019168,100.0,0.0,0.0,100.0,0.0,0.0,0.0,0.0,0.0,0.0,0.0,0.0,0.10418700692194141,0.007329880760719193,0.003212461882995453,407.67500000000007,8.576275415353669,3.7587184252082446,2.630180854203354,0.1986190402187987,0.08704863240877972,1.5230862439668271,0.12880493939811374,0.05645125366505694,1.0202612357636098,0.06727956751113343,0.029486570544529415,0.0,0.0,0.0,0.08580353481520434,0.007275517688871924,0.003188636216268678,2.6291510145456414,0.19832718326322155,0.08692072045827388,1.5230862439668271,0.12880493939811374,0.05645125366505694,0.08580353481520434,0.007275517688871924,0.003188636216268678,0.0,0.0,0.0,100.0,0.0,0.0,0.0,0.0,0.0,0.0,0.0,0.0,0.0,0.0,0.0,0.0,0.0,0.0,1.0,0.0,0.0,0.0,0.0,0.0,0.0,0.0,0.0,0.0,0.0,0.0,0.0,0.0,0.0,1.0,0.0,0.0,6.413999999999999,0.2580371250319164,0.1130897562488356,0.0,0.0,0.0,0.0,0.0,0.0,0.0,0.0,0.0,0.0,0.0,0.0,0.0,0.0,0.0,,,,0.0,0.0,0.0,0.0,0.0,0.0
85aabe97be77ed6005b9d1d5463d30f98660c1f46bfbb7581f87fbd9b72484d1,60,current,Optimized Pattern Generator,dynamic_session,Dynamic Session Pattern Assignment,50,6,5,15,10.0,120,nomura_original_interval_hungarian,A2) Corr+DTW + Hungarian,False,300,20,0.885,0.01758853959674307,0.00770851735199979,0.885,0.01758853959674307,0.00770851735199979,300.0,0.0,0.0,300.0,0.0,0.0,0.0,0.0,0.0,0.0,0.0,0.0,0.10286720581872548,0.005780985951690744,0.0025336288027305565,418.82000000000005,4.96181206288272,2.1746100165801074,22.382285964548647,1.9068614219142208,0.8357188655621325,13.577339957123332,1.3462046778952221,0.5900002135947773,8.540509196871426,0.5590561632279024,0.24501716650669034,0.0,0.0,0.0,0.25963406705704983,0.04106220107104011,0.01799630308851963,22.377483221051808,1.9064142173153271,0.835522869505069,13.577339957123332,1.3462046778952221,0.5900002135947773,0.25963406705704983,0.04106220107104011,0.01799630308851963,0.0,0.0,0.0,300.0,0.0,0.0,0.0,0.0,0.0,0.0,0.0,0.0,0.0,0.0,0.0,0.0,0.0,0.0,1.0,0.0,0.0,0.0,0.0,0.0,0.0,0.0,0.0,0.0,0.0,0.0,0.0,0.0,0.0,1.0,0.0,0.0,17.293333333333333,0.5179378815290568,0.22699628499935592,0.0,0.0,0.0,0.0,0.0,0.0,0.0,0.0,0.0,0.0,0.0,0.0,0.0,0.0,0.0,,,,0.0,0.0,0.0,0.0,0.0,0.0
85aabe97be77ed6005b9d1d5463d30f98660c1f46bfbb7581f87fbd9b72484d1,60,current,Optimized Pattern Generator,dynamic_session,Dynamic Session Pattern Assignment,50,6,5,15,10.0,120,nomura_original_interval_hungarian,A2) Corr+DTW + Hungarian,False,500,20,0.8607000000000001,0.01822981941187225,0.007989570622808351,0.8607000000000001,0.01822981941187225,0.007989570622808351,500.0,0.0,0.0,500.0,0.0,0.0,0.0,0.0,0.0,0.0,0.0,0.0,0.10277700581092371,0.004126958666182092,0.0018087193831113437,415.31499999999994,4.422582598675258,1.9382822840421272,57.03710941889731,1.709895968785426,0.749394949648786,34.97839364168321,1.1104808784401037,0.48668970345352747,21.66525722708757,0.59873883933554,0.2624088661226241,0.0,0.0,0.0,0.382611731281213,0.03045290135213389,0.013346572476951458,57.02626260005199,1.7097392548298622,0.7493262667294838,34.97839364168321,1.1104808784401037,0.48668970345352747,0.382611731281213,0.03045290135213389,0.013346572476951458,0.0,0.0,0.0,500.0,0.0,0.0,0.0,0.0,0.0,0.0,0.0,0.0,0.0,0.0,0.0,0.0,0.0,0.0,1.0,0.0,0.0,0.0,0.0,0.0,0.0,0.0,0.0,0.0,0.0,0.0,0.0,0.0,0.0,1.0,0.0,0.0,28.3161,0.49476819665480976,0.21684172288172718,0.0,0.0,0.0,0.0,0.0,0.0,0.0,0.0,0.0,0.0,0.0,0.0,0.0,0.0,0.0,,,,0.0,0.0,0.0,0.0,0.0,0.0
85aabe97be77ed6005b9d1d5463d30f98660c1f46bfbb7581f87fbd9b72484d1,60,current,Optimized Pattern Generator,dynamic_session,Dynamic Session Pattern Assignment,50,6,5,15,10.0,120,bayesian_windowed,A3) Bayesian Posterior + Hungarian + Lock,False,100,20,0.9890000000000001,0.009119095061289922,0.003996619624264067,0.9890000000000001,0.009119095061289922,0.003996619624264067,100.0,0.0,0.0,100.0,0.0,0.0,0.0,0.0,0.0,0.0,0.0,0.0,0.1255711342883808,0.01718512482871769,0.007531713034491108,407.67500000000007,8.576275415353669,3.7587184252082446,2.0736250896487034,0.3129032455135573,0.13713589376032956,1.5759419127367438,0.2513191594446905,0.1101454780150215,0.4019422837693128,0.050074307741800946,0.021946032983234533,0.0,0.0,0.0,0.09477100349467946,0.029826338935674213,0.013071969390502787,2.072655200000736,0.3123395078775033,0.13688882484789397,1.5759419127367438,0.2513191594446905,0.1101454780150215,0.09477100349467946,0.029826338935674213,0.013071969390502787,0.0,0.0,0.0,100.0,0.0,0.0,0.0,0.0,0.0,0.0,0.0,0.0,0.0,0.0,0.0,0.0,0.0,0.0,1.0,0.0,0.0,0.0,0.0,0.0,0.0,0.0,0.0,0.0,0.0,0.0,0.0,0.0,0.0,1.0,0.0,0.0,6.413999999999999,0.2580371250319164,0.1130897562488356,0.0,0.0,0.0,0.0,0.0,0.0,0.0,0.0,0.0,0.0,0.0,0.0,0.0,0.0,0.0,,,,0.0,0.0,0.0,0.0,0.0,0.0
85aabe97be77ed6005b9d1d5463d30f98660c1f46bfbb7581f87fbd9b72484d1,60,current,Optimized Pattern Generator,dynamic_session,Dynamic Session Pattern Assignment,50,6,5,15,10.0,120,bayesian_windowed,A3) Bayesian Posterior + Hungarian + Lock,False,300,20,0.9736666666666668,0.008229173606481642,0.0036065943502170505,0.9736666666666668,0.008229173606481642,0.0036065943502170505,300.0,0.0,0.0,300.0,0.0,0.0,0.0,0.0,0.0,0.0,0.0,0.0,0.3399128932707113,0.0234399380032606,0.010273005773679593,418.82000000000005,4.96181206288272,2.1746100165801074,16.532589414546965,1.1664648810228457,0.5112257743973243,13.151765096392774,0.9565245749289725,0.4192153784512936,3.128193802617898,0.19768117324831735,0.08663759408600949,0.0,0.0,0.0,0.24585982809221604,0.032850364276683953,0.01439730693122602,16.525818727102887,1.1637104133780247,0.5100185757257781,13.151765096392774,0.9565245749289725,0.4192153784512936,0.24585982809221604,0.032850364276683953,0.01439730693122602,0.0,0.0,0.0,300.0,0.0,0.0,0.0,0.0,0.0,0.0,0.0,0.0,0.0,0.0,0.0,0.0,0.0,0.0,1.0,0.0,0.0,0.0,0.0,0.0,0.0,0.0,0.0,0.0,0.0,0.0,0.0,0.0,0.0,1.0,0.0,0.0,17.293333333333333,0.5179378815290568,0.22699628499935592,0.0,0.0,0.0,0.0,0.0,0.0,0.0,0.0,0.0,0.0,0.0,0.0,0.0,0.0,0.0,,,,0.0,0.0,0.0,0.0,0.0,0.0
85aabe97be77ed6005b9d1d5463d30f98660c1f46bfbb7581f87fbd9b72484d1,60,current,Optimized Pattern Generator,dynamic_session,Dynamic Session Pattern Assignment,50,6,5,15,10.0,120,bayesian_windowed,A3) Bayesian Posterior + Hungarian + Lock,False,500,20,0.9578999999999999,0.008837122656278196,0.003873039769048545,0.9578999999999999,0.008837122656278196,0.003873039769048545,500.0,0.0,0.0,500.0,0.0,0.0,0.0,0.0,0.0,0.0,0.0,0.0,0.5133711633361652,0.027141092671024634,0.011895108326422352,415.31499999999994,4.422582598675258,1.9382822840421272,42.547013591798894,1.5013257258556199,0.6579850103589464,34.25654274887929,1.2036515825906244,0.5275235649399763,7.878223595693998,0.2575052131740655,0.1128566355986858,0.0,0.0,0.0,0.3990049365733285,0.08064260438255583,0.03534317967527539,42.53377128114662,1.4984896371271998,0.6567420396703006,34.25654274887929,1.2036515825906244,0.5275235649399763,0.3990049365733285,0.08064260438255583,0.03534317967527539,0.0,0.0,0.0,500.0,0.0,0.0,0.0,0.0,0.0,0.0,0.0,0.0,0.0,0.0,0.0,0.0,0.0,0.0,1.0,0.0,0.0,0.0,0.0,0.0,0.0,0.0,0.0,0.0,0.0,0.0,0.0,0.0,0.0,1.0,0.0,0.0,28.3161,0.49476819665480976,0.21684172288172718,0.0,0.0,0.0,0.0,0.0,0.0,0.0,0.0,0.0,0.0,0.0,0.0,0.0,0.0,0.0,,,,0.0,0.0,0.0,0.0,0.0,0.0
85aabe97be77ed6005b9d1d5463d30f98660c1f46bfbb7581f87fbd9b72484d1,60,current,Optimized Pattern Generator,dynamic_session,Dynamic Session Pattern Assignment,50,6,5,15,10.0,180,time_only_baseline,A0) Time Prior + Hungarian (Baseline),False,100,20,0.9265000000000001,0.035135077688978084,0.015398626733029075,0.9265000000000001,0.035135077688978084,0.015398626733029075,100.0,0.0,0.0,100.0,0.0,0.0,0.0,0.0,0.0,0.0,0.0,0.0,1.5421502423100002,0.19793334826101974,0.08674811465825286,412.3050000000001,11.807645828021775,5.174928950236902,1.6408811188011896,0.10182988672832803,0.04462891557766645,1.5513327090317035,0.09861699029900793,0.04322080163282373,0.00321371575264493,0.0006661438031095625,0.0002919503940024706,0.0,0.0,0.0,0.08521151496970561,0.006188647885318293,0.002712294522634877,1.639757939754054,0.10177347729358993,0.04460419305285968,1.5513327090317035,0.09861699029900793,0.04322080163282373,0.08521151496970561,0.006188647885318293,0.002712294522634877,0.0,0.0,0.0,100.0,0.0,0.0,0.0,0.0,0.0,0.0,0.0,0.0,0.0,0.0,0.0,0.0,0.0,0.0,1.0,0.0,0.0,0.0,0.0,0.0,0.0,0.0,0.0,0.0,0.0,0.0,0.0,0.0,0.0,1.0,0.0,0.0,6.6754999999999995,0.29807231549266333,0.13063595209186232,0.0,0.0,0.0,0.0,0.0,0.0,0.0,0.0,0.0,0.0,0.0,0.0,0.0,0.0,0.0,,,,0.0,0.0,0.0,0.0,0.0,0.0
85aabe97be77ed6005b9d1d5463d30f98660c1f46bfbb7581f87fbd9b72484d1,60,current,Optimized Pattern Generator,dynamic_session,Dynamic Session Pattern Assignment,50,6,5,15,10.0,180,time_only_baseline,A0) Time Prior + Hungarian (Baseline),False,300,20,0.7971666666666667,0.02978038523977217,0.013051829295283342,0.7971666666666667,0.02978038523977217,0.013051829295283342,300.0,0.0,0.0,300.0,0.0,0.0,0.0,0.0,0.0,0.0,0.0,0.0,1.3336002607850002,0.06627371532358993,0.029045736386663242,416.64,8.0509169141095,3.5284699102257284,12.657909029300209,0.3703566228215456,0.16231594657106024,12.401168922981014,0.3556534628324854,0.1558720025880199,0.012688441381033044,0.0006512410497347029,0.00028541897436124296,0.0,0.0,0.0,0.24041022118472027,0.04087748202759958,0.017915346398296762,12.654267585546767,0.37032851123978655,0.1623036261271377,12.401168922981014,0.3556534628324854,0.1558720025880199,0.24041022118472027,0.04087748202759958,0.017915346398296762,0.0,0.0,0.0,300.0,0.0,0.0,0.0,0.0,0.0,0.0,0.0,0.0,0.0,0.0,0.0,0.0,0.0,0.0,1.0,0.0,0.0,0.0,0.0,0.0,0.0,0.0,0.0,0.0,0.0,0.0,0.0,0.0,0.0,1.0,0.0,0.0,17.731666666666666,0.4007631608707458,0.1756421994345956,0.0,0.0,0.0,0.0,0.0,0.0,0.0,0.0,0.0,0.0,0.0,0.0,0.0,0.0,0.0,,,,0.0,0.0,0.0,0.0,0.0,0.0
85aabe97be77ed6005b9d1d5463d30f98660c1f46bfbb7581f87fbd9b72484d1,60,current,Optimized Pattern Generator,dynamic_session,Dynamic Session Pattern Assignment,50,6,5,15,10.0,180,time_only_baseline,A0) Time Prior + Hungarian (Baseline),False,500,20,0.7081999999999999,0.019977882507254963,0.008755693053214301,0.7081999999999999,0.019977882507254963,0.008755693053214301,500.0,0.0,0.0,500.0,0.0,0.0,0.0,0.0,0.0,0.0,0.0,0.0,1.2020002772100002,0.05308900292123214,0.023267281400353754,416.13,5.68452192129507,2.491351577378283,37.10618447295419,1.825662026163276,0.8001316613104525,36.67700675155065,1.7971302408433283,0.7876270550574652,0.02967468266724609,0.003084724776727774,0.0013519402413576683,0.0,0.0,0.0,0.3881609593852772,0.043922935017913875,0.019250075020386826,37.09484239360317,1.8209692487288243,0.7980749609184972,36.67700675155065,1.7971302408433283,0.7876270550574652,0.3881609593852772,0.043922935017913875,0.019250075020386826,0.0,0.0,0.0,500.0,0.0,0.0,0.0,0.0,0.0,0.0,0.0,0.0,0.0,0.0,0.0,0.0,0.0,0.0,1.0,0.0,0.0,0.0,0.0,0.0,0.0,0.0,0.0,0.0,0.0,0.0,0.0,0.0,0.0,1.0,0.0,0.0,28.835699999999996,0.5908649413760884,0.2589579781899189,0.0,0.0,0.0,0.0,0.0,0.0,0.0,0.0,0.0,0.0,0.0,0.0,0.0,0.0,0.0,,,,0.0,0.0,0.0,0.0,0.0,0.0
85aabe97be77ed6005b9d1d5463d30f98660c1f46bfbb7581f87fbd9b72484d1,60,current,Optimized Pattern Generator,dynamic_session,Dynamic Session Pattern Assignment,50,6,5,15,10.0,180,single_only,A1) Refined Cost + Greedy 1:1,True,100,20,0.9739999999999999,0.017591864148251226,0.007709974400940511,0.9739999999999999,0.017591864148251226,0.007709974400940511,100.0,0.0,0.0,100.0,0.0,0.0,0.0,0.0,0.0,0.0,0.0,0.0,1.115578178604792,0.10406050693420471,0.04560652798648211,412.3050000000001,11.807645828021775,5.174928950236902,2.104245395901671,0.1503651626961224,0.06590043814632367,1.579418301935948,0.1193404218127081,0.05230324594479594,0.43846510907751507,0.02829818139474034,0.012402224818698803,0.0,0.0,0.0,0.08541786608402617,0.007231694244774859,0.003169429745066875,2.103301277097489,0.15033924914955868,0.06588908103379937,1.579418301935948,0.1193404218127081,0.05230324594479594,0.08541786608402617,0.007231694244774859,0.003169429745066875,0.0,0.0,0.0,100.0,0.0,0.0,0.0,0.0,0.0,0.0,0.0,0.0,0.0,0.0,0.0,0.0,0.0,0.0,1.0,0.0,0.0,0.0,0.0,0.0,0.0,0.0,0.0,0.0,0.0,0.0,0.0,0.0,0.0,1.0,0.0,0.0,6.6754999999999995,0.29807231549266333,0.13063595209186232,0.0,0.0,0.0,0.0,0.0,0.0,0.0,0.0,0.0,0.0,0.0,0.0,0.0,0.0,0.0,,,,0.0,0.0,0.0,0.0,0.0,0.0
85aabe97be77ed6005b9d1d5463d30f98660c1f46bfbb7581f87fbd9b72484d1,60,current,Optimized Pattern Generator,dynamic_session,Dynamic Session Pattern Assignment,50,6,5,15,10.0,180,single_only,A1) Refined Cost + Greedy 1:1,True,300,20,0.9566666666666667,0.012330725186530235,0.005404178586874274,0.9566666666666667,0.012330725186530235,0.005404178586874274,300.0,0.0,0.0,300.0,0.0,0.0,0.0,0.0,0.0,0.0,0.0,0.0,1.082936779267307,0.06531400875425143,0.028625126437674415,416.64,8.0509169141095,3.5284699102257284,16.12655285820365,0.43239867423075184,0.18950707447630655,12.52246359523706,0.3451634504901488,0.15127455197429374,3.3659577509679366,0.0885707722723728,0.0388178524536531,0.0,0.0,0.0,0.23359826009254903,0.02357264355670613,0.010331166546824795,16.122019606297545,0.4317975961477799,0.18924364039145766,12.52246359523706,0.3451634504901488,0.15127455197429374,0.23359826009254903,0.02357264355670613,0.010331166546824795,0.0,0.0,0.0,300.0,0.0,0.0,0.0,0.0,0.0,0.0,0.0,0.0,0.0,0.0,0.0,0.0,0.0,0.0,1.0,0.0,0.0,0.0,0.0,0.0,0.0,0.0,0.0,0.0,0.0,0.0,0.0,0.0,0.0,1.0,0.0,0.0,17.731666666666666,0.4007631608707458,0.1756421994345956,0.0,0.0,0.0,0.0,0.0,0.0,0.0,0.0,0.0,0.0,0.0,0.0,0.0,0.0,0.0,,,,0.0,0.0,0.0,0.0,0.0,0.0
85aabe97be77ed6005b9d1d5463d30f98660c1f46bfbb7581f87fbd9b72484d1,60,current,Optimized Pattern Generator,dynamic_session,Dynamic Session Pattern Assignment,50,6,5,15,10.0,180,single_only,A1) Refined Cost + Greedy 1:1,True,500,20,0.9432999999999998,0.008974232117861818,0.003933130640034583,0.9432999999999998,0.008974232117861818,0.003933130640034583,500.0,0.0,0.0,500.0,0.0,0.0,0.0,0.0,0.0,0.0,0.0,0.0,1.0734766215293814,0.0474381691621552,0.0207906943110438,416.13,5.68452192129507,2.491351577378283,48.035419012645434,4.778061249066036,2.0940776716995653,37.855289023657676,3.997717115163238,1.7520767759665936,9.781966708278924,0.7675209139212225,0.33638087178540116,0.0,0.0,0.0,0.38760952841694235,0.028153669162621162,0.012338889540477457,48.02486526035354,4.7758537927445355,2.093110211310687,37.855289023657676,3.997717115163238,1.7520767759665936,0.38760952841694235,0.028153669162621162,0.012338889540477457,0.0,0.0,0.0,500.0,0.0,0.0,0.0,0.0,0.0,0.0,0.0,0.0,0.0,0.0,0.0,0.0,0.0,0.0,1.0,0.0,0.0,0.0,0.0,0.0,0.0,0.0,0.0,0.0,0.0,0.0,0.0,0.0,0.0,1.0,0.0,0.0,28.835699999999996,0.5908649413760884,0.2589579781899189,0.0,0.0,0.0,0.0,0.0,0.0,0.0,0.0,0.0,0.0,0.0,0.0,0.0,0.0,0.0,,,,0.0,0.0,0.0,0.0,0.0,0.0
85aabe97be77ed6005b9d1d5463d30f98660c1f46bfbb7581f87fbd9b72484d1,60,current,Optimized Pattern Generator,dynamic_session,Dynamic Session Pattern Assignment,50,6,5,15,10.0,180,nomura_original_interval_hungarian,A2) Corr+DTW + Hungarian,False,100,20,0.931,0.027701415506299138,0.012140680636430118,0.931,0.027701415506299138,0.012140680636430118,100.0,0.0,0.0,100.0,0.0,0.0,0.0,0.0,0.0,0.0,0.0,0.0,0.10871766487747972,0.005896689920993262,0.0025843383030934443,412.3050000000001,11.807645828021775,5.174928950236902,2.766039347949845,0.2561193756841623,0.11224926553938035,1.6098201008877369,0.1669459211501845,0.07316727593859396,1.0680133088564616,0.08454964293285615,0.0370555148179554,0.0,0.0,0.0,0.08708761735324515,0.009610212891231287,0.004211861503395438,2.7649210270974436,0.2558772790713579,0.11214316202064312,1.6098201008877369,0.1669459211501845,0.07316727593859396,0.08708761735324515,0.009610212891231287,0.004211861503395438,0.0,0.0,0.0,100.0,0.0,0.0,0.0,0.0,0.0,0.0,0.0,0.0,0.0,0.0,0.0,0.0,0.0,0.0,1.0,0.0,0.0,0.0,0.0,0.0,0.0,0.0,0.0,0.0,0.0,0.0,0.0,0.0,0.0,1.0,0.0,0.0,6.6754999999999995,0.29807231549266333,0.13063595209186232,0.0,0.0,0.0,0.0,0.0,0.0,0.0,0.0,0.0,0.0,0.0,0.0,0.0,0.0,0.0,,,,0.0,0.0,0.0,0.0,0.0,0.0
85aabe97be77ed6005b9d1d5463d30f98660c1f46bfbb7581f87fbd9b72484d1,60,current,Optimized Pattern Generator,dynamic_session,Dynamic Session Pattern Assignment,50,6,5,15,10.0,180,nomura_original_interval_hungarian,A2) Corr+DTW + Hungarian,False,300,20,0.8793333333333333,0.022880314069737437,0.010027739770869641,0.8793333333333333,0.022880314069737437,0.010027739770869641,300.0,0.0,0.0,300.0,0.0,0.0,0.0,0.0,0.0,0.0,0.0,0.0,0.10401426981809478,0.0056468222553251925,0.0024748289702740977,416.64,8.0509169141095,3.5284699102257284,21.121372839550894,0.5880927908585541,0.2577430296577096,12.702126959612361,0.36610669069323554,0.16045333169188258,8.1760560984083,0.21603110590678423,0.09467980666015707,0.0,0.0,0.0,0.23843862322537462,0.022994284644430027,0.010077689577549323,21.116621681246034,0.5878409408257721,0.2576326515141961,12.702126959612361,0.36610669069323554,0.16045333169188258,0.23843862322537462,0.022994284644430027,0.010077689577549323,0.0,0.0,0.0,300.0,0.0,0.0,0.0,0.0,0.0,0.0,0.0,0.0,0.0,0.0,0.0,0.0,0.0,0.0,1.0,0.0,0.0,0.0,0.0,0.0,0.0,0.0,0.0,0.0,0.0,0.0,0.0,0.0,0.0,1.0,0.0,0.0,17.731666666666666,0.4007631608707458,0.1756421994345956,0.0,0.0,0.0,0.0,0.0,0.0,0.0,0.0,0.0,0.0,0.0,0.0,0.0,0.0,0.0,,,,0.0,0.0,0.0,0.0,0.0,0.0
85aabe97be77ed6005b9d1d5463d30f98660c1f46bfbb7581f87fbd9b72484d1,60,current,Optimized Pattern Generator,dynamic_session,Dynamic Session Pattern Assignment,50,6,5,15,10.0,180,nomura_original_interval_hungarian,A2) Corr+DTW + Hungarian,False,500,20,0.8615999999999999,0.01997472086624019,0.008754307402945322,0.8615999999999999,0.01997472086624019,0.008754307402945322,500.0,0.0,0.0,500.0,0.0,0.0,0.0,0.0,0.0,0.0,0.0,0.0,0.10272033693885929,0.004603457781353167,0.0020175543280085847,416.13,5.68452192129507,2.491351577378283,61.34946917514753,3.698496604246164,1.6209376050427258,37.6027577675879,2.4544160861602613,1.0756952778897717,23.323415635098353,1.2281180824459095,0.538246481282166,0.0,0.0,0.0,0.4113549889108981,0.04444068840522808,0.019476990447231432,61.337528391597154,3.6962690680225863,1.6199613442487462,37.6027577675879,2.4544160861602613,1.0756952778897717,0.4113549889108981,0.04444068840522808,0.019476990447231432,0.0,0.0,0.0,500.0,0.0,0.0,0.0,0.0,0.0,0.0,0.0,0.0,0.0,0.0,0.0,0.0,0.0,0.0,1.0,0.0,0.0,0.0,0.0,0.0,0.0,0.0,0.0,0.0,0.0,0.0,0.0,0.0,0.0,1.0,0.0,0.0,28.835699999999996,0.5908649413760884,0.2589579781899189,0.0,0.0,0.0,0.0,0.0,0.0,0.0,0.0,0.0,0.0,0.0,0.0,0.0,0.0,0.0,,,,0.0,0.0,0.0,0.0,0.0,0.0
85aabe97be77ed6005b9d1d5463d30f98660c1f46bfbb7581f87fbd9b72484d1,60,current,Optimized Pattern Generator,dynamic_session,Dynamic Session Pattern Assignment,50,6,5,15,10.0,180,bayesian_windowed,A3) Bayesian Posterior + Hungarian + Lock,False,100,20,0.985,0.013178930553209395,0.005775920979194123,0.985,0.013178930553209395,0.005775920979194123,100.0,0.0,0.0,100.0,0.0,0.0,0.0,0.0,0.0,0.0,0.0,0.0,0.1386623352253036,0.022090577049436372,0.009681622261168346,412.3050000000001,11.807645828021775,5.174928950236902,2.106585754196567,0.21440228378000578,0.09396594388840551,1.608153127679543,0.16663386798619884,0.07303051260948984,0.4095814205909846,0.03824253810426583,0.01676053130731981,0.0,0.0,0.0,0.08775519337505103,0.011966209921380158,0.0052444227281787355,2.1054897416455787,0.21431771284698212,0.09392887904279386,1.608153127679543,0.16663386798619884,0.07303051260948984,0.08775519337505103,0.011966209921380158,0.0052444227281787355,0.0,0.0,0.0,100.0,0.0,0.0,0.0,0.0,0.0,0.0,0.0,0.0,0.0,0.0,0.0,0.0,0.0,0.0,1.0,0.0,0.0,0.0,0.0,0.0,0.0,0.0,0.0,0.0,0.0,0.0,0.0,0.0,0.0,1.0,0.0,0.0,6.6754999999999995,0.29807231549266333,0.13063595209186232,0.0,0.0,0.0,0.0,0.0,0.0,0.0,0.0,0.0,0.0,0.0,0.0,0.0,0.0,0.0,,,,0.0,0.0,0.0,0.0,0.0,0.0
85aabe97be77ed6005b9d1d5463d30f98660c1f46bfbb7581f87fbd9b72484d1,60,current,Optimized Pattern Generator,dynamic_session,Dynamic Session Pattern Assignment,50,6,5,15,10.0,180,bayesian_windowed,A3) Bayesian Posterior + Hungarian + Lock,False,300,20,0.9783333333333332,0.009520676176291331,0.004172620307902236,0.9783333333333332,0.009520676176291331,0.004172620307902236,300.0,0.0,0.0,300.0,0.0,0.0,0.0,0.0,0.0,0.0,0.0,0.0,0.33319135656069987,0.022309981004991146,0.009777780284362297,416.64,8.0509169141095,3.5284699102257284,15.819212175099528,0.44572984332404536,0.19534971693748765,12.562812287650013,0.36584241322530936,0.16033750698477453,3.0181301730655834,0.081799354577983,0.0358501478009878,0.0,0.0,0.0,0.23335952282941436,0.02621156753353317,0.011487725973154107,15.814301983545011,0.44507841057330366,0.19506421394645573,12.562812287650013,0.36584241322530936,0.16033750698477453,0.23335952282941436,0.02621156753353317,0.011487725973154107,0.0,0.0,0.0,300.0,0.0,0.0,0.0,0.0,0.0,0.0,0.0,0.0,0.0,0.0,0.0,0.0,0.0,0.0,1.0,0.0,0.0,0.0,0.0,0.0,0.0,0.0,0.0,0.0,0.0,0.0,0.0,0.0,0.0,1.0,0.0,0.0,17.731666666666666,0.4007631608707458,0.1756421994345956,0.0,0.0,0.0,0.0,0.0,0.0,0.0,0.0,0.0,0.0,0.0,0.0,0.0,0.0,0.0,,,,0.0,0.0,0.0,0.0,0.0,0.0
85aabe97be77ed6005b9d1d5463d30f98660c1f46bfbb7581f87fbd9b72484d1,60,current,Optimized Pattern Generator,dynamic_session,Dynamic Session Pattern Assignment,50,6,5,15,10.0,180,bayesian_windowed,A3) Bayesian Posterior + Hungarian + Lock,False,500,20,0.9620999999999998,0.007122240924700159,0.0031214597125130607,0.9620999999999998,0.007122240924700159,0.0031214597125130607,500.0,0.0,0.0,500.0,0.0,0.0,0.0,0.0,0.0,0.0,0.0,0.0,0.5077331252673833,0.034073934515687375,0.014933560232238853,416.13,5.68452192129507,2.491351577378283,45.94444276680006,2.449830987267457,1.0736857696994293,37.00550670595694,2.0120557331287534,0.8818223051836372,8.526301661597973,0.41122217997375177,0.18022606666228447,0.0,0.0,0.0,0.3956495032980456,0.03783923758184143,0.016583777060153387,45.92745787085296,2.442632459428281,1.07053087577251,37.00550670595694,2.0120557331287534,0.8818223051836372,0.3956495032980456,0.03783923758184143,0.016583777060153387,0.0,0.0,0.0,500.0,0.0,0.0,0.0,0.0,0.0,0.0,0.0,0.0,0.0,0.0,0.0,0.0,0.0,0.0,1.0,0.0,0.0,0.0,0.0,0.0,0.0,0.0,0.0,0.0,0.0,0.0,0.0,0.0,0.0,1.0,0.0,0.0,28.835699999999996,0.5908649413760884,0.2589579781899189,0.0,0.0,0.0,0.0,0.0,0.0,0.0,0.0,0.0,0.0,0.0,0.0,0.0,0.0,0.0,,,,0.0,0.0,0.0,0.0,0.0,0.0
85aabe97be77ed6005b9d1d5463d30f98660c1f46bfbb7581f87fbd9b72484d1,60,current,Optimized Pattern Generator,dynamic_session,Dynamic Session Pattern Assignment,50,6,5,15,15.0,60,time_only_baseline,A0) Time Prior + Hungarian (Baseline),False,100,20,0.917,0.02830287320359802,0.012404281094593274,0.917,0.02830287320359802,0.012404281094593274,100.0,0.0,0.0,100.0,0.0,0.0,0.0,0.0,0.0,0.0,0.0,0.0,1.4888502564250001,0.14901228331067448,0.0653075126131646,417.7950000000001,9.177344817251706,4.0221487054087195,1.5205325498973252,0.08104884353064234,0.03552122183192303,1.4290252914652228,0.0794673328781162,0.034828094227990075,0.002832406503148377,0.00015458840260880563,6.775135464621346e-05,0.0,0.0,0.0,0.08775533538282616,0.005242354804184507,0.002297563294048514,1.5196130333511975,0.08103481592025154,0.035515073960605464,1.4290252914652228,0.0794673328781162,0.034828094227990075,0.08775533538282616,0.005242354804184507,0.002297563294048514,0.0,0.0,0.0,100.0,0.0,0.0,0.0,0.0,0.0,0.0,0.0,0.0,0.0,0.0,0.0,0.0,0.0,0.0,1.0,0.0,0.0,0.0,0.0,0.0,0.0,0.0,0.0,0.0,0.0,0.0,0.0,0.0,0.0,1.0,0.0,0.0,6.2225,0.3337171036419289,0.14625796928354834,0.0,0.0,0.0,0.0,0.0,0.0,0.0,0.0,0.0,0.0,0.0,0.0,0.0,0.0,0.0,,,,0.0,0.0,0.0,0.0,0.0,0.0
85aabe97be77ed6005b9d1d5463d30f98660c1f46bfbb7581f87fbd9b72484d1,60,current,Optimized Pattern Generator,dynamic_session,Dynamic Session Pattern Assignment,50,6,5,15,15.0,60,time_only_baseline,A0) Time Prior + Hungarian (Baseline),False,300,20,0.796,0.022205841916141764,0.009732139316333004,0.796,0.022205841916141764,0.009732139316333004,300.0,0.0,0.0,300.0,0.0,0.0,0.0,0.0,0.0,0.0,0.0,0.0,1.3295669303466666,0.07886075314673083,0.03456224893941243,420.23999999999995,5.1502069452544665,2.2571777142449827,12.326506570902712,0.46969730313251223,0.20585391933591396,12.072083791664046,0.4644706152577396,0.20356322237642152,0.012934045215661171,0.0009340409578014468,0.0004093614987809573,0.0,0.0,0.0,0.23853893396735656,0.02383933870483149,0.01044805084899842,12.323556770847063,0.4695463922895852,0.20578777974286194,12.072083791664046,0.4644706152577396,0.20356322237642152,0.23853893396735656,0.02383933870483149,0.01044805084899842,0.0,0.0,0.0,300.0,0.0,0.0,0.0,0.0,0.0,0.0,0.0,0.0,0.0,0.0,0.0,0.0,0.0,0.0,1.0,0.0,0.0,0.0,0.0,0.0,0.0,0.0,0.0,0.0,0.0,0.0,0.0,0.0,0.0,1.0,0.0,0.0,16.977333333333334,0.4009544169159933,0.1757260210921787,0.0,0.0,0.0,0.0,0.0,0.0,0.0,0.0,0.0,0.0,0.0,0.0,0.0,0.0,0.0,,,,0.0,0.0,0.0,0.0,0.0,0.0
85aabe97be77ed6005b9d1d5463d30f98660c1f46bfbb7581f87fbd9b72484d1,60,current,Optimized Pattern Generator,dynamic_session,Dynamic Session Pattern Assignment,50,6,5,15,15.0,60,time_only_baseline,A0) Time Prior + Hungarian (Baseline),False,500,20,0.7095,0.014376515938373798,0.006300785915891345,0.7095,0.014376515938373798,0.006300785915891345,500.0,0.0,0.0,500.0,0.0,0.0,0.0,0.0,0.0,0.0,0.0,0.0,1.169760271544,0.05423914492491634,0.023771353358340828,419.27,5.561436770059363,2.437407131402242,33.30210160645074,1.4267332831899886,0.6252934309669574,32.89122239947028,1.4150547799719073,0.6201751012610257,0.027281447297718843,0.0015819072735210585,0.0006933014307481101,0.0,0.0,0.0,0.37075101142836503,0.022128660997568425,0.009698313287355816,33.289254858196365,1.4171799140345291,0.621106482329189,32.89122239947028,1.4150547799719073,0.6201751012610257,0.37075101142836503,0.022128660997568425,0.009698313287355816,0.0,0.0,0.0,500.0,0.0,0.0,0.0,0.0,0.0,0.0,0.0,0.0,0.0,0.0,0.0,0.0,0.0,0.0,1.0,0.0,0.0,0.0,0.0,0.0,0.0,0.0,0.0,0.0,0.0,0.0,0.0,0.0,0.0,1.0,0.0,0.0,27.6501,0.49475670788782616,0.21683668770759237,0.0,0.0,0.0,0.0,0.0,0.0,0.0,0.0,0.0,0.0,0.0,0.0,0.0,0.0,0.0,,,,0.0,0.0,0.0,0.0,0.0,0.0
85aabe97be77ed6005b9d1d5463d30f98660c1f46bfbb7581f87fbd9b72484d1,60,current,Optimized Pattern Generator,dynamic_session,Dynamic Session Pattern Assignment,50,6,5,15,15.0,60,single_only,A1) Refined Cost + Greedy 1:1,True,100,20,0.9814999999999998,0.010894228312566062,0.004774606073582906,0.9814999999999998,0.010894228312566062,0.004774606073582906,100.0,0.0,0.0,100.0,0.0,0.0,0.0,0.0,0.0,0.0,0.0,0.0,1.0525974860236076,0.08976572522842813,0.03934156367742529,417.7950000000001,9.177344817251706,4.0221487054087195,1.9329851042508381,0.11159173785905327,0.04890723546971527,1.4396346856156015,0.08709732357381411,0.03817208508919128,0.4090077065498917,0.024389021222364537,0.010688959834146855,0.0,0.0,0.0,0.08352495347935474,0.004247596590480722,0.001861591284593001,1.932167345644848,0.11159699682063236,0.048909540311249326,1.4396346856156015,0.08709732357381411,0.03817208508919128,0.08352495347935474,0.004247596590480722,0.001861591284593001,0.0,0.0,0.0,100.0,0.0,0.0,0.0,0.0,0.0,0.0,0.0,0.0,0.0,0.0,0.0,0.0,0.0,0.0,1.0,0.0,0.0,0.0,0.0,0.0,0.0,0.0,0.0,0.0,0.0,0.0,0.0,0.0,0.0,1.0,0.0,0.0,6.2225,0.3337171036419289,0.14625796928354834,0.0,0.0,0.0,0.0,0.0,0.0,0.0,0.0,0.0,0.0,0.0,0.0,0.0,0.0,0.0,,,,0.0,0.0,0.0,0.0,0.0,0.0
85aabe97be77ed6005b9d1d5463d30f98660c1f46bfbb7581f87fbd9b72484d1,60,current,Optimized Pattern Generator,dynamic_session,Dynamic Session Pattern Assignment,50,6,5,15,15.0,60,single_only,A1) Refined Cost + Greedy 1:1,True,300,20,0.9574999999999999,0.012036737138264378,0.005275332643817265,0.9574999999999999,0.012036737138264378,0.005275332643817265,300.0,0.0,0.0,300.0,0.0,0.0,0.0,0.0,0.0,0.0,0.0,0.0,1.0824659631813973,0.05684901974714882,0.024915181431335122,420.23999999999995,5.1502069452544665,2.2571777142449827,15.641770935353998,0.6150278419048476,0.26954783626062967,12.120631533898996,0.4836497994264551,0.2119688704490517,3.278631638587103,0.125062143903564,0.05481090121532507,0.0,0.0,0.0,0.23893598176364322,0.020888273399930053,0.009154689453949472,15.638199154249742,0.6150139394548986,0.2695417432432942,12.120631533898996,0.4836497994264551,0.2119688704490517,0.23893598176364322,0.020888273399930053,0.009154689453949472,0.0,0.0,0.0,300.0,0.0,0.0,0.0,0.0,0.0,0.0,0.0,0.0,0.0,0.0,0.0,0.0,0.0,0.0,1.0,0.0,0.0,0.0,0.0,0.0,0.0,0.0,0.0,0.0,0.0,0.0,0.0,0.0,0.0,1.0,0.0,0.0,16.977333333333334,0.4009544169159933,0.1757260210921787,0.0,0.0,0.0,0.0,0.0,0.0,0.0,0.0,0.0,0.0,0.0,0.0,0.0,0.0,0.0,,,,0.0,0.0,0.0,0.0,0.0,0.0
85aabe97be77ed6005b9d1d5463d30f98660c1f46bfbb7581f87fbd9b72484d1,60,current,Optimized Pattern Generator,dynamic_session,Dynamic Session Pattern Assignment,50,6,5,15,15.0,60,single_only,A1) Refined Cost + Greedy 1:1,True,500,20,0.9427,0.012720062892926246,0.00557481336010452,0.9427,0.012720062892926246,0.00557481336010452,500.0,0.0,0.0,500.0,0.0,0.0,0.0,0.0,0.0,0.0,0.0,0.0,1.0451011130527088,0.041764964645175165,0.01830430280479946,419.27,5.561436770059363,2.437407131402242,42.127009604100024,1.4734082593384394,0.6457496411921164,33.08675259067968,1.180219475858063,0.5172539913720089,8.65548376985098,0.2854918323948573,0.125122312274152,0.0,0.0,0.0,0.37547541041858495,0.03357316383202988,0.014714087803438603,42.11771177094924,1.474065369327165,0.6460376323423993,33.08675259067968,1.180219475858063,0.5172539913720089,0.37547541041858495,0.03357316383202988,0.014714087803438603,0.0,0.0,0.0,500.0,0.0,0.0,0.0,0.0,0.0,0.0,0.0,0.0,0.0,0.0,0.0,0.0,0.0,0.0,1.0,0.0,0.0,0.0,0.0,0.0,0.0,0.0,0.0,0.0,0.0,0.0,0.0,0.0,0.0,1.0,0.0,0.0,27.6501,0.49475670788782616,0.21683668770759237,0.0,0.0,0.0,0.0,0.0,0.0,0.0,0.0,0.0,0.0,0.0,0.0,0.0,0.0,0.0,,,,0.0,0.0,0.0,0.0,0.0,0.0
85aabe97be77ed6005b9d1d5463d30f98660c1f46bfbb7581f87fbd9b72484d1,60,current,Optimized Pattern Generator,dynamic_session,Dynamic Session Pattern Assignment,50,6,5,15,15.0,60,nomura_original_interval_hungarian,A2) Corr+DTW + Hungarian,False,100,20,0.9404999999999999,0.022118104039808392,0.009693686496619159,0.9404999999999999,0.022118104039808392,0.009693686496619159,100.0,0.0,0.0,100.0,0.0,0.0,0.0,0.0,0.0,0.0,0.0,0.0,0.1036576553264967,0.009168235651901573,0.004018156437672247,417.7950000000001,9.177344817251706,4.0221487054087195,2.5693410729058086,0.1426754798779425,0.06253028605897863,1.452572985048755,0.08716010976685279,0.03819960235154513,0.9916170982731274,0.05543287925469159,0.02429453049559754,0.0,0.0,0.0,0.12417301667592255,0.018590554147483666,0.008147669591380169,2.568363099997805,0.14267086235210183,0.06252826233905177,1.452572985048755,0.08716010976685279,0.03819960235154513,0.12417301667592255,0.018590554147483666,0.008147669591380169,0.0,0.0,0.0,100.0,0.0,0.0,0.0,0.0,0.0,0.0,0.0,0.0,0.0,0.0,0.0,0.0,0.0,0.0,1.0,0.0,0.0,0.0,0.0,0.0,0.0,0.0,0.0,0.0,0.0,0.0,0.0,0.0,0.0,1.0,0.0,0.0,6.2225,0.3337171036419289,0.14625796928354834,0.0,0.0,0.0,0.0,0.0,0.0,0.0,0.0,0.0,0.0,0.0,0.0,0.0,0.0,0.0,,,,0.0,0.0,0.0,0.0,0.0,0.0
85aabe97be77ed6005b9d1d5463d30f98660c1f46bfbb7581f87fbd9b72484d1,60,current,Optimized Pattern Generator,dynamic_session,Dynamic Session Pattern Assignment,50,6,5,15,15.0,60,nomura_original_interval_hungarian,A2) Corr+DTW + Hungarian,False,300,20,0.8866666666666667,0.025200946793687052,0.011044801905095764,0.8866666666666667,0.025200946793687052,0.011044801905095764,300.0,0.0,0.0,300.0,0.0,0.0,0.0,0.0,0.0,0.0,0.0,0.0,0.10352770425341606,0.005782020957037934,0.002534082413823981,420.23999999999995,5.1502069452544665,2.2571777142449827,20.637573112599785,0.9946586152695052,0.43592835851709105,12.388449047082394,0.6333082529372666,0.27755957963875433,8.003454360905744,0.3639969246853427,0.15952868597067033,0.0,0.0,0.0,0.24147113380895463,0.029166399211027615,0.012782738053771779,20.633374541797092,0.9940885283110691,0.4356785068914298,12.388449047082394,0.6333082529372666,0.27755957963875433,0.24147113380895463,0.029166399211027615,0.012782738053771779,0.0,0.0,0.0,300.0,0.0,0.0,0.0,0.0,0.0,0.0,0.0,0.0,0.0,0.0,0.0,0.0,0.0,0.0,1.0,0.0,0.0,0.0,0.0,0.0,0.0,0.0,0.0,0.0,0.0,0.0,0.0,0.0,0.0,1.0,0.0,0.0,16.977333333333334,0.4009544169159933,0.1757260210921787,0.0,0.0,0.0,0.0,0.0,0.0,0.0,0.0,0.0,0.0,0.0,0.0,0.0,0.0,0.0,,,,0.0,0.0,0.0,0.0,0.0,0.0
85aabe97be77ed6005b9d1d5463d30f98660c1f46bfbb7581f87fbd9b72484d1,60,current,Optimized Pattern Generator,dynamic_session,Dynamic Session Pattern Assignment,50,6,5,15,15.0,60,nomura_original_interval_hungarian,A2) Corr+DTW + Hungarian,False,500,20,0.8573999999999999,0.014143624191244557,0.006198716607407329,0.8573999999999999,0.014143624191244557,0.006198716607407329,500.0,0.0,0.0,500.0,0.0,0.0,0.0,0.0,0.0,0.0,0.0,0.0,0.10059342354813905,0.003650426854598335,0.001599870108379433,419.27,5.561436770059363,2.437407131402242,54.61966362485255,2.020789769009712,0.8856501651813955,33.32811027134157,1.3236431079978883,0.5801121696167453,20.886320935946422,0.6782573395606079,0.2972593854291526,0.0,0.0,0.0,0.39596539271151415,0.06936629931673213,0.03040112108148281,54.61039659999951,2.021221081415885,0.8858391961779047,33.32811027134157,1.3236431079978883,0.5801121696167453,0.39596539271151415,0.06936629931673213,0.03040112108148281,0.0,0.0,0.0,500.0,0.0,0.0,0.0,0.0,0.0,0.0,0.0,0.0,0.0,0.0,0.0,0.0,0.0,0.0,1.0,0.0,0.0,0.0,0.0,0.0,0.0,0.0,0.0,0.0,0.0,0.0,0.0,0.0,0.0,1.0,0.0,0.0,27.6501,0.49475670788782616,0.21683668770759237,0.0,0.0,0.0,0.0,0.0,0.0,0.0,0.0,0.0,0.0,0.0,0.0,0.0,0.0,0.0,,,,0.0,0.0,0.0,0.0,0.0,0.0
85aabe97be77ed6005b9d1d5463d30f98660c1f46bfbb7581f87fbd9b72484d1,60,current,Optimized Pattern Generator,dynamic_session,Dynamic Session Pattern Assignment,50,6,5,15,15.0,60,bayesian_windowed,A3) Bayesian Posterior + Hungarian + Lock,False,100,20,0.9924999999999999,0.010699237552766389,0.004689147605179211,0.9924999999999999,0.010699237552766389,0.004689147605179211,100.0,0.0,0.0,100.0,0.0,0.0,0.0,0.0,0.0,0.0,0.0,0.0,0.13300528291640917,0.014728396544315892,0.006455004391042012,417.7950000000001,9.177344817251706,4.0221487054087195,1.9279417374971672,0.0955231824098538,0.04186488054192687,1.4595023505680729,0.07589126005466089,0.03326081121054588,0.3818087275416474,0.018333302788468852,0.008034924212272148,0.0,0.0,0.0,0.0858280447908328,0.0038304743447599887,0.0016787794001066508,1.927139122900553,0.0955080603826374,0.04185825302128743,1.4595023505680729,0.07589126005466089,0.03326081121054588,0.0858280447908328,0.0038304743447599887,0.0016787794001066508,0.0,0.0,0.0,100.0,0.0,0.0,0.0,0.0,0.0,0.0,0.0,0.0,0.0,0.0,0.0,0.0,0.0,0.0,1.0,0.0,0.0,0.0,0.0,0.0,0.0,0.0,0.0,0.0,0.0,0.0,0.0,0.0,0.0,1.0,0.0,0.0,6.2225,0.3337171036419289,0.14625796928354834,0.0,0.0,0.0,0.0,0.0,0.0,0.0,0.0,0.0,0.0,0.0,0.0,0.0,0.0,0.0,,,,0.0,0.0,0.0,0.0,0.0,0.0
85aabe97be77ed6005b9d1d5463d30f98660c1f46bfbb7581f87fbd9b72484d1,60,current,Optimized Pattern Generator,dynamic_session,Dynamic Session Pattern Assignment,50,6,5,15,15.0,60,bayesian_windowed,A3) Bayesian Posterior + Hungarian + Lock,False,300,20,0.9753333333333334,0.006788362935570625,0.0029751312320556848,0.9753333333333334,0.006788362935570625,0.0029751312320556848,300.0,0.0,0.0,300.0,0.0,0.0,0.0,0.0,0.0,0.0,0.0,0.0,0.3237799037692095,0.02302201782580078,0.01008984418018968,420.23999999999995,5.1502069452544665,2.2571777142449827,15.645741212596477,1.4505494478003906,0.6357313253212654,12.405681316371192,1.188335079766929,0.5208108116076716,2.995621514989762,0.2536017289122874,0.11114585819163228,0.0,0.0,0.0,0.23927543098980095,0.028004133810473435,0.012273352782838887,15.640578262350754,1.4501532127373644,0.6355576676482102,12.405681316371192,1.188335079766929,0.5208108116076716,0.23927543098980095,0.028004133810473435,0.012273352782838887,0.0,0.0,0.0,300.0,0.0,0.0,0.0,0.0,0.0,0.0,0.0,0.0,0.0,0.0,0.0,0.0,0.0,0.0,1.0,0.0,0.0,0.0,0.0,0.0,0.0,0.0,0.0,0.0,0.0,0.0,0.0,0.0,0.0,1.0,0.0,0.0,16.977333333333334,0.4009544169159933,0.1757260210921787,0.0,0.0,0.0,0.0,0.0,0.0,0.0,0.0,0.0,0.0,0.0,0.0,0.0,0.0,0.0,,,,0.0,0.0,0.0,0.0,0.0,0.0
85aabe97be77ed6005b9d1d5463d30f98660c1f46bfbb7581f87fbd9b72484d1,60,current,Optimized Pattern Generator,dynamic_session,Dynamic Session Pattern Assignment,50,6,5,15,15.0,60,bayesian_windowed,A3) Bayesian Posterior + Hungarian + Lock,False,500,20,0.9608000000000001,0.009479062800664817,0.004154382441914109,0.9608000000000001,0.009479062800664817,0.004154382441914109,500.0,0.0,0.0,500.0,0.0,0.0,0.0,0.0,0.0,0.0,0.0,0.0,0.4966178982043039,0.028000962602546378,0.012271962939685733,419.27,5.561436770059363,2.437407131402242,40.95223384599522,0.9376143402289686,0.4109276026803955,32.91151186809293,0.7702269043965347,0.3375668244006571,7.653859651349194,0.17159665580811304,0.07520555027132066,0.0,0.0,0.0,0.37721954310836736,0.03219936809864112,0.01411199527661554,40.94259106255049,0.9376479775791715,0.41094234489911635,32.91151186809293,0.7702269043965347,0.3375668244006571,0.37721954310836736,0.03219936809864112,0.01411199527661554,0.0,0.0,0.0,500.0,0.0,0.0,0.0,0.0,0.0,0.0,0.0,0.0,0.0,0.0,0.0,0.0,0.0,0.0,1.0,0.0,0.0,0.0,0.0,0.0,0.0,0.0,0.0,0.0,0.0,0.0,0.0,0.0,0.0,1.0,0.0,0.0,27.6501,0.49475670788782616,0.21683668770759237,0.0,0.0,0.0,0.0,0.0,0.0,0.0,0.0,0.0,0.0,0.0,0.0,0.0,0.0,0.0,,,,0.0,0.0,0.0,0.0,0.0,0.0
85aabe97be77ed6005b9d1d5463d30f98660c1f46bfbb7581f87fbd9b72484d1,60,current,Optimized Pattern Generator,dynamic_session,Dynamic Session Pattern Assignment,50,6,5,15,15.0,120,time_only_baseline,A0) Time Prior + Hungarian (Baseline),False,100,20,0.9179999999999999,0.03349783967896876,0.01468107553782652,0.9179999999999999,0.03349783967896876,0.01468107553782652,100.0,0.0,0.0,100.0,0.0,0.0,0.0,0.0,0.0,0.0,0.0,0.0,1.5277502470650002,0.15423081671553115,0.06759463571864274,418.35500000000013,10.459117151028922,4.583910199129582,1.4886287978952168,0.07519174874293973,0.032954236861114324,1.4016045122130891,0.07371924035681014,0.03230888160674477,0.002852962477481924,0.00034811775582871824,0.00015256933337670677,0.0,0.0,0.0,0.08329097945970716,0.005518809340766449,0.002418724836799658,1.4877484541502781,0.07517553356195829,0.032947130244713706,1.4016045122130891,0.07371924035681014,0.03230888160674477,0.08329097945970716,0.005518809340766449,0.002418724836799658,0.0,0.0,0.0,100.0,0.0,0.0,0.0,0.0,0.0,0.0,0.0,0.0,0.0,0.0,0.0,0.0,0.0,0.0,1.0,0.0,0.0,0.0,0.0,0.0,0.0,0.0,0.0,0.0,0.0,0.0,0.0,0.0,0.0,1.0,0.0,0.0,6.362,0.3333024547101168,0.14607624137667577,0.0,0.0,0.0,0.0,0.0,0.0,0.0,0.0,0.0,0.0,0.0,0.0,0.0,0.0,0.0,,,,0.0,0.0,0.0,0.0,0.0,0.0
85aabe97be77ed6005b9d1d5463d30f98660c1f46bfbb7581f87fbd9b72484d1,60,current,Optimized Pattern Generator,dynamic_session,Dynamic Session Pattern Assignment,50,6,5,15,15.0,120,time_only_baseline,A0) Time Prior + Hungarian (Baseline),False,300,20,0.8001666666666667,0.03131569118860196,0.013724706794980612,0.8001666666666667,0.03131569118860196,0.013724706794980612,300.0,0.0,0.0,300.0,0.0,0.0,0.0,0.0,0.0,0.0,0.0,0.0,1.3321835955283334,0.06187144303979539,0.02711635549058579,420.98,7.377105408663092,3.2331589975065995,12.0863056396498,0.2828585463036348,0.12396822376013304,11.837392607527727,0.2901045319569631,0.1271439169911598,0.013492879932164215,0.0026453576996673914,0.0011593791296867168,0.0,0.0,0.0,0.22926582718791905,0.021088633208167142,0.009242501011580155,12.08015131464781,0.2829967323132228,0.12402878644908479,11.837392607527727,0.2901045319569631,0.1271439169911598,0.22926582718791905,0.021088633208167142,0.009242501011580155,0.0,0.0,0.0,300.0,0.0,0.0,0.0,0.0,0.0,0.0,0.0,0.0,0.0,0.0,0.0,0.0,0.0,0.0,1.0,0.0,0.0,0.0,0.0,0.0,0.0,0.0,0.0,0.0,0.0,0.0,0.0,0.0,0.0,1.0,0.0,0.0,17.398833333333332,0.41356003262500474,0.1812506757624021,0.0,0.0,0.0,0.0,0.0,0.0,0.0,0.0,0.0,0.0,0.0,0.0,0.0,0.0,0.0,,,,0.0,0.0,0.0,0.0,0.0,0.0
85aabe97be77ed6005b9d1d5463d30f98660c1f46bfbb7581f87fbd9b72484d1,60,current,Optimized Pattern Generator,dynamic_session,Dynamic Session Pattern Assignment,50,6,5,15,15.0,120,time_only_baseline,A0) Time Prior + Hungarian (Baseline),False,500,20,0.712,0.019628121608924704,0.008602403580884883,0.712,0.019628121608924704,0.008602403580884883,500.0,0.0,0.0,500.0,0.0,0.0,0.0,0.0,0.0,0.0,0.0,0.0,1.1967102717220002,0.050931635270536506,0.02232177333934852,420.875,4.802178781827226,2.1046476464694703,37.04933875835559,4.494279821840423,1.9697049775420026,36.61804891174834,4.468321344609696,1.9583281732846665,0.03218670096248388,0.008206457346955538,0.003596638510520051,0.0,0.0,0.0,0.3885194830916589,0.03724098854677353,0.016321582860215837,37.03875509580248,4.4899574212587,1.9678106019627664,36.61804891174834,4.468321344609696,1.9583281732846665,0.3885194830916589,0.03724098854677353,0.016321582860215837,0.0,0.0,0.0,500.0,0.0,0.0,0.0,0.0,0.0,0.0,0.0,0.0,0.0,0.0,0.0,0.0,0.0,0.0,1.0,0.0,0.0,0.0,0.0,0.0,0.0,0.0,0.0,0.0,0.0,0.0,0.0,0.0,0.0,1.0,0.0,0.0,28.3647,0.5550409278413144,0.24325741200975598,0.0,0.0,0.0,0.0,0.0,0.0,0.0,0.0,0.0,0.0,0.0,0.0,0.0,0.0,0.0,,,,0.0,0.0,0.0,0.0,0.0,0.0
85aabe97be77ed6005b9d1d5463d30f98660c1f46bfbb7581f87fbd9b72484d1,60,current,Optimized Pattern Generator,dynamic_session,Dynamic Session Pattern Assignment,50,6,5,15,15.0,120,single_only,A1) Refined Cost + Greedy 1:1,True,100,20,0.974,0.016351404253232567,0.007166318881810211,0.974,0.016351404253232567,0.007166318881810211,100.0,0.0,0.0,100.0,0.0,0.0,0.0,0.0,0.0,0.0,0.0,0.0,1.1141235065353883,0.11981431903115894,0.05251094055817755,418.35500000000013,10.459117151028922,4.583910199129582,1.887958191796497,0.09158198834961831,0.0401375760870107,1.4066140550698036,0.06956622005866418,0.03048874020982097,0.4001954681836651,0.021829586837957375,0.009567238257719846,0.0,0.0,0.0,0.08034307244815864,0.0020784788894831177,0.0009109335369897746,1.8871525957016275,0.0915230753780437,0.04011175633880802,1.4066140550698036,0.06956622005866418,0.03048874020982097,0.08034307244815864,0.0020784788894831177,0.0009109335369897746,0.0,0.0,0.0,100.0,0.0,0.0,0.0,0.0,0.0,0.0,0.0,0.0,0.0,0.0,0.0,0.0,0.0,0.0,1.0,0.0,0.0,0.0,0.0,0.0,0.0,0.0,0.0,0.0,0.0,0.0,0.0,0.0,0.0,1.0,0.0,0.0,6.362,0.3333024547101168,0.14607624137667577,0.0,0.0,0.0,0.0,0.0,0.0,0.0,0.0,0.0,0.0,0.0,0.0,0.0,0.0,0.0,,,,0.0,0.0,0.0,0.0,0.0,0.0
85aabe97be77ed6005b9d1d5463d30f98660c1f46bfbb7581f87fbd9b72484d1,60,current,Optimized Pattern Generator,dynamic_session,Dynamic Session Pattern Assignment,50,6,5,15,15.0,120,single_only,A1) Refined Cost + Greedy 1:1,True,300,20,0.9604999999999999,0.011253329591751285,0.004931989148311702,0.9604999999999999,0.011253329591751285,0.004931989148311702,300.0,0.0,0.0,300.0,0.0,0.0,0.0,0.0,0.0,0.0,0.0,0.0,1.0922057207707148,0.06164098010082007,0.02701535065420852,420.98,7.377105408663092,3.2331589975065995,15.462010754199582,0.3763886918514776,0.1649596173846565,11.976623560709413,0.29326933241283565,0.12853095194625225,3.2409767282617397,0.07602626147081686,0.033319978189888244,0.0,0.0,0.0,0.24060335273388772,0.047591314246720924,0.020857813103667546,15.45820364170504,0.376193297791473,0.16487398216214477,11.976623560709413,0.29326933241283565,0.12853095194625225,0.24060335273388772,0.047591314246720924,0.020857813103667546,0.0,0.0,0.0,300.0,0.0,0.0,0.0,0.0,0.0,0.0,0.0,0.0,0.0,0.0,0.0,0.0,0.0,0.0,1.0,0.0,0.0,0.0,0.0,0.0,0.0,0.0,0.0,0.0,0.0,0.0,0.0,0.0,0.0,1.0,0.0,0.0,17.398833333333332,0.41356003262500474,0.1812506757624021,0.0,0.0,0.0,0.0,0.0,0.0,0.0,0.0,0.0,0.0,0.0,0.0,0.0,0.0,0.0,,,,0.0,0.0,0.0,0.0,0.0,0.0
85aabe97be77ed6005b9d1d5463d30f98660c1f46bfbb7581f87fbd9b72484d1,60,current,Optimized Pattern Generator,dynamic_session,Dynamic Session Pattern Assignment,50,6,5,15,15.0,120,single_only,A1) Refined Cost + Greedy 1:1,True,500,20,0.9451,0.009118517885108963,0.003996366665649646,0.9451,0.009118517885108963,0.003996366665649646,500.0,0.0,0.0,500.0,0.0,0.0,0.0,0.0,0.0,0.0,0.0,0.0,1.0667091328787508,0.0331795775099422,0.014541590992282978,420.875,4.802178781827226,2.1046476464694703,47.22422033560433,4.772273034698177,2.0915408749037696,37.20561083538341,3.898487350908179,1.7085874143065378,9.578701676086348,0.834867901561411,0.36589699050428787,0.0,0.0,0.0,0.42588895927619885,0.07882061745464132,0.03454465869678855,47.21020147074596,4.772109466068579,2.0914691877911156,37.20561083538341,3.898487350908179,1.7085874143065378,0.42588895927619885,0.07882061745464132,0.03454465869678855,0.0,0.0,0.0,500.0,0.0,0.0,0.0,0.0,0.0,0.0,0.0,0.0,0.0,0.0,0.0,0.0,0.0,0.0,1.0,0.0,0.0,0.0,0.0,0.0,0.0,0.0,0.0,0.0,0.0,0.0,0.0,0.0,0.0,1.0,0.0,0.0,28.3647,0.5550409278413144,0.24325741200975598,0.0,0.0,0.0,0.0,0.0,0.0,0.0,0.0,0.0,0.0,0.0,0.0,0.0,0.0,0.0,,,,0.0,0.0,0.0,0.0,0.0,0.0
85aabe97be77ed6005b9d1d5463d30f98660c1f46bfbb7581f87fbd9b72484d1,60,current,Optimized Pattern Generator,dynamic_session,Dynamic Session Pattern Assignment,50,6,5,15,15.0,120,nomura_original_interval_hungarian,A2) Corr+DTW + Hungarian,False,100,20,0.9359999999999999,0.027606254058779756,0.012098974293193957,0.9359999999999999,0.027606254058779756,0.012098974293193957,100.0,0.0,0.0,100.0,0.0,0.0,0.0,0.0,0.0,0.0,0.0,0.0,0.10739892967399042,0.011720842756106744,0.00513688582662317,418.35500000000013,10.459117151028922,4.583910199129582,2.4621083750447723,0.12895444743751164,0.05651677845235512,1.4151137025444769,0.07698810911612419,0.033741526506793684,0.9639021619528648,0.05022486117157999,0.022012015933067945,0.0,0.0,0.0,0.0821763419022318,0.009134359402739257,0.004003309516866113,2.4611922063995735,0.12891582418143946,0.05649985106404151,1.4151137025444769,0.07698810911612419,0.033741526506793684,0.0821763419022318,0.009134359402739257,0.004003309516866113,0.0,0.0,0.0,100.0,0.0,0.0,0.0,0.0,0.0,0.0,0.0,0.0,0.0,0.0,0.0,0.0,0.0,0.0,1.0,0.0,0.0,0.0,0.0,0.0,0.0,0.0,0.0,0.0,0.0,0.0,0.0,0.0,0.0,1.0,0.0,0.0,6.362,0.3333024547101168,0.14607624137667577,0.0,0.0,0.0,0.0,0.0,0.0,0.0,0.0,0.0,0.0,0.0,0.0,0.0,0.0,0.0,,,,0.0,0.0,0.0,0.0,0.0,0.0
85aabe97be77ed6005b9d1d5463d30f98660c1f46bfbb7581f87fbd9b72484d1,60,current,Optimized Pattern Generator,dynamic_session,Dynamic Session Pattern Assignment,50,6,5,15,15.0,120,nomura_original_interval_hungarian,A2) Corr+DTW + Hungarian,False,300,20,0.8871666666666667,0.021089477989541257,0.00924287125334157,0.8871666666666667,0.021089477989541257,0.00924287125334157,300.0,0.0,0.0,300.0,0.0,0.0,0.0,0.0,0.0,0.0,0.0,0.0,0.10376577673631544,0.005659856673637332,0.0024805415559711478,420.98,7.377105408663092,3.2331589975065995,20.01248926669941,0.47880450369954797,0.2098453259682268,12.006388263883128,0.29383269914977656,0.12877785830498442,7.7684689188434275,0.18691524175767252,0.08191921657378876,0.0,0.0,0.0,0.23193440282484518,0.02507519915886653,0.010989690574239937,20.0067915855514,0.4784749712835713,0.20970090201917574,12.006388263883128,0.29383269914977656,0.12877785830498442,0.23193440282484518,0.02507519915886653,0.010989690574239937,0.0,0.0,0.0,300.0,0.0,0.0,0.0,0.0,0.0,0.0,0.0,0.0,0.0,0.0,0.0,0.0,0.0,0.0,1.0,0.0,0.0,0.0,0.0,0.0,0.0,0.0,0.0,0.0,0.0,0.0,0.0,0.0,0.0,1.0,0.0,0.0,17.398833333333332,0.41356003262500474,0.1812506757624021,0.0,0.0,0.0,0.0,0.0,0.0,0.0,0.0,0.0,0.0,0.0,0.0,0.0,0.0,0.0,,,,0.0,0.0,0.0,0.0,0.0,0.0
85aabe97be77ed6005b9d1d5463d30f98660c1f46bfbb7581f87fbd9b72484d1,60,current,Optimized Pattern Generator,dynamic_session,Dynamic Session Pattern Assignment,50,6,5,15,15.0,120,nomura_original_interval_hungarian,A2) Corr+DTW + Hungarian,False,500,20,0.8591000000000001,0.016600253644225803,0.00727538193607659,0.8591000000000001,0.016600253644225803,0.00727538193607659,500.0,0.0,0.0,500.0,0.0,0.0,0.0,0.0,0.0,0.0,0.0,0.0,0.10221919805610871,0.005047773554668142,0.0022122843014396884,420.875,4.802178781827226,2.1046476464694703,59.44552936039982,4.915994575015213,2.1545296171638237,36.47339491847815,3.2656880344924444,1.4312508859328255,22.533559799334036,1.6064147342302042,0.7040422989760149,0.0,0.0,0.0,0.4267653697374044,0.12060886155421423,0.05285916417232045,59.43372008754959,4.914918112467524,2.154057836651179,36.47339491847815,3.2656880344924444,1.4312508859328255,0.4267653697374044,0.12060886155421423,0.05285916417232045,0.0,0.0,0.0,500.0,0.0,0.0,0.0,0.0,0.0,0.0,0.0,0.0,0.0,0.0,0.0,0.0,0.0,0.0,1.0,0.0,0.0,0.0,0.0,0.0,0.0,0.0,0.0,0.0,0.0,0.0,0.0,0.0,0.0,1.0,0.0,0.0,28.3647,0.5550409278413144,0.24325741200975598,0.0,0.0,0.0,0.0,0.0,0.0,0.0,0.0,0.0,0.0,0.0,0.0,0.0,0.0,0.0,,,,0.0,0.0,0.0,0.0,0.0,0.0
85aabe97be77ed6005b9d1d5463d30f98660c1f46bfbb7581f87fbd9b72484d1,60,current,Optimized Pattern Generator,dynamic_session,Dynamic Session Pattern Assignment,50,6,5,15,15.0,120,bayesian_windowed,A3) Bayesian Posterior + Hungarian + Lock,False,100,20,0.9899999999999999,0.00973328526784576,0.004265800350646872,0.9899999999999999,0.00973328526784576,0.004265800350646872,100.0,0.0,0.0,100.0,0.0,0.0,0.0,0.0,0.0,0.0,0.0,0.0,0.1357044812729345,0.021541993551530476,0.009441194942608514,418.35500000000013,10.459117151028922,4.583910199129582,1.8850507749506504,0.08317172232560106,0.036451614485453046,1.4180605920308154,0.06760465909448789,0.029629048212870955,0.37023951420705997,0.01727548993031708,0.00757131728644521,0.0,0.0,0.0,0.09593110216519563,0.01918126410669538,0.008406559645641739,1.884231208403071,0.08317600816323772,0.03645349283661509,1.4180605920308154,0.06760465909448789,0.029629048212870955,0.09593110216519563,0.01918126410669538,0.008406559645641739,0.0,0.0,0.0,100.0,0.0,0.0,0.0,0.0,0.0,0.0,0.0,0.0,0.0,0.0,0.0,0.0,0.0,0.0,1.0,0.0,0.0,0.0,0.0,0.0,0.0,0.0,0.0,0.0,0.0,0.0,0.0,0.0,0.0,1.0,0.0,0.0,6.362,0.3333024547101168,0.14607624137667577,0.0,0.0,0.0,0.0,0.0,0.0,0.0,0.0,0.0,0.0,0.0,0.0,0.0,0.0,0.0,,,,0.0,0.0,0.0,0.0,0.0,0.0
85aabe97be77ed6005b9d1d5463d30f98660c1f46bfbb7581f87fbd9b72484d1,60,current,Optimized Pattern Generator,dynamic_session,Dynamic Session Pattern Assignment,50,6,5,15,15.0,120,bayesian_windowed,A3) Bayesian Posterior + Hungarian + Lock,False,300,20,0.9755,0.006690745987656761,0.002932348718322559,0.9755,0.006690745987656761,0.002932348718322559,300.0,0.0,0.0,300.0,0.0,0.0,0.0,0.0,0.0,0.0,0.0,0.0,0.3318761378625152,0.02188885119683899,0.009593212008199884,420.98,7.377105408663092,3.2331589975065995,15.099571066598582,0.3621406508591013,0.15871513809644575,11.972923098564205,0.29824211188001515,0.13071036863969504,2.8986913652013753,0.06604674025175664,0.028946260175459083,0.0,0.0,0.0,0.2238192530334345,0.015311471154146848,0.0067105481058951045,15.095433716799016,0.36241701561634976,0.1588362602916691,11.972923098564205,0.29824211188001515,0.13071036863969504,0.2238192530334345,0.015311471154146848,0.0067105481058951045,0.0,0.0,0.0,300.0,0.0,0.0,0.0,0.0,0.0,0.0,0.0,0.0,0.0,0.0,0.0,0.0,0.0,0.0,1.0,0.0,0.0,0.0,0.0,0.0,0.0,0.0,0.0,0.0,0.0,0.0,0.0,0.0,0.0,1.0,0.0,0.0,17.398833333333332,0.41356003262500474,0.1812506757624021,0.0,0.0,0.0,0.0,0.0,0.0,0.0,0.0,0.0,0.0,0.0,0.0,0.0,0.0,0.0,,,,0.0,0.0,0.0,0.0,0.0,0.0
85aabe97be77ed6005b9d1d5463d30f98660c1f46bfbb7581f87fbd9b72484d1,60,current,Optimized Pattern Generator,dynamic_session,Dynamic Session Pattern Assignment,50,6,5,15,15.0,120,bayesian_windowed,A3) Bayesian Posterior + Hungarian + Lock,False,500,20,0.9655999999999999,0.009051897155031276,0.003967168843341429,0.9655999999999999,0.009051897155031276,0.003967168843341429,500.0,0.0,0.0,500.0,0.0,0.0,0.0,0.0,0.0,0.0,0.0,0.0,0.49838146885154966,0.02772618295471158,0.012151535449292887,420.875,4.802178781827226,2.1046476464694703,46.807514785451346,6.838304516258933,2.9970190948429627,37.80282708363957,5.722444854080965,2.5079720354789052,8.575008680734026,1.0611564563464229,0.4650723223460643,0.0,0.0,0.0,0.41266747952904553,0.07384283220096097,0.032363048120681984,46.79050324390264,6.833375143777062,2.99485870209961,37.80282708363957,5.722444854080965,2.5079720354789052,0.41266747952904553,0.07384283220096097,0.032363048120681984,0.0,0.0,0.0,500.0,0.0,0.0,0.0,0.0,0.0,0.0,0.0,0.0,0.0,0.0,0.0,0.0,0.0,0.0,1.0,0.0,0.0,0.0,0.0,0.0,0.0,0.0,0.0,0.0,0.0,0.0,0.0,0.0,0.0,1.0,0.0,0.0,28.3647,0.5550409278413144,0.24325741200975598,0.0,0.0,0.0,0.0,0.0,0.0,0.0,0.0,0.0,0.0,0.0,0.0,0.0,0.0,0.0,,,,0.0,0.0,0.0,0.0,0.0,0.0
85aabe97be77ed6005b9d1d5463d30f98660c1f46bfbb7581f87fbd9b72484d1,60,current,Optimized Pattern Generator,dynamic_session,Dynamic Session Pattern Assignment,50,6,5,15,15.0,180,time_only_baseline,A0) Time Prior + Hungarian (Baseline),False,100,20,0.9295,0.03379115424579571,0.014809626314628848,0.9295,0.03379115424579571,0.014809626314628848,100.0,0.0,0.0,100.0,0.0,0.0,0.0,0.0,0.0,0.0,0.0,0.0,1.54145025744,0.14302796154876177,0.06268476796242645,418.48,8.685899038399134,3.8067630963298615,1.8787715813508838,0.5305541143912916,0.232525592842141,1.7743117878373595,0.5113227624242914,0.22409708122384336,0.003552355668216478,0.0010603123049616966,0.0004647023566896728,0.0,0.0,0.0,0.09986124603892677,0.02822585836676063,0.01237052785414616,1.8777253895445027,0.5304126218895974,0.2324635810191304,1.7743117878373595,0.5113227624242914,0.22409708122384336,0.09986124603892677,0.02822585836676063,0.01237052785414616,0.0,0.0,0.0,100.0,0.0,0.0,0.0,0.0,0.0,0.0,0.0,0.0,0.0,0.0,0.0,0.0,0.0,0.0,1.0,0.0,0.0,0.0,0.0,0.0,0.0,0.0,0.0,0.0,0.0,0.0,0.0,0.0,0.0,1.0,0.0,0.0,6.601000000000001,0.4526750897079552,0.19839360537232945,0.0,0.0,0.0,0.0,0.0,0.0,0.0,0.0,0.0,0.0,0.0,0.0,0.0,0.0,0.0,,,,0.0,0.0,0.0,0.0,0.0,0.0
85aabe97be77ed6005b9d1d5463d30f98660c1f46bfbb7581f87fbd9b72484d1,60,current,Optimized Pattern Generator,dynamic_session,Dynamic Session Pattern Assignment,50,6,5,15,15.0,180,time_only_baseline,A0) Time Prior + Hungarian (Baseline),False,300,20,0.8123333333333334,0.018609561775433735,0.008156000051624894,0.8123333333333334,0.018609561775433735,0.008156000051624894,300.0,0.0,0.0,300.0,0.0,0.0,0.0,0.0,0.0,0.0,0.0,0.0,1.3310169302783335,0.06242923187364234,0.027360817225501922,417.64000000000004,6.921469269028449,3.033467654785785,12.892265268898337,0.3954084076427469,0.17329537535936934,12.642064350194413,0.3920045882916758,0.17180358575475302,0.013062317566073034,0.00044538768243345105,0.00019519975831540796,0.0,0.0,0.0,0.23382865723542637,0.018291641726845474,0.00801666544697443,12.888955324995914,0.3954259083348193,0.17330304537584626,12.642064350194413,0.3920045882916758,0.17180358575475302,0.23382865723542637,0.018291641726845474,0.00801666544697443,0.0,0.0,0.0,300.0,0.0,0.0,0.0,0.0,0.0,0.0,0.0,0.0,0.0,0.0,0.0,0.0,0.0,0.0,1.0,0.0,0.0,0.0,0.0,0.0,0.0,0.0,0.0,0.0,0.0,0.0,0.0,0.0,0.0,1.0,0.0,0.0,17.819833333333328,0.4590015543553035,0.20116630075403855,0.0,0.0,0.0,0.0,0.0,0.0,0.0,0.0,0.0,0.0,0.0,0.0,0.0,0.0,0.0,,,,0.0,0.0,0.0,0.0,0.0,0.0
85aabe97be77ed6005b9d1d5463d30f98660c1f46bfbb7581f87fbd9b72484d1,60,current,Optimized Pattern Generator,dynamic_session,Dynamic Session Pattern Assignment,50,6,5,15,15.0,180,time_only_baseline,A0) Time Prior + Hungarian (Baseline),False,500,20,0.7008,0.022265384982547508,0.009758235215771122,0.7008,0.022265384982547508,0.009758235215771122,500.0,0.0,0.0,500.0,0.0,0.0,0.0,0.0,0.0,0.0,0.0,0.0,1.204090271513,0.05319863466134148,0.023315329628935465,421.53000000000003,5.481173520140984,2.402230211151382,36.07531476229633,1.0164649807970327,0.44548541958679594,35.646795486263,1.0247656374170093,0.4491233427489856,0.028593614841520322,0.0008687119137564402,0.0003807297828365736,0.0,0.0,0.0,0.3897031237924239,0.053645773003748495,0.02351129664781332,36.065092224896944,1.0175969430686367,0.4459815239259012,35.646795486263,1.0247656374170093,0.4491233427489856,0.3897031237924239,0.053645773003748495,0.02351129664781332,0.0,0.0,0.0,500.0,0.0,0.0,0.0,0.0,0.0,0.0,0.0,0.0,0.0,0.0,0.0,0.0,0.0,0.0,1.0,0.0,0.0,0.0,0.0,0.0,0.0,0.0,0.0,0.0,0.0,0.0,0.0,0.0,0.0,1.0,0.0,0.0,28.8803,0.5400176507836526,0.23667317053558998,0.0,0.0,0.0,0.0,0.0,0.0,0.0,0.0,0.0,0.0,0.0,0.0,0.0,0.0,0.0,,,,0.0,0.0,0.0,0.0,0.0,0.0
85aabe97be77ed6005b9d1d5463d30f98660c1f46bfbb7581f87fbd9b72484d1,60,current,Optimized Pattern Generator,dynamic_session,Dynamic Session Pattern Assignment,50,6,5,15,15.0,180,single_only,A1) Refined Cost + Greedy 1:1,True,100,20,0.9839999999999998,0.009403246919632555,0.004121154667016722,0.9839999999999998,0.009403246919632555,0.004121154667016722,100.0,0.0,0.0,100.0,0.0,0.0,0.0,0.0,0.0,0.0,0.0,0.0,1.115089648850272,0.0920200131142371,0.04032954890431583,418.48,8.685899038399134,3.8067630963298615,2.4839640709047672,0.7604072732544797,0.33326318130212573,1.8731282666209155,0.601927740847126,0.2638064638311019,0.5135233586435788,0.13888029070945596,0.060866971069210095,0.0,0.0,0.0,0.09608921018661931,0.025640536326499125,0.011237460512298536,2.4827408354511133,0.7596167837043113,0.3329167339816685,1.8731282666209155,0.601927740847126,0.2638064638311019,0.09608921018661931,0.025640536326499125,0.011237460512298536,0.0,0.0,0.0,100.0,0.0,0.0,0.0,0.0,0.0,0.0,0.0,0.0,0.0,0.0,0.0,0.0,0.0,0.0,1.0,0.0,0.0,0.0,0.0,0.0,0.0,0.0,0.0,0.0,0.0,0.0,0.0,0.0,0.0,1.0,0.0,0.0,6.601000000000001,0.4526750897079552,0.19839360537232945,0.0,0.0,0.0,0.0,0.0,0.0,0.0,0.0,0.0,0.0,0.0,0.0,0.0,0.0,0.0,,,,0.0,0.0,0.0,0.0,0.0,0.0
85aabe97be77ed6005b9d1d5463d30f98660c1f46bfbb7581f87fbd9b72484d1,60,current,Optimized Pattern Generator,dynamic_session,Dynamic Session Pattern Assignment,50,6,5,15,15.0,180,single_only,A1) Refined Cost + Greedy 1:1,True,300,20,0.9629999999999999,0.010310954828418385,0.0045189751982175445,0.9629999999999999,0.010310954828418385,0.0045189751982175445,300.0,0.0,0.0,300.0,0.0,0.0,0.0,0.0,0.0,0.0,0.0,0.0,1.0458302436419227,0.06754724977123791,0.029603887467602435,417.64000000000004,6.921469269028449,3.033467654785785,16.480585383404105,0.4768071389373104,0.20896994226491852,12.788486121840833,0.3697893357425747,0.16206732204667837,3.4515094462331035,0.0985885347147438,0.04320833042315593,0.0,0.0,0.0,0.2372855819266988,0.025760135905640733,0.011289877338950573,16.477281150000636,0.47668558577436276,0.20891666924241323,12.788486121840833,0.3697893357425747,0.16206732204667837,0.2372855819266988,0.025760135905640733,0.011289877338950573,0.0,0.0,0.0,300.0,0.0,0.0,0.0,0.0,0.0,0.0,0.0,0.0,0.0,0.0,0.0,0.0,0.0,0.0,1.0,0.0,0.0,0.0,0.0,0.0,0.0,0.0,0.0,0.0,0.0,0.0,0.0,0.0,0.0,1.0,0.0,0.0,17.819833333333328,0.4590015543553035,0.20116630075403855,0.0,0.0,0.0,0.0,0.0,0.0,0.0,0.0,0.0,0.0,0.0,0.0,0.0,0.0,0.0,,,,0.0,0.0,0.0,0.0,0.0,0.0
85aabe97be77ed6005b9d1d5463d30f98660c1f46bfbb7581f87fbd9b72484d1,60,current,Optimized Pattern Generator,dynamic_session,Dynamic Session Pattern Assignment,50,6,5,15,15.0,180,single_only,A1) Refined Cost + Greedy 1:1,True,500,20,0.9430999999999999,0.01004149286447826,0.004400878285548284,0.9430999999999999,0.01004149286447826,0.004400878285548284,500.0,0.0,0.0,500.0,0.0,0.0,0.0,0.0,0.0,0.0,0.0,0.0,1.0626772399337827,0.03301720179546962,0.01447042669773364,421.53000000000003,5.481173520140984,2.402230211151382,45.93061318739783,1.3089559578046808,0.573675242236104,36.11586738451588,1.0372554418633897,0.45459724089547154,9.420431877124065,0.2722042608644365,0.11929877728736127,0.0,0.0,0.0,0.38469137806096115,0.01869822641860348,0.008194859044813244,45.920990639700904,1.3082137878511966,0.5733499719126017,36.11586738451588,1.0372554418633897,0.45459724089547154,0.38469137806096115,0.01869822641860348,0.008194859044813244,0.0,0.0,0.0,500.0,0.0,0.0,0.0,0.0,0.0,0.0,0.0,0.0,0.0,0.0,0.0,0.0,0.0,0.0,1.0,0.0,0.0,0.0,0.0,0.0,0.0,0.0,0.0,0.0,0.0,0.0,0.0,0.0,0.0,1.0,0.0,0.0,28.8803,0.5400176507836526,0.23667317053558998,0.0,0.0,0.0,0.0,0.0,0.0,0.0,0.0,0.0,0.0,0.0,0.0,0.0,0.0,0.0,,,,0.0,0.0,0.0,0.0,0.0,0.0
85aabe97be77ed6005b9d1d5463d30f98660c1f46bfbb7581f87fbd9b72484d1,60,current,Optimized Pattern Generator,dynamic_session,Dynamic Session Pattern Assignment,50,6,5,15,15.0,180,nomura_original_interval_hungarian,A2) Corr+DTW + Hungarian,False,100,20,0.9349999999999999,0.01986798535597563,0.008707528503058644,0.9349999999999999,0.01986798535597563,0.008707528503058644,100.0,0.0,0.0,100.0,0.0,0.0,0.0,0.0,0.0,0.0,0.0,0.0,0.10658975844376808,0.009425849895163839,0.0041310608578139394,418.48,8.685899038399134,3.8067630963298615,3.0313704315005454,0.5369603639825203,0.23533325551723724,1.7708765058065183,0.33560232015765534,0.14708420185071638,1.1560038188428734,0.1701584793211276,0.07457524163516657,0.0,0.0,0.0,0.10331236499769147,0.036712149004785165,0.016089808711860974,3.030192689647083,0.5364610002283106,0.23511439970245437,1.7708765058065183,0.33560232015765534,0.14708420185071638,0.10331236499769147,0.036712149004785165,0.016089808711860974,0.0,0.0,0.0,100.0,0.0,0.0,0.0,0.0,0.0,0.0,0.0,0.0,0.0,0.0,0.0,0.0,0.0,0.0,1.0,0.0,0.0,0.0,0.0,0.0,0.0,0.0,0.0,0.0,0.0,0.0,0.0,0.0,0.0,1.0,0.0,0.0,6.601000000000001,0.4526750897079552,0.19839360537232945,0.0,0.0,0.0,0.0,0.0,0.0,0.0,0.0,0.0,0.0,0.0,0.0,0.0,0.0,0.0,,,,0.0,0.0,0.0,0.0,0.0,0.0
85aabe97be77ed6005b9d1d5463d30f98660c1f46bfbb7581f87fbd9b72484d1,60,current,Optimized Pattern Generator,dynamic_session,Dynamic Session Pattern Assignment,50,6,5,15,15.0,180,nomura_original_interval_hungarian,A2) Corr+DTW + Hungarian,False,300,20,0.8936666666666667,0.021599761748740173,0.00946651297132462,0.8936666666666667,0.021599761748740173,0.00946651297132462,300.0,0.0,0.0,300.0,0.0,0.0,0.0,0.0,0.0,0.0,0.0,0.0,0.10224898476673516,0.005515203121759997,0.002417144341634983,417.64000000000004,6.921469269028449,3.033467654785785,21.53617803545494,0.6776663146738404,0.2970003573518042,12.937559474667069,0.42251919409818206,0.18517720140118474,8.349321955630149,0.26182932340851867,0.11475176046626803,0.0,0.0,0.0,0.2450811029513716,0.02915071444053411,0.012775863900016927,21.53196253324859,0.6775994298087792,0.2969710437672354,12.937559474667069,0.42251919409818206,0.18517720140118474,0.2450811029513716,0.02915071444053411,0.012775863900016927,0.0,0.0,0.0,300.0,0.0,0.0,0.0,0.0,0.0,0.0,0.0,0.0,0.0,0.0,0.0,0.0,0.0,0.0,1.0,0.0,0.0,0.0,0.0,0.0,0.0,0.0,0.0,0.0,0.0,0.0,0.0,0.0,0.0,1.0,0.0,0.0,17.819833333333328,0.4590015543553035,0.20116630075403855,0.0,0.0,0.0,0.0,0.0,0.0,0.0,0.0,0.0,0.0,0.0,0.0,0.0,0.0,0.0,,,,0.0,0.0,0.0,0.0,0.0,0.0
85aabe97be77ed6005b9d1d5463d30f98660c1f46bfbb7581f87fbd9b72484d1,60,current,Optimized Pattern Generator,dynamic_session,Dynamic Session Pattern Assignment,50,6,5,15,15.0,180,nomura_original_interval_hungarian,A2) Corr+DTW + Hungarian,False,500,20,0.8617000000000001,0.015765051287746055,0.006909338364241471,0.8617000000000001,0.015765051287746055,0.006909338364241471,500.0,0.0,0.0,500.0,0.0,0.0,0.0,0.0,0.0,0.0,0.0,0.0,0.10224525479342177,0.0035991539040905953,0.0015773987470419444,421.53000000000003,5.481173520140984,2.402230211151382,59.38769693960203,1.8443900884268913,0.8083395964908778,36.33459573400614,1.1414593317050985,0.5002666092118399,22.638896346554976,0.6925619686884288,0.30352866556120783,0.0,0.0,0.0,0.4024553548442782,0.056407755304687196,0.024721788762613165,59.37594743540539,1.8451872387731674,0.8086889630339398,36.33459573400614,1.1414593317050985,0.5002666092118399,0.4024553548442782,0.056407755304687196,0.024721788762613165,0.0,0.0,0.0,500.0,0.0,0.0,0.0,0.0,0.0,0.0,0.0,0.0,0.0,0.0,0.0,0.0,0.0,0.0,1.0,0.0,0.0,0.0,0.0,0.0,0.0,0.0,0.0,0.0,0.0,0.0,0.0,0.0,0.0,1.0,0.0,0.0,28.8803,0.5400176507836526,0.23667317053558998,0.0,0.0,0.0,0.0,0.0,0.0,0.0,0.0,0.0,0.0,0.0,0.0,0.0,0.0,0.0,,,,0.0,0.0,0.0,0.0,0.0,0.0
85aabe97be77ed6005b9d1d5463d30f98660c1f46bfbb7581f87fbd9b72484d1,60,current,Optimized Pattern Generator,dynamic_session,Dynamic Session Pattern Assignment,50,6,5,15,15.0,180,bayesian_windowed,A3) Bayesian Posterior + Hungarian + Lock,False,100,20,0.9924999999999999,0.006386663736585057,0.0027990787958296513,0.9924999999999999,0.006386663736585057,0.0027990787958296513,100.0,0.0,0.0,100.0,0.0,0.0,0.0,0.0,0.0,0.0,0.0,0.0,0.1300903222787817,0.02374673741454217,0.010407466544139763,418.48,8.685899038399134,3.8067630963298615,2.2744105520498126,0.4528314853281707,0.1984621487750137,1.7342945337921265,0.36092318629058595,0.15818156072350775,0.44196859501535074,0.07911858281723025,0.034675247774703634,0.0,0.0,0.0,0.0972598087406368,0.01764730235885477,0.007734271268002763,2.273522937548114,0.45273922339758094,0.19842171320110102,1.7342945337921265,0.36092318629058595,0.15818156072350775,0.0972598087406368,0.01764730235885477,0.007734271268002763,0.0,0.0,0.0,100.0,0.0,0.0,0.0,0.0,0.0,0.0,0.0,0.0,0.0,0.0,0.0,0.0,0.0,0.0,1.0,0.0,0.0,0.0,0.0,0.0,0.0,0.0,0.0,0.0,0.0,0.0,0.0,0.0,0.0,1.0,0.0,0.0,6.601000000000001,0.4526750897079552,0.19839360537232945,0.0,0.0,0.0,0.0,0.0,0.0,0.0,0.0,0.0,0.0,0.0,0.0,0.0,0.0,0.0,,,,0.0,0.0,0.0,0.0,0.0,0.0
85aabe97be77ed6005b9d1d5463d30f98660c1f46bfbb7581f87fbd9b72484d1,60,current,Optimized Pattern Generator,dynamic_session,Dynamic Session Pattern Assignment,50,6,5,15,15.0,180,bayesian_windowed,A3) Bayesian Posterior + Hungarian + Lock,False,300,20,0.9796666666666669,0.00683130051063972,0.00299394945403781,0.9796666666666669,0.00683130051063972,0.00299394945403781,300.0,0.0,0.0,300.0,0.0,0.0,0.0,0.0,0.0,0.0,0.0,0.0,0.3279229200316373,0.022248158969447478,0.009750685582661619,417.64000000000004,6.921469269028449,3.033467654785785,16.14413040830259,0.47441176747678454,0.20792012443516716,12.812167736527044,0.3845077860529012,0.1685179673084776,3.0888754661151325,0.09192757060682186,0.040289034189119985,0.0,0.0,0.0,0.238278532755794,0.0268094976973268,0.011749780421593973,16.13932173539797,0.47384856533866265,0.20767329021504805,12.812167736527044,0.3845077860529012,0.1685179673084776,0.238278532755794,0.0268094976973268,0.011749780421593973,0.0,0.0,0.0,300.0,0.0,0.0,0.0,0.0,0.0,0.0,0.0,0.0,0.0,0.0,0.0,0.0,0.0,0.0,1.0,0.0,0.0,0.0,0.0,0.0,0.0,0.0,0.0,0.0,0.0,0.0,0.0,0.0,0.0,1.0,0.0,0.0,17.819833333333328,0.4590015543553035,0.20116630075403855,0.0,0.0,0.0,0.0,0.0,0.0,0.0,0.0,0.0,0.0,0.0,0.0,0.0,0.0,0.0,,,,0.0,0.0,0.0,0.0,0.0,0.0
85aabe97be77ed6005b9d1d5463d30f98660c1f46bfbb7581f87fbd9b72484d1,60,current,Optimized Pattern Generator,dynamic_session,Dynamic Session Pattern Assignment,50,6,5,15,15.0,180,bayesian_windowed,A3) Bayesian Posterior + Hungarian + Lock,False,500,20,0.9627000000000001,0.008688164968870924,0.003807756184145035,0.9627000000000001,0.008688164968870924,0.003807756184145035,500.0,0.0,0.0,500.0,0.0,0.0,0.0,0.0,0.0,0.0,0.0,0.0,0.5100039312899605,0.03224231395585319,0.014130817128406864,421.53000000000003,5.481173520140984,2.402230211151382,44.5740296687989,1.2684562966548012,0.5559254831383237,35.87977830212767,1.0423713266466426,0.456839376258992,8.293407955065778,0.22928211895163214,0.10048731918420428,0.0,0.0,0.0,0.3889903032060829,0.02851196311987988,0.012495918790771606,44.56217656039953,1.2677365426480538,0.5556100370366354,35.87977830212767,1.0423713266466426,0.456839376258992,0.3889903032060829,0.02851196311987988,0.012495918790771606,0.0,0.0,0.0,500.0,0.0,0.0,0.0,0.0,0.0,0.0,0.0,0.0,0.0,0.0,0.0,0.0,0.0,0.0,1.0,0.0,0.0,0.0,0.0,0.0,0.0,0.0,0.0,0.0,0.0,0.0,0.0,0.0,0.0,1.0,0.0,0.0,28.8803,0.5400176507836526,0.23667317053558998,0.0,0.0,0.0,0.0,0.0,0.0,0.0,0.0,0.0,0.0,0.0,0.0,0.0,0.0,0.0,,,,0.0,0.0,0.0,0.0,0.0,0.0
85aabe97be77ed6005b9d1d5463d30f98660c1f46bfbb7581f87fbd9b72484d1,60,current,Optimized Pattern Generator,dynamic_session,Dynamic Session Pattern Assignment,50,6,5,30,5.0,60,time_only_baseline,A0) Time Prior + Hungarian (Baseline),False,100,20,0.9099999999999999,0.036562851437807166,0.0160243761681679,0.9099999999999999,0.036562851437807166,0.0160243761681679,100.0,0.0,0.0,100.0,0.0,0.0,0.0,0.0,0.0,0.0,0.0,0.0,1.5654002552650002,0.1479243806226982,0.06483071823797354,408.755,13.434734048255972,5.888031803940134,1.5072421333010424,0.08268207404047671,0.036237016662734614,1.4171812978747766,0.08184395180066056,0.03586969339560469,0.003352758091932628,0.0018811610707029655,0.0008244551900207513,0.0,0.0,0.0,0.08562141893344233,0.0053359612170429185,0.002338588113295653,1.5061554749001516,0.08261409311261753,0.03620722270746475,1.4171812978747766,0.08184395180066056,0.03586969339560469,0.08562141893344233,0.0053359612170429185,0.002338588113295653,0.0,0.0,0.0,100.0,0.0,0.0,0.0,0.0,0.0,0.0,0.0,0.0,0.0,0.0,0.0,0.0,0.0,0.0,1.0,0.0,0.0,0.0,0.0,0.0,0.0,0.0,0.0,0.0,0.0,0.0,0.0,0.0,0.0,1.0,0.0,0.0,6.2844999999999995,0.3199584676995306,0.14022798121555297,0.0,0.0,0.0,0.0,0.0,0.0,0.0,0.0,0.0,0.0,0.0,0.0,0.0,0.0,0.0,,,,0.0,0.0,0.0,0.0,0.0,0.0
85aabe97be77ed6005b9d1d5463d30f98660c1f46bfbb7581f87fbd9b72484d1,60,current,Optimized Pattern Generator,dynamic_session,Dynamic Session Pattern Assignment,50,6,5,30,5.0,60,time_only_baseline,A0) Time Prior + Hungarian (Baseline),False,300,20,0.7956666666666666,0.030263946086862784,0.013263759180652332,0.7956666666666666,0.030263946086862784,0.013263759180652332,300.0,0.0,0.0,300.0,0.0,0.0,0.0,0.0,0.0,0.0,0.0,0.0,1.3613002615783336,0.06178484480257399,0.027078402139734684,408.4000000000001,7.2669402813447945,3.1848770016736077,12.250807072903262,0.41547004115009606,0.18208777390674494,11.979278231973876,0.4141713546049461,0.18151859943304666,0.014541812338575256,0.003196547717361815,0.0014009488059111893,0.0,0.0,0.0,0.25329829534020976,0.06347834917680249,0.027820613156324444,12.247118339652662,0.4155524969081951,0.18212391173607312,11.979278231973876,0.4141713546049461,0.18151859943304666,0.25329829534020976,0.06347834917680249,0.027820613156324444,0.0,0.0,0.0,300.0,0.0,0.0,0.0,0.0,0.0,0.0,0.0,0.0,0.0,0.0,0.0,0.0,0.0,0.0,1.0,0.0,0.0,0.0,0.0,0.0,0.0,0.0,0.0,0.0,0.0,0.0,0.0,0.0,0.0,1.0,0.0,0.0,16.877166666666668,0.6214586454087001,0.272366260162403,0.0,0.0,0.0,0.0,0.0,0.0,0.0,0.0,0.0,0.0,0.0,0.0,0.0,0.0,0.0,,,,0.0,0.0,0.0,0.0,0.0,0.0
85aabe97be77ed6005b9d1d5463d30f98660c1f46bfbb7581f87fbd9b72484d1,60,current,Optimized Pattern Generator,dynamic_session,Dynamic Session Pattern Assignment,50,6,5,30,5.0,60,time_only_baseline,A0) Time Prior + Hungarian (Baseline),False,500,20,0.6984999999999999,0.016490826796163132,0.007227423505393582,0.6984999999999999,0.016490826796163132,0.007227423505393582,500.0,0.0,0.0,500.0,0.0,0.0,0.0,0.0,0.0,0.0,0.0,0.0,1.211350280679,0.051192349620593575,0.02243603644119823,412.44000000000005,4.75896937095461,2.085710287193608,33.97046490619395,1.3829229706181645,0.6060927149098394,33.53928272552148,1.3690794191177507,0.6000255109576703,0.028927526996994857,0.002010328276287691,0.000881065213842374,0.0,0.0,0.0,0.38619099947827634,0.044081251404441295,0.019319460236023406,33.95440125199675,1.3746918276036344,0.602485257428489,33.53928272552148,1.3690794191177507,0.6000255109576703,0.38619099947827634,0.044081251404441295,0.019319460236023406,0.0,0.0,0.0,500.0,0.0,0.0,0.0,0.0,0.0,0.0,0.0,0.0,0.0,0.0,0.0,0.0,0.0,0.0,1.0,0.0,0.0,0.0,0.0,0.0,0.0,0.0,0.0,0.0,0.0,0.0,0.0,0.0,0.0,1.0,0.0,0.0,27.5904,0.6563916032690437,0.28767630397485233,0.0,0.0,0.0,0.0,0.0,0.0,0.0,0.0,0.0,0.0,0.0,0.0,0.0,0.0,0.0,,,,0.0,0.0,0.0,0.0,0.0,0.0
85aabe97be77ed6005b9d1d5463d30f98660c1f46bfbb7581f87fbd9b72484d1,60,current,Optimized Pattern Generator,dynamic_session,Dynamic Session Pattern Assignment,50,6,5,30,5.0,60,single_only,A1) Refined Cost + Greedy 1:1,True,100,20,0.9790000000000001,0.015861240410775617,0.0069514951061283485,0.9790000000000001,0.015861240410775617,0.0069514951061283485,100.0,0.0,0.0,100.0,0.0,0.0,0.0,0.0,0.0,0.0,0.0,0.0,1.1470377384668926,0.10033638868005608,0.04397436119826737,408.755,13.434734048255972,5.888031803940134,1.9140463247997104,0.10020548375965255,0.043916989587347514,1.4203888796590036,0.07709029868384207,0.03378631305951535,0.4024298910226207,0.021794194283016943,0.009551726786605982,0.0,0.0,0.0,0.09041169191914378,0.017243993367887428,0.007557513309333758,1.9132304626007681,0.10021133346140818,0.04391955333217916,1.4203888796590036,0.07709029868384207,0.03378631305951535,0.09041169191914378,0.017243993367887428,0.007557513309333758,0.0,0.0,0.0,100.0,0.0,0.0,0.0,0.0,0.0,0.0,0.0,0.0,0.0,0.0,0.0,0.0,0.0,0.0,1.0,0.0,0.0,0.0,0.0,0.0,0.0,0.0,0.0,0.0,0.0,0.0,0.0,0.0,0.0,1.0,0.0,0.0,6.2844999999999995,0.3199584676995306,0.14022798121555297,0.0,0.0,0.0,0.0,0.0,0.0,0.0,0.0,0.0,0.0,0.0,0.0,0.0,0.0,0.0,,,,0.0,0.0,0.0,0.0,0.0,0.0
85aabe97be77ed6005b9d1d5463d30f98660c1f46bfbb7581f87fbd9b72484d1,60,current,Optimized Pattern Generator,dynamic_session,Dynamic Session Pattern Assignment,50,6,5,30,5.0,60,single_only,A1) Refined Cost + Greedy 1:1,True,300,20,0.9541666666666668,0.010309536832836017,0.004518353734252807,0.9541666666666668,0.010309536832836017,0.004518353734252807,300.0,0.0,0.0,300.0,0.0,0.0,0.0,0.0,0.0,0.0,0.0,0.0,1.1243223880618374,0.06003677019464275,0.02631227466373187,408.4000000000001,7.2669402813447945,3.1848770016736077,15.715104989548854,0.6121419508169558,0.268283038725585,12.189012807451945,0.4892109322420219,0.21440614436652405,3.2839003285902435,0.12679315184801246,0.05556954889626735,0.0,0.0,0.0,0.23792883900314338,0.019041170437185635,0.008345160887866469,15.710841975045332,0.6125608398393991,0.2684666249341105,12.189012807451945,0.4892109322420219,0.21440614436652405,0.23792883900314338,0.019041170437185635,0.008345160887866469,0.0,0.0,0.0,300.0,0.0,0.0,0.0,0.0,0.0,0.0,0.0,0.0,0.0,0.0,0.0,0.0,0.0,0.0,1.0,0.0,0.0,0.0,0.0,0.0,0.0,0.0,0.0,0.0,0.0,0.0,0.0,0.0,0.0,1.0,0.0,0.0,16.877166666666668,0.6214586454087001,0.272366260162403,0.0,0.0,0.0,0.0,0.0,0.0,0.0,0.0,0.0,0.0,0.0,0.0,0.0,0.0,0.0,,,,0.0,0.0,0.0,0.0,0.0,0.0
85aabe97be77ed6005b9d1d5463d30f98660c1f46bfbb7581f87fbd9b72484d1,60,current,Optimized Pattern Generator,dynamic_session,Dynamic Session Pattern Assignment,50,6,5,30,5.0,60,single_only,A1) Refined Cost + Greedy 1:1,True,500,20,0.9304000000000002,0.012167255453188986,0.005332534817415374,0.9304000000000002,0.012167255453188986,0.005332534817415374,500.0,0.0,0.0,500.0,0.0,0.0,0.0,0.0,0.0,0.0,0.0,0.0,1.1156338049963896,0.038838423373709845,0.017021689541296257,412.44000000000005,4.75896937095461,2.085710287193608,43.33043486040697,1.549873594825973,0.6792620520543169,34.020867199052006,1.2146771660534135,0.5323557399463975,8.890740102902054,0.35400675184384806,0.15515029967688165,0.0,0.0,0.0,0.4043744771959609,0.03810327030685678,0.01669949450395148,43.31598177915002,1.5474594984331511,0.678204027661154,34.020867199052006,1.2146771660534135,0.5323557399463975,0.4043744771959609,0.03810327030685678,0.01669949450395148,0.0,0.0,0.0,500.0,0.0,0.0,0.0,0.0,0.0,0.0,0.0,0.0,0.0,0.0,0.0,0.0,0.0,0.0,1.0,0.0,0.0,0.0,0.0,0.0,0.0,0.0,0.0,0.0,0.0,0.0,0.0,0.0,0.0,1.0,0.0,0.0,27.5904,0.6563916032690437,0.28767630397485233,0.0,0.0,0.0,0.0,0.0,0.0,0.0,0.0,0.0,0.0,0.0,0.0,0.0,0.0,0.0,,,,0.0,0.0,0.0,0.0,0.0,0.0
85aabe97be77ed6005b9d1d5463d30f98660c1f46bfbb7581f87fbd9b72484d1,60,current,Optimized Pattern Generator,dynamic_session,Dynamic Session Pattern Assignment,50,6,5,30,5.0,60,nomura_original_interval_hungarian,A2) Corr+DTW + Hungarian,False,100,20,0.9455,0.022589005243585553,0.009900068048676273,0.9455,0.022589005243585553,0.009900068048676273,100.0,0.0,0.0,100.0,0.0,0.0,0.0,0.0,0.0,0.0,0.0,0.0,0.0907726868894063,0.007716829396027249,0.0033820495996559723,408.755,13.434734048255972,5.888031803940134,2.586031539698888,0.20446886904849546,0.08961243293308796,1.472319065539341,0.13079052299376098,0.05732147404445258,0.9982857559429249,0.07660437349318913,0.033573346954892565,0.0,0.0,0.0,0.11420289741799934,0.026722802576474226,0.011711784609619367,2.584807718900265,0.20434875763922178,0.08955979178699014,1.472319065539341,0.13079052299376098,0.05732147404445258,0.11420289741799934,0.026722802576474226,0.011711784609619367,0.0,0.0,0.0,100.0,0.0,0.0,0.0,0.0,0.0,0.0,0.0,0.0,0.0,0.0,0.0,0.0,0.0,0.0,1.0,0.0,0.0,0.0,0.0,0.0,0.0,0.0,0.0,0.0,0.0,0.0,0.0,0.0,0.0,1.0,0.0,0.0,6.2844999999999995,0.3199584676995306,0.14022798121555297,0.0,0.0,0.0,0.0,0.0,0.0,0.0,0.0,0.0,0.0,0.0,0.0,0.0,0.0,0.0,,,,0.0,0.0,0.0,0.0,0.0,0.0
85aabe97be77ed6005b9d1d5463d30f98660c1f46bfbb7581f87fbd9b72484d1,60,current,Optimized Pattern Generator,dynamic_session,Dynamic Session Pattern Assignment,50,6,5,30,5.0,60,nomura_original_interval_hungarian,A2) Corr+DTW + Hungarian,False,300,20,0.9099999999999999,0.018637822325921864,0.008168385783971607,0.9099999999999999,0.018637822325921864,0.008168385783971607,300.0,0.0,0.0,300.0,0.0,0.0,0.0,0.0,0.0,0.0,0.0,0.0,0.08951007400490384,0.004567762320576151,0.0020019101025586104,408.4000000000001,7.2669402813447945,3.1848770016736077,20.460796620696783,0.7213360647102465,0.3161394691616024,12.314751154861005,0.44422305244710475,0.19468933671905939,7.906854115278111,0.2797890203347117,0.12262294468999131,0.0,0.0,0.0,0.23416970695980127,0.013648961526101762,0.0059819211357499905,20.45577497709892,0.721225835611788,0.3160911591291811,12.314751154861005,0.44422305244710475,0.19468933671905939,0.23416970695980127,0.013648961526101762,0.0059819211357499905,0.0,0.0,0.0,300.0,0.0,0.0,0.0,0.0,0.0,0.0,0.0,0.0,0.0,0.0,0.0,0.0,0.0,0.0,1.0,0.0,0.0,0.0,0.0,0.0,0.0,0.0,0.0,0.0,0.0,0.0,0.0,0.0,0.0,1.0,0.0,0.0,16.877166666666668,0.6214586454087001,0.272366260162403,0.0,0.0,0.0,0.0,0.0,0.0,0.0,0.0,0.0,0.0,0.0,0.0,0.0,0.0,0.0,,,,0.0,0.0,0.0,0.0,0.0,0.0
85aabe97be77ed6005b9d1d5463d30f98660c1f46bfbb7581f87fbd9b72484d1,60,current,Optimized Pattern Generator,dynamic_session,Dynamic Session Pattern Assignment,50,6,5,30,5.0,60,nomura_original_interval_hungarian,A2) Corr+DTW + Hungarian,False,500,20,0.8885,0.014908492810969766,0.006533935060009482,0.8885,0.014908492810969766,0.006533935060009482,500.0,0.0,0.0,500.0,0.0,0.0,0.0,0.0,0.0,0.0,0.0,0.0,0.09132636444426505,0.0034000611745514694,0.0014901425111351532,412.44000000000005,4.75896937095461,2.085710287193608,55.94802792294941,1.8668278306082984,0.818173370579609,34.236127178724566,1.2178069207254905,0.5337274154095312,21.293826744645777,0.6395853355945676,0.28031063240908793,0.0,0.0,0.0,0.4040877118735807,0.04232506495596017,0.018549777589149732,55.93404163524392,1.8633130831566702,0.8166329645913945,34.236127178724566,1.2178069207254905,0.5337274154095312,0.4040877118735807,0.04232506495596017,0.018549777589149732,0.0,0.0,0.0,500.0,0.0,0.0,0.0,0.0,0.0,0.0,0.0,0.0,0.0,0.0,0.0,0.0,0.0,0.0,1.0,0.0,0.0,0.0,0.0,0.0,0.0,0.0,0.0,0.0,0.0,0.0,0.0,0.0,0.0,1.0,0.0,0.0,27.5904,0.6563916032690437,0.28767630397485233,0.0,0.0,0.0,0.0,0.0,0.0,0.0,0.0,0.0,0.0,0.0,0.0,0.0,0.0,0.0,,,,0.0,0.0,0.0,0.0,0.0,0.0
85aabe97be77ed6005b9d1d5463d30f98660c1f46bfbb7581f87fbd9b72484d1,60,current,Optimized Pattern Generator,dynamic_session,Dynamic Session Pattern Assignment,50,6,5,30,5.0,60,bayesian_windowed,A3) Bayesian Posterior + Hungarian + Lock,False,100,20,0.9904999999999997,0.009986833437344559,0.004376922735390582,0.9904999999999997,0.009986833437344559,0.004376922735390582,100.0,0.0,0.0,100.0,0.0,0.0,0.0,0.0,0.0,0.0,0.0,0.0,0.147367078187143,0.02560863395302519,0.011223478680655201,408.755,13.434734048255972,5.888031803940134,1.9064877687502304,0.10056167945279353,0.04407309923284607,1.4456809391151182,0.07884740672674521,0.03455639961295299,0.37623637390206566,0.020369529315859575,0.008927339835107611,0.0,0.0,0.0,0.08373125153302681,0.003707252428371942,0.001624775014159803,1.9056485645502108,0.10052221860544472,0.044055804753970224,1.4456809391151182,0.07884740672674521,0.03455639961295299,0.08373125153302681,0.003707252428371942,0.001624775014159803,0.0,0.0,0.0,100.0,0.0,0.0,0.0,0.0,0.0,0.0,0.0,0.0,0.0,0.0,0.0,0.0,0.0,0.0,1.0,0.0,0.0,0.0,0.0,0.0,0.0,0.0,0.0,0.0,0.0,0.0,0.0,0.0,0.0,1.0,0.0,0.0,6.2844999999999995,0.3199584676995306,0.14022798121555297,0.0,0.0,0.0,0.0,0.0,0.0,0.0,0.0,0.0,0.0,0.0,0.0,0.0,0.0,0.0,,,,0.0,0.0,0.0,0.0,0.0,0.0
85aabe97be77ed6005b9d1d5463d30f98660c1f46bfbb7581f87fbd9b72484d1,60,current,Optimized Pattern Generator,dynamic_session,Dynamic Session Pattern Assignment,50,6,5,30,5.0,60,bayesian_windowed,A3) Bayesian Posterior + Hungarian + Lock,False,300,20,0.9770000000000001,0.006916376024331034,0.0030312354418773704,0.9770000000000001,0.006916376024331034,0.0030312354418773704,300.0,0.0,0.0,300.0,0.0,0.0,0.0,0.0,0.0,0.0,0.0,0.0,0.3706028827394335,0.025765562111994655,0.011292255478738968,408.4000000000001,7.2669402813447945,3.1848770016736077,15.33502786890167,0.6665845552052917,0.2921435621253367,12.1587045799286,0.5408936339407586,0.23705708708133102,2.939802212001814,0.12533255267389032,0.05492941308418879,0.0,0.0,0.0,0.2328634225676069,0.02090164095298822,0.009160548042386328,15.331370214498019,0.6667244396496378,0.292204869186141,12.1587045799286,0.5408936339407586,0.23705708708133102,0.2328634225676069,0.02090164095298822,0.009160548042386328,0.0,0.0,0.0,300.0,0.0,0.0,0.0,0.0,0.0,0.0,0.0,0.0,0.0,0.0,0.0,0.0,0.0,0.0,1.0,0.0,0.0,0.0,0.0,0.0,0.0,0.0,0.0,0.0,0.0,0.0,0.0,0.0,0.0,1.0,0.0,0.0,16.877166666666668,0.6214586454087001,0.272366260162403,0.0,0.0,0.0,0.0,0.0,0.0,0.0,0.0,0.0,0.0,0.0,0.0,0.0,0.0,0.0,,,,0.0,0.0,0.0,0.0,0.0,0.0
85aabe97be77ed6005b9d1d5463d30f98660c1f46bfbb7581f87fbd9b72484d1,60,current,Optimized Pattern Generator,dynamic_session,Dynamic Session Pattern Assignment,50,6,5,30,5.0,60,bayesian_windowed,A3) Bayesian Posterior + Hungarian + Lock,False,500,20,0.9613999999999999,0.008512529465131794,0.0037307805307229044,0.9613999999999999,0.008512529465131794,0.0037307805307229044,500.0,0.0,0.0,500.0,0.0,0.0,0.0,0.0,0.0,0.0,0.0,0.0,0.5570731368809912,0.03333876013419872,0.014611355853343154,412.44000000000005,4.75896937095461,2.085710287193608,41.784392181198925,1.4201549601467611,0.6224103537764458,33.60310353369423,1.1527934939595843,0.5052340248365722,7.779439286395791,0.2588174058001623,0.113431729373345,0.0,0.0,0.0,0.3895809507041122,0.03336176963785832,0.014621440212948188,41.77212377079413,1.421054845149736,0.6228047457680084,33.60310353369423,1.1527934939595843,0.5052340248365722,0.3895809507041122,0.03336176963785832,0.014621440212948188,0.0,0.0,0.0,500.0,0.0,0.0,0.0,0.0,0.0,0.0,0.0,0.0,0.0,0.0,0.0,0.0,0.0,0.0,1.0,0.0,0.0,0.0,0.0,0.0,0.0,0.0,0.0,0.0,0.0,0.0,0.0,0.0,0.0,1.0,0.0,0.0,27.5904,0.6563916032690437,0.28767630397485233,0.0,0.0,0.0,0.0,0.0,0.0,0.0,0.0,0.0,0.0,0.0,0.0,0.0,0.0,0.0,,,,0.0,0.0,0.0,0.0,0.0,0.0
85aabe97be77ed6005b9d1d5463d30f98660c1f46bfbb7581f87fbd9b72484d1,60,current,Optimized Pattern Generator,dynamic_session,Dynamic Session Pattern Assignment,50,6,5,30,5.0,120,time_only_baseline,A0) Time Prior + Hungarian (Baseline),False,100,20,0.9160000000000001,0.028910023757932293,0.012670376557358623,0.9160000000000001,0.028910023757932293,0.012670376557358623,100.0,0.0,0.0,100.0,0.0,0.0,0.0,0.0,0.0,0.0,0.0,0.0,1.6359002525100004,0.1369052271086296,0.06000136128082877,413.725,9.564235738581404,4.191711127802981,1.580461349899997,0.06790323995268452,0.029759907043629706,1.4871183170573203,0.06789383273682585,0.029755784149498463,0.0038055146011174656,0.0032738885462220576,0.0014348449186616546,0.0,0.0,0.0,0.08847300979541614,0.006629489400373097,0.0029055018352483184,1.579396841453854,0.06788054436912899,0.029749960265576348,1.4871183170573203,0.06789383273682585,0.029755784149498463,0.08847300979541614,0.006629489400373097,0.0029055018352483184,0.0,0.0,0.0,100.0,0.0,0.0,0.0,0.0,0.0,0.0,0.0,0.0,0.0,0.0,0.0,0.0,0.0,0.0,1.0,0.0,0.0,0.0,0.0,0.0,0.0,0.0,0.0,0.0,0.0,0.0,0.0,0.0,0.0,1.0,0.0,0.0,6.4595,0.3569678593817361,0.15644806227458896,0.0,0.0,0.0,0.0,0.0,0.0,0.0,0.0,0.0,0.0,0.0,0.0,0.0,0.0,0.0,,,,0.0,0.0,0.0,0.0,0.0,0.0
85aabe97be77ed6005b9d1d5463d30f98660c1f46bfbb7581f87fbd9b72484d1,60,current,Optimized Pattern Generator,dynamic_session,Dynamic Session Pattern Assignment,50,6,5,30,5.0,120,time_only_baseline,A0) Time Prior + Hungarian (Baseline),False,300,20,0.7948333333333333,0.02145238164779317,0.009401920794171957,0.7948333333333333,0.02145238164779317,0.009401920794171957,300.0,0.0,0.0,300.0,0.0,0.0,0.0,0.0,0.0,0.0,0.0,0.0,1.3721169302416667,0.08254626531396456,0.03617749586402852,410.13,7.127050028255949,3.1235673950755314,12.544384916848504,0.5130473118596044,0.22485289833835545,12.275104696177005,0.49452954518532366,0.21673712926362174,0.01421116480778437,0.001527140395270455,0.0006692987880620846,0.0,0.0,0.0,0.25043967021629215,0.058592372685608615,0.025679239544452462,12.53975553120108,0.5125856799317837,0.22465057922560197,12.275104696177005,0.49452954518532366,0.21673712926362174,0.25043967021629215,0.058592372685608615,0.025679239544452462,0.0,0.0,0.0,300.0,0.0,0.0,0.0,0.0,0.0,0.0,0.0,0.0,0.0,0.0,0.0,0.0,0.0,0.0,1.0,0.0,0.0,0.0,0.0,0.0,0.0,0.0,0.0,0.0,0.0,0.0,0.0,0.0,0.0,1.0,0.0,0.0,17.3265,0.4116795935181855,0.18042653698700434,0.0,0.0,0.0,0.0,0.0,0.0,0.0,0.0,0.0,0.0,0.0,0.0,0.0,0.0,0.0,,,,0.0,0.0,0.0,0.0,0.0,0.0
85aabe97be77ed6005b9d1d5463d30f98660c1f46bfbb7581f87fbd9b72484d1,60,current,Optimized Pattern Generator,dynamic_session,Dynamic Session Pattern Assignment,50,6,5,30,5.0,120,time_only_baseline,A0) Time Prior + Hungarian (Baseline),False,500,20,0.7001000000000001,0.02390749717249029,0.010477922614516171,0.7001000000000001,0.02390749717249029,0.010477922614516171,500.0,0.0,0.0,500.0,0.0,0.0,0.0,0.0,0.0,0.0,0.0,0.0,1.2115702760520002,0.04480311218184439,0.01963582967066198,410.95500000000004,4.91244124111102,2.1529722999171446,35.46537639174785,1.4472906291653267,0.6343030850823735,35.02349788129504,1.4433668618019233,0.6325834182140905,0.030382580468722154,0.0022102493740309968,0.0009686844981216948,0.0,0.0,0.0,0.4014233237379813,0.06938091367578979,0.030407526106741706,35.45530378550175,1.4461258648862085,0.6337926046296227,35.02349788129504,1.4433668618019233,0.6325834182140905,0.4014233237379813,0.06938091367578979,0.030407526106741706,0.0,0.0,0.0,500.0,0.0,0.0,0.0,0.0,0.0,0.0,0.0,0.0,0.0,0.0,0.0,0.0,0.0,0.0,1.0,0.0,0.0,0.0,0.0,0.0,0.0,0.0,0.0,0.0,0.0,0.0,0.0,0.0,0.0,1.0,0.0,0.0,28.341199999999997,0.5972760624174073,0.26176777587215105,0.0,0.0,0.0,0.0,0.0,0.0,0.0,0.0,0.0,0.0,0.0,0.0,0.0,0.0,0.0,,,,0.0,0.0,0.0,0.0,0.0,0.0
85aabe97be77ed6005b9d1d5463d30f98660c1f46bfbb7581f87fbd9b72484d1,60,current,Optimized Pattern Generator,dynamic_session,Dynamic Session Pattern Assignment,50,6,5,30,5.0,120,single_only,A1) Refined Cost + Greedy 1:1,True,100,20,0.9754999999999999,0.01904979624148524,0.008348941313282274,0.9754999999999999,0.01904979624148524,0.008348941313282274,100.0,0.0,0.0,100.0,0.0,0.0,0.0,0.0,0.0,0.0,0.0,0.0,1.1829705760555083,0.09802218965211584,0.042960118755639466,413.725,9.564235738581404,4.191711127802981,2.0170773894991725,0.1281788069718573,0.05617683903012379,1.5044584671675694,0.09998956313335357,0.04382235820051034,0.4268447838840075,0.028514103407737197,0.012496856813283119,0.0,0.0,0.0,0.08485665720072574,0.003892986660156474,0.0017061766302915104,2.0161599082523027,0.1281127686172609,0.05614789644512383,1.5044584671675694,0.09998956313335357,0.04382235820051034,0.08485665720072574,0.003892986660156474,0.0017061766302915104,0.0,0.0,0.0,100.0,0.0,0.0,0.0,0.0,0.0,0.0,0.0,0.0,0.0,0.0,0.0,0.0,0.0,0.0,1.0,0.0,0.0,0.0,0.0,0.0,0.0,0.0,0.0,0.0,0.0,0.0,0.0,0.0,0.0,1.0,0.0,0.0,6.4595,0.3569678593817361,0.15644806227458896,0.0,0.0,0.0,0.0,0.0,0.0,0.0,0.0,0.0,0.0,0.0,0.0,0.0,0.0,0.0,,,,0.0,0.0,0.0,0.0,0.0,0.0
85aabe97be77ed6005b9d1d5463d30f98660c1f46bfbb7581f87fbd9b72484d1,60,current,Optimized Pattern Generator,dynamic_session,Dynamic Session Pattern Assignment,50,6,5,30,5.0,120,single_only,A1) Refined Cost + Greedy 1:1,True,300,20,0.9486666666666667,0.012013637474974718,0.005265208770012149,0.9486666666666667,0.012013637474974718,0.005265208770012149,300.0,0.0,0.0,300.0,0.0,0.0,0.0,0.0,0.0,0.0,0.0,0.0,1.1158242777474314,0.0477354349098495,0.020920976769212243,410.13,7.127050028255949,3.1235673950755314,16.04751041450072,0.6837990666763157,0.299688154423674,12.444987217965537,0.5431865183678748,0.23806198798827316,3.350560645236692,0.13862662861068228,0.060755798752760146,0.0,0.0,0.0,0.24562703675037484,0.029041936047692084,0.01272818966736485,16.0411748999526,0.6823602491873088,0.2990575648559975,12.444987217965537,0.5431865183678748,0.23806198798827316,0.24562703675037484,0.029041936047692084,0.01272818966736485,0.0,0.0,0.0,300.0,0.0,0.0,0.0,0.0,0.0,0.0,0.0,0.0,0.0,0.0,0.0,0.0,0.0,0.0,1.0,0.0,0.0,0.0,0.0,0.0,0.0,0.0,0.0,0.0,0.0,0.0,0.0,0.0,0.0,1.0,0.0,0.0,17.3265,0.4116795935181855,0.18042653698700434,0.0,0.0,0.0,0.0,0.0,0.0,0.0,0.0,0.0,0.0,0.0,0.0,0.0,0.0,0.0,,,,0.0,0.0,0.0,0.0,0.0,0.0
85aabe97be77ed6005b9d1d5463d30f98660c1f46bfbb7581f87fbd9b72484d1,60,current,Optimized Pattern Generator,dynamic_session,Dynamic Session Pattern Assignment,50,6,5,30,5.0,120,single_only,A1) Refined Cost + Greedy 1:1,True,500,20,0.9297000000000001,0.012452435821747323,0.005457520624644572,0.9297000000000001,0.012452435821747323,0.005457520624644572,500.0,0.0,0.0,500.0,0.0,0.0,0.0,0.0,0.0,0.0,0.0,0.0,1.1088711109894949,0.030782730273495578,0.013491126375217054,410.95500000000004,4.91244124111102,2.1529722999171446,45.715469781149295,2.053042472672484,0.8997855357996258,35.95664889307373,1.6157798031259425,0.7081467213863236,9.335164245472697,0.41797922867525933,0.18318747382615858,0.0,0.0,0.0,0.4118529741550446,0.06575992627291265,0.028820558406954987,45.70366611270147,2.0524209038344092,0.8995131212453983,35.95664889307373,1.6157798031259425,0.7081467213863236,0.4118529741550446,0.06575992627291265,0.028820558406954987,0.0,0.0,0.0,500.0,0.0,0.0,0.0,0.0,0.0,0.0,0.0,0.0,0.0,0.0,0.0,0.0,0.0,0.0,1.0,0.0,0.0,0.0,0.0,0.0,0.0,0.0,0.0,0.0,0.0,0.0,0.0,0.0,0.0,1.0,0.0,0.0,28.341199999999997,0.5972760624174073,0.26176777587215105,0.0,0.0,0.0,0.0,0.0,0.0,0.0,0.0,0.0,0.0,0.0,0.0,0.0,0.0,0.0,,,,0.0,0.0,0.0,0.0,0.0,0.0
85aabe97be77ed6005b9d1d5463d30f98660c1f46bfbb7581f87fbd9b72484d1,60,current,Optimized Pattern Generator,dynamic_session,Dynamic Session Pattern Assignment,50,6,5,30,5.0,120,nomura_original_interval_hungarian,A2) Corr+DTW + Hungarian,False,100,20,0.9415000000000001,0.02497893849668259,0.01094750247893626,0.9415000000000001,0.02497893849668259,0.01094750247893626,100.0,0.0,0.0,100.0,0.0,0.0,0.0,0.0,0.0,0.0,0.0,0.0,0.09228141681044918,0.007528909139614015,0.0032996899159888926,413.725,9.564235738581404,4.191711127802981,2.6410146686481313,0.13587644668689994,0.05955047838127473,1.5269000221014721,0.08039142282962232,0.035233094505972944,1.02520806655084,0.05390024645911763,0.02362282455696955,0.0,0.0,0.0,0.08791836545133265,0.007857576031764124,0.003443734532497935,2.640026454103645,0.1358994136478721,0.05956054409572492,1.5269000221014721,0.08039142282962232,0.035233094505972944,0.08791836545133265,0.007857576031764124,0.003443734532497935,0.0,0.0,0.0,100.0,0.0,0.0,0.0,0.0,0.0,0.0,0.0,0.0,0.0,0.0,0.0,0.0,0.0,0.0,1.0,0.0,0.0,0.0,0.0,0.0,0.0,0.0,0.0,0.0,0.0,0.0,0.0,0.0,0.0,1.0,0.0,0.0,6.4595,0.3569678593817361,0.15644806227458896,0.0,0.0,0.0,0.0,0.0,0.0,0.0,0.0,0.0,0.0,0.0,0.0,0.0,0.0,0.0,,,,0.0,0.0,0.0,0.0,0.0,0.0
85aabe97be77ed6005b9d1d5463d30f98660c1f46bfbb7581f87fbd9b72484d1,60,current,Optimized Pattern Generator,dynamic_session,Dynamic Session Pattern Assignment,50,6,5,30,5.0,120,nomura_original_interval_hungarian,A2) Corr+DTW + Hungarian,False,300,20,0.9105000000000001,0.01651775581941874,0.007239225670200755,0.9105000000000001,0.01651775581941874,0.007239225670200755,300.0,0.0,0.0,300.0,0.0,0.0,0.0,0.0,0.0,0.0,0.0,0.0,0.08913302970324241,0.0045508898855796415,0.0019945154318853743,410.13,7.127050028255949,3.1235673950755314,20.97071346669545,0.8847189511519091,0.387745176288565,12.633504958709818,0.5813932686262647,0.2548068345805882,8.069905342681158,0.3038085181111001,0.13314995373341956,0.0,0.0,0.0,0.2591235424086335,0.06423255398807455,0.028151157988808944,20.962533843799612,0.8825812373419893,0.38680828190306255,12.633504958709818,0.5813932686262647,0.2548068345805882,0.2591235424086335,0.06423255398807455,0.028151157988808944,0.0,0.0,0.0,300.0,0.0,0.0,0.0,0.0,0.0,0.0,0.0,0.0,0.0,0.0,0.0,0.0,0.0,0.0,1.0,0.0,0.0,0.0,0.0,0.0,0.0,0.0,0.0,0.0,0.0,0.0,0.0,0.0,0.0,1.0,0.0,0.0,17.3265,0.4116795935181855,0.18042653698700434,0.0,0.0,0.0,0.0,0.0,0.0,0.0,0.0,0.0,0.0,0.0,0.0,0.0,0.0,0.0,,,,0.0,0.0,0.0,0.0,0.0,0.0
85aabe97be77ed6005b9d1d5463d30f98660c1f46bfbb7581f87fbd9b72484d1,60,current,Optimized Pattern Generator,dynamic_session,Dynamic Session Pattern Assignment,50,6,5,30,5.0,120,nomura_original_interval_hungarian,A2) Corr+DTW + Hungarian,False,500,20,0.8913000000000002,0.017220245123263013,0.007547105182225766,0.8913000000000002,0.017220245123263013,0.007547105182225766,500.0,0.0,0.0,500.0,0.0,0.0,0.0,0.0,0.0,0.0,0.0,0.0,0.08961275089202109,0.0036741127871573838,0.0016102509260206847,410.95500000000004,4.91244124111102,2.1529722999171446,58.84234896465059,2.30479875296001,1.010122590470764,36.102523303615456,1.5046956091025017,0.6594619268101344,22.310497308276535,0.8041260701041574,0.35242378882560077,0.0,0.0,0.0,0.41665757975861195,0.04065027677120486,0.017815769304260567,58.8296781916506,2.3063342033445493,1.010795531272202,36.102523303615456,1.5046956091025017,0.6594619268101344,0.41665757975861195,0.04065027677120486,0.017815769304260567,0.0,0.0,0.0,500.0,0.0,0.0,0.0,0.0,0.0,0.0,0.0,0.0,0.0,0.0,0.0,0.0,0.0,0.0,1.0,0.0,0.0,0.0,0.0,0.0,0.0,0.0,0.0,0.0,0.0,0.0,0.0,0.0,0.0,1.0,0.0,0.0,28.341199999999997,0.5972760624174073,0.26176777587215105,0.0,0.0,0.0,0.0,0.0,0.0,0.0,0.0,0.0,0.0,0.0,0.0,0.0,0.0,0.0,,,,0.0,0.0,0.0,0.0,0.0,0.0
85aabe97be77ed6005b9d1d5463d30f98660c1f46bfbb7581f87fbd9b72484d1,60,current,Optimized Pattern Generator,dynamic_session,Dynamic Session Pattern Assignment,50,6,5,30,5.0,120,bayesian_windowed,A3) Bayesian Posterior + Hungarian + Lock,False,100,20,0.9889999999999999,0.009679060415469879,0.004242035261274329,0.9889999999999999,0.009679060415469879,0.004242035261274329,100.0,0.0,0.0,100.0,0.0,0.0,0.0,0.0,0.0,0.0,0.0,0.0,0.15515748602865634,0.02471798644539385,0.010833135199928531,413.725,9.564235738581404,4.191711127802981,2.0130220292456213,0.15898673213412076,0.06967900755219907,1.517762535851216,0.12601604744739797,0.055228967876251256,0.3952828897818108,0.03312846881908064,0.01451919162090951,0.0,0.0,0.0,0.09907504521834198,0.020348422356180597,0.008918089302166065,2.012120470851369,0.15895267497597868,0.06966408134453674,1.517762535851216,0.12601604744739797,0.055228967876251256,0.09907504521834198,0.020348422356180597,0.008918089302166065,0.0,0.0,0.0,100.0,0.0,0.0,0.0,0.0,0.0,0.0,0.0,0.0,0.0,0.0,0.0,0.0,0.0,0.0,1.0,0.0,0.0,0.0,0.0,0.0,0.0,0.0,0.0,0.0,0.0,0.0,0.0,0.0,0.0,1.0,0.0,0.0,6.4595,0.3569678593817361,0.15644806227458896,0.0,0.0,0.0,0.0,0.0,0.0,0.0,0.0,0.0,0.0,0.0,0.0,0.0,0.0,0.0,,,,0.0,0.0,0.0,0.0,0.0,0.0
85aabe97be77ed6005b9d1d5463d30f98660c1f46bfbb7581f87fbd9b72484d1,60,current,Optimized Pattern Generator,dynamic_session,Dynamic Session Pattern Assignment,50,6,5,30,5.0,120,bayesian_windowed,A3) Bayesian Posterior + Hungarian + Lock,False,300,20,0.9753333333333334,0.008193564726294435,0.003590988070383607,0.9753333333333334,0.008193564726294435,0.003590988070383607,300.0,0.0,0.0,300.0,0.0,0.0,0.0,0.0,0.0,0.0,0.0,0.0,0.3763549670334387,0.020509502621072623,0.008988685840903983,410.13,7.127050028255949,3.1235673950755314,15.73600865615299,0.6148020214765109,0.2694488660942497,12.48993586065626,0.48926366319409414,0.21442925472522104,3.0074334985765745,0.11750942345998766,0.051500775535254825,0.0,0.0,0.0,0.23334068236581515,0.021996559340484532,0.009640417183460545,15.73071004159865,0.6154515978985601,0.2697335555133612,12.48993586065626,0.48926366319409414,0.21442925472522104,0.23334068236581515,0.021996559340484532,0.009640417183460545,0.0,0.0,0.0,300.0,0.0,0.0,0.0,0.0,0.0,0.0,0.0,0.0,0.0,0.0,0.0,0.0,0.0,0.0,1.0,0.0,0.0,0.0,0.0,0.0,0.0,0.0,0.0,0.0,0.0,0.0,0.0,0.0,0.0,1.0,0.0,0.0,17.3265,0.4116795935181855,0.18042653698700434,0.0,0.0,0.0,0.0,0.0,0.0,0.0,0.0,0.0,0.0,0.0,0.0,0.0,0.0,0.0,,,,0.0,0.0,0.0,0.0,0.0,0.0
85aabe97be77ed6005b9d1d5463d30f98660c1f46bfbb7581f87fbd9b72484d1,60,current,Optimized Pattern Generator,dynamic_session,Dynamic Session Pattern Assignment,50,6,5,30,5.0,120,bayesian_windowed,A3) Bayesian Posterior + Hungarian + Lock,False,500,20,0.9601,0.008347076387006797,0.0036582675220871853,0.9601,0.008347076387006797,0.0036582675220871853,500.0,0.0,0.0,500.0,0.0,0.0,0.0,0.0,0.0,0.0,0.0,0.0,0.567484742835494,0.028253275928235125,0.012382544130268073,410.95500000000004,4.91244124111102,2.1529722999171446,44.09203987285291,1.5483602551805518,0.6785988017115563,35.50897871170164,1.2602314877256517,0.5523208016922888,8.168101194215705,0.2780523863370958,0.12186183128253285,0.0,0.0,0.0,0.40228101713291836,0.04293594313984485,0.01881750675759673,44.07936092305026,1.5515500205849329,0.679996778037745,35.50897871170164,1.2602314877256517,0.5523208016922888,0.40228101713291836,0.04293594313984485,0.01881750675759673,0.0,0.0,0.0,500.0,0.0,0.0,0.0,0.0,0.0,0.0,0.0,0.0,0.0,0.0,0.0,0.0,0.0,0.0,1.0,0.0,0.0,0.0,0.0,0.0,0.0,0.0,0.0,0.0,0.0,0.0,0.0,0.0,0.0,1.0,0.0,0.0,28.341199999999997,0.5972760624174073,0.26176777587215105,0.0,0.0,0.0,0.0,0.0,0.0,0.0,0.0,0.0,0.0,0.0,0.0,0.0,0.0,0.0,,,,0.0,0.0,0.0,0.0,0.0,0.0
85aabe97be77ed6005b9d1d5463d30f98660c1f46bfbb7581f87fbd9b72484d1,60,current,Optimized Pattern Generator,dynamic_session,Dynamic Session Pattern Assignment,50,6,5,30,5.0,180,time_only_baseline,A0) Time Prior + Hungarian (Baseline),False,100,20,0.929,0.029181825634603812,0.01278949898199793,0.929,0.029181825634603812,0.01278949898199793,100.0,0.0,0.0,100.0,0.0,0.0,0.0,0.0,0.0,0.0,0.0,0.0,1.5691502400450001,0.15780643299900787,0.06916171864861932,407.18,10.881979309124345,4.769237711129853,1.6439447040494997,0.11493572361302634,0.05037280184420351,1.5488279131735907,0.11113055780826256,0.048705114400802045,0.0032013401039876046,0.00024685125013209405,0.00010818733042272858,0.0,0.0,0.0,0.09081214057368925,0.00699627489032604,0.0030662526638326063,1.6428413938512676,0.1148155253419577,0.050320122629245574,1.5488279131735907,0.11113055780826256,0.048705114400802045,0.09081214057368925,0.00699627489032604,0.0030662526638326063,0.0,0.0,0.0,100.0,0.0,0.0,0.0,0.0,0.0,0.0,0.0,0.0,0.0,0.0,0.0,0.0,0.0,0.0,1.0,0.0,0.0,0.0,0.0,0.0,0.0,0.0,0.0,0.0,0.0,0.0,0.0,0.0,0.0,1.0,0.0,0.0,6.4125,0.2734742362540516,0.11985536854234377,0.0,0.0,0.0,0.0,0.0,0.0,0.0,0.0,0.0,0.0,0.0,0.0,0.0,0.0,0.0,,,,0.0,0.0,0.0,0.0,0.0,0.0
85aabe97be77ed6005b9d1d5463d30f98660c1f46bfbb7581f87fbd9b72484d1,60,current,Optimized Pattern Generator,dynamic_session,Dynamic Session Pattern Assignment,50,6,5,30,5.0,180,time_only_baseline,A0) Time Prior + Hungarian (Baseline),False,300,20,0.7859999999999999,0.026348984911148923,0.011547951794291267,0.7859999999999999,0.026348984911148923,0.011547951794291267,300.0,0.0,0.0,300.0,0.0,0.0,0.0,0.0,0.0,0.0,0.0,0.0,1.338116927761667,0.0776128676590564,0.034015339010811635,411.11,6.822709756471593,2.990184390019417,13.83402841269999,0.528338174196457,0.231554414231835,13.554380064827274,0.5266091097020267,0.23079661830541764,0.015163827463402413,0.0014302262189046621,0.0006268242775399706,0.0,0.0,0.0,0.25769996395974887,0.023433812376553974,0.010270321099406314,13.827243856250425,0.5285065422601597,0.23162820478922813,13.554380064827274,0.5266091097020267,0.23079661830541764,0.25769996395974887,0.023433812376553974,0.010270321099406314,0.0,0.0,0.0,300.0,0.0,0.0,0.0,0.0,0.0,0.0,0.0,0.0,0.0,0.0,0.0,0.0,0.0,0.0,1.0,0.0,0.0,0.0,0.0,0.0,0.0,0.0,0.0,0.0,0.0,0.0,0.0,0.0,0.0,1.0,0.0,0.0,17.8125,0.38461475371068354,0.16856484795149987,0.0,0.0,0.0,0.0,0.0,0.0,0.0,0.0,0.0,0.0,0.0,0.0,0.0,0.0,0.0,,,,0.0,0.0,0.0,0.0,0.0,0.0
85aabe97be77ed6005b9d1d5463d30f98660c1f46bfbb7581f87fbd9b72484d1,60,current,Optimized Pattern Generator,dynamic_session,Dynamic Session Pattern Assignment,50,6,5,30,5.0,180,time_only_baseline,A0) Time Prior + Hungarian (Baseline),False,500,20,0.7013999999999998,0.021823213135992302,0.009564444859670848,0.7013999999999998,0.021823213135992302,0.009564444859670848,500.0,0.0,0.0,500.0,0.0,0.0,0.0,0.0,0.0,0.0,0.0,0.0,1.1821502758759999,0.04166118430231236,0.018258819064131047,411.2200000000001,3.1059535361014365,1.361244155369017,38.17318786869873,1.0425064524334393,0.4568985977461709,37.7029054742743,1.0510480369605326,0.4606421122192466,0.030794406479981263,0.001054299548031115,0.000462067149776796,0.0,0.0,0.0,0.42845243809570094,0.08296636330583354,0.036361611926766436,38.162152318849984,1.0424134011642232,0.45685781622935245,37.7029054742743,1.0510480369605326,0.4606421122192466,0.42845243809570094,0.08296636330583354,0.036361611926766436,0.0,0.0,0.0,500.0,0.0,0.0,0.0,0.0,0.0,0.0,0.0,0.0,0.0,0.0,0.0,0.0,0.0,0.0,1.0,0.0,0.0,0.0,0.0,0.0,0.0,0.0,0.0,0.0,0.0,0.0,0.0,0.0,0.0,1.0,0.0,0.0,28.980999999999995,0.6932782535476679,0.30384259124196433,0.0,0.0,0.0,0.0,0.0,0.0,0.0,0.0,0.0,0.0,0.0,0.0,0.0,0.0,0.0,,,,0.0,0.0,0.0,0.0,0.0,0.0
85aabe97be77ed6005b9d1d5463d30f98660c1f46bfbb7581f87fbd9b72484d1,60,current,Optimized Pattern Generator,dynamic_session,Dynamic Session Pattern Assignment,50,6,5,30,5.0,180,single_only,A1) Refined Cost + Greedy 1:1,True,100,20,0.9814999999999998,0.016311119875071355,0.007148663474642255,0.9814999999999998,0.016311119875071355,0.007148663474642255,100.0,0.0,0.0,100.0,0.0,0.0,0.0,0.0,0.0,0.0,0.0,0.0,1.1277499700343598,0.10320379626829454,0.04523105798242136,407.18,10.881979309124345,4.769237711129853,2.1062486937487845,0.12023366420434425,0.05269472668358019,1.5747495352043188,0.09102579888099523,0.0398938153048094,0.44155411201354583,0.02616864472147505,0.011468914221346816,0.0,0.0,0.0,0.08887219643511343,0.006666813887988485,0.0029218600131888568,2.105175843652978,0.12018180866428002,0.05267199999111185,1.5747495352043188,0.09102579888099523,0.0398938153048094,0.08887219643511343,0.006666813887988485,0.0029218600131888568,0.0,0.0,0.0,100.0,0.0,0.0,0.0,0.0,0.0,0.0,0.0,0.0,0.0,0.0,0.0,0.0,0.0,0.0,1.0,0.0,0.0,0.0,0.0,0.0,0.0,0.0,0.0,0.0,0.0,0.0,0.0,0.0,0.0,1.0,0.0,0.0,6.4125,0.2734742362540516,0.11985536854234377,0.0,0.0,0.0,0.0,0.0,0.0,0.0,0.0,0.0,0.0,0.0,0.0,0.0,0.0,0.0,,,,0.0,0.0,0.0,0.0,0.0,0.0
85aabe97be77ed6005b9d1d5463d30f98660c1f46bfbb7581f87fbd9b72484d1,60,current,Optimized Pattern Generator,dynamic_session,Dynamic Session Pattern Assignment,50,6,5,30,5.0,180,single_only,A1) Refined Cost + Greedy 1:1,True,300,20,0.9556666666666667,0.011501334781423678,0.005040682215036221,0.9556666666666667,0.011501334781423678,0.005040682215036221,300.0,0.0,0.0,300.0,0.0,0.0,0.0,0.0,0.0,0.0,0.0,0.0,1.1150887851196702,0.040960404333698124,0.017951688701301094,411.11,6.822709756471593,2.990184390019417,17.7423706770016,0.763953630226148,0.3348174407733074,13.768204148371296,0.6089572363644102,0.2668872760766407,3.702721528225811,0.15521873834927402,0.06802761146482311,0.0,0.0,0.0,0.2656503379548667,0.041336969762273516,0.018116725776970193,17.736576014551975,0.7646085908556062,0.335104489925358,13.768204148371296,0.6089572363644102,0.2668872760766407,0.2656503379548667,0.041336969762273516,0.018116725776970193,0.0,0.0,0.0,300.0,0.0,0.0,0.0,0.0,0.0,0.0,0.0,0.0,0.0,0.0,0.0,0.0,0.0,0.0,1.0,0.0,0.0,0.0,0.0,0.0,0.0,0.0,0.0,0.0,0.0,0.0,0.0,0.0,0.0,1.0,0.0,0.0,17.8125,0.38461475371068354,0.16856484795149987,0.0,0.0,0.0,0.0,0.0,0.0,0.0,0.0,0.0,0.0,0.0,0.0,0.0,0.0,0.0,,,,0.0,0.0,0.0,0.0,0.0,0.0
85aabe97be77ed6005b9d1d5463d30f98660c1f46bfbb7581f87fbd9b72484d1,60,current,Optimized Pattern Generator,dynamic_session,Dynamic Session Pattern Assignment,50,6,5,30,5.0,180,single_only,A1) Refined Cost + Greedy 1:1,True,500,20,0.9378,0.010620734437881368,0.004654742098118847,0.9378,0.010620734437881368,0.004654742098118847,500.0,0.0,0.0,500.0,0.0,0.0,0.0,0.0,0.0,0.0,0.0,0.0,1.0873023435151938,0.03608270836372616,0.015813944187864012,411.2200000000001,3.1059535361014365,1.361244155369017,48.35527962699998,1.5607420931671958,0.6840253814707633,38.049544269595934,1.2538955579304303,0.5495439580266236,9.879746902037004,0.3139820814501445,0.13760871445652215,0.0,0.0,0.0,0.4098340824202751,0.025973329668758198,0.011383313625305662,48.339125254053215,1.558048539156823,0.6828448793765842,38.049544269595934,1.2538955579304303,0.5495439580266236,0.4098340824202751,0.025973329668758198,0.011383313625305662,0.0,0.0,0.0,500.0,0.0,0.0,0.0,0.0,0.0,0.0,0.0,0.0,0.0,0.0,0.0,0.0,0.0,0.0,1.0,0.0,0.0,0.0,0.0,0.0,0.0,0.0,0.0,0.0,0.0,0.0,0.0,0.0,0.0,1.0,0.0,0.0,28.980999999999995,0.6932782535476679,0.30384259124196433,0.0,0.0,0.0,0.0,0.0,0.0,0.0,0.0,0.0,0.0,0.0,0.0,0.0,0.0,0.0,,,,0.0,0.0,0.0,0.0,0.0,0.0
85aabe97be77ed6005b9d1d5463d30f98660c1f46bfbb7581f87fbd9b72484d1,60,current,Optimized Pattern Generator,dynamic_session,Dynamic Session Pattern Assignment,50,6,5,30,5.0,180,nomura_original_interval_hungarian,A2) Corr+DTW + Hungarian,False,100,20,0.953,0.020799797569865146,0.009115913211752865,0.953,0.020799797569865146,0.009115913211752865,100.0,0.0,0.0,100.0,0.0,0.0,0.0,0.0,0.0,0.0,0.0,0.0,0.09067362942227396,0.009826383067488995,0.004306602260324225,407.18,10.881979309124345,4.769237711129853,2.7830786250022355,0.1969267732707886,0.08630696371814169,1.6131310399694485,0.1262763099827433,0.05534303296157287,1.0783661639143247,0.07453264474206206,0.03266537179647424,0.0,0.0,0.0,0.08984515236952575,0.006938666516612645,0.003041004680852119,2.781342356253299,0.19656859216730638,0.08614998392819583,1.6131310399694485,0.1262763099827433,0.05534303296157287,0.08984515236952575,0.006938666516612645,0.003041004680852119,0.0,0.0,0.0,100.0,0.0,0.0,0.0,0.0,0.0,0.0,0.0,0.0,0.0,0.0,0.0,0.0,0.0,0.0,1.0,0.0,0.0,0.0,0.0,0.0,0.0,0.0,0.0,0.0,0.0,0.0,0.0,0.0,0.0,1.0,0.0,0.0,6.4125,0.2734742362540516,0.11985536854234377,0.0,0.0,0.0,0.0,0.0,0.0,0.0,0.0,0.0,0.0,0.0,0.0,0.0,0.0,0.0,,,,0.0,0.0,0.0,0.0,0.0,0.0
85aabe97be77ed6005b9d1d5463d30f98660c1f46bfbb7581f87fbd9b72484d1,60,current,Optimized Pattern Generator,dynamic_session,Dynamic Session Pattern Assignment,50,6,5,30,5.0,180,nomura_original_interval_hungarian,A2) Corr+DTW + Hungarian,False,300,20,0.9136666666666666,0.013459925358012749,0.005899072382227581,0.9136666666666666,0.013459925358012749,0.005899072382227581,300.0,0.0,0.0,300.0,0.0,0.0,0.0,0.0,0.0,0.0,0.0,0.0,0.08871939166494261,0.004946660545696067,0.0021679695713913514,411.11,6.822709756471593,2.990184390019417,23.103634195847555,0.8892267640829792,0.38972081241273515,13.963788369229587,0.5839256066539712,0.25591668065509227,8.863467252899136,0.3195819546246166,0.14006296708488758,0.0,0.0,0.0,0.26695525071991144,0.03338030241610585,0.014629562561134977,23.094210872848635,0.8901942518663164,0.39014483262911986,13.963788369229587,0.5839256066539712,0.25591668065509227,0.26695525071991144,0.03338030241610585,0.014629562561134977,0.0,0.0,0.0,300.0,0.0,0.0,0.0,0.0,0.0,0.0,0.0,0.0,0.0,0.0,0.0,0.0,0.0,0.0,1.0,0.0,0.0,0.0,0.0,0.0,0.0,0.0,0.0,0.0,0.0,0.0,0.0,0.0,0.0,1.0,0.0,0.0,17.8125,0.38461475371068354,0.16856484795149987,0.0,0.0,0.0,0.0,0.0,0.0,0.0,0.0,0.0,0.0,0.0,0.0,0.0,0.0,0.0,,,,0.0,0.0,0.0,0.0,0.0,0.0
85aabe97be77ed6005b9d1d5463d30f98660c1f46bfbb7581f87fbd9b72484d1,60,current,Optimized Pattern Generator,dynamic_session,Dynamic Session Pattern Assignment,50,6,5,30,5.0,180,nomura_original_interval_hungarian,A2) Corr+DTW + Hungarian,False,500,20,0.9023,0.017232466298729345,0.007552461348530871,0.9023,0.017232466298729345,0.007552461348530871,500.0,0.0,0.0,500.0,0.0,0.0,0.0,0.0,0.0,0.0,0.0,0.0,0.08787061739678269,0.004118806215488105,0.0018051464140600895,411.2200000000001,3.1059535361014365,1.361244155369017,62.33393082910188,1.5098162919576847,0.6617061650213941,38.197851423348766,0.9141384760487159,0.40063885156542645,23.678849953789904,0.564347423402899,0.2473361635245246,0.0,0.0,0.0,0.43782222490845013,0.0851153079495249,0.03730342844218932,62.31452360204712,1.5124685208877164,0.6628685556005648,38.197851423348766,0.9141384760487159,0.40063885156542645,0.43782222490845013,0.0851153079495249,0.03730342844218932,0.0,0.0,0.0,500.0,0.0,0.0,0.0,0.0,0.0,0.0,0.0,0.0,0.0,0.0,0.0,0.0,0.0,0.0,1.0,0.0,0.0,0.0,0.0,0.0,0.0,0.0,0.0,0.0,0.0,0.0,0.0,0.0,0.0,1.0,0.0,0.0,28.980999999999995,0.6932782535476679,0.30384259124196433,0.0,0.0,0.0,0.0,0.0,0.0,0.0,0.0,0.0,0.0,0.0,0.0,0.0,0.0,0.0,,,,0.0,0.0,0.0,0.0,0.0,0.0
85aabe97be77ed6005b9d1d5463d30f98660c1f46bfbb7581f87fbd9b72484d1,60,current,Optimized Pattern Generator,dynamic_session,Dynamic Session Pattern Assignment,50,6,5,30,5.0,180,bayesian_windowed,A3) Bayesian Posterior + Hungarian + Lock,False,100,20,0.994,0.008825799501580885,0.0038680771776984494,0.994,0.008825799501580885,0.0038680771776984494,100.0,0.0,0.0,100.0,0.0,0.0,0.0,0.0,0.0,0.0,0.0,0.0,0.15056835952695286,0.028587464438574486,0.01252900870264604,407.18,10.881979309124345,4.769237711129853,2.107139725201705,0.11898722727746225,0.05214845161473807,1.5959228293169871,0.10644502029215384,0.0466515870429617,0.4093673881012364,0.021707950324281678,0.009513928705147357,0.0,0.0,0.0,0.10081677843263606,0.01772411674611775,0.007767936657550486,2.1061069958508596,0.11894907714231163,0.05213173158081075,1.5959228293169871,0.10644502029215384,0.0466515870429617,0.10081677843263606,0.01772411674611775,0.007767936657550486,0.0,0.0,0.0,100.0,0.0,0.0,0.0,0.0,0.0,0.0,0.0,0.0,0.0,0.0,0.0,0.0,0.0,0.0,1.0,0.0,0.0,0.0,0.0,0.0,0.0,0.0,0.0,0.0,0.0,0.0,0.0,0.0,0.0,1.0,0.0,0.0,6.4125,0.2734742362540516,0.11985536854234377,0.0,0.0,0.0,0.0,0.0,0.0,0.0,0.0,0.0,0.0,0.0,0.0,0.0,0.0,0.0,,,,0.0,0.0,0.0,0.0,0.0,0.0
85aabe97be77ed6005b9d1d5463d30f98660c1f46bfbb7581f87fbd9b72484d1,60,current,Optimized Pattern Generator,dynamic_session,Dynamic Session Pattern Assignment,50,6,5,30,5.0,180,bayesian_windowed,A3) Bayesian Posterior + Hungarian + Lock,False,300,20,0.9780000000000001,0.008335087534664885,0.003653013175880676,0.9780000000000001,0.008335087534664885,0.003653013175880676,300.0,0.0,0.0,300.0,0.0,0.0,0.0,0.0,0.0,0.0,0.0,0.0,0.3820720749856702,0.01962017740342758,0.008598921879315198,411.11,6.822709756471593,2.990184390019417,17.223529529249937,0.6229680951875263,0.2730278056959622,13.690569431046606,0.5222720468772707,0.22889581671484466,3.273895336200076,0.11511979772889078,0.05045347588245383,0.0,0.0,0.0,0.2545638098468771,0.0299106328054186,0.01310891280777844,17.21902857709356,0.6232313915846405,0.2731432004298291,13.690569431046606,0.5222720468772707,0.22889581671484466,0.2545638098468771,0.0299106328054186,0.01310891280777844,0.0,0.0,0.0,300.0,0.0,0.0,0.0,0.0,0.0,0.0,0.0,0.0,0.0,0.0,0.0,0.0,0.0,0.0,1.0,0.0,0.0,0.0,0.0,0.0,0.0,0.0,0.0,0.0,0.0,0.0,0.0,0.0,0.0,1.0,0.0,0.0,17.8125,0.38461475371068354,0.16856484795149987,0.0,0.0,0.0,0.0,0.0,0.0,0.0,0.0,0.0,0.0,0.0,0.0,0.0,0.0,0.0,,,,0.0,0.0,0.0,0.0,0.0,0.0
85aabe97be77ed6005b9d1d5463d30f98660c1f46bfbb7581f87fbd9b72484d1,60,current,Optimized Pattern Generator,dynamic_session,Dynamic Session Pattern Assignment,50,6,5,30,5.0,180,bayesian_windowed,A3) Bayesian Posterior + Hungarian + Lock,False,500,20,0.967,0.007933937762615278,0.0034772015366262288,0.967,0.007933937762615278,0.0034772015366262288,500.0,0.0,0.0,500.0,0.0,0.0,0.0,0.0,0.0,0.0,0.0,0.0,0.582911679544946,0.029886918210650964,0.013098519428370418,411.2200000000001,3.1059535361014365,1.361244155369017,46.72724735630182,1.069283781057613,0.4686342794498336,37.62542874095816,0.8738018392974509,0.38296054106055566,8.67040326006536,0.1953005558929142,0.08559424252793044,0.0,0.0,0.0,0.41346377807494716,0.0642804332176617,0.028172141986374112,46.70929577909847,1.0671441185608748,0.4676965310146773,37.62542874095816,0.8738018392974509,0.38296054106055566,0.41346377807494716,0.0642804332176617,0.028172141986374112,0.0,0.0,0.0,500.0,0.0,0.0,0.0,0.0,0.0,0.0,0.0,0.0,0.0,0.0,0.0,0.0,0.0,0.0,1.0,0.0,0.0,0.0,0.0,0.0,0.0,0.0,0.0,0.0,0.0,0.0,0.0,0.0,0.0,1.0,0.0,0.0,28.980999999999995,0.6932782535476679,0.30384259124196433,0.0,0.0,0.0,0.0,0.0,0.0,0.0,0.0,0.0,0.0,0.0,0.0,0.0,0.0,0.0,,,,0.0,0.0,0.0,0.0,0.0,0.0
85aabe97be77ed6005b9d1d5463d30f98660c1f46bfbb7581f87fbd9b72484d1,60,current,Optimized Pattern Generator,dynamic_session,Dynamic Session Pattern Assignment,50,6,5,30,10.0,60,time_only_baseline,A0) Time Prior + Hungarian (Baseline),False,100,20,0.9219999999999999,0.02802254731273971,0.01228142285602205,0.9219999999999999,0.02802254731273971,0.01228142285602205,100.0,0.0,0.0,100.0,0.0,0.0,0.0,0.0,0.0,0.0,0.0,0.0,1.5660002521150003,0.0964856181663748,0.04228668660993612,412.4750000000001,10.700756244795334,4.689813201307478,1.551722706152941,0.10204004977018806,0.04472102359186604,1.4551914802534156,0.09856149123324245,0.043196478094810815,0.003026035788934678,0.00016813242202247486,7.368728287333154e-05,0.0,0.0,0.0,0.09250884226203197,0.009295901935341912,0.004074108653360889,1.5507263583043822,0.10208758936854762,0.044741858739482825,1.4551914802534156,0.09856149123324245,0.043196478094810815,0.09250884226203197,0.009295901935341912,0.004074108653360889,0.0,0.0,0.0,100.0,0.0,0.0,0.0,0.0,0.0,0.0,0.0,0.0,0.0,0.0,0.0,0.0,0.0,0.0,1.0,0.0,0.0,0.0,0.0,0.0,0.0,0.0,0.0,0.0,0.0,0.0,0.0,0.0,0.0,1.0,0.0,0.0,6.069999999999999,0.2814997429184579,0.12337270191961983,0.0,0.0,0.0,0.0,0.0,0.0,0.0,0.0,0.0,0.0,0.0,0.0,0.0,0.0,0.0,,,,0.0,0.0,0.0,0.0,0.0,0.0
85aabe97be77ed6005b9d1d5463d30f98660c1f46bfbb7581f87fbd9b72484d1,60,current,Optimized Pattern Generator,dynamic_session,Dynamic Session Pattern Assignment,50,6,5,30,10.0,60,time_only_baseline,A0) Time Prior + Hungarian (Baseline),False,300,20,0.7936666666666666,0.022081719570298107,0.009677740299777705,0.7936666666666666,0.022081719570298107,0.009677740299777705,300.0,0.0,0.0,300.0,0.0,0.0,0.0,0.0,0.0,0.0,0.0,0.0,1.34170026251,0.05286382306370304,0.02316859197650839,413.8950000000001,5.354238360500267,2.3465984245958618,12.946583866553556,0.33251763674357687,0.14573227973733907,12.677461461539497,0.3324456187163512,0.1457007164452606,0.0142466129080276,0.0012116907202941144,0.0005310468723835314,0.0,0.0,0.0,0.25100101500429445,0.022785870573685297,0.0099863480837374,12.942709089451819,0.3326638193012824,0.1457963470680253,12.677461461539497,0.3324456187163512,0.1457007164452606,0.25100101500429445,0.022785870573685297,0.0099863480837374,0.0,0.0,0.0,300.0,0.0,0.0,0.0,0.0,0.0,0.0,0.0,0.0,0.0,0.0,0.0,0.0,0.0,0.0,1.0,0.0,0.0,0.0,0.0,0.0,0.0,0.0,0.0,0.0,0.0,0.0,0.0,0.0,0.0,1.0,0.0,0.0,16.938833333333335,0.4260704098526988,0.1867335903278388,0.0,0.0,0.0,0.0,0.0,0.0,0.0,0.0,0.0,0.0,0.0,0.0,0.0,0.0,0.0,,,,0.0,0.0,0.0,0.0,0.0,0.0
85aabe97be77ed6005b9d1d5463d30f98660c1f46bfbb7581f87fbd9b72484d1,60,current,Optimized Pattern Generator,dynamic_session,Dynamic Session Pattern Assignment,50,6,5,30,10.0,60,time_only_baseline,A0) Time Prior + Hungarian (Baseline),False,500,20,0.7075000000000001,0.02343973234982811,0.01027291564208884,0.7075000000000001,0.02343973234982811,0.01027291564208884,500.0,0.0,0.0,500.0,0.0,0.0,0.0,0.0,0.0,0.0,0.0,0.0,1.2063902729520002,0.03460668975576394,0.015167050510946219,415.3300000000001,3.094154080469198,1.3560728159303461,36.37979831679695,0.9897456635009207,0.43377516246864345,35.929101057448136,1.0033657357494403,0.4397444223202485,0.031002014422847425,0.0025415432155813144,0.0011138804259674714,0.0,0.0,0.0,0.407702257182973,0.03785332939568503,0.01658995306987478,36.36780532905395,0.9901619711819973,0.4339576173544342,35.929101057448136,1.0033657357494403,0.4397444223202485,0.407702257182973,0.03785332939568503,0.01658995306987478,0.0,0.0,0.0,500.0,0.0,0.0,0.0,0.0,0.0,0.0,0.0,0.0,0.0,0.0,0.0,0.0,0.0,0.0,1.0,0.0,0.0,0.0,0.0,0.0,0.0,0.0,0.0,0.0,0.0,0.0,0.0,0.0,0.0,1.0,0.0,0.0,27.674200000000003,0.6054610770226887,0.2653550166867817,0.0,0.0,0.0,0.0,0.0,0.0,0.0,0.0,0.0,0.0,0.0,0.0,0.0,0.0,0.0,,,,0.0,0.0,0.0,0.0,0.0,0.0
85aabe97be77ed6005b9d1d5463d30f98660c1f46bfbb7581f87fbd9b72484d1,60,current,Optimized Pattern Generator,dynamic_session,Dynamic Session Pattern Assignment,50,6,5,30,10.0,60,single_only,A1) Refined Cost + Greedy 1:1,True,100,20,0.977,0.014903196407411905,0.006531613808804719,0.977,0.014903196407411905,0.006531613808804719,100.0,0.0,0.0,100.0,0.0,0.0,0.0,0.0,0.0,0.0,0.0,0.0,1.1469099916023926,0.07928286262005203,0.03474724657276582,412.4750000000001,10.700756244795334,4.689813201307478,2.013349868694786,0.1491180043865703,0.06535384691758668,1.4900992279974161,0.11569998137324437,0.05070775257582264,0.42452590784669153,0.033278309068702105,0.014584862005757662,0.0,0.0,0.0,0.09783897455781698,0.0178826080429404,0.007837398531003844,2.0124641104019245,0.14915565768807343,0.06537034920456739,1.4900992279974161,0.11569998137324437,0.05070775257582264,0.09783897455781698,0.0178826080429404,0.007837398531003844,0.0,0.0,0.0,100.0,0.0,0.0,0.0,0.0,0.0,0.0,0.0,0.0,0.0,0.0,0.0,0.0,0.0,0.0,1.0,0.0,0.0,0.0,0.0,0.0,0.0,0.0,0.0,0.0,0.0,0.0,0.0,0.0,0.0,1.0,0.0,0.0,6.069999999999999,0.2814997429184579,0.12337270191961983,0.0,0.0,0.0,0.0,0.0,0.0,0.0,0.0,0.0,0.0,0.0,0.0,0.0,0.0,0.0,,,,0.0,0.0,0.0,0.0,0.0,0.0
85aabe97be77ed6005b9d1d5463d30f98660c1f46bfbb7581f87fbd9b72484d1,60,current,Optimized Pattern Generator,dynamic_session,Dynamic Session Pattern Assignment,50,6,5,30,10.0,60,single_only,A1) Refined Cost + Greedy 1:1,True,300,20,0.9541666666666666,0.012606273384905263,0.00552494290939253,0.9541666666666666,0.012606273384905263,0.00552494290939253,300.0,0.0,0.0,300.0,0.0,0.0,0.0,0.0,0.0,0.0,0.0,0.0,1.116141449139692,0.052400001144516054,0.022965313057720114,413.8950000000001,5.354238360500267,2.3465984245958618,16.62886577084864,0.5136383990232701,0.22511195370975795,12.874842549177993,0.4054561122337375,0.17769897605409454,3.4852600843587425,0.09908569584189626,0.043426220894068265,0.0,0.0,0.0,0.2633474498143187,0.06235783577353512,0.027329526505000968,16.623450083351052,0.5149987956978711,0.2257081738401493,12.874842549177993,0.4054561122337375,0.17769897605409454,0.2633474498143187,0.06235783577353512,0.027329526505000968,0.0,0.0,0.0,300.0,0.0,0.0,0.0,0.0,0.0,0.0,0.0,0.0,0.0,0.0,0.0,0.0,0.0,0.0,1.0,0.0,0.0,0.0,0.0,0.0,0.0,0.0,0.0,0.0,0.0,0.0,0.0,0.0,0.0,1.0,0.0,0.0,16.938833333333335,0.4260704098526988,0.1867335903278388,0.0,0.0,0.0,0.0,0.0,0.0,0.0,0.0,0.0,0.0,0.0,0.0,0.0,0.0,0.0,,,,0.0,0.0,0.0,0.0,0.0,0.0
85aabe97be77ed6005b9d1d5463d30f98660c1f46bfbb7581f87fbd9b72484d1,60,current,Optimized Pattern Generator,dynamic_session,Dynamic Session Pattern Assignment,50,6,5,30,10.0,60,single_only,A1) Refined Cost + Greedy 1:1,True,500,20,0.9303000000000001,0.012603675320276496,0.005523804257365037,0.9303000000000001,0.012603675320276496,0.005523804257365037,500.0,0.0,0.0,500.0,0.0,0.0,0.0,0.0,0.0,0.0,0.0,0.0,1.1119955993491044,0.04167497335086041,0.018264862381111146,415.3300000000001,3.094154080469198,1.3560728159303461,46.61135285624914,1.4360971903772135,0.6293973442360615,36.602110251286646,1.1641879263909307,0.5102278550309498,9.567995425306435,0.27202966530296735,0.11922225740873438,0.0,0.0,0.0,0.42274850885441995,0.058823097247599467,0.025780359042171783,46.59285418544751,1.4328400880744505,0.6279698562129664,36.602110251286646,1.1641879263909307,0.5102278550309498,0.42274850885441995,0.058823097247599467,0.025780359042171783,0.0,0.0,0.0,500.0,0.0,0.0,0.0,0.0,0.0,0.0,0.0,0.0,0.0,0.0,0.0,0.0,0.0,0.0,1.0,0.0,0.0,0.0,0.0,0.0,0.0,0.0,0.0,0.0,0.0,0.0,0.0,0.0,0.0,1.0,0.0,0.0,27.674200000000003,0.6054610770226887,0.2653550166867817,0.0,0.0,0.0,0.0,0.0,0.0,0.0,0.0,0.0,0.0,0.0,0.0,0.0,0.0,0.0,,,,0.0,0.0,0.0,0.0,0.0,0.0
85aabe97be77ed6005b9d1d5463d30f98660c1f46bfbb7581f87fbd9b72484d1,60,current,Optimized Pattern Generator,dynamic_session,Dynamic Session Pattern Assignment,50,6,5,30,10.0,60,nomura_original_interval_hungarian,A2) Corr+DTW + Hungarian,False,100,20,0.9470000000000001,0.020287408591745278,0.00889134884089732,0.9470000000000001,0.020287408591745278,0.00889134884089732,100.0,0.0,0.0,100.0,0.0,0.0,0.0,0.0,0.0,0.0,0.0,0.0,0.09049673248391929,0.007135954118975358,0.0031274697848923103,412.4750000000001,10.700756244795334,4.689813201307478,2.6514778105483856,0.18328450159174753,0.08032797453713791,1.5142992092383794,0.11333750240427065,0.049672350516095025,1.020949718657357,0.07077681635334518,0.03101930742903132,0.0,0.0,0.0,0.11530999510578113,0.020526201184320345,0.008996004308923488,2.6505589230015176,0.18328160512318079,0.08032670510381835,1.5142992092383794,0.11333750240427065,0.049672350516095025,0.11530999510578113,0.020526201184320345,0.008996004308923488,0.0,0.0,0.0,100.0,0.0,0.0,0.0,0.0,0.0,0.0,0.0,0.0,0.0,0.0,0.0,0.0,0.0,0.0,1.0,0.0,0.0,0.0,0.0,0.0,0.0,0.0,0.0,0.0,0.0,0.0,0.0,0.0,0.0,1.0,0.0,0.0,6.069999999999999,0.2814997429184579,0.12337270191961983,0.0,0.0,0.0,0.0,0.0,0.0,0.0,0.0,0.0,0.0,0.0,0.0,0.0,0.0,0.0,,,,0.0,0.0,0.0,0.0,0.0,0.0
85aabe97be77ed6005b9d1d5463d30f98660c1f46bfbb7581f87fbd9b72484d1,60,current,Optimized Pattern Generator,dynamic_session,Dynamic Session Pattern Assignment,50,6,5,30,10.0,60,nomura_original_interval_hungarian,A2) Corr+DTW + Hungarian,False,300,20,0.9165000000000001,0.017620927218037978,0.007722711852877397,0.9165000000000001,0.017620927218037978,0.007722711852877397,300.0,0.0,0.0,300.0,0.0,0.0,0.0,0.0,0.0,0.0,0.0,0.0,0.08939167802396243,0.004699718975718637,0.0020597426565511006,413.8950000000001,5.354238360500267,2.3465984245958618,21.863016391798737,0.8203867753849838,0.3595503571301243,13.141543805078253,0.5115177628651166,0.22418254393514359,8.448711655715305,0.2921976681261576,0.12806127436421436,0.0,0.0,0.0,0.26605594340799144,0.033757617188626264,0.014794928051267999,21.856311404201552,0.8161506993285321,0.3576938149421876,13.141543805078253,0.5115177628651166,0.22418254393514359,0.26605594340799144,0.033757617188626264,0.014794928051267999,0.0,0.0,0.0,300.0,0.0,0.0,0.0,0.0,0.0,0.0,0.0,0.0,0.0,0.0,0.0,0.0,0.0,0.0,1.0,0.0,0.0,0.0,0.0,0.0,0.0,0.0,0.0,0.0,0.0,0.0,0.0,0.0,0.0,1.0,0.0,0.0,16.938833333333335,0.4260704098526988,0.1867335903278388,0.0,0.0,0.0,0.0,0.0,0.0,0.0,0.0,0.0,0.0,0.0,0.0,0.0,0.0,0.0,,,,0.0,0.0,0.0,0.0,0.0,0.0
85aabe97be77ed6005b9d1d5463d30f98660c1f46bfbb7581f87fbd9b72484d1,60,current,Optimized Pattern Generator,dynamic_session,Dynamic Session Pattern Assignment,50,6,5,30,10.0,60,nomura_original_interval_hungarian,A2) Corr+DTW + Hungarian,False,500,20,0.8932,0.01682604497419654,0.007374339349535343,0.8932,0.01682604497419654,0.007374339349535343,500.0,0.0,0.0,500.0,0.0,0.0,0.0,0.0,0.0,0.0,0.0,0.0,0.08948733982689727,0.0034955258458671096,0.0015319817480593965,415.3300000000001,3.094154080469198,1.3560728159303461,59.7592398646535,1.3648097112473472,0.5981542289773818,36.552449525539124,0.869605101682004,0.3811212397045492,22.780878378995112,0.4949450862319876,0.216919248157067,0.0,0.0,0.0,0.41402744346996767,0.03849537111013682,0.0168713402577841,59.747355348004206,1.3635944674156675,0.5976216248852746,36.552449525539124,0.869605101682004,0.3811212397045492,0.41402744346996767,0.03849537111013682,0.0168713402577841,0.0,0.0,0.0,500.0,0.0,0.0,0.0,0.0,0.0,0.0,0.0,0.0,0.0,0.0,0.0,0.0,0.0,0.0,1.0,0.0,0.0,0.0,0.0,0.0,0.0,0.0,0.0,0.0,0.0,0.0,0.0,0.0,0.0,1.0,0.0,0.0,27.674200000000003,0.6054610770226887,0.2653550166867817,0.0,0.0,0.0,0.0,0.0,0.0,0.0,0.0,0.0,0.0,0.0,0.0,0.0,0.0,0.0,,,,0.0,0.0,0.0,0.0,0.0,0.0
85aabe97be77ed6005b9d1d5463d30f98660c1f46bfbb7581f87fbd9b72484d1,60,current,Optimized Pattern Generator,dynamic_session,Dynamic Session Pattern Assignment,50,6,5,30,10.0,60,bayesian_windowed,A3) Bayesian Posterior + Hungarian + Lock,False,100,20,0.9894999999999999,0.009986833437344559,0.004376922735390582,0.9894999999999999,0.009986833437344559,0.004376922735390582,100.0,0.0,0.0,100.0,0.0,0.0,0.0,0.0,0.0,0.0,0.0,0.0,0.1405708402731803,0.014098984326668505,0.006179152324154436,412.4750000000001,10.700756244795334,4.689813201307478,1.9914663500589085,0.12002421868515287,0.052602933137555236,1.505508723066305,0.093185107875905,0.040840174197430225,0.3950681028858526,0.024439538283309397,0.01071109991227691,0.0,0.0,0.0,0.08995045729534468,0.006328482593073428,0.0027735797854171193,1.990527283247502,0.12001885401401247,0.05260058196676325,1.505508723066305,0.093185107875905,0.040840174197430225,0.08995045729534468,0.006328482593073428,0.0027735797854171193,0.0,0.0,0.0,100.0,0.0,0.0,0.0,0.0,0.0,0.0,0.0,0.0,0.0,0.0,0.0,0.0,0.0,0.0,1.0,0.0,0.0,0.0,0.0,0.0,0.0,0.0,0.0,0.0,0.0,0.0,0.0,0.0,0.0,1.0,0.0,0.0,6.069999999999999,0.2814997429184579,0.12337270191961983,0.0,0.0,0.0,0.0,0.0,0.0,0.0,0.0,0.0,0.0,0.0,0.0,0.0,0.0,0.0,,,,0.0,0.0,0.0,0.0,0.0,0.0
85aabe97be77ed6005b9d1d5463d30f98660c1f46bfbb7581f87fbd9b72484d1,60,current,Optimized Pattern Generator,dynamic_session,Dynamic Session Pattern Assignment,50,6,5,30,10.0,60,bayesian_windowed,A3) Bayesian Posterior + Hungarian + Lock,False,300,20,0.9799999999999999,0.0066666666666666515,0.0029217954905997184,0.9799999999999999,0.0066666666666666515,0.0029217954905997184,300.0,0.0,0.0,300.0,0.0,0.0,0.0,0.0,0.0,0.0,0.0,0.0,0.3738258016209839,0.027118457848267344,0.011885188177962937,413.8950000000001,5.354238360500267,2.3465984245958618,16.348774247999245,0.7195432726647172,0.31535374340447087,12.953679760740489,0.5952863147414145,0.260895730504079,3.133853551920038,0.11960043796919573,0.05241720304982223,0.0,0.0,0.0,0.2567704288390814,0.029303825371767147,0.012842967724282658,16.34430374149961,0.7196322490361569,0.3153927390185972,12.953679760740489,0.5952863147414145,0.260895730504079,0.2567704288390814,0.029303825371767147,0.012842967724282658,0.0,0.0,0.0,300.0,0.0,0.0,0.0,0.0,0.0,0.0,0.0,0.0,0.0,0.0,0.0,0.0,0.0,0.0,1.0,0.0,0.0,0.0,0.0,0.0,0.0,0.0,0.0,0.0,0.0,0.0,0.0,0.0,0.0,1.0,0.0,0.0,16.938833333333335,0.4260704098526988,0.1867335903278388,0.0,0.0,0.0,0.0,0.0,0.0,0.0,0.0,0.0,0.0,0.0,0.0,0.0,0.0,0.0,,,,0.0,0.0,0.0,0.0,0.0,0.0
85aabe97be77ed6005b9d1d5463d30f98660c1f46bfbb7581f87fbd9b72484d1,60,current,Optimized Pattern Generator,dynamic_session,Dynamic Session Pattern Assignment,50,6,5,30,10.0,60,bayesian_windowed,A3) Bayesian Posterior + Hungarian + Lock,False,500,20,0.9593999999999999,0.009450146197699532,0.004141709181891995,0.9593999999999999,0.009450146197699532,0.004141709181891995,500.0,0.0,0.0,500.0,0.0,0.0,0.0,0.0,0.0,0.0,0.0,0.0,0.5681341791194695,0.023655303114944813,0.010367393695502308,415.3300000000001,3.094154080469198,1.3560728159303461,45.05277067285351,1.0700817118693946,0.4689839880469847,36.22704631071683,0.8921651737972895,0.3910086272506561,8.39942363910086,0.18207072289197662,0.07979601256740142,0.0,0.0,0.0,0.41382247303117764,0.03727335073523208,0.016335766214661457,45.04029242284887,1.0693660151141267,0.46867032011415793,36.22704631071683,0.8921651737972895,0.3910086272506561,0.41382247303117764,0.03727335073523208,0.016335766214661457,0.0,0.0,0.0,500.0,0.0,0.0,0.0,0.0,0.0,0.0,0.0,0.0,0.0,0.0,0.0,0.0,0.0,0.0,1.0,0.0,0.0,0.0,0.0,0.0,0.0,0.0,0.0,0.0,0.0,0.0,0.0,0.0,0.0,1.0,0.0,0.0,27.674200000000003,0.6054610770226887,0.2653550166867817,0.0,0.0,0.0,0.0,0.0,0.0,0.0,0.0,0.0,0.0,0.0,0.0,0.0,0.0,0.0,,,,0.0,0.0,0.0,0.0,0.0,0.0
85aabe97be77ed6005b9d1d5463d30f98660c1f46bfbb7581f87fbd9b72484d1,60,current,Optimized Pattern Generator,dynamic_session,Dynamic Session Pattern Assignment,50,6,5,30,10.0,120,time_only_baseline,A0) Time Prior + Hungarian (Baseline),False,100,20,0.9164999999999999,0.03248886448907491,0.014238872663832692,0.9164999999999999,0.03248886448907491,0.014238872663832692,100.0,0.0,0.0,100.0,0.0,0.0,0.0,0.0,0.0,0.0,0.0,0.0,1.5514502516250002,0.13981885558437307,0.06127831526208532,413.6,9.468840867203388,4.149902482050187,1.6552291708023403,0.1736767171303831,0.0761171773400576,1.557348336825089,0.16918213457330097,0.074147339682946,0.003286355215823278,0.0004630299924454053,0.00020293184159091152,0.0,0.0,0.0,0.09354912255657837,0.007475787773123664,0.0032764084506289926,1.6541838145974908,0.1736480390408134,0.07610460861314004,1.557348336825089,0.16918213457330097,0.074147339682946,0.09354912255657837,0.007475787773123664,0.0032764084506289926,0.0,0.0,0.0,100.0,0.0,0.0,0.0,0.0,0.0,0.0,0.0,0.0,0.0,0.0,0.0,0.0,0.0,0.0,1.0,0.0,0.0,0.0,0.0,0.0,0.0,0.0,0.0,0.0,0.0,0.0,0.0,0.0,0.0,1.0,0.0,0.0,6.380000000000001,0.35161282534539107,0.15410111512967886,0.0,0.0,0.0,0.0,0.0,0.0,0.0,0.0,0.0,0.0,0.0,0.0,0.0,0.0,0.0,,,,0.0,0.0,0.0,0.0,0.0,0.0
85aabe97be77ed6005b9d1d5463d30f98660c1f46bfbb7581f87fbd9b72484d1,60,current,Optimized Pattern Generator,dynamic_session,Dynamic Session Pattern Assignment,50,6,5,30,10.0,120,time_only_baseline,A0) Time Prior + Hungarian (Baseline),False,300,20,0.7983333333333335,0.02486219328560454,0.010896336634244717,0.7983333333333335,0.02486219328560454,0.010896336634244717,300.0,0.0,0.0,300.0,0.0,0.0,0.0,0.0,0.0,0.0,0.0,0.0,1.363300256875,0.07085054854296682,0.03105162198590361,416.43500000000006,5.549800849912008,2.432307464549914,13.523209387600946,0.29441450923711276,0.1290328478184191,13.222129671236326,0.30942485448392243,0.1356114216765901,0.01563611090386985,0.002543482169851439,0.001114730210143911,0.0,0.0,0.0,0.2798135950099095,0.06893834547079013,0.030213562038894082,13.517579377150104,0.2929959970539407,0.12841115744339612,13.222129671236326,0.30942485448392243,0.1356114216765901,0.2798135950099095,0.06893834547079013,0.030213562038894082,0.0,0.0,0.0,300.0,0.0,0.0,0.0,0.0,0.0,0.0,0.0,0.0,0.0,0.0,0.0,0.0,0.0,0.0,1.0,0.0,0.0,0.0,0.0,0.0,0.0,0.0,0.0,0.0,0.0,0.0,0.0,0.0,0.0,1.0,0.0,0.0,17.2615,0.3856815566732414,0.16903239496430383,0.0,0.0,0.0,0.0,0.0,0.0,0.0,0.0,0.0,0.0,0.0,0.0,0.0,0.0,0.0,,,,0.0,0.0,0.0,0.0,0.0,0.0
85aabe97be77ed6005b9d1d5463d30f98660c1f46bfbb7581f87fbd9b72484d1,60,current,Optimized Pattern Generator,dynamic_session,Dynamic Session Pattern Assignment,50,6,5,30,10.0,120,time_only_baseline,A0) Time Prior + Hungarian (Baseline),False,500,20,0.7121,0.024857276812360524,0.010894181894841613,0.7121,0.024857276812360524,0.010894181894841613,500.0,0.0,0.0,500.0,0.0,0.0,0.0,0.0,0.0,0.0,0.0,0.0,1.22053027333,0.05317206637677195,0.02330368556482823,416.035,5.791397885975733,2.5381920341269013,38.41763340845209,1.118457529487743,0.4901856249126894,37.918615035378025,1.098366969816658,0.4813805489150994,0.04052833273017313,0.02430758088127897,0.010653267030946347,0.0,0.0,0.0,0.44575960899237543,0.06148493550455356,0.02694696109455293,38.404902977100576,1.119191136464021,0.49050714234596365,37.918615035378025,1.098366969816658,0.4813805489150994,0.44575960899237543,0.06148493550455356,0.02694696109455293,0.0,0.0,0.0,500.0,0.0,0.0,0.0,0.0,0.0,0.0,0.0,0.0,0.0,0.0,0.0,0.0,0.0,0.0,1.0,0.0,0.0,0.0,0.0,0.0,0.0,0.0,0.0,0.0,0.0,0.0,0.0,0.0,0.0,1.0,0.0,0.0,28.3418,0.37340927172544364,0.1636538289413293,0.0,0.0,0.0,0.0,0.0,0.0,0.0,0.0,0.0,0.0,0.0,0.0,0.0,0.0,0.0,,,,0.0,0.0,0.0,0.0,0.0,0.0
85aabe97be77ed6005b9d1d5463d30f98660c1f46bfbb7581f87fbd9b72484d1,60,current,Optimized Pattern Generator,dynamic_session,Dynamic Session Pattern Assignment,50,6,5,30,10.0,120,single_only,A1) Refined Cost + Greedy 1:1,True,100,20,0.9819999999999997,0.01105012502906166,0.0048429308220713264,0.9819999999999997,0.01105012502906166,0.0048429308220713264,100.0,0.0,0.0,100.0,0.0,0.0,0.0,0.0,0.0,0.0,0.0,0.0,1.14879768477787,0.07627080590933417,0.03342715451554492,413.6,9.468840867203388,4.149902482050187,2.119685004101484,0.16412529469022627,0.07193108188788812,1.5809189111561863,0.12637535087834215,0.05538643954789471,0.4486252186616184,0.035266054567676106,0.015456029881061982,0.0,0.0,0.0,0.08915776813082629,0.005953026712359797,0.002609028990538884,2.118701897948631,0.16398207572532839,0.07186831340901706,1.5809189111561863,0.12637535087834215,0.05538643954789471,0.08915776813082629,0.005953026712359797,0.002609028990538884,0.0,0.0,0.0,100.0,0.0,0.0,0.0,0.0,0.0,0.0,0.0,0.0,0.0,0.0,0.0,0.0,0.0,0.0,1.0,0.0,0.0,0.0,0.0,0.0,0.0,0.0,0.0,0.0,0.0,0.0,0.0,0.0,0.0,1.0,0.0,0.0,6.380000000000001,0.35161282534539107,0.15410111512967886,0.0,0.0,0.0,0.0,0.0,0.0,0.0,0.0,0.0,0.0,0.0,0.0,0.0,0.0,0.0,,,,0.0,0.0,0.0,0.0,0.0,0.0
85aabe97be77ed6005b9d1d5463d30f98660c1f46bfbb7581f87fbd9b72484d1,60,current,Optimized Pattern Generator,dynamic_session,Dynamic Session Pattern Assignment,50,6,5,30,10.0,120,single_only,A1) Refined Cost + Greedy 1:1,True,300,20,0.9563333333333333,0.012134721339540687,0.005318276113433135,0.9563333333333333,0.012134721339540687,0.005318276113433135,300.0,0.0,0.0,300.0,0.0,0.0,0.0,0.0,0.0,0.0,0.0,0.0,1.114818097110756,0.058293740974624336,0.02554835842647687,416.43500000000006,5.549800849912008,2.432307464549914,17.205334274804045,0.3563141394426318,0.15616155687906047,13.345562499231892,0.2899807969801206,0.1270896877465546,3.589351472677663,0.07241426291807819,0.03173695002737156,0.0,0.0,0.0,0.2599159572389908,0.021602745244158162,0.009467820545843397,17.194829929148547,0.35986269730761555,0.15771678093426672,13.345562499231892,0.2899807969801206,0.1270896877465546,0.2599159572389908,0.021602745244158162,0.009467820545843397,0.0,0.0,0.0,300.0,0.0,0.0,0.0,0.0,0.0,0.0,0.0,0.0,0.0,0.0,0.0,0.0,0.0,0.0,1.0,0.0,0.0,0.0,0.0,0.0,0.0,0.0,0.0,0.0,0.0,0.0,0.0,0.0,0.0,1.0,0.0,0.0,17.2615,0.3856815566732414,0.16903239496430383,0.0,0.0,0.0,0.0,0.0,0.0,0.0,0.0,0.0,0.0,0.0,0.0,0.0,0.0,0.0,,,,0.0,0.0,0.0,0.0,0.0,0.0
85aabe97be77ed6005b9d1d5463d30f98660c1f46bfbb7581f87fbd9b72484d1,60,current,Optimized Pattern Generator,dynamic_session,Dynamic Session Pattern Assignment,50,6,5,30,10.0,120,single_only,A1) Refined Cost + Greedy 1:1,True,500,20,0.9373999999999999,0.011127963827554781,0.004877045179635962,0.9373999999999999,0.011127963827554781,0.004877045179635962,500.0,0.0,0.0,500.0,0.0,0.0,0.0,0.0,0.0,0.0,0.0,0.0,1.094725454092529,0.04465493826941185,0.019570889590286494,416.035,5.791397885975733,2.5381920341269013,48.562113833395415,1.168412493007198,0.5120793529843221,38.20920897494507,0.9460968068310127,0.4146452075804478,9.917841260101705,0.22241759385847554,0.09747880841486023,0.0,0.0,0.0,0.4197648088011192,0.03606453682896629,0.015805980161616214,48.54681504384789,1.1676622141150699,0.5117505287617652,38.20920897494507,0.9460968068310127,0.4146452075804478,0.4197648088011192,0.03606453682896629,0.015805980161616214,0.0,0.0,0.0,500.0,0.0,0.0,0.0,0.0,0.0,0.0,0.0,0.0,0.0,0.0,0.0,0.0,0.0,0.0,1.0,0.0,0.0,0.0,0.0,0.0,0.0,0.0,0.0,0.0,0.0,0.0,0.0,0.0,0.0,1.0,0.0,0.0,28.3418,0.37340927172544364,0.1636538289413293,0.0,0.0,0.0,0.0,0.0,0.0,0.0,0.0,0.0,0.0,0.0,0.0,0.0,0.0,0.0,,,,0.0,0.0,0.0,0.0,0.0,0.0
85aabe97be77ed6005b9d1d5463d30f98660c1f46bfbb7581f87fbd9b72484d1,60,current,Optimized Pattern Generator,dynamic_session,Dynamic Session Pattern Assignment,50,6,5,30,10.0,120,nomura_original_interval_hungarian,A2) Corr+DTW + Hungarian,False,100,20,0.9564999999999999,0.01663066286617646,0.007288709365211803,0.9564999999999999,0.01663066286617646,0.007288709365211803,100.0,0.0,0.0,100.0,0.0,0.0,0.0,0.0,0.0,0.0,0.0,0.0,0.09027152309495048,0.009052203096338148,0.00396730292803105,413.6,9.468840867203388,4.149902482050187,2.8320758082016253,0.23457671186159115,0.10280777683753621,1.617123879083374,0.13875418391501593,0.06081170232971077,1.092324228808866,0.09499788768440061,0.04163465997791713,0.0,0.0,0.0,0.12161108171567321,0.0197693106030002,0.008664282385816697,2.831059189607913,0.23437082642465445,0.10271754356635295,1.617123879083374,0.13875418391501593,0.06081170232971077,0.12161108171567321,0.0197693106030002,0.008664282385816697,0.0,0.0,0.0,100.0,0.0,0.0,0.0,0.0,0.0,0.0,0.0,0.0,0.0,0.0,0.0,0.0,0.0,0.0,1.0,0.0,0.0,0.0,0.0,0.0,0.0,0.0,0.0,0.0,0.0,0.0,0.0,0.0,0.0,1.0,0.0,0.0,6.380000000000001,0.35161282534539107,0.15410111512967886,0.0,0.0,0.0,0.0,0.0,0.0,0.0,0.0,0.0,0.0,0.0,0.0,0.0,0.0,0.0,,,,0.0,0.0,0.0,0.0,0.0,0.0
85aabe97be77ed6005b9d1d5463d30f98660c1f46bfbb7581f87fbd9b72484d1,60,current,Optimized Pattern Generator,dynamic_session,Dynamic Session Pattern Assignment,50,6,5,30,10.0,120,nomura_original_interval_hungarian,A2) Corr+DTW + Hungarian,False,300,20,0.9115,0.01788445697161618,0.007838208859723944,0.9115,0.01788445697161618,0.007838208859723944,300.0,0.0,0.0,300.0,0.0,0.0,0.0,0.0,0.0,0.0,0.0,0.0,0.09072572959299356,0.005758078739478247,0.0025235892743288536,416.43500000000006,5.549800849912008,2.432307464549914,22.427720175203284,0.6919470387274137,0.3032591606231386,13.49832689758623,0.4153926979803187,0.1820538767680423,8.654765896311437,0.26495484409792586,0.11612158030468095,0.0,0.0,0.0,0.26981349150155437,0.06429168266018775,0.028177072271940766,22.422906285399222,0.6929010386939585,0.303677269543181,13.49832689758623,0.4153926979803187,0.1820538767680423,0.26981349150155437,0.06429168266018775,0.028177072271940766,0.0,0.0,0.0,300.0,0.0,0.0,0.0,0.0,0.0,0.0,0.0,0.0,0.0,0.0,0.0,0.0,0.0,0.0,1.0,0.0,0.0,0.0,0.0,0.0,0.0,0.0,0.0,0.0,0.0,0.0,0.0,0.0,0.0,1.0,0.0,0.0,17.2615,0.3856815566732414,0.16903239496430383,0.0,0.0,0.0,0.0,0.0,0.0,0.0,0.0,0.0,0.0,0.0,0.0,0.0,0.0,0.0,,,,0.0,0.0,0.0,0.0,0.0,0.0
85aabe97be77ed6005b9d1d5463d30f98660c1f46bfbb7581f87fbd9b72484d1,60,current,Optimized Pattern Generator,dynamic_session,Dynamic Session Pattern Assignment,50,6,5,30,10.0,120,nomura_original_interval_hungarian,A2) Corr+DTW + Hungarian,False,500,20,0.8952,0.018989193602789212,0.0083223810358132,0.8952,0.018989193602789212,0.0083223810358132,500.0,0.0,0.0,500.0,0.0,0.0,0.0,0.0,0.0,0.0,0.0,0.0,0.08790034312057052,0.00472079984191432,0.002068981753519373,416.035,5.791397885975733,2.5381920341269013,62.47305360630562,1.452997904205199,0.6368044086536403,38.254017593002935,0.9392785189547181,0.4116569611648626,23.75397576921241,0.5179909446216697,0.22701954092506296,0.0,0.0,0.0,0.4485624648834346,0.0779535147078597,0.034164634162473576,62.45655582709878,1.4542921327348939,0.6373716293159205,38.254017593002935,0.9392785189547181,0.4116569611648626,0.4485624648834346,0.0779535147078597,0.034164634162473576,0.0,0.0,0.0,500.0,0.0,0.0,0.0,0.0,0.0,0.0,0.0,0.0,0.0,0.0,0.0,0.0,0.0,0.0,1.0,0.0,0.0,0.0,0.0,0.0,0.0,0.0,0.0,0.0,0.0,0.0,0.0,0.0,0.0,1.0,0.0,0.0,28.3418,0.37340927172544364,0.1636538289413293,0.0,0.0,0.0,0.0,0.0,0.0,0.0,0.0,0.0,0.0,0.0,0.0,0.0,0.0,0.0,,,,0.0,0.0,0.0,0.0,0.0,0.0
85aabe97be77ed6005b9d1d5463d30f98660c1f46bfbb7581f87fbd9b72484d1,60,current,Optimized Pattern Generator,dynamic_session,Dynamic Session Pattern Assignment,50,6,5,30,10.0,120,bayesian_windowed,A3) Bayesian Posterior + Hungarian + Lock,False,100,20,0.9929999999999998,0.007326950970650471,0.0032111778458837736,0.9929999999999998,0.007326950970650471,0.0032111778458837736,100.0,0.0,0.0,100.0,0.0,0.0,0.0,0.0,0.0,0.0,0.0,0.0,0.1457957691144575,0.018897194355518506,0.008282060587941082,413.6,9.468840867203388,4.149902482050187,2.09951432300295,0.17531217972536292,0.07683395042531609,1.5868530084073427,0.13050545752515952,0.057196538594349755,0.41342215874319665,0.033744619629292275,0.014789231619730368,0.0,0.0,0.0,0.09824085560248932,0.018432201885922362,0.008078268652816755,2.098516022753029,0.17521585273448506,0.07679173326018059,1.5868530084073427,0.13050545752515952,0.057196538594349755,0.09824085560248932,0.018432201885922362,0.008078268652816755,0.0,0.0,0.0,100.0,0.0,0.0,0.0,0.0,0.0,0.0,0.0,0.0,0.0,0.0,0.0,0.0,0.0,0.0,1.0,0.0,0.0,0.0,0.0,0.0,0.0,0.0,0.0,0.0,0.0,0.0,0.0,0.0,0.0,1.0,0.0,0.0,6.380000000000001,0.35161282534539107,0.15410111512967886,0.0,0.0,0.0,0.0,0.0,0.0,0.0,0.0,0.0,0.0,0.0,0.0,0.0,0.0,0.0,,,,0.0,0.0,0.0,0.0,0.0,0.0
85aabe97be77ed6005b9d1d5463d30f98660c1f46bfbb7581f87fbd9b72484d1,60,current,Optimized Pattern Generator,dynamic_session,Dynamic Session Pattern Assignment,50,6,5,30,10.0,120,bayesian_windowed,A3) Bayesian Posterior + Hungarian + Lock,False,300,20,0.9810000000000001,0.008384056158019132,0.003674474621315273,0.9810000000000001,0.008384056158019132,0.003674474621315273,300.0,0.0,0.0,300.0,0.0,0.0,0.0,0.0,0.0,0.0,0.0,0.0,0.35757875870868727,0.027467521583953273,0.012038172105291794,416.43500000000006,5.549800849912008,2.432307464549914,16.949217964548733,0.5417798257077526,0.23744547774762248,13.422667206086043,0.4456641129312911,0.19532090932271595,3.2383955984711066,0.09226056689528513,0.040434976247222754,0.0,0.0,0.0,0.2801584080400062,0.07784481432678768,0.034116994119987164,16.941221212597156,0.5413885511262301,0.23727399410144065,13.422667206086043,0.4456641129312911,0.19532090932271595,0.2801584080400062,0.07784481432678768,0.034116994119987164,0.0,0.0,0.0,300.0,0.0,0.0,0.0,0.0,0.0,0.0,0.0,0.0,0.0,0.0,0.0,0.0,0.0,0.0,1.0,0.0,0.0,0.0,0.0,0.0,0.0,0.0,0.0,0.0,0.0,0.0,0.0,0.0,0.0,1.0,0.0,0.0,17.2615,0.3856815566732414,0.16903239496430383,0.0,0.0,0.0,0.0,0.0,0.0,0.0,0.0,0.0,0.0,0.0,0.0,0.0,0.0,0.0,,,,0.0,0.0,0.0,0.0,0.0,0.0
85aabe97be77ed6005b9d1d5463d30f98660c1f46bfbb7581f87fbd9b72484d1,60,current,Optimized Pattern Generator,dynamic_session,Dynamic Session Pattern Assignment,50,6,5,30,10.0,120,bayesian_windowed,A3) Bayesian Posterior + Hungarian + Lock,False,500,20,0.9695,0.0070150214765023755,0.00307446871747573,0.9695,0.0070150214765023755,0.00307446871747573,500.0,0.0,0.0,500.0,0.0,0.0,0.0,0.0,0.0,0.0,0.0,0.0,0.5752720719330984,0.03447305655164276,0.01510848317696687,416.035,5.791397885975733,2.5381920341269013,47.16016571064684,1.2051811881555619,0.528193944136281,37.953116702679836,0.9656554495394967,0.42321716069063275,8.777112397381279,0.25005857707272094,0.10959300343152897,0.0,0.0,0.0,0.4179784146370366,0.06222571767613053,0.02727162319581747,47.14820751469815,1.2044215228601043,0.5278610061410859,37.953116702679836,0.9656554495394967,0.42321716069063275,0.4179784146370366,0.06222571767613053,0.02727162319581747,0.0,0.0,0.0,500.0,0.0,0.0,0.0,0.0,0.0,0.0,0.0,0.0,0.0,0.0,0.0,0.0,0.0,0.0,1.0,0.0,0.0,0.0,0.0,0.0,0.0,0.0,0.0,0.0,0.0,0.0,0.0,0.0,0.0,1.0,0.0,0.0,28.3418,0.37340927172544364,0.1636538289413293,0.0,0.0,0.0,0.0,0.0,0.0,0.0,0.0,0.0,0.0,0.0,0.0,0.0,0.0,0.0,,,,0.0,0.0,0.0,0.0,0.0,0.0
85aabe97be77ed6005b9d1d5463d30f98660c1f46bfbb7581f87fbd9b72484d1,60,current,Optimized Pattern Generator,dynamic_session,Dynamic Session Pattern Assignment,50,6,5,30,10.0,180,time_only_baseline,A0) Time Prior + Hungarian (Baseline),False,100,20,0.933,0.02494203807145465,0.010931330154531429,0.933,0.02494203807145465,0.010931330154531429,100.0,0.0,0.0,100.0,0.0,0.0,0.0,0.0,0.0,0.0,0.0,0.0,1.55560024938,0.17183664121902498,0.0753107285150325,412.0200000000001,9.946678895622972,4.359324231551198,1.719059760349046,0.1613021205308797,0.07069377125869464,1.6172724725169245,0.15300987322875378,0.06705953364255125,0.003906218505289871,0.0027142575274233098,0.0011895758105927678,0.0,0.0,0.0,0.09684849248005775,0.01266668444013187,0.005551419221704049,1.7180271835022722,0.1612621057759808,0.07067623401913149,1.6172724725169245,0.15300987322875378,0.06705953364255125,0.09684849248005775,0.01266668444013187,0.005551419221704049,0.0,0.0,0.0,100.0,0.0,0.0,0.0,0.0,0.0,0.0,0.0,0.0,0.0,0.0,0.0,0.0,0.0,0.0,1.0,0.0,0.0,0.0,0.0,0.0,0.0,0.0,0.0,0.0,0.0,0.0,0.0,0.0,0.0,1.0,0.0,0.0,6.517999999999999,0.29400322232390946,0.12885259338116806,0.0,0.0,0.0,0.0,0.0,0.0,0.0,0.0,0.0,0.0,0.0,0.0,0.0,0.0,0.0,,,,0.0,0.0,0.0,0.0,0.0,0.0
85aabe97be77ed6005b9d1d5463d30f98660c1f46bfbb7581f87fbd9b72484d1,60,current,Optimized Pattern Generator,dynamic_session,Dynamic Session Pattern Assignment,50,6,5,30,10.0,180,time_only_baseline,A0) Time Prior + Hungarian (Baseline),False,300,20,0.7913333333333334,0.02328064226119132,0.010203191336552129,0.7913333333333334,0.02328064226119132,0.010203191336552129,300.0,0.0,0.0,300.0,0.0,0.0,0.0,0.0,0.0,0.0,0.0,0.0,1.3635669302216669,0.069167742941218,0.030314099913091756,417.01000000000005,5.914113360606575,2.5919744621873817,14.021880293848517,0.5293885287729974,0.23201475242162495,13.739192378208099,0.5388801392249076,0.2361746341141631,0.015124033966276328,0.0009650210504214563,0.0004229391230182831,0.0,0.0,0.0,0.2621546732756542,0.06393768807850145,0.028021927306070595,14.01647108545003,0.528634866439364,0.23168444534044824,13.739192378208099,0.5388801392249076,0.2361746341141631,0.2621546732756542,0.06393768807850145,0.028021927306070595,0.0,0.0,0.0,300.0,0.0,0.0,0.0,0.0,0.0,0.0,0.0,0.0,0.0,0.0,0.0,0.0,0.0,0.0,1.0,0.0,0.0,0.0,0.0,0.0,0.0,0.0,0.0,0.0,0.0,0.0,0.0,0.0,0.0,1.0,0.0,0.0,17.849166666666665,0.5658909809664585,0.24801265745382797,0.0,0.0,0.0,0.0,0.0,0.0,0.0,0.0,0.0,0.0,0.0,0.0,0.0,0.0,0.0,,,,0.0,0.0,0.0,0.0,0.0,0.0
85aabe97be77ed6005b9d1d5463d30f98660c1f46bfbb7581f87fbd9b72484d1,60,current,Optimized Pattern Generator,dynamic_session,Dynamic Session Pattern Assignment,50,6,5,30,10.0,180,time_only_baseline,A0) Time Prior + Hungarian (Baseline),False,500,20,0.7075,0.021685551823616034,0.009504112129411196,0.7075,0.021685551823616034,0.009504112129411196,500.0,0.0,0.0,500.0,0.0,0.0,0.0,0.0,0.0,0.0,0.0,0.0,1.1987202758700002,0.04821200418176831,0.02112984246165986,414.735,4.612714122829136,2.0216110985261753,39.313794827004315,1.048025342387153,0.45931735791315254,38.85163463030476,1.057261309540895,0.4633651989903221,0.03406563349271892,0.005620035321483618,0.002463089078898302,0.0,0.0,0.0,0.41582894255116115,0.04178246350490002,0.018311972018214672,39.30152920634864,1.0478156709722044,0.45922546536394676,38.85163463030476,1.057261309540895,0.4633651989903221,0.41582894255116115,0.04178246350490002,0.018311972018214672,0.0,0.0,0.0,500.0,0.0,0.0,0.0,0.0,0.0,0.0,0.0,0.0,0.0,0.0,0.0,0.0,0.0,0.0,1.0,0.0,0.0,0.0,0.0,0.0,0.0,0.0,0.0,0.0,0.0,0.0,0.0,0.0,0.0,1.0,0.0,0.0,29.010200000000005,0.5406397380102479,0.23694581228360387,0.0,0.0,0.0,0.0,0.0,0.0,0.0,0.0,0.0,0.0,0.0,0.0,0.0,0.0,0.0,,,,0.0,0.0,0.0,0.0,0.0,0.0
85aabe97be77ed6005b9d1d5463d30f98660c1f46bfbb7581f87fbd9b72484d1,60,current,Optimized Pattern Generator,dynamic_session,Dynamic Session Pattern Assignment,50,6,5,30,10.0,180,single_only,A1) Refined Cost + Greedy 1:1,True,100,20,0.9829999999999999,0.014179302929937979,0.006214353504081038,0.9829999999999999,0.014179302929937979,0.006214353504081038,100.0,0.0,0.0,100.0,0.0,0.0,0.0,0.0,0.0,0.0,0.0,0.0,1.1439555218248079,0.06672586220625616,0.02924389849509268,412.0200000000001,9.946678895622972,4.359324231551198,2.207756416701886,0.17301027153765133,0.07582509468092154,1.64997595466848,0.13167080673717974,0.05770727540524794,0.4614365292014554,0.034816269747746174,0.015258902992270259,0.0,0.0,0.0,0.09519329327740707,0.022598818379680995,0.009904368845195117,2.2066057771473426,0.17297974088965293,0.07581171403447452,1.64997595466848,0.13167080673717974,0.05770727540524794,0.09519329327740707,0.022598818379680995,0.009904368845195117,0.0,0.0,0.0,100.0,0.0,0.0,0.0,0.0,0.0,0.0,0.0,0.0,0.0,0.0,0.0,0.0,0.0,0.0,1.0,0.0,0.0,0.0,0.0,0.0,0.0,0.0,0.0,0.0,0.0,0.0,0.0,0.0,0.0,1.0,0.0,0.0,6.517999999999999,0.29400322232390946,0.12885259338116806,0.0,0.0,0.0,0.0,0.0,0.0,0.0,0.0,0.0,0.0,0.0,0.0,0.0,0.0,0.0,,,,0.0,0.0,0.0,0.0,0.0,0.0
85aabe97be77ed6005b9d1d5463d30f98660c1f46bfbb7581f87fbd9b72484d1,60,current,Optimized Pattern Generator,dynamic_session,Dynamic Session Pattern Assignment,50,6,5,30,10.0,180,single_only,A1) Refined Cost + Greedy 1:1,True,300,20,0.952,0.012158793415053236,0.005328826165685426,0.952,0.012158793415053236,0.005328826165685426,300.0,0.0,0.0,300.0,0.0,0.0,0.0,0.0,0.0,0.0,0.0,0.0,1.1273674875782618,0.04523007692200055,0.019822955218526984,417.01000000000005,5.914113360606575,2.5919744621873817,18.025913427151682,0.646346175525684,0.28327370115259826,14.009244995015615,0.5157317229699,0.22602939337990205,3.7497097365543595,0.12509119207317843,0.05482363213697352,0.0,0.0,0.0,0.2590703641340951,0.03224714051787193,0.014132932462478086,18.01802509570407,0.645603450892695,0.28294818773008457,14.009244995015615,0.5157317229699,0.22602939337990205,0.2590703641340951,0.03224714051787193,0.014132932462478086,0.0,0.0,0.0,300.0,0.0,0.0,0.0,0.0,0.0,0.0,0.0,0.0,0.0,0.0,0.0,0.0,0.0,0.0,1.0,0.0,0.0,0.0,0.0,0.0,0.0,0.0,0.0,0.0,0.0,0.0,0.0,0.0,0.0,1.0,0.0,0.0,17.849166666666665,0.5658909809664585,0.24801265745382797,0.0,0.0,0.0,0.0,0.0,0.0,0.0,0.0,0.0,0.0,0.0,0.0,0.0,0.0,0.0,,,,0.0,0.0,0.0,0.0,0.0,0.0
85aabe97be77ed6005b9d1d5463d30f98660c1f46bfbb7581f87fbd9b72484d1,60,current,Optimized Pattern Generator,dynamic_session,Dynamic Session Pattern Assignment,50,6,5,30,10.0,180,single_only,A1) Refined Cost + Greedy 1:1,True,500,20,0.9417,0.010707105363409719,0.004692595825227997,0.9417,0.010707105363409719,0.004692595825227997,500.0,0.0,0.0,500.0,0.0,0.0,0.0,0.0,0.0,0.0,0.0,0.0,1.091018065794462,0.04125517135430452,0.018080876044038886,414.735,4.612714122829136,2.0216110985261753,50.027448525000366,1.2660383901665588,0.554865788897218,39.34415916906437,0.9959411994441395,0.43649047581575523,10.23054806466098,0.25424450622547995,0.11142756776990416,0.0,0.0,0.0,0.43980476426659154,0.0713645430881514,0.03127689002755058,50.01451199799194,1.2662716508110115,0.5549680198820824,39.34415916906437,0.9959411994441395,0.43649047581575523,0.43980476426659154,0.0713645430881514,0.03127689002755058,0.0,0.0,0.0,500.0,0.0,0.0,0.0,0.0,0.0,0.0,0.0,0.0,0.0,0.0,0.0,0.0,0.0,0.0,1.0,0.0,0.0,0.0,0.0,0.0,0.0,0.0,0.0,0.0,0.0,0.0,0.0,0.0,0.0,1.0,0.0,0.0,29.010200000000005,0.5406397380102479,0.23694581228360387,0.0,0.0,0.0,0.0,0.0,0.0,0.0,0.0,0.0,0.0,0.0,0.0,0.0,0.0,0.0,,,,0.0,0.0,0.0,0.0,0.0,0.0
85aabe97be77ed6005b9d1d5463d30f98660c1f46bfbb7581f87fbd9b72484d1,60,current,Optimized Pattern Generator,dynamic_session,Dynamic Session Pattern Assignment,50,6,5,30,10.0,180,nomura_original_interval_hungarian,A2) Corr+DTW + Hungarian,False,100,20,0.95,0.022710998958306743,0.009953534151509354,0.95,0.022710998958306743,0.009953534151509354,100.0,0.0,0.0,100.0,0.0,0.0,0.0,0.0,0.0,0.0,0.0,0.0,0.09095571009101568,0.007387388877326826,0.0032376659263620125,412.0200000000001,9.946678895622972,4.359324231551198,2.9279994397002156,0.24021076387415985,0.10527700900215534,1.6762818242772481,0.13932537609800966,0.0610620383413913,1.1235841861795053,0.09740215669437535,0.04268837733064706,0.0,0.0,0.0,0.12715659569512355,0.022758024936653354,0.009974144195230478,2.927022606151877,0.24015965011944002,0.10525460741144814,1.6762818242772481,0.13932537609800966,0.0610620383413913,0.12715659569512355,0.022758024936653354,0.009974144195230478,0.0,0.0,0.0,100.0,0.0,0.0,0.0,0.0,0.0,0.0,0.0,0.0,0.0,0.0,0.0,0.0,0.0,0.0,1.0,0.0,0.0,0.0,0.0,0.0,0.0,0.0,0.0,0.0,0.0,0.0,0.0,0.0,0.0,1.0,0.0,0.0,6.517999999999999,0.29400322232390946,0.12885259338116806,0.0,0.0,0.0,0.0,0.0,0.0,0.0,0.0,0.0,0.0,0.0,0.0,0.0,0.0,0.0,,,,0.0,0.0,0.0,0.0,0.0,0.0
85aabe97be77ed6005b9d1d5463d30f98660c1f46bfbb7581f87fbd9b72484d1,60,current,Optimized Pattern Generator,dynamic_session,Dynamic Session Pattern Assignment,50,6,5,30,10.0,180,nomura_original_interval_hungarian,A2) Corr+DTW + Hungarian,False,300,20,0.909,0.017541929718409375,0.007688089672149872,0.909,0.017541929718409375,0.007688089672149872,300.0,0.0,0.0,300.0,0.0,0.0,0.0,0.0,0.0,0.0,0.0,0.0,0.08934169264153728,0.004466036200629753,0.001957326664778271,417.01000000000005,5.914113360606575,2.5919744621873817,23.450618739602213,0.8321687839981612,0.36471405007555263,14.14162437365303,0.5022357232027904,0.2201145106908007,9.017101088546042,0.30631380766446814,0.13424794529137118,0.0,0.0,0.0,0.2857099065018701,0.08259383918464562,0.03619834603215247,23.444435368700944,0.8338412564067426,0.3654470434267844,14.14162437365303,0.5022357232027904,0.2201145106908007,0.2857099065018701,0.08259383918464562,0.03619834603215247,0.0,0.0,0.0,300.0,0.0,0.0,0.0,0.0,0.0,0.0,0.0,0.0,0.0,0.0,0.0,0.0,0.0,0.0,1.0,0.0,0.0,0.0,0.0,0.0,0.0,0.0,0.0,0.0,0.0,0.0,0.0,0.0,0.0,1.0,0.0,0.0,17.849166666666665,0.5658909809664585,0.24801265745382797,0.0,0.0,0.0,0.0,0.0,0.0,0.0,0.0,0.0,0.0,0.0,0.0,0.0,0.0,0.0,,,,0.0,0.0,0.0,0.0,0.0,0.0
85aabe97be77ed6005b9d1d5463d30f98660c1f46bfbb7581f87fbd9b72484d1,60,current,Optimized Pattern Generator,dynamic_session,Dynamic Session Pattern Assignment,50,6,5,30,10.0,180,nomura_original_interval_hungarian,A2) Corr+DTW + Hungarian,False,500,20,0.9025000000000002,0.01434719851619675,0.0062879369891044095,0.9025000000000002,0.01434719851619675,0.0062879369891044095,500.0,0.0,0.0,500.0,0.0,0.0,0.0,0.0,0.0,0.0,0.0,0.0,0.08901197529149645,0.004231056946988696,0.001854342466227332,414.735,4.612714122829136,2.0216110985261753,64.79214641859726,1.7577347247716422,0.7703612088762499,39.763804796920155,1.1626349799753484,0.5095472462558212,24.538519026333233,0.5886983666383981,0.2580084349451243,0.0,0.0,0.0,0.4733388434484368,0.10139726404045855,0.04443931032488422,64.77566266670183,1.7594357579062416,0.7711067195175549,39.763804796920155,1.1626349799753484,0.5095472462558212,0.4733388434484368,0.10139726404045855,0.04443931032488422,0.0,0.0,0.0,500.0,0.0,0.0,0.0,0.0,0.0,0.0,0.0,0.0,0.0,0.0,0.0,0.0,0.0,0.0,1.0,0.0,0.0,0.0,0.0,0.0,0.0,0.0,0.0,0.0,0.0,0.0,0.0,0.0,0.0,1.0,0.0,0.0,29.010200000000005,0.5406397380102479,0.23694581228360387,0.0,0.0,0.0,0.0,0.0,0.0,0.0,0.0,0.0,0.0,0.0,0.0,0.0,0.0,0.0,,,,0.0,0.0,0.0,0.0,0.0,0.0
85aabe97be77ed6005b9d1d5463d30f98660c1f46bfbb7581f87fbd9b72484d1,60,current,Optimized Pattern Generator,dynamic_session,Dynamic Session Pattern Assignment,50,6,5,30,10.0,180,bayesian_windowed,A3) Bayesian Posterior + Hungarian + Lock,False,100,20,0.9949999999999999,0.0060697697866688455,0.002660193898750123,0.9949999999999999,0.0060697697866688455,0.002660193898750123,100.0,0.0,0.0,100.0,0.0,0.0,0.0,0.0,0.0,0.0,0.0,0.0,0.14791704442587583,0.018812202695169766,0.008244811350449252,412.0200000000001,9.946678895622972,4.359324231551198,2.19087337924866,0.15097172632831024,0.0661662763791169,1.6612715377355927,0.12697423851544734,0.055648913627515194,0.4330773697496625,0.034046160782601975,0.01492138785702595,0.0,0.0,0.0,0.0954158008142258,0.020071293288670307,0.008796632133201213,2.1897647082994807,0.15080374180697628,0.06609265391657829,1.6612715377355927,0.12697423851544734,0.055648913627515194,0.0954158008142258,0.020071293288670307,0.008796632133201213,0.0,0.0,0.0,100.0,0.0,0.0,0.0,0.0,0.0,0.0,0.0,0.0,0.0,0.0,0.0,0.0,0.0,0.0,1.0,0.0,0.0,0.0,0.0,0.0,0.0,0.0,0.0,0.0,0.0,0.0,0.0,0.0,0.0,1.0,0.0,0.0,6.517999999999999,0.29400322232390946,0.12885259338116806,0.0,0.0,0.0,0.0,0.0,0.0,0.0,0.0,0.0,0.0,0.0,0.0,0.0,0.0,0.0,,,,0.0,0.0,0.0,0.0,0.0,0.0
85aabe97be77ed6005b9d1d5463d30f98660c1f46bfbb7581f87fbd9b72484d1,60,current,Optimized Pattern Generator,dynamic_session,Dynamic Session Pattern Assignment,50,6,5,30,10.0,180,bayesian_windowed,A3) Bayesian Posterior + Hungarian + Lock,False,300,20,0.977,0.008439672397400184,0.0036988495129294243,0.977,0.008439672397400184,0.0036988495129294243,300.0,0.0,0.0,300.0,0.0,0.0,0.0,0.0,0.0,0.0,0.0,0.0,0.3898576311414475,0.03319204349684703,0.014547054451931638,417.01000000000005,5.914113360606575,2.5919744621873817,17.543245710495103,0.7061512125503703,0.30948441427668,13.93372845362319,0.5906047559438427,0.2588439468965206,3.3464824705690264,0.12178256044881708,0.05337356039295632,0.0,0.0,0.0,0.2570961007091682,0.02562548489423264,0.011230863931260044,17.537307024901384,0.7068649773029569,0.3097972354719985,13.93372845362319,0.5906047559438427,0.2588439468965206,0.2570961007091682,0.02562548489423264,0.011230863931260044,0.0,0.0,0.0,300.0,0.0,0.0,0.0,0.0,0.0,0.0,0.0,0.0,0.0,0.0,0.0,0.0,0.0,0.0,1.0,0.0,0.0,0.0,0.0,0.0,0.0,0.0,0.0,0.0,0.0,0.0,0.0,0.0,0.0,1.0,0.0,0.0,17.849166666666665,0.5658909809664585,0.24801265745382797,0.0,0.0,0.0,0.0,0.0,0.0,0.0,0.0,0.0,0.0,0.0,0.0,0.0,0.0,0.0,,,,0.0,0.0,0.0,0.0,0.0,0.0
85aabe97be77ed6005b9d1d5463d30f98660c1f46bfbb7581f87fbd9b72484d1,60,current,Optimized Pattern Generator,dynamic_session,Dynamic Session Pattern Assignment,50,6,5,30,10.0,180,bayesian_windowed,A3) Bayesian Posterior + Hungarian + Lock,False,500,20,0.9683999999999999,0.00835022848726152,0.003659648990933711,0.9683999999999999,0.00835022848726152,0.003659648990933711,500.0,0.0,0.0,500.0,0.0,0.0,0.0,0.0,0.0,0.0,0.0,0.0,0.572523793685185,0.036891255852761,0.016168305748973672,414.735,4.612714122829136,2.0216110985261753,48.81419381665182,1.3505676780169407,0.5919123827069458,39.33537432989688,1.156032712572071,0.5066536749868268,9.01939160364709,0.21091212558737413,0.09243631461809888,0.0,0.0,0.0,0.4424235166006838,0.08320612151246215,0.036466690593810705,48.79718945014465,1.345487918114725,0.5896860797706023,39.33537432989688,1.156032712572071,0.5066536749868268,0.4424235166006838,0.08320612151246215,0.036466690593810705,0.0,0.0,0.0,500.0,0.0,0.0,0.0,0.0,0.0,0.0,0.0,0.0,0.0,0.0,0.0,0.0,0.0,0.0,1.0,0.0,0.0,0.0,0.0,0.0,0.0,0.0,0.0,0.0,0.0,0.0,0.0,0.0,0.0,1.0,0.0,0.0,29.010200000000005,0.5406397380102479,0.23694581228360387,0.0,0.0,0.0,0.0,0.0,0.0,0.0,0.0,0.0,0.0,0.0,0.0,0.0,0.0,0.0,,,,0.0,0.0,0.0,0.0,0.0,0.0
85aabe97be77ed6005b9d1d5463d30f98660c1f46bfbb7581f87fbd9b72484d1,60,current,Optimized Pattern Generator,dynamic_session,Dynamic Session Pattern Assignment,50,6,5,30,15.0,60,time_only_baseline,A0) Time Prior + Hungarian (Baseline),False,100,20,0.9205,0.021392325234704336,0.009375599910630274,0.9205,0.021392325234704336,0.009375599910630274,100.0,0.0,0.0,100.0,0.0,0.0,0.0,0.0,0.0,0.0,0.0,0.0,1.513350251375,0.16089233744469855,0.07051417590269543,414.98000000000013,12.37619106442518,5.424104886425716,1.735277141701954,0.1422273868080602,0.062333900612335964,1.6007598839336423,0.13199027168192676,0.05784728709049293,0.00324076423275983,0.0002853868397411607,0.00012507629721483448,0.0,0.0,0.0,0.13026785618421854,0.027895684348115388,0.012225822710327532,1.7342685043506207,0.1422313997657236,0.0623356593685767,1.6007598839336423,0.13199027168192676,0.05784728709049293,0.13026785618421854,0.027895684348115388,0.012225822710327532,0.0,0.0,0.0,100.0,0.0,0.0,0.0,0.0,0.0,0.0,0.0,0.0,0.0,0.0,0.0,0.0,0.0,0.0,1.0,0.0,0.0,0.0,0.0,0.0,0.0,0.0,0.0,0.0,0.0,0.0,0.0,0.0,0.0,1.0,0.0,0.0,6.278,0.4964357169388918,0.21757254586870434,0.0,0.0,0.0,0.0,0.0,0.0,0.0,0.0,0.0,0.0,0.0,0.0,0.0,0.0,0.0,,,,0.0,0.0,0.0,0.0,0.0,0.0
85aabe97be77ed6005b9d1d5463d30f98660c1f46bfbb7581f87fbd9b72484d1,60,current,Optimized Pattern Generator,dynamic_session,Dynamic Session Pattern Assignment,50,6,5,30,15.0,60,time_only_baseline,A0) Time Prior + Hungarian (Baseline),False,300,20,0.7828333333333334,0.02625281939746261,0.011505805399655287,0.7828333333333334,0.02625281939746261,0.011505805399655287,300.0,0.0,0.0,300.0,0.0,0.0,0.0,0.0,0.0,0.0,0.0,0.0,1.34123359596,0.08632978724923468,0.03783569746338713,421.2750000000001,5.820279881134292,2.550850126608972,13.453106777100766,0.48913183180022407,0.21437147706940168,13.170574657263932,0.48233108590813545,0.21139091876736882,0.015539313784393017,0.00306879540953591,0.0013449588883732739,0.0,0.0,0.0,0.2632377767498838,0.027553462502622292,0.012075837373585564,13.44935174779821,0.4888563257655846,0.21425073122595528,13.170574657263932,0.48233108590813545,0.21139091876736882,0.2632377767498838,0.027553462502622292,0.012075837373585564,0.0,0.0,0.0,300.0,0.0,0.0,0.0,0.0,0.0,0.0,0.0,0.0,0.0,0.0,0.0,0.0,0.0,0.0,1.0,0.0,0.0,0.0,0.0,0.0,0.0,0.0,0.0,0.0,0.0,0.0,0.0,0.0,0.0,1.0,0.0,0.0,16.998166666666663,0.545954258735637,0.23927500368712495,0.0,0.0,0.0,0.0,0.0,0.0,0.0,0.0,0.0,0.0,0.0,0.0,0.0,0.0,0.0,,,,0.0,0.0,0.0,0.0,0.0,0.0
85aabe97be77ed6005b9d1d5463d30f98660c1f46bfbb7581f87fbd9b72484d1,60,current,Optimized Pattern Generator,dynamic_session,Dynamic Session Pattern Assignment,50,6,5,30,15.0,60,time_only_baseline,A0) Time Prior + Hungarian (Baseline),False,500,20,0.7074,0.012667405333956008,0.005551735167352735,0.7074,0.012667405333956008,0.005551735167352735,500.0,0.0,0.0,500.0,0.0,0.0,0.0,0.0,0.0,0.0,0.0,0.0,1.2122002736510002,0.05315494565191268,0.02329618207632479,421.21000000000004,4.106977374894429,1.7999621960942458,37.627439447751385,1.09475719013063,0.4797984932137951,37.15917086971895,1.0885508563329875,0.4770784474983288,0.03219643518823432,0.0015143245945431576,0.0006636820157460683,0.0,0.0,0.0,0.4232776637916686,0.04557507007840688,0.019974155135828352,37.61464496869885,1.0902187944680979,0.4778094536165935,37.15917086971895,1.0885508563329875,0.4770784474983288,0.4232776637916686,0.04557507007840688,0.019974155135828352,0.0,0.0,0.0,500.0,0.0,0.0,0.0,0.0,0.0,0.0,0.0,0.0,0.0,0.0,0.0,0.0,0.0,0.0,1.0,0.0,0.0,0.0,0.0,0.0,0.0,0.0,0.0,0.0,0.0,0.0,0.0,0.0,0.0,1.0,0.0,0.0,27.697000000000003,0.5606704633035813,0.24572466470892937,0.0,0.0,0.0,0.0,0.0,0.0,0.0,0.0,0.0,0.0,0.0,0.0,0.0,0.0,0.0,,,,0.0,0.0,0.0,0.0,0.0,0.0
85aabe97be77ed6005b9d1d5463d30f98660c1f46bfbb7581f87fbd9b72484d1,60,current,Optimized Pattern Generator,dynamic_session,Dynamic Session Pattern Assignment,50,6,5,30,15.0,60,single_only,A1) Refined Cost + Greedy 1:1,True,100,20,0.9784999999999998,0.014244112357114628,0.006242757487892001,0.9784999999999998,0.014244112357114628,0.006242757487892001,100.0,0.0,0.0,100.0,0.0,0.0,0.0,0.0,0.0,0.0,0.0,0.0,1.1525879269814707,0.09322357288286243,0.04085703223001134,414.98000000000013,12.37619106442518,5.424104886425716,2.052574872848345,0.19875952224603344,0.08711020137183244,1.5195223720991635,0.1530739566408561,0.06708761943622668,0.4313563099174644,0.04372609280163369,0.019163805115403762,0.0,0.0,0.0,0.1008106659835903,0.01293331793014451,0.00566827650101832,2.051689348000218,0.19871832155881794,0.08709214437451505,1.5195223720991635,0.1530739566408561,0.06708761943622668,0.1008106659835903,0.01293331793014451,0.00566827650101832,0.0,0.0,0.0,100.0,0.0,0.0,0.0,0.0,0.0,0.0,0.0,0.0,0.0,0.0,0.0,0.0,0.0,0.0,1.0,0.0,0.0,0.0,0.0,0.0,0.0,0.0,0.0,0.0,0.0,0.0,0.0,0.0,0.0,1.0,0.0,0.0,6.278,0.4964357169388918,0.21757254586870434,0.0,0.0,0.0,0.0,0.0,0.0,0.0,0.0,0.0,0.0,0.0,0.0,0.0,0.0,0.0,,,,0.0,0.0,0.0,0.0,0.0,0.0
85aabe97be77ed6005b9d1d5463d30f98660c1f46bfbb7581f87fbd9b72484d1,60,current,Optimized Pattern Generator,dynamic_session,Dynamic Session Pattern Assignment,50,6,5,30,15.0,60,single_only,A1) Refined Cost + Greedy 1:1,True,300,20,0.9584999999999999,0.011367080817685315,0.004981842821159339,0.9584999999999999,0.011367080817685315,0.004981842821159339,300.0,0.0,0.0,300.0,0.0,0.0,0.0,0.0,0.0,0.0,0.0,0.0,1.1276226887988556,0.05390901603919112,0.02362666799489653,421.2750000000001,5.820279881134292,2.550850126608972,17.29425026459794,0.7302616187536708,0.3200512656948796,13.419073101057439,0.6080161238103571,0.26647481531415385,3.614467310470354,0.1342075060419912,0.05881903289371878,0.0,0.0,0.0,0.2544421343700378,0.03151924759007809,0.013813919321367963,17.28798254589783,0.7298010222473027,0.3198494003755858,13.419073101057439,0.6080161238103571,0.26647481531415385,0.2544421343700378,0.03151924759007809,0.013813919321367963,0.0,0.0,0.0,300.0,0.0,0.0,0.0,0.0,0.0,0.0,0.0,0.0,0.0,0.0,0.0,0.0,0.0,0.0,1.0,0.0,0.0,0.0,0.0,0.0,0.0,0.0,0.0,0.0,0.0,0.0,0.0,0.0,0.0,1.0,0.0,0.0,16.998166666666663,0.545954258735637,0.23927500368712495,0.0,0.0,0.0,0.0,0.0,0.0,0.0,0.0,0.0,0.0,0.0,0.0,0.0,0.0,0.0,,,,0.0,0.0,0.0,0.0,0.0,0.0
85aabe97be77ed6005b9d1d5463d30f98660c1f46bfbb7581f87fbd9b72484d1,60,current,Optimized Pattern Generator,dynamic_session,Dynamic Session Pattern Assignment,50,6,5,30,15.0,60,single_only,A1) Refined Cost + Greedy 1:1,True,500,20,0.9329000000000001,0.008595592505832004,0.003767184513385911,0.9329000000000001,0.008595592505832004,0.003767184513385911,500.0,0.0,0.0,500.0,0.0,0.0,0.0,0.0,0.0,0.0,0.0,0.0,1.0987576783517825,0.03960647927112799,0.017358304879936986,421.21000000000004,4.106977374894429,1.7999621960942458,47.953090277052254,1.168009359226943,0.5119026718151335,37.68942061306152,0.9948707610042062,0.436021335484741,9.80384799997555,0.24331896808369177,0.10663923955864636,0.0,0.0,0.0,0.4486458306579152,0.07314940496516488,0.03205914023509078,47.941914443694984,1.16670603440177,0.5113314645255869,37.68942061306152,0.9948707610042062,0.436021335484741,0.4486458306579152,0.07314940496516488,0.03205914023509078,0.0,0.0,0.0,500.0,0.0,0.0,0.0,0.0,0.0,0.0,0.0,0.0,0.0,0.0,0.0,0.0,0.0,0.0,1.0,0.0,0.0,0.0,0.0,0.0,0.0,0.0,0.0,0.0,0.0,0.0,0.0,0.0,0.0,1.0,0.0,0.0,27.697000000000003,0.5606704633035813,0.24572466470892937,0.0,0.0,0.0,0.0,0.0,0.0,0.0,0.0,0.0,0.0,0.0,0.0,0.0,0.0,0.0,,,,0.0,0.0,0.0,0.0,0.0,0.0
85aabe97be77ed6005b9d1d5463d30f98660c1f46bfbb7581f87fbd9b72484d1,60,current,Optimized Pattern Generator,dynamic_session,Dynamic Session Pattern Assignment,50,6,5,30,15.0,60,nomura_original_interval_hungarian,A2) Corr+DTW + Hungarian,False,100,20,0.9480000000000001,0.02330574810506715,0.010214194457765743,0.9480000000000001,0.02330574810506715,0.010214194457765743,100.0,0.0,0.0,100.0,0.0,0.0,0.0,0.0,0.0,0.0,0.0,0.0,0.0896899952125397,0.006527098197469732,0.0028606269120102982,414.98000000000013,12.37619106442518,5.424104886425716,2.7978074250000646,0.20681799603596945,0.0906419832289151,1.6156641917172236,0.12355722331975497,0.054151340689002486,1.0916875576309395,0.08329922340188464,0.036507494295912844,0.0,0.0,0.0,0.08911284444766351,0.004565396817305193,0.0020008733750400977,2.7964645937958266,0.2066660574853106,0.09057539322309062,1.6156641917172236,0.12355722331975497,0.054151340689002486,0.08911284444766351,0.004565396817305193,0.0020008733750400977,0.0,0.0,0.0,100.0,0.0,0.0,0.0,0.0,0.0,0.0,0.0,0.0,0.0,0.0,0.0,0.0,0.0,0.0,1.0,0.0,0.0,0.0,0.0,0.0,0.0,0.0,0.0,0.0,0.0,0.0,0.0,0.0,0.0,1.0,0.0,0.0,6.278,0.4964357169388918,0.21757254586870434,0.0,0.0,0.0,0.0,0.0,0.0,0.0,0.0,0.0,0.0,0.0,0.0,0.0,0.0,0.0,,,,0.0,0.0,0.0,0.0,0.0,0.0
85aabe97be77ed6005b9d1d5463d30f98660c1f46bfbb7581f87fbd9b72484d1,60,current,Optimized Pattern Generator,dynamic_session,Dynamic Session Pattern Assignment,50,6,5,30,15.0,60,nomura_original_interval_hungarian,A2) Corr+DTW + Hungarian,False,300,20,0.9088333333333335,0.023252365785439606,0.010190798624650917,0.9088333333333335,0.023252365785439606,0.010190798624650917,300.0,0.0,0.0,300.0,0.0,0.0,0.0,0.0,0.0,0.0,0.0,0.0,0.09006228775960685,0.004812468928270924,0.0021091575019909917,421.2750000000001,5.820279881134292,2.550850126608972,22.619686468747386,0.883863672071423,0.3873703337044797,13.629782592247647,0.5558942120929994,0.24363138032157192,8.71078732428432,0.30772300231305605,0.1348655520768144,0.0,0.0,0.0,0.27467484607041115,0.04596349037366463,0.02014438783589958,22.61524476260238,0.883636173974119,0.3872706282672563,13.629782592247647,0.5558942120929994,0.24363138032157192,0.27467484607041115,0.04596349037366463,0.02014438783589958,0.0,0.0,0.0,300.0,0.0,0.0,0.0,0.0,0.0,0.0,0.0,0.0,0.0,0.0,0.0,0.0,0.0,0.0,1.0,0.0,0.0,0.0,0.0,0.0,0.0,0.0,0.0,0.0,0.0,0.0,0.0,0.0,0.0,1.0,0.0,0.0,16.998166666666663,0.545954258735637,0.23927500368712495,0.0,0.0,0.0,0.0,0.0,0.0,0.0,0.0,0.0,0.0,0.0,0.0,0.0,0.0,0.0,,,,0.0,0.0,0.0,0.0,0.0,0.0
85aabe97be77ed6005b9d1d5463d30f98660c1f46bfbb7581f87fbd9b72484d1,60,current,Optimized Pattern Generator,dynamic_session,Dynamic Session Pattern Assignment,50,6,5,30,15.0,60,nomura_original_interval_hungarian,A2) Corr+DTW + Hungarian,False,500,20,0.8958999999999999,0.015887432968097453,0.006962974500508881,0.8958999999999999,0.015887432968097453,0.006962974500508881,500.0,0.0,0.0,500.0,0.0,0.0,0.0,0.0,0.0,0.0,0.0,0.0,0.08962824059823721,0.00412315840614601,0.0018070538457158642,421.21000000000004,4.106977374894429,1.7999621960942458,62.13985501459683,1.4463095352043578,0.6338731016957215,38.057636274490505,0.9599118416744533,0.4206999135566542,23.61414990864723,0.5125220603435033,0.2246226967116792,0.0,0.0,0.0,0.45131473760993684,0.05032385437623224,0.02205540161791089,62.123100920747675,1.4490788681354008,0.6350868153662051,38.057636274490505,0.9599118416744533,0.4206999135566542,0.45131473760993684,0.05032385437623224,0.02205540161791089,0.0,0.0,0.0,500.0,0.0,0.0,0.0,0.0,0.0,0.0,0.0,0.0,0.0,0.0,0.0,0.0,0.0,0.0,1.0,0.0,0.0,0.0,0.0,0.0,0.0,0.0,0.0,0.0,0.0,0.0,0.0,0.0,0.0,1.0,0.0,0.0,27.697000000000003,0.5606704633035813,0.24572466470892937,0.0,0.0,0.0,0.0,0.0,0.0,0.0,0.0,0.0,0.0,0.0,0.0,0.0,0.0,0.0,,,,0.0,0.0,0.0,0.0,0.0,0.0
85aabe97be77ed6005b9d1d5463d30f98660c1f46bfbb7581f87fbd9b72484d1,60,current,Optimized Pattern Generator,dynamic_session,Dynamic Session Pattern Assignment,50,6,5,30,15.0,60,bayesian_windowed,A3) Bayesian Posterior + Hungarian + Lock,False,100,20,0.9909999999999999,0.00852241626226791,0.0037351136106162216,0.9909999999999999,0.00852241626226791,0.0037351136106162216,100.0,0.0,0.0,100.0,0.0,0.0,0.0,0.0,0.0,0.0,0.0,0.0,0.15087090685325746,0.024172765366788754,0.010594181526601288,414.98000000000013,12.37619106442518,5.424104886425716,2.0425889290490886,0.20790209503596058,0.09111711056434577,1.5428150140563957,0.16493167113032978,0.07228449194485115,0.40428785940021045,0.04139423882360428,0.018141825049742256,0.0,0.0,0.0,0.09456970364553854,0.008240079427773416,0.0036113740371377895,2.041672577102145,0.20787740223043794,0.09110628846517181,1.5428150140563957,0.16493167113032978,0.07228449194485115,0.09456970364553854,0.008240079427773416,0.0036113740371377895,0.0,0.0,0.0,100.0,0.0,0.0,0.0,0.0,0.0,0.0,0.0,0.0,0.0,0.0,0.0,0.0,0.0,0.0,1.0,0.0,0.0,0.0,0.0,0.0,0.0,0.0,0.0,0.0,0.0,0.0,0.0,0.0,0.0,1.0,0.0,0.0,6.278,0.4964357169388918,0.21757254586870434,0.0,0.0,0.0,0.0,0.0,0.0,0.0,0.0,0.0,0.0,0.0,0.0,0.0,0.0,0.0,,,,0.0,0.0,0.0,0.0,0.0,0.0
85aabe97be77ed6005b9d1d5463d30f98660c1f46bfbb7581f87fbd9b72484d1,60,current,Optimized Pattern Generator,dynamic_session,Dynamic Session Pattern Assignment,50,6,5,30,15.0,60,bayesian_windowed,A3) Bayesian Posterior + Hungarian + Lock,False,300,20,0.9810000000000001,0.007422110164787738,0.003252883201531679,0.9810000000000001,0.007422110164787738,0.003252883201531679,300.0,0.0,0.0,300.0,0.0,0.0,0.0,0.0,0.0,0.0,0.0,0.0,0.3661113330804348,0.029866771797204497,0.013089689873376472,421.2750000000001,5.820279881134292,2.550850126608972,16.89973689994513,0.6545447461947678,0.2868668831741421,13.39664659291011,0.5417135082690953,0.23741641284863987,3.246914469047624,0.12438012292953904,0.054511992344365,0.0,0.0,0.0,0.25167890888697003,0.024752699296352394,0.010848348777638012,16.895239970844706,0.6544955667507187,0.2868453293324642,13.39664659291011,0.5417135082690953,0.23741641284863987,0.25167890888697003,0.024752699296352394,0.010848348777638012,0.0,0.0,0.0,300.0,0.0,0.0,0.0,0.0,0.0,0.0,0.0,0.0,0.0,0.0,0.0,0.0,0.0,0.0,1.0,0.0,0.0,0.0,0.0,0.0,0.0,0.0,0.0,0.0,0.0,0.0,0.0,0.0,0.0,1.0,0.0,0.0,16.998166666666663,0.545954258735637,0.23927500368712495,0.0,0.0,0.0,0.0,0.0,0.0,0.0,0.0,0.0,0.0,0.0,0.0,0.0,0.0,0.0,,,,0.0,0.0,0.0,0.0,0.0,0.0
85aabe97be77ed6005b9d1d5463d30f98660c1f46bfbb7581f87fbd9b72484d1,60,current,Optimized Pattern Generator,dynamic_session,Dynamic Session Pattern Assignment,50,6,5,30,15.0,60,bayesian_windowed,A3) Bayesian Posterior + Hungarian + Lock,False,500,20,0.9618999999999998,0.008220001280573604,0.0036025744011455884,0.9618999999999998,0.008220001280573604,0.0036025744011455884,500.0,0.0,0.0,500.0,0.0,0.0,0.0,0.0,0.0,0.0,0.0,0.0,0.5647191803966528,0.030305036666310032,0.013281767921112596,421.21000000000004,4.106977374894429,1.7999621960942458,46.600639854054315,1.1615065214807916,0.5090526775147124,37.46231864712026,0.9214285417602011,0.4038338637337254,8.684818387957057,0.2349208015454609,0.10295858079054009,0.0,0.0,0.0,0.43863326082500864,0.07653444381687145,0.03354269892295395,46.58577029590233,1.1620697708380792,0.5092995324295433,37.46231864712026,0.9214285417602011,0.4038338637337254,0.43863326082500864,0.07653444381687145,0.03354269892295395,0.0,0.0,0.0,500.0,0.0,0.0,0.0,0.0,0.0,0.0,0.0,0.0,0.0,0.0,0.0,0.0,0.0,0.0,1.0,0.0,0.0,0.0,0.0,0.0,0.0,0.0,0.0,0.0,0.0,0.0,0.0,0.0,0.0,1.0,0.0,0.0,27.697000000000003,0.5606704633035813,0.24572466470892937,0.0,0.0,0.0,0.0,0.0,0.0,0.0,0.0,0.0,0.0,0.0,0.0,0.0,0.0,0.0,,,,0.0,0.0,0.0,0.0,0.0,0.0
85aabe97be77ed6005b9d1d5463d30f98660c1f46bfbb7581f87fbd9b72484d1,60,current,Optimized Pattern Generator,dynamic_session,Dynamic Session Pattern Assignment,50,6,5,30,15.0,120,time_only_baseline,A0) Time Prior + Hungarian (Baseline),False,100,20,0.9209999999999999,0.029540338165758493,0.012946624026525617,0.9209999999999999,0.029540338165758493,0.012946624026525617,100.0,0.0,0.0,100.0,0.0,0.0,0.0,0.0,0.0,0.0,0.0,0.0,1.5214002508,0.1293857511453751,0.056705805636662276,417.505,9.817196244614,4.3025759576768605,1.7365556312026456,0.19187003547820908,0.08409075066621609,1.637246494270221,0.185505249396387,0.08130126017534113,0.003347594366641715,0.0004738423650615036,0.00020767057282377148,0.0,0.0,0.0,0.09455270086327801,0.009637935258615981,0.0042240113665974405,1.7351467895001407,0.19151494592921864,0.08393512580976617,1.637246494270221,0.185505249396387,0.08130126017534113,0.09455270086327801,0.009637935258615981,0.0042240113665974405,0.0,0.0,0.0,100.0,0.0,0.0,0.0,0.0,0.0,0.0,0.0,0.0,0.0,0.0,0.0,0.0,0.0,0.0,1.0,0.0,0.0,0.0,0.0,0.0,0.0,0.0,0.0,0.0,0.0,0.0,0.0,0.0,0.0,1.0,0.0,0.0,6.401999999999999,0.2850226214475653,0.12491667150966132,0.0,0.0,0.0,0.0,0.0,0.0,0.0,0.0,0.0,0.0,0.0,0.0,0.0,0.0,0.0,,,,0.0,0.0,0.0,0.0,0.0,0.0
85aabe97be77ed6005b9d1d5463d30f98660c1f46bfbb7581f87fbd9b72484d1,60,current,Optimized Pattern Generator,dynamic_session,Dynamic Session Pattern Assignment,50,6,5,30,15.0,120,time_only_baseline,A0) Time Prior + Hungarian (Baseline),False,300,20,0.7954999999999999,0.024525318103343238,0.010748694575980811,0.7954999999999999,0.024525318103343238,0.010748694575980811,300.0,0.0,0.0,300.0,0.0,0.0,0.0,0.0,0.0,0.0,0.0,0.0,1.3655669268083332,0.08863659281315932,0.038846699577541936,421.6650000000001,5.699702208287536,2.4980046314903723,14.097476929203548,0.29112277441505485,0.12759018142451822,13.77601648278942,0.27995987017253415,0.12269782293284923,0.015118153613002505,0.0004394590937359333,0.00019260143975710376,0.0,0.0,0.0,0.30219734689453615,0.07788511020156584,0.03413465456576966,14.093331983296958,0.2916454861646256,0.12781926994943513,13.77601648278942,0.27995987017253415,0.12269782293284923,0.30219734689453615,0.07788511020156584,0.03413465456576966,0.0,0.0,0.0,300.0,0.0,0.0,0.0,0.0,0.0,0.0,0.0,0.0,0.0,0.0,0.0,0.0,0.0,0.0,1.0,0.0,0.0,0.0,0.0,0.0,0.0,0.0,0.0,0.0,0.0,0.0,0.0,0.0,0.0,1.0,0.0,0.0,17.439500000000002,0.45924203380574313,0.20127169552012003,0.0,0.0,0.0,0.0,0.0,0.0,0.0,0.0,0.0,0.0,0.0,0.0,0.0,0.0,0.0,,,,0.0,0.0,0.0,0.0,0.0,0.0
85aabe97be77ed6005b9d1d5463d30f98660c1f46bfbb7581f87fbd9b72484d1,60,current,Optimized Pattern Generator,dynamic_session,Dynamic Session Pattern Assignment,50,6,5,30,15.0,120,time_only_baseline,A0) Time Prior + Hungarian (Baseline),False,500,20,0.6994999999999999,0.021500305995374478,0.009422924565569908,0.6994999999999999,0.021500305995374478,0.009422924565569908,500.0,0.0,0.0,500.0,0.0,0.0,0.0,0.0,0.0,0.0,0.0,0.0,1.2042902718950002,0.05396417871275013,0.02365084410252465,421.6650000000001,4.7268855886747465,2.071648949635605,39.673124568807545,1.2895864034429467,0.565186160747748,39.178000651211185,1.2823804985112757,0.5620280336674909,0.03384541858104058,0.0030640719988760568,0.0013428887623783423,0.0,0.0,0.0,0.45146239676105326,0.06860941361698407,0.03006940129781931,39.66330846655328,1.2898021871015695,0.5652807321058543,39.178000651211185,1.2823804985112757,0.5620280336674909,0.45146239676105326,0.06860941361698407,0.03006940129781931,0.0,0.0,0.0,500.0,0.0,0.0,0.0,0.0,0.0,0.0,0.0,0.0,0.0,0.0,0.0,0.0,0.0,0.0,1.0,0.0,0.0,0.0,0.0,0.0,0.0,0.0,0.0,0.0,0.0,0.0,0.0,0.0,0.0,1.0,0.0,0.0,28.5422,0.6545017872196259,0.28684805557316456,0.0,0.0,0.0,0.0,0.0,0.0,0.0,0.0,0.0,0.0,0.0,0.0,0.0,0.0,0.0,,,,0.0,0.0,0.0,0.0,0.0,0.0
85aabe97be77ed6005b9d1d5463d30f98660c1f46bfbb7581f87fbd9b72484d1,60,current,Optimized Pattern Generator,dynamic_session,Dynamic Session Pattern Assignment,50,6,5,30,15.0,120,single_only,A1) Refined Cost + Greedy 1:1,True,100,20,0.9814999999999999,0.016311119875071355,0.007148663474642255,0.9814999999999999,0.016311119875071355,0.007148663474642255,100.0,0.0,0.0,100.0,0.0,0.0,0.0,0.0,0.0,0.0,0.0,0.0,1.1452788929002689,0.09285893860392572,0.040697224211224035,417.505,9.817196244614,4.3025759576768605,2.246589635500277,0.16480328184761112,0.07222822286075785,1.6556792141185723,0.13105129405455646,0.057435762000879236,0.4550643983457121,0.036786529796186074,0.016122407530996332,0.0,0.0,0.0,0.13477140408649574,0.060010503378039204,0.02630076272378618,2.2455150165507805,0.16472573439571936,0.07219423619147113,1.6556792141185723,0.13105129405455646,0.057435762000879236,0.13477140408649574,0.060010503378039204,0.02630076272378618,0.0,0.0,0.0,100.0,0.0,0.0,0.0,0.0,0.0,0.0,0.0,0.0,0.0,0.0,0.0,0.0,0.0,0.0,1.0,0.0,0.0,0.0,0.0,0.0,0.0,0.0,0.0,0.0,0.0,0.0,0.0,0.0,0.0,1.0,0.0,0.0,6.401999999999999,0.2850226214475653,0.12491667150966132,0.0,0.0,0.0,0.0,0.0,0.0,0.0,0.0,0.0,0.0,0.0,0.0,0.0,0.0,0.0,,,,0.0,0.0,0.0,0.0,0.0,0.0
85aabe97be77ed6005b9d1d5463d30f98660c1f46bfbb7581f87fbd9b72484d1,60,current,Optimized Pattern Generator,dynamic_session,Dynamic Session Pattern Assignment,50,6,5,30,15.0,120,single_only,A1) Refined Cost + Greedy 1:1,True,300,20,0.9550000000000001,0.015540928795804227,0.00681111235129683,0.9550000000000001,0.015540928795804227,0.00681111235129683,300.0,0.0,0.0,300.0,0.0,0.0,0.0,0.0,0.0,0.0,0.0,0.0,1.113006797993989,0.05418704413157994,0.023748519178886783,421.6650000000001,5.699702208287536,2.4980046314903723,17.99799353524868,0.4631773828912993,0.20299643830193706,13.981372472200018,0.3829653123865032,0.16784194841805,3.7466256680112564,0.12775134438843008,0.055989495292825125,0.0,0.0,0.0,0.26510083478642626,0.02891094495520318,0.012670780289863428,17.9930989749977,0.4640127568423972,0.20336255707842943,13.981372472200018,0.3829653123865032,0.16784194841805,0.26510083478642626,0.02891094495520318,0.012670780289863428,0.0,0.0,0.0,300.0,0.0,0.0,0.0,0.0,0.0,0.0,0.0,0.0,0.0,0.0,0.0,0.0,0.0,0.0,1.0,0.0,0.0,0.0,0.0,0.0,0.0,0.0,0.0,0.0,0.0,0.0,0.0,0.0,0.0,1.0,0.0,0.0,17.439500000000002,0.45924203380574313,0.20127169552012003,0.0,0.0,0.0,0.0,0.0,0.0,0.0,0.0,0.0,0.0,0.0,0.0,0.0,0.0,0.0,,,,0.0,0.0,0.0,0.0,0.0,0.0
85aabe97be77ed6005b9d1d5463d30f98660c1f46bfbb7581f87fbd9b72484d1,60,current,Optimized Pattern Generator,dynamic_session,Dynamic Session Pattern Assignment,50,6,5,30,15.0,120,single_only,A1) Refined Cost + Greedy 1:1,True,500,20,0.9374999999999998,0.012206555615733666,0.005349758873070806,0.9374999999999998,0.012206555615733666,0.005349758873070806,500.0,0.0,0.0,500.0,0.0,0.0,0.0,0.0,0.0,0.0,0.0,0.0,1.0945326492049765,0.03057941549610725,0.013402019745255227,421.6650000000001,4.7268855886747465,2.071648949635605,50.54678406865569,1.4424543798985197,0.6321835053874977,39.83132698054978,1.1970471164231917,0.5246290300201029,10.262659281233208,0.31901400733462126,0.1398140532102666,0.0,0.0,0.0,0.4415210069710156,0.07593801565516892,0.033281302755954575,50.53550726875401,1.442744058816128,0.6323104627707761,39.83132698054978,1.1970471164231917,0.5246290300201029,0.4415210069710156,0.07593801565516892,0.033281302755954575,0.0,0.0,0.0,500.0,0.0,0.0,0.0,0.0,0.0,0.0,0.0,0.0,0.0,0.0,0.0,0.0,0.0,0.0,1.0,0.0,0.0,0.0,0.0,0.0,0.0,0.0,0.0,0.0,0.0,0.0,0.0,0.0,0.0,1.0,0.0,0.0,28.5422,0.6545017872196259,0.28684805557316456,0.0,0.0,0.0,0.0,0.0,0.0,0.0,0.0,0.0,0.0,0.0,0.0,0.0,0.0,0.0,,,,0.0,0.0,0.0,0.0,0.0,0.0
85aabe97be77ed6005b9d1d5463d30f98660c1f46bfbb7581f87fbd9b72484d1,60,current,Optimized Pattern Generator,dynamic_session,Dynamic Session Pattern Assignment,50,6,5,30,15.0,120,nomura_original_interval_hungarian,A2) Corr+DTW + Hungarian,False,100,20,0.9549999999999998,0.022124052165245992,0.009696293377531324,0.9549999999999998,0.022124052165245992,0.009696293377531324,100.0,0.0,0.0,100.0,0.0,0.0,0.0,0.0,0.0,0.0,0.0,0.0,0.09001772009268795,0.007639184391087187,0.0033480201758607523,417.505,9.817196244614,4.3025759576768605,2.974265012444812,0.21502918413390815,0.09424069508246861,1.7176667014166014,0.13021846412769827,0.05707075819216963,1.140667360117368,0.1023083633280163,0.04483861719336544,0.0,0.0,0.0,0.11479478621768066,0.0455064881130603,0.019944097764265437,2.97312884775165,0.21481749128750066,0.09414791660186476,1.7176667014166014,0.13021846412769827,0.05707075819216963,0.11479478621768066,0.0455064881130603,0.019944097764265437,0.0,0.0,0.0,100.0,0.0,0.0,0.0,0.0,0.0,0.0,0.0,0.0,0.0,0.0,0.0,0.0,0.0,0.0,1.0,0.0,0.0,0.0,0.0,0.0,0.0,0.0,0.0,0.0,0.0,0.0,0.0,0.0,0.0,1.0,0.0,0.0,6.401999999999999,0.2850226214475653,0.12491667150966132,0.0,0.0,0.0,0.0,0.0,0.0,0.0,0.0,0.0,0.0,0.0,0.0,0.0,0.0,0.0,,,,0.0,0.0,0.0,0.0,0.0,0.0
85aabe97be77ed6005b9d1d5463d30f98660c1f46bfbb7581f87fbd9b72484d1,60,current,Optimized Pattern Generator,dynamic_session,Dynamic Session Pattern Assignment,50,6,5,30,15.0,120,nomura_original_interval_hungarian,A2) Corr+DTW + Hungarian,False,300,20,0.913,0.018445430819817008,0.008084066488726577,0.913,0.018445430819817008,0.008084066488726577,300.0,0.0,0.0,300.0,0.0,0.0,0.0,0.0,0.0,0.0,0.0,0.0,0.09012375506952956,0.005980155707450563,0.0026209187968669894,421.6650000000001,5.699702208287536,2.4980046314903723,23.454049537552056,0.6926917319740747,0.3035855368286347,14.130710444065334,0.456179909676036,0.19992966044904478,9.037372568224963,0.26069577724071796,0.11425496195404802,0.0,0.0,0.0,0.281347002259281,0.06093113152384089,0.026704245798524557,23.44943001454958,0.6927519086285714,0.3036119104102969,14.130710444065334,0.456179909676036,0.19992966044904478,0.281347002259281,0.06093113152384089,0.026704245798524557,0.0,0.0,0.0,300.0,0.0,0.0,0.0,0.0,0.0,0.0,0.0,0.0,0.0,0.0,0.0,0.0,0.0,0.0,1.0,0.0,0.0,0.0,0.0,0.0,0.0,0.0,0.0,0.0,0.0,0.0,0.0,0.0,0.0,1.0,0.0,0.0,17.439500000000002,0.45924203380574313,0.20127169552012003,0.0,0.0,0.0,0.0,0.0,0.0,0.0,0.0,0.0,0.0,0.0,0.0,0.0,0.0,0.0,,,,0.0,0.0,0.0,0.0,0.0,0.0
85aabe97be77ed6005b9d1d5463d30f98660c1f46bfbb7581f87fbd9b72484d1,60,current,Optimized Pattern Generator,dynamic_session,Dynamic Session Pattern Assignment,50,6,5,30,15.0,120,nomura_original_interval_hungarian,A2) Corr+DTW + Hungarian,False,500,20,0.8961,0.01905642590889103,0.008351846893131837,0.8961,0.01905642590889103,0.008351846893131837,500.0,0.0,0.0,500.0,0.0,0.0,0.0,0.0,0.0,0.0,0.0,0.0,0.08978791405195387,0.0035376601726358385,0.0015504479309522458,421.6650000000001,4.7268855886747465,2.071648949635605,65.34111883735022,1.777160099888531,0.7788747548892101,40.18129349352821,1.2390083364945594,0.5430193455577905,24.682968925806925,0.6138324287044999,0.26902392332590275,0.0,0.0,0.0,0.4626170869116322,0.07152527263862549,0.031347332858917776,65.32687950624677,1.7776962799701257,0.7791097461708929,40.18129349352821,1.2390083364945594,0.5430193455577905,0.4626170869116322,0.07152527263862549,0.031347332858917776,0.0,0.0,0.0,500.0,0.0,0.0,0.0,0.0,0.0,0.0,0.0,0.0,0.0,0.0,0.0,0.0,0.0,0.0,1.0,0.0,0.0,0.0,0.0,0.0,0.0,0.0,0.0,0.0,0.0,0.0,0.0,0.0,0.0,1.0,0.0,0.0,28.5422,0.6545017872196259,0.28684805557316456,0.0,0.0,0.0,0.0,0.0,0.0,0.0,0.0,0.0,0.0,0.0,0.0,0.0,0.0,0.0,,,,0.0,0.0,0.0,0.0,0.0,0.0
85aabe97be77ed6005b9d1d5463d30f98660c1f46bfbb7581f87fbd9b72484d1,60,current,Optimized Pattern Generator,dynamic_session,Dynamic Session Pattern Assignment,50,6,5,30,15.0,120,bayesian_windowed,A3) Bayesian Posterior + Hungarian + Lock,False,100,20,0.9919999999999998,0.008944271909999166,0.003920000000000003,0.9919999999999998,0.008944271909999166,0.003920000000000003,100.0,0.0,0.0,100.0,0.0,0.0,0.0,0.0,0.0,0.0,0.0,0.0,0.14501556869261603,0.017145473397411275,0.007514335028513073,417.505,9.817196244614,4.3025759576768605,2.188209822853969,0.17838520338958408,0.07818076242801023,1.6679136633712914,0.13940704755485725,0.061097832435540504,0.4254781019873917,0.039373216966821355,0.017256073167609482,0.0,0.0,0.0,0.0939049449400045,0.01032199946711798,0.004523815724549712,2.1872967102986878,0.17834064428767044,0.07816123354055476,1.6679136633712914,0.13940704755485725,0.061097832435540504,0.0939049449400045,0.01032199946711798,0.004523815724549712,0.0,0.0,0.0,100.0,0.0,0.0,0.0,0.0,0.0,0.0,0.0,0.0,0.0,0.0,0.0,0.0,0.0,0.0,1.0,0.0,0.0,0.0,0.0,0.0,0.0,0.0,0.0,0.0,0.0,0.0,0.0,0.0,0.0,1.0,0.0,0.0,6.401999999999999,0.2850226214475653,0.12491667150966132,0.0,0.0,0.0,0.0,0.0,0.0,0.0,0.0,0.0,0.0,0.0,0.0,0.0,0.0,0.0,,,,0.0,0.0,0.0,0.0,0.0,0.0
85aabe97be77ed6005b9d1d5463d30f98660c1f46bfbb7581f87fbd9b72484d1,60,current,Optimized Pattern Generator,dynamic_session,Dynamic Session Pattern Assignment,50,6,5,30,15.0,120,bayesian_windowed,A3) Bayesian Posterior + Hungarian + Lock,False,300,20,0.9785,0.011821033884786173,0.005180796524819218,0.9785,0.011821033884786173,0.005180796524819218,300.0,0.0,0.0,300.0,0.0,0.0,0.0,0.0,0.0,0.0,0.0,0.0,0.3634717443777853,0.030941501798860894,0.013560711064244255,421.6650000000001,5.699702208287536,2.4980046314903723,17.599564422851834,0.5970532451464022,0.26167012189750355,13.947281176452815,0.47427271715578206,0.20785918294503644,3.368983522434428,0.14663850007743243,0.06426715624118243,0.0,0.0,0.0,0.2759208407136612,0.05496608726045614,0.02408994988402676,17.592185539600905,0.5948225922957572,0.2606924951814873,13.947281176452815,0.47427271715578206,0.20785918294503644,0.2759208407136612,0.05496608726045614,0.02408994988402676,0.0,0.0,0.0,300.0,0.0,0.0,0.0,0.0,0.0,0.0,0.0,0.0,0.0,0.0,0.0,0.0,0.0,0.0,1.0,0.0,0.0,0.0,0.0,0.0,0.0,0.0,0.0,0.0,0.0,0.0,0.0,0.0,0.0,1.0,0.0,0.0,17.439500000000002,0.45924203380574313,0.20127169552012003,0.0,0.0,0.0,0.0,0.0,0.0,0.0,0.0,0.0,0.0,0.0,0.0,0.0,0.0,0.0,,,,0.0,0.0,0.0,0.0,0.0,0.0
85aabe97be77ed6005b9d1d5463d30f98660c1f46bfbb7581f87fbd9b72484d1,60,current,Optimized Pattern Generator,dynamic_session,Dynamic Session Pattern Assignment,50,6,5,30,15.0,120,bayesian_windowed,A3) Bayesian Posterior + Hungarian + Lock,False,500,20,0.9673,0.008566151257619795,0.0037542813174463014,0.9673,0.008566151257619795,0.0037542813174463014,500.0,0.0,0.0,500.0,0.0,0.0,0.0,0.0,0.0,0.0,0.0,0.0,0.5820286180825559,0.035051012590384865,0.015361783579131103,421.6650000000001,4.7268855886747465,2.071648949635605,49.09414241449995,1.3439992591123777,0.5890336461965875,39.54200637380272,1.106909383422589,0.48512442674799633,9.10694957596861,0.27944063927416046,0.12247025995823196,0.0,0.0,0.0,0.43569073557882804,0.08160745693890084,0.035766044952508756,49.084646685350165,1.3420278274190507,0.5881696281618493,39.54200637380272,1.106909383422589,0.48512442674799633,0.43569073557882804,0.08160745693890084,0.035766044952508756,0.0,0.0,0.0,500.0,0.0,0.0,0.0,0.0,0.0,0.0,0.0,0.0,0.0,0.0,0.0,0.0,0.0,0.0,1.0,0.0,0.0,0.0,0.0,0.0,0.0,0.0,0.0,0.0,0.0,0.0,0.0,0.0,0.0,1.0,0.0,0.0,28.5422,0.6545017872196259,0.28684805557316456,0.0,0.0,0.0,0.0,0.0,0.0,0.0,0.0,0.0,0.0,0.0,0.0,0.0,0.0,0.0,,,,0.0,0.0,0.0,0.0,0.0,0.0
85aabe97be77ed6005b9d1d5463d30f98660c1f46bfbb7581f87fbd9b72484d1,60,current,Optimized Pattern Generator,dynamic_session,Dynamic Session Pattern Assignment,50,6,5,30,15.0,180,time_only_baseline,A0) Time Prior + Hungarian (Baseline),False,100,20,0.9295,0.025438263760679376,0.01114881065169591,0.9295,0.025438263760679376,0.01114881065169591,100.0,0.0,0.0,100.0,0.0,0.0,0.0,0.0,0.0,0.0,0.0,0.0,1.528400250765,0.16629251111646381,0.07288090636508829,415.3300000000001,9.082667125094,3.9806543773077028,1.8418405749980593,0.1524358657988934,0.06680796379453074,1.7403871465852716,0.14728288951730714,0.06454957236512483,0.0034080087469192223,0.00041123042390780903,0.00018022967972568748,0.0,0.0,0.0,0.09680616536643356,0.012633144687747535,0.005536719777113193,1.8406013206986245,0.15227348824346362,0.06673679869314633,1.7403871465852716,0.14728288951730714,0.06454957236512483,0.09680616536643356,0.012633144687747535,0.005536719777113193,0.0,0.0,0.0,100.0,0.0,0.0,0.0,0.0,0.0,0.0,0.0,0.0,0.0,0.0,0.0,0.0,0.0,0.0,1.0,0.0,0.0,0.0,0.0,0.0,0.0,0.0,0.0,0.0,0.0,0.0,0.0,0.0,0.0,1.0,0.0,0.0,6.585000000000001,0.3562007121952749,0.15611184519608468,0.0,0.0,0.0,0.0,0.0,0.0,0.0,0.0,0.0,0.0,0.0,0.0,0.0,0.0,0.0,,,,0.0,0.0,0.0,0.0,0.0,0.0
85aabe97be77ed6005b9d1d5463d30f98660c1f46bfbb7581f87fbd9b72484d1,60,current,Optimized Pattern Generator,dynamic_session,Dynamic Session Pattern Assignment,50,6,5,30,15.0,180,time_only_baseline,A0) Time Prior + Hungarian (Baseline),False,300,20,0.7901666666666667,0.021370444694314348,0.00936601034099377,0.7901666666666667,0.021370444694314348,0.00936601034099377,300.0,0.0,0.0,300.0,0.0,0.0,0.0,0.0,0.0,0.0,0.0,0.0,1.3627169340816665,0.08613848893240925,0.03775185727946815,420.8,5.764592467450706,2.5264440414813922,14.61888468944817,0.7220942700050146,0.3164717672832828,14.333302510285284,0.716268490050693,0.31391850664331833,0.015781788431922905,0.0022685885538065408,0.0009942527709807154,0.0,0.0,0.0,0.26567664512840566,0.036923434081769305,0.016182408479635462,14.614760943845614,0.721980216649852,0.3164217811964625,14.333302510285284,0.716268490050693,0.31391850664331833,0.26567664512840566,0.036923434081769305,0.016182408479635462,0.0,0.0,0.0,300.0,0.0,0.0,0.0,0.0,0.0,0.0,0.0,0.0,0.0,0.0,0.0,0.0,0.0,0.0,1.0,0.0,0.0,0.0,0.0,0.0,0.0,0.0,0.0,0.0,0.0,0.0,0.0,0.0,0.0,1.0,0.0,0.0,17.798166666666667,0.5146036628557569,0.22553499923670775,0.0,0.0,0.0,0.0,0.0,0.0,0.0,0.0,0.0,0.0,0.0,0.0,0.0,0.0,0.0,,,,0.0,0.0,0.0,0.0,0.0,0.0
85aabe97be77ed6005b9d1d5463d30f98660c1f46bfbb7581f87fbd9b72484d1,60,current,Optimized Pattern Generator,dynamic_session,Dynamic Session Pattern Assignment,50,6,5,30,15.0,180,time_only_baseline,A0) Time Prior + Hungarian (Baseline),False,500,20,0.6977999999999999,0.025537588395395334,0.011192341592168692,0.6977999999999999,0.025537588395395334,0.011192341592168692,500.0,0.0,0.0,500.0,0.0,0.0,0.0,0.0,0.0,0.0,0.0,0.0,1.1997902754390002,0.050173527953328884,0.021989518158227337,421.43500000000006,4.5099043052048495,1.9765527092975723,39.244500460408744,0.9091355694778566,0.39844623108663213,38.78463318529539,0.9107723611807282,0.3991635866791074,0.03312301115365699,0.0035181567215843224,0.0015419001666522277,0.0,0.0,0.0,0.41522125549963673,0.044751833750186605,0.01961335590710457,39.232977451948685,0.9088262300741867,0.398310657115426,38.78463318529539,0.9107723611807282,0.3991635866791074,0.41522125549963673,0.044751833750186605,0.01961335590710457,0.0,0.0,0.0,500.0,0.0,0.0,0.0,0.0,0.0,0.0,0.0,0.0,0.0,0.0,0.0,0.0,0.0,0.0,1.0,0.0,0.0,0.0,0.0,0.0,0.0,0.0,0.0,0.0,0.0,0.0,0.0,0.0,0.0,1.0,0.0,0.0,28.8899,0.5860858478521999,0.2568634481038311,0.0,0.0,0.0,0.0,0.0,0.0,0.0,0.0,0.0,0.0,0.0,0.0,0.0,0.0,0.0,,,,0.0,0.0,0.0,0.0,0.0,0.0
85aabe97be77ed6005b9d1d5463d30f98660c1f46bfbb7581f87fbd9b72484d1,60,current,Optimized Pattern Generator,dynamic_session,Dynamic Session Pattern Assignment,50,6,5,30,15.0,180,single_only,A1) Refined Cost + Greedy 1:1,True,100,20,0.9844999999999999,0.010500626547722618,0.004602102494341155,0.9844999999999999,0.010500626547722618,0.004602102494341155,100.0,0.0,0.0,100.0,0.0,0.0,0.0,0.0,0.0,0.0,0.0,0.0,1.134259987313095,0.07105742017007298,0.031142287473985376,415.3300000000001,9.082667125094,3.9806543773077028,2.3377762332966086,0.18782611070758237,0.08231842249234483,1.743982561043231,0.15866366440586915,0.06953741687746448,0.46900941253697964,0.03795234323937799,0.016633347800176137,0.0,0.0,0.0,0.12374809716711752,0.019426836063148153,0.008514186300888958,2.336740070747328,0.18771755104147173,0.08227084412090938,1.743982561043231,0.15866366440586915,0.06953741687746448,0.12374809716711752,0.019426836063148153,0.008514186300888958,0.0,0.0,0.0,100.0,0.0,0.0,0.0,0.0,0.0,0.0,0.0,0.0,0.0,0.0,0.0,0.0,0.0,0.0,1.0,0.0,0.0,0.0,0.0,0.0,0.0,0.0,0.0,0.0,0.0,0.0,0.0,0.0,0.0,1.0,0.0,0.0,6.585000000000001,0.3562007121952749,0.15611184519608468,0.0,0.0,0.0,0.0,0.0,0.0,0.0,0.0,0.0,0.0,0.0,0.0,0.0,0.0,0.0,,,,0.0,0.0,0.0,0.0,0.0,0.0
85aabe97be77ed6005b9d1d5463d30f98660c1f46bfbb7581f87fbd9b72484d1,60,current,Optimized Pattern Generator,dynamic_session,Dynamic Session Pattern Assignment,50,6,5,30,15.0,180,single_only,A1) Refined Cost + Greedy 1:1,True,300,20,0.9496666666666667,0.016855075415181678,0.007387062501269416,0.9496666666666667,0.016855075415181678,0.007387062501269416,300.0,0.0,0.0,300.0,0.0,0.0,0.0,0.0,0.0,0.0,0.0,0.0,1.1081310674172022,0.04999778448954711,0.02191249518923034,420.8,5.764592467450706,2.5264440414813922,18.620614062453388,0.7055068476161245,0.30920200889280297,14.469599205197301,0.5380636332426315,0.23581678458960378,3.873923907522112,0.18692049143540962,0.08192151734649966,0.0,0.0,0.0,0.2737436392257223,0.06761475368554817,0.029633472362466867,18.617266751945134,0.7053995495250565,0.30915498343100806,14.469599205197301,0.5380636332426315,0.23581678458960378,0.2737436392257223,0.06761475368554817,0.029633472362466867,0.0,0.0,0.0,300.0,0.0,0.0,0.0,0.0,0.0,0.0,0.0,0.0,0.0,0.0,0.0,0.0,0.0,0.0,1.0,0.0,0.0,0.0,0.0,0.0,0.0,0.0,0.0,0.0,0.0,0.0,0.0,0.0,0.0,1.0,0.0,0.0,17.798166666666667,0.5146036628557569,0.22553499923670775,0.0,0.0,0.0,0.0,0.0,0.0,0.0,0.0,0.0,0.0,0.0,0.0,0.0,0.0,0.0,,,,0.0,0.0,0.0,0.0,0.0,0.0
85aabe97be77ed6005b9d1d5463d30f98660c1f46bfbb7581f87fbd9b72484d1,60,current,Optimized Pattern Generator,dynamic_session,Dynamic Session Pattern Assignment,50,6,5,30,15.0,180,single_only,A1) Refined Cost + Greedy 1:1,True,500,20,0.9340999999999999,0.010944356873221022,0.004796575883953693,0.9340999999999999,0.010944356873221022,0.004796575883953693,500.0,0.0,0.0,500.0,0.0,0.0,0.0,0.0,0.0,0.0,0.0,0.0,1.094515479372053,0.04270027721083009,0.018714221610294235,421.43500000000006,4.5099043052048495,1.9765527092975723,49.62262825619837,1.0136503457582577,0.4442518513921994,39.018006220943064,0.8090955007098826,0.35460173781579923,10.159026684897253,0.2098447030556874,0.09196849606715186,0.0,0.0,0.0,0.42774635246896653,0.045680280068643456,0.02002026544708424,49.60477925830928,1.0140037565440438,0.4444067404982353,39.018006220943064,0.8090955007098826,0.35460173781579923,0.42774635246896653,0.045680280068643456,0.02002026544708424,0.0,0.0,0.0,500.0,0.0,0.0,0.0,0.0,0.0,0.0,0.0,0.0,0.0,0.0,0.0,0.0,0.0,0.0,1.0,0.0,0.0,0.0,0.0,0.0,0.0,0.0,0.0,0.0,0.0,0.0,0.0,0.0,0.0,1.0,0.0,0.0,28.8899,0.5860858478521999,0.2568634481038311,0.0,0.0,0.0,0.0,0.0,0.0,0.0,0.0,0.0,0.0,0.0,0.0,0.0,0.0,0.0,,,,0.0,0.0,0.0,0.0,0.0,0.0
85aabe97be77ed6005b9d1d5463d30f98660c1f46bfbb7581f87fbd9b72484d1,60,current,Optimized Pattern Generator,dynamic_session,Dynamic Session Pattern Assignment,50,6,5,30,15.0,180,nomura_original_interval_hungarian,A2) Corr+DTW + Hungarian,False,100,20,0.9514999999999999,0.01980829172474575,0.008681366615676898,0.9514999999999999,0.01980829172474575,0.008681366615676898,100.0,0.0,0.0,100.0,0.0,0.0,0.0,0.0,0.0,0.0,0.0,0.0,0.08877056677098133,0.008060997155739281,0.0035328877709064357,415.3300000000001,9.082667125094,3.9806543773077028,2.9934116938500663,0.22189763583609398,0.0972509267640959,1.7184416381787742,0.1406369124271849,0.06163684448124259,1.1644408158841544,0.1148887774498873,0.050352226781039414,0.0,0.0,0.0,0.10950578334159218,0.05296559038371683,0.023213193471014398,2.9923882374045205,0.22183038504260302,0.09722145280432173,1.7184416381787742,0.1406369124271849,0.06163684448124259,0.10950578334159218,0.05296559038371683,0.023213193471014398,0.0,0.0,0.0,100.0,0.0,0.0,0.0,0.0,0.0,0.0,0.0,0.0,0.0,0.0,0.0,0.0,0.0,0.0,1.0,0.0,0.0,0.0,0.0,0.0,0.0,0.0,0.0,0.0,0.0,0.0,0.0,0.0,0.0,1.0,0.0,0.0,6.585000000000001,0.3562007121952749,0.15611184519608468,0.0,0.0,0.0,0.0,0.0,0.0,0.0,0.0,0.0,0.0,0.0,0.0,0.0,0.0,0.0,,,,0.0,0.0,0.0,0.0,0.0,0.0
85aabe97be77ed6005b9d1d5463d30f98660c1f46bfbb7581f87fbd9b72484d1,60,current,Optimized Pattern Generator,dynamic_session,Dynamic Session Pattern Assignment,50,6,5,30,15.0,180,nomura_original_interval_hungarian,A2) Corr+DTW + Hungarian,False,300,20,0.9118333333333334,0.0122103876781805,0.0053514383484873345,0.9118333333333334,0.0122103876781805,0.0053514383484873345,300.0,0.0,0.0,300.0,0.0,0.0,0.0,0.0,0.0,0.0,0.0,0.0,0.09020928835873647,0.004080642481588006,0.0017884204202180264,420.8,5.764592467450706,2.5264440414813922,24.334257825047825,0.8506643473151521,0.3728200880999054,14.682981875326368,0.5851927808880043,0.2564720442495126,9.36985718376818,0.33797234697071066,0.1481229118989642,0.0,0.0,0.0,0.2764127471571555,0.06476649521123529,0.028385168047520393,24.329251806251705,0.8504375291236729,0.372720680644548,14.682981875326368,0.5851927808880043,0.2564720442495126,0.2764127471571555,0.06476649521123529,0.028385168047520393,0.0,0.0,0.0,300.0,0.0,0.0,0.0,0.0,0.0,0.0,0.0,0.0,0.0,0.0,0.0,0.0,0.0,0.0,1.0,0.0,0.0,0.0,0.0,0.0,0.0,0.0,0.0,0.0,0.0,0.0,0.0,0.0,0.0,1.0,0.0,0.0,17.798166666666667,0.5146036628557569,0.22553499923670775,0.0,0.0,0.0,0.0,0.0,0.0,0.0,0.0,0.0,0.0,0.0,0.0,0.0,0.0,0.0,,,,0.0,0.0,0.0,0.0,0.0,0.0
85aabe97be77ed6005b9d1d5463d30f98660c1f46bfbb7581f87fbd9b72484d1,60,current,Optimized Pattern Generator,dynamic_session,Dynamic Session Pattern Assignment,50,6,5,30,15.0,180,nomura_original_interval_hungarian,A2) Corr+DTW + Hungarian,False,500,20,0.8968,0.015250884357446651,0.006683994771486827,0.8968,0.015250884357446651,0.006683994771486827,500.0,0.0,0.0,500.0,0.0,0.0,0.0,0.0,0.0,0.0,0.0,0.0,0.08798638734642558,0.003922502331554955,0.0017191124436306262,421.43500000000006,4.5099043052048495,1.9765527092975723,64.228188041682,1.423577172321611,0.6239102043914987,39.37550290268264,0.9000834869674457,0.3944789810077139,24.401244196324843,0.5270601639788994,0.23099430155824502,0.0,0.0,0.0,0.43340017814480236,0.05393972459825497,0.023640126614305864,64.21014727715229,1.4207625501938341,0.6226766418553965,39.37550290268264,0.9000834869674457,0.3944789810077139,0.43340017814480236,0.05393972459825497,0.023640126614305864,0.0,0.0,0.0,500.0,0.0,0.0,0.0,0.0,0.0,0.0,0.0,0.0,0.0,0.0,0.0,0.0,0.0,0.0,1.0,0.0,0.0,0.0,0.0,0.0,0.0,0.0,0.0,0.0,0.0,0.0,0.0,0.0,0.0,1.0,0.0,0.0,28.8899,0.5860858478521999,0.2568634481038311,0.0,0.0,0.0,0.0,0.0,0.0,0.0,0.0,0.0,0.0,0.0,0.0,0.0,0.0,0.0,,,,0.0,0.0,0.0,0.0,0.0,0.0
85aabe97be77ed6005b9d1d5463d30f98660c1f46bfbb7581f87fbd9b72484d1,60,current,Optimized Pattern Generator,dynamic_session,Dynamic Session Pattern Assignment,50,6,5,30,15.0,180,bayesian_windowed,A3) Bayesian Posterior + Hungarian + Lock,False,100,20,0.9945,0.0060480531882929995,0.0026506761798692664,0.9945,0.0060480531882929995,0.0026506761798692664,100.0,0.0,0.0,100.0,0.0,0.0,0.0,0.0,0.0,0.0,0.0,0.0,0.148939363723876,0.018488269510084875,0.008102841372533757,415.3300000000001,9.082667125094,3.9806543773077028,2.2869827770860867,0.17039004348399758,0.07467672910419527,1.735727705078898,0.15015013384648498,0.06580619759784075,0.45789274843700695,0.06452449795663515,0.02827910807443616,0.0,0.0,0.0,0.09221084438322577,0.008645022721187598,0.003788848260434713,2.2858312978991306,0.17022705330650637,0.0746052955093544,1.735727705078898,0.15015013384648498,0.06580619759784075,0.09221084438322577,0.008645022721187598,0.003788848260434713,0.0,0.0,0.0,100.0,0.0,0.0,0.0,0.0,0.0,0.0,0.0,0.0,0.0,0.0,0.0,0.0,0.0,0.0,1.0,0.0,0.0,0.0,0.0,0.0,0.0,0.0,0.0,0.0,0.0,0.0,0.0,0.0,0.0,1.0,0.0,0.0,6.585000000000001,0.3562007121952749,0.15611184519608468,0.0,0.0,0.0,0.0,0.0,0.0,0.0,0.0,0.0,0.0,0.0,0.0,0.0,0.0,0.0,,,,0.0,0.0,0.0,0.0,0.0,0.0
85aabe97be77ed6005b9d1d5463d30f98660c1f46bfbb7581f87fbd9b72484d1,60,current,Optimized Pattern Generator,dynamic_session,Dynamic Session Pattern Assignment,50,6,5,30,15.0,180,bayesian_windowed,A3) Bayesian Posterior + Hungarian + Lock,False,300,20,0.9745000000000001,0.011761519176251558,0.005154713053766099,0.9745000000000001,0.011761519176251558,0.005154713053766099,300.0,0.0,0.0,300.0,0.0,0.0,0.0,0.0,0.0,0.0,0.0,0.0,0.38279098924976596,0.0388422677143505,0.01702337439786849,420.8,5.764592467450706,2.5264440414813922,18.2127916397003,0.6317252406998554,0.2768657939362295,14.511687225708737,0.5260270284572472,0.2305415099519937,3.4316627911670365,0.1405622309176176,0.061604113866559854,0.0,0.0,0.0,0.2639784704748308,0.03678559641990212,0.016121998460803706,18.207328487350605,0.6318720431069224,0.2769301329278761,14.511687225708737,0.5260270284572472,0.2305415099519937,0.2639784704748308,0.03678559641990212,0.016121998460803706,0.0,0.0,0.0,300.0,0.0,0.0,0.0,0.0,0.0,0.0,0.0,0.0,0.0,0.0,0.0,0.0,0.0,0.0,1.0,0.0,0.0,0.0,0.0,0.0,0.0,0.0,0.0,0.0,0.0,0.0,0.0,0.0,0.0,1.0,0.0,0.0,17.798166666666667,0.5146036628557569,0.22553499923670775,0.0,0.0,0.0,0.0,0.0,0.0,0.0,0.0,0.0,0.0,0.0,0.0,0.0,0.0,0.0,,,,0.0,0.0,0.0,0.0,0.0,0.0
85aabe97be77ed6005b9d1d5463d30f98660c1f46bfbb7581f87fbd9b72484d1,60,current,Optimized Pattern Generator,dynamic_session,Dynamic Session Pattern Assignment,50,6,5,30,15.0,180,bayesian_windowed,A3) Bayesian Posterior + Hungarian + Lock,False,500,20,0.9625000000000001,0.0100498756211209,0.004404552190631873,0.9625000000000001,0.0100498756211209,0.004404552190631873,500.0,0.0,0.0,500.0,0.0,0.0,0.0,0.0,0.0,0.0,0.0,0.0,0.5775262920645485,0.03707570756428177,0.016249145275816886,421.43500000000006,4.5099043052048495,1.9765527092975723,48.34303414990427,1.1190679475922547,0.49045315244246085,38.90087298418803,0.913818004760216,0.4004983988305856,8.986867886813707,0.20880440108049234,0.09151256362415383,0.0,0.0,0.0,0.44060424354975114,0.0943013975546342,0.04132940971985732,48.32834511455148,1.1166979403807942,0.48941445098499076,38.90087298418803,0.913818004760216,0.4004983988305856,0.44060424354975114,0.0943013975546342,0.04132940971985732,0.0,0.0,0.0,500.0,0.0,0.0,0.0,0.0,0.0,0.0,0.0,0.0,0.0,0.0,0.0,0.0,0.0,0.0,1.0,0.0,0.0,0.0,0.0,0.0,0.0,0.0,0.0,0.0,0.0,0.0,0.0,0.0,0.0,1.0,0.0,0.0,28.8899,0.5860858478521999,0.2568634481038311,0.0,0.0,0.0,0.0,0.0,0.0,0.0,0.0,0.0,0.0,0.0,0.0,0.0,0.0,0.0,,,,0.0,0.0,0.0,0.0,0.0,0.0
