run_id,config_hash,scenario_id,scenario_seed,algo_seed,seed,repeat_idx,ev_count,evse_count,tau_s,charger_sample_s,ev_sample_s,matcher_delay_max_s,candidate_margin_s,pattern_mode,pattern_mode_label,pattern_assignment_mode,pattern_assignment_mode_label,pattern_unique_count,command_step_count,window_s,scenario_hash,codebook_unique_patterns,codebook_pairwise_l1_min_a,codebook_pairwise_l1_mean_a,codebook_internal_gap_min_a,codebook_consec_step_min_a,codebook_terminal_branch,codebook_ladder_rungs,codebook_setpoint_lo_a,codebook_setpoint_hi_a,ingest_seed,ingestion_signature_sha256,ingestion_signature_match_ref,algorithm_id,algorithm_label,is_current,requested_evs,admitted_evs,blocked_evs,blocked_ratio,total_evs,correct,unmatched,accuracy,accuracy_requested,avg_cost,max_cost,avg_latency_s,p90_latency_s,assignment_runtime_s,window_watermark_count,session_end_before_watermark_count,session_end_fallback_count,timeline_end_fallback_count,fallback_finalized_count,window_watermark_ratio,session_end_before_watermark_ratio,session_end_fallback_ratio,timeline_end_fallback_ratio,fallback_finalized_ratio,gt_in_candidates_ratio,avg_candidates_per_ev,no_candidate_rows_total,fallback_to_all_rows_total,gt_recovered_by_fallback_count,no_candidate_rows_ratio,fallback_to_all_rows_ratio,gt_recovered_by_fallback_ratio,candidate_query_lead_max_s,candidate_future_query_violation_count,runtime_s_candidate_build,runtime_s_assignment,runtime_s_fallback,runtime_s_other,runtime_s_total,runtime_s_cost,runtime_s_loop
20260909_112655_937821,3f2b5a8fb3fffdab239693207bcaa7d708d20a0bb6324163a8c1741f478b736b,1,2187632392,1233724836,2187632392,1,100,50,60,5,30,10.0,120,current,Optimized Pattern Generator,dynamic_session,Dynamic Session Pattern Assignment,50,6,360,cfe39e2dc1b283972ccb70d52afae3c544f5be6666bed08a375680cb9f51068c,50,7.0,44.304489795918364,1.0,1.0,True,20,6,30,3699990486,6e1e52f9899839abfa4ab784a030c8e840679e4f6a1946c060185c5d9e023b46,True,single_only,A1) Refined Cost + Greedy 1:1,True,100,100,0,0.0,100,99,0,0.99,0.99,0.9138372907979874,2.1763953983170263,378.1,395.1,6.053836166014662,100,0,0,0,0,1.0,0.0,0.0,0.0,0.0,1.0,6.2,0.0,0.0,0.0,0.0,0.0,,0.0,0.0,4.797717578039737,1.0013426262012217,0.0,0.25383929573581554,6.052899499976775,4.797717578039737,0.25383929573581554
20260909_112655_937821,3f2b5a8fb3fffdab239693207bcaa7d708d20a0bb6324163a8c1741f478b736b,1,2187632392,1545686430,2187632392,1,100,50,60,5,30,10.0,120,current,Optimized Pattern Generator,dynamic_session,Dynamic Session Pattern Assignment,50,6,360,cfe39e2dc1b283972ccb70d52afae3c544f5be6666bed08a375680cb9f51068c,50,7.0,44.304489795918364,1.0,1.0,True,20,6,30,3699990486,6e1e52f9899839abfa4ab784a030c8e840679e4f6a1946c060185c5d9e023b46,True,single_only_dtw_off,A1 Ablation) DTW Off,False,100,100,0,0.0,100,98,0,0.98,0.98,0.8383669033666667,2.016667036666667,378.1,395.1,6.201583791000303,100,0,0,0,0,1.0,0.0,0.0,0.0,0.0,1.0,6.2,0.0,0.0,0.0,0.0,0.0,,0.0,0.0,4.89518350182334,1.0403282510815188,0.0,0.2646677880838979,6.200179540988756,4.89518350182334,0.2646677880838979
20260909_112655_937821,3f2b5a8fb3fffdab239693207bcaa7d708d20a0bb6324163a8c1741f478b736b,1,2187632392,866312302,2187632392,1,100,50,60,5,30,10.0,120,current,Optimized Pattern Generator,dynamic_session,Dynamic Session Pattern Assignment,50,6,360,cfe39e2dc1b283972ccb70d52afae3c544f5be6666bed08a375680cb9f51068c,50,7.0,44.304489795918364,1.0,1.0,True,20,6,30,3699990486,6e1e52f9899839abfa4ab784a030c8e840679e4f6a1946c060185c5d9e023b46,True,single_only_step_off,A1 Ablation) Step Signature Off,False,100,100,0,0.0,100,100,0,1.0,1.0,0.06980686550353342,0.2507400370572347,378.1,395.1,6.280749124998692,100,0,0,0,0,1.0,0.0,0.0,0.0,0.0,1.0,6.2,0.0,0.0,0.0,0.0,0.0,,0.0,0.0,4.943733502092073,1.0684761580487248,0.0,0.2676286318746861,6.279838292015484,4.943733502092073,0.2676286318746861
20260909_112655_937821,3f2b5a8fb3fffdab239693207bcaa7d708d20a0bb6324163a8c1741f478b736b,1,2187632392,1815193658,2187632392,1,100,50,60,5,30,10.0,120,current,Optimized Pattern Generator,dynamic_session,Dynamic Session Pattern Assignment,50,6,360,cfe39e2dc1b283972ccb70d52afae3c544f5be6666bed08a375680cb9f51068c,50,7.0,44.304489795918364,1.0,1.0,True,20,6,30,3699990486,6e1e52f9899839abfa4ab784a030c8e840679e4f6a1946c060185c5d9e023b46,True,single_only_all_off,A1 Ablation) All Waveform Terms Off,False,100,100,0,0.0,100,92,0,0.92,0.92,1.2360002426,7.300000460000001,378.1,395.1,5.109855709015392,100,0,0,0,0,1.0,0.0,0.0,0.0,0.0,1.0,6.2,0.0,0.0,0.0,0.0,0.0,,0.0,0.0,4.83013408491388,0.007791043986799195,0.0,0.2707849121070467,5.1087100410077255,4.83013408491388,0.2707849121070467
20260909_112655_937821,3f2b5a8fb3fffdab239693207bcaa7d708d20a0bb6324163a8c1741f478b736b,1,2187632392,2184921377,2187632392,1,100,50,60,5,30,10.0,120,current,Optimized Pattern Generator,dynamic_session,Dynamic Session Pattern Assignment,50,6,360,cfe39e2dc1b283972ccb70d52afae3c544f5be6666bed08a375680cb9f51068c,50,7.0,44.304489795918364,1.0,1.0,True,20,6,30,3699990486,6e1e52f9899839abfa4ab784a030c8e840679e4f6a1946c060185c5d9e023b46,True,nomura_original_interval_hungarian,A2) Corr+DTW + Hungarian,False,100,100,0,0.0,100,100,0,1.0,1.0,0.05937839793575362,0.20985278951316094,378.1,395.1,8.711781916994369,100,0,0,0,0,1.0,0.0,0.0,0.0,0.0,1.0,6.2,0.0,0.0,0.0,0.0,0.0,,0.0,0.0,5.648426119063515,2.780454838910373,0.0,0.2813555420434568,8.710236500017345,5.648426119063515,0.2813555420434568
20260909_112655_937821,3f2b5a8fb3fffdab239693207bcaa7d708d20a0bb6324163a8c1741f478b736b,1,2187632392,2176353867,2187632392,1,100,50,60,5,30,10.0,120,current,Optimized Pattern Generator,dynamic_session,Dynamic Session Pattern Assignment,50,6,360,cfe39e2dc1b283972ccb70d52afae3c544f5be6666bed08a375680cb9f51068c,50,7.0,44.304489795918364,1.0,1.0,True,20,6,30,3699990486,6e1e52f9899839abfa4ab784a030c8e840679e4f6a1946c060185c5d9e023b46,True,nomura_original_interval_hungarian_dtw_off,A2 Ablation) DTW Off (Corr-only),False,100,100,0,0.0,100,100,0,1.0,1.0,0.05937839793575362,0.20985278951316094,378.1,395.1,8.811556750006275,100,0,0,0,0,1.0,0.0,0.0,0.0,0.0,1.0,6.2,0.0,0.0,0.0,0.0,0.0,,0.0,0.0,5.670081626041792,2.868355376034742,0.0,0.2715893729182426,8.810026374994777,5.670081626041792,0.2715893729182426
20260909_112655_937821,3f2b5a8fb3fffdab239693207bcaa7d708d20a0bb6324163a8c1741f478b736b,1,2187632392,1055930919,2187632392,1,100,50,60,5,30,10.0,120,current,Optimized Pattern Generator,dynamic_session,Dynamic Session Pattern Assignment,50,6,360,cfe39e2dc1b283972ccb70d52afae3c544f5be6666bed08a375680cb9f51068c,50,7.0,44.304489795918364,1.0,1.0,True,20,6,30,3699990486,6e1e52f9899839abfa4ab784a030c8e840679e4f6a1946c060185c5d9e023b46,True,nomura_original_interval_hungarian_corr_off,A2 Ablation) Corr Off (DTW-only),False,100,100,0,0.0,100,100,0,1.0,1.0,2.3749999999999998e-07,4.9e-07,378.1,395.1,8.745431957999244,100,0,0,0,0,1.0,0.0,0.0,0.0,0.0,1.0,6.2,0.0,0.0,0.0,0.0,0.0,,0.0,0.0,5.640006745670689,2.7713595846726093,0.0,0.3331507946422789,8.744517124985578,5.640006745670689,0.3331507946422789
20260909_112655_937821,3f2b5a8fb3fffdab239693207bcaa7d708d20a0bb6324163a8c1741f478b736b,1,2187632392,542446156,2187632392,1,100,50,60,5,30,10.0,120,current,Optimized Pattern Generator,dynamic_session,Dynamic Session Pattern Assignment,50,6,360,cfe39e2dc1b283972ccb70d52afae3c544f5be6666bed08a375680cb9f51068c,50,7.0,44.304489795918364,1.0,1.0,True,20,6,30,3699990486,6e1e52f9899839abfa4ab784a030c8e840679e4f6a1946c060185c5d9e023b46,True,nomura_original_interval_hungarian_all_off,A2 Ablation) All Waveform Terms Off,False,100,100,0,0.0,100,92,0,0.92,0.92,1.2360002426,7.300000460000001,378.1,395.1,5.928536833001999,100,0,0,0,0,1.0,0.0,0.0,0.0,0.0,1.0,6.2,0.0,0.0,0.0,0.0,0.0,,0.0,0.0,5.562184125912609,0.008029703923966736,0.0,0.3571249611850362,5.9273387910216115,5.562184125912609,0.3571249611850362
20260909_112655_937821,3f2b5a8fb3fffdab239693207bcaa7d708d20a0bb6324163a8c1741f478b736b,1,2187632392,1367392829,2187632392,1,100,50,60,5,30,10.0,120,current,Optimized Pattern Generator,dynamic_session,Dynamic Session Pattern Assignment,50,6,360,cfe39e2dc1b283972ccb70d52afae3c544f5be6666bed08a375680cb9f51068c,50,7.0,44.304489795918364,1.0,1.0,True,20,6,30,3699990486,6e1e52f9899839abfa4ab784a030c8e840679e4f6a1946c060185c5d9e023b46,True,bayesian_windowed,A3) Two-Stage Bayesian Posterior + Hungarian,False,100,100,0,0.0,100,100,0,1.0,1.0,0.16167870217736147,0.884408819479785,378.1,395.1,6.903337915980956,100,0,0,0,0,1.0,0.0,0.0,0.0,0.0,1.0,6.2,0.0,0.0,0.0,0.0,0.0,,0.0,0.0,5.563483920850558,1.037177753081778,0.0,0.3017736590700224,6.902435333002359,5.563483920850558,0.3017736590700224
20260909_112655_937821,3f2b5a8fb3fffdab239693207bcaa7d708d20a0bb6324163a8c1741f478b736b,1,2187632392,1977915819,2187632392,1,100,50,60,5,30,10.0,120,current,Optimized Pattern Generator,dynamic_session,Dynamic Session Pattern Assignment,50,6,360,cfe39e2dc1b283972ccb70d52afae3c544f5be6666bed08a375680cb9f51068c,50,7.0,44.304489795918364,1.0,1.0,True,20,6,30,3699990486,6e1e52f9899839abfa4ab784a030c8e840679e4f6a1946c060185c5d9e023b46,True,bayesian_windowed_memory_off,A3 Ablation) Posterior Memory Off,False,100,100,0,0.0,100,100,0,1.0,1.0,0.30192914582991254,1.2633254465801753,378.1,395.1,6.595282458001748,100,0,0,0,0,1.0,0.0,0.0,0.0,0.0,1.0,6.2,0.0,0.0,0.0,0.0,0.0,,0.0,0.0,5.26057661397499,1.0289399990288075,0.0,0.3048453450028319,6.59436195800663,5.26057661397499,0.3048453450028319
20260909_112655_937821,3f2b5a8fb3fffdab239693207bcaa7d708d20a0bb6324163a8c1741f478b736b,1,2187632392,2395032859,2187632392,1,100,50,60,5,30,10.0,120,current,Optimized Pattern Generator,dynamic_session,Dynamic Session Pattern Assignment,50,6,360,cfe39e2dc1b283972ccb70d52afae3c544f5be6666bed08a375680cb9f51068c,50,7.0,44.304489795918364,1.0,1.0,True,20,6,30,3699990486,6e1e52f9899839abfa4ab784a030c8e840679e4f6a1946c060185c5d9e023b46,True,bayesian_windowed_timeprior_off,A3 Ablation) Time Prior Off,False,100,100,0,0.0,100,100,0,1.0,1.0,0.16417388096776114,0.9417465895899259,378.1,395.1,6.339051624992862,100,0,0,0,0,1.0,0.0,0.0,0.0,0.0,1.0,6.2,0.0,0.0,0.0,0.0,0.0,,0.0,0.0,5.078525123128202,0.977132581960177,0.0,0.2824557949206792,6.338113500009058,5.078525123128202,0.2824557949206792
20260909_112655_937821,3f2b5a8fb3fffdab239693207bcaa7d708d20a0bb6324163a8c1741f478b736b,1,2187632392,433795949,2187632392,1,100,50,60,5,30,10.0,120,current,Optimized Pattern Generator,dynamic_session,Dynamic Session Pattern Assignment,50,6,360,cfe39e2dc1b283972ccb70d52afae3c544f5be6666bed08a375680cb9f51068c,50,7.0,44.304489795918364,1.0,1.0,True,20,6,30,3699990486,6e1e52f9899839abfa4ab784a030c8e840679e4f6a1946c060185c5d9e023b46,True,bayesian_windowed_all_off,A3 Ablation) Time Prior + Memory Off,False,100,100,0,0.0,100,99,0,0.99,0.99,0.3026897153392844,1.2333985483368088,378.1,395.1,6.1834939580003265,100,0,0,0,0,1.0,0.0,0.0,0.0,0.0,1.0,6.2,0.0,0.0,0.0,0.0,0.0,,0.0,0.0,4.959138874837663,0.949668790854048,0.0,0.27372833428671584,6.182535999978427,4.959138874837663,0.27372833428671584
20260909_112655_937821,3f2b5a8fb3fffdab239693207bcaa7d708d20a0bb6324163a8c1741f478b736b,2,2187632393,1233724837,2187632393,2,100,50,60,5,30,10.0,120,current,Optimized Pattern Generator,dynamic_session,Dynamic Session Pattern Assignment,50,6,360,fb5c332cb7a6683e9f9251bb983c8b2a04a56e400c3818e4850e8285c92369eb,50,6.0,42.79020408163265,1.0,1.0,True,20,6,30,3699990487,a1dd687407b1c00c847470264d01c3c4ddea6db7c279495c5d09203e0e5fe962,True,single_only,A1) Refined Cost + Greedy 1:1,True,100,100,0,0.0,100,99,0,0.99,0.99,0.8877959234745327,2.035601529014466,379.16,403.6,6.1174615409981925,100,0,0,0,0,1.0,0.0,0.0,0.0,0.0,1.0,6.05,0.0,0.0,0.0,0.0,0.0,,0.0,0.0,4.809388037858298,1.036014541197801,0.0,0.27040771293104626,6.115810291987145,4.809388037858298,0.27040771293104626
20260909_112655_937821,3f2b5a8fb3fffdab239693207bcaa7d708d20a0bb6324163a8c1741f478b736b,2,2187632393,1545686431,2187632393,2,100,50,60,5,30,10.0,120,current,Optimized Pattern Generator,dynamic_session,Dynamic Session Pattern Assignment,50,6,360,fb5c332cb7a6683e9f9251bb983c8b2a04a56e400c3818e4850e8285c92369eb,50,6.0,42.79020408163265,1.0,1.0,True,20,6,30,3699990487,a1dd687407b1c00c847470264d01c3c4ddea6db7c279495c5d09203e0e5fe962,True,single_only_dtw_off,A1 Ablation) DTW Off,False,100,100,0,0.0,100,99,0,0.99,0.99,0.8187335955333332,1.9666669466666669,379.16,403.6,6.04833150000195,100,0,0,0,0,1.0,0.0,0.0,0.0,0.0,1.0,6.05,0.0,0.0,0.0,0.0,0.0,,0.0,0.0,4.762640787026612,1.0157330431393348,0.0,0.268463503831299,6.046837333997246,4.762640787026612,0.268463503831299
20260909_112655_937821,3f2b5a8fb3fffdab239693207bcaa7d708d20a0bb6324163a8c1741f478b736b,2,2187632393,866312303,2187632393,2,100,50,60,5,30,10.0,120,current,Optimized Pattern Generator,dynamic_session,Dynamic Session Pattern Assignment,50,6,360,fb5c332cb7a6683e9f9251bb983c8b2a04a56e400c3818e4850e8285c92369eb,50,6.0,42.79020408163265,1.0,1.0,True,20,6,30,3699990487,a1dd687407b1c00c847470264d01c3c4ddea6db7c279495c5d09203e0e5fe962,True,single_only_step_off,A1 Ablation) Step Signature Off,False,100,100,0,0.0,100,100,0,1.0,1.0,0.06563840912169644,0.2957742144693421,379.16,403.6,6.062975666980492,100,0,0,0,0,1.0,0.0,0.0,0.0,0.0,1.0,6.05,0.0,0.0,0.0,0.0,0.0,,0.0,0.0,4.786599212064175,1.006460006145062,0.0,0.2683056977984961,6.061364916007733,4.786599212064175,0.2683056977984961
20260909_112655_937821,3f2b5a8fb3fffdab239693207bcaa7d708d20a0bb6324163a8c1741f478b736b,2,2187632393,1815193659,2187632393,2,100,50,60,5,30,10.0,120,current,Optimized Pattern Generator,dynamic_session,Dynamic Session Pattern Assignment,50,6,360,fb5c332cb7a6683e9f9251bb983c8b2a04a56e400c3818e4850e8285c92369eb,50,6.0,42.79020408163265,1.0,1.0,True,20,6,30,3699990487,a1dd687407b1c00c847470264d01c3c4ddea6db7c279495c5d09203e0e5fe962,True,single_only_all_off,A1 Ablation) All Waveform Terms Off,False,100,100,0,0.0,100,93,0,0.93,0.93,1.4160002655000001,8.00000005,379.16,403.6,4.997853750013746,100,0,0,0,0,1.0,0.0,0.0,0.0,0.0,1.0,6.05,0.0,0.0,0.0,0.0,0.0,,0.0,0.0,4.716541914851405,0.007377124973572791,0.0,0.2729388771695085,4.996857916994486,4.716541914851405,0.2729388771695085
20260909_112655_937821,3f2b5a8fb3fffdab239693207bcaa7d708d20a0bb6324163a8c1741f478b736b,2,2187632393,2184921376,2187632393,2,100,50,60,5,30,10.0,120,current,Optimized Pattern Generator,dynamic_session,Dynamic Session Pattern Assignment,50,6,360,fb5c332cb7a6683e9f9251bb983c8b2a04a56e400c3818e4850e8285c92369eb,50,6.0,42.79020408163265,1.0,1.0,True,20,6,30,3699990487,a1dd687407b1c00c847470264d01c3c4ddea6db7c279495c5d09203e0e5fe962,True,nomura_original_interval_hungarian,A2) Corr+DTW + Hungarian,False,100,100,0,0.0,100,100,0,1.0,1.0,0.06006102987212227,0.16237124952691942,379.16,403.6,7.500688874977641,100,0,0,0,0,1.0,0.0,0.0,0.0,0.0,1.0,6.05,0.0,0.0,0.0,0.0,0.0,,0.0,0.0,4.790051081974525,2.4725495809689164,0.0,0.23715462905238383,7.499755291995825,4.790051081974525,0.23715462905238383
20260909_112655_937821,3f2b5a8fb3fffdab239693207bcaa7d708d20a0bb6324163a8c1741f478b736b,2,2187632393,2176353866,2187632393,2,100,50,60,5,30,10.0,120,current,Optimized Pattern Generator,dynamic_session,Dynamic Session Pattern Assignment,50,6,360,fb5c332cb7a6683e9f9251bb983c8b2a04a56e400c3818e4850e8285c92369eb,50,6.0,42.79020408163265,1.0,1.0,True,20,6,30,3699990487,a1dd687407b1c00c847470264d01c3c4ddea6db7c279495c5d09203e0e5fe962,True,nomura_original_interval_hungarian_dtw_off,A2 Ablation) DTW Off (Corr-only),False,100,100,0,0.0,100,100,0,1.0,1.0,0.0595371620704012,0.16237124952691942,379.16,403.6,7.517178374982905,100,0,0,0,0,1.0,0.0,0.0,0.0,0.0,1.0,6.05,0.0,0.0,0.0,0.0,0.0,,0.0,0.0,4.778019786957884,2.469811669870978,0.0,0.26841896018595435,7.516250417014817,4.778019786957884,0.26841896018595435
20260909_112655_937821,3f2b5a8fb3fffdab239693207bcaa7d708d20a0bb6324163a8c1741f478b736b,2,2187632393,1055930918,2187632393,2,100,50,60,5,30,10.0,120,current,Optimized Pattern Generator,dynamic_session,Dynamic Session Pattern Assignment,50,6,360,fb5c332cb7a6683e9f9251bb983c8b2a04a56e400c3818e4850e8285c92369eb,50,6.0,42.79020408163265,1.0,1.0,True,20,6,30,3699990487,a1dd687407b1c00c847470264d01c3c4ddea6db7c279495c5d09203e0e5fe962,True,nomura_original_interval_hungarian_corr_off,A2 Ablation) Corr Off (DTW-only),False,100,100,0,0.0,100,99,0,0.99,0.99,2.6050000000000004e-07,4.9e-07,379.16,403.6,7.530549208982848,100,0,0,0,0,1.0,0.0,0.0,0.0,0.0,1.0,6.05,0.0,0.0,0.0,0.0,0.0,,0.0,0.0,4.789471211202908,2.467689708835678,0.0,0.2724109549599234,7.52957187499851,4.789471211202908,0.2724109549599234
20260909_112655_937821,3f2b5a8fb3fffdab239693207bcaa7d708d20a0bb6324163a8c1741f478b736b,2,2187632393,542446157,2187632393,2,100,50,60,5,30,10.0,120,current,Optimized Pattern Generator,dynamic_session,Dynamic Session Pattern Assignment,50,6,360,fb5c332cb7a6683e9f9251bb983c8b2a04a56e400c3818e4850e8285c92369eb,50,6.0,42.79020408163265,1.0,1.0,True,20,6,30,3699990487,a1dd687407b1c00c847470264d01c3c4ddea6db7c279495c5d09203e0e5fe962,True,nomura_original_interval_hungarian_all_off,A2 Ablation) All Waveform Terms Off,False,100,100,0,0.0,100,93,0,0.93,0.93,1.4160002655000001,8.00000005,379.16,403.6,4.987776833004318,100,0,0,0,0,1.0,0.0,0.0,0.0,0.0,1.0,6.05,0.0,0.0,0.0,0.0,0.0,,0.0,0.0,4.70698012621142,0.007278251083334908,0.0,0.2726002476993017,4.986858624994056,4.70698012621142,0.2726002476993017
20260909_112655_937821,3f2b5a8fb3fffdab239693207bcaa7d708d20a0bb6324163a8c1741f478b736b,2,2187632393,1367392828,2187632393,2,100,50,60,5,30,10.0,120,current,Optimized Pattern Generator,dynamic_session,Dynamic Session Pattern Assignment,50,6,360,fb5c332cb7a6683e9f9251bb983c8b2a04a56e400c3818e4850e8285c92369eb,50,6.0,42.79020408163265,1.0,1.0,True,20,6,30,3699990487,a1dd687407b1c00c847470264d01c3c4ddea6db7c279495c5d09203e0e5fe962,True,bayesian_windowed,A3) Two-Stage Bayesian Posterior + Hungarian,False,100,100,0,0.0,100,99,0,0.99,0.99,0.1112840585521765,1.2260765862378622,379.16,403.6,5.924092792003648,100,0,0,0,0,1.0,0.0,0.0,0.0,0.0,1.0,6.05,0.0,0.0,0.0,0.0,0.0,,0.0,0.0,4.745397292193957,0.9148198368493468,0.0,0.2623313299554866,5.92254845899879,4.745397292193957,0.2623313299554866
20260909_112655_937821,3f2b5a8fb3fffdab239693207bcaa7d708d20a0bb6324163a8c1741f478b736b,2,2187632393,1977915818,2187632393,2,100,50,60,5,30,10.0,120,current,Optimized Pattern Generator,dynamic_session,Dynamic Session Pattern Assignment,50,6,360,fb5c332cb7a6683e9f9251bb983c8b2a04a56e400c3818e4850e8285c92369eb,50,6.0,42.79020408163265,1.0,1.0,True,20,6,30,3699990487,a1dd687407b1c00c847470264d01c3c4ddea6db7c279495c5d09203e0e5fe962,True,bayesian_windowed_memory_off,A3 Ablation) Posterior Memory Off,False,100,100,0,0.0,100,99,0,0.99,0.99,0.21120906626269545,1.0268476492629708,379.16,403.6,5.938443207996897,100,0,0,0,0,1.0,0.0,0.0,0.0,0.0,1.0,6.05,0.0,0.0,0.0,0.0,0.0,,0.0,0.0,4.7579726679832675,0.908621324953856,0.0,0.2706362990720663,5.93723029200919,4.7579726679832675,0.2706362990720663
20260909_112655_937821,3f2b5a8fb3fffdab239693207bcaa7d708d20a0bb6324163a8c1741f478b736b,2,2187632393,2395032858,2187632393,2,100,50,60,5,30,10.0,120,current,Optimized Pattern Generator,dynamic_session,Dynamic Session Pattern Assignment,50,6,360,fb5c332cb7a6683e9f9251bb983c8b2a04a56e400c3818e4850e8285c92369eb,50,6.0,42.79020408163265,1.0,1.0,True,20,6,30,3699990487,a1dd687407b1c00c847470264d01c3c4ddea6db7c279495c5d09203e0e5fe962,True,bayesian_windowed_timeprior_off,A3 Ablation) Time Prior Off,False,100,100,0,0.0,100,99,0,0.99,0.99,0.11186892809772847,1.2262430221715321,379.16,403.6,5.935397916007787,100,0,0,0,0,1.0,0.0,0.0,0.0,0.0,1.0,6.05,0.0,0.0,0.0,0.0,0.0,,0.0,0.0,4.744198709959164,0.9168390370323323,0.0,0.27289425302296877,5.933932000014465,4.744198709959164,0.27289425302296877
20260909_112655_937821,3f2b5a8fb3fffdab239693207bcaa7d708d20a0bb6324163a8c1741f478b736b,2,2187632393,433795948,2187632393,2,100,50,60,5,30,10.0,120,current,Optimized Pattern Generator,dynamic_session,Dynamic Session Pattern Assignment,50,6,360,fb5c332cb7a6683e9f9251bb983c8b2a04a56e400c3818e4850e8285c92369eb,50,6.0,42.79020408163265,1.0,1.0,True,20,6,30,3699990487,a1dd687407b1c00c847470264d01c3c4ddea6db7c279495c5d09203e0e5fe962,True,bayesian_windowed_all_off,A3 Ablation) Time Prior + Memory Off,False,100,100,0,0.0,100,99,0,0.99,0.99,0.21160638183847438,1.0273507410268994,379.16,403.6,5.9139741659746505,100,0,0,0,0,1.0,0.0,0.0,0.0,0.0,1.0,6.05,0.0,0.0,0.0,0.0,0.0,,0.0,0.0,4.764165162894642,0.9159716260619462,0.0,0.23223596106981859,5.912372750026407,4.764165162894642,0.23223596106981859
20260909_112655_937821,3f2b5a8fb3fffdab239693207bcaa7d708d20a0bb6324163a8c1741f478b736b,3,2187632394,1233724838,2187632394,3,100,50,60,5,30,10.0,120,current,Optimized Pattern Generator,dynamic_session,Dynamic Session Pattern Assignment,50,6,360,f158a0532f4501fc4af0d48bcbae361b7048badf47a02bd413c7848fdde59d64,50,9.0,42.34122448979592,1.0,1.0,True,20,6,30,3699990484,1ac3d8bcee5c26ca297d476d1494fe8ac0d29be04433b498a8dea1c6f2524d78,True,single_only,A1) Refined Cost + Greedy 1:1,True,100,100,0,0.0,100,100,0,1.0,1.0,0.8361181447659345,2.069014210689003,382.71,420.1,5.924268041999312,100,0,0,0,0,1.0,0.0,0.0,0.0,0.0,1.0,5.99,0.0,0.0,0.0,0.0,0.0,,0.0,0.0,4.660867658152711,0.9968100389523897,0.0,0.2656236359034665,5.923301333008567,4.660867658152711,0.2656236359034665
20260909_112655_937821,3f2b5a8fb3fffdab239693207bcaa7d708d20a0bb6324163a8c1741f478b736b,3,2187632394,1545686428,2187632394,3,100,50,60,5,30,10.0,120,current,Optimized Pattern Generator,dynamic_session,Dynamic Session Pattern Assignment,50,6,360,f158a0532f4501fc4af0d48bcbae361b7048badf47a02bd413c7848fdde59d64,50,9.0,42.34122448979592,1.0,1.0,True,20,6,30,3699990484,1ac3d8bcee5c26ca297d476d1494fe8ac0d29be04433b498a8dea1c6f2524d78,True,single_only_dtw_off,A1 Ablation) DTW Off,False,100,100,0,0.0,100,100,0,1.0,1.0,0.7700002531,2.023333383333333,382.71,420.1,6.041403541981708,100,0,0,0,0,1.0,0.0,0.0,0.0,0.0,1.0,5.99,0.0,0.0,0.0,0.0,0.0,,0.0,0.0,4.787198577163508,1.0209697910177056,0.0,0.23161959083518013,6.039787959016394,4.787198577163508,0.23161959083518013
20260909_112655_937821,3f2b5a8fb3fffdab239693207bcaa7d708d20a0bb6324163a8c1741f478b736b,3,2187632394,866312300,2187632394,3,100,50,60,5,30,10.0,120,current,Optimized Pattern Generator,dynamic_session,Dynamic Session Pattern Assignment,50,6,360,f158a0532f4501fc4af0d48bcbae361b7048badf47a02bd413c7848fdde59d64,50,9.0,42.34122448979592,1.0,1.0,True,20,6,30,3699990484,1ac3d8bcee5c26ca297d476d1494fe8ac0d29be04433b498a8dea1c6f2524d78,True,single_only_step_off,A1 Ablation) Step Signature Off,False,100,100,0,0.0,100,100,0,1.0,1.0,0.06611814476593456,0.23377383582326072,382.71,420.1,6.00852545798989,100,0,0,0,0,1.0,0.0,0.0,0.0,0.0,1.0,5.99,0.0,0.0,0.0,0.0,0.0,,0.0,0.0,4.738271832960891,1.0037024568591733,0.0,0.2653167941898573,6.007291084009921,4.738271832960891,0.2653167941898573
20260909_112655_937821,3f2b5a8fb3fffdab239693207bcaa7d708d20a0bb6324163a8c1741f478b736b,3,2187632394,1815193656,2187632394,3,100,50,60,5,30,10.0,120,current,Optimized Pattern Generator,dynamic_session,Dynamic Session Pattern Assignment,50,6,360,f158a0532f4501fc4af0d48bcbae361b7048badf47a02bd413c7848fdde59d64,50,9.0,42.34122448979592,1.0,1.0,True,20,6,30,3699990484,1ac3d8bcee5c26ca297d476d1494fe8ac0d29be04433b498a8dea1c6f2524d78,True,single_only_all_off,A1 Ablation) All Waveform Terms Off,False,100,100,0,0.0,100,94,0,0.94,0.94,1.6790002506,7.800000390000001,382.71,420.1,4.991898459004005,100,0,0,0,0,1.0,0.0,0.0,0.0,0.0,1.0,5.99,0.0,0.0,0.0,0.0,0.0,,0.0,0.0,4.720398879842833,0.007399826921755448,0.0,0.2631772932363674,4.9909760000009555,4.720398879842833,0.2631772932363674
20260909_112655_937821,3f2b5a8fb3fffdab239693207bcaa7d708d20a0bb6324163a8c1741f478b736b,3,2187632394,2184921379,2187632394,3,100,50,60,5,30,10.0,120,current,Optimized Pattern Generator,dynamic_session,Dynamic Session Pattern Assignment,50,6,360,f158a0532f4501fc4af0d48bcbae361b7048badf47a02bd413c7848fdde59d64,50,9.0,42.34122448979592,1.0,1.0,True,20,6,30,3699990484,1ac3d8bcee5c26ca297d476d1494fe8ac0d29be04433b498a8dea1c6f2524d78,True,nomura_original_interval_hungarian,A2) Corr+DTW + Hungarian,False,100,100,0,0.0,100,100,0,1.0,1.0,0.06221145766365255,0.21934659681193974,382.71,420.1,7.501482833002228,100,0,0,0,0,1.0,0.0,0.0,0.0,0.0,1.0,5.99,0.0,0.0,0.0,0.0,0.0,,0.0,0.0,4.76775183485006,2.464338743069675,0.0,0.26788421408855356,7.499974792008288,4.76775183485006,0.26788421408855356
20260909_112655_937821,3f2b5a8fb3fffdab239693207bcaa7d708d20a0bb6324163a8c1741f478b736b,3,2187632394,2176353865,2187632394,3,100,50,60,5,30,10.0,120,current,Optimized Pattern Generator,dynamic_session,Dynamic Session Pattern Assignment,50,6,360,f158a0532f4501fc4af0d48bcbae361b7048badf47a02bd413c7848fdde59d64,50,9.0,42.34122448979592,1.0,1.0,True,20,6,30,3699990484,1ac3d8bcee5c26ca297d476d1494fe8ac0d29be04433b498a8dea1c6f2524d78,True,nomura_original_interval_hungarian_dtw_off,A2 Ablation) DTW Off (Corr-only),False,100,100,0,0.0,100,100,0,1.0,1.0,0.06185825805768233,0.21934659681193974,382.71,420.1,7.504832957987674,100,0,0,0,0,1.0,0.0,0.0,0.0,0.0,1.0,5.99,0.0,0.0,0.0,0.0,0.0,,0.0,0.0,4.780195123894373,2.4482348389865365,0.0,0.2750127041072119,7.503442666988121,4.780195123894373,0.2750127041072119
20260909_112655_937821,3f2b5a8fb3fffdab239693207bcaa7d708d20a0bb6324163a8c1741f478b736b,3,2187632394,1055930917,2187632394,3,100,50,60,5,30,10.0,120,current,Optimized Pattern Generator,dynamic_session,Dynamic Session Pattern Assignment,50,6,360,f158a0532f4501fc4af0d48bcbae361b7048badf47a02bd413c7848fdde59d64,50,9.0,42.34122448979592,1.0,1.0,True,20,6,30,3699990484,1ac3d8bcee5c26ca297d476d1494fe8ac0d29be04433b498a8dea1c6f2524d78,True,nomura_original_interval_hungarian_corr_off,A2 Ablation) Corr Off (DTW-only),False,100,100,0,0.0,100,99,0,0.99,0.99,2.555e-07,4.9e-07,382.71,420.1,7.448129374999553,100,0,0,0,0,1.0,0.0,0.0,0.0,0.0,1.0,5.99,0.0,0.0,0.0,0.0,0.0,,0.0,0.0,4.772559543140233,2.439091585954884,0.0,0.23557487089419737,7.447225999989314,4.772559543140233,0.23557487089419737
20260909_112655_937821,3f2b5a8fb3fffdab239693207bcaa7d708d20a0bb6324163a8c1741f478b736b,3,2187632394,542446158,2187632394,3,100,50,60,5,30,10.0,120,current,Optimized Pattern Generator,dynamic_session,Dynamic Session Pattern Assignment,50,6,360,f158a0532f4501fc4af0d48bcbae361b7048badf47a02bd413c7848fdde59d64,50,9.0,42.34122448979592,1.0,1.0,True,20,6,30,3699990484,1ac3d8bcee5c26ca297d476d1494fe8ac0d29be04433b498a8dea1c6f2524d78,True,nomura_original_interval_hungarian_all_off,A2 Ablation) All Waveform Terms Off,False,100,100,0,0.0,100,94,0,0.94,0.94,1.6790002506,7.800000390000001,382.71,420.1,5.131566583993845,100,0,0,0,0,1.0,0.0,0.0,0.0,0.0,1.0,5.99,0.0,0.0,0.0,0.0,0.0,,0.0,0.0,4.865502297994681,0.007409003097563982,0.0,0.25777349088457413,5.130684791976819,4.865502297994681,0.25777349088457413
20260909_112655_937821,3f2b5a8fb3fffdab239693207bcaa7d708d20a0bb6324163a8c1741f478b736b,3,2187632394,1367392831,2187632394,3,100,50,60,5,30,10.0,120,current,Optimized Pattern Generator,dynamic_session,Dynamic Session Pattern Assignment,50,6,360,f158a0532f4501fc4af0d48bcbae361b7048badf47a02bd413c7848fdde59d64,50,9.0,42.34122448979592,1.0,1.0,True,20,6,30,3699990484,1ac3d8bcee5c26ca297d476d1494fe8ac0d29be04433b498a8dea1c6f2524d78,True,bayesian_windowed,A3) Two-Stage Bayesian Posterior + Hungarian,False,100,100,0,0.0,100,100,0,1.0,1.0,0.12357001309442524,0.6160862688025243,382.71,420.1,5.939356957998825,100,0,0,0,0,1.0,0.0,0.0,0.0,0.0,1.0,5.99,0.0,0.0,0.0,0.0,0.0,,0.0,0.0,4.7455807051446754,0.9261405410652515,0.0,0.26622154578217305,5.9379427919921,4.7455807051446754,0.26622154578217305
20260909_112655_937821,3f2b5a8fb3fffdab239693207bcaa7d708d20a0bb6324163a8c1741f478b736b,3,2187632394,1977915817,2187632394,3,100,50,60,5,30,10.0,120,current,Optimized Pattern Generator,dynamic_session,Dynamic Session Pattern Assignment,50,6,360,f158a0532f4501fc4af0d48bcbae361b7048badf47a02bd413c7848fdde59d64,50,9.0,42.34122448979592,1.0,1.0,True,20,6,30,3699990484,1ac3d8bcee5c26ca297d476d1494fe8ac0d29be04433b498a8dea1c6f2524d78,True,bayesian_windowed_memory_off,A3 Ablation) Posterior Memory Off,False,100,100,0,0.0,100,100,0,1.0,1.0,0.2461519135038961,0.9477891881739499,382.71,420.1,5.934487791993888,100,0,0,0,0,1.0,0.0,0.0,0.0,0.0,1.0,5.99,0.0,0.0,0.0,0.0,0.0,,0.0,0.0,4.769599122955697,0.9020830059598666,0.0,0.26186099607730284,5.933543124992866,4.769599122955697,0.26186099607730284
20260909_112655_937821,3f2b5a8fb3fffdab239693207bcaa7d708d20a0bb6324163a8c1741f478b736b,3,2187632394,2395032857,2187632394,3,100,50,60,5,30,10.0,120,current,Optimized Pattern Generator,dynamic_session,Dynamic Session Pattern Assignment,50,6,360,f158a0532f4501fc4af0d48bcbae361b7048badf47a02bd413c7848fdde59d64,50,9.0,42.34122448979592,1.0,1.0,True,20,6,30,3699990484,1ac3d8bcee5c26ca297d476d1494fe8ac0d29be04433b498a8dea1c6f2524d78,True,bayesian_windowed_timeprior_off,A3 Ablation) Time Prior Off,False,100,100,0,0.0,100,100,0,1.0,1.0,0.12564711165502923,0.6165800600357063,382.71,420.1,5.956637833005516,100,0,0,0,0,1.0,0.0,0.0,0.0,0.0,1.0,5.99,0.0,0.0,0.0,0.0,0.0,,0.0,0.0,4.765822246001335,0.9154293320316356,0.0,0.27398054697550833,5.955232125008479,4.765822246001335,0.27398054697550833
20260909_112655_937821,3f2b5a8fb3fffdab239693207bcaa7d708d20a0bb6324163a8c1741f478b736b,3,2187632394,433795951,2187632394,3,100,50,60,5,30,10.0,120,current,Optimized Pattern Generator,dynamic_session,Dynamic Session Pattern Assignment,50,6,360,f158a0532f4501fc4af0d48bcbae361b7048badf47a02bd413c7848fdde59d64,50,9.0,42.34122448979592,1.0,1.0,True,20,6,30,3699990484,1ac3d8bcee5c26ca297d476d1494fe8ac0d29be04433b498a8dea1c6f2524d78,True,bayesian_windowed_all_off,A3 Ablation) Time Prior + Memory Off,False,100,100,0,0.0,100,100,0,1.0,1.0,0.2471180166174791,0.9502148167194536,382.71,420.1,5.9493029580044094,100,0,0,0,0,1.0,0.0,0.0,0.0,0.0,1.0,5.99,0.0,0.0,0.0,0.0,0.0,,0.0,0.0,4.771683452068828,0.909276662801858,0.0,0.2669284271541983,5.947888542024884,4.771683452068828,0.2669284271541983
20260909_112655_937821,3f2b5a8fb3fffdab239693207bcaa7d708d20a0bb6324163a8c1741f478b736b,4,2187632395,1233724839,2187632395,4,100,50,60,5,30,10.0,120,current,Optimized Pattern Generator,dynamic_session,Dynamic Session Pattern Assignment,50,6,360,fc01609f1ee07cd675d73dc59d228932c8e71b0ad3da1c17291e0da91440a8a7,50,6.0,44.07673469387755,1.0,1.0,True,20,6,30,3699990485,17703e155162c40cbc3cb99f8f0a759aa3583da2b106e141e73895f2edf130e6,True,single_only,A1) Refined Cost + Greedy 1:1,True,100,100,0,0.0,100,100,0,1.0,1.0,0.9984212414581262,3.6180058725857083,377.98,405.2000000000001,6.146536999993259,100,0,0,0,0,1.0,0.0,0.0,0.0,0.0,1.0,6.09,0.0,0.0,0.0,0.0,0.0,,0.0,0.0,4.843060706101824,1.0126426699571311,0.0,0.2898777489317581,6.145581124990713,4.843060706101824,0.2898777489317581
20260909_112655_937821,3f2b5a8fb3fffdab239693207bcaa7d708d20a0bb6324163a8c1741f478b736b,4,2187632395,1545686429,2187632395,4,100,50,60,5,30,10.0,120,current,Optimized Pattern Generator,dynamic_session,Dynamic Session Pattern Assignment,50,6,360,fc01609f1ee07cd675d73dc59d228932c8e71b0ad3da1c17291e0da91440a8a7,50,6.0,44.07673469387755,1.0,1.0,True,20,6,30,3699990485,17703e155162c40cbc3cb99f8f0a759aa3583da2b106e141e73895f2edf130e6,True,single_only_dtw_off,A1 Ablation) DTW Off,False,100,100,0,0.0,100,99,0,0.99,0.99,0.9242335953333332,2.8800000000000003,377.98,405.2000000000001,6.098585500003537,100,0,0,0,0,1.0,0.0,0.0,0.0,0.0,1.0,6.09,0.0,0.0,0.0,0.0,0.0,,0.0,0.0,4.812786165974103,1.017071502021281,0.0,0.26777649801806547,6.097634166013449,4.812786165974103,0.26777649801806547
20260909_112655_937821,3f2b5a8fb3fffdab239693207bcaa7d708d20a0bb6324163a8c1741f478b736b,4,2187632395,866312301,2187632395,4,100,50,60,5,30,10.0,120,current,Optimized Pattern Generator,dynamic_session,Dynamic Session Pattern Assignment,50,6,360,fc01609f1ee07cd675d73dc59d228932c8e71b0ad3da1c17291e0da91440a8a7,50,6.0,44.07673469387755,1.0,1.0,True,20,6,30,3699990485,17703e155162c40cbc3cb99f8f0a759aa3583da2b106e141e73895f2edf130e6,True,single_only_step_off,A1 Ablation) Step Signature Off,False,100,100,0,0.0,100,100,0,1.0,1.0,0.06948790812479279,0.29947107391672917,377.98,405.2000000000001,6.0957198330143,100,0,0,0,0,1.0,0.0,0.0,0.0,0.0,1.0,6.09,0.0,0.0,0.0,0.0,0.0,,0.0,0.0,4.809419337165309,1.0138962418423034,0.0,0.2714864209992811,6.094802000006894,4.809419337165309,0.2714864209992811
20260909_112655_937821,3f2b5a8fb3fffdab239693207bcaa7d708d20a0bb6324163a8c1741f478b736b,4,2187632395,1815193657,2187632395,4,100,50,60,5,30,10.0,120,current,Optimized Pattern Generator,dynamic_session,Dynamic Session Pattern Assignment,50,6,360,fc01609f1ee07cd675d73dc59d228932c8e71b0ad3da1c17291e0da91440a8a7,50,6.0,44.07673469387755,1.0,1.0,True,20,6,30,3699990485,17703e155162c40cbc3cb99f8f0a759aa3583da2b106e141e73895f2edf130e6,True,single_only_all_off,A1 Ablation) All Waveform Terms Off,False,100,100,0,0.0,100,95,0,0.95,0.95,1.4870002542,8.00000018,377.98,405.2000000000001,5.061364875000436,100,0,0,0,0,1.0,0.0,0.0,0.0,0.0,1.0,6.09,0.0,0.0,0.0,0.0,0.0,,0.0,0.0,4.78473842079984,0.0075497089710552245,0.0,0.2678639952209778,5.060152124991873,4.78473842079984,0.2678639952209778
20260909_112655_937821,3f2b5a8fb3fffdab239693207bcaa7d708d20a0bb6324163a8c1741f478b736b,4,2187632395,2184921378,2187632395,4,100,50,60,5,30,10.0,120,current,Optimized Pattern Generator,dynamic_session,Dynamic Session Pattern Assignment,50,6,360,fc01609f1ee07cd675d73dc59d228932c8e71b0ad3da1c17291e0da91440a8a7,50,6.0,44.07673469387755,1.0,1.0,True,20,6,30,3699990485,17703e155162c40cbc3cb99f8f0a759aa3583da2b106e141e73895f2edf130e6,True,nomura_original_interval_hungarian,A2) Corr+DTW + Hungarian,False,100,100,0,0.0,100,100,0,1.0,1.0,0.05915878751438194,0.22045745576897674,377.98,405.2000000000001,7.583228583011078,100,0,0,0,0,1.0,0.0,0.0,0.0,0.0,1.0,6.09,0.0,0.0,0.0,0.0,0.0,,0.0,0.0,4.836786413041409,2.5041712920938153,0.0,0.2407388368737884,7.581696542009013,4.836786413041409,0.2407388368737884
20260909_112655_937821,3f2b5a8fb3fffdab239693207bcaa7d708d20a0bb6324163a8c1741f478b736b,4,2187632395,2176353864,2187632395,4,100,50,60,5,30,10.0,120,current,Optimized Pattern Generator,dynamic_session,Dynamic Session Pattern Assignment,50,6,360,fc01609f1ee07cd675d73dc59d228932c8e71b0ad3da1c17291e0da91440a8a7,50,6.0,44.07673469387755,1.0,1.0,True,20,6,30,3699990485,17703e155162c40cbc3cb99f8f0a759aa3583da2b106e141e73895f2edf130e6,True,nomura_original_interval_hungarian_dtw_off,A2 Ablation) DTW Off (Corr-only),False,100,100,0,0.0,100,100,0,1.0,1.0,0.05856530731066728,0.22045745576897674,377.98,405.2000000000001,7.579547583009116,100,0,0,0,0,1.0,0.0,0.0,0.0,0.0,1.0,6.09,0.0,0.0,0.0,0.0,0.0,,0.0,0.0,4.796927456947742,2.499648252967745,0.0,0.282058665092336,7.578634375007823,4.796927456947742,0.282058665092336
20260909_112655_937821,3f2b5a8fb3fffdab239693207bcaa7d708d20a0bb6324163a8c1741f478b736b,4,2187632395,1055930916,2187632395,4,100,50,60,5,30,10.0,120,current,Optimized Pattern Generator,dynamic_session,Dynamic Session Pattern Assignment,50,6,360,fc01609f1ee07cd675d73dc59d228932c8e71b0ad3da1c17291e0da91440a8a7,50,6.0,44.07673469387755,1.0,1.0,True,20,6,30,3699990485,17703e155162c40cbc3cb99f8f0a759aa3583da2b106e141e73895f2edf130e6,True,nomura_original_interval_hungarian_corr_off,A2 Ablation) Corr Off (DTW-only),False,100,100,0,0.0,100,100,0,1.0,1.0,0.0006074921341150894,0.06072412341150893,377.98,405.2000000000001,7.5017346249951515,100,0,0,0,0,1.0,0.0,0.0,0.0,0.0,1.0,6.09,0.0,0.0,0.0,0.0,0.0,,0.0,0.0,4.7473262838611845,2.488443204027135,0.0,0.2650639701168984,7.500833458005218,4.7473262838611845,0.2650639701168984
20260909_112655_937821,3f2b5a8fb3fffdab239693207bcaa7d708d20a0bb6324163a8c1741f478b736b,4,2187632395,542446159,2187632395,4,100,50,60,5,30,10.0,120,current,Optimized Pattern Generator,dynamic_session,Dynamic Session Pattern Assignment,50,6,360,fc01609f1ee07cd675d73dc59d228932c8e71b0ad3da1c17291e0da91440a8a7,50,6.0,44.07673469387755,1.0,1.0,True,20,6,30,3699990485,17703e155162c40cbc3cb99f8f0a759aa3583da2b106e141e73895f2edf130e6,True,nomura_original_interval_hungarian_all_off,A2 Ablation) All Waveform Terms Off,False,100,100,0,0.0,100,95,0,0.95,0.95,1.4870002542,8.00000018,377.98,405.2000000000001,4.9554425420064945,100,0,0,0,0,1.0,0.0,0.0,0.0,0.0,1.0,6.09,0.0,0.0,0.0,0.0,0.0,,0.0,0.0,4.6846137918764725,0.007102378091076389,0.0,0.2628162890323438,4.954532458999893,4.6846137918764725,0.2628162890323438
20260909_112655_937821,3f2b5a8fb3fffdab239693207bcaa7d708d20a0bb6324163a8c1741f478b736b,4,2187632395,1367392830,2187632395,4,100,50,60,5,30,10.0,120,current,Optimized Pattern Generator,dynamic_session,Dynamic Session Pattern Assignment,50,6,360,fc01609f1ee07cd675d73dc59d228932c8e71b0ad3da1c17291e0da91440a8a7,50,6.0,44.07673469387755,1.0,1.0,True,20,6,30,3699990485,17703e155162c40cbc3cb99f8f0a759aa3583da2b106e141e73895f2edf130e6,True,bayesian_windowed,A3) Two-Stage Bayesian Posterior + Hungarian,False,100,100,0,0.0,100,99,0,0.99,0.99,0.15693245376277837,0.8108916874630401,377.98,405.2000000000001,5.940562417003093,100,0,0,0,0,1.0,0.0,0.0,0.0,0.0,1.0,6.09,0.0,0.0,0.0,0.0,0.0,,0.0,0.0,4.759998833818827,0.9177672890655231,0.0,0.2618525851285085,5.939618708012858,4.759998833818827,0.2618525851285085
20260909_112655_937821,3f2b5a8fb3fffdab239693207bcaa7d708d20a0bb6324163a8c1741f478b736b,4,2187632395,1977915816,2187632395,4,100,50,60,5,30,10.0,120,current,Optimized Pattern Generator,dynamic_session,Dynamic Session Pattern Assignment,50,6,360,fc01609f1ee07cd675d73dc59d228932c8e71b0ad3da1c17291e0da91440a8a7,50,6.0,44.07673469387755,1.0,1.0,True,20,6,30,3699990485,17703e155162c40cbc3cb99f8f0a759aa3583da2b106e141e73895f2edf130e6,True,bayesian_windowed_memory_off,A3 Ablation) Posterior Memory Off,False,100,100,0,0.0,100,100,0,1.0,1.0,0.3209921897898548,1.084407269304895,377.98,405.2000000000001,5.940048167016357,100,0,0,0,0,1.0,0.0,0.0,0.0,0.0,1.0,6.09,0.0,0.0,0.0,0.0,0.0,,0.0,0.0,4.745290836930508,0.9246071292436682,0.0,0.26865265882224776,5.938550624996424,4.745290836930508,0.26865265882224776
20260909_112655_937821,3f2b5a8fb3fffdab239693207bcaa7d708d20a0bb6324163a8c1741f478b736b,4,2187632395,2395032856,2187632395,4,100,50,60,5,30,10.0,120,current,Optimized Pattern Generator,dynamic_session,Dynamic Session Pattern Assignment,50,6,360,fc01609f1ee07cd675d73dc59d228932c8e71b0ad3da1c17291e0da91440a8a7,50,6.0,44.07673469387755,1.0,1.0,True,20,6,30,3699990485,17703e155162c40cbc3cb99f8f0a759aa3583da2b106e141e73895f2edf130e6,True,bayesian_windowed_timeprior_off,A3 Ablation) Time Prior Off,False,100,100,0,0.0,100,99,0,0.99,0.99,0.15846810102497183,0.8123051144567768,377.98,405.2000000000001,5.95025516700116,100,0,0,0,0,1.0,0.0,0.0,0.0,0.0,1.0,6.09,0.0,0.0,0.0,0.0,0.0,,0.0,0.0,4.757743002963252,0.9151199139596429,0.0,0.2764547080732882,5.949317624996183,4.757743002963252,0.2764547080732882
20260909_112655_937821,3f2b5a8fb3fffdab239693207bcaa7d708d20a0bb6324163a8c1741f478b736b,4,2187632395,433795950,2187632395,4,100,50,60,5,30,10.0,120,current,Optimized Pattern Generator,dynamic_session,Dynamic Session Pattern Assignment,50,6,360,fc01609f1ee07cd675d73dc59d228932c8e71b0ad3da1c17291e0da91440a8a7,50,6.0,44.07673469387755,1.0,1.0,True,20,6,30,3699990485,17703e155162c40cbc3cb99f8f0a759aa3583da2b106e141e73895f2edf130e6,True,bayesian_windowed_all_off,A3 Ablation) Time Prior + Memory Off,False,100,100,0,0.0,100,100,0,1.0,1.0,0.32181904374643844,1.085911933033169,377.98,405.2000000000001,5.949079417012399,100,0,0,0,0,1.0,0.0,0.0,0.0,0.0,1.0,6.09,0.0,0.0,0.0,0.0,0.0,,0.0,0.0,4.788350415910827,0.9250150391017087,0.0,0.23429687798488885,5.9476623329974245,4.788350415910827,0.23429687798488885
20260909_112655_937821,3f2b5a8fb3fffdab239693207bcaa7d708d20a0bb6324163a8c1741f478b736b,5,2187632396,1233724832,2187632396,5,100,50,60,5,30,10.0,120,current,Optimized Pattern Generator,dynamic_session,Dynamic Session Pattern Assignment,50,6,360,90b0b75738c015d10d9c61451d600301cbd7985fd74d339426f513377a2d0dc7,50,10.0,40.31755102040816,1.0,1.0,True,20,6,30,3699990482,749664581abbeae36652585e58f85a0e3cd6c7be1eb1985aa2459f776bd45423,True,single_only,A1) Refined Cost + Greedy 1:1,True,100,100,0,0.0,100,100,0,1.0,1.0,0.7874516384565543,2.4882806443375083,381.81,411.70000000000005,5.877516917011235,100,0,0,0,0,1.0,0.0,0.0,0.0,0.0,1.0,5.86,0.0,0.0,0.0,0.0,0.0,,0.0,0.0,4.614833955973154,0.9894835359882563,0.0,0.2721432160178665,5.876460707979277,4.614833955973154,0.2721432160178665
20260909_112655_937821,3f2b5a8fb3fffdab239693207bcaa7d708d20a0bb6324163a8c1741f478b736b,5,2187632396,1545686426,2187632396,5,100,50,60,5,30,10.0,120,current,Optimized Pattern Generator,dynamic_session,Dynamic Session Pattern Assignment,50,6,360,90b0b75738c015d10d9c61451d600301cbd7985fd74d339426f513377a2d0dc7,50,10.0,40.31755102040816,1.0,1.0,True,20,6,30,3699990482,749664581abbeae36652585e58f85a0e3cd6c7be1eb1985aa2459f776bd45423,True,single_only_dtw_off,A1 Ablation) DTW Off,False,100,100,0,0.0,100,99,0,0.99,0.99,0.7217002555,1.9466666666666665,381.81,411.70000000000005,5.837485625001136,100,0,0,0,0,1.0,0.0,0.0,0.0,0.0,1.0,5.86,0.0,0.0,0.0,0.0,0.0,,0.0,0.0,4.589540958026191,0.9780545070534572,0.0,0.26889578491682187,5.83649124999647,4.589540958026191,0.26889578491682187
20260909_112655_937821,3f2b5a8fb3fffdab239693207bcaa7d708d20a0bb6324163a8c1741f478b736b,5,2187632396,866312298,2187632396,5,100,50,60,5,30,10.0,120,current,Optimized Pattern Generator,dynamic_session,Dynamic Session Pattern Assignment,50,6,360,90b0b75738c015d10d9c61451d600301cbd7985fd74d339426f513377a2d0dc7,50,10.0,40.31755102040816,1.0,1.0,True,20,6,30,3699990482,749664581abbeae36652585e58f85a0e3cd6c7be1eb1985aa2459f776bd45423,True,single_only_step_off,A1 Ablation) Step Signature Off,False,100,100,0,0.0,100,100,0,1.0,1.0,0.06068497178988764,0.19675746665587274,381.81,411.70000000000005,5.838954834005563,100,0,0,0,0,1.0,0.0,0.0,0.0,0.0,1.0,5.86,0.0,0.0,0.0,0.0,0.0,,0.0,0.0,4.629955337033607,0.9723976220411714,0.0,0.23491066592396237,5.837263624998741,4.629955337033607,0.23491066592396237
20260909_112655_937821,3f2b5a8fb3fffdab239693207bcaa7d708d20a0bb6324163a8c1741f478b736b,5,2187632396,1815193662,2187632396,5,100,50,60,5,30,10.0,120,current,Optimized Pattern Generator,dynamic_session,Dynamic Session Pattern Assignment,50,6,360,90b0b75738c015d10d9c61451d600301cbd7985fd74d339426f513377a2d0dc7,50,10.0,40.31755102040816,1.0,1.0,True,20,6,30,3699990482,749664581abbeae36652585e58f85a0e3cd6c7be1eb1985aa2459f776bd45423,True,single_only_all_off,A1 Ablation) All Waveform Terms Off,False,100,100,0,0.0,100,94,0,0.94,0.94,1.5840002613000002,7.600000260000001,381.81,411.70000000000005,4.827104458003305,100,0,0,0,0,1.0,0.0,0.0,0.0,0.0,1.0,5.86,0.0,0.0,0.0,0.0,0.0,,0.0,0.0,4.559810129809193,0.007094831118592992,0.0,0.25865187306771986,4.825556833995506,4.559810129809193,0.25865187306771986
20260909_112655_937821,3f2b5a8fb3fffdab239693207bcaa7d708d20a0bb6324163a8c1741f478b736b,5,2187632396,2184921381,2187632396,5,100,50,60,5,30,10.0,120,current,Optimized Pattern Generator,dynamic_session,Dynamic Session Pattern Assignment,50,6,360,90b0b75738c015d10d9c61451d600301cbd7985fd74d339426f513377a2d0dc7,50,10.0,40.31755102040816,1.0,1.0,True,20,6,30,3699990482,749664581abbeae36652585e58f85a0e3cd6c7be1eb1985aa2459f776bd45423,True,nomura_original_interval_hungarian,A2) Corr+DTW + Hungarian,False,100,100,0,0.0,100,100,0,1.0,1.0,0.05334166849826124,0.16715790885562945,381.81,411.70000000000005,7.502203458978329,100,0,0,0,0,1.0,0.0,0.0,0.0,0.0,1.0,5.86,0.0,0.0,0.0,0.0,0.0,,0.0,0.0,4.713582327822223,2.5153814940713346,0.0,0.2717315951013006,7.5006954169948585,4.713582327822223,0.2717315951013006
20260909_112655_937821,3f2b5a8fb3fffdab239693207bcaa7d708d20a0bb6324163a8c1741f478b736b,5,2187632396,2176353871,2187632396,5,100,50,60,5,30,10.0,120,current,Optimized Pattern Generator,dynamic_session,Dynamic Session Pattern Assignment,50,6,360,90b0b75738c015d10d9c61451d600301cbd7985fd74d339426f513377a2d0dc7,50,10.0,40.31755102040816,1.0,1.0,True,20,6,30,3699990482,749664581abbeae36652585e58f85a0e3cd6c7be1eb1985aa2459f776bd45423,True,nomura_original_interval_hungarian_dtw_off,A2 Ablation) DTW Off (Corr-only),False,100,100,0,0.0,100,100,0,1.0,1.0,0.05334166849826124,0.16715790885562945,381.81,411.70000000000005,7.4070262919995,100,0,0,0,0,1.0,0.0,0.0,0.0,0.0,1.0,5.86,0.0,0.0,0.0,0.0,0.0,,0.0,0.0,4.694339916983154,2.427604417258408,0.0,0.2841860407497734,7.406130374991335,4.694339916983154,0.2841860407497734
20260909_112655_937821,3f2b5a8fb3fffdab239693207bcaa7d708d20a0bb6324163a8c1741f478b736b,5,2187632396,1055930915,2187632396,5,100,50,60,5,30,10.0,120,current,Optimized Pattern Generator,dynamic_session,Dynamic Session Pattern Assignment,50,6,360,90b0b75738c015d10d9c61451d600301cbd7985fd74d339426f513377a2d0dc7,50,10.0,40.31755102040816,1.0,1.0,True,20,6,30,3699990482,749664581abbeae36652585e58f85a0e3cd6c7be1eb1985aa2459f776bd45423,True,nomura_original_interval_hungarian_corr_off,A2 Ablation) Corr Off (DTW-only),False,100,100,0,0.0,100,100,0,1.0,1.0,2.59e-07,4.9e-07,381.81,411.70000000000005,7.215331707993755,100,0,0,0,0,1.0,0.0,0.0,0.0,0.0,1.0,5.86,0.0,0.0,0.0,0.0,0.0,,0.0,0.0,4.559836337954039,2.3905594540119637,0.0,0.2634067500184756,7.213802541984478,4.559836337954039,0.2634067500184756
20260909_112655_937821,3f2b5a8fb3fffdab239693207bcaa7d708d20a0bb6324163a8c1741f478b736b,5,2187632396,542446152,2187632396,5,100,50,60,5,30,10.0,120,current,Optimized Pattern Generator,dynamic_session,Dynamic Session Pattern Assignment,50,6,360,90b0b75738c015d10d9c61451d600301cbd7985fd74d339426f513377a2d0dc7,50,10.0,40.31755102040816,1.0,1.0,True,20,6,30,3699990482,749664581abbeae36652585e58f85a0e3cd6c7be1eb1985aa2459f776bd45423,True,nomura_original_interval_hungarian_all_off,A2 Ablation) All Waveform Terms Off,False,100,100,0,0.0,100,94,0,0.94,0.94,1.5840002613000002,7.600000260000001,381.81,411.70000000000005,4.897436875005951,100,0,0,0,0,1.0,0.0,0.0,0.0,0.0,1.0,5.86,0.0,0.0,0.0,0.0,0.0,,0.0,0.0,4.654297338041943,0.007296202034922317,0.0,0.234929209924303,4.896522750001168,4.654297338041943,0.234929209924303
20260909_112655_937821,3f2b5a8fb3fffdab239693207bcaa7d708d20a0bb6324163a8c1741f478b736b,5,2187632396,1367392825,2187632396,5,100,50,60,5,30,10.0,120,current,Optimized Pattern Generator,dynamic_session,Dynamic Session Pattern Assignment,50,6,360,90b0b75738c015d10d9c61451d600301cbd7985fd74d339426f513377a2d0dc7,50,10.0,40.31755102040816,1.0,1.0,True,20,6,30,3699990482,749664581abbeae36652585e58f85a0e3cd6c7be1eb1985aa2459f776bd45423,True,bayesian_windowed,A3) Two-Stage Bayesian Posterior + Hungarian,False,100,100,0,0.0,100,100,0,1.0,1.0,0.1283262530295916,0.7030798204996745,381.81,411.70000000000005,5.750828041986097,100,0,0,0,0,1.0,0.0,0.0,0.0,0.0,1.0,5.86,0.0,0.0,0.0,0.0,0.0,,0.0,0.0,4.623451168910833,0.8926314160344191,0.0,0.23381320605403744,5.74989579099929,4.623451168910833,0.23381320605403744
20260909_112655_937821,3f2b5a8fb3fffdab239693207bcaa7d708d20a0bb6324163a8c1741f478b736b,5,2187632396,1977915823,2187632396,5,100,50,60,5,30,10.0,120,current,Optimized Pattern Generator,dynamic_session,Dynamic Session Pattern Assignment,50,6,360,90b0b75738c015d10d9c61451d600301cbd7985fd74d339426f513377a2d0dc7,50,10.0,40.31755102040816,1.0,1.0,True,20,6,30,3699990482,749664581abbeae36652585e58f85a0e3cd6c7be1eb1985aa2459f776bd45423,True,bayesian_windowed_memory_off,A3 Ablation) Posterior Memory Off,False,100,100,0,0.0,100,100,0,1.0,1.0,0.24140954210504792,0.887201355707516,381.81,411.70000000000005,5.781732709001517,100,0,0,0,0,1.0,0.0,0.0,0.0,0.0,1.0,5.86,0.0,0.0,0.0,0.0,0.0,,0.0,0.0,4.635705168184359,0.8824433318222873,0.0,0.2626661249669269,5.780814624973573,4.635705168184359,0.2626661249669269
20260909_112655_937821,3f2b5a8fb3fffdab239693207bcaa7d708d20a0bb6324163a8c1741f478b736b,5,2187632396,2395032863,2187632396,5,100,50,60,5,30,10.0,120,current,Optimized Pattern Generator,dynamic_session,Dynamic Session Pattern Assignment,50,6,360,90b0b75738c015d10d9c61451d600301cbd7985fd74d339426f513377a2d0dc7,50,10.0,40.31755102040816,1.0,1.0,True,20,6,30,3699990482,749664581abbeae36652585e58f85a0e3cd6c7be1eb1985aa2459f776bd45423,True,bayesian_windowed_timeprior_off,A3 Ablation) Time Prior Off,False,100,100,0,0.0,100,100,0,1.0,1.0,0.1286986221262202,0.7030798204996745,381.81,411.70000000000005,5.839701832999708,100,0,0,0,0,1.0,0.0,0.0,0.0,0.0,1.0,5.86,0.0,0.0,0.0,0.0,0.0,,0.0,0.0,4.6690389650757425,0.8964970389788505,0.0,0.27262832995620556,5.8381643340107985,4.6690389650757425,0.27262832995620556
20260909_112655_937821,3f2b5a8fb3fffdab239693207bcaa7d708d20a0bb6324163a8c1741f478b736b,5,2187632396,433795945,2187632396,5,100,50,60,5,30,10.0,120,current,Optimized Pattern Generator,dynamic_session,Dynamic Session Pattern Assignment,50,6,360,90b0b75738c015d10d9c61451d600301cbd7985fd74d339426f513377a2d0dc7,50,10.0,40.31755102040816,1.0,1.0,True,20,6,30,3699990482,749664581abbeae36652585e58f85a0e3cd6c7be1eb1985aa2459f776bd45423,True,bayesian_windowed_all_off,A3 Ablation) Time Prior + Memory Off,False,100,100,0,0.0,100,100,0,1.0,1.0,0.2419012327050348,0.887201355707516,381.81,411.70000000000005,5.758149792003678,100,0,0,0,0,1.0,0.0,0.0,0.0,0.0,1.0,5.86,0.0,0.0,0.0,0.0,0.0,,0.0,0.0,4.614019290020224,0.8740949110069778,0.0,0.269090673973551,5.7572048750007525,4.614019290020224,0.269090673973551
20260909_112655_937821,3f2b5a8fb3fffdab239693207bcaa7d708d20a0bb6324163a8c1741f478b736b,6,2187632397,1233724833,2187632397,6,100,50,60,5,30,10.0,120,current,Optimized Pattern Generator,dynamic_session,Dynamic Session Pattern Assignment,50,6,360,0da71054f5d16856a133bafcb63dfd41dc2ffb40d254414ca1a78425a1c004fe,50,7.0,38.693061224489796,1.0,1.0,True,20,6,30,3699990483,e254d2cfa50c93d14bf206f46bba52b2d0490e4ef41a777ac13e67fc2d7bc3d4,True,single_only,A1) Refined Cost + Greedy 1:1,True,100,100,0,0.0,100,100,0,1.0,1.0,0.8658184352971087,1.8413658898419274,383.32,423.3,5.842773957992904,100,0,0,0,0,1.0,0.0,0.0,0.0,0.0,1.0,5.89,0.0,0.0,0.0,0.0,0.0,,0.0,0.0,4.585247623064788,0.9852350008150097,0.0,0.2713499601231888,5.8418325840029866,4.585247623064788,0.2713499601231888
20260909_112655_937821,3f2b5a8fb3fffdab239693207bcaa7d708d20a0bb6324163a8c1741f478b736b,6,2187632397,1545686427,2187632397,6,100,50,60,5,30,10.0,120,current,Optimized Pattern Generator,dynamic_session,Dynamic Session Pattern Assignment,50,6,360,0da71054f5d16856a133bafcb63dfd41dc2ffb40d254414ca1a78425a1c004fe,50,7.0,38.693061224489796,1.0,1.0,True,20,6,30,3699990483,e254d2cfa50c93d14bf206f46bba52b2d0490e4ef41a777ac13e67fc2d7bc3d4,True,single_only_dtw_off,A1 Ablation) DTW Off,False,100,100,0,0.0,100,97,0,0.97,0.97,0.8038336028333333,1.7600003900000007,383.32,423.3,5.869144708005479,100,0,0,0,0,1.0,0.0,0.0,0.0,0.0,1.0,5.89,0.0,0.0,0.0,0.0,0.0,,0.0,0.0,4.614533792861039,0.9826827479118947,0.0,0.27102329322951846,5.868239834002452,4.614533792861039,0.27102329322951846
20260909_112655_937821,3f2b5a8fb3fffdab239693207bcaa7d708d20a0bb6324163a8c1741f478b736b,6,2187632397,866312299,2187632397,6,100,50,60,5,30,10.0,120,current,Optimized Pattern Generator,dynamic_session,Dynamic Session Pattern Assignment,50,6,360,0da71054f5d16856a133bafcb63dfd41dc2ffb40d254414ca1a78425a1c004fe,50,7.0,38.693061224489796,1.0,1.0,True,20,6,30,3699990483,e254d2cfa50c93d14bf206f46bba52b2d0490e4ef41a777ac13e67fc2d7bc3d4,True,single_only_step_off,A1 Ablation) Step Signature Off,False,100,100,0,0.0,100,100,0,1.0,1.0,0.06018510196377535,0.21987111554228805,383.32,423.3,5.953263458999572,100,0,0,0,0,1.0,0.0,0.0,0.0,0.0,1.0,5.89,0.0,0.0,0.0,0.0,0.0,,0.0,0.0,4.683132585167186,0.9954907490755431,0.0,0.2731337907607667,5.951757125003496,4.683132585167186,0.2731337907607667
20260909_112655_937821,3f2b5a8fb3fffdab239693207bcaa7d708d20a0bb6324163a8c1741f478b736b,6,2187632397,1815193663,2187632397,6,100,50,60,5,30,10.0,120,current,Optimized Pattern Generator,dynamic_session,Dynamic Session Pattern Assignment,50,6,360,0da71054f5d16856a133bafcb63dfd41dc2ffb40d254414ca1a78425a1c004fe,50,7.0,38.693061224489796,1.0,1.0,True,20,6,30,3699990483,e254d2cfa50c93d14bf206f46bba52b2d0490e4ef41a777ac13e67fc2d7bc3d4,True,single_only_all_off,A1 Ablation) All Waveform Terms Off,False,100,100,0,0.0,100,90,0,0.9,0.9,1.6610002641,8.30000029,383.32,423.3,4.855555457994342,100,0,0,0,0,1.0,0.0,0.0,0.0,0.0,1.0,5.89,0.0,0.0,0.0,0.0,0.0,,0.0,0.0,4.576978213910479,0.0075035818153992295,0.0,0.27013995428569615,4.8546217500115745,4.576978213910479,0.27013995428569615
20260909_112655_937821,3f2b5a8fb3fffdab239693207bcaa7d708d20a0bb6324163a8c1741f478b736b,6,2187632397,2184921380,2187632397,6,100,50,60,5,30,10.0,120,current,Optimized Pattern Generator,dynamic_session,Dynamic Session Pattern Assignment,50,6,360,0da71054f5d16856a133bafcb63dfd41dc2ffb40d254414ca1a78425a1c004fe,50,7.0,38.693061224489796,1.0,1.0,True,20,6,30,3699990483,e254d2cfa50c93d14bf206f46bba52b2d0490e4ef41a777ac13e67fc2d7bc3d4,True,nomura_original_interval_hungarian,A2) Corr+DTW + Hungarian,False,100,100,0,0.0,100,100,0,1.0,1.0,0.06036698515014862,0.15476110170146695,383.32,423.3,7.284835750004277,100,0,0,0,0,1.0,0.0,0.0,0.0,0.0,1.0,5.89,0.0,0.0,0.0,0.0,0.0,,0.0,0.0,4.613592870999128,2.4335098339943215,0.0,0.23617225399357267,7.283274958987022,4.613592870999128,0.23617225399357267
20260909_112655_937821,3f2b5a8fb3fffdab239693207bcaa7d708d20a0bb6324163a8c1741f478b736b,6,2187632397,2176353870,2187632397,6,100,50,60,5,30,10.0,120,current,Optimized Pattern Generator,dynamic_session,Dynamic Session Pattern Assignment,50,6,360,0da71054f5d16856a133bafcb63dfd41dc2ffb40d254414ca1a78425a1c004fe,50,7.0,38.693061224489796,1.0,1.0,True,20,6,30,3699990483,e254d2cfa50c93d14bf206f46bba52b2d0490e4ef41a777ac13e67fc2d7bc3d4,True,nomura_original_interval_hungarian_dtw_off,A2 Ablation) DTW Off (Corr-only),False,100,100,0,0.0,100,100,0,1.0,1.0,0.058643237193724954,0.15476110170146695,383.32,423.3,7.236067332996754,100,0,0,0,0,1.0,0.0,0.0,0.0,0.0,1.0,5.89,0.0,0.0,0.0,0.0,0.0,,0.0,0.0,4.560418661043514,2.4159665849874727,0.0,0.2581760449684225,7.234561290999409,4.560418661043514,0.2581760449684225
20260909_112655_937821,3f2b5a8fb3fffdab239693207bcaa7d708d20a0bb6324163a8c1741f478b736b,6,2187632397,1055930914,2187632397,6,100,50,60,5,30,10.0,120,current,Optimized Pattern Generator,dynamic_session,Dynamic Session Pattern Assignment,50,6,360,0da71054f5d16856a133bafcb63dfd41dc2ffb40d254414ca1a78425a1c004fe,50,7.0,38.693061224489796,1.0,1.0,True,20,6,30,3699990483,e254d2cfa50c93d14bf206f46bba52b2d0490e4ef41a777ac13e67fc2d7bc3d4,True,nomura_original_interval_hungarian_corr_off,A2 Ablation) Corr Off (DTW-only),False,100,100,0,0.0,100,99,0,0.99,0.99,0.0011568496076692024,0.06956971453775761,383.32,423.3,7.330481917015277,100,0,0,0,0,1.0,0.0,0.0,0.0,0.0,1.0,5.89,0.0,0.0,0.0,0.0,0.0,,0.0,0.0,4.626792789757019,2.429844710160978,0.0,0.2729234170692507,7.329560916987248,4.626792789757019,0.2729234170692507
20260909_112655_937821,3f2b5a8fb3fffdab239693207bcaa7d708d20a0bb6324163a8c1741f478b736b,6,2187632397,542446153,2187632397,6,100,50,60,5,30,10.0,120,current,Optimized Pattern Generator,dynamic_session,Dynamic Session Pattern Assignment,50,6,360,0da71054f5d16856a133bafcb63dfd41dc2ffb40d254414ca1a78425a1c004fe,50,7.0,38.693061224489796,1.0,1.0,True,20,6,30,3699990483,e254d2cfa50c93d14bf206f46bba52b2d0490e4ef41a777ac13e67fc2d7bc3d4,True,nomura_original_interval_hungarian_all_off,A2 Ablation) All Waveform Terms Off,False,100,100,0,0.0,100,90,0,0.9,0.9,1.6610002641,8.30000029,383.32,423.3,4.878653125022538,100,0,0,0,0,1.0,0.0,0.0,0.0,0.0,1.0,5.89,0.0,0.0,0.0,0.0,0.0,,0.0,0.0,4.600047000916675,0.007284827850526199,0.0,0.2698591712396592,4.87719100000686,4.600047000916675,0.2698591712396592
20260909_112655_937821,3f2b5a8fb3fffdab239693207bcaa7d708d20a0bb6324163a8c1741f478b736b,6,2187632397,1367392824,2187632397,6,100,50,60,5,30,10.0,120,current,Optimized Pattern Generator,dynamic_session,Dynamic Session Pattern Assignment,50,6,360,0da71054f5d16856a133bafcb63dfd41dc2ffb40d254414ca1a78425a1c004fe,50,7.0,38.693061224489796,1.0,1.0,True,20,6,30,3699990483,e254d2cfa50c93d14bf206f46bba52b2d0490e4ef41a777ac13e67fc2d7bc3d4,True,bayesian_windowed,A3) Two-Stage Bayesian Posterior + Hungarian,False,100,100,0,0.0,100,99,0,0.99,0.99,0.13411743707468823,0.8681436834559443,383.32,423.3,5.74365795799531,100,0,0,0,0,1.0,0.0,0.0,0.0,0.0,1.0,5.89,0.0,0.0,0.0,0.0,0.0,,0.0,0.0,4.565063877147622,0.8988990419893526,0.0,0.27802658086875454,5.7419895000057295,4.565063877147622,0.27802658086875454
20260909_112655_937821,3f2b5a8fb3fffdab239693207bcaa7d708d20a0bb6324163a8c1741f478b736b,6,2187632397,1977915822,2187632397,6,100,50,60,5,30,10.0,120,current,Optimized Pattern Generator,dynamic_session,Dynamic Session Pattern Assignment,50,6,360,0da71054f5d16856a133bafcb63dfd41dc2ffb40d254414ca1a78425a1c004fe,50,7.0,38.693061224489796,1.0,1.0,True,20,6,30,3699990483,e254d2cfa50c93d14bf206f46bba52b2d0490e4ef41a777ac13e67fc2d7bc3d4,True,bayesian_windowed_memory_off,A3 Ablation) Posterior Memory Off,False,100,100,0,0.0,100,100,0,1.0,1.0,0.26530984368482047,1.0277696592294425,383.32,423.3,5.782446458004415,100,0,0,0,0,1.0,0.0,0.0,0.0,0.0,1.0,5.89,0.0,0.0,0.0,0.0,0.0,,0.0,0.0,4.605752424075035,0.9045933329616673,0.0,0.2711467429471668,5.7814924999838695,4.605752424075035,0.2711467429471668
20260909_112655_937821,3f2b5a8fb3fffdab239693207bcaa7d708d20a0bb6324163a8c1741f478b736b,6,2187632397,2395032862,2187632397,6,100,50,60,5,30,10.0,120,current,Optimized Pattern Generator,dynamic_session,Dynamic Session Pattern Assignment,50,6,360,0da71054f5d16856a133bafcb63dfd41dc2ffb40d254414ca1a78425a1c004fe,50,7.0,38.693061224489796,1.0,1.0,True,20,6,30,3699990483,e254d2cfa50c93d14bf206f46bba52b2d0490e4ef41a777ac13e67fc2d7bc3d4,True,bayesian_windowed_timeprior_off,A3 Ablation) Time Prior Off,False,100,100,0,0.0,100,99,0,0.99,0.99,0.13731642542383216,0.8681436834559443,383.32,423.3,5.722538665984757,100,0,0,0,0,1.0,0.0,0.0,0.0,0.0,1.0,5.89,0.0,0.0,0.0,0.0,0.0,,0.0,0.0,4.584619413042674,0.8988844978739507,0.0,0.23766346406773664,5.721167374984361,4.584619413042674,0.23766346406773664
20260909_112655_937821,3f2b5a8fb3fffdab239693207bcaa7d708d20a0bb6324163a8c1741f478b736b,6,2187632397,433795944,2187632397,6,100,50,60,5,30,10.0,120,current,Optimized Pattern Generator,dynamic_session,Dynamic Session Pattern Assignment,50,6,360,0da71054f5d16856a133bafcb63dfd41dc2ffb40d254414ca1a78425a1c004fe,50,7.0,38.693061224489796,1.0,1.0,True,20,6,30,3699990483,e254d2cfa50c93d14bf206f46bba52b2d0490e4ef41a777ac13e67fc2d7bc3d4,True,bayesian_windowed_all_off,A3 Ablation) Time Prior + Memory Off,False,100,100,0,0.0,100,100,0,1.0,1.0,0.2668508554106261,1.0277696592294425,383.32,423.3,5.784967124985997,100,0,0,0,0,1.0,0.0,0.0,0.0,0.0,1.0,5.89,0.0,0.0,0.0,0.0,0.0,,0.0,0.0,4.6212917499942705,0.8892754120170139,0.0,0.27284375397721305,5.783410915988497,4.6212917499942705,0.27284375397721305
20260909_112655_937821,3f2b5a8fb3fffdab239693207bcaa7d708d20a0bb6324163a8c1741f478b736b,7,2187632398,1233724834,2187632398,7,100,50,60,5,30,10.0,120,current,Optimized Pattern Generator,dynamic_session,Dynamic Session Pattern Assignment,50,6,360,a8428bdd906ebddabc4de154a782abfdebc22701ba206985e5ba696371ff7b9a,50,9.0,41.437551020408165,1.0,1.0,True,20,6,30,3699990480,685b40f316b4077852a69a5eeeb736cc6aead8759fb706c672cb6b02fabe376c,True,single_only,A1) Refined Cost + Greedy 1:1,True,100,100,0,0.0,100,99,0,0.99,0.99,0.9704146047688722,2.3204203779565797,379.81,415.1,6.085922958998708,100,0,0,0,0,1.0,0.0,0.0,0.0,0.0,1.0,6.1,0.0,0.0,0.0,0.0,0.0,,0.0,0.0,4.796592288068496,1.0159795409417711,0.0,0.2718522539944388,6.084424083004706,4.796592288068496,0.2718522539944388
20260909_112655_937821,3f2b5a8fb3fffdab239693207bcaa7d708d20a0bb6324163a8c1741f478b736b,7,2187632398,1545686424,2187632398,7,100,50,60,5,30,10.0,120,current,Optimized Pattern Generator,dynamic_session,Dynamic Session Pattern Assignment,50,6,360,a8428bdd906ebddabc4de154a782abfdebc22701ba206985e5ba696371ff7b9a,50,9.0,41.437551020408165,1.0,1.0,True,20,6,30,3699990480,685b40f316b4077852a69a5eeeb736cc6aead8759fb706c672cb6b02fabe376c,True,single_only_dtw_off,A1 Ablation) DTW Off,False,100,100,0,0.0,100,96,0,0.96,0.96,0.8994335873333332,2.183333763333333,379.81,415.1,6.093121292011347,100,0,0,0,0,1.0,0.0,0.0,0.0,0.0,1.0,6.1,0.0,0.0,0.0,0.0,0.0,,0.0,0.0,4.828962537110783,1.0262352938880213,0.0,0.23650837698369287,6.091706207982497,4.828962537110783,0.23650837698369287
20260909_112655_937821,3f2b5a8fb3fffdab239693207bcaa7d708d20a0bb6324163a8c1741f478b736b,7,2187632398,866312296,2187632398,7,100,50,60,5,30,10.0,120,current,Optimized Pattern Generator,dynamic_session,Dynamic Session Pattern Assignment,50,6,360,a8428bdd906ebddabc4de154a782abfdebc22701ba206985e5ba696371ff7b9a,50,9.0,41.437551020408165,1.0,1.0,True,20,6,30,3699990480,685b40f316b4077852a69a5eeeb736cc6aead8759fb706c672cb6b02fabe376c,True,single_only_step_off,A1 Ablation) Step Signature Off,False,100,100,0,0.0,100,100,0,1.0,1.0,0.0610088195186507,0.18601463201051002,379.81,415.1,6.00325924999197,100,0,0,0,0,1.0,0.0,0.0,0.0,0.0,1.0,6.1,0.0,0.0,0.0,0.0,0.0,,0.0,0.0,4.753742129774764,1.0120349170465488,0.0,0.2365279111545533,6.002304957975866,4.753742129774764,0.2365279111545533
20260909_112655_937821,3f2b5a8fb3fffdab239693207bcaa7d708d20a0bb6324163a8c1741f478b736b,7,2187632398,1815193660,2187632398,7,100,50,60,5,30,10.0,120,current,Optimized Pattern Generator,dynamic_session,Dynamic Session Pattern Assignment,50,6,360,a8428bdd906ebddabc4de154a782abfdebc22701ba206985e5ba696371ff7b9a,50,9.0,41.437551020408165,1.0,1.0,True,20,6,30,3699990480,685b40f316b4077852a69a5eeeb736cc6aead8759fb706c672cb6b02fabe376c,True,single_only_all_off,A1 Ablation) All Waveform Terms Off,False,100,100,0,0.0,100,95,0,0.95,0.95,1.5590002505000005,8.40000042,379.81,415.1,5.012267333018826,100,0,0,0,0,1.0,0.0,0.0,0.0,0.0,1.0,6.1,0.0,0.0,0.0,0.0,0.0,,0.0,0.0,4.743726499815239,0.007293169968761504,0.0,0.26033483020728454,5.011354499991285,4.743726499815239,0.26033483020728454
20260909_112655_937821,3f2b5a8fb3fffdab239693207bcaa7d708d20a0bb6324163a8c1741f478b736b,7,2187632398,2184921383,2187632398,7,100,50,60,5,30,10.0,120,current,Optimized Pattern Generator,dynamic_session,Dynamic Session Pattern Assignment,50,6,360,a8428bdd906ebddabc4de154a782abfdebc22701ba206985e5ba696371ff7b9a,50,9.0,41.437551020408165,1.0,1.0,True,20,6,30,3699990480,685b40f316b4077852a69a5eeeb736cc6aead8759fb706c672cb6b02fabe376c,True,nomura_original_interval_hungarian,A2) Corr+DTW + Hungarian,False,100,100,0,0.0,100,100,0,1.0,1.0,0.06184216860220319,0.15632828432835102,379.81,415.1,7.5619723749987315,100,0,0,0,0,1.0,0.0,0.0,0.0,0.0,1.0,6.1,0.0,0.0,0.0,0.0,0.0,,0.0,0.0,4.776266041910276,2.513130576175172,0.0,0.2716363819199614,7.561033000005409,4.776266041910276,0.2716363819199614
20260909_112655_937821,3f2b5a8fb3fffdab239693207bcaa7d708d20a0bb6324163a8c1741f478b736b,7,2187632398,2176353869,2187632398,7,100,50,60,5,30,10.0,120,current,Optimized Pattern Generator,dynamic_session,Dynamic Session Pattern Assignment,50,6,360,a8428bdd906ebddabc4de154a782abfdebc22701ba206985e5ba696371ff7b9a,50,9.0,41.437551020408165,1.0,1.0,True,20,6,30,3699990480,685b40f316b4077852a69a5eeeb736cc6aead8759fb706c672cb6b02fabe376c,True,nomura_original_interval_hungarian_dtw_off,A2 Ablation) DTW Off (Corr-only),False,100,100,0,0.0,100,100,0,1.0,1.0,0.06184216860220319,0.15632828432835102,379.81,415.1,7.559391457994934,100,0,0,0,0,1.0,0.0,0.0,0.0,0.0,1.0,6.1,0.0,0.0,0.0,0.0,0.0,,0.0,0.0,4.784168169047916,2.504576614126563,0.0,0.26955842482857406,7.558303208003053,4.784168169047916,0.26955842482857406
20260909_112655_937821,3f2b5a8fb3fffdab239693207bcaa7d708d20a0bb6324163a8c1741f478b736b,7,2187632398,1055930913,2187632398,7,100,50,60,5,30,10.0,120,current,Optimized Pattern Generator,dynamic_session,Dynamic Session Pattern Assignment,50,6,360,a8428bdd906ebddabc4de154a782abfdebc22701ba206985e5ba696371ff7b9a,50,9.0,41.437551020408165,1.0,1.0,True,20,6,30,3699990480,685b40f316b4077852a69a5eeeb736cc6aead8759fb706c672cb6b02fabe376c,True,nomura_original_interval_hungarian_corr_off,A2 Ablation) Corr Off (DTW-only),False,100,100,0,0.0,100,100,0,1.0,1.0,2.536e-07,4.9e-07,379.81,415.1,7.551025916996878,100,0,0,0,0,1.0,0.0,0.0,0.0,0.0,1.0,6.1,0.0,0.0,0.0,0.0,0.0,,0.0,0.0,4.788984127837466,2.4904439629171975,0.0,0.2706540342478547,7.550082125002518,4.788984127837466,0.2706540342478547
20260909_112655_937821,3f2b5a8fb3fffdab239693207bcaa7d708d20a0bb6324163a8c1741f478b736b,7,2187632398,542446154,2187632398,7,100,50,60,5,30,10.0,120,current,Optimized Pattern Generator,dynamic_session,Dynamic Session Pattern Assignment,50,6,360,a8428bdd906ebddabc4de154a782abfdebc22701ba206985e5ba696371ff7b9a,50,9.0,41.437551020408165,1.0,1.0,True,20,6,30,3699990480,685b40f316b4077852a69a5eeeb736cc6aead8759fb706c672cb6b02fabe376c,True,nomura_original_interval_hungarian_all_off,A2 Ablation) All Waveform Terms Off,False,100,100,0,0.0,100,95,0,0.95,0.95,1.5590002505000005,8.40000042,379.81,415.1,4.971586125000613,100,0,0,0,0,1.0,0.0,0.0,0.0,0.0,1.0,6.1,0.0,0.0,0.0,0.0,0.0,,0.0,0.0,4.7306509521149565,0.007385999662801623,0.0,0.2320624652202241,4.970099416997982,4.7306509521149565,0.2320624652202241
20260909_112655_937821,3f2b5a8fb3fffdab239693207bcaa7d708d20a0bb6324163a8c1741f478b736b,7,2187632398,1367392827,2187632398,7,100,50,60,5,30,10.0,120,current,Optimized Pattern Generator,dynamic_session,Dynamic Session Pattern Assignment,50,6,360,a8428bdd906ebddabc4de154a782abfdebc22701ba206985e5ba696371ff7b9a,50,9.0,41.437551020408165,1.0,1.0,True,20,6,30,3699990480,685b40f316b4077852a69a5eeeb736cc6aead8759fb706c672cb6b02fabe376c,True,bayesian_windowed,A3) Two-Stage Bayesian Posterior + Hungarian,False,100,100,0,0.0,100,100,0,1.0,1.0,0.11373703742452582,0.8152679574679331,379.81,415.1,5.883864583011018,100,0,0,0,0,1.0,0.0,0.0,0.0,0.0,1.0,6.1,0.0,0.0,0.0,0.0,0.0,,0.0,0.0,4.72420333311311,0.9241654510551598,0.0,0.23453509082901292,5.882903874997282,4.72420333311311,0.23453509082901292
20260909_112655_937821,3f2b5a8fb3fffdab239693207bcaa7d708d20a0bb6324163a8c1741f478b736b,7,2187632398,1977915821,2187632398,7,100,50,60,5,30,10.0,120,current,Optimized Pattern Generator,dynamic_session,Dynamic Session Pattern Assignment,50,6,360,a8428bdd906ebddabc4de154a782abfdebc22701ba206985e5ba696371ff7b9a,50,9.0,41.437551020408165,1.0,1.0,True,20,6,30,3699990480,685b40f316b4077852a69a5eeeb736cc6aead8759fb706c672cb6b02fabe376c,True,bayesian_windowed_memory_off,A3 Ablation) Posterior Memory Off,False,100,100,0,0.0,100,99,0,0.99,0.99,0.2163486156052017,0.8990808655650734,379.81,415.1,6.005243583000265,100,0,0,0,0,1.0,0.0,0.0,0.0,0.0,1.0,6.1,0.0,0.0,0.0,0.0,0.0,,0.0,0.0,4.811781418160535,0.9268455817655195,0.0,0.2656692080781795,6.004296208004234,4.811781418160535,0.2656692080781795
20260909_112655_937821,3f2b5a8fb3fffdab239693207bcaa7d708d20a0bb6324163a8c1741f478b736b,7,2187632398,2395032861,2187632398,7,100,50,60,5,30,10.0,120,current,Optimized Pattern Generator,dynamic_session,Dynamic Session Pattern Assignment,50,6,360,a8428bdd906ebddabc4de154a782abfdebc22701ba206985e5ba696371ff7b9a,50,9.0,41.437551020408165,1.0,1.0,True,20,6,30,3699990480,685b40f316b4077852a69a5eeeb736cc6aead8759fb706c672cb6b02fabe376c,True,bayesian_windowed_timeprior_off,A3 Ablation) Time Prior Off,False,100,100,0,0.0,100,100,0,1.0,1.0,0.11408415417565315,0.8152679574679331,379.81,415.1,5.90474266698584,100,0,0,0,0,1.0,0.0,0.0,0.0,0.0,1.0,6.1,0.0,0.0,0.0,0.0,0.0,,0.0,0.0,4.715155085985316,0.9246717899804935,0.0,0.2639647080213763,5.903791583987186,4.715155085985316,0.2639647080213763
20260909_112655_937821,3f2b5a8fb3fffdab239693207bcaa7d708d20a0bb6324163a8c1741f478b736b,7,2187632398,433795947,2187632398,7,100,50,60,5,30,10.0,120,current,Optimized Pattern Generator,dynamic_session,Dynamic Session Pattern Assignment,50,6,360,a8428bdd906ebddabc4de154a782abfdebc22701ba206985e5ba696371ff7b9a,50,9.0,41.437551020408165,1.0,1.0,True,20,6,30,3699990480,685b40f316b4077852a69a5eeeb736cc6aead8759fb706c672cb6b02fabe376c,True,bayesian_windowed_all_off,A3 Ablation) Time Prior + Memory Off,False,100,100,0,0.0,100,99,0,0.99,0.99,0.21671567796893554,0.8990808655650734,379.81,415.1,5.914182834007079,100,0,0,0,0,1.0,0.0,0.0,0.0,0.0,1.0,6.1,0.0,0.0,0.0,0.0,0.0,,0.0,0.0,4.7179080799396615,0.9255492099910043,0.0,0.2692106680769939,5.91266795800766,4.7179080799396615,0.2692106680769939
20260909_112655_937821,3f2b5a8fb3fffdab239693207bcaa7d708d20a0bb6324163a8c1741f478b736b,8,2187632399,1233724835,2187632399,8,100,50,60,5,30,10.0,120,current,Optimized Pattern Generator,dynamic_session,Dynamic Session Pattern Assignment,50,6,360,ef643c860c353bf82e13213f461ae069eb982a580f5c594aad376f677a707110,50,7.0,42.34612244897959,1.0,1.0,True,20,6,30,3699990481,61ea77573e22e9e81da8e368ceb21d1933368bae7a076e111a6254a635af1fad,True,single_only,A1) Refined Cost + Greedy 1:1,True,100,100,0,0.0,100,99,0,0.99,0.99,0.8842310145084497,2.4468763020619413,381.72,411.3,6.473135792009998,100,0,0,0,0,1.0,0.0,0.0,0.0,0.0,1.0,6.49,0.0,0.0,0.0,0.0,0.0,,0.0,0.0,5.123897301033139,1.0887543320131954,0.0,0.25955265894299373,6.472204291989328,5.123897301033139,0.25955265894299373
20260909_112655_937821,3f2b5a8fb3fffdab239693207bcaa7d708d20a0bb6324163a8c1741f478b736b,8,2187632399,1545686425,2187632399,8,100,50,60,5,30,10.0,120,current,Optimized Pattern Generator,dynamic_session,Dynamic Session Pattern Assignment,50,6,360,ef643c860c353bf82e13213f461ae069eb982a580f5c594aad376f677a707110,50,7.0,42.34612244897959,1.0,1.0,True,20,6,30,3699990481,61ea77573e22e9e81da8e368ceb21d1933368bae7a076e111a6254a635af1fad,True,single_only_dtw_off,A1 Ablation) DTW Off,False,100,100,0,0.0,100,98,0,0.98,0.98,0.8172335807333332,2.33000013,381.72,411.3,6.477513917023316,100,0,0,0,0,1.0,0.0,0.0,0.0,0.0,1.0,6.49,0.0,0.0,0.0,0.0,0.0,,0.0,0.0,5.126457710925024,1.0867885439656675,0.0,0.26257653610082343,6.475822790991515,5.126457710925024,0.26257653610082343
20260909_112655_937821,3f2b5a8fb3fffdab239693207bcaa7d708d20a0bb6324163a8c1741f478b736b,8,2187632399,866312297,2187632399,8,100,50,60,5,30,10.0,120,current,Optimized Pattern Generator,dynamic_session,Dynamic Session Pattern Assignment,50,6,360,ef643c860c353bf82e13213f461ae069eb982a580f5c594aad376f677a707110,50,7.0,42.34612244897959,1.0,1.0,True,20,6,30,3699990481,61ea77573e22e9e81da8e368ceb21d1933368bae7a076e111a6254a635af1fad,True,single_only_step_off,A1 Ablation) Step Signature Off,False,100,100,0,0.0,100,100,0,1.0,1.0,0.060944680797660016,0.30471688957650683,381.72,411.3,6.860028791998047,100,0,0,0,0,1.0,0.0,0.0,0.0,0.0,1.0,6.49,0.0,0.0,0.0,0.0,0.0,,0.0,0.0,5.412805420899531,1.154240285861306,0.0,0.29203383525600657,6.859079542016843,5.412805420899531,0.29203383525600657
20260909_112655_937821,3f2b5a8fb3fffdab239693207bcaa7d708d20a0bb6324163a8c1741f478b736b,8,2187632399,1815193661,2187632399,8,100,50,60,5,30,10.0,120,current,Optimized Pattern Generator,dynamic_session,Dynamic Session Pattern Assignment,50,6,360,ef643c860c353bf82e13213f461ae069eb982a580f5c594aad376f677a707110,50,7.0,42.34612244897959,1.0,1.0,True,20,6,30,3699990481,61ea77573e22e9e81da8e368ceb21d1933368bae7a076e111a6254a635af1fad,True,single_only_all_off,A1 Ablation) All Waveform Terms Off,False,100,100,0,0.0,100,92,0,0.92,0.92,1.66900025,7.800000140000001,381.72,411.3,5.776979749993188,100,0,0,0,0,1.0,0.0,0.0,0.0,0.0,1.0,6.49,0.0,0.0,0.0,0.0,0.0,,0.0,0.0,5.472980831080349,0.007885748957050964,0.0,0.2951603789697401,5.77602695900714,5.472980831080349,0.2951603789697401
20260909_112655_937821,3f2b5a8fb3fffdab239693207bcaa7d708d20a0bb6324163a8c1741f478b736b,8,2187632399,2184921382,2187632399,8,100,50,60,5,30,10.0,120,current,Optimized Pattern Generator,dynamic_session,Dynamic Session Pattern Assignment,50,6,360,ef643c860c353bf82e13213f461ae069eb982a580f5c594aad376f677a707110,50,7.0,42.34612244897959,1.0,1.0,True,20,6,30,3699990481,61ea77573e22e9e81da8e368ceb21d1933368bae7a076e111a6254a635af1fad,True,nomura_original_interval_hungarian,A2) Corr+DTW + Hungarian,False,100,100,0,0.0,100,100,0,1.0,1.0,0.05993023606013456,0.22059952811587488,381.72,411.3,8.09555366699351,100,0,0,0,0,1.0,0.0,0.0,0.0,0.0,1.0,6.49,0.0,0.0,0.0,0.0,0.0,,0.0,0.0,5.171778872900177,2.6827158370579127,0.0,0.2401287900574971,8.094623500015587,5.171778872900177,0.2401287900574971
20260909_112655_937821,3f2b5a8fb3fffdab239693207bcaa7d708d20a0bb6324163a8c1741f478b736b,8,2187632399,2176353868,2187632399,8,100,50,60,5,30,10.0,120,current,Optimized Pattern Generator,dynamic_session,Dynamic Session Pattern Assignment,50,6,360,ef643c860c353bf82e13213f461ae069eb982a580f5c594aad376f677a707110,50,7.0,42.34612244897959,1.0,1.0,True,20,6,30,3699990481,61ea77573e22e9e81da8e368ceb21d1933368bae7a076e111a6254a635af1fad,True,nomura_original_interval_hungarian_dtw_off,A2 Ablation) DTW Off (Corr-only),False,100,100,0,0.0,100,100,0,1.0,1.0,0.05970974062091865,0.22059952811587488,381.72,411.3,8.067125458008377,100,0,0,0,0,1.0,0.0,0.0,0.0,0.0,1.0,6.49,0.0,0.0,0.0,0.0,0.0,,0.0,0.0,5.130687168246368,2.694521790050203,0.0,0.24096883268794045,8.066177790984511,5.130687168246368,0.24096883268794045
20260909_112655_937821,3f2b5a8fb3fffdab239693207bcaa7d708d20a0bb6324163a8c1741f478b736b,8,2187632399,1055930912,2187632399,8,100,50,60,5,30,10.0,120,current,Optimized Pattern Generator,dynamic_session,Dynamic Session Pattern Assignment,50,6,360,ef643c860c353bf82e13213f461ae069eb982a580f5c594aad376f677a707110,50,7.0,42.34612244897959,1.0,1.0,True,20,6,30,3699990481,61ea77573e22e9e81da8e368ceb21d1933368bae7a076e111a6254a635af1fad,True,nomura_original_interval_hungarian_corr_off,A2 Ablation) Corr Off (DTW-only),False,100,100,0,0.0,100,100,0,1.0,1.0,0.0002532279190532671,0.025297921905326703,381.72,411.3,8.077461750013754,100,0,0,0,0,1.0,0.0,0.0,0.0,0.0,1.0,6.49,0.0,0.0,0.0,0.0,0.0,,0.0,0.0,5.126901122974232,2.671589584904723,0.0,0.27803837510873564,8.07652908298769,5.126901122974232,0.27803837510873564
20260909_112655_937821,3f2b5a8fb3fffdab239693207bcaa7d708d20a0bb6324163a8c1741f478b736b,8,2187632399,542446155,2187632399,8,100,50,60,5,30,10.0,120,current,Optimized Pattern Generator,dynamic_session,Dynamic Session Pattern Assignment,50,6,360,ef643c860c353bf82e13213f461ae069eb982a580f5c594aad376f677a707110,50,7.0,42.34612244897959,1.0,1.0,True,20,6,30,3699990481,61ea77573e22e9e81da8e368ceb21d1933368bae7a076e111a6254a635af1fad,True,nomura_original_interval_hungarian_all_off,A2 Ablation) All Waveform Terms Off,False,100,100,0,0.0,100,92,0,0.92,0.92,1.66900025,7.800000140000001,381.72,411.3,5.376087458018446,100,0,0,0,0,1.0,0.0,0.0,0.0,0.0,1.0,6.49,0.0,0.0,0.0,0.0,0.0,,0.0,0.0,5.095432122878265,0.0073752089811023325,0.0,0.2715673341299407,5.374374665989308,5.095432122878265,0.2715673341299407
20260909_112655_937821,3f2b5a8fb3fffdab239693207bcaa7d708d20a0bb6324163a8c1741f478b736b,8,2187632399,1367392826,2187632399,8,100,50,60,5,30,10.0,120,current,Optimized Pattern Generator,dynamic_session,Dynamic Session Pattern Assignment,50,6,360,ef643c860c353bf82e13213f461ae069eb982a580f5c594aad376f677a707110,50,7.0,42.34612244897959,1.0,1.0,True,20,6,30,3699990481,61ea77573e22e9e81da8e368ceb21d1933368bae7a076e111a6254a635af1fad,True,bayesian_windowed,A3) Two-Stage Bayesian Posterior + Hungarian,False,100,100,0,0.0,100,100,0,1.0,1.0,0.14946309558201804,0.9516072832823412,381.72,411.3,6.409340916987276,100,0,0,0,0,1.0,0.0,0.0,0.0,0.0,1.0,6.49,0.0,0.0,0.0,0.0,0.0,,0.0,0.0,5.143547794024926,0.9968787488760427,0.0,0.2673507070867345,6.407777249987703,5.143547794024926,0.2673507070867345
20260909_112655_937821,3f2b5a8fb3fffdab239693207bcaa7d708d20a0bb6324163a8c1741f478b736b,8,2187632399,1977915820,2187632399,8,100,50,60,5,30,10.0,120,current,Optimized Pattern Generator,dynamic_session,Dynamic Session Pattern Assignment,50,6,360,ef643c860c353bf82e13213f461ae069eb982a580f5c594aad376f677a707110,50,7.0,42.34612244897959,1.0,1.0,True,20,6,30,3699990481,61ea77573e22e9e81da8e368ceb21d1933368bae7a076e111a6254a635af1fad,True,bayesian_windowed_memory_off,A3 Ablation) Posterior Memory Off,False,100,100,0,0.0,100,99,0,0.99,0.99,0.287961678214637,1.3557101366330555,381.72,411.3,6.392609083006391,100,0,0,0,0,1.0,0.0,0.0,0.0,0.0,1.0,6.49,0.0,0.0,0.0,0.0,0.0,,0.0,0.0,5.140894454962108,0.9774385439814068,0.0,0.27283137605991215,6.391164375003427,5.140894454962108,0.27283137605991215
20260909_112655_937821,3f2b5a8fb3fffdab239693207bcaa7d708d20a0bb6324163a8c1741f478b736b,8,2187632399,2395032860,2187632399,8,100,50,60,5,30,10.0,120,current,Optimized Pattern Generator,dynamic_session,Dynamic Session Pattern Assignment,50,6,360,ef643c860c353bf82e13213f461ae069eb982a580f5c594aad376f677a707110,50,7.0,42.34612244897959,1.0,1.0,True,20,6,30,3699990481,61ea77573e22e9e81da8e368ceb21d1933368bae7a076e111a6254a635af1fad,True,bayesian_windowed_timeprior_off,A3 Ablation) Time Prior Off,False,100,100,0,0.0,100,100,0,1.0,1.0,0.15065034426539328,0.9516072832823412,381.72,411.3,6.41948045801837,100,0,0,0,0,1.0,0.0,0.0,0.0,0.0,1.0,6.49,0.0,0.0,0.0,0.0,0.0,,0.0,0.0,5.139605753269279,1.002161668788176,0.0,0.2767652449256275,6.418532666983083,5.139605753269279,0.2767652449256275
20260909_112655_937821,3f2b5a8fb3fffdab239693207bcaa7d708d20a0bb6324163a8c1741f478b736b,8,2187632399,433795946,2187632399,8,100,50,60,5,30,10.0,120,current,Optimized Pattern Generator,dynamic_session,Dynamic Session Pattern Assignment,50,6,360,ef643c860c353bf82e13213f461ae069eb982a580f5c594aad376f677a707110,50,7.0,42.34612244897959,1.0,1.0,True,20,6,30,3699990481,61ea77573e22e9e81da8e368ceb21d1933368bae7a076e111a6254a635af1fad,True,bayesian_windowed_all_off,A3 Ablation) Time Prior + Memory Off,False,100,100,0,0.0,100,99,0,0.99,0.99,0.2887885894888861,1.3569570501878523,381.72,411.3,6.378477916994598,100,0,0,0,0,1.0,0.0,0.0,0.0,0.0,1.0,6.49,0.0,0.0,0.0,0.0,0.0,,0.0,0.0,5.141049877885962,1.0002618801372591,0.0,0.23569815896917135,6.377009916992392,5.141049877885962,0.23569815896917135
20260909_112655_937821,3f2b5a8fb3fffdab239693207bcaa7d708d20a0bb6324163a8c1741f478b736b,9,2187632400,1233724860,2187632400,9,100,50,60,5,30,10.0,120,current,Optimized Pattern Generator,dynamic_session,Dynamic Session Pattern Assignment,50,6,360,c1040e400467ceb49f5ad847acf1bee48185264b691affa09337a53c2df8c357,50,7.0,39.89714285714286,1.0,1.0,True,20,6,30,3699990478,067a379ecdee98ee9736bc93d2ab8dd2f5cbfbc1095136ca3ebb5a810175bcf6,True,single_only,A1) Refined Cost + Greedy 1:1,True,100,100,0,0.0,100,100,0,1.0,1.0,0.9461556076852885,2.287994707860509,380.97,406.0,6.273007541982224,100,0,0,0,0,1.0,0.0,0.0,0.0,0.0,1.0,6.26,0.0,0.0,0.0,0.0,0.0,,0.0,0.0,4.941697757982183,1.0578517081448808,0.0,0.2725103668635711,6.272059832990635,4.941697757982183,0.2725103668635711
20260909_112655_937821,3f2b5a8fb3fffdab239693207bcaa7d708d20a0bb6324163a8c1741f478b736b,9,2187632400,1545686406,2187632400,9,100,50,60,5,30,10.0,120,current,Optimized Pattern Generator,dynamic_session,Dynamic Session Pattern Assignment,50,6,360,c1040e400467ceb49f5ad847acf1bee48185264b691affa09337a53c2df8c357,50,7.0,39.89714285714286,1.0,1.0,True,20,6,30,3699990478,067a379ecdee98ee9736bc93d2ab8dd2f5cbfbc1095136ca3ebb5a810175bcf6,True,single_only_dtw_off,A1 Ablation) DTW Off,False,100,100,0,0.0,100,97,0,0.97,0.97,0.8691335974333333,2.2600000600000008,380.97,406.0,6.24986679200083,100,0,0,0,0,1.0,0.0,0.0,0.0,0.0,1.0,6.26,0.0,0.0,0.0,0.0,0.0,,0.0,0.0,4.9363972968712915,1.0450705400144216,0.0,0.2674071631336119,6.248875000019325,4.9363972968712915,0.2674071631336119
20260909_112655_937821,3f2b5a8fb3fffdab239693207bcaa7d708d20a0bb6324163a8c1741f478b736b,9,2187632400,866312310,2187632400,9,100,50,60,5,30,10.0,120,current,Optimized Pattern Generator,dynamic_session,Dynamic Session Pattern Assignment,50,6,360,c1040e400467ceb49f5ad847acf1bee48185264b691affa09337a53c2df8c357,50,7.0,39.89714285714286,1.0,1.0,True,20,6,30,3699990478,067a379ecdee98ee9736bc93d2ab8dd2f5cbfbc1095136ca3ebb5a810175bcf6,True,single_only_step_off,A1 Ablation) Step Signature Off,False,100,100,0,0.0,100,100,0,1.0,1.0,0.06682227435195501,0.27729860245091664,380.97,406.0,6.181443249981385,100,0,0,0,0,1.0,0.0,0.0,0.0,0.0,1.0,6.26,0.0,0.0,0.0,0.0,0.0,,0.0,0.0,4.903521622065455,1.0416704098752234,0.0,0.23528530105249956,6.180477332993178,4.903521622065455,0.23528530105249956
20260909_112655_937821,3f2b5a8fb3fffdab239693207bcaa7d708d20a0bb6324163a8c1741f478b736b,9,2187632400,1815193634,2187632400,9,100,50,60,5,30,10.0,120,current,Optimized Pattern Generator,dynamic_session,Dynamic Session Pattern Assignment,50,6,360,c1040e400467ceb49f5ad847acf1bee48185264b691affa09337a53c2df8c357,50,7.0,39.89714285714286,1.0,1.0,True,20,6,30,3699990478,067a379ecdee98ee9736bc93d2ab8dd2f5cbfbc1095136ca3ebb5a810175bcf6,True,single_only_all_off,A1 Ablation) All Waveform Terms Off,False,100,100,0,0.0,100,88,0,0.88,0.88,1.5400002576000003,8.50000037,380.97,406.0,5.168001792015275,100,0,0,0,0,1.0,0.0,0.0,0.0,0.0,1.0,6.26,0.0,0.0,0.0,0.0,0.0,,0.0,0.0,4.895903093158267,0.00732941587921232,0.0,0.26382828294299543,5.167060791980475,4.895903093158267,0.26382828294299543
20260909_112655_937821,3f2b5a8fb3fffdab239693207bcaa7d708d20a0bb6324163a8c1741f478b736b,9,2187632400,2184921401,2187632400,9,100,50,60,5,30,10.0,120,current,Optimized Pattern Generator,dynamic_session,Dynamic Session Pattern Assignment,50,6,360,c1040e400467ceb49f5ad847acf1bee48185264b691affa09337a53c2df8c357,50,7.0,39.89714285714286,1.0,1.0,True,20,6,30,3699990478,067a379ecdee98ee9736bc93d2ab8dd2f5cbfbc1095136ca3ebb5a810175bcf6,True,nomura_original_interval_hungarian,A2) Corr+DTW + Hungarian,False,100,100,0,0.0,100,100,0,1.0,1.0,0.06664358187352579,0.20889717071784497,380.97,406.0,7.78406783301034,100,0,0,0,0,1.0,0.0,0.0,0.0,0.0,1.0,6.26,0.0,0.0,0.0,0.0,0.0,,0.0,0.0,4.942492375936126,2.5692664991074707,0.0,0.27086979095474817,7.782628665998345,4.942492375936126,0.27086979095474817
20260909_112655_937821,3f2b5a8fb3fffdab239693207bcaa7d708d20a0bb6324163a8c1741f478b736b,9,2187632400,2176353875,2187632400,9,100,50,60,5,30,10.0,120,current,Optimized Pattern Generator,dynamic_session,Dynamic Session Pattern Assignment,50,6,360,c1040e400467ceb49f5ad847acf1bee48185264b691affa09337a53c2df8c357,50,7.0,39.89714285714286,1.0,1.0,True,20,6,30,3699990478,067a379ecdee98ee9736bc93d2ab8dd2f5cbfbc1095136ca3ebb5a810175bcf6,True,nomura_original_interval_hungarian_dtw_off,A2 Ablation) DTW Off (Corr-only),False,100,100,0,0.0,100,100,0,1.0,1.0,0.06622565937135415,0.20889717071784497,380.97,406.0,7.7645055830071215,100,0,0,0,0,1.0,0.0,0.0,0.0,0.0,1.0,6.26,0.0,0.0,0.0,0.0,0.0,,0.0,0.0,4.933056118985405,2.5568526251299772,0.0,0.27365871489746496,7.763567459012847,4.933056118985405,0.27365871489746496
20260909_112655_937821,3f2b5a8fb3fffdab239693207bcaa7d708d20a0bb6324163a8c1741f478b736b,9,2187632400,1055930943,2187632400,9,100,50,60,5,30,10.0,120,current,Optimized Pattern Generator,dynamic_session,Dynamic Session Pattern Assignment,50,6,360,c1040e400467ceb49f5ad847acf1bee48185264b691affa09337a53c2df8c357,50,7.0,39.89714285714286,1.0,1.0,True,20,6,30,3699990478,067a379ecdee98ee9736bc93d2ab8dd2f5cbfbc1095136ca3ebb5a810175bcf6,True,nomura_original_interval_hungarian_corr_off,A2 Ablation) Corr Off (DTW-only),False,100,100,0,0.0,100,100,0,1.0,1.0,0.00044223507576314947,0.04419868757631495,380.97,406.0,7.704823584004771,100,0,0,0,0,1.0,0.0,0.0,0.0,0.0,1.0,6.26,0.0,0.0,0.0,0.0,0.0,,0.0,0.0,4.877853709855117,2.562855835247319,0.0,0.2631610798998736,7.70387062500231,4.877853709855117,0.2631610798998736
20260909_112655_937821,3f2b5a8fb3fffdab239693207bcaa7d708d20a0bb6324163a8c1741f478b736b,9,2187632400,542446164,2187632400,9,100,50,60,5,30,10.0,120,current,Optimized Pattern Generator,dynamic_session,Dynamic Session Pattern Assignment,50,6,360,c1040e400467ceb49f5ad847acf1bee48185264b691affa09337a53c2df8c357,50,7.0,39.89714285714286,1.0,1.0,True,20,6,30,3699990478,067a379ecdee98ee9736bc93d2ab8dd2f5cbfbc1095136ca3ebb5a810175bcf6,True,nomura_original_interval_hungarian_all_off,A2 Ablation) All Waveform Terms Off,False,100,100,0,0.0,100,88,0,0.88,0.88,1.5400002576000003,8.50000037,380.97,406.0,5.1196136660000775,100,0,0,0,0,1.0,0.0,0.0,0.0,0.0,1.0,6.26,0.0,0.0,0.0,0.0,0.0,,0.0,0.0,4.8409784619288985,0.007323289173655212,0.0,0.27036295691505075,5.118664708017604,4.8409784619288985,0.27036295691505075
20260909_112655_937821,3f2b5a8fb3fffdab239693207bcaa7d708d20a0bb6324163a8c1741f478b736b,9,2187632400,1367392805,2187632400,9,100,50,60,5,30,10.0,120,current,Optimized Pattern Generator,dynamic_session,Dynamic Session Pattern Assignment,50,6,360,c1040e400467ceb49f5ad847acf1bee48185264b691affa09337a53c2df8c357,50,7.0,39.89714285714286,1.0,1.0,True,20,6,30,3699990478,067a379ecdee98ee9736bc93d2ab8dd2f5cbfbc1095136ca3ebb5a810175bcf6,True,bayesian_windowed,A3) Two-Stage Bayesian Posterior + Hungarian,False,100,100,0,0.0,100,100,0,1.0,1.0,0.1360160737551085,1.258012988952301,380.97,406.0,6.082114624994574,100,0,0,0,0,1.0,0.0,0.0,0.0,0.0,1.0,6.26,0.0,0.0,0.0,0.0,0.0,,0.0,0.0,4.904474169976311,0.9409086250234395,0.0,0.23566378801479004,6.08104658301454,4.904474169976311,0.23566378801479004
20260909_112655_937821,3f2b5a8fb3fffdab239693207bcaa7d708d20a0bb6324163a8c1741f478b736b,9,2187632400,1977915827,2187632400,9,100,50,60,5,30,10.0,120,current,Optimized Pattern Generator,dynamic_session,Dynamic Session Pattern Assignment,50,6,360,c1040e400467ceb49f5ad847acf1bee48185264b691affa09337a53c2df8c357,50,7.0,39.89714285714286,1.0,1.0,True,20,6,30,3699990478,067a379ecdee98ee9736bc93d2ab8dd2f5cbfbc1095136ca3ebb5a810175bcf6,True,bayesian_windowed_memory_off,A3 Ablation) Posterior Memory Off,False,100,100,0,0.0,100,100,0,1.0,1.0,0.25727372633394113,1.4859410921884766,380.97,406.0,6.085840417013969,100,0,0,0,0,1.0,0.0,0.0,0.0,0.0,1.0,6.26,0.0,0.0,0.0,0.0,0.0,,0.0,0.0,4.909789999801433,0.9410525459388737,0.0,0.23344324628124014,6.0842857920215465,4.909789999801433,0.23344324628124014
20260909_112655_937821,3f2b5a8fb3fffdab239693207bcaa7d708d20a0bb6324163a8c1741f478b736b,9,2187632400,2395032835,2187632400,9,100,50,60,5,30,10.0,120,current,Optimized Pattern Generator,dynamic_session,Dynamic Session Pattern Assignment,50,6,360,c1040e400467ceb49f5ad847acf1bee48185264b691affa09337a53c2df8c357,50,7.0,39.89714285714286,1.0,1.0,True,20,6,30,3699990478,067a379ecdee98ee9736bc93d2ab8dd2f5cbfbc1095136ca3ebb5a810175bcf6,True,bayesian_windowed_timeprior_off,A3 Ablation) Time Prior Off,False,100,100,0,0.0,100,100,0,1.0,1.0,0.13787451418675112,1.258012988952301,380.97,406.0,6.131352875003358,100,0,0,0,0,1.0,0.0,0.0,0.0,0.0,1.0,6.26,0.0,0.0,0.0,0.0,0.0,,0.0,0.0,4.9194642878719606,0.9510989561385941,0.0,0.259228131006239,6.129791375016794,4.9194642878719606,0.259228131006239
20260909_112655_937821,3f2b5a8fb3fffdab239693207bcaa7d708d20a0bb6324163a8c1741f478b736b,9,2187632400,433795957,2187632400,9,100,50,60,5,30,10.0,120,current,Optimized Pattern Generator,dynamic_session,Dynamic Session Pattern Assignment,50,6,360,c1040e400467ceb49f5ad847acf1bee48185264b691affa09337a53c2df8c357,50,7.0,39.89714285714286,1.0,1.0,True,20,6,30,3699990478,067a379ecdee98ee9736bc93d2ab8dd2f5cbfbc1095136ca3ebb5a810175bcf6,True,bayesian_windowed_all_off,A3 Ablation) Time Prior + Memory Off,False,100,100,0,0.0,100,100,0,1.0,1.0,0.25831603340012843,1.4859410921884766,380.97,406.0,6.143367999990005,100,0,0,0,0,1.0,0.0,0.0,0.0,0.0,1.0,6.26,0.0,0.0,0.0,0.0,0.0,,0.0,0.0,4.9201724079903215,0.9559242469840683,0.0,0.2663044700457249,6.142401125020115,4.9201724079903215,0.2663044700457249
20260909_112655_937821,3f2b5a8fb3fffdab239693207bcaa7d708d20a0bb6324163a8c1741f478b736b,10,2187632401,1233724861,2187632401,10,100,50,60,5,30,10.0,120,current,Optimized Pattern Generator,dynamic_session,Dynamic Session Pattern Assignment,50,6,360,0c74724d9f0bddd6fa05d5949979d5548e8a8327c7984b0ba4bc2644b8b85eb8,50,10.0,41.50693877551021,1.0,1.0,True,20,6,30,3699990479,fd7287206a69bc13c63bfd5cecb4f6af661270f98f006655ce17cc9d895f44ac,True,single_only,A1) Refined Cost + Greedy 1:1,True,100,100,0,0.0,100,100,0,1.0,1.0,0.9339974708533875,2.030978249969663,379.93,416.1,6.170409957994707,100,0,0,0,0,1.0,0.0,0.0,0.0,0.0,1.0,6.2,0.0,0.0,0.0,0.0,0.0,,0.0,0.0,4.879254586965544,1.052626457880251,0.0,0.2375479971524328,6.169429041998228,4.879254586965544,0.2375479971524328
20260909_112655_937821,3f2b5a8fb3fffdab239693207bcaa7d708d20a0bb6324163a8c1741f478b736b,10,2187632401,1545686407,2187632401,10,100,50,60,5,30,10.0,120,current,Optimized Pattern Generator,dynamic_session,Dynamic Session Pattern Assignment,50,6,360,0c74724d9f0bddd6fa05d5949979d5548e8a8327c7984b0ba4bc2644b8b85eb8,50,10.0,41.50693877551021,1.0,1.0,True,20,6,30,3699990479,fd7287206a69bc13c63bfd5cecb4f6af661270f98f006655ce17cc9d895f44ac,True,single_only_dtw_off,A1 Ablation) DTW Off,False,100,100,0,0.0,100,98,0,0.98,0.98,0.8675669226666669,1.8866669166666665,379.93,416.1,6.224619292013813,100,0,0,0,0,1.0,0.0,0.0,0.0,0.0,1.0,6.2,0.0,0.0,0.0,0.0,0.0,,0.0,0.0,4.916340674069943,1.0435364528966602,0.0,0.2637941650173161,6.223671291983919,4.916340674069943,0.2637941650173161
20260909_112655_937821,3f2b5a8fb3fffdab239693207bcaa7d708d20a0bb6324163a8c1741f478b736b,10,2187632401,866312311,2187632401,10,100,50,60,5,30,10.0,120,current,Optimized Pattern Generator,dynamic_session,Dynamic Session Pattern Assignment,50,6,360,0c74724d9f0bddd6fa05d5949979d5548e8a8327c7984b0ba4bc2644b8b85eb8,50,10.0,41.50693877551021,1.0,1.0,True,20,6,30,3699990479,fd7287206a69bc13c63bfd5cecb4f6af661270f98f006655ce17cc9d895f44ac,True,single_only_step_off,A1 Ablation) Step Signature Off,False,100,100,0,0.0,100,100,0,1.0,1.0,0.06019747085338754,0.24540450094682217,379.93,416.1,6.253115667001111,100,0,0,0,0,1.0,0.0,0.0,0.0,0.0,1.0,6.2,0.0,0.0,0.0,0.0,0.0,,0.0,0.0,4.917832081991946,1.0572190859529655,0.0,0.2771239160501864,6.252175083995098,4.917832081991946,0.2771239160501864
20260909_112655_937821,3f2b5a8fb3fffdab239693207bcaa7d708d20a0bb6324163a8c1741f478b736b,10,2187632401,1815193635,2187632401,10,100,50,60,5,30,10.0,120,current,Optimized Pattern Generator,dynamic_session,Dynamic Session Pattern Assignment,50,6,360,0c74724d9f0bddd6fa05d5949979d5548e8a8327c7984b0ba4bc2644b8b85eb8,50,10.0,41.50693877551021,1.0,1.0,True,20,6,30,3699990479,fd7287206a69bc13c63bfd5cecb4f6af661270f98f006655ce17cc9d895f44ac,True,single_only_all_off,A1 Ablation) All Waveform Terms Off,False,100,100,0,0.0,100,85,0,0.85,0.85,1.6680002494000001,7.900000090000001,379.93,416.1,5.173182625003392,100,0,0,0,0,1.0,0.0,0.0,0.0,0.0,1.0,6.2,0.0,0.0,0.0,0.0,0.0,,0.0,0.0,4.882662579067983,0.007769252028083429,0.0,0.28180783591233194,5.172239667008398,4.882662579067983,0.28180783591233194
20260909_112655_937821,3f2b5a8fb3fffdab239693207bcaa7d708d20a0bb6324163a8c1741f478b736b,10,2187632401,2184921400,2187632401,10,100,50,60,5,30,10.0,120,current,Optimized Pattern Generator,dynamic_session,Dynamic Session Pattern Assignment,50,6,360,0c74724d9f0bddd6fa05d5949979d5548e8a8327c7984b0ba4bc2644b8b85eb8,50,10.0,41.50693877551021,1.0,1.0,True,20,6,30,3699990479,fd7287206a69bc13c63bfd5cecb4f6af661270f98f006655ce17cc9d895f44ac,True,nomura_original_interval_hungarian,A2) Corr+DTW + Hungarian,False,100,100,0,0.0,100,100,0,1.0,1.0,0.05571287227197707,0.18476119690265044,379.93,416.1,7.73193108299165,100,0,0,0,0,1.0,0.0,0.0,0.0,0.0,1.0,6.2,0.0,0.0,0.0,0.0,0.0,,0.0,0.0,4.878593043104047,2.5783481679973193,0.0,0.27333012188319117,7.730271332984557,4.878593043104047,0.27333012188319117
20260909_112655_937821,3f2b5a8fb3fffdab239693207bcaa7d708d20a0bb6324163a8c1741f478b736b,10,2187632401,2176353874,2187632401,10,100,50,60,5,30,10.0,120,current,Optimized Pattern Generator,dynamic_session,Dynamic Session Pattern Assignment,50,6,360,0c74724d9f0bddd6fa05d5949979d5548e8a8327c7984b0ba4bc2644b8b85eb8,50,10.0,41.50693877551021,1.0,1.0,True,20,6,30,3699990479,fd7287206a69bc13c63bfd5cecb4f6af661270f98f006655ce17cc9d895f44ac,True,nomura_original_interval_hungarian_dtw_off,A2 Ablation) DTW Off (Corr-only),False,100,100,0,0.0,100,100,0,1.0,1.0,0.05441689942696784,0.18476119690265044,379.93,416.1,7.769300708023366,100,0,0,0,0,1.0,0.0,0.0,0.0,0.0,1.0,6.2,0.0,0.0,0.0,0.0,0.0,,0.0,0.0,4.931951746024424,2.5885227989638224,0.0,0.24785587200312875,7.768330416991375,4.931951746024424,0.24785587200312875
20260909_112655_937821,3f2b5a8fb3fffdab239693207bcaa7d708d20a0bb6324163a8c1741f478b736b,10,2187632401,1055930942,2187632401,10,100,50,60,5,30,10.0,120,current,Optimized Pattern Generator,dynamic_session,Dynamic Session Pattern Assignment,50,6,360,0c74724d9f0bddd6fa05d5949979d5548e8a8327c7984b0ba4bc2644b8b85eb8,50,10.0,41.50693877551021,1.0,1.0,True,20,6,30,3699990479,fd7287206a69bc13c63bfd5cecb4f6af661270f98f006655ce17cc9d895f44ac,True,nomura_original_interval_hungarian_corr_off,A2 Ablation) Corr Off (DTW-only),False,100,100,0,0.0,100,100,0,1.0,1.0,0.001356739295121987,0.09166395427406304,379.93,416.1,7.7178930419904646,100,0,0,0,0,1.0,0.0,0.0,0.0,0.0,1.0,6.2,0.0,0.0,0.0,0.0,0.0,,0.0,0.0,4.885489673906704,2.5720323790155817,0.0,0.25946844706777483,7.716990499990061,4.885489673906704,0.25946844706777483
20260909_112655_937821,3f2b5a8fb3fffdab239693207bcaa7d708d20a0bb6324163a8c1741f478b736b,10,2187632401,542446165,2187632401,10,100,50,60,5,30,10.0,120,current,Optimized Pattern Generator,dynamic_session,Dynamic Session Pattern Assignment,50,6,360,0c74724d9f0bddd6fa05d5949979d5548e8a8327c7984b0ba4bc2644b8b85eb8,50,10.0,41.50693877551021,1.0,1.0,True,20,6,30,3699990479,fd7287206a69bc13c63bfd5cecb4f6af661270f98f006655ce17cc9d895f44ac,True,nomura_original_interval_hungarian_all_off,A2 Ablation) All Waveform Terms Off,False,100,100,0,0.0,100,85,0,0.85,0.85,1.6680002494000001,7.900000090000001,379.93,416.1,5.111567707994254,100,0,0,0,0,1.0,0.0,0.0,0.0,0.0,1.0,6.2,0.0,0.0,0.0,0.0,0.0,,0.0,0.0,4.838290084910113,0.00734212901443243,0.0,0.2649797030899208,5.110611917014467,4.838290084910113,0.2649797030899208
20260909_112655_937821,3f2b5a8fb3fffdab239693207bcaa7d708d20a0bb6324163a8c1741f478b736b,10,2187632401,1367392804,2187632401,10,100,50,60,5,30,10.0,120,current,Optimized Pattern Generator,dynamic_session,Dynamic Session Pattern Assignment,50,6,360,0c74724d9f0bddd6fa05d5949979d5548e8a8327c7984b0ba4bc2644b8b85eb8,50,10.0,41.50693877551021,1.0,1.0,True,20,6,30,3699990479,fd7287206a69bc13c63bfd5cecb4f6af661270f98f006655ce17cc9d895f44ac,True,bayesian_windowed,A3) Two-Stage Bayesian Posterior + Hungarian,False,100,100,0,0.0,100,100,0,1.0,1.0,0.16107684515504636,0.9481992874718653,379.93,416.1,6.084770291985478,100,0,0,0,0,1.0,0.0,0.0,0.0,0.0,1.0,6.2,0.0,0.0,0.0,0.0,0.0,,0.0,0.0,4.8617422910174355,0.9501813300303183,0.0,0.27186721295583993,6.083790834003594,4.8617422910174355,0.27186721295583993
20260909_112655_937821,3f2b5a8fb3fffdab239693207bcaa7d708d20a0bb6324163a8c1741f478b736b,10,2187632401,1977915826,2187632401,10,100,50,60,5,30,10.0,120,current,Optimized Pattern Generator,dynamic_session,Dynamic Session Pattern Assignment,50,6,360,0c74724d9f0bddd6fa05d5949979d5548e8a8327c7984b0ba4bc2644b8b85eb8,50,10.0,41.50693877551021,1.0,1.0,True,20,6,30,3699990479,fd7287206a69bc13c63bfd5cecb4f6af661270f98f006655ce17cc9d895f44ac,True,bayesian_windowed_memory_off,A3 Ablation) Posterior Memory Off,False,100,100,0,0.0,100,100,0,1.0,1.0,0.3008140801784806,1.3583865334269007,379.93,416.1,6.0969291670189705,100,0,0,0,0,1.0,0.0,0.0,0.0,0.0,1.0,6.2,0.0,0.0,0.0,0.0,0.0,,0.0,0.0,4.8852123747929,0.9437552469898947,0.0,0.26702246122295037,6.095990083005745,4.8852123747929,0.26702246122295037
20260909_112655_937821,3f2b5a8fb3fffdab239693207bcaa7d708d20a0bb6324163a8c1741f478b736b,10,2187632401,2395032834,2187632401,10,100,50,60,5,30,10.0,120,current,Optimized Pattern Generator,dynamic_session,Dynamic Session Pattern Assignment,50,6,360,0c74724d9f0bddd6fa05d5949979d5548e8a8327c7984b0ba4bc2644b8b85eb8,50,10.0,41.50693877551021,1.0,1.0,True,20,6,30,3699990479,fd7287206a69bc13c63bfd5cecb4f6af661270f98f006655ce17cc9d895f44ac,True,bayesian_windowed_timeprior_off,A3 Ablation) Time Prior Off,False,100,100,0,0.0,100,100,0,1.0,1.0,0.16284707116502478,0.9734780596013569,379.93,416.1,6.209420457977103,100,0,0,0,0,1.0,0.0,0.0,0.0,0.0,1.0,6.2,0.0,0.0,0.0,0.0,0.0,,0.0,0.0,4.968819283065386,0.967788705980638,0.0,0.2712637199438177,6.207871708989842,4.968819283065386,0.2712637199438177
20260909_112655_937821,3f2b5a8fb3fffdab239693207bcaa7d708d20a0bb6324163a8c1741f478b736b,10,2187632401,433795956,2187632401,10,100,50,60,5,30,10.0,120,current,Optimized Pattern Generator,dynamic_session,Dynamic Session Pattern Assignment,50,6,360,0c74724d9f0bddd6fa05d5949979d5548e8a8327c7984b0ba4bc2644b8b85eb8,50,10.0,41.50693877551021,1.0,1.0,True,20,6,30,3699990479,fd7287206a69bc13c63bfd5cecb4f6af661270f98f006655ce17cc9d895f44ac,True,bayesian_windowed_all_off,A3 Ablation) Time Prior + Memory Off,False,100,100,0,0.0,100,100,0,1.0,1.0,0.30189865863197984,1.3681363740868844,379.93,416.1,6.126613041997189,100,0,0,0,0,1.0,0.0,0.0,0.0,0.0,1.0,6.2,0.0,0.0,0.0,0.0,0.0,,0.0,0.0,4.914311044092756,0.9390360801189672,0.0,0.2723391678009648,6.125686292012688,4.914311044092756,0.2723391678009648
20260909_112655_937821,3f2b5a8fb3fffdab239693207bcaa7d708d20a0bb6324163a8c1741f478b736b,11,2187632402,1233724862,2187632402,11,100,50,60,5,30,10.0,120,current,Optimized Pattern Generator,dynamic_session,Dynamic Session Pattern Assignment,50,6,360,72d7afc4b3808817c835ee3f5bea44df8bfbc48b315e7e459e3d1cf7ae08a10a,50,11.0,41.50693877551021,1.0,1.0,True,20,6,30,3699990476,57111ccbe85ba5b89d8daee3d6c5550013150f12e844efe4a9d03777fdee839a,True,single_only,A1) Refined Cost + Greedy 1:1,True,100,100,0,0.0,100,99,0,0.99,0.99,0.9209083096746093,2.3149157401996487,382.04,423.3,6.673118375008926,100,0,0,0,0,1.0,0.0,0.0,0.0,0.0,1.0,6.75,0.0,0.0,0.0,0.0,0.0,,0.0,0.0,5.322080958983861,1.123356081021484,0.0,0.2267488770012278,6.672185917006573,5.322080958983861,0.2267488770012278
20260909_112655_937821,3f2b5a8fb3fffdab239693207bcaa7d708d20a0bb6324163a8c1741f478b736b,11,2187632402,1545686404,2187632402,11,100,50,60,5,30,10.0,120,current,Optimized Pattern Generator,dynamic_session,Dynamic Session Pattern Assignment,50,6,360,72d7afc4b3808817c835ee3f5bea44df8bfbc48b315e7e459e3d1cf7ae08a10a,50,11.0,41.50693877551021,1.0,1.0,True,20,6,30,3699990476,57111ccbe85ba5b89d8daee3d6c5550013150f12e844efe4a9d03777fdee839a,True,single_only_dtw_off,A1 Ablation) DTW Off,False,100,100,0,0.0,100,97,0,0.97,0.97,0.8417669112666667,2.2566670466666663,382.04,423.3,6.701617834012723,100,0,0,0,0,1.0,0.0,0.0,0.0,0.0,1.0,6.75,0.0,0.0,0.0,0.0,0.0,,0.0,0.0,5.30312720593065,1.1321345911128446,0.0,0.2654246199526824,6.700686416996177,5.30312720593065,0.2654246199526824
20260909_112655_937821,3f2b5a8fb3fffdab239693207bcaa7d708d20a0bb6324163a8c1741f478b736b,11,2187632402,866312308,2187632402,11,100,50,60,5,30,10.0,120,current,Optimized Pattern Generator,dynamic_session,Dynamic Session Pattern Assignment,50,6,360,72d7afc4b3808817c835ee3f5bea44df8bfbc48b315e7e459e3d1cf7ae08a10a,50,11.0,41.50693877551021,1.0,1.0,True,20,6,30,3699990476,57111ccbe85ba5b89d8daee3d6c5550013150f12e844efe4a9d03777fdee839a,True,single_only_step_off,A1 Ablation) Step Signature Off,False,100,100,0,0.0,100,100,0,1.0,1.0,0.06870493013639761,0.20586961539450957,382.04,423.3,6.676341790996958,100,0,0,0,0,1.0,0.0,0.0,0.0,0.0,1.0,6.75,0.0,0.0,0.0,0.0,0.0,,0.0,0.0,5.272837416647235,1.1344555810792372,0.0,0.2681178772763815,6.675410875002854,5.272837416647235,0.2681178772763815
20260909_112655_937821,3f2b5a8fb3fffdab239693207bcaa7d708d20a0bb6324163a8c1741f478b736b,11,2187632402,1815193632,2187632402,11,100,50,60,5,30,10.0,120,current,Optimized Pattern Generator,dynamic_session,Dynamic Session Pattern Assignment,50,6,360,72d7afc4b3808817c835ee3f5bea44df8bfbc48b315e7e459e3d1cf7ae08a10a,50,11.0,41.50693877551021,1.0,1.0,True,20,6,30,3699990476,57111ccbe85ba5b89d8daee3d6c5550013150f12e844efe4a9d03777fdee839a,True,single_only_all_off,A1 Ablation) All Waveform Terms Off,False,100,100,0,0.0,100,89,0,0.89,0.89,1.5660002416999999,7.50000027,382.04,423.3,5.5534180419927,100,0,0,0,0,1.0,0.0,0.0,0.0,0.0,1.0,6.75,0.0,0.0,0.0,0.0,0.0,,0.0,0.0,5.27492466676631,0.00754908102680929,0.0,0.2700047102116514,5.552478458004771,5.27492466676631,0.2700047102116514
20260909_112655_937821,3f2b5a8fb3fffdab239693207bcaa7d708d20a0bb6324163a8c1741f478b736b,11,2187632402,2184921403,2187632402,11,100,50,60,5,30,10.0,120,current,Optimized Pattern Generator,dynamic_session,Dynamic Session Pattern Assignment,50,6,360,72d7afc4b3808817c835ee3f5bea44df8bfbc48b315e7e459e3d1cf7ae08a10a,50,11.0,41.50693877551021,1.0,1.0,True,20,6,30,3699990476,57111ccbe85ba5b89d8daee3d6c5550013150f12e844efe4a9d03777fdee839a,True,nomura_original_interval_hungarian,A2) Corr+DTW + Hungarian,False,100,100,0,0.0,100,100,0,1.0,1.0,0.058852521336426135,0.17476153419791707,382.04,423.3,8.386349458014593,100,0,0,0,0,1.0,0.0,0.0,0.0,0.0,1.0,6.75,0.0,0.0,0.0,0.0,0.0,,0.0,0.0,5.31948758487124,2.792345753055997,0.0,0.27294582905597053,8.384779166983208,5.31948758487124,0.27294582905597053
20260909_112655_937821,3f2b5a8fb3fffdab239693207bcaa7d708d20a0bb6324163a8c1741f478b736b,11,2187632402,2176353873,2187632402,11,100,50,60,5,30,10.0,120,current,Optimized Pattern Generator,dynamic_session,Dynamic Session Pattern Assignment,50,6,360,72d7afc4b3808817c835ee3f5bea44df8bfbc48b315e7e459e3d1cf7ae08a10a,50,11.0,41.50693877551021,1.0,1.0,True,20,6,30,3699990476,57111ccbe85ba5b89d8daee3d6c5550013150f12e844efe4a9d03777fdee839a,True,nomura_original_interval_hungarian_dtw_off,A2 Ablation) DTW Off (Corr-only),False,100,100,0,0.0,100,100,0,1.0,1.0,0.05834812984281939,0.17476153419791707,382.04,423.3,8.302395332982996,100,0,0,0,0,1.0,0.0,0.0,0.0,0.0,1.0,6.75,0.0,0.0,0.0,0.0,0.0,,0.0,0.0,5.307983579055872,2.756582704896573,0.0,0.23688950802898034,8.301455791981425,5.307983579055872,0.23688950802898034
20260909_112655_937821,3f2b5a8fb3fffdab239693207bcaa7d708d20a0bb6324163a8c1741f478b736b,11,2187632402,1055930941,2187632402,11,100,50,60,5,30,10.0,120,current,Optimized Pattern Generator,dynamic_session,Dynamic Session Pattern Assignment,50,6,360,72d7afc4b3808817c835ee3f5bea44df8bfbc48b315e7e459e3d1cf7ae08a10a,50,11.0,41.50693877551021,1.0,1.0,True,20,6,30,3699990476,57111ccbe85ba5b89d8daee3d6c5550013150f12e844efe4a9d03777fdee839a,True,nomura_original_interval_hungarian_corr_off,A2 Ablation) Corr Off (DTW-only),False,100,100,0,0.0,100,99,0,0.99,0.99,2.397e-07,4.8e-07,382.04,423.3,8.513683333992958,100,0,0,0,0,1.0,0.0,0.0,0.0,0.0,1.0,6.75,0.0,0.0,0.0,0.0,0.0,,0.0,0.0,5.465236999094486,2.7773047519731335,0.0,0.2702350399340503,8.51277679100167,5.465236999094486,0.2702350399340503
20260909_112655_937821,3f2b5a8fb3fffdab239693207bcaa7d708d20a0bb6324163a8c1741f478b736b,11,2187632402,542446166,2187632402,11,100,50,60,5,30,10.0,120,current,Optimized Pattern Generator,dynamic_session,Dynamic Session Pattern Assignment,50,6,360,72d7afc4b3808817c835ee3f5bea44df8bfbc48b315e7e459e3d1cf7ae08a10a,50,11.0,41.50693877551021,1.0,1.0,True,20,6,30,3699990476,57111ccbe85ba5b89d8daee3d6c5550013150f12e844efe4a9d03777fdee839a,True,nomura_original_interval_hungarian_all_off,A2 Ablation) All Waveform Terms Off,False,100,100,0,0.0,100,89,0,0.89,0.89,1.5660002416999999,7.50000027,382.04,423.3,6.006319541978883,100,0,0,0,0,1.0,0.0,0.0,0.0,0.0,1.0,6.75,0.0,0.0,0.0,0.0,0.0,,0.0,0.0,5.699394049792318,0.008102875086478889,0.0,0.29695478311623447,6.004451707995031,5.699394049792318,0.29695478311623447
20260909_112655_937821,3f2b5a8fb3fffdab239693207bcaa7d708d20a0bb6324163a8c1741f478b736b,11,2187632402,1367392807,2187632402,11,100,50,60,5,30,10.0,120,current,Optimized Pattern Generator,dynamic_session,Dynamic Session Pattern Assignment,50,6,360,72d7afc4b3808817c835ee3f5bea44df8bfbc48b315e7e459e3d1cf7ae08a10a,50,11.0,41.50693877551021,1.0,1.0,True,20,6,30,3699990476,57111ccbe85ba5b89d8daee3d6c5550013150f12e844efe4a9d03777fdee839a,True,bayesian_windowed,A3) Two-Stage Bayesian Posterior + Hungarian,False,100,100,0,0.0,100,100,0,1.0,1.0,0.16376725571484305,1.1274212141774214,382.04,423.3,6.872971832985058,100,0,0,0,0,1.0,0.0,0.0,0.0,0.0,1.0,6.75,0.0,0.0,0.0,0.0,0.0,,0.0,0.0,5.520221669750754,1.0632423770730384,0.0,0.28856624517356977,6.872030291997362,5.520221669750754,0.28856624517356977
20260909_112655_937821,3f2b5a8fb3fffdab239693207bcaa7d708d20a0bb6324163a8c1741f478b736b,11,2187632402,1977915825,2187632402,11,100,50,60,5,30,10.0,120,current,Optimized Pattern Generator,dynamic_session,Dynamic Session Pattern Assignment,50,6,360,72d7afc4b3808817c835ee3f5bea44df8bfbc48b315e7e459e3d1cf7ae08a10a,50,11.0,41.50693877551021,1.0,1.0,True,20,6,30,3699990476,57111ccbe85ba5b89d8daee3d6c5550013150f12e844efe4a9d03777fdee839a,True,bayesian_windowed_memory_off,A3 Ablation) Posterior Memory Off,False,100,100,0,0.0,100,99,0,0.99,0.99,0.29945118276726856,1.3624527944872757,382.04,423.3,6.639159167010803,100,0,0,0,0,1.0,0.0,0.0,0.0,0.0,1.0,6.75,0.0,0.0,0.0,0.0,0.0,,0.0,0.0,5.357426292961463,1.0080934520228766,0.0,0.27268746300251223,6.638207207986852,5.357426292961463,0.27268746300251223
20260909_112655_937821,3f2b5a8fb3fffdab239693207bcaa7d708d20a0bb6324163a8c1741f478b736b,11,2187632402,2395032833,2187632402,11,100,50,60,5,30,10.0,120,current,Optimized Pattern Generator,dynamic_session,Dynamic Session Pattern Assignment,50,6,360,72d7afc4b3808817c835ee3f5bea44df8bfbc48b315e7e459e3d1cf7ae08a10a,50,11.0,41.50693877551021,1.0,1.0,True,20,6,30,3699990476,57111ccbe85ba5b89d8daee3d6c5550013150f12e844efe4a9d03777fdee839a,True,bayesian_windowed_timeprior_off,A3 Ablation) Time Prior Off,False,100,100,0,0.0,100,100,0,1.0,1.0,0.1661430880438651,1.1332672350214577,382.04,423.3,6.590510332986014,100,0,0,0,0,1.0,0.0,0.0,0.0,0.0,1.0,6.75,0.0,0.0,0.0,0.0,0.0,,0.0,0.0,5.295876576012233,1.0213772477873135,0.0,0.2715924262010958,6.588846250000643,5.295876576012233,0.2715924262010958
20260909_112655_937821,3f2b5a8fb3fffdab239693207bcaa7d708d20a0bb6324163a8c1741f478b736b,11,2187632402,433795959,2187632402,11,100,50,60,5,30,10.0,120,current,Optimized Pattern Generator,dynamic_session,Dynamic Session Pattern Assignment,50,6,360,72d7afc4b3808817c835ee3f5bea44df8bfbc48b315e7e459e3d1cf7ae08a10a,50,11.0,41.50693877551021,1.0,1.0,True,20,6,30,3699990476,57111ccbe85ba5b89d8daee3d6c5550013150f12e844efe4a9d03777fdee839a,True,bayesian_windowed_all_off,A3 Ablation) Time Prior + Memory Off,False,100,100,0,0.0,100,99,0,0.99,0.99,0.30048542776636716,1.3711463945248328,382.04,423.3,6.58588758300175,100,0,0,0,0,1.0,0.0,0.0,0.0,0.0,1.0,6.75,0.0,0.0,0.0,0.0,0.0,,0.0,0.0,5.328729331144132,1.0223286668478977,0.0,0.23324496002169326,6.584302958013723,5.328729331144132,0.23324496002169326
20260909_112655_937821,3f2b5a8fb3fffdab239693207bcaa7d708d20a0bb6324163a8c1741f478b736b,12,2187632403,1233724863,2187632403,12,100,50,60,5,30,10.0,120,current,Optimized Pattern Generator,dynamic_session,Dynamic Session Pattern Assignment,50,6,360,c53d0d3a6694ab87f0145b9394ed74b92272bfec31571701447ad339fd6d75ea,50,8.0,41.99836734693878,1.0,1.0,True,20,6,30,3699990477,f5456cba4fd3dcd3c44acfdf8b633c552b9ed7622dac52caa712ec4436a34cf9,True,single_only,A1) Refined Cost + Greedy 1:1,True,100,100,0,0.0,100,99,0,0.99,0.99,0.9000938050946564,2.5184569107423482,378.63,395.3,6.643402374989819,100,0,0,0,0,1.0,0.0,0.0,0.0,0.0,1.0,6.73,0.0,0.0,0.0,0.0,0.0,,0.0,0.0,5.255342586955521,1.1187029559223447,0.0,0.2677412491175346,6.641786791995401,5.255342586955521,0.2677412491175346
20260909_112655_937821,3f2b5a8fb3fffdab239693207bcaa7d708d20a0bb6324163a8c1741f478b736b,12,2187632403,1545686405,2187632403,12,100,50,60,5,30,10.0,120,current,Optimized Pattern Generator,dynamic_session,Dynamic Session Pattern Assignment,50,6,360,c53d0d3a6694ab87f0145b9394ed74b92272bfec31571701447ad339fd6d75ea,50,8.0,41.99836734693878,1.0,1.0,True,20,6,30,3699990477,f5456cba4fd3dcd3c44acfdf8b633c552b9ed7622dac52caa712ec4436a34cf9,True,single_only_dtw_off,A1 Ablation) DTW Off,False,100,100,0,0.0,100,98,0,0.98,0.98,0.8247669277666668,2.4733336633333343,378.63,395.3,6.6441805840004236,100,0,0,0,0,1.0,0.0,0.0,0.0,0.0,1.0,6.73,0.0,0.0,0.0,0.0,0.0,,0.0,0.0,5.250618285906967,1.1243153349496424,0.0,0.2682783371419646,6.643211957998574,5.250618285906967,0.2682783371419646
20260909_112655_937821,3f2b5a8fb3fffdab239693207bcaa7d708d20a0bb6324163a8c1741f478b736b,12,2187632403,866312309,2187632403,12,100,50,60,5,30,10.0,120,current,Optimized Pattern Generator,dynamic_session,Dynamic Session Pattern Assignment,50,6,360,c53d0d3a6694ab87f0145b9394ed74b92272bfec31571701447ad339fd6d75ea,50,8.0,41.99836734693878,1.0,1.0,True,20,6,30,3699990477,f5456cba4fd3dcd3c44acfdf8b633c552b9ed7622dac52caa712ec4436a34cf9,True,single_only_step_off,A1 Ablation) Step Signature Off,False,100,100,0,0.0,100,100,0,1.0,1.0,0.06918712211086812,0.2879847230635989,378.63,395.3,6.603512417001184,100,0,0,0,0,1.0,0.0,0.0,0.0,0.0,1.0,6.73,0.0,0.0,0.0,0.0,0.0,,0.0,0.0,5.219248209235957,1.1458614150178619,0.0,0.23744104173965752,6.602550665993476,5.219248209235957,0.23744104173965752
20260909_112655_937821,3f2b5a8fb3fffdab239693207bcaa7d708d20a0bb6324163a8c1741f478b736b,12,2187632403,1815193633,2187632403,12,100,50,60,5,30,10.0,120,current,Optimized Pattern Generator,dynamic_session,Dynamic Session Pattern Assignment,50,6,360,c53d0d3a6694ab87f0145b9394ed74b92272bfec31571701447ad339fd6d75ea,50,8.0,41.99836734693878,1.0,1.0,True,20,6,30,3699990477,f5456cba4fd3dcd3c44acfdf8b633c552b9ed7622dac52caa712ec4436a34cf9,True,single_only_all_off,A1 Ablation) All Waveform Terms Off,False,100,100,0,0.0,100,91,0,0.91,0.91,1.3160002571999998,8.700000170000001,378.63,395.3,5.476576666987967,100,0,0,0,0,1.0,0.0,0.0,0.0,0.0,1.0,6.73,0.0,0.0,0.0,0.0,0.0,,0.0,0.0,5.205621708999388,0.00727137690410018,0.0,0.26217578910291195,5.4750688750064,5.205621708999388,0.26217578910291195
20260909_112655_937821,3f2b5a8fb3fffdab239693207bcaa7d708d20a0bb6324163a8c1741f478b736b,12,2187632403,2184921402,2187632403,12,100,50,60,5,30,10.0,120,current,Optimized Pattern Generator,dynamic_session,Dynamic Session Pattern Assignment,50,6,360,c53d0d3a6694ab87f0145b9394ed74b92272bfec31571701447ad339fd6d75ea,50,8.0,41.99836734693878,1.0,1.0,True,20,6,30,3699990477,f5456cba4fd3dcd3c44acfdf8b633c552b9ed7622dac52caa712ec4436a34cf9,True,nomura_original_interval_hungarian,A2) Corr+DTW + Hungarian,False,100,100,0,0.0,100,100,0,1.0,1.0,0.060449809140674354,0.28201404711970063,378.63,395.3,8.306343665986788,100,0,0,0,0,1.0,0.0,0.0,0.0,0.0,1.0,6.73,0.0,0.0,0.0,0.0,0.0,,0.0,0.0,5.261519880150445,2.771318413055269,0.0,0.2725493317702785,8.305387624975992,5.261519880150445,0.2725493317702785
20260909_112655_937821,3f2b5a8fb3fffdab239693207bcaa7d708d20a0bb6324163a8c1741f478b736b,12,2187632403,2176353872,2187632403,12,100,50,60,5,30,10.0,120,current,Optimized Pattern Generator,dynamic_session,Dynamic Session Pattern Assignment,50,6,360,c53d0d3a6694ab87f0145b9394ed74b92272bfec31571701447ad339fd6d75ea,50,8.0,41.99836734693878,1.0,1.0,True,20,6,30,3699990477,f5456cba4fd3dcd3c44acfdf8b633c552b9ed7622dac52caa712ec4436a34cf9,True,nomura_original_interval_hungarian_dtw_off,A2 Ablation) DTW Off (Corr-only),False,100,100,0,0.0,100,100,0,1.0,1.0,0.057820243506293494,0.14822972824508227,378.63,395.3,8.32312129199272,100,0,0,0,0,1.0,0.0,0.0,0.0,0.0,1.0,6.73,0.0,0.0,0.0,0.0,0.0,,0.0,0.0,5.281205998064252,2.7663648339221254,0.0,0.27408775099320337,8.32165858297958,5.281205998064252,0.27408775099320337
20260909_112655_937821,3f2b5a8fb3fffdab239693207bcaa7d708d20a0bb6324163a8c1741f478b736b,12,2187632403,1055930940,2187632403,12,100,50,60,5,30,10.0,120,current,Optimized Pattern Generator,dynamic_session,Dynamic Session Pattern Assignment,50,6,360,c53d0d3a6694ab87f0145b9394ed74b92272bfec31571701447ad339fd6d75ea,50,8.0,41.99836734693878,1.0,1.0,True,20,6,30,3699990477,f5456cba4fd3dcd3c44acfdf8b633c552b9ed7622dac52caa712ec4436a34cf9,True,nomura_original_interval_hungarian_corr_off,A2 Ablation) Corr Off (DTW-only),False,100,100,0,0.0,100,98,0,0.98,0.98,2.5639999999999994e-07,4.9e-07,378.63,395.3,8.321845916012535,100,0,0,0,0,1.0,0.0,0.0,0.0,0.0,1.0,6.73,0.0,0.0,0.0,0.0,0.0,,0.0,0.0,5.273603414883837,2.7744214542617556,0.0,0.27287267183419317,8.320897540979786,5.273603414883837,0.27287267183419317
20260909_112655_937821,3f2b5a8fb3fffdab239693207bcaa7d708d20a0bb6324163a8c1741f478b736b,12,2187632403,542446167,2187632403,12,100,50,60,5,30,10.0,120,current,Optimized Pattern Generator,dynamic_session,Dynamic Session Pattern Assignment,50,6,360,c53d0d3a6694ab87f0145b9394ed74b92272bfec31571701447ad339fd6d75ea,50,8.0,41.99836734693878,1.0,1.0,True,20,6,30,3699990477,f5456cba4fd3dcd3c44acfdf8b633c552b9ed7622dac52caa712ec4436a34cf9,True,nomura_original_interval_hungarian_all_off,A2 Ablation) All Waveform Terms Off,False,100,100,0,0.0,100,91,0,0.91,0.91,1.3160002571999998,8.700000170000001,378.63,395.3,5.485925582994241,100,0,0,0,0,1.0,0.0,0.0,0.0,0.0,1.0,6.73,0.0,0.0,0.0,0.0,0.0,,0.0,0.0,5.211803540005349,0.007562660815892741,0.0,0.2650991321715992,5.484465332992841,5.211803540005349,0.2650991321715992
20260909_112655_937821,3f2b5a8fb3fffdab239693207bcaa7d708d20a0bb6324163a8c1741f478b736b,12,2187632403,1367392806,2187632403,12,100,50,60,5,30,10.0,120,current,Optimized Pattern Generator,dynamic_session,Dynamic Session Pattern Assignment,50,6,360,c53d0d3a6694ab87f0145b9394ed74b92272bfec31571701447ad339fd6d75ea,50,8.0,41.99836734693878,1.0,1.0,True,20,6,30,3699990477,f5456cba4fd3dcd3c44acfdf8b633c552b9ed7622dac52caa712ec4436a34cf9,True,bayesian_windowed,A3) Two-Stage Bayesian Posterior + Hungarian,False,100,100,0,0.0,100,99,0,0.99,0.99,0.14261189677539848,0.7240066840324838,378.63,395.3,6.465177291975124,100,0,0,0,0,1.0,0.0,0.0,0.0,0.0,1.0,6.73,0.0,0.0,0.0,0.0,0.0,,0.0,0.0,5.2201736251299735,1.0103796208568383,0.0,0.23319412901764736,6.463747375004459,5.2201736251299735,0.23319412901764736
20260909_112655_937821,3f2b5a8fb3fffdab239693207bcaa7d708d20a0bb6324163a8c1741f478b736b,12,2187632403,1977915824,2187632403,12,100,50,60,5,30,10.0,120,current,Optimized Pattern Generator,dynamic_session,Dynamic Session Pattern Assignment,50,6,360,c53d0d3a6694ab87f0145b9394ed74b92272bfec31571701447ad339fd6d75ea,50,8.0,41.99836734693878,1.0,1.0,True,20,6,30,3699990477,f5456cba4fd3dcd3c44acfdf8b633c552b9ed7622dac52caa712ec4436a34cf9,True,bayesian_windowed_memory_off,A3 Ablation) Posterior Memory Off,False,100,100,0,0.0,100,99,0,0.99,0.99,0.2724944027325952,0.9287930302210982,378.63,395.3,6.5331158750050236,100,0,0,0,0,1.0,0.0,0.0,0.0,0.0,1.0,6.73,0.0,0.0,0.0,0.0,0.0,,0.0,0.0,5.254939831909724,1.010479330929229,0.0,0.26632537817931734,6.53174454101827,5.254939831909724,0.26632537817931734
20260909_112655_937821,3f2b5a8fb3fffdab239693207bcaa7d708d20a0bb6324163a8c1741f478b736b,12,2187632403,2395032832,2187632403,12,100,50,60,5,30,10.0,120,current,Optimized Pattern Generator,dynamic_session,Dynamic Session Pattern Assignment,50,6,360,c53d0d3a6694ab87f0145b9394ed74b92272bfec31571701447ad339fd6d75ea,50,8.0,41.99836734693878,1.0,1.0,True,20,6,30,3699990477,f5456cba4fd3dcd3c44acfdf8b633c552b9ed7622dac52caa712ec4436a34cf9,True,bayesian_windowed_timeprior_off,A3 Ablation) Time Prior Off,False,100,100,0,0.0,100,99,0,0.99,0.99,0.14313318596753538,0.7240066840324838,378.63,395.3,6.511763124988647,100,0,0,0,0,1.0,0.0,0.0,0.0,0.0,1.0,6.73,0.0,0.0,0.0,0.0,0.0,,0.0,0.0,5.22764440998435,1.0180776681227144,0.0,0.2647593799047172,6.510481458011782,5.22764440998435,0.2647593799047172
20260909_112655_937821,3f2b5a8fb3fffdab239693207bcaa7d708d20a0bb6324163a8c1741f478b736b,12,2187632403,433795958,2187632403,12,100,50,60,5,30,10.0,120,current,Optimized Pattern Generator,dynamic_session,Dynamic Session Pattern Assignment,50,6,360,c53d0d3a6694ab87f0145b9394ed74b92272bfec31571701447ad339fd6d75ea,50,8.0,41.99836734693878,1.0,1.0,True,20,6,30,3699990477,f5456cba4fd3dcd3c44acfdf8b633c552b9ed7622dac52caa712ec4436a34cf9,True,bayesian_windowed_all_off,A3 Ablation) Time Prior + Memory Off,False,100,100,0,0.0,100,99,0,0.99,0.99,0.2732483504228962,0.9302829409228818,378.63,395.3,6.515039374993648,100,0,0,0,0,1.0,0.0,0.0,0.0,0.0,1.0,6.73,0.0,0.0,0.0,0.0,0.0,,0.0,0.0,5.237037959945155,1.0159233249141835,0.0,0.26111888216109946,6.514080167020438,5.237037959945155,0.26111888216109946
20260909_112655_937821,3f2b5a8fb3fffdab239693207bcaa7d708d20a0bb6324163a8c1741f478b736b,13,2187632404,1233724856,2187632404,13,100,50,60,5,30,10.0,120,current,Optimized Pattern Generator,dynamic_session,Dynamic Session Pattern Assignment,50,6,360,c3c7f417412cb39d8c9d9757c3b1a620bb3ad4c095f2a6d6aec734ff47a0bad3,50,5.0,43.70612244897959,1.0,1.0,True,20,6,30,3699990474,bccba5a51248209fe806b616d158fae6405a44fb2143a876761a38493eae3a08,True,single_only,A1) Refined Cost + Greedy 1:1,True,100,100,0,0.0,100,100,0,1.0,1.0,0.9584854206204859,2.25063340560827,378.26,410.1,6.990464250004152,100,0,0,0,0,1.0,0.0,0.0,0.0,0.0,1.0,6.84,0.0,0.0,0.0,0.0,0.0,,0.0,0.0,5.533218042051885,1.1788574518577661,0.0,0.2767396311101038,6.988815125019755,5.533218042051885,0.2767396311101038
20260909_112655_937821,3f2b5a8fb3fffdab239693207bcaa7d708d20a0bb6324163a8c1741f478b736b,13,2187632404,1545686402,2187632404,13,100,50,60,5,30,10.0,120,current,Optimized Pattern Generator,dynamic_session,Dynamic Session Pattern Assignment,50,6,360,c3c7f417412cb39d8c9d9757c3b1a620bb3ad4c095f2a6d6aec734ff47a0bad3,50,5.0,43.70612244897959,1.0,1.0,True,20,6,30,3699990474,bccba5a51248209fe806b616d158fae6405a44fb2143a876761a38493eae3a08,True,single_only_dtw_off,A1 Ablation) DTW Off,False,100,100,0,0.0,100,99,0,0.99,0.99,0.8877669306666666,2.21000134,378.26,410.1,7.0827188749972265,100,0,0,0,0,1.0,0.0,0.0,0.0,0.0,1.0,6.84,0.0,0.0,0.0,0.0,0.0,,0.0,0.0,5.611704046983505,1.190776956937043,0.0,0.2784736210887786,7.080954625009326,5.611704046983505,0.2784736210887786
20260909_112655_937821,3f2b5a8fb3fffdab239693207bcaa7d708d20a0bb6324163a8c1741f478b736b,13,2187632404,866312306,2187632404,13,100,50,60,5,30,10.0,120,current,Optimized Pattern Generator,dynamic_session,Dynamic Session Pattern Assignment,50,6,360,c3c7f417412cb39d8c9d9757c3b1a620bb3ad4c095f2a6d6aec734ff47a0bad3,50,5.0,43.70612244897959,1.0,1.0,True,20,6,30,3699990474,bccba5a51248209fe806b616d158fae6405a44fb2143a876761a38493eae3a08,True,single_only_step_off,A1 Ablation) Step Signature Off,False,100,100,0,0.0,100,100,0,1.0,1.0,0.06941875395381915,0.25452612471735653,378.26,410.1,6.998989875020925,100,0,0,0,0,1.0,0.0,0.0,0.0,0.0,1.0,6.84,0.0,0.0,0.0,0.0,0.0,,0.0,0.0,5.530783534893999,1.1815902930684388,0.0,0.28492471401114017,6.997298541973578,5.530783534893999,0.28492471401114017
20260909_112655_937821,3f2b5a8fb3fffdab239693207bcaa7d708d20a0bb6324163a8c1741f478b736b,13,2187632404,1815193638,2187632404,13,100,50,60,5,30,10.0,120,current,Optimized Pattern Generator,dynamic_session,Dynamic Session Pattern Assignment,50,6,360,c3c7f417412cb39d8c9d9757c3b1a620bb3ad4c095f2a6d6aec734ff47a0bad3,50,5.0,43.70612244897959,1.0,1.0,True,20,6,30,3699990474,bccba5a51248209fe806b616d158fae6405a44fb2143a876761a38493eae3a08,True,single_only_all_off,A1 Ablation) All Waveform Terms Off,False,100,100,0,0.0,100,91,0,0.91,0.91,1.4640002621000006,7.30000035,378.26,410.1,5.832639083993854,100,0,0,0,0,1.0,0.0,0.0,0.0,0.0,1.0,6.84,0.0,0.0,0.0,0.0,0.0,,0.0,0.0,5.5339462899719365,0.0076937520352657884,0.0,0.2892740419774782,5.8309140839846805,5.5339462899719365,0.2892740419774782
20260909_112655_937821,3f2b5a8fb3fffdab239693207bcaa7d708d20a0bb6324163a8c1741f478b736b,13,2187632404,2184921405,2187632404,13,100,50,60,5,30,10.0,120,current,Optimized Pattern Generator,dynamic_session,Dynamic Session Pattern Assignment,50,6,360,c3c7f417412cb39d8c9d9757c3b1a620bb3ad4c095f2a6d6aec734ff47a0bad3,50,5.0,43.70612244897959,1.0,1.0,True,20,6,30,3699990474,bccba5a51248209fe806b616d158fae6405a44fb2143a876761a38493eae3a08,True,nomura_original_interval_hungarian,A2) Corr+DTW + Hungarian,False,100,100,0,0.0,100,100,0,1.0,1.0,0.06244374799515086,0.26278425778514464,378.26,410.1,8.76734654098982,100,0,0,0,0,1.0,0.0,0.0,0.0,0.0,1.0,6.84,0.0,0.0,0.0,0.0,0.0,,0.0,0.0,5.5480782912054565,2.9307760861120187,0.0,0.28752520569832996,8.766379583015805,5.5480782912054565,0.28752520569832996
20260909_112655_937821,3f2b5a8fb3fffdab239693207bcaa7d708d20a0bb6324163a8c1741f478b736b,13,2187632404,2176353879,2187632404,13,100,50,60,5,30,10.0,120,current,Optimized Pattern Generator,dynamic_session,Dynamic Session Pattern Assignment,50,6,360,c3c7f417412cb39d8c9d9757c3b1a620bb3ad4c095f2a6d6aec734ff47a0bad3,50,5.0,43.70612244897959,1.0,1.0,True,20,6,30,3699990474,bccba5a51248209fe806b616d158fae6405a44fb2143a876761a38493eae3a08,True,nomura_original_interval_hungarian_dtw_off,A2 Ablation) DTW Off (Corr-only),False,100,100,0,0.0,100,100,0,1.0,1.0,0.05965429036085226,0.20625151890916718,378.26,410.1,8.817563291988336,100,0,0,0,0,1.0,0.0,0.0,0.0,0.0,1.0,6.84,0.0,0.0,0.0,0.0,0.0,,0.0,0.0,5.618731078982819,2.945139126793947,0.0,0.25205783621640876,8.815928041993175,5.618731078982819,0.25205783621640876
20260909_112655_937821,3f2b5a8fb3fffdab239693207bcaa7d708d20a0bb6324163a8c1741f478b736b,13,2187632404,1055930939,2187632404,13,100,50,60,5,30,10.0,120,current,Optimized Pattern Generator,dynamic_session,Dynamic Session Pattern Assignment,50,6,360,c3c7f417412cb39d8c9d9757c3b1a620bb3ad4c095f2a6d6aec734ff47a0bad3,50,5.0,43.70612244897959,1.0,1.0,True,20,6,30,3699990474,bccba5a51248209fe806b616d158fae6405a44fb2143a876761a38493eae3a08,True,nomura_original_interval_hungarian_corr_off,A2 Ablation) Corr Off (DTW-only),False,100,100,0,0.0,100,99,0,0.99,0.99,0.002708021903142085,0.21727809562291925,378.26,410.1,8.74072004199843,100,0,0,0,0,1.0,0.0,0.0,0.0,0.0,1.0,6.84,0.0,0.0,0.0,0.0,0.0,,0.0,0.0,5.539497334975749,2.916635997942649,0.0,0.2836392500612419,8.73977258297964,5.539497334975749,0.2836392500612419
20260909_112655_937821,3f2b5a8fb3fffdab239693207bcaa7d708d20a0bb6324163a8c1741f478b736b,13,2187632404,542446160,2187632404,13,100,50,60,5,30,10.0,120,current,Optimized Pattern Generator,dynamic_session,Dynamic Session Pattern Assignment,50,6,360,c3c7f417412cb39d8c9d9757c3b1a620bb3ad4c095f2a6d6aec734ff47a0bad3,50,5.0,43.70612244897959,1.0,1.0,True,20,6,30,3699990474,bccba5a51248209fe806b616d158fae6405a44fb2143a876761a38493eae3a08,True,nomura_original_interval_hungarian_all_off,A2 Ablation) All Waveform Terms Off,False,100,100,0,0.0,100,91,0,0.91,0.91,1.4640002621000006,7.30000035,378.26,410.1,5.8000519999768585,100,0,0,0,0,1.0,0.0,0.0,0.0,0.0,1.0,6.84,0.0,0.0,0.0,0.0,0.0,,0.0,0.0,5.5107225869141985,0.00752966309664771,0.0,0.2808197079866659,5.799071957997512,5.5107225869141985,0.2808197079866659
20260909_112655_937821,3f2b5a8fb3fffdab239693207bcaa7d708d20a0bb6324163a8c1741f478b736b,13,2187632404,1367392801,2187632404,13,100,50,60,5,30,10.0,120,current,Optimized Pattern Generator,dynamic_session,Dynamic Session Pattern Assignment,50,6,360,c3c7f417412cb39d8c9d9757c3b1a620bb3ad4c095f2a6d6aec734ff47a0bad3,50,5.0,43.70612244897959,1.0,1.0,True,20,6,30,3699990474,bccba5a51248209fe806b616d158fae6405a44fb2143a876761a38493eae3a08,True,bayesian_windowed,A3) Two-Stage Bayesian Posterior + Hungarian,False,100,100,0,0.0,100,100,0,1.0,1.0,0.1362187323715463,0.7220977657228626,378.26,410.1,6.898170000000391,100,0,0,0,0,1.0,0.0,0.0,0.0,0.0,1.0,6.84,0.0,0.0,0.0,0.0,0.0,,0.0,0.0,5.543920583091676,1.0700980398687534,0.0,0.282634877046803,6.896653500007233,5.543920583091676,0.282634877046803
20260909_112655_937821,3f2b5a8fb3fffdab239693207bcaa7d708d20a0bb6324163a8c1741f478b736b,13,2187632404,1977915831,2187632404,13,100,50,60,5,30,10.0,120,current,Optimized Pattern Generator,dynamic_session,Dynamic Session Pattern Assignment,50,6,360,c3c7f417412cb39d8c9d9757c3b1a620bb3ad4c095f2a6d6aec734ff47a0bad3,50,5.0,43.70612244897959,1.0,1.0,True,20,6,30,3699990474,bccba5a51248209fe806b616d158fae6405a44fb2143a876761a38493eae3a08,True,bayesian_windowed_memory_off,A3 Ablation) Posterior Memory Off,False,100,100,0,0.0,100,100,0,1.0,1.0,0.2758722005687927,1.1473836714742822,378.26,410.1,6.9234526669897605,100,0,0,0,0,1.0,0.0,0.0,0.0,0.0,1.0,6.84,0.0,0.0,0.0,0.0,0.0,,0.0,0.0,5.568686507001985,1.0704947958874982,0.0,0.28253557212883607,6.921716875018319,5.568686507001985,0.28253557212883607
20260909_112655_937821,3f2b5a8fb3fffdab239693207bcaa7d708d20a0bb6324163a8c1741f478b736b,13,2187632404,2395032839,2187632404,13,100,50,60,5,30,10.0,120,current,Optimized Pattern Generator,dynamic_session,Dynamic Session Pattern Assignment,50,6,360,c3c7f417412cb39d8c9d9757c3b1a620bb3ad4c095f2a6d6aec734ff47a0bad3,50,5.0,43.70612244897959,1.0,1.0,True,20,6,30,3699990474,bccba5a51248209fe806b616d158fae6405a44fb2143a876761a38493eae3a08,True,bayesian_windowed_timeprior_off,A3 Ablation) Time Prior Off,False,100,100,0,0.0,100,100,0,1.0,1.0,0.13874877748579045,0.7220977657228626,378.26,410.1,6.860059540980728,100,0,0,0,0,1.0,0.0,0.0,0.0,0.0,1.0,6.84,0.0,0.0,0.0,0.0,0.0,,0.0,0.0,5.514677578117698,1.0603766647691373,0.0,0.28404138211044483,6.8590956249972805,5.514677578117698,0.28404138211044483
20260909_112655_937821,3f2b5a8fb3fffdab239693207bcaa7d708d20a0bb6324163a8c1741f478b736b,13,2187632404,433795953,2187632404,13,100,50,60,5,30,10.0,120,current,Optimized Pattern Generator,dynamic_session,Dynamic Session Pattern Assignment,50,6,360,c3c7f417412cb39d8c9d9757c3b1a620bb3ad4c095f2a6d6aec734ff47a0bad3,50,5.0,43.70612244897959,1.0,1.0,True,20,6,30,3699990474,bccba5a51248209fe806b616d158fae6405a44fb2143a876761a38493eae3a08,True,bayesian_windowed_all_off,A3 Ablation) Time Prior + Memory Off,False,100,100,0,0.0,100,100,0,1.0,1.0,0.2769726955570668,1.1473836714742822,378.26,410.1,6.94139091699617,100,0,0,0,0,1.0,0.0,0.0,0.0,0.0,1.0,6.84,0.0,0.0,0.0,0.0,0.0,,0.0,0.0,5.562343789963052,1.0882159140019212,0.0,0.2898373790376354,6.940397083002608,5.562343789963052,0.2898373790376354
20260909_112655_937821,3f2b5a8fb3fffdab239693207bcaa7d708d20a0bb6324163a8c1741f478b736b,14,2187632405,1233724857,2187632405,14,100,50,60,5,30,10.0,120,current,Optimized Pattern Generator,dynamic_session,Dynamic Session Pattern Assignment,50,6,360,9755460d6201729f27e370093b921794fda87dd822f9bf959d1d554d73b92aaf,50,7.0,42.35591836734694,1.0,1.0,True,20,6,30,3699990475,bcda9a764709dfed49f35afcdc9f161beda9e15a0ef25afebdfd1834de50bf3d,True,single_only,A1) Refined Cost + Greedy 1:1,True,100,100,0,0.0,100,100,0,1.0,1.0,0.9615106140725955,2.74901433653603,381.83,414.6,6.908516541006975,100,0,0,0,0,1.0,0.0,0.0,0.0,0.0,1.0,6.96,0.0,0.0,0.0,0.0,0.0,,0.0,0.0,5.4782746649871115,1.161118373827776,0.0,0.26749716920312494,6.906890208018012,5.4782746649871115,0.26749716920312494
20260909_112655_937821,3f2b5a8fb3fffdab239693207bcaa7d708d20a0bb6324163a8c1741f478b736b,14,2187632405,1545686403,2187632405,14,100,50,60,5,30,10.0,120,current,Optimized Pattern Generator,dynamic_session,Dynamic Session Pattern Assignment,50,6,360,9755460d6201729f27e370093b921794fda87dd822f9bf959d1d554d73b92aaf,50,7.0,42.35591836734694,1.0,1.0,True,20,6,30,3699990475,bcda9a764709dfed49f35afcdc9f161beda9e15a0ef25afebdfd1834de50bf3d,True,single_only_dtw_off,A1 Ablation) DTW Off,False,100,100,0,0.0,100,100,0,1.0,1.0,0.8933669208666667,2.6900003100000003,381.83,414.6,7.253475667006569,100,0,0,0,0,1.0,0.0,0.0,0.0,0.0,1.0,6.96,0.0,0.0,0.0,0.0,0.0,,0.0,0.0,5.74668475202634,1.2301739149261266,0.0,0.2756668330403045,7.252525499992771,5.74668475202634,0.2756668330403045
20260909_112655_937821,3f2b5a8fb3fffdab239693207bcaa7d708d20a0bb6324163a8c1741f478b736b,14,2187632405,866312307,2187632405,14,100,50,60,5,30,10.0,120,current,Optimized Pattern Generator,dynamic_session,Dynamic Session Pattern Assignment,50,6,360,9755460d6201729f27e370093b921794fda87dd822f9bf959d1d554d73b92aaf,50,7.0,42.35591836734694,1.0,1.0,True,20,6,30,3699990475,bcda9a764709dfed49f35afcdc9f161beda9e15a0ef25afebdfd1834de50bf3d,True,single_only_step_off,A1 Ablation) Step Signature Off,False,100,100,0,0.0,100,100,0,1.0,1.0,0.06814394740592872,0.2312024030307861,381.83,414.6,7.089146124984836,100,0,0,0,0,1.0,0.0,0.0,0.0,0.0,1.0,6.96,0.0,0.0,0.0,0.0,0.0,,0.0,0.0,5.593984493869357,1.194614709878806,0.0,0.2995446302520577,7.0881438340002205,5.593984493869357,0.2995446302520577
20260909_112655_937821,3f2b5a8fb3fffdab239693207bcaa7d708d20a0bb6324163a8c1741f478b736b,14,2187632405,1815193639,2187632405,14,100,50,60,5,30,10.0,120,current,Optimized Pattern Generator,dynamic_session,Dynamic Session Pattern Assignment,50,6,360,9755460d6201729f27e370093b921794fda87dd822f9bf959d1d554d73b92aaf,50,7.0,42.35591836734694,1.0,1.0,True,20,6,30,3699990475,bcda9a764709dfed49f35afcdc9f161beda9e15a0ef25afebdfd1834de50bf3d,True,single_only_all_off,A1 Ablation) All Waveform Terms Off,False,100,100,0,0.0,100,87,0,0.87,0.87,1.5860002620999998,7.4000003,381.83,414.6,5.752432832989143,100,0,0,0,0,1.0,0.0,0.0,0.0,0.0,1.0,6.96,0.0,0.0,0.0,0.0,0.0,,0.0,0.0,5.512284832919249,0.007524165033828467,0.0,0.23169416905147955,5.751503167004557,5.512284832919249,0.23169416905147955
20260909_112655_937821,3f2b5a8fb3fffdab239693207bcaa7d708d20a0bb6324163a8c1741f478b736b,14,2187632405,2184921404,2187632405,14,100,50,60,5,30,10.0,120,current,Optimized Pattern Generator,dynamic_session,Dynamic Session Pattern Assignment,50,6,360,9755460d6201729f27e370093b921794fda87dd822f9bf959d1d554d73b92aaf,50,7.0,42.35591836734694,1.0,1.0,True,20,6,30,3699990475,bcda9a764709dfed49f35afcdc9f161beda9e15a0ef25afebdfd1834de50bf3d,True,nomura_original_interval_hungarian,A2) Corr+DTW + Hungarian,False,100,100,0,0.0,100,100,0,1.0,1.0,0.0583498970522792,0.1530850848868033,381.83,414.6,8.579260250000516,100,0,0,0,0,1.0,0.0,0.0,0.0,0.0,1.0,6.96,0.0,0.0,0.0,0.0,0.0,,0.0,0.0,5.425710465962766,2.8801655880524777,0.0,0.2724598209897522,8.578335875004996,5.425710465962766,0.2724598209897522
20260909_112655_937821,3f2b5a8fb3fffdab239693207bcaa7d708d20a0bb6324163a8c1741f478b736b,14,2187632405,2176353878,2187632405,14,100,50,60,5,30,10.0,120,current,Optimized Pattern Generator,dynamic_session,Dynamic Session Pattern Assignment,50,6,360,9755460d6201729f27e370093b921794fda87dd822f9bf959d1d554d73b92aaf,50,7.0,42.35591836734694,1.0,1.0,True,20,6,30,3699990475,bcda9a764709dfed49f35afcdc9f161beda9e15a0ef25afebdfd1834de50bf3d,True,nomura_original_interval_hungarian_dtw_off,A2 Ablation) DTW Off (Corr-only),False,100,100,0,0.0,100,100,0,1.0,1.0,0.05826411005691665,0.1530850848868033,381.83,414.6,8.680186542012962,100,0,0,0,0,1.0,0.0,0.0,0.0,0.0,1.0,6.96,0.0,0.0,0.0,0.0,0.0,,0.0,0.0,5.517325037770206,2.8921425011358224,0.0,0.26904158608522266,8.678509124991251,5.517325037770206,0.26904158608522266
20260909_112655_937821,3f2b5a8fb3fffdab239693207bcaa7d708d20a0bb6324163a8c1741f478b736b,14,2187632405,1055930938,2187632405,14,100,50,60,5,30,10.0,120,current,Optimized Pattern Generator,dynamic_session,Dynamic Session Pattern Assignment,50,6,360,9755460d6201729f27e370093b921794fda87dd822f9bf959d1d554d73b92aaf,50,7.0,42.35591836734694,1.0,1.0,True,20,6,30,3699990475,bcda9a764709dfed49f35afcdc9f161beda9e15a0ef25afebdfd1834de50bf3d,True,nomura_original_interval_hungarian_corr_off,A2 Ablation) Corr Off (DTW-only),False,100,100,0,0.0,100,99,0,0.99,0.99,2.5099999999999996e-07,4.9e-07,381.83,414.6,8.660693249985343,100,0,0,0,0,1.0,0.0,0.0,0.0,0.0,1.0,6.96,0.0,0.0,0.0,0.0,0.0,,0.0,0.0,5.482390912075061,2.9018089171731845,0.0,0.274764670728473,8.658964499976719,5.482390912075061,0.274764670728473
20260909_112655_937821,3f2b5a8fb3fffdab239693207bcaa7d708d20a0bb6324163a8c1741f478b736b,14,2187632405,542446161,2187632405,14,100,50,60,5,30,10.0,120,current,Optimized Pattern Generator,dynamic_session,Dynamic Session Pattern Assignment,50,6,360,9755460d6201729f27e370093b921794fda87dd822f9bf959d1d554d73b92aaf,50,7.0,42.35591836734694,1.0,1.0,True,20,6,30,3699990475,bcda9a764709dfed49f35afcdc9f161beda9e15a0ef25afebdfd1834de50bf3d,True,nomura_original_interval_hungarian_all_off,A2 Ablation) All Waveform Terms Off,False,100,100,0,0.0,100,87,0,0.87,0.87,1.5860002620999998,7.4000003,381.83,414.6,5.723426999989897,100,0,0,0,0,1.0,0.0,0.0,0.0,0.0,1.0,6.96,0.0,0.0,0.0,0.0,0.0,,0.0,0.0,5.449209670070559,0.0079002549755387,0.0,0.2646430749737192,5.721753000019817,5.449209670070559,0.2646430749737192
20260909_112655_937821,3f2b5a8fb3fffdab239693207bcaa7d708d20a0bb6324163a8c1741f478b736b,14,2187632405,1367392800,2187632405,14,100,50,60,5,30,10.0,120,current,Optimized Pattern Generator,dynamic_session,Dynamic Session Pattern Assignment,50,6,360,9755460d6201729f27e370093b921794fda87dd822f9bf959d1d554d73b92aaf,50,7.0,42.35591836734694,1.0,1.0,True,20,6,30,3699990475,bcda9a764709dfed49f35afcdc9f161beda9e15a0ef25afebdfd1834de50bf3d,True,bayesian_windowed,A3) Two-Stage Bayesian Posterior + Hungarian,False,100,100,0,0.0,100,100,0,1.0,1.0,0.15032004108617955,0.6939006178561046,381.83,414.6,6.7835539169900585,100,0,0,0,0,1.0,0.0,0.0,0.0,0.0,1.0,6.96,0.0,0.0,0.0,0.0,0.0,,0.0,0.0,5.482130661926931,1.0638095809554216,0.0,0.23564084109966643,6.781581083982019,5.482130661926931,0.23564084109966643
20260909_112655_937821,3f2b5a8fb3fffdab239693207bcaa7d708d20a0bb6324163a8c1741f478b736b,14,2187632405,1977915830,2187632405,14,100,50,60,5,30,10.0,120,current,Optimized Pattern Generator,dynamic_session,Dynamic Session Pattern Assignment,50,6,360,9755460d6201729f27e370093b921794fda87dd822f9bf959d1d554d73b92aaf,50,7.0,42.35591836734694,1.0,1.0,True,20,6,30,3699990475,bcda9a764709dfed49f35afcdc9f161beda9e15a0ef25afebdfd1834de50bf3d,True,bayesian_windowed_memory_off,A3 Ablation) Posterior Memory Off,False,100,100,0,0.0,100,100,0,1.0,1.0,0.2869563094379443,1.0074503910282335,381.83,414.6,6.759817915997701,100,0,0,0,0,1.0,0.0,0.0,0.0,0.0,1.0,6.96,0.0,0.0,0.0,0.0,0.0,,0.0,0.0,5.45902496308554,1.0574631651106756,0.0,0.24235295481048524,6.7588410830067005,5.45902496308554,0.24235295481048524
20260909_112655_937821,3f2b5a8fb3fffdab239693207bcaa7d708d20a0bb6324163a8c1741f478b736b,14,2187632405,2395032838,2187632405,14,100,50,60,5,30,10.0,120,current,Optimized Pattern Generator,dynamic_session,Dynamic Session Pattern Assignment,50,6,360,9755460d6201729f27e370093b921794fda87dd822f9bf959d1d554d73b92aaf,50,7.0,42.35591836734694,1.0,1.0,True,20,6,30,3699990475,bcda9a764709dfed49f35afcdc9f161beda9e15a0ef25afebdfd1834de50bf3d,True,bayesian_windowed_timeprior_off,A3 Ablation) Time Prior Off,False,100,100,0,0.0,100,100,0,1.0,1.0,0.151566962273463,0.6939006178561046,381.83,414.6,6.838423333014362,100,0,0,0,0,1.0,0.0,0.0,0.0,0.0,1.0,6.96,0.0,0.0,0.0,0.0,0.0,,0.0,0.0,5.508771256922046,1.056725209025899,0.0,0.2719455750484485,6.837442040996393,5.508771256922046,0.2719455750484485
20260909_112655_937821,3f2b5a8fb3fffdab239693207bcaa7d708d20a0bb6324163a8c1741f478b736b,14,2187632405,433795952,2187632405,14,100,50,60,5,30,10.0,120,current,Optimized Pattern Generator,dynamic_session,Dynamic Session Pattern Assignment,50,6,360,9755460d6201729f27e370093b921794fda87dd822f9bf959d1d554d73b92aaf,50,7.0,42.35591836734694,1.0,1.0,True,20,6,30,3699990475,bcda9a764709dfed49f35afcdc9f161beda9e15a0ef25afebdfd1834de50bf3d,True,bayesian_windowed_all_off,A3 Ablation) Time Prior + Memory Off,False,100,100,0,0.0,100,100,0,1.0,1.0,0.2877671585787481,1.0074503910282335,381.83,414.6,6.807416666997597,100,0,0,0,0,1.0,0.0,0.0,0.0,0.0,1.0,6.96,0.0,0.0,0.0,0.0,0.0,,0.0,0.0,5.478893203980988,1.0565247988561168,0.0,0.2710321631748229,6.806450166011928,5.478893203980988,0.2710321631748229
20260909_112655_937821,3f2b5a8fb3fffdab239693207bcaa7d708d20a0bb6324163a8c1741f478b736b,15,2187632406,1233724858,2187632406,15,100,50,60,5,30,10.0,120,current,Optimized Pattern Generator,dynamic_session,Dynamic Session Pattern Assignment,50,6,360,f16d5d50b779ac751b4d0bcd6bdff38cfab180b42509f8f60c875b4e672cffbc,50,5.0,41.68244897959184,1.0,1.0,True,20,6,30,3699990472,3f88e1a30ef61fb9adda3b29ad98d4a69db2e7cf5a8a1d10a815130c9652774f,True,single_only,A1) Refined Cost + Greedy 1:1,True,100,100,0,0.0,100,100,0,1.0,1.0,0.8758628355357443,2.4482095649664304,382.37,418.1,6.049376750015654,100,0,0,0,0,1.0,0.0,0.0,0.0,0.0,1.0,6.05,0.0,0.0,0.0,0.0,0.0,,0.0,0.0,4.791389042919036,1.0175235858478118,0.0,0.2394729542429559,6.048385583009804,4.791389042919036,0.2394729542429559
20260909_112655_937821,3f2b5a8fb3fffdab239693207bcaa7d708d20a0bb6324163a8c1741f478b736b,15,2187632406,1545686400,2187632406,15,100,50,60,5,30,10.0,120,current,Optimized Pattern Generator,dynamic_session,Dynamic Session Pattern Assignment,50,6,360,f16d5d50b779ac751b4d0bcd6bdff38cfab180b42509f8f60c875b4e672cffbc,50,5.0,41.68244897959184,1.0,1.0,True,20,6,30,3699990472,3f88e1a30ef61fb9adda3b29ad98d4a69db2e7cf5a8a1d10a815130c9652774f,True,single_only_dtw_off,A1 Ablation) DTW Off,False,100,100,0,0.0,100,99,0,0.99,0.99,0.8094335783333334,2.360000130000001,382.37,418.1,6.0766615830070805,100,0,0,0,0,1.0,0.0,0.0,0.0,0.0,1.0,6.05,0.0,0.0,0.0,0.0,0.0,,0.0,0.0,4.786559460015269,1.0217161688487977,0.0,0.2667892041208688,6.0750648329849355,4.786559460015269,0.2667892041208688
20260909_112655_937821,3f2b5a8fb3fffdab239693207bcaa7d708d20a0bb6324163a8c1741f478b736b,15,2187632406,866312304,2187632406,15,100,50,60,5,30,10.0,120,current,Optimized Pattern Generator,dynamic_session,Dynamic Session Pattern Assignment,50,6,360,f16d5d50b779ac751b4d0bcd6bdff38cfab180b42509f8f60c875b4e672cffbc,50,5.0,41.68244897959184,1.0,1.0,True,20,6,30,3699990472,3f88e1a30ef61fb9adda3b29ad98d4a69db2e7cf5a8a1d10a815130c9652774f,True,single_only_step_off,A1 Ablation) Step Signature Off,False,100,100,0,0.0,100,100,0,1.0,1.0,0.06599616886907764,0.5971208337129688,382.37,418.1,6.09347125000204,100,0,0,0,0,1.0,0.0,0.0,0.0,0.0,1.0,6.05,0.0,0.0,0.0,0.0,0.0,,0.0,0.0,4.784448332822649,1.0366725439962465,0.0,0.27139474818250164,6.092515625001397,4.784448332822649,0.27139474818250164
20260909_112655_937821,3f2b5a8fb3fffdab239693207bcaa7d708d20a0bb6324163a8c1741f478b736b,15,2187632406,1815193636,2187632406,15,100,50,60,5,30,10.0,120,current,Optimized Pattern Generator,dynamic_session,Dynamic Session Pattern Assignment,50,6,360,f16d5d50b779ac751b4d0bcd6bdff38cfab180b42509f8f60c875b4e672cffbc,50,5.0,41.68244897959184,1.0,1.0,True,20,6,30,3699990472,3f88e1a30ef61fb9adda3b29ad98d4a69db2e7cf5a8a1d10a815130c9652774f,True,single_only_all_off,A1 Ablation) All Waveform Terms Off,False,100,100,0,0.0,100,87,0,0.87,0.87,1.4620002513000003,8.20000012,382.37,418.1,5.051557500002673,100,0,0,0,0,1.0,0.0,0.0,0.0,0.0,1.0,6.05,0.0,0.0,0.0,0.0,0.0,,0.0,0.0,4.7677579190640245,0.0076173810812179,0.0,0.27498782487236895,5.050363125017611,4.7677579190640245,0.27498782487236895
20260909_112655_937821,3f2b5a8fb3fffdab239693207bcaa7d708d20a0bb6324163a8c1741f478b736b,15,2187632406,2184921407,2187632406,15,100,50,60,5,30,10.0,120,current,Optimized Pattern Generator,dynamic_session,Dynamic Session Pattern Assignment,50,6,360,f16d5d50b779ac751b4d0bcd6bdff38cfab180b42509f8f60c875b4e672cffbc,50,5.0,41.68244897959184,1.0,1.0,True,20,6,30,3699990472,3f88e1a30ef61fb9adda3b29ad98d4a69db2e7cf5a8a1d10a815130c9652774f,True,nomura_original_interval_hungarian,A2) Corr+DTW + Hungarian,False,100,100,0,0.0,100,100,0,1.0,1.0,0.06421014775319614,0.23898742788542773,382.37,418.1,7.6379530419944786,100,0,0,0,0,1.0,0.0,0.0,0.0,0.0,1.0,6.05,0.0,0.0,0.0,0.0,0.0,,0.0,0.0,4.83739858478657,2.527489214000525,0.0,0.272129618213512,7.637017417000607,4.83739858478657,0.272129618213512
20260909_112655_937821,3f2b5a8fb3fffdab239693207bcaa7d708d20a0bb6324163a8c1741f478b736b,15,2187632406,2176353877,2187632406,15,100,50,60,5,30,10.0,120,current,Optimized Pattern Generator,dynamic_session,Dynamic Session Pattern Assignment,50,6,360,f16d5d50b779ac751b4d0bcd6bdff38cfab180b42509f8f60c875b4e672cffbc,50,5.0,41.68244897959184,1.0,1.0,True,20,6,30,3699990472,3f88e1a30ef61fb9adda3b29ad98d4a69db2e7cf5a8a1d10a815130c9652774f,True,nomura_original_interval_hungarian_dtw_off,A2 Ablation) DTW Off (Corr-only),False,100,100,0,0.0,100,100,0,1.0,1.0,0.06168685534170055,0.23898742788542773,382.37,418.1,7.615370749990689,100,0,0,0,0,1.0,0.0,0.0,0.0,0.0,1.0,6.05,0.0,0.0,0.0,0.0,0.0,,0.0,0.0,4.817848538048565,2.5249982029781677,0.0,0.27154542598873377,7.614392167015467,4.817848538048565,0.27154542598873377
20260909_112655_937821,3f2b5a8fb3fffdab239693207bcaa7d708d20a0bb6324163a8c1741f478b736b,15,2187632406,1055930937,2187632406,15,100,50,60,5,30,10.0,120,current,Optimized Pattern Generator,dynamic_session,Dynamic Session Pattern Assignment,50,6,360,f16d5d50b779ac751b4d0bcd6bdff38cfab180b42509f8f60c875b4e672cffbc,50,5.0,41.68244897959184,1.0,1.0,True,20,6,30,3699990472,3f88e1a30ef61fb9adda3b29ad98d4a69db2e7cf5a8a1d10a815130c9652774f,True,nomura_original_interval_hungarian_corr_off,A2 Ablation) Corr Off (DTW-only),False,100,100,0,0.0,100,100,0,1.0,1.0,0.00264035338169265,0.14558590122710202,382.37,418.1,7.588861041003838,100,0,0,0,0,1.0,0.0,0.0,0.0,0.0,1.0,6.05,0.0,0.0,0.0,0.0,0.0,,0.0,0.0,4.80515145600657,2.5402663309942,0.0,0.24251225500483997,7.58793004200561,4.80515145600657,0.24251225500483997
20260909_112655_937821,3f2b5a8fb3fffdab239693207bcaa7d708d20a0bb6324163a8c1741f478b736b,15,2187632406,542446162,2187632406,15,100,50,60,5,30,10.0,120,current,Optimized Pattern Generator,dynamic_session,Dynamic Session Pattern Assignment,50,6,360,f16d5d50b779ac751b4d0bcd6bdff38cfab180b42509f8f60c875b4e672cffbc,50,5.0,41.68244897959184,1.0,1.0,True,20,6,30,3699990472,3f88e1a30ef61fb9adda3b29ad98d4a69db2e7cf5a8a1d10a815130c9652774f,True,nomura_original_interval_hungarian_all_off,A2 Ablation) All Waveform Terms Off,False,100,100,0,0.0,100,87,0,0.87,0.87,1.4620002513000003,8.20000012,382.37,418.1,4.994363375008106,100,0,0,0,0,1.0,0.0,0.0,0.0,0.0,1.0,6.05,0.0,0.0,0.0,0.0,0.0,,0.0,0.0,4.724332215730101,0.007157997053582221,0.0,0.2613265792024322,4.992816791986115,4.724332215730101,0.2613265792024322
20260909_112655_937821,3f2b5a8fb3fffdab239693207bcaa7d708d20a0bb6324163a8c1741f478b736b,15,2187632406,1367392803,2187632406,15,100,50,60,5,30,10.0,120,current,Optimized Pattern Generator,dynamic_session,Dynamic Session Pattern Assignment,50,6,360,f16d5d50b779ac751b4d0bcd6bdff38cfab180b42509f8f60c875b4e672cffbc,50,5.0,41.68244897959184,1.0,1.0,True,20,6,30,3699990472,3f88e1a30ef61fb9adda3b29ad98d4a69db2e7cf5a8a1d10a815130c9652774f,True,bayesian_windowed,A3) Two-Stage Bayesian Posterior + Hungarian,False,100,100,0,0.0,100,100,0,1.0,1.0,0.12631482469238703,0.6832854405694607,382.37,418.1,5.9996957090043,100,0,0,0,0,1.0,0.0,0.0,0.0,0.0,1.0,6.05,0.0,0.0,0.0,0.0,0.0,,0.0,0.0,4.803495084954193,0.9267289570416324,0.0,0.268517000018619,5.998741042014444,4.803495084954193,0.268517000018619
20260909_112655_937821,3f2b5a8fb3fffdab239693207bcaa7d708d20a0bb6324163a8c1741f478b736b,15,2187632406,1977915829,2187632406,15,100,50,60,5,30,10.0,120,current,Optimized Pattern Generator,dynamic_session,Dynamic Session Pattern Assignment,50,6,360,f16d5d50b779ac751b4d0bcd6bdff38cfab180b42509f8f60c875b4e672cffbc,50,5.0,41.68244897959184,1.0,1.0,True,20,6,30,3699990472,3f88e1a30ef61fb9adda3b29ad98d4a69db2e7cf5a8a1d10a815130c9652774f,True,bayesian_windowed_memory_off,A3 Ablation) Posterior Memory Off,False,100,100,0,0.0,100,100,0,1.0,1.0,0.2712671506420631,1.054911126340519,382.37,418.1,5.953090333001455,100,0,0,0,0,1.0,0.0,0.0,0.0,0.0,1.0,6.05,0.0,0.0,0.0,0.0,0.0,,0.0,0.0,4.772301748016616,0.9126577482675202,0.0,0.26698083771043457,5.951940333994571,4.772301748016616,0.26698083771043457
20260909_112655_937821,3f2b5a8fb3fffdab239693207bcaa7d708d20a0bb6324163a8c1741f478b736b,15,2187632406,2395032837,2187632406,15,100,50,60,5,30,10.0,120,current,Optimized Pattern Generator,dynamic_session,Dynamic Session Pattern Assignment,50,6,360,f16d5d50b779ac751b4d0bcd6bdff38cfab180b42509f8f60c875b4e672cffbc,50,5.0,41.68244897959184,1.0,1.0,True,20,6,30,3699990472,3f88e1a30ef61fb9adda3b29ad98d4a69db2e7cf5a8a1d10a815130c9652774f,True,bayesian_windowed_timeprior_off,A3 Ablation) Time Prior Off,False,100,100,0,0.0,100,100,0,1.0,1.0,0.12716570189913812,0.6832854405694607,382.37,418.1,5.923091584001668,100,0,0,0,0,1.0,0.0,0.0,0.0,0.0,1.0,6.05,0.0,0.0,0.0,0.0,0.0,,0.0,0.0,4.726057503663469,0.9244532502198126,0.0,0.2708772461337503,5.921388000017032,4.726057503663469,0.2708772461337503
20260909_112655_937821,3f2b5a8fb3fffdab239693207bcaa7d708d20a0bb6324163a8c1741f478b736b,15,2187632406,433795955,2187632406,15,100,50,60,5,30,10.0,120,current,Optimized Pattern Generator,dynamic_session,Dynamic Session Pattern Assignment,50,6,360,f16d5d50b779ac751b4d0bcd6bdff38cfab180b42509f8f60c875b4e672cffbc,50,5.0,41.68244897959184,1.0,1.0,True,20,6,30,3699990472,3f88e1a30ef61fb9adda3b29ad98d4a69db2e7cf5a8a1d10a815130c9652774f,True,bayesian_windowed_all_off,A3 Ablation) Time Prior + Memory Off,False,100,100,0,0.0,100,100,0,1.0,1.0,0.2722558412114692,1.054911126340519,382.37,418.1,6.201347666006768,100,0,0,0,0,1.0,0.0,0.0,0.0,0.0,1.0,6.05,0.0,0.0,0.0,0.0,0.0,,0.0,0.0,4.998279959138017,0.9317132079449948,0.0,0.27037633291911334,6.200369500002125,4.998279959138017,0.27037633291911334
20260909_112655_937821,3f2b5a8fb3fffdab239693207bcaa7d708d20a0bb6324163a8c1741f478b736b,16,2187632407,1233724859,2187632407,16,100,50,60,5,30,10.0,120,current,Optimized Pattern Generator,dynamic_session,Dynamic Session Pattern Assignment,50,6,360,d1523d63a88e7a716ec128c69de804a22e6ed039ced14c103725df89ac0a6678,50,5.0,41.70448979591837,1.0,1.0,True,20,6,30,3699990473,2d1c037306f79f2cd159caf16f523b1bf90a9beae278699389e355b2263797a9,True,single_only,A1) Refined Cost + Greedy 1:1,True,100,100,0,0.0,100,100,0,1.0,1.0,0.9697472447919927,2.856862750087024,379.25,423.1,6.741346625000006,100,0,0,0,0,1.0,0.0,0.0,0.0,0.0,1.0,6.65,0.0,0.0,0.0,0.0,0.0,,0.0,0.0,5.345831215963699,1.1233685467159376,0.0,0.27120657032355666,6.740406333003193,5.345831215963699,0.27120657032355666
20260909_112655_937821,3f2b5a8fb3fffdab239693207bcaa7d708d20a0bb6324163a8c1741f478b736b,16,2187632407,1545686401,2187632407,16,100,50,60,5,30,10.0,120,current,Optimized Pattern Generator,dynamic_session,Dynamic Session Pattern Assignment,50,6,360,d1523d63a88e7a716ec128c69de804a22e6ed039ced14c103725df89ac0a6678,50,5.0,41.70448979591837,1.0,1.0,True,20,6,30,3699990473,2d1c037306f79f2cd159caf16f523b1bf90a9beae278699389e355b2263797a9,True,single_only_dtw_off,A1 Ablation) DTW Off,False,100,100,0,0.0,100,99,0,0.99,0.99,0.9024335878333335,2.4200001799999997,379.25,423.1,6.63734741701046,100,0,0,0,0,1.0,0.0,0.0,0.0,0.0,1.0,6.65,0.0,0.0,0.0,0.0,0.0,,0.0,0.0,5.225684501114301,1.1337251679797191,0.0,0.27697120589436963,6.63638087498839,5.225684501114301,0.27697120589436963
20260909_112655_937821,3f2b5a8fb3fffdab239693207bcaa7d708d20a0bb6324163a8c1741f478b736b,16,2187632407,866312305,2187632407,16,100,50,60,5,30,10.0,120,current,Optimized Pattern Generator,dynamic_session,Dynamic Session Pattern Assignment,50,6,360,d1523d63a88e7a716ec128c69de804a22e6ed039ced14c103725df89ac0a6678,50,5.0,41.70448979591837,1.0,1.0,True,20,6,30,3699990473,2d1c037306f79f2cd159caf16f523b1bf90a9beae278699389e355b2263797a9,True,single_only_step_off,A1 Ablation) Step Signature Off,False,100,100,0,0.0,100,100,0,1.0,1.0,0.06468057812532621,0.19154635233240355,379.25,423.1,6.60064533399418,100,0,0,0,0,1.0,0.0,0.0,0.0,0.0,1.0,6.65,0.0,0.0,0.0,0.0,0.0,,0.0,0.0,5.2075964549731,1.1208355389826465,0.0,0.2712340480356943,6.599666041991441,5.2075964549731,0.2712340480356943
20260909_112655_937821,3f2b5a8fb3fffdab239693207bcaa7d708d20a0bb6324163a8c1741f478b736b,16,2187632407,1815193637,2187632407,16,100,50,60,5,30,10.0,120,current,Optimized Pattern Generator,dynamic_session,Dynamic Session Pattern Assignment,50,6,360,d1523d63a88e7a716ec128c69de804a22e6ed039ced14c103725df89ac0a6678,50,5.0,41.70448979591837,1.0,1.0,True,20,6,30,3699990473,2d1c037306f79f2cd159caf16f523b1bf90a9beae278699389e355b2263797a9,True,single_only_all_off,A1 Ablation) All Waveform Terms Off,False,100,100,0,0.0,100,94,0,0.94,0.94,1.7830002500999997,8.80000032,379.25,423.1,5.458750000019791,100,0,0,0,0,1.0,0.0,0.0,0.0,0.0,1.0,6.65,0.0,0.0,0.0,0.0,0.0,,0.0,0.0,5.212488498014864,0.007657781039597467,0.0,0.23767367893015034,5.457819957984611,5.212488498014864,0.23767367893015034
20260909_112655_937821,3f2b5a8fb3fffdab239693207bcaa7d708d20a0bb6324163a8c1741f478b736b,16,2187632407,2184921406,2187632407,16,100,50,60,5,30,10.0,120,current,Optimized Pattern Generator,dynamic_session,Dynamic Session Pattern Assignment,50,6,360,d1523d63a88e7a716ec128c69de804a22e6ed039ced14c103725df89ac0a6678,50,5.0,41.70448979591837,1.0,1.0,True,20,6,30,3699990473,2d1c037306f79f2cd159caf16f523b1bf90a9beae278699389e355b2263797a9,True,nomura_original_interval_hungarian,A2) Corr+DTW + Hungarian,False,100,100,0,0.0,100,100,0,1.0,1.0,0.054451002205022754,0.1514590486243677,379.25,423.1,8.282568832975812,100,0,0,0,0,1.0,0.0,0.0,0.0,0.0,1.0,6.65,0.0,0.0,0.0,0.0,0.0,,0.0,0.0,5.265715964167612,2.77777341613546,0.0,0.2381282447022386,8.28161762500531,5.265715964167612,0.2381282447022386
20260909_112655_937821,3f2b5a8fb3fffdab239693207bcaa7d708d20a0bb6324163a8c1741f478b736b,16,2187632407,2176353876,2187632407,16,100,50,60,5,30,10.0,120,current,Optimized Pattern Generator,dynamic_session,Dynamic Session Pattern Assignment,50,6,360,d1523d63a88e7a716ec128c69de804a22e6ed039ced14c103725df89ac0a6678,50,5.0,41.70448979591837,1.0,1.0,True,20,6,30,3699990473,2d1c037306f79f2cd159caf16f523b1bf90a9beae278699389e355b2263797a9,True,nomura_original_interval_hungarian_dtw_off,A2 Ablation) DTW Off (Corr-only),False,100,100,0,0.0,100,100,0,1.0,1.0,0.05443554889141077,0.1514590486243677,379.25,423.1,8.30073808299494,100,0,0,0,0,1.0,0.0,0.0,0.0,0.0,1.0,6.65,0.0,0.0,0.0,0.0,0.0,,0.0,0.0,5.25884620504803,2.7674633249116596,0.0,0.27285555304843,8.29916508300812,5.25884620504803,0.27285555304843
20260909_112655_937821,3f2b5a8fb3fffdab239693207bcaa7d708d20a0bb6324163a8c1741f478b736b,16,2187632407,1055930936,2187632407,16,100,50,60,5,30,10.0,120,current,Optimized Pattern Generator,dynamic_session,Dynamic Session Pattern Assignment,50,6,360,d1523d63a88e7a716ec128c69de804a22e6ed039ced14c103725df89ac0a6678,50,5.0,41.70448979591837,1.0,1.0,True,20,6,30,3699990473,2d1c037306f79f2cd159caf16f523b1bf90a9beae278699389e355b2263797a9,True,nomura_original_interval_hungarian_corr_off,A2 Ablation) Corr Off (DTW-only),False,100,100,0,0.0,100,99,0,0.99,0.99,2.5649999999999995e-07,4.9e-07,379.25,423.1,8.294385916000465,100,0,0,0,0,1.0,0.0,0.0,0.0,0.0,1.0,6.65,0.0,0.0,0.0,0.0,0.0,,0.0,0.0,5.252721375931287,2.7640049600740895,0.0,0.2761922059871722,8.292918541992549,5.252721375931287,0.2761922059871722
20260909_112655_937821,3f2b5a8fb3fffdab239693207bcaa7d708d20a0bb6324163a8c1741f478b736b,16,2187632407,542446163,2187632407,16,100,50,60,5,30,10.0,120,current,Optimized Pattern Generator,dynamic_session,Dynamic Session Pattern Assignment,50,6,360,d1523d63a88e7a716ec128c69de804a22e6ed039ced14c103725df89ac0a6678,50,5.0,41.70448979591837,1.0,1.0,True,20,6,30,3699990473,2d1c037306f79f2cd159caf16f523b1bf90a9beae278699389e355b2263797a9,True,nomura_original_interval_hungarian_all_off,A2 Ablation) All Waveform Terms Off,False,100,100,0,0.0,100,94,0,0.94,0.94,1.7830002500999997,8.80000032,379.25,423.1,5.484248957975069,100,0,0,0,0,1.0,0.0,0.0,0.0,0.0,1.0,6.65,0.0,0.0,0.0,0.0,0.0,,0.0,0.0,5.206448001990793,0.007567463122541085,0.0,0.2686398268851917,5.482655291998526,5.206448001990793,0.2686398268851917
20260909_112655_937821,3f2b5a8fb3fffdab239693207bcaa7d708d20a0bb6324163a8c1741f478b736b,16,2187632407,1367392802,2187632407,16,100,50,60,5,30,10.0,120,current,Optimized Pattern Generator,dynamic_session,Dynamic Session Pattern Assignment,50,6,360,d1523d63a88e7a716ec128c69de804a22e6ed039ced14c103725df89ac0a6678,50,5.0,41.70448979591837,1.0,1.0,True,20,6,30,3699990473,2d1c037306f79f2cd159caf16f523b1bf90a9beae278699389e355b2263797a9,True,bayesian_windowed,A3) Two-Stage Bayesian Posterior + Hungarian,False,100,100,0,0.0,100,100,0,1.0,1.0,0.16972371976054806,0.8998037047229202,379.25,423.1,6.617335249989992,100,0,0,0,0,1.0,0.0,0.0,0.0,0.0,1.0,6.65,0.0,0.0,0.0,0.0,0.0,,0.0,0.0,5.313113969110418,1.0281699191546068,0.0,0.27468440373195335,6.615968291996978,5.313113969110418,0.27468440373195335
20260909_112655_937821,3f2b5a8fb3fffdab239693207bcaa7d708d20a0bb6324163a8c1741f478b736b,16,2187632407,1977915828,2187632407,16,100,50,60,5,30,10.0,120,current,Optimized Pattern Generator,dynamic_session,Dynamic Session Pattern Assignment,50,6,360,d1523d63a88e7a716ec128c69de804a22e6ed039ced14c103725df89ac0a6678,50,5.0,41.70448979591837,1.0,1.0,True,20,6,30,3699990473,2d1c037306f79f2cd159caf16f523b1bf90a9beae278699389e355b2263797a9,True,bayesian_windowed_memory_off,A3 Ablation) Posterior Memory Off,False,100,100,0,0.0,100,100,0,1.0,1.0,0.3028686666698973,1.2083407952444503,379.25,423.1,6.564834916003747,100,0,0,0,0,1.0,0.0,0.0,0.0,0.0,1.0,6.65,0.0,0.0,0.0,0.0,0.0,,0.0,0.0,5.3089781319431495,1.0153831670759246,0.0,0.2389642839843873,6.563325583003461,5.3089781319431495,0.2389642839843873
20260909_112655_937821,3f2b5a8fb3fffdab239693207bcaa7d708d20a0bb6324163a8c1741f478b736b,16,2187632407,2395032836,2187632407,16,100,50,60,5,30,10.0,120,current,Optimized Pattern Generator,dynamic_session,Dynamic Session Pattern Assignment,50,6,360,d1523d63a88e7a716ec128c69de804a22e6ed039ced14c103725df89ac0a6678,50,5.0,41.70448979591837,1.0,1.0,True,20,6,30,3699990473,2d1c037306f79f2cd159caf16f523b1bf90a9beae278699389e355b2263797a9,True,bayesian_windowed_timeprior_off,A3 Ablation) Time Prior Off,False,100,100,0,0.0,100,100,0,1.0,1.0,0.17075594390113025,0.8998037047229202,379.25,423.1,6.438835500011919,100,0,0,0,0,1.0,0.0,0.0,0.0,0.0,1.0,6.65,0.0,0.0,0.0,0.0,0.0,,0.0,0.0,5.195612035051454,1.0058412939833943,0.0,0.2363766289781779,6.437829958013026,5.195612035051454,0.2363766289781779
20260909_112655_937821,3f2b5a8fb3fffdab239693207bcaa7d708d20a0bb6324163a8c1741f478b736b,16,2187632407,433795954,2187632407,16,100,50,60,5,30,10.0,120,current,Optimized Pattern Generator,dynamic_session,Dynamic Session Pattern Assignment,50,6,360,d1523d63a88e7a716ec128c69de804a22e6ed039ced14c103725df89ac0a6678,50,5.0,41.70448979591837,1.0,1.0,True,20,6,30,3699990473,2d1c037306f79f2cd159caf16f523b1bf90a9beae278699389e355b2263797a9,True,bayesian_windowed_all_off,A3 Ablation) Time Prior + Memory Off,False,100,100,0,0.0,100,100,0,1.0,1.0,0.303620567590681,1.2083407952444503,379.25,423.1,6.4762338750006165,100,0,0,0,0,1.0,0.0,0.0,0.0,0.0,1.0,6.65,0.0,0.0,0.0,0.0,0.0,,0.0,0.0,5.202242044033483,1.007090120925568,0.0,0.26596837703255005,6.475300541991601,5.202242044033483,0.26596837703255005
20260909_112655_937821,3f2b5a8fb3fffdab239693207bcaa7d708d20a0bb6324163a8c1741f478b736b,17,2187632408,1233724852,2187632408,17,100,50,60,5,30,10.0,120,current,Optimized Pattern Generator,dynamic_session,Dynamic Session Pattern Assignment,50,6,360,f97a3a958a9880d4b306762c2150b8fd0e5e86fdf4f0c5a9fdb5619c318c4df6,50,6.0,41.19265306122449,1.0,1.0,True,20,6,30,3699990470,b501f9032712ac5322f9b90c1e20bf749bba34dab1d39789580b26a2e20d92f0,True,single_only,A1) Refined Cost + Greedy 1:1,True,100,100,0,0.0,100,100,0,1.0,1.0,0.8406903427267264,2.0993615836762602,379.92,411.0000000000001,6.5870737500081304,100,0,0,0,0,1.0,0.0,0.0,0.0,0.0,1.0,6.59,0.0,0.0,0.0,0.0,0.0,,0.0,0.0,5.20038662434672,1.1111705798248295,0.0,0.2745587118261028,6.586115915997652,5.20038662434672,0.2745587118261028
20260909_112655_937821,3f2b5a8fb3fffdab239693207bcaa7d708d20a0bb6324163a8c1741f478b736b,17,2187632408,1545686414,2187632408,17,100,50,60,5,30,10.0,120,current,Optimized Pattern Generator,dynamic_session,Dynamic Session Pattern Assignment,50,6,360,f97a3a958a9880d4b306762c2150b8fd0e5e86fdf4f0c5a9fdb5619c318c4df6,50,6.0,41.19265306122449,1.0,1.0,True,20,6,30,3699990470,b501f9032712ac5322f9b90c1e20bf749bba34dab1d39789580b26a2e20d92f0,True,single_only_dtw_off,A1 Ablation) DTW Off,False,100,100,0,0.0,100,99,0,0.99,0.99,0.7810002531999999,2.0033333933333335,379.92,411.0000000000001,6.523682874976657,100,0,0,0,0,1.0,0.0,0.0,0.0,0.0,1.0,6.59,0.0,0.0,0.0,0.0,0.0,,0.0,0.0,5.184266915137414,1.100357999035623,0.0,0.23812408582307398,6.522748999996111,5.184266915137414,0.23812408582307398
20260909_112655_937821,3f2b5a8fb3fffdab239693207bcaa7d708d20a0bb6324163a8c1741f478b736b,17,2187632408,866312318,2187632408,17,100,50,60,5,30,10.0,120,current,Optimized Pattern Generator,dynamic_session,Dynamic Session Pattern Assignment,50,6,360,f97a3a958a9880d4b306762c2150b8fd0e5e86fdf4f0c5a9fdb5619c318c4df6,50,6.0,41.19265306122449,1.0,1.0,True,20,6,30,3699990470,b501f9032712ac5322f9b90c1e20bf749bba34dab1d39789580b26a2e20d92f0,True,single_only_step_off,A1 Ablation) Step Signature Off,False,100,100,0,0.0,100,100,0,1.0,1.0,0.05919034272672639,0.30375476865201967,379.92,411.0000000000001,6.536603041982744,100,0,0,0,0,1.0,0.0,0.0,0.0,0.0,1.0,6.59,0.0,0.0,0.0,0.0,0.0,,0.0,0.0,5.165035869053099,1.1060834561358206,0.0,0.26386792480479926,6.534987249993719,5.165035869053099,0.26386792480479926
20260909_112655_937821,3f2b5a8fb3fffdab239693207bcaa7d708d20a0bb6324163a8c1741f478b736b,17,2187632408,1815193642,2187632408,17,100,50,60,5,30,10.0,120,current,Optimized Pattern Generator,dynamic_session,Dynamic Session Pattern Assignment,50,6,360,f97a3a958a9880d4b306762c2150b8fd0e5e86fdf4f0c5a9fdb5619c318c4df6,50,6.0,41.19265306122449,1.0,1.0,True,20,6,30,3699990470,b501f9032712ac5322f9b90c1e20bf749bba34dab1d39789580b26a2e20d92f0,True,single_only_all_off,A1 Ablation) All Waveform Terms Off,False,100,100,0,0.0,100,94,0,0.94,0.94,1.540000257,7.70000048,379.92,411.0000000000001,5.418128457997227,100,0,0,0,0,1.0,0.0,0.0,0.0,0.0,1.0,6.59,0.0,0.0,0.0,0.0,0.0,,0.0,0.0,5.144319673039718,0.007425960997352377,0.0,0.2654403659689706,5.417186000006041,5.144319673039718,0.2654403659689706
20260909_112655_937821,3f2b5a8fb3fffdab239693207bcaa7d708d20a0bb6324163a8c1741f478b736b,17,2187632408,2184921393,2187632408,17,100,50,60,5,30,10.0,120,current,Optimized Pattern Generator,dynamic_session,Dynamic Session Pattern Assignment,50,6,360,f97a3a958a9880d4b306762c2150b8fd0e5e86fdf4f0c5a9fdb5619c318c4df6,50,6.0,41.19265306122449,1.0,1.0,True,20,6,30,3699990470,b501f9032712ac5322f9b90c1e20bf749bba34dab1d39789580b26a2e20d92f0,True,nomura_original_interval_hungarian,A2) Corr+DTW + Hungarian,False,100,100,0,0.0,100,100,0,1.0,1.0,0.057510266694055255,0.22804989366054107,379.92,411.0000000000001,8.158280708012171,100,0,0,0,0,1.0,0.0,0.0,0.0,0.0,1.0,6.59,0.0,0.0,0.0,0.0,0.0,,0.0,0.0,5.1842966270342,2.7030729138932656,0.0,0.2699562930793036,8.15732583400677,5.1842966270342,0.2699562930793036
20260909_112655_937821,3f2b5a8fb3fffdab239693207bcaa7d708d20a0bb6324163a8c1741f478b736b,17,2187632408,2176353883,2187632408,17,100,50,60,5,30,10.0,120,current,Optimized Pattern Generator,dynamic_session,Dynamic Session Pattern Assignment,50,6,360,f97a3a958a9880d4b306762c2150b8fd0e5e86fdf4f0c5a9fdb5619c318c4df6,50,6.0,41.19265306122449,1.0,1.0,True,20,6,30,3699990470,b501f9032712ac5322f9b90c1e20bf749bba34dab1d39789580b26a2e20d92f0,True,nomura_original_interval_hungarian_dtw_off,A2 Ablation) DTW Off (Corr-only),False,100,100,0,0.0,100,98,0,0.98,0.98,0.05670461229899777,0.22804989366054107,379.92,411.0000000000001,8.143078124994645,100,0,0,0,0,1.0,0.0,0.0,0.0,0.0,1.0,6.59,0.0,0.0,0.0,0.0,0.0,,0.0,0.0,5.162249587010592,2.712396661081584,0.0,0.2675025018979795,8.142148749990156,5.162249587010592,0.2675025018979795
20260909_112655_937821,3f2b5a8fb3fffdab239693207bcaa7d708d20a0bb6324163a8c1741f478b736b,17,2187632408,1055930935,2187632408,17,100,50,60,5,30,10.0,120,current,Optimized Pattern Generator,dynamic_session,Dynamic Session Pattern Assignment,50,6,360,f97a3a958a9880d4b306762c2150b8fd0e5e86fdf4f0c5a9fdb5619c318c4df6,50,6.0,41.19265306122449,1.0,1.0,True,20,6,30,3699990470,b501f9032712ac5322f9b90c1e20bf749bba34dab1d39789580b26a2e20d92f0,True,nomura_original_interval_hungarian_corr_off,A2 Ablation) Corr Off (DTW-only),False,100,100,0,0.0,100,100,0,1.0,1.0,0.0005720002900324937,0.05546055813194301,379.92,411.0000000000001,8.10679266700754,100,0,0,0,0,1.0,0.0,0.0,0.0,0.0,1.0,6.59,0.0,0.0,0.0,0.0,0.0,,0.0,0.0,5.1684023349080235,2.7062688758887816,0.0,0.23063658122555353,8.105307792022359,5.1684023349080235,0.23063658122555353
20260909_112655_937821,3f2b5a8fb3fffdab239693207bcaa7d708d20a0bb6324163a8c1741f478b736b,17,2187632408,542446172,2187632408,17,100,50,60,5,30,10.0,120,current,Optimized Pattern Generator,dynamic_session,Dynamic Session Pattern Assignment,50,6,360,f97a3a958a9880d4b306762c2150b8fd0e5e86fdf4f0c5a9fdb5619c318c4df6,50,6.0,41.19265306122449,1.0,1.0,True,20,6,30,3699990470,b501f9032712ac5322f9b90c1e20bf749bba34dab1d39789580b26a2e20d92f0,True,nomura_original_interval_hungarian_all_off,A2 Ablation) All Waveform Terms Off,False,100,100,0,0.0,100,94,0,0.94,0.94,1.540000257,7.70000048,379.92,411.0000000000001,5.417689166002674,100,0,0,0,0,1.0,0.0,0.0,0.0,0.0,1.0,6.59,0.0,0.0,0.0,0.0,0.0,,0.0,0.0,5.147018452989869,0.007430413912516087,0.0,0.2622788000735454,5.41672766697593,5.147018452989869,0.2622788000735454
20260909_112655_937821,3f2b5a8fb3fffdab239693207bcaa7d708d20a0bb6324163a8c1741f478b736b,17,2187632408,1367392813,2187632408,17,100,50,60,5,30,10.0,120,current,Optimized Pattern Generator,dynamic_session,Dynamic Session Pattern Assignment,50,6,360,f97a3a958a9880d4b306762c2150b8fd0e5e86fdf4f0c5a9fdb5619c318c4df6,50,6.0,41.19265306122449,1.0,1.0,True,20,6,30,3699990470,b501f9032712ac5322f9b90c1e20bf749bba34dab1d39789580b26a2e20d92f0,True,bayesian_windowed,A3) Two-Stage Bayesian Posterior + Hungarian,False,100,100,0,0.0,100,100,0,1.0,1.0,0.17476588870414564,0.9335509675879011,379.92,411.0000000000001,6.427555165981175,100,0,0,0,0,1.0,0.0,0.0,0.0,0.0,1.0,6.59,0.0,0.0,0.0,0.0,0.0,,0.0,0.0,5.154218704235973,1.0003173740988132,0.0,0.27208583866013214,6.426621916994918,5.154218704235973,0.27208583866013214
20260909_112655_937821,3f2b5a8fb3fffdab239693207bcaa7d708d20a0bb6324163a8c1741f478b736b,17,2187632408,1977915835,2187632408,17,100,50,60,5,30,10.0,120,current,Optimized Pattern Generator,dynamic_session,Dynamic Session Pattern Assignment,50,6,360,f97a3a958a9880d4b306762c2150b8fd0e5e86fdf4f0c5a9fdb5619c318c4df6,50,6.0,41.19265306122449,1.0,1.0,True,20,6,30,3699990470,b501f9032712ac5322f9b90c1e20bf749bba34dab1d39789580b26a2e20d92f0,True,bayesian_windowed_memory_off,A3 Ablation) Posterior Memory Off,False,100,100,0,0.0,100,100,0,1.0,1.0,0.312638836866706,1.0863365070143711,379.92,411.0000000000001,6.432579457992688,100,0,0,0,0,1.0,0.0,0.0,0.0,0.0,1.0,6.59,0.0,0.0,0.0,0.0,0.0,,0.0,0.0,5.164187129033962,1.000072123890277,0.0,0.26738445507362485,6.431643707997864,5.164187129033962,0.26738445507362485
20260909_112655_937821,3f2b5a8fb3fffdab239693207bcaa7d708d20a0bb6324163a8c1741f478b736b,17,2187632408,2395032843,2187632408,17,100,50,60,5,30,10.0,120,current,Optimized Pattern Generator,dynamic_session,Dynamic Session Pattern Assignment,50,6,360,f97a3a958a9880d4b306762c2150b8fd0e5e86fdf4f0c5a9fdb5619c318c4df6,50,6.0,41.19265306122449,1.0,1.0,True,20,6,30,3699990470,b501f9032712ac5322f9b90c1e20bf749bba34dab1d39789580b26a2e20d92f0,True,bayesian_windowed_timeprior_off,A3 Ablation) Time Prior Off,False,100,100,0,0.0,100,100,0,1.0,1.0,0.17640315598773454,0.9335509675879011,379.92,411.0000000000001,6.474796750000678,100,0,0,0,0,1.0,0.0,0.0,0.0,0.0,1.0,6.59,0.0,0.0,0.0,0.0,0.0,,0.0,0.0,5.1969551218207926,1.0087455040193163,0.0,0.26812570716720074,6.47382633300731,5.1969551218207926,0.26812570716720074
20260909_112655_937821,3f2b5a8fb3fffdab239693207bcaa7d708d20a0bb6324163a8c1741f478b736b,17,2187632408,433795965,2187632408,17,100,50,60,5,30,10.0,120,current,Optimized Pattern Generator,dynamic_session,Dynamic Session Pattern Assignment,50,6,360,f97a3a958a9880d4b306762c2150b8fd0e5e86fdf4f0c5a9fdb5619c318c4df6,50,6.0,41.19265306122449,1.0,1.0,True,20,6,30,3699990470,b501f9032712ac5322f9b90c1e20bf749bba34dab1d39789580b26a2e20d92f0,True,bayesian_windowed_all_off,A3 Ablation) Time Prior + Memory Off,False,100,100,0,0.0,100,100,0,1.0,1.0,0.3135350970159316,1.0863365070143711,379.92,411.0000000000001,6.4009242090105545,100,0,0,0,0,1.0,0.0,0.0,0.0,0.0,1.0,6.59,0.0,0.0,0.0,0.0,0.0,,0.0,0.0,5.167585204879288,0.9980897950881626,0.0,0.2335684580320958,6.399243457999546,5.167585204879288,0.2335684580320958
20260909_112655_937821,3f2b5a8fb3fffdab239693207bcaa7d708d20a0bb6324163a8c1741f478b736b,18,2187632409,1233724853,2187632409,18,100,50,60,5,30,10.0,120,current,Optimized Pattern Generator,dynamic_session,Dynamic Session Pattern Assignment,50,6,360,061348c51ea452fb068b47aeecd0d08e05768ff2ad39c182c5fb6d8577e4b188,50,4.0,41.30285714285714,1.0,1.0,True,20,6,30,3699990471,4de2637b85c92453eaae1758f20005753be7f7f3826f78888424d6f182e71266,True,single_only,A1) Refined Cost + Greedy 1:1,True,100,100,0,0.0,100,99,0,0.99,0.99,0.8570689608563405,2.3247934884351515,383.2,413.20000000000005,6.784323500003666,100,0,0,0,0,1.0,0.0,0.0,0.0,0.0,1.0,6.84,0.0,0.0,0.0,0.0,0.0,,0.0,0.0,5.372520415985491,1.1405637552088592,0.0,0.27030070379259996,6.78338487498695,5.372520415985491,0.27030070379259996
20260909_112655_937821,3f2b5a8fb3fffdab239693207bcaa7d708d20a0bb6324163a8c1741f478b736b,18,2187632409,1545686415,2187632409,18,100,50,60,5,30,10.0,120,current,Optimized Pattern Generator,dynamic_session,Dynamic Session Pattern Assignment,50,6,360,061348c51ea452fb068b47aeecd0d08e05768ff2ad39c182c5fb6d8577e4b188,50,4.0,41.30285714285714,1.0,1.0,True,20,6,30,3699990471,4de2637b85c92453eaae1758f20005753be7f7f3826f78888424d6f182e71266,True,single_only_dtw_off,A1 Ablation) DTW Off,False,100,100,0,0.0,100,98,0,0.98,0.98,0.7893002548999999,2.3066670866666668,383.2,413.20000000000005,6.776508625014685,100,0,0,0,0,1.0,0.0,0.0,0.0,0.0,1.0,6.84,0.0,0.0,0.0,0.0,0.0,,0.0,0.0,5.352308164146962,1.1483132930588908,0.0,0.27488658379297704,6.7755080409988295,5.352308164146962,0.27488658379297704
20260909_112655_937821,3f2b5a8fb3fffdab239693207bcaa7d708d20a0bb6324163a8c1741f478b736b,18,2187632409,866312319,2187632409,18,100,50,60,5,30,10.0,120,current,Optimized Pattern Generator,dynamic_session,Dynamic Session Pattern Assignment,50,6,360,061348c51ea452fb068b47aeecd0d08e05768ff2ad39c182c5fb6d8577e4b188,50,4.0,41.30285714285714,1.0,1.0,True,20,6,30,3699990471,4de2637b85c92453eaae1758f20005753be7f7f3826f78888424d6f182e71266,True,single_only_step_off,A1 Ablation) Step Signature Off,False,100,100,0,0.0,100,100,0,1.0,1.0,0.06234754402382455,0.4285499680590322,383.2,413.20000000000005,6.780258249986218,100,0,0,0,0,1.0,0.0,0.0,0.0,0.0,1.0,6.84,0.0,0.0,0.0,0.0,0.0,,0.0,0.0,5.3856214612023905,1.1555994976952206,0.0,0.23751770809758455,6.778738666995196,5.3856214612023905,0.23751770809758455
20260909_112655_937821,3f2b5a8fb3fffdab239693207bcaa7d708d20a0bb6324163a8c1741f478b736b,18,2187632409,1815193643,2187632409,18,100,50,60,5,30,10.0,120,current,Optimized Pattern Generator,dynamic_session,Dynamic Session Pattern Assignment,50,6,360,061348c51ea452fb068b47aeecd0d08e05768ff2ad39c182c5fb6d8577e4b188,50,4.0,41.30285714285714,1.0,1.0,True,20,6,30,3699990471,4de2637b85c92453eaae1758f20005753be7f7f3826f78888424d6f182e71266,True,single_only_all_off,A1 Ablation) All Waveform Terms Off,False,100,100,0,0.0,100,90,0,0.9,0.9,1.40900025,6.800000270000001,383.2,413.20000000000005,5.571158333012136,100,0,0,0,0,1.0,0.0,0.0,0.0,0.0,1.0,6.84,0.0,0.0,0.0,0.0,0.0,,0.0,0.0,5.328270369907841,0.007674125023186207,0.0,0.23423825507052243,5.57018275000155,5.328270369907841,0.23423825507052243
20260909_112655_937821,3f2b5a8fb3fffdab239693207bcaa7d708d20a0bb6324163a8c1741f478b736b,18,2187632409,2184921392,2187632409,18,100,50,60,5,30,10.0,120,current,Optimized Pattern Generator,dynamic_session,Dynamic Session Pattern Assignment,50,6,360,061348c51ea452fb068b47aeecd0d08e05768ff2ad39c182c5fb6d8577e4b188,50,4.0,41.30285714285714,1.0,1.0,True,20,6,30,3699990471,4de2637b85c92453eaae1758f20005753be7f7f3826f78888424d6f182e71266,True,nomura_original_interval_hungarian,A2) Corr+DTW + Hungarian,False,100,100,0,0.0,100,100,0,1.0,1.0,0.05806016061380067,0.2163722153494378,383.2,413.20000000000005,8.504812333994778,100,0,0,0,0,1.0,0.0,0.0,0.0,0.0,1.0,6.84,0.0,0.0,0.0,0.0,0.0,,0.0,0.0,5.413647333014524,2.8269926638458855,0.0,0.2626803371531423,8.503320334013551,5.413647333014524,0.2626803371531423
20260909_112655_937821,3f2b5a8fb3fffdab239693207bcaa7d708d20a0bb6324163a8c1741f478b736b,18,2187632409,2176353882,2187632409,18,100,50,60,5,30,10.0,120,current,Optimized Pattern Generator,dynamic_session,Dynamic Session Pattern Assignment,50,6,360,061348c51ea452fb068b47aeecd0d08e05768ff2ad39c182c5fb6d8577e4b188,50,4.0,41.30285714285714,1.0,1.0,True,20,6,30,3699990471,4de2637b85c92453eaae1758f20005753be7f7f3826f78888424d6f182e71266,True,nomura_original_interval_hungarian_dtw_off,A2 Ablation) DTW Off (Corr-only),False,100,100,0,0.0,100,100,0,1.0,1.0,0.05790543088075856,0.2163722153494378,383.2,413.20000000000005,8.493510833999608,100,0,0,0,0,1.0,0.0,0.0,0.0,0.0,1.0,6.84,0.0,0.0,0.0,0.0,0.0,,0.0,0.0,5.383108790992992,2.840031001047464,0.0,0.26878608294646256,8.491925874986919,5.383108790992992,0.26878608294646256
20260909_112655_937821,3f2b5a8fb3fffdab239693207bcaa7d708d20a0bb6324163a8c1741f478b736b,18,2187632409,1055930934,2187632409,18,100,50,60,5,30,10.0,120,current,Optimized Pattern Generator,dynamic_session,Dynamic Session Pattern Assignment,50,6,360,061348c51ea452fb068b47aeecd0d08e05768ff2ad39c182c5fb6d8577e4b188,50,4.0,41.30285714285714,1.0,1.0,True,20,6,30,3699990471,4de2637b85c92453eaae1758f20005753be7f7f3826f78888424d6f182e71266,True,nomura_original_interval_hungarian_corr_off,A2 Ablation) Corr Off (DTW-only),False,100,100,0,0.0,100,99,0,0.99,0.99,2.59e-07,4.9e-07,383.2,413.20000000000005,8.429968459007796,100,0,0,0,0,1.0,0.0,0.0,0.0,0.0,1.0,6.84,0.0,0.0,0.0,0.0,0.0,,0.0,0.0,5.329912288056221,2.830600334011251,0.0,0.2682641699211672,8.42877679198864,5.329912288056221,0.2682641699211672
20260909_112655_937821,3f2b5a8fb3fffdab239693207bcaa7d708d20a0bb6324163a8c1741f478b736b,18,2187632409,542446173,2187632409,18,100,50,60,5,30,10.0,120,current,Optimized Pattern Generator,dynamic_session,Dynamic Session Pattern Assignment,50,6,360,061348c51ea452fb068b47aeecd0d08e05768ff2ad39c182c5fb6d8577e4b188,50,4.0,41.30285714285714,1.0,1.0,True,20,6,30,3699990471,4de2637b85c92453eaae1758f20005753be7f7f3826f78888424d6f182e71266,True,nomura_original_interval_hungarian_all_off,A2 Ablation) All Waveform Terms Off,False,100,100,0,0.0,100,90,0,0.9,0.9,1.40900025,6.800000270000001,383.2,413.20000000000005,5.550371124991216,100,0,0,0,0,1.0,0.0,0.0,0.0,0.0,1.0,6.84,0.0,0.0,0.0,0.0,0.0,,0.0,0.0,5.279131379909813,0.007385665929177776,0.0,0.26219703716924414,5.548714083008235,5.279131379909813,0.26219703716924414
20260909_112655_937821,3f2b5a8fb3fffdab239693207bcaa7d708d20a0bb6324163a8c1741f478b736b,18,2187632409,1367392812,2187632409,18,100,50,60,5,30,10.0,120,current,Optimized Pattern Generator,dynamic_session,Dynamic Session Pattern Assignment,50,6,360,061348c51ea452fb068b47aeecd0d08e05768ff2ad39c182c5fb6d8577e4b188,50,4.0,41.30285714285714,1.0,1.0,True,20,6,30,3699990471,4de2637b85c92453eaae1758f20005753be7f7f3826f78888424d6f182e71266,True,bayesian_windowed,A3) Two-Stage Bayesian Posterior + Hungarian,False,100,100,0,0.0,100,99,0,0.99,0.99,0.16598723135993043,1.1350796709584936,383.2,413.20000000000005,6.673838707996765,100,0,0,0,0,1.0,0.0,0.0,0.0,0.0,1.0,6.84,0.0,0.0,0.0,0.0,0.0,,0.0,0.0,5.403287330904277,1.031225912127411,0.0,0.2375530069693923,6.67206625000108,5.403287330904277,0.2375530069693923
20260909_112655_937821,3f2b5a8fb3fffdab239693207bcaa7d708d20a0bb6324163a8c1741f478b736b,18,2187632409,1977915834,2187632409,18,100,50,60,5,30,10.0,120,current,Optimized Pattern Generator,dynamic_session,Dynamic Session Pattern Assignment,50,6,360,061348c51ea452fb068b47aeecd0d08e05768ff2ad39c182c5fb6d8577e4b188,50,4.0,41.30285714285714,1.0,1.0,True,20,6,30,3699990471,4de2637b85c92453eaae1758f20005753be7f7f3826f78888424d6f182e71266,True,bayesian_windowed_memory_off,A3 Ablation) Posterior Memory Off,False,100,100,0,0.0,100,99,0,0.99,0.99,0.33006140082370644,1.268320112554118,383.2,413.20000000000005,6.628286709019449,100,0,0,0,0,1.0,0.0,0.0,0.0,0.0,1.0,6.84,0.0,0.0,0.0,0.0,0.0,,0.0,0.0,5.362850044883089,1.025943618180463,0.0,0.2385127539455425,6.627306417009095,5.362850044883089,0.2385127539455425
20260909_112655_937821,3f2b5a8fb3fffdab239693207bcaa7d708d20a0bb6324163a8c1741f478b736b,18,2187632409,2395032842,2187632409,18,100,50,60,5,30,10.0,120,current,Optimized Pattern Generator,dynamic_session,Dynamic Session Pattern Assignment,50,6,360,061348c51ea452fb068b47aeecd0d08e05768ff2ad39c182c5fb6d8577e4b188,50,4.0,41.30285714285714,1.0,1.0,True,20,6,30,3699990471,4de2637b85c92453eaae1758f20005753be7f7f3826f78888424d6f182e71266,True,bayesian_windowed_timeprior_off,A3 Ablation) Time Prior Off,False,100,100,0,0.0,100,99,0,0.99,0.99,0.16761211614787716,1.1408260526353333,383.2,413.20000000000005,6.661492667015409,100,0,0,0,0,1.0,0.0,0.0,0.0,0.0,1.0,6.84,0.0,0.0,0.0,0.0,0.0,,0.0,0.0,5.350962044263724,1.0429026190540753,0.0,0.2660387537034694,6.659903417021269,5.350962044263724,0.2660387537034694
20260909_112655_937821,3f2b5a8fb3fffdab239693207bcaa7d708d20a0bb6324163a8c1741f478b736b,18,2187632409,433795964,2187632409,18,100,50,60,5,30,10.0,120,current,Optimized Pattern Generator,dynamic_session,Dynamic Session Pattern Assignment,50,6,360,061348c51ea452fb068b47aeecd0d08e05768ff2ad39c182c5fb6d8577e4b188,50,4.0,41.30285714285714,1.0,1.0,True,20,6,30,3699990471,4de2637b85c92453eaae1758f20005753be7f7f3826f78888424d6f182e71266,True,bayesian_windowed_all_off,A3 Ablation) Time Prior + Memory Off,False,100,100,0,0.0,100,99,0,0.99,0.99,0.3311420503331336,1.2725690588176806,383.2,413.20000000000005,6.615375749999657,100,0,0,0,0,1.0,0.0,0.0,0.0,0.0,1.0,6.84,0.0,0.0,0.0,0.0,0.0,,0.0,0.0,5.311690541013377,1.0339487879537046,0.0,0.2687523380445782,6.61439166701166,5.311690541013377,0.2687523380445782
20260909_112655_937821,3f2b5a8fb3fffdab239693207bcaa7d708d20a0bb6324163a8c1741f478b736b,19,2187632410,1233724854,2187632410,19,100,50,60,5,30,10.0,120,current,Optimized Pattern Generator,dynamic_session,Dynamic Session Pattern Assignment,50,6,360,98ae7f851facf81ef86e190dceb469daa15641399ef81e2f857457dd33728c0f,50,9.0,40.902857142857144,1.0,1.0,True,20,6,30,3699990468,aad34594a030eddf2e4cdc9a207057189d86c352a7d0d205efb97ffa696a77aa,True,single_only,A1) Refined Cost + Greedy 1:1,True,100,100,0,0.0,100,99,0,0.99,0.99,0.9216872525608568,2.173980208841132,383.12,430.20000000000005,6.454703333001817,100,0,0,0,0,1.0,0.0,0.0,0.0,0.0,1.0,6.4,0.0,0.0,0.0,0.0,0.0,,0.0,0.0,5.131840457033832,1.0818591639399529,0.0,0.2393997960316483,6.453099417005433,5.131840457033832,0.2393997960316483
20260909_112655_937821,3f2b5a8fb3fffdab239693207bcaa7d708d20a0bb6324163a8c1741f478b736b,19,2187632410,1545686412,2187632410,19,100,50,60,5,30,10.0,120,current,Optimized Pattern Generator,dynamic_session,Dynamic Session Pattern Assignment,50,6,360,98ae7f851facf81ef86e190dceb469daa15641399ef81e2f857457dd33728c0f,50,9.0,40.902857142857144,1.0,1.0,True,20,6,30,3699990468,aad34594a030eddf2e4cdc9a207057189d86c352a7d0d205efb97ffa696a77aa,True,single_only_dtw_off,A1 Ablation) DTW Off,False,100,100,0,0.0,100,98,0,0.98,0.98,0.8489002403000001,2.153333393333334,383.12,430.20000000000005,6.440842374984641,100,0,0,0,0,1.0,0.0,0.0,0.0,0.0,1.0,6.4,0.0,0.0,0.0,0.0,0.0,,0.0,0.0,5.0905205901071895,1.0838183260639198,0.0,0.26554779283469543,6.439886709005805,5.0905205901071895,0.26554779283469543
20260909_112655_937821,3f2b5a8fb3fffdab239693207bcaa7d708d20a0bb6324163a8c1741f478b736b,19,2187632410,866312316,2187632410,19,100,50,60,5,30,10.0,120,current,Optimized Pattern Generator,dynamic_session,Dynamic Session Pattern Assignment,50,6,360,98ae7f851facf81ef86e190dceb469daa15641399ef81e2f857457dd33728c0f,50,9.0,40.902857142857144,1.0,1.0,True,20,6,30,3699990468,aad34594a030eddf2e4cdc9a207057189d86c352a7d0d205efb97ffa696a77aa,True,single_only_step_off,A1 Ablation) Step Signature Off,False,100,100,0,0.0,100,100,0,1.0,1.0,0.06320087807393301,0.3829584361365907,383.12,430.20000000000005,6.517963457998121,100,0,0,0,0,1.0,0.0,0.0,0.0,0.0,1.0,6.4,0.0,0.0,0.0,0.0,0.0,,0.0,0.0,5.152347704017302,1.074373373936396,0.0,0.289591172040673,6.516312249994371,5.152347704017302,0.289591172040673
20260909_112655_937821,3f2b5a8fb3fffdab239693207bcaa7d708d20a0bb6324163a8c1741f478b736b,19,2187632410,1815193640,2187632410,19,100,50,60,5,30,10.0,120,current,Optimized Pattern Generator,dynamic_session,Dynamic Session Pattern Assignment,50,6,360,98ae7f851facf81ef86e190dceb469daa15641399ef81e2f857457dd33728c0f,50,9.0,40.902857142857144,1.0,1.0,True,20,6,30,3699990468,aad34594a030eddf2e4cdc9a207057189d86c352a7d0d205efb97ffa696a77aa,True,single_only_all_off,A1 Ablation) All Waveform Terms Off,False,100,100,0,0.0,100,95,0,0.95,0.95,1.7200002318999998,7.00000043,383.12,430.20000000000005,5.310298249998596,100,0,0,0,0,1.0,0.0,0.0,0.0,0.0,1.0,6.4,0.0,0.0,0.0,0.0,0.0,,0.0,0.0,5.037533369031735,0.007317750190850347,0.0,0.2644997977768071,5.309350916999392,5.037533369031735,0.2644997977768071
20260909_112655_937821,3f2b5a8fb3fffdab239693207bcaa7d708d20a0bb6324163a8c1741f478b736b,19,2187632410,2184921395,2187632410,19,100,50,60,5,30,10.0,120,current,Optimized Pattern Generator,dynamic_session,Dynamic Session Pattern Assignment,50,6,360,98ae7f851facf81ef86e190dceb469daa15641399ef81e2f857457dd33728c0f,50,9.0,40.902857142857144,1.0,1.0,True,20,6,30,3699990468,aad34594a030eddf2e4cdc9a207057189d86c352a7d0d205efb97ffa696a77aa,True,nomura_original_interval_hungarian,A2) Corr+DTW + Hungarian,False,100,100,0,0.0,100,100,0,1.0,1.0,0.06380223334927687,0.19739604487340895,383.12,430.20000000000005,7.986350499995751,100,0,0,0,0,1.0,0.0,0.0,0.0,0.0,1.0,6.4,0.0,0.0,0.0,0.0,0.0,,0.0,0.0,5.084439416095847,2.627049831993645,0.0,0.2739074189157691,7.985396667005261,5.084439416095847,0.2739074189157691
20260909_112655_937821,3f2b5a8fb3fffdab239693207bcaa7d708d20a0bb6324163a8c1741f478b736b,19,2187632410,2176353881,2187632410,19,100,50,60,5,30,10.0,120,current,Optimized Pattern Generator,dynamic_session,Dynamic Session Pattern Assignment,50,6,360,98ae7f851facf81ef86e190dceb469daa15641399ef81e2f857457dd33728c0f,50,9.0,40.902857142857144,1.0,1.0,True,20,6,30,3699990468,aad34594a030eddf2e4cdc9a207057189d86c352a7d0d205efb97ffa696a77aa,True,nomura_original_interval_hungarian_dtw_off,A2 Ablation) DTW Off (Corr-only),False,100,100,0,0.0,100,99,0,0.99,0.99,0.06364637616474746,0.19739604487340895,383.12,430.20000000000005,7.948913958010962,100,0,0,0,0,1.0,0.0,0.0,0.0,0.0,1.0,6.4,0.0,0.0,0.0,0.0,0.0,,0.0,0.0,5.0425112161028665,2.668025634891819,0.0,0.236787774018012,7.947324625012698,5.0425112161028665,0.236787774018012
20260909_112655_937821,3f2b5a8fb3fffdab239693207bcaa7d708d20a0bb6324163a8c1741f478b736b,19,2187632410,1055930933,2187632410,19,100,50,60,5,30,10.0,120,current,Optimized Pattern Generator,dynamic_session,Dynamic Session Pattern Assignment,50,6,360,98ae7f851facf81ef86e190dceb469daa15641399ef81e2f857457dd33728c0f,50,9.0,40.902857142857144,1.0,1.0,True,20,6,30,3699990468,aad34594a030eddf2e4cdc9a207057189d86c352a7d0d205efb97ffa696a77aa,True,nomura_original_interval_hungarian_corr_off,A2 Ablation) Corr Off (DTW-only),False,100,100,0,0.0,100,100,0,1.0,1.0,7.20592113269156e-05,0.00718223113269156,383.12,430.20000000000005,7.941676958987955,100,0,0,0,0,1.0,0.0,0.0,0.0,0.0,1.0,6.4,0.0,0.0,0.0,0.0,0.0,,0.0,0.0,5.045000789046753,2.631461001787102,0.0,0.263423625176074,7.939885416009929,5.045000789046753,0.263423625176074
20260909_112655_937821,3f2b5a8fb3fffdab239693207bcaa7d708d20a0bb6324163a8c1741f478b736b,19,2187632410,542446174,2187632410,19,100,50,60,5,30,10.0,120,current,Optimized Pattern Generator,dynamic_session,Dynamic Session Pattern Assignment,50,6,360,98ae7f851facf81ef86e190dceb469daa15641399ef81e2f857457dd33728c0f,50,9.0,40.902857142857144,1.0,1.0,True,20,6,30,3699990468,aad34594a030eddf2e4cdc9a207057189d86c352a7d0d205efb97ffa696a77aa,True,nomura_original_interval_hungarian_all_off,A2 Ablation) All Waveform Terms Off,False,100,100,0,0.0,100,95,0,0.95,0.95,1.7200002318999998,7.00000043,383.12,430.20000000000005,5.198208040994359,100,0,0,0,0,1.0,0.0,0.0,0.0,0.0,1.0,6.4,0.0,0.0,0.0,0.0,0.0,,0.0,0.0,4.916795292083407,0.007519505947129801,0.0,0.27287286895443685,5.1971876669849735,4.916795292083407,0.27287286895443685
20260909_112655_937821,3f2b5a8fb3fffdab239693207bcaa7d708d20a0bb6324163a8c1741f478b736b,19,2187632410,1367392815,2187632410,19,100,50,60,5,30,10.0,120,current,Optimized Pattern Generator,dynamic_session,Dynamic Session Pattern Assignment,50,6,360,98ae7f851facf81ef86e190dceb469daa15641399ef81e2f857457dd33728c0f,50,9.0,40.902857142857144,1.0,1.0,True,20,6,30,3699990468,aad34594a030eddf2e4cdc9a207057189d86c352a7d0d205efb97ffa696a77aa,True,bayesian_windowed,A3) Two-Stage Bayesian Posterior + Hungarian,False,100,100,0,0.0,100,100,0,1.0,1.0,0.15138612498639784,0.7259835561654425,383.12,430.20000000000005,6.235970250010723,100,0,0,0,0,1.0,0.0,0.0,0.0,0.0,1.0,6.4,0.0,0.0,0.0,0.0,0.0,,0.0,0.0,4.986528955079848,0.9785237121104728,0.0,0.2694155407953076,6.234468207985628,4.986528955079848,0.2694155407953076
20260909_112655_937821,3f2b5a8fb3fffdab239693207bcaa7d708d20a0bb6324163a8c1741f478b736b,19,2187632410,1977915833,2187632410,19,100,50,60,5,30,10.0,120,current,Optimized Pattern Generator,dynamic_session,Dynamic Session Pattern Assignment,50,6,360,98ae7f851facf81ef86e190dceb469daa15641399ef81e2f857457dd33728c0f,50,9.0,40.902857142857144,1.0,1.0,True,20,6,30,3699990468,aad34594a030eddf2e4cdc9a207057189d86c352a7d0d205efb97ffa696a77aa,True,bayesian_windowed_memory_off,A3 Ablation) Posterior Memory Off,False,100,100,0,0.0,100,99,0,0.99,0.99,0.2769011609191243,0.9943411094321072,383.12,430.20000000000005,6.256177417002618,100,0,0,0,0,1.0,0.0,0.0,0.0,0.0,1.0,6.4,0.0,0.0,0.0,0.0,0.0,,0.0,0.0,5.013750580139458,0.9701162920973729,0.0,0.27135050276410766,6.255217375000939,5.013750580139458,0.27135050276410766
20260909_112655_937821,3f2b5a8fb3fffdab239693207bcaa7d708d20a0bb6324163a8c1741f478b736b,19,2187632410,2395032841,2187632410,19,100,50,60,5,30,10.0,120,current,Optimized Pattern Generator,dynamic_session,Dynamic Session Pattern Assignment,50,6,360,98ae7f851facf81ef86e190dceb469daa15641399ef81e2f857457dd33728c0f,50,9.0,40.902857142857144,1.0,1.0,True,20,6,30,3699990468,aad34594a030eddf2e4cdc9a207057189d86c352a7d0d205efb97ffa696a77aa,True,bayesian_windowed_timeprior_off,A3 Ablation) Time Prior Off,False,100,100,0,0.0,100,100,0,1.0,1.0,0.1529820614450098,0.7259835561654425,383.12,430.20000000000005,6.245802874997025,100,0,0,0,0,1.0,0.0,0.0,0.0,0.0,1.0,6.4,0.0,0.0,0.0,0.0,0.0,,0.0,0.0,5.0130946271528956,0.9632660820498131,0.0,0.2678305407753214,6.24419124997803,5.0130946271528956,0.2678305407753214
20260909_112655_937821,3f2b5a8fb3fffdab239693207bcaa7d708d20a0bb6324163a8c1741f478b736b,19,2187632410,433795967,2187632410,19,100,50,60,5,30,10.0,120,current,Optimized Pattern Generator,dynamic_session,Dynamic Session Pattern Assignment,50,6,360,98ae7f851facf81ef86e190dceb469daa15641399ef81e2f857457dd33728c0f,50,9.0,40.902857142857144,1.0,1.0,True,20,6,30,3699990468,aad34594a030eddf2e4cdc9a207057189d86c352a7d0d205efb97ffa696a77aa,True,bayesian_windowed_all_off,A3 Ablation) Time Prior + Memory Off,False,100,100,0,0.0,100,99,0,0.99,0.99,0.2776381186924026,0.9943411094321072,383.12,430.20000000000005,6.254952750023222,100,0,0,0,0,1.0,0.0,0.0,0.0,0.0,1.0,6.4,0.0,0.0,0.0,0.0,0.0,,0.0,0.0,5.044595826097066,0.9733226689277217,0.0,0.23538292196462862,6.253301416989416,5.044595826097066,0.23538292196462862
20260909_112655_937821,3f2b5a8fb3fffdab239693207bcaa7d708d20a0bb6324163a8c1741f478b736b,20,2187632411,1233724855,2187632411,20,100,50,60,5,30,10.0,120,current,Optimized Pattern Generator,dynamic_session,Dynamic Session Pattern Assignment,50,6,360,dea501249bbfaf9b2b61ab36f1dfa32654dad6c04e9cfb1a1b5d3419636e2f85,50,8.0,43.10204081632653,1.0,1.0,True,20,6,30,3699990469,6b890f2c4a51e1a1307331952f5359b1bf19186b4e246d2c780fd064e8be6ef6,True,single_only,A1) Refined Cost + Greedy 1:1,True,100,100,0,0.0,100,100,0,1.0,1.0,0.8596938827333369,2.909631993697566,384.22,425.6,6.651724249997642,100,0,0,0,0,1.0,0.0,0.0,0.0,0.0,1.0,6.66,0.0,0.0,0.0,0.0,0.0,,0.0,0.0,5.2713362460781354,1.1061230399354827,0.0,0.27263804798712954,6.650097334000748,5.2713362460781354,0.27263804798712954
20260909_112655_937821,3f2b5a8fb3fffdab239693207bcaa7d708d20a0bb6324163a8c1741f478b736b,20,2187632411,1545686413,2187632411,20,100,50,60,5,30,10.0,120,current,Optimized Pattern Generator,dynamic_session,Dynamic Session Pattern Assignment,50,6,360,dea501249bbfaf9b2b61ab36f1dfa32654dad6c04e9cfb1a1b5d3419636e2f85,50,8.0,43.10204081632653,1.0,1.0,True,20,6,30,3699990469,6b890f2c4a51e1a1307331952f5359b1bf19186b4e246d2c780fd064e8be6ef6,True,single_only_dtw_off,A1 Ablation) DTW Off,False,100,100,0,0.0,100,98,0,0.98,0.98,0.7956335571333333,2.5033337233333333,384.22,425.6,6.622467667009914,100,0,0,0,0,1.0,0.0,0.0,0.0,0.0,1.0,6.66,0.0,0.0,0.0,0.0,0.0,,0.0,0.0,5.244762833870482,1.1117528780014254,0.0,0.26453095514443703,6.621046667016344,5.244762833870482,0.26453095514443703
20260909_112655_937821,3f2b5a8fb3fffdab239693207bcaa7d708d20a0bb6324163a8c1741f478b736b,20,2187632411,866312317,2187632411,20,100,50,60,5,30,10.0,120,current,Optimized Pattern Generator,dynamic_session,Dynamic Session Pattern Assignment,50,6,360,dea501249bbfaf9b2b61ab36f1dfa32654dad6c04e9cfb1a1b5d3419636e2f85,50,8.0,43.10204081632653,1.0,1.0,True,20,6,30,3699990469,6b890f2c4a51e1a1307331952f5359b1bf19186b4e246d2c780fd064e8be6ef6,True,single_only_step_off,A1 Ablation) Step Signature Off,False,100,100,0,0.0,100,100,0,1.0,1.0,0.059493882733336806,0.2249145905707492,384.22,425.6,6.638497457985068,100,0,0,0,0,1.0,0.0,0.0,0.0,0.0,1.0,6.66,0.0,0.0,0.0,0.0,0.0,,0.0,0.0,5.289295667927945,1.1105023291020188,0.0,0.2370791699795518,6.636877167009516,5.289295667927945,0.2370791699795518
20260909_112655_937821,3f2b5a8fb3fffdab239693207bcaa7d708d20a0bb6324163a8c1741f478b736b,20,2187632411,1815193641,2187632411,20,100,50,60,5,30,10.0,120,current,Optimized Pattern Generator,dynamic_session,Dynamic Session Pattern Assignment,50,6,360,dea501249bbfaf9b2b61ab36f1dfa32654dad6c04e9cfb1a1b5d3419636e2f85,50,8.0,43.10204081632653,1.0,1.0,True,20,6,30,3699990469,6b890f2c4a51e1a1307331952f5359b1bf19186b4e246d2c780fd064e8be6ef6,True,single_only_all_off,A1 Ablation) All Waveform Terms Off,False,100,100,0,0.0,100,97,0,0.97,0.97,1.6840002232999995,7.20000004,384.22,425.6,5.534848333976697,100,0,0,0,0,1.0,0.0,0.0,0.0,0.0,1.0,6.66,0.0,0.0,0.0,0.0,0.0,,0.0,0.0,5.256146955944132,0.0077679630485363305,0.0,0.2700064980017487,5.533921416994417,5.256146955944132,0.2700064980017487
20260909_112655_937821,3f2b5a8fb3fffdab239693207bcaa7d708d20a0bb6324163a8c1741f478b736b,20,2187632411,2184921394,2187632411,20,100,50,60,5,30,10.0,120,current,Optimized Pattern Generator,dynamic_session,Dynamic Session Pattern Assignment,50,6,360,dea501249bbfaf9b2b61ab36f1dfa32654dad6c04e9cfb1a1b5d3419636e2f85,50,8.0,43.10204081632653,1.0,1.0,True,20,6,30,3699990469,6b890f2c4a51e1a1307331952f5359b1bf19186b4e246d2c780fd064e8be6ef6,True,nomura_original_interval_hungarian,A2) Corr+DTW + Hungarian,False,100,100,0,0.0,100,100,0,1.0,1.0,0.055173187423072034,0.18250361692521982,384.22,425.6,8.316151124978205,100,0,0,0,0,1.0,0.0,0.0,0.0,0.0,1.0,6.66,0.0,0.0,0.0,0.0,0.0,,0.0,0.0,5.2961016188783105,2.748235874081729,0.0,0.2708720490336418,8.315209541993681,5.2961016188783105,0.2708720490336418
20260909_112655_937821,3f2b5a8fb3fffdab239693207bcaa7d708d20a0bb6324163a8c1741f478b736b,20,2187632411,2176353880,2187632411,20,100,50,60,5,30,10.0,120,current,Optimized Pattern Generator,dynamic_session,Dynamic Session Pattern Assignment,50,6,360,dea501249bbfaf9b2b61ab36f1dfa32654dad6c04e9cfb1a1b5d3419636e2f85,50,8.0,43.10204081632653,1.0,1.0,True,20,6,30,3699990469,6b890f2c4a51e1a1307331952f5359b1bf19186b4e246d2c780fd064e8be6ef6,True,nomura_original_interval_hungarian_dtw_off,A2 Ablation) DTW Off (Corr-only),False,100,100,0,0.0,100,100,0,1.0,1.0,0.055173187423072034,0.18250361692521982,384.22,425.6,8.308006917010061,100,0,0,0,0,1.0,0.0,0.0,0.0,0.0,1.0,6.66,0.0,0.0,0.0,0.0,0.0,,0.0,0.0,5.280457671964541,2.752295083919307,0.0,0.2735980361176189,8.306350792001467,5.280457671964541,0.2735980361176189
20260909_112655_937821,3f2b5a8fb3fffdab239693207bcaa7d708d20a0bb6324163a8c1741f478b736b,20,2187632411,1055930932,2187632411,20,100,50,60,5,30,10.0,120,current,Optimized Pattern Generator,dynamic_session,Dynamic Session Pattern Assignment,50,6,360,dea501249bbfaf9b2b61ab36f1dfa32654dad6c04e9cfb1a1b5d3419636e2f85,50,8.0,43.10204081632653,1.0,1.0,True,20,6,30,3699990469,6b890f2c4a51e1a1307331952f5359b1bf19186b4e246d2c780fd064e8be6ef6,True,nomura_original_interval_hungarian_corr_off,A2 Ablation) Corr Off (DTW-only),False,100,100,0,0.0,100,100,0,1.0,1.0,2.2389999999999999e-07,4.9e-07,384.22,425.6,8.304861457989318,100,0,0,0,0,1.0,0.0,0.0,0.0,0.0,1.0,6.66,0.0,0.0,0.0,0.0,0.0,,0.0,0.0,5.290275250968989,2.7441022528510075,0.0,0.2695038291567471,8.303881332976744,5.290275250968989,0.2695038291567471
20260909_112655_937821,3f2b5a8fb3fffdab239693207bcaa7d708d20a0bb6324163a8c1741f478b736b,20,2187632411,542446175,2187632411,20,100,50,60,5,30,10.0,120,current,Optimized Pattern Generator,dynamic_session,Dynamic Session Pattern Assignment,50,6,360,dea501249bbfaf9b2b61ab36f1dfa32654dad6c04e9cfb1a1b5d3419636e2f85,50,8.0,43.10204081632653,1.0,1.0,True,20,6,30,3699990469,6b890f2c4a51e1a1307331952f5359b1bf19186b4e246d2c780fd064e8be6ef6,True,nomura_original_interval_hungarian_all_off,A2 Ablation) All Waveform Terms Off,False,100,100,0,0.0,100,97,0,0.97,0.97,1.6840002232999995,7.20000004,384.22,425.6,5.566763958020601,100,0,0,0,0,1.0,0.0,0.0,0.0,0.0,1.0,6.66,0.0,0.0,0.0,0.0,0.0,,0.0,0.0,5.322101041965652,0.007396789937047288,0.0,0.2357313351240009,5.5652291670267005,5.322101041965652,0.2357313351240009
20260909_112655_937821,3f2b5a8fb3fffdab239693207bcaa7d708d20a0bb6324163a8c1741f478b736b,20,2187632411,1367392814,2187632411,20,100,50,60,5,30,10.0,120,current,Optimized Pattern Generator,dynamic_session,Dynamic Session Pattern Assignment,50,6,360,dea501249bbfaf9b2b61ab36f1dfa32654dad6c04e9cfb1a1b5d3419636e2f85,50,8.0,43.10204081632653,1.0,1.0,True,20,6,30,3699990469,6b890f2c4a51e1a1307331952f5359b1bf19186b4e246d2c780fd064e8be6ef6,True,bayesian_windowed,A3) Two-Stage Bayesian Posterior + Hungarian,False,100,100,0,0.0,100,100,0,1.0,1.0,0.1435157585068449,0.8897695449429812,384.22,425.6,6.591006792004919,100,0,0,0,0,1.0,0.0,0.0,0.0,0.0,1.0,6.66,0.0,0.0,0.0,0.0,0.0,,0.0,0.0,5.327932716056239,1.022536461125128,0.0,0.23851044781622477,6.588979624997592,5.327932716056239,0.23851044781622477
20260909_112655_937821,3f2b5a8fb3fffdab239693207bcaa7d708d20a0bb6324163a8c1741f478b736b,20,2187632411,1977915832,2187632411,20,100,50,60,5,30,10.0,120,current,Optimized Pattern Generator,dynamic_session,Dynamic Session Pattern Assignment,50,6,360,dea501249bbfaf9b2b61ab36f1dfa32654dad6c04e9cfb1a1b5d3419636e2f85,50,8.0,43.10204081632653,1.0,1.0,True,20,6,30,3699990469,6b890f2c4a51e1a1307331952f5359b1bf19186b4e246d2c780fd064e8be6ef6,True,bayesian_windowed_memory_off,A3 Ablation) Posterior Memory Off,False,100,100,0,0.0,100,100,0,1.0,1.0,0.2885807870297237,1.1501786006341177,384.22,425.6,6.6244076659786515,100,0,0,0,0,1.0,0.0,0.0,0.0,0.0,1.0,6.66,0.0,0.0,0.0,0.0,0.0,,0.0,0.0,5.3393462530802935,1.0153709610749502,0.0,0.26818007783731446,6.622897291992558,5.3393462530802935,0.26818007783731446
20260909_112655_937821,3f2b5a8fb3fffdab239693207bcaa7d708d20a0bb6324163a8c1741f478b736b,20,2187632411,2395032840,2187632411,20,100,50,60,5,30,10.0,120,current,Optimized Pattern Generator,dynamic_session,Dynamic Session Pattern Assignment,50,6,360,dea501249bbfaf9b2b61ab36f1dfa32654dad6c04e9cfb1a1b5d3419636e2f85,50,8.0,43.10204081632653,1.0,1.0,True,20,6,30,3699990469,6b890f2c4a51e1a1307331952f5359b1bf19186b4e246d2c780fd064e8be6ef6,True,bayesian_windowed_timeprior_off,A3 Ablation) Time Prior Off,False,100,100,0,0.0,100,100,0,1.0,1.0,0.1447979552029376,0.8897695449429812,384.22,425.6,6.57385112499469,100,0,0,0,0,1.0,0.0,0.0,0.0,0.0,1.0,6.66,0.0,0.0,0.0,0.0,0.0,,0.0,0.0,5.286828295997111,1.0198965010640677,0.0,0.2656897869310342,6.572414583992213,5.286828295997111,0.2656897869310342
20260909_112655_937821,3f2b5a8fb3fffdab239693207bcaa7d708d20a0bb6324163a8c1741f478b736b,20,2187632411,433795966,2187632411,20,100,50,60,5,30,10.0,120,current,Optimized Pattern Generator,dynamic_session,Dynamic Session Pattern Assignment,50,6,360,dea501249bbfaf9b2b61ab36f1dfa32654dad6c04e9cfb1a1b5d3419636e2f85,50,8.0,43.10204081632653,1.0,1.0,True,20,6,30,3699990469,6b890f2c4a51e1a1307331952f5359b1bf19186b4e246d2c780fd064e8be6ef6,True,bayesian_windowed_all_off,A3 Ablation) Time Prior + Memory Off,False,100,100,0,0.0,100,100,0,1.0,1.0,0.2893937927059974,1.1520939282634082,384.22,425.6,6.600724124989938,100,0,0,0,0,1.0,0.0,0.0,0.0,0.0,1.0,6.66,0.0,0.0,0.0,0.0,0.0,,0.0,0.0,5.299200204928638,1.0204618740535807,0.0,0.2800806710147299,6.599742749996949,5.299200204928638,0.2800806710147299
20260909_112655_937821,3f2b5a8fb3fffdab239693207bcaa7d708d20a0bb6324163a8c1741f478b736b,21,2187632412,1233724848,2187632412,1,300,50,60,5,30,10.0,120,current,Optimized Pattern Generator,dynamic_session,Dynamic Session Pattern Assignment,50,6,360,3f82473959c4e110d8ad1b09b89fd787895ae8664fc7571d61853219385c4c18,50,6.0,42.59510204081633,1.0,1.0,True,20,6,30,3699990466,222333840966f55bb9a81ff5ab79065ea0a11bf06251a9c20af6b7384c80439c,True,single_only,A1) Refined Cost + Greedy 1:1,True,300,300,0,0.0,300,297,0,0.99,0.99,0.9076897175741951,2.1938969094037835,381.12333333333333,417.1,52.24785424998845,300,0,0,0,0,1.0,0.0,0.0,0.0,0.0,1.0,17.713333333333335,0.0,0.0,0.0,0.0,0.0,,0.0,0.0,42.691330243920675,8.867244671972003,0.0,0.6865676250890829,52.24514254098176,42.691330243920675,0.6865676250890829
20260909_112655_937821,3f2b5a8fb3fffdab239693207bcaa7d708d20a0bb6324163a8c1741f478b736b,21,2187632412,1545686410,2187632412,1,300,50,60,5,30,10.0,120,current,Optimized Pattern Generator,dynamic_session,Dynamic Session Pattern Assignment,50,6,360,3f82473959c4e110d8ad1b09b89fd787895ae8664fc7571d61853219385c4c18,50,6.0,42.59510204081633,1.0,1.0,True,20,6,30,3699990466,222333840966f55bb9a81ff5ab79065ea0a11bf06251a9c20af6b7384c80439c,True,single_only_dtw_off,A1 Ablation) DTW Off,False,300,300,0,0.0,300,290,0,0.9666666666666667,0.9666666666666667,0.8317891575222224,2.0600004300000005,381.12333333333333,417.1,52.777848416997585,300,0,0,0,0,1.0,0.0,0.0,0.0,0.0,1.0,17.713333333333335,0.0,0.0,0.0,0.0,0.0,,0.0,0.0,43.19604736787733,8.920383169257548,0.0,0.658195379859535,52.77462591699441,43.19604736787733,0.658195379859535
20260909_112655_937821,3f2b5a8fb3fffdab239693207bcaa7d708d20a0bb6324163a8c1741f478b736b,21,2187632412,866312314,2187632412,1,300,50,60,5,30,10.0,120,current,Optimized Pattern Generator,dynamic_session,Dynamic Session Pattern Assignment,50,6,360,3f82473959c4e110d8ad1b09b89fd787895ae8664fc7571d61853219385c4c18,50,6.0,42.59510204081633,1.0,1.0,True,20,6,30,3699990466,222333840966f55bb9a81ff5ab79065ea0a11bf06251a9c20af6b7384c80439c,True,single_only_step_off,A1 Ablation) Step Signature Off,False,300,300,0,0.0,300,300,0,1.0,1.0,0.06758595221087721,0.474644358531615,381.12333333333333,417.1,52.29960912500974,300,0,0,0,0,1.0,0.0,0.0,0.0,0.0,1.0,17.713333333333335,0.0,0.0,0.0,0.0,0.0,,0.0,0.0,42.75534204527503,8.878622490039561,0.0,0.6636505066708196,52.29761504198541,42.75534204527503,0.6636505066708196
20260909_112655_937821,3f2b5a8fb3fffdab239693207bcaa7d708d20a0bb6324163a8c1741f478b736b,21,2187632412,1815193646,2187632412,1,300,50,60,5,30,10.0,120,current,Optimized Pattern Generator,dynamic_session,Dynamic Session Pattern Assignment,50,6,360,3f82473959c4e110d8ad1b09b89fd787895ae8664fc7571d61853219385c4c18,50,6.0,42.59510204081633,1.0,1.0,True,20,6,30,3699990466,222333840966f55bb9a81ff5ab79065ea0a11bf06251a9c20af6b7384c80439c,True,single_only_all_off,A1 Ablation) All Waveform Terms Off,False,300,300,0,0.0,300,224,0,0.7466666666666667,0.7466666666666667,1.2950002682666666,7.50000037,381.12333333333333,417.1,43.80418900001678,300,0,0,0,0,1.0,0.0,0.0,0.0,0.0,1.0,17.713333333333335,0.0,0.0,0.0,0.0,0.0,,0.0,0.0,43.104557217797264,0.030758621607674286,0.0,0.6656527435989119,43.80096858300385,43.104557217797264,0.6656527435989119
20260909_112655_937821,3f2b5a8fb3fffdab239693207bcaa7d708d20a0bb6324163a8c1741f478b736b,21,2187632412,2184921397,2187632412,1,300,50,60,5,30,10.0,120,current,Optimized Pattern Generator,dynamic_session,Dynamic Session Pattern Assignment,50,6,360,3f82473959c4e110d8ad1b09b89fd787895ae8664fc7571d61853219385c4c18,50,6.0,42.59510204081633,1.0,1.0,True,20,6,30,3699990466,222333840966f55bb9a81ff5ab79065ea0a11bf06251a9c20af6b7384c80439c,True,nomura_original_interval_hungarian,A2) Corr+DTW + Hungarian,False,300,300,0,0.0,300,299,0,0.9966666666666667,0.9966666666666667,0.059796031932329685,0.22074567944509416,381.12333333333333,417.1,66.25495595802204,300,0,0,0,0,1.0,0.0,0.0,0.0,0.0,1.0,17.713333333333335,0.0,0.0,0.0,0.0,0.0,,0.0,0.0,43.37460017405101,22.22263279274921,0.0,0.6558224082109518,66.25305537501117,43.37460017405101,0.6558224082109518
20260909_112655_937821,3f2b5a8fb3fffdab239693207bcaa7d708d20a0bb6324163a8c1741f478b736b,21,2187632412,2176353887,2187632412,1,300,50,60,5,30,10.0,120,current,Optimized Pattern Generator,dynamic_session,Dynamic Session Pattern Assignment,50,6,360,3f82473959c4e110d8ad1b09b89fd787895ae8664fc7571d61853219385c4c18,50,6.0,42.59510204081633,1.0,1.0,True,20,6,30,3699990466,222333840966f55bb9a81ff5ab79065ea0a11bf06251a9c20af6b7384c80439c,True,nomura_original_interval_hungarian_dtw_off,A2 Ablation) DTW Off (Corr-only),False,300,300,0,0.0,300,295,0,0.9833333333333333,0.9833333333333333,0.05862017656182517,0.22074567944509416,381.12333333333333,417.1,65.44762325001648,300,0,0,0,0,1.0,0.0,0.0,0.0,0.0,1.0,17.713333333333335,0.0,0.0,0.0,0.0,0.0,,0.0,0.0,42.95422153317486,21.85862632957287,0.0,0.632865970255807,65.44571383300354,42.95422153317486,0.632865970255807
20260909_112655_937821,3f2b5a8fb3fffdab239693207bcaa7d708d20a0bb6324163a8c1741f478b736b,21,2187632412,1055930931,2187632412,1,300,50,60,5,30,10.0,120,current,Optimized Pattern Generator,dynamic_session,Dynamic Session Pattern Assignment,50,6,360,3f82473959c4e110d8ad1b09b89fd787895ae8664fc7571d61853219385c4c18,50,6.0,42.59510204081633,1.0,1.0,True,20,6,30,3699990466,222333840966f55bb9a81ff5ab79065ea0a11bf06251a9c20af6b7384c80439c,True,nomura_original_interval_hungarian_corr_off,A2 Ablation) Corr Off (DTW-only),False,300,300,0,0.0,300,297,0,0.99,0.99,0.0004893640326209871,0.05863191477018381,381.12333333333333,417.1,65.1013288340182,300,0,0,0,0,1.0,0.0,0.0,0.0,0.0,1.0,17.713333333333335,0.0,0.0,0.0,0.0,0.0,,0.0,0.0,42.66444663214497,21.7618794090522,0.0,0.671871166821802,65.09819720801897,42.66444663214497,0.671871166821802
20260909_112655_937821,3f2b5a8fb3fffdab239693207bcaa7d708d20a0bb6324163a8c1741f478b736b,21,2187632412,542446168,2187632412,1,300,50,60,5,30,10.0,120,current,Optimized Pattern Generator,dynamic_session,Dynamic Session Pattern Assignment,50,6,360,3f82473959c4e110d8ad1b09b89fd787895ae8664fc7571d61853219385c4c18,50,6.0,42.59510204081633,1.0,1.0,True,20,6,30,3699990466,222333840966f55bb9a81ff5ab79065ea0a11bf06251a9c20af6b7384c80439c,True,nomura_original_interval_hungarian_all_off,A2 Ablation) All Waveform Terms Off,False,300,300,0,0.0,300,224,0,0.7466666666666667,0.7466666666666667,1.2950002682666666,7.50000037,381.12333333333333,417.1,43.41453170901514,300,0,0,0,0,1.0,0.0,0.0,0.0,0.0,1.0,17.713333333333335,0.0,0.0,0.0,0.0,0.0,,0.0,0.0,42.719422797323205,0.0304038361646235,0.0,0.6627490335085895,43.41257566699642,42.719422797323205,0.6627490335085895
20260909_112655_937821,3f2b5a8fb3fffdab239693207bcaa7d708d20a0bb6324163a8c1741f478b736b,21,2187632412,1367392809,2187632412,1,300,50,60,5,30,10.0,120,current,Optimized Pattern Generator,dynamic_session,Dynamic Session Pattern Assignment,50,6,360,3f82473959c4e110d8ad1b09b89fd787895ae8664fc7571d61853219385c4c18,50,6.0,42.59510204081633,1.0,1.0,True,20,6,30,3699990466,222333840966f55bb9a81ff5ab79065ea0a11bf06251a9c20af6b7384c80439c,True,bayesian_windowed,A3) Two-Stage Bayesian Posterior + Hungarian,False,300,300,0,0.0,300,299,0,0.9966666666666667,0.9966666666666667,0.33705330307768794,1.4009595260434358,381.12333333333333,417.1,50.90487704201951,300,0,0,0,0,1.0,0.0,0.0,0.0,0.0,1.0,17.713333333333335,0.0,0.0,0.0,0.0,0.0,,0.0,0.0,42.52789691500948,7.708397669019178,0.0,0.6653384989767801,50.901633083005436,42.52789691500948,0.6653384989767801
20260909_112655_937821,3f2b5a8fb3fffdab239693207bcaa7d708d20a0bb6324163a8c1741f478b736b,21,2187632412,1977915839,2187632412,1,300,50,60,5,30,10.0,120,current,Optimized Pattern Generator,dynamic_session,Dynamic Session Pattern Assignment,50,6,360,3f82473959c4e110d8ad1b09b89fd787895ae8664fc7571d61853219385c4c18,50,6.0,42.59510204081633,1.0,1.0,True,20,6,30,3699990466,222333840966f55bb9a81ff5ab79065ea0a11bf06251a9c20af6b7384c80439c,True,bayesian_windowed_memory_off,A3 Ablation) Posterior Memory Off,False,300,300,0,0.0,300,297,0,0.99,0.99,0.612630389196464,1.9441968255971573,381.12333333333333,417.1,51.53879849999794,300,0,0,0,0,1.0,0.0,0.0,0.0,0.0,1.0,17.713333333333335,0.0,0.0,0.0,0.0,0.0,,0.0,0.0,43.056193076539785,7.825476998143131,0.0,0.6552162593288813,51.5368863340118,43.056193076539785,0.6552162593288813
20260909_112655_937821,3f2b5a8fb3fffdab239693207bcaa7d708d20a0bb6324163a8c1741f478b736b,21,2187632412,2395032847,2187632412,1,300,50,60,5,30,10.0,120,current,Optimized Pattern Generator,dynamic_session,Dynamic Session Pattern Assignment,50,6,360,3f82473959c4e110d8ad1b09b89fd787895ae8664fc7571d61853219385c4c18,50,6.0,42.59510204081633,1.0,1.0,True,20,6,30,3699990466,222333840966f55bb9a81ff5ab79065ea0a11bf06251a9c20af6b7384c80439c,True,bayesian_windowed_timeprior_off,A3 Ablation) Time Prior Off,False,300,300,0,0.0,300,299,0,0.9966666666666667,0.9966666666666667,0.33898902198832387,1.403847773784485,381.12333333333333,417.1,51.43297716599773,300,0,0,0,0,1.0,0.0,0.0,0.0,0.0,1.0,17.713333333333335,0.0,0.0,0.0,0.0,0.0,,0.0,0.0,42.93151433375897,7.838532843074063,0.0,0.6609998641943093,51.43104704102734,42.93151433375897,0.6609998641943093
20260909_112655_937821,3f2b5a8fb3fffdab239693207bcaa7d708d20a0bb6324163a8c1741f478b736b,21,2187632412,433795961,2187632412,1,300,50,60,5,30,10.0,120,current,Optimized Pattern Generator,dynamic_session,Dynamic Session Pattern Assignment,50,6,360,3f82473959c4e110d8ad1b09b89fd787895ae8664fc7571d61853219385c4c18,50,6.0,42.59510204081633,1.0,1.0,True,20,6,30,3699990466,222333840966f55bb9a81ff5ab79065ea0a11bf06251a9c20af6b7384c80439c,True,bayesian_windowed_all_off,A3 Ablation) Time Prior + Memory Off,False,300,300,0,0.0,300,297,0,0.99,0.99,0.6138375127706788,1.9457504711970741,381.12333333333333,417.1,51.14140399999451,300,0,0,0,0,1.0,0.0,0.0,0.0,0.0,1.0,17.713333333333335,0.0,0.0,0.0,0.0,0.0,,0.0,0.0,42.772124841751065,7.740309579123277,0.0,0.6270136211242061,51.13944804199855,42.772124841751065,0.6270136211242061
20260909_112655_937821,3f2b5a8fb3fffdab239693207bcaa7d708d20a0bb6324163a8c1741f478b736b,22,2187632413,1233724849,2187632413,2,300,50,60,5,30,10.0,120,current,Optimized Pattern Generator,dynamic_session,Dynamic Session Pattern Assignment,50,6,360,98215ce2e083e5a7bdb84b003530341587191a41163cbd08d7253544970b757e,50,5.0,40.994285714285716,1.0,1.0,True,20,6,30,3699990467,06391894fff0f2c65b7ffa21a723414d030af12cd4c336a30109017af185b043,True,single_only,A1) Refined Cost + Greedy 1:1,True,300,300,0,0.0,300,295,0,0.9833333333333333,0.9833333333333333,0.8405073571213155,2.323864151946393,381.74666666666667,425.0,50.458512209006585,300,0,0,0,0,1.0,0.0,0.0,0.0,0.0,1.0,16.986666666666668,0.0,0.0,0.0,0.0,0.0,,0.0,0.0,41.325456325226696,8.466945419961121,0.0,0.6630501718318556,50.45545191701967,41.325456325226696,0.6630501718318556
20260909_112655_937821,3f2b5a8fb3fffdab239693207bcaa7d708d20a0bb6324163a8c1741f478b736b,22,2187632413,1545686411,2187632413,2,300,50,60,5,30,10.0,120,current,Optimized Pattern Generator,dynamic_session,Dynamic Session Pattern Assignment,50,6,360,98215ce2e083e5a7bdb84b003530341587191a41163cbd08d7253544970b757e,50,5.0,40.994285714285716,1.0,1.0,True,20,6,30,3699990467,06391894fff0f2c65b7ffa21a723414d030af12cd4c336a30109017af185b043,True,single_only_dtw_off,A1 Ablation) DTW Off,False,300,300,0,0.0,300,288,0,0.96,0.96,0.7687335868666668,2.1366668566666673,381.74666666666667,425.0,50.356350208981894,300,0,0,0,0,1.0,0.0,0.0,0.0,0.0,1.0,16.986666666666668,0.0,0.0,0.0,0.0,0.0,,0.0,0.0,41.231789166049566,8.485407158354064,0.0,0.6372357165964786,50.35443204100011,41.231789166049566,0.6372357165964786
20260909_112655_937821,3f2b5a8fb3fffdab239693207bcaa7d708d20a0bb6324163a8c1741f478b736b,22,2187632413,866312315,2187632413,2,300,50,60,5,30,10.0,120,current,Optimized Pattern Generator,dynamic_session,Dynamic Session Pattern Assignment,50,6,360,98215ce2e083e5a7bdb84b003530341587191a41163cbd08d7253544970b757e,50,5.0,40.994285714285716,1.0,1.0,True,20,6,30,3699990467,06391894fff0f2c65b7ffa21a723414d030af12cd4c336a30109017af185b043,True,single_only_step_off,A1 Ablation) Step Signature Off,False,300,300,0,0.0,300,300,0,1.0,1.0,0.06362111636692451,0.2782027241704293,381.74666666666667,425.0,49.96937687500031,300,0,0,0,0,1.0,0.0,0.0,0.0,0.0,1.0,16.986666666666668,0.0,0.0,0.0,0.0,0.0,,0.0,0.0,40.83080542925745,8.474990662914934,0.0,0.6601959918334614,49.96599208400585,40.83080542925745,0.6601959918334614
20260909_112655_937821,3f2b5a8fb3fffdab239693207bcaa7d708d20a0bb6324163a8c1741f478b736b,22,2187632413,1815193647,2187632413,2,300,50,60,5,30,10.0,120,current,Optimized Pattern Generator,dynamic_session,Dynamic Session Pattern Assignment,50,6,360,98215ce2e083e5a7bdb84b003530341587191a41163cbd08d7253544970b757e,50,5.0,40.994285714285716,1.0,1.0,True,20,6,30,3699990467,06391894fff0f2c65b7ffa21a723414d030af12cd4c336a30109017af185b043,True,single_only_all_off,A1 Ablation) All Waveform Terms Off,False,300,300,0,0.0,300,249,0,0.83,0.83,1.4726669199333335,8.800000220000001,381.74666666666667,425.0,41.68591020797612,300,0,0,0,0,1.0,0.0,0.0,0.0,0.0,1.0,16.986666666666668,0.0,0.0,0.0,0.0,0.0,,0.0,0.0,40.98516179603757,0.029688328941119835,0.0,0.6687562920269556,41.68360641700565,40.98516179603757,0.6687562920269556
20260909_112655_937821,3f2b5a8fb3fffdab239693207bcaa7d708d20a0bb6324163a8c1741f478b736b,22,2187632413,2184921396,2187632413,2,300,50,60,5,30,10.0,120,current,Optimized Pattern Generator,dynamic_session,Dynamic Session Pattern Assignment,50,6,360,98215ce2e083e5a7bdb84b003530341587191a41163cbd08d7253544970b757e,50,5.0,40.994285714285716,1.0,1.0,True,20,6,30,3699990467,06391894fff0f2c65b7ffa21a723414d030af12cd4c336a30109017af185b043,True,nomura_original_interval_hungarian,A2) Corr+DTW + Hungarian,False,300,300,0,0.0,300,300,0,1.0,1.0,0.05796359818137935,0.23079320130018416,381.74666666666667,425.0,63.61185662497883,300,0,0,0,0,1.0,0.0,0.0,0.0,0.0,1.0,16.986666666666668,0.0,0.0,0.0,0.0,0.0,,0.0,0.0,41.792378217709484,21.14867958796094,0.0,0.6688674443284981,63.60992524999892,41.792378217709484,0.6688674443284981
20260909_112655_937821,3f2b5a8fb3fffdab239693207bcaa7d708d20a0bb6324163a8c1741f478b736b,22,2187632413,2176353886,2187632413,2,300,50,60,5,30,10.0,120,current,Optimized Pattern Generator,dynamic_session,Dynamic Session Pattern Assignment,50,6,360,98215ce2e083e5a7bdb84b003530341587191a41163cbd08d7253544970b757e,50,5.0,40.994285714285716,1.0,1.0,True,20,6,30,3699990467,06391894fff0f2c65b7ffa21a723414d030af12cd4c336a30109017af185b043,True,nomura_original_interval_hungarian_dtw_off,A2 Ablation) DTW Off (Corr-only),False,300,300,0,0.0,300,293,0,0.9766666666666667,0.9766666666666667,0.056800794614437704,0.17760145664960109,381.74666666666667,425.0,62.64242700001341,300,0,0,0,0,1.0,0.0,0.0,0.0,0.0,1.0,16.986666666666668,0.0,0.0,0.0,0.0,0.0,,0.0,0.0,41.04966191711719,20.921975999110145,0.0,0.6669312087760773,62.638569125003414,41.04966191711719,0.6669312087760773
20260909_112655_937821,3f2b5a8fb3fffdab239693207bcaa7d708d20a0bb6324163a8c1741f478b736b,22,2187632413,1055930930,2187632413,2,300,50,60,5,30,10.0,120,current,Optimized Pattern Generator,dynamic_session,Dynamic Session Pattern Assignment,50,6,360,98215ce2e083e5a7bdb84b003530341587191a41163cbd08d7253544970b757e,50,5.0,40.994285714285716,1.0,1.0,True,20,6,30,3699990467,06391894fff0f2c65b7ffa21a723414d030af12cd4c336a30109017af185b043,True,nomura_original_interval_hungarian_corr_off,A2 Ablation) Corr Off (DTW-only),False,300,300,0,0.0,300,297,0,0.99,0.99,0.0004294501202858897,0.06467886610239319,381.74666666666667,425.0,62.67649029198219,300,0,0,0,0,1.0,0.0,0.0,0.0,0.0,1.0,16.986666666666668,0.0,0.0,0.0,0.0,0.0,,0.0,0.0,41.127562123932876,20.889128829265246,0.0,0.6563128388079349,62.67300379200606,41.127562123932876,0.6563128388079349
20260909_112655_937821,3f2b5a8fb3fffdab239693207bcaa7d708d20a0bb6324163a8c1741f478b736b,22,2187632413,542446169,2187632413,2,300,50,60,5,30,10.0,120,current,Optimized Pattern Generator,dynamic_session,Dynamic Session Pattern Assignment,50,6,360,98215ce2e083e5a7bdb84b003530341587191a41163cbd08d7253544970b757e,50,5.0,40.994285714285716,1.0,1.0,True,20,6,30,3699990467,06391894fff0f2c65b7ffa21a723414d030af12cd4c336a30109017af185b043,True,nomura_original_interval_hungarian_all_off,A2 Ablation) All Waveform Terms Off,False,300,300,0,0.0,300,249,0,0.83,0.83,1.4726669199333335,8.800000220000001,381.74666666666667,425.0,41.60645095797372,300,0,0,0,0,1.0,0.0,0.0,0.0,0.0,1.0,16.986666666666668,0.0,0.0,0.0,0.0,0.0,,0.0,0.0,40.90643683791859,0.029754545772448182,0.0,0.6669746162951924,41.60316599998623,40.90643683791859,0.6669746162951924
20260909_112655_937821,3f2b5a8fb3fffdab239693207bcaa7d708d20a0bb6324163a8c1741f478b736b,22,2187632413,1367392808,2187632413,2,300,50,60,5,30,10.0,120,current,Optimized Pattern Generator,dynamic_session,Dynamic Session Pattern Assignment,50,6,360,98215ce2e083e5a7bdb84b003530341587191a41163cbd08d7253544970b757e,50,5.0,40.994285714285716,1.0,1.0,True,20,6,30,3699990467,06391894fff0f2c65b7ffa21a723414d030af12cd4c336a30109017af185b043,True,bayesian_windowed,A3) Two-Stage Bayesian Posterior + Hungarian,False,300,300,0,0.0,300,296,0,0.9866666666666667,0.9866666666666667,0.3591563800016219,1.4183079778828627,381.74666666666667,425.0,49.427806916995905,300,0,0,0,0,1.0,0.0,0.0,0.0,0.0,1.0,16.986666666666668,0.0,0.0,0.0,0.0,0.0,,0.0,0.0,41.35105575394118,7.450692077080021,0.0,0.6223708349862136,49.424118666007416,41.35105575394118,0.6223708349862136
20260909_112655_937821,3f2b5a8fb3fffdab239693207bcaa7d708d20a0bb6324163a8c1741f478b736b,22,2187632413,1977915838,2187632413,2,300,50,60,5,30,10.0,120,current,Optimized Pattern Generator,dynamic_session,Dynamic Session Pattern Assignment,50,6,360,98215ce2e083e5a7bdb84b003530341587191a41163cbd08d7253544970b757e,50,5.0,40.994285714285716,1.0,1.0,True,20,6,30,3699990467,06391894fff0f2c65b7ffa21a723414d030af12cd4c336a30109017af185b043,True,bayesian_windowed_memory_off,A3 Ablation) Posterior Memory Off,False,300,300,0,0.0,300,295,0,0.9833333333333333,0.9833333333333333,0.6203960426415975,1.6361839877221789,381.74666666666667,425.0,49.61612820898881,300,0,0,0,0,1.0,0.0,0.0,0.0,0.0,1.0,16.986666666666668,0.0,0.0,0.0,0.0,0.0,,0.0,0.0,41.38348175413557,7.555322047381196,0.0,0.6732114484766498,49.61201524999342,41.38348175413557,0.6732114484766498
20260909_112655_937821,3f2b5a8fb3fffdab239693207bcaa7d708d20a0bb6324163a8c1741f478b736b,22,2187632413,2395032846,2187632413,2,300,50,60,5,30,10.0,120,current,Optimized Pattern Generator,dynamic_session,Dynamic Session Pattern Assignment,50,6,360,98215ce2e083e5a7bdb84b003530341587191a41163cbd08d7253544970b757e,50,5.0,40.994285714285716,1.0,1.0,True,20,6,30,3699990467,06391894fff0f2c65b7ffa21a723414d030af12cd4c336a30109017af185b043,True,bayesian_windowed_timeprior_off,A3 Ablation) Time Prior Off,False,300,300,0,0.0,300,296,0,0.9866666666666667,0.9866666666666667,0.36123024692993266,1.4183079778828627,381.74666666666667,425.0,49.37575774997822,300,0,0,0,0,1.0,0.0,0.0,0.0,0.0,1.0,16.986666666666668,0.0,0.0,0.0,0.0,0.0,,0.0,0.0,41.22670128190657,7.433217290963512,0.0,0.7139157601050101,49.37383433297509,41.22670128190657,0.7139157601050101
20260909_112655_937821,3f2b5a8fb3fffdab239693207bcaa7d708d20a0bb6324163a8c1741f478b736b,22,2187632413,433795960,2187632413,2,300,50,60,5,30,10.0,120,current,Optimized Pattern Generator,dynamic_session,Dynamic Session Pattern Assignment,50,6,360,98215ce2e083e5a7bdb84b003530341587191a41163cbd08d7253544970b757e,50,5.0,40.994285714285716,1.0,1.0,True,20,6,30,3699990467,06391894fff0f2c65b7ffa21a723414d030af12cd4c336a30109017af185b043,True,bayesian_windowed_all_off,A3 Ablation) Time Prior + Memory Off,False,300,300,0,0.0,300,295,0,0.9833333333333333,0.9833333333333333,0.6216044160040414,1.6361839877221789,381.74666666666667,425.0,49.18242716701934,300,0,0,0,0,1.0,0.0,0.0,0.0,0.0,1.0,16.986666666666668,0.0,0.0,0.0,0.0,0.0,,0.0,0.0,41.09651225418202,7.429356079053832,0.0,0.6537153327662963,49.179583666002145,41.09651225418202,0.6537153327662963
20260909_112655_937821,3f2b5a8fb3fffdab239693207bcaa7d708d20a0bb6324163a8c1741f478b736b,23,2187632414,1233724850,2187632414,3,300,50,60,5,30,10.0,120,current,Optimized Pattern Generator,dynamic_session,Dynamic Session Pattern Assignment,50,6,360,42cdea6ffb9d8de8fbfad6cab2cc694747335b1bcb15ef24f12bf226f032b9e1,50,7.0,43.39673469387755,1.0,1.0,True,20,6,30,3699990464,0dbbc5d3b809fd87cc5f74878452049e284b007d5af45938fec37d0ae2483b19,True,single_only,A1) Refined Cost + Greedy 1:1,True,300,300,0,0.0,300,298,0,0.9933333333333333,0.9933333333333333,0.9017107449231789,2.5135372814867347,382.4033333333333,421.1,51.997425957990345,300,0,0,0,0,1.0,0.0,0.0,0.0,0.0,1.0,17.563333333333333,0.0,0.0,0.0,0.0,0.0,,0.0,0.0,42.54016037972178,8.787061462062411,0.0,0.6663554912374821,51.993577333021676,42.54016037972178,0.6663554912374821
20260909_112655_937821,3f2b5a8fb3fffdab239693207bcaa7d708d20a0bb6324163a8c1741f478b736b,23,2187632414,1545686408,2187632414,3,300,50,60,5,30,10.0,120,current,Optimized Pattern Generator,dynamic_session,Dynamic Session Pattern Assignment,50,6,360,42cdea6ffb9d8de8fbfad6cab2cc694747335b1bcb15ef24f12bf226f032b9e1,50,7.0,43.39673469387755,1.0,1.0,True,20,6,30,3699990464,0dbbc5d3b809fd87cc5f74878452049e284b007d5af45938fec37d0ae2483b19,True,single_only_dtw_off,A1 Ablation) DTW Off,False,300,300,0,0.0,300,283,0,0.9433333333333334,0.9433333333333334,0.8207113675111111,2.416666796666667,382.4033333333333,421.1,52.104606250009965,300,0,0,0,0,1.0,0.0,0.0,0.0,0.0,1.0,17.563333333333333,0.0,0.0,0.0,0.0,0.0,,0.0,0.0,42.655827221111394,8.798272466054186,0.0,0.6472480628581252,52.101347750023706,42.655827221111394,0.6472480628581252
20260909_112655_937821,3f2b5a8fb3fffdab239693207bcaa7d708d20a0bb6324163a8c1741f478b736b,23,2187632414,866312312,2187632414,3,300,50,60,5,30,10.0,120,current,Optimized Pattern Generator,dynamic_session,Dynamic Session Pattern Assignment,50,6,360,42cdea6ffb9d8de8fbfad6cab2cc694747335b1bcb15ef24f12bf226f032b9e1,50,7.0,43.39673469387755,1.0,1.0,True,20,6,30,3699990464,0dbbc5d3b809fd87cc5f74878452049e284b007d5af45938fec37d0ae2483b19,True,single_only_step_off,A1 Ablation) Step Signature Off,False,300,300,0,0.0,300,300,0,1.0,1.0,0.06676939326621546,0.2884395691324508,382.4033333333333,421.1,52.14821604199824,300,0,0,0,0,1.0,0.0,0.0,0.0,0.0,1.0,17.563333333333333,0.0,0.0,0.0,0.0,0.0,,0.0,0.0,42.670368433056865,8.802009124396136,0.0,0.673866358527448,52.14624391598045,42.670368433056865,0.673866358527448
20260909_112655_937821,3f2b5a8fb3fffdab239693207bcaa7d708d20a0bb6324163a8c1741f478b736b,23,2187632414,1815193644,2187632414,3,300,50,60,5,30,10.0,120,current,Optimized Pattern Generator,dynamic_session,Dynamic Session Pattern Assignment,50,6,360,42cdea6ffb9d8de8fbfad6cab2cc694747335b1bcb15ef24f12bf226f032b9e1,50,7.0,43.39673469387755,1.0,1.0,True,20,6,30,3699990464,0dbbc5d3b809fd87cc5f74878452049e284b007d5af45938fec37d0ae2483b19,True,single_only_all_off,A1 Ablation) All Waveform Terms Off,False,300,300,0,0.0,300,230,0,0.7666666666666667,0.7666666666666667,1.3483335792,8.50000018,382.4033333333333,421.1,43.87138791702455,300,0,0,0,0,1.0,0.0,0.0,0.0,0.0,1.0,17.563333333333333,0.0,0.0,0.0,0.0,0.0,,0.0,0.0,43.172771201847354,0.030564371030777693,0.0,0.6649155101331417,43.86825108301127,43.172771201847354,0.6649155101331417
20260909_112655_937821,3f2b5a8fb3fffdab239693207bcaa7d708d20a0bb6324163a8c1741f478b736b,23,2187632414,2184921399,2187632414,3,300,50,60,5,30,10.0,120,current,Optimized Pattern Generator,dynamic_session,Dynamic Session Pattern Assignment,50,6,360,42cdea6ffb9d8de8fbfad6cab2cc694747335b1bcb15ef24f12bf226f032b9e1,50,7.0,43.39673469387755,1.0,1.0,True,20,6,30,3699990464,0dbbc5d3b809fd87cc5f74878452049e284b007d5af45938fec37d0ae2483b19,True,nomura_original_interval_hungarian,A2) Corr+DTW + Hungarian,False,300,300,0,0.0,300,300,0,1.0,1.0,0.059671852491735226,0.20365146095908834,382.4033333333333,421.1,64.4512767920096,300,0,0,0,0,1.0,0.0,0.0,0.0,0.0,1.0,17.563333333333333,0.0,0.0,0.0,0.0,0.0,,0.0,0.0,42.28351821296383,21.49898274827865,0.0,0.666795871744398,64.44929683298687,42.28351821296383,0.666795871744398
20260909_112655_937821,3f2b5a8fb3fffdab239693207bcaa7d708d20a0bb6324163a8c1741f478b736b,23,2187632414,2176353885,2187632414,3,300,50,60,5,30,10.0,120,current,Optimized Pattern Generator,dynamic_session,Dynamic Session Pattern Assignment,50,6,360,42cdea6ffb9d8de8fbfad6cab2cc694747335b1bcb15ef24f12bf226f032b9e1,50,7.0,43.39673469387755,1.0,1.0,True,20,6,30,3699990464,0dbbc5d3b809fd87cc5f74878452049e284b007d5af45938fec37d0ae2483b19,True,nomura_original_interval_hungarian_dtw_off,A2 Ablation) DTW Off (Corr-only),False,300,300,0,0.0,300,297,0,0.99,0.99,0.05930511027122768,0.20081591566017656,382.4033333333333,421.1,64.29563608299941,300,0,0,0,0,1.0,0.0,0.0,0.0,0.0,1.0,17.563333333333333,0.0,0.0,0.0,0.0,0.0,,0.0,0.0,42.0667815968045,21.56579246095498,0.0,0.6595126922475174,64.292086750007,42.0667815968045,0.6595126922475174
20260909_112655_937821,3f2b5a8fb3fffdab239693207bcaa7d708d20a0bb6324163a8c1741f478b736b,23,2187632414,1055930929,2187632414,3,300,50,60,5,30,10.0,120,current,Optimized Pattern Generator,dynamic_session,Dynamic Session Pattern Assignment,50,6,360,42cdea6ffb9d8de8fbfad6cab2cc694747335b1bcb15ef24f12bf226f032b9e1,50,7.0,43.39673469387755,1.0,1.0,True,20,6,30,3699990464,0dbbc5d3b809fd87cc5f74878452049e284b007d5af45938fec37d0ae2483b19,True,nomura_original_interval_hungarian_corr_off,A2 Ablation) Corr Off (DTW-only),False,300,300,0,0.0,300,296,0,0.9866666666666667,0.9866666666666667,0.00012813496066921943,0.020243764935453972,382.4033333333333,421.1,64.59775333301513,300,0,0,0,0,1.0,0.0,0.0,0.0,0.0,1.0,17.563333333333333,0.0,0.0,0.0,0.0,0.0,,0.0,0.0,42.26046037420747,21.667926955095027,0.0,0.6660820867109578,64.59446941601345,42.26046037420747,0.6660820867109578
20260909_112655_937821,3f2b5a8fb3fffdab239693207bcaa7d708d20a0bb6324163a8c1741f478b736b,23,2187632414,542446170,2187632414,3,300,50,60,5,30,10.0,120,current,Optimized Pattern Generator,dynamic_session,Dynamic Session Pattern Assignment,50,6,360,42cdea6ffb9d8de8fbfad6cab2cc694747335b1bcb15ef24f12bf226f032b9e1,50,7.0,43.39673469387755,1.0,1.0,True,20,6,30,3699990464,0dbbc5d3b809fd87cc5f74878452049e284b007d5af45938fec37d0ae2483b19,True,nomura_original_interval_hungarian_all_off,A2 Ablation) All Waveform Terms Off,False,300,300,0,0.0,300,230,0,0.7666666666666667,0.7666666666666667,1.3483335792,8.50000018,382.4033333333333,421.1,42.84073391702259,300,0,0,0,0,1.0,0.0,0.0,0.0,0.0,1.0,17.563333333333333,0.0,0.0,0.0,0.0,0.0,,0.0,0.0,42.15913383074803,0.030299919832032174,0.0,0.6481449574057478,42.83757870798581,42.15913383074803,0.6481449574057478
20260909_112655_937821,3f2b5a8fb3fffdab239693207bcaa7d708d20a0bb6324163a8c1741f478b736b,23,2187632414,1367392811,2187632414,3,300,50,60,5,30,10.0,120,current,Optimized Pattern Generator,dynamic_session,Dynamic Session Pattern Assignment,50,6,360,42cdea6ffb9d8de8fbfad6cab2cc694747335b1bcb15ef24f12bf226f032b9e1,50,7.0,43.39673469387755,1.0,1.0,True,20,6,30,3699990464,0dbbc5d3b809fd87cc5f74878452049e284b007d5af45938fec37d0ae2483b19,True,bayesian_windowed,A3) Two-Stage Bayesian Posterior + Hungarian,False,300,300,0,0.0,300,298,0,0.9933333333333333,0.9933333333333333,0.35233823183575635,1.612249185344534,382.4033333333333,421.1,50.32149429200217,300,0,0,0,0,1.0,0.0,0.0,0.0,0.0,1.0,17.563333333333333,0.0,0.0,0.0,0.0,0.0,,0.0,0.0,42.01173162434134,7.64434475597227,0.0,0.6633906606875826,50.31946704100119,42.01173162434134,0.6633906606875826
20260909_112655_937821,3f2b5a8fb3fffdab239693207bcaa7d708d20a0bb6324163a8c1741f478b736b,23,2187632414,1977915837,2187632414,3,300,50,60,5,30,10.0,120,current,Optimized Pattern Generator,dynamic_session,Dynamic Session Pattern Assignment,50,6,360,42cdea6ffb9d8de8fbfad6cab2cc694747335b1bcb15ef24f12bf226f032b9e1,50,7.0,43.39673469387755,1.0,1.0,True,20,6,30,3699990464,0dbbc5d3b809fd87cc5f74878452049e284b007d5af45938fec37d0ae2483b19,True,bayesian_windowed_memory_off,A3 Ablation) Posterior Memory Off,False,300,300,0,0.0,300,298,0,0.9933333333333333,0.9933333333333333,0.6176409416474465,1.8451749191851752,382.4033333333333,421.1,51.0393462080101,300,0,0,0,0,1.0,0.0,0.0,0.0,0.0,1.0,17.563333333333333,0.0,0.0,0.0,0.0,0.0,,0.0,0.0,42.633647423033835,7.746808414201951,0.0,0.6567007877747528,51.03715662501054,42.633647423033835,0.6567007877747528
20260909_112655_937821,3f2b5a8fb3fffdab239693207bcaa7d708d20a0bb6324163a8c1741f478b736b,23,2187632414,2395032845,2187632414,3,300,50,60,5,30,10.0,120,current,Optimized Pattern Generator,dynamic_session,Dynamic Session Pattern Assignment,50,6,360,42cdea6ffb9d8de8fbfad6cab2cc694747335b1bcb15ef24f12bf226f032b9e1,50,7.0,43.39673469387755,1.0,1.0,True,20,6,30,3699990464,0dbbc5d3b809fd87cc5f74878452049e284b007d5af45938fec37d0ae2483b19,True,bayesian_windowed_timeprior_off,A3 Ablation) Time Prior Off,False,300,300,0,0.0,300,298,0,0.9933333333333333,0.9933333333333333,0.3558508820283015,1.612249185344534,382.4033333333333,421.1,50.91172579099657,300,0,0,0,0,1.0,0.0,0.0,0.0,0.0,1.0,17.563333333333333,0.0,0.0,0.0,0.0,0.0,,0.0,0.0,42.522736373444786,7.725730212230701,0.0,0.6605042893206701,50.90897087499616,42.522736373444786,0.6605042893206701
20260909_112655_937821,3f2b5a8fb3fffdab239693207bcaa7d708d20a0bb6324163a8c1741f478b736b,23,2187632414,433795963,2187632414,3,300,50,60,5,30,10.0,120,current,Optimized Pattern Generator,dynamic_session,Dynamic Session Pattern Assignment,50,6,360,42cdea6ffb9d8de8fbfad6cab2cc694747335b1bcb15ef24f12bf226f032b9e1,50,7.0,43.39673469387755,1.0,1.0,True,20,6,30,3699990464,0dbbc5d3b809fd87cc5f74878452049e284b007d5af45938fec37d0ae2483b19,True,bayesian_windowed_all_off,A3 Ablation) Time Prior + Memory Off,False,300,300,0,0.0,300,298,0,0.9933333333333333,0.9933333333333333,0.6191871018171496,1.8469904868082907,382.4033333333333,421.1,50.9208819999767,300,0,0,0,0,1.0,0.0,0.0,0.0,0.0,1.0,17.563333333333333,0.0,0.0,0.0,0.0,0.0,,0.0,0.0,42.54951771686319,7.695842630811967,0.0,0.6735394023125991,50.91889974998776,42.54951771686319,0.6735394023125991
20260909_112655_937821,3f2b5a8fb3fffdab239693207bcaa7d708d20a0bb6324163a8c1741f478b736b,24,2187632415,1233724851,2187632415,4,300,50,60,5,30,10.0,120,current,Optimized Pattern Generator,dynamic_session,Dynamic Session Pattern Assignment,50,6,360,3b9dba3f35d5cbc93b78d256b9b1c59b286cbc0aca249f5a3ef2ef3ce7731535,50,8.0,42.20897959183674,1.0,1.0,True,20,6,30,3699990465,08ca9bed29b709c93479cb571c66cb88c46075d89d5f85328cf4af86189c0ef4,True,single_only,A1) Refined Cost + Greedy 1:1,True,300,300,0,0.0,300,294,0,0.98,0.98,0.8339238498686335,2.0768014943709963,383.56666666666666,424.0,51.560379625007045,300,0,0,0,0,1.0,0.0,0.0,0.0,0.0,1.0,17.25,0.0,0.0,0.0,0.0,0.0,,0.0,0.0,42.290783292322885,8.598482838540804,0.0,0.6674772861297242,51.55674341699341,42.290783292322885,0.6674772861297242
20260909_112655_937821,3f2b5a8fb3fffdab239693207bcaa7d708d20a0bb6324163a8c1741f478b736b,24,2187632415,1545686409,2187632415,4,300,50,60,5,30,10.0,120,current,Optimized Pattern Generator,dynamic_session,Dynamic Session Pattern Assignment,50,6,360,3b9dba3f35d5cbc93b78d256b9b1c59b286cbc0aca249f5a3ef2ef3ce7731535,50,8.0,42.20897959183674,1.0,1.0,True,20,6,30,3699990465,08ca9bed29b709c93479cb571c66cb88c46075d89d5f85328cf4af86189c0ef4,True,single_only_dtw_off,A1 Ablation) DTW Off,False,300,300,0,0.0,300,284,0,0.9466666666666667,0.9466666666666667,0.7606558144222223,2.0400001800000003,383.56666666666666,424.0,51.177126082999166,300,0,0,0,0,1.0,0.0,0.0,0.0,0.0,1.0,17.25,0.0,0.0,0.0,0.0,0.0,,0.0,0.0,41.85582412395161,8.64165908031282,0.0,0.6765406287449878,51.174023833009414,41.85582412395161,0.6765406287449878
20260909_112655_937821,3f2b5a8fb3fffdab239693207bcaa7d708d20a0bb6324163a8c1741f478b736b,24,2187632415,866312313,2187632415,4,300,50,60,5,30,10.0,120,current,Optimized Pattern Generator,dynamic_session,Dynamic Session Pattern Assignment,50,6,360,3b9dba3f35d5cbc93b78d256b9b1c59b286cbc0aca249f5a3ef2ef3ce7731535,50,8.0,42.20897959183674,1.0,1.0,True,20,6,30,3699990465,08ca9bed29b709c93479cb571c66cb88c46075d89d5f85328cf4af86189c0ef4,True,single_only_step_off,A1 Ablation) Step Signature Off,False,300,300,0,0.0,300,300,0,1.0,1.0,0.06105507360916452,0.26413328911151196,383.56666666666666,424.0,52.236831416987116,300,0,0,0,0,1.0,0.0,0.0,0.0,0.0,1.0,17.25,0.0,0.0,0.0,0.0,0.0,,0.0,0.0,42.74545233492972,8.813085831032367,0.0,0.6762662500259466,52.23480441598804,42.74545233492972,0.6762662500259466
20260909_112655_937821,3f2b5a8fb3fffdab239693207bcaa7d708d20a0bb6324163a8c1741f478b736b,24,2187632415,1815193645,2187632415,4,300,50,60,5,30,10.0,120,current,Optimized Pattern Generator,dynamic_session,Dynamic Session Pattern Assignment,50,6,360,3b9dba3f35d5cbc93b78d256b9b1c59b286cbc0aca249f5a3ef2ef3ce7731535,50,8.0,42.20897959183674,1.0,1.0,True,20,6,30,3699990465,08ca9bed29b709c93479cb571c66cb88c46075d89d5f85328cf4af86189c0ef4,True,single_only_all_off,A1 Ablation) All Waveform Terms Off,False,300,300,0,0.0,300,234,0,0.78,0.78,1.4486669232,7.800000150000001,383.56666666666666,424.0,42.35235633299453,300,0,0,0,0,1.0,0.0,0.0,0.0,0.0,1.0,17.25,0.0,0.0,0.0,0.0,0.0,,0.0,0.0,41.67557721212506,0.029910876794019714,0.0,0.6448999940766953,42.35038808299578,41.67557721212506,0.6448999940766953
20260909_112655_937821,3f2b5a8fb3fffdab239693207bcaa7d708d20a0bb6324163a8c1741f478b736b,24,2187632415,2184921398,2187632415,4,300,50,60,5,30,10.0,120,current,Optimized Pattern Generator,dynamic_session,Dynamic Session Pattern Assignment,50,6,360,3b9dba3f35d5cbc93b78d256b9b1c59b286cbc0aca249f5a3ef2ef3ce7731535,50,8.0,42.20897959183674,1.0,1.0,True,20,6,30,3699990465,08ca9bed29b709c93479cb571c66cb88c46075d89d5f85328cf4af86189c0ef4,True,nomura_original_interval_hungarian,A2) Corr+DTW + Hungarian,False,300,300,0,0.0,300,300,0,1.0,1.0,0.06046014876374469,0.19850908918362992,383.56666666666666,424.0,63.77110770798754,300,0,0,0,0,1.0,0.0,0.0,0.0,0.0,1.0,17.25,0.0,0.0,0.0,0.0,0.0,,0.0,0.0,41.92915382515639,21.21444870479172,0.0,0.6243405120330863,63.7679430419812,41.92915382515639,0.6243405120330863
20260909_112655_937821,3f2b5a8fb3fffdab239693207bcaa7d708d20a0bb6324163a8c1741f478b736b,24,2187632415,2176353884,2187632415,4,300,50,60,5,30,10.0,120,current,Optimized Pattern Generator,dynamic_session,Dynamic Session Pattern Assignment,50,6,360,3b9dba3f35d5cbc93b78d256b9b1c59b286cbc0aca249f5a3ef2ef3ce7731535,50,8.0,42.20897959183674,1.0,1.0,True,20,6,30,3699990465,08ca9bed29b709c93479cb571c66cb88c46075d89d5f85328cf4af86189c0ef4,True,nomura_original_interval_hungarian_dtw_off,A2 Ablation) DTW Off (Corr-only),False,300,300,0,0.0,300,296,0,0.9866666666666667,0.9866666666666667,0.05925036356510655,0.19850908918362992,383.56666666666666,424.0,63.5995832500048,300,0,0,0,0,1.0,0.0,0.0,0.0,0.0,1.0,17.25,0.0,0.0,0.0,0.0,0.0,,0.0,0.0,41.63361191758304,21.301189721765695,0.0,0.6627753606298938,63.59757699997863,41.63361191758304,0.6627753606298938
20260909_112655_937821,3f2b5a8fb3fffdab239693207bcaa7d708d20a0bb6324163a8c1741f478b736b,24,2187632415,1055930928,2187632415,4,300,50,60,5,30,10.0,120,current,Optimized Pattern Generator,dynamic_session,Dynamic Session Pattern Assignment,50,6,360,3b9dba3f35d5cbc93b78d256b9b1c59b286cbc0aca249f5a3ef2ef3ce7731535,50,8.0,42.20897959183674,1.0,1.0,True,20,6,30,3699990465,08ca9bed29b709c93479cb571c66cb88c46075d89d5f85328cf4af86189c0ef4,True,nomura_original_interval_hungarian_corr_off,A2 Ablation) Corr Off (DTW-only),False,300,300,0,0.0,300,295,0,0.9833333333333333,0.9833333333333333,0.0006164150889396302,0.09545723915856309,383.56666666666666,424.0,63.51228358299704,300,0,0,0,0,1.0,0.0,0.0,0.0,0.0,1.0,17.25,0.0,0.0,0.0,0.0,0.0,,0.0,0.0,41.55863796288031,21.275344630295876,0.0,0.6749096148123499,63.50889220798854,41.55863796288031,0.6749096148123499
20260909_112655_937821,3f2b5a8fb3fffdab239693207bcaa7d708d20a0bb6324163a8c1741f478b736b,24,2187632415,542446171,2187632415,4,300,50,60,5,30,10.0,120,current,Optimized Pattern Generator,dynamic_session,Dynamic Session Pattern Assignment,50,6,360,3b9dba3f35d5cbc93b78d256b9b1c59b286cbc0aca249f5a3ef2ef3ce7731535,50,8.0,42.20897959183674,1.0,1.0,True,20,6,30,3699990465,08ca9bed29b709c93479cb571c66cb88c46075d89d5f85328cf4af86189c0ef4,True,nomura_original_interval_hungarian_all_off,A2 Ablation) All Waveform Terms Off,False,300,300,0,0.0,300,234,0,0.78,0.78,1.4486669232,7.800000150000001,383.56666666666666,424.0,42.347661707986845,300,0,0,0,0,1.0,0.0,0.0,0.0,0.0,1.0,17.25,0.0,0.0,0.0,0.0,0.0,,0.0,0.0,41.66457351608551,0.03024682487011887,0.0,0.6508114510506857,42.345631792006316,41.66457351608551,0.6508114510506857
20260909_112655_937821,3f2b5a8fb3fffdab239693207bcaa7d708d20a0bb6324163a8c1741f478b736b,24,2187632415,1367392810,2187632415,4,300,50,60,5,30,10.0,120,current,Optimized Pattern Generator,dynamic_session,Dynamic Session Pattern Assignment,50,6,360,3b9dba3f35d5cbc93b78d256b9b1c59b286cbc0aca249f5a3ef2ef3ce7731535,50,8.0,42.20897959183674,1.0,1.0,True,20,6,30,3699990465,08ca9bed29b709c93479cb571c66cb88c46075d89d5f85328cf4af86189c0ef4,True,bayesian_windowed,A3) Two-Stage Bayesian Posterior + Hungarian,False,300,300,0,0.0,300,296,0,0.9866666666666667,0.9866666666666667,0.3820392554563256,1.5583901515631664,383.56666666666666,424.0,50.70321379098459,300,0,0,0,0,1.0,0.0,0.0,0.0,0.0,1.0,17.25,0.0,0.0,0.0,0.0,0.0,,0.0,0.0,42.36448565853061,7.650515382061712,0.0,0.6846927094156854,50.69969375000801,42.36448565853061,0.6846927094156854
20260909_112655_937821,3f2b5a8fb3fffdab239693207bcaa7d708d20a0bb6324163a8c1741f478b736b,24,2187632415,1977915836,2187632415,4,300,50,60,5,30,10.0,120,current,Optimized Pattern Generator,dynamic_session,Dynamic Session Pattern Assignment,50,6,360,3b9dba3f35d5cbc93b78d256b9b1c59b286cbc0aca249f5a3ef2ef3ce7731535,50,8.0,42.20897959183674,1.0,1.0,True,20,6,30,3699990465,08ca9bed29b709c93479cb571c66cb88c46075d89d5f85328cf4af86189c0ef4,True,bayesian_windowed_memory_off,A3 Ablation) Posterior Memory Off,False,300,300,0,0.0,300,294,0,0.98,0.98,0.6481473995948961,1.7414377602727285,383.56666666666666,424.0,49.400100375001784,300,0,0,0,0,1.0,0.0,0.0,0.0,0.0,1.0,17.25,0.0,0.0,0.0,0.0,0.0,,0.0,0.0,41.27100361723569,7.466189463593764,0.0,0.6609292941575404,49.398122374987,41.27100361723569,0.6609292941575404
20260909_112655_937821,3f2b5a8fb3fffdab239693207bcaa7d708d20a0bb6324163a8c1741f478b736b,24,2187632415,2395032844,2187632415,4,300,50,60,5,30,10.0,120,current,Optimized Pattern Generator,dynamic_session,Dynamic Session Pattern Assignment,50,6,360,3b9dba3f35d5cbc93b78d256b9b1c59b286cbc0aca249f5a3ef2ef3ce7731535,50,8.0,42.20897959183674,1.0,1.0,True,20,6,30,3699990465,08ca9bed29b709c93479cb571c66cb88c46075d89d5f85328cf4af86189c0ef4,True,bayesian_windowed_timeprior_off,A3 Ablation) Time Prior Off,False,300,300,0,0.0,300,296,0,0.9866666666666667,0.9866666666666667,0.3851726379194931,1.5583901515631664,383.56666666666666,424.0,49.94480312499218,300,0,0,0,0,1.0,0.0,0.0,0.0,0.0,1.0,17.25,0.0,0.0,0.0,0.0,0.0,,0.0,0.0,41.79461299808463,7.485962576873135,0.0,0.6622667170304339,49.9428422919882,41.79461299808463,0.6622667170304339
20260909_112655_937821,3f2b5a8fb3fffdab239693207bcaa7d708d20a0bb6324163a8c1741f478b736b,24,2187632415,433795962,2187632415,4,300,50,60,5,30,10.0,120,current,Optimized Pattern Generator,dynamic_session,Dynamic Session Pattern Assignment,50,6,360,3b9dba3f35d5cbc93b78d256b9b1c59b286cbc0aca249f5a3ef2ef3ce7731535,50,8.0,42.20897959183674,1.0,1.0,True,20,6,30,3699990465,08ca9bed29b709c93479cb571c66cb88c46075d89d5f85328cf4af86189c0ef4,True,bayesian_windowed_all_off,A3 Ablation) Time Prior + Memory Off,False,300,300,0,0.0,300,294,0,0.98,0.98,0.6496087964995528,1.7414377602727285,383.56666666666666,424.0,50.283620999980485,300,0,0,0,0,1.0,0.0,0.0,0.0,0.0,1.0,17.25,0.0,0.0,0.0,0.0,0.0,,0.0,0.0,42.03756696888013,7.563866287091514,0.0,0.6802149110299069,50.28164816700155,42.03756696888013,0.6802149110299069
20260909_112655_937821,3f2b5a8fb3fffdab239693207bcaa7d708d20a0bb6324163a8c1741f478b736b,25,2187632416,1233724812,2187632416,5,300,50,60,5,30,10.0,120,current,Optimized Pattern Generator,dynamic_session,Dynamic Session Pattern Assignment,50,6,360,c974ff1800332606385d81504b635261457467bcdbedae8b7c1b18e98faa8357,50,6.0,44.817959183673466,1.0,1.0,True,20,6,30,3699990526,d86081792bcbcd2f0a7fe0e150c8475d5a419abed557cf9b374228f7869abd7c,True,single_only,A1) Refined Cost + Greedy 1:1,True,300,300,0,0.0,300,297,0,0.99,0.99,0.9153420581348142,2.8046993627592474,382.98333333333335,422.0,50.3831944160047,300,0,0,0,0,1.0,0.0,0.0,0.0,0.0,1.0,17.03,0.0,0.0,0.0,0.0,0.0,,0.0,0.0,41.29903396367445,8.459036674932577,0.0,0.6226106113754213,50.380681249982445,41.29903396367445,0.6226106113754213
20260909_112655_937821,3f2b5a8fb3fffdab239693207bcaa7d708d20a0bb6324163a8c1741f478b736b,25,2187632416,1545686454,2187632416,5,300,50,60,5,30,10.0,120,current,Optimized Pattern Generator,dynamic_session,Dynamic Session Pattern Assignment,50,6,360,c974ff1800332606385d81504b635261457467bcdbedae8b7c1b18e98faa8357,50,6.0,44.817959183673466,1.0,1.0,True,20,6,30,3699990526,d86081792bcbcd2f0a7fe0e150c8475d5a419abed557cf9b374228f7869abd7c,True,single_only_dtw_off,A1 Ablation) DTW Off,False,300,300,0,0.0,300,281,0,0.9366666666666666,0.9366666666666666,0.8273446890111112,2.6766668966666667,382.98333333333335,422.0,50.77842566699837,300,0,0,0,0,1.0,0.0,0.0,0.0,0.0,1.0,17.03,0.0,0.0,0.0,0.0,0.0,,0.0,0.0,41.53773741022451,8.562663290998898,0.0,0.6741995897900779,50.774600291013485,41.53773741022451,0.6741995897900779
20260909_112655_937821,3f2b5a8fb3fffdab239693207bcaa7d708d20a0bb6324163a8c1741f478b736b,25,2187632416,866312262,2187632416,5,300,50,60,5,30,10.0,120,current,Optimized Pattern Generator,dynamic_session,Dynamic Session Pattern Assignment,50,6,360,c974ff1800332606385d81504b635261457467bcdbedae8b7c1b18e98faa8357,50,6.0,44.817959183673466,1.0,1.0,True,20,6,30,3699990526,d86081792bcbcd2f0a7fe0e150c8475d5a419abed557cf9b374228f7869abd7c,True,single_only_step_off,A1 Ablation) Step Signature Off,False,300,300,0,0.0,300,299,0,0.9966666666666667,0.9966666666666667,0.07238205658177212,0.3346048797538017,382.98333333333335,422.0,50.88717891700799,300,0,0,0,0,1.0,0.0,0.0,0.0,0.0,1.0,17.03,0.0,0.0,0.0,0.0,0.0,,0.0,0.0,41.558057592919795,8.59355841157958,0.0,0.7335857035068329,50.88520170800621,41.558057592919795,0.7335857035068329
20260909_112655_937821,3f2b5a8fb3fffdab239693207bcaa7d708d20a0bb6324163a8c1741f478b736b,25,2187632416,1815193618,2187632416,5,300,50,60,5,30,10.0,120,current,Optimized Pattern Generator,dynamic_session,Dynamic Session Pattern Assignment,50,6,360,c974ff1800332606385d81504b635261457467bcdbedae8b7c1b18e98faa8357,50,6.0,44.817959183673466,1.0,1.0,True,20,6,30,3699990526,d86081792bcbcd2f0a7fe0e150c8475d5a419abed557cf9b374228f7869abd7c,True,single_only_all_off,A1 Ablation) All Waveform Terms Off,False,300,300,0,0.0,300,240,0,0.8,0.8,1.444333573666667,8.60000011,382.98333333333335,422.0,41.8509805839858,300,0,0,0,0,1.0,0.0,0.0,0.0,0.0,1.0,17.03,0.0,0.0,0.0,0.0,0.0,,0.0,0.0,41.148262537055416,0.03016721020685509,0.0,0.6706197937310208,41.84904954099329,41.148262537055416,0.6706197937310208
20260909_112655_937821,3f2b5a8fb3fffdab239693207bcaa7d708d20a0bb6324163a8c1741f478b736b,25,2187632416,2184921353,2187632416,5,300,50,60,5,30,10.0,120,current,Optimized Pattern Generator,dynamic_session,Dynamic Session Pattern Assignment,50,6,360,c974ff1800332606385d81504b635261457467bcdbedae8b7c1b18e98faa8357,50,6.0,44.817959183673466,1.0,1.0,True,20,6,30,3699990526,d86081792bcbcd2f0a7fe0e150c8475d5a419abed557cf9b374228f7869abd7c,True,nomura_original_interval_hungarian,A2) Corr+DTW + Hungarian,False,300,300,0,0.0,300,298,0,0.9933333333333333,0.9933333333333333,0.06685494268300775,0.233884274813275,382.98333333333335,422.0,63.16907683300087,300,0,0,0,0,1.0,0.0,0.0,0.0,0.0,1.0,17.03,0.0,0.0,0.0,0.0,0.0,,0.0,0.0,41.450217172066914,21.04998007978429,0.0,0.6668779571482446,63.16707520899945,41.450217172066914,0.6668779571482446
20260909_112655_937821,3f2b5a8fb3fffdab239693207bcaa7d708d20a0bb6324163a8c1741f478b736b,25,2187632416,2176353891,2187632416,5,300,50,60,5,30,10.0,120,current,Optimized Pattern Generator,dynamic_session,Dynamic Session Pattern Assignment,50,6,360,c974ff1800332606385d81504b635261457467bcdbedae8b7c1b18e98faa8357,50,6.0,44.817959183673466,1.0,1.0,True,20,6,30,3699990526,d86081792bcbcd2f0a7fe0e150c8475d5a419abed557cf9b374228f7869abd7c,True,nomura_original_interval_hungarian_dtw_off,A2 Ablation) DTW Off (Corr-only),False,300,300,0,0.0,300,289,0,0.9633333333333334,0.9633333333333334,0.06525355712974173,0.19726896349033293,382.98333333333335,422.0,62.76082225001301,300,0,0,0,0,1.0,0.0,0.0,0.0,0.0,1.0,17.03,0.0,0.0,0.0,0.0,0.0,,0.0,0.0,41.10128061671276,20.985946554254042,0.0,0.6715772450261284,62.75880441599293,41.10128061671276,0.6715772450261284
20260909_112655_937821,3f2b5a8fb3fffdab239693207bcaa7d708d20a0bb6324163a8c1741f478b736b,25,2187632416,1055930895,2187632416,5,300,50,60,5,30,10.0,120,current,Optimized Pattern Generator,dynamic_session,Dynamic Session Pattern Assignment,50,6,360,c974ff1800332606385d81504b635261457467bcdbedae8b7c1b18e98faa8357,50,6.0,44.817959183673466,1.0,1.0,True,20,6,30,3699990526,d86081792bcbcd2f0a7fe0e150c8475d5a419abed557cf9b374228f7869abd7c,True,nomura_original_interval_hungarian_corr_off,A2 Ablation) Corr Off (DTW-only),False,300,300,0,0.0,300,296,0,0.9866666666666667,0.9866666666666667,2.405666666666666e-07,4.9e-07,382.98333333333335,422.0,62.62487704199157,300,0,0,0,0,1.0,0.0,0.0,0.0,0.0,1.0,17.03,0.0,0.0,0.0,0.0,0.0,,0.0,0.0,41.09108961583115,20.873746507859323,0.0,0.656149751303019,62.620985874993494,41.09108961583115,0.656149751303019
20260909_112655_937821,3f2b5a8fb3fffdab239693207bcaa7d708d20a0bb6324163a8c1741f478b736b,25,2187632416,542446180,2187632416,5,300,50,60,5,30,10.0,120,current,Optimized Pattern Generator,dynamic_session,Dynamic Session Pattern Assignment,50,6,360,c974ff1800332606385d81504b635261457467bcdbedae8b7c1b18e98faa8357,50,6.0,44.817959183673466,1.0,1.0,True,20,6,30,3699990526,d86081792bcbcd2f0a7fe0e150c8475d5a419abed557cf9b374228f7869abd7c,True,nomura_original_interval_hungarian_all_off,A2 Ablation) All Waveform Terms Off,False,300,300,0,0.0,300,240,0,0.8,0.8,1.444333573666667,8.60000011,382.98333333333335,422.0,42.68003200000385,300,0,0,0,0,1.0,0.0,0.0,0.0,0.0,1.0,17.03,0.0,0.0,0.0,0.0,0.0,,0.0,0.0,41.97426633373834,0.030817128223134205,0.0,0.6712515800318215,42.6763350419933,41.97426633373834,0.6712515800318215
20260909_112655_937821,3f2b5a8fb3fffdab239693207bcaa7d708d20a0bb6324163a8c1741f478b736b,25,2187632416,1367392789,2187632416,5,300,50,60,5,30,10.0,120,current,Optimized Pattern Generator,dynamic_session,Dynamic Session Pattern Assignment,50,6,360,c974ff1800332606385d81504b635261457467bcdbedae8b7c1b18e98faa8357,50,6.0,44.817959183673466,1.0,1.0,True,20,6,30,3699990526,d86081792bcbcd2f0a7fe0e150c8475d5a419abed557cf9b374228f7869abd7c,True,bayesian_windowed,A3) Two-Stage Bayesian Posterior + Hungarian,False,300,300,0,0.0,300,297,0,0.99,0.99,0.33650881779904235,1.4931963892950433,382.98333333333335,422.0,49.81918724998832,300,0,0,0,0,1.0,0.0,0.0,0.0,0.0,1.0,17.03,0.0,0.0,0.0,0.0,0.0,,0.0,0.0,41.540817371947924,7.56164476214326,0.0,0.7142159079085104,49.816678041999694,41.540817371947924,0.7142159079085104
20260909_112655_937821,3f2b5a8fb3fffdab239693207bcaa7d708d20a0bb6324163a8c1741f478b736b,25,2187632416,1977915779,2187632416,5,300,50,60,5,30,10.0,120,current,Optimized Pattern Generator,dynamic_session,Dynamic Session Pattern Assignment,50,6,360,c974ff1800332606385d81504b635261457467bcdbedae8b7c1b18e98faa8357,50,6.0,44.817959183673466,1.0,1.0,True,20,6,30,3699990526,d86081792bcbcd2f0a7fe0e150c8475d5a419abed557cf9b374228f7869abd7c,True,bayesian_windowed_memory_off,A3 Ablation) Posterior Memory Off,False,300,300,0,0.0,300,297,0,0.99,0.99,0.5887349767679918,1.8935678522047892,382.98333333333335,422.0,50.62576904098387,300,0,0,0,0,1.0,0.0,0.0,0.0,0.0,1.0,17.03,0.0,0.0,0.0,0.0,0.0,,0.0,0.0,42.24278150885948,7.709248788916739,0.0,0.671736952237552,50.62376725001377,42.24278150885948,0.671736952237552
20260909_112655_937821,3f2b5a8fb3fffdab239693207bcaa7d708d20a0bb6324163a8c1741f478b736b,25,2187632416,2395032883,2187632416,5,300,50,60,5,30,10.0,120,current,Optimized Pattern Generator,dynamic_session,Dynamic Session Pattern Assignment,50,6,360,c974ff1800332606385d81504b635261457467bcdbedae8b7c1b18e98faa8357,50,6.0,44.817959183673466,1.0,1.0,True,20,6,30,3699990526,d86081792bcbcd2f0a7fe0e150c8475d5a419abed557cf9b374228f7869abd7c,True,bayesian_windowed_timeprior_off,A3 Ablation) Time Prior Off,False,300,300,0,0.0,300,297,0,0.99,0.99,0.3393800165889441,1.5165323373126485,382.98333333333335,422.0,49.2299497089989,300,0,0,0,0,1.0,0.0,0.0,0.0,0.0,1.0,17.03,0.0,0.0,0.0,0.0,0.0,,0.0,0.0,41.11809817439644,7.460880412283586,0.0,0.6478183302970137,49.22679691697704,41.11809817439644,0.6478183302970137
20260909_112655_937821,3f2b5a8fb3fffdab239693207bcaa7d708d20a0bb6324163a8c1741f478b736b,25,2187632416,433795909,2187632416,5,300,50,60,5,30,10.0,120,current,Optimized Pattern Generator,dynamic_session,Dynamic Session Pattern Assignment,50,6,360,c974ff1800332606385d81504b635261457467bcdbedae8b7c1b18e98faa8357,50,6.0,44.817959183673466,1.0,1.0,True,20,6,30,3699990526,d86081792bcbcd2f0a7fe0e150c8475d5a419abed557cf9b374228f7869abd7c,True,bayesian_windowed_all_off,A3 Ablation) Time Prior + Memory Off,False,300,300,0,0.0,300,297,0,0.99,0.99,0.5902718545104652,1.90122530595797,382.98333333333335,422.0,49.350908541993704,300,0,0,0,0,1.0,0.0,0.0,0.0,0.0,1.0,17.03,0.0,0.0,0.0,0.0,0.0,,0.0,0.0,41.22107112329104,7.450219869671855,0.0,0.6776160070439801,49.348907000006875,41.22107112329104,0.6776160070439801
20260909_112655_937821,3f2b5a8fb3fffdab239693207bcaa7d708d20a0bb6324163a8c1741f478b736b,26,2187632417,1233724813,2187632417,6,300,50,60,5,30,10.0,120,current,Optimized Pattern Generator,dynamic_session,Dynamic Session Pattern Assignment,50,6,360,e4a5201567b75cd924230996d3291ed747255043ddce256bd379aaab3169c59f,50,7.0,40.204081632653065,1.0,1.0,True,20,6,30,3699990527,a81040f289872c62ab36556edf74d2f646b9c7d9a97d594590abd78c2d5a313b,True,single_only,A1) Refined Cost + Greedy 1:1,True,300,300,0,0.0,300,298,0,0.9933333333333333,0.9933333333333333,0.8114269338878566,2.374952045581121,380.6433333333333,420.1,50.75618362502428,300,0,0,0,0,1.0,0.0,0.0,0.0,0.0,1.0,16.976666666666667,0.0,0.0,0.0,0.0,0.0,,0.0,0.0,41.54188419689308,8.533553282177309,0.0,0.6769661459256895,50.75240362499608,41.54188419689308,0.6769661459256895
20260909_112655_937821,3f2b5a8fb3fffdab239693207bcaa7d708d20a0bb6324163a8c1741f478b736b,26,2187632417,1545686455,2187632417,6,300,50,60,5,30,10.0,120,current,Optimized Pattern Generator,dynamic_session,Dynamic Session Pattern Assignment,50,6,360,e4a5201567b75cd924230996d3291ed747255043ddce256bd379aaab3169c59f,50,7.0,40.204081632653065,1.0,1.0,True,20,6,30,3699990527,a81040f289872c62ab36556edf74d2f646b9c7d9a97d594590abd78c2d5a313b,True,single_only_dtw_off,A1 Ablation) DTW Off,False,300,300,0,0.0,300,293,0,0.9766666666666667,0.9766666666666667,0.7404002616666667,2.1066667666666667,380.6433333333333,420.1,51.1760757919983,300,0,0,0,0,1.0,0.0,0.0,0.0,0.0,1.0,16.976666666666667,0.0,0.0,0.0,0.0,0.0,,0.0,0.0,41.86632487454335,8.6367474727449,0.0,0.6709854447108228,51.174057791999076,41.86632487454335,0.6709854447108228
20260909_112655_937821,3f2b5a8fb3fffdab239693207bcaa7d708d20a0bb6324163a8c1741f478b736b,26,2187632417,866312263,2187632417,6,300,50,60,5,30,10.0,120,current,Optimized Pattern Generator,dynamic_session,Dynamic Session Pattern Assignment,50,6,360,e4a5201567b75cd924230996d3291ed747255043ddce256bd379aaab3169c59f,50,7.0,40.204081632653065,1.0,1.0,True,20,6,30,3699990527,a81040f289872c62ab36556edf74d2f646b9c7d9a97d594590abd78c2d5a313b,True,single_only_step_off,A1 Ablation) Step Signature Off,False,300,300,0,0.0,300,300,0,1.0,1.0,0.06464791333206965,0.38402928289752025,380.6433333333333,420.1,50.75038450001739,300,0,0,0,0,1.0,0.0,0.0,0.0,0.0,1.0,16.976666666666667,0.0,0.0,0.0,0.0,0.0,,0.0,0.0,41.537514711060794,8.544518501876155,0.0,0.6649542450613808,50.74698745799833,41.537514711060794,0.6649542450613808
20260909_112655_937821,3f2b5a8fb3fffdab239693207bcaa7d708d20a0bb6324163a8c1741f478b736b,26,2187632417,1815193619,2187632417,6,300,50,60,5,30,10.0,120,current,Optimized Pattern Generator,dynamic_session,Dynamic Session Pattern Assignment,50,6,360,e4a5201567b75cd924230996d3291ed747255043ddce256bd379aaab3169c59f,50,7.0,40.204081632653065,1.0,1.0,True,20,6,30,3699990527,a81040f289872c62ab36556edf74d2f646b9c7d9a97d594590abd78c2d5a313b,True,single_only_all_off,A1 Ablation) All Waveform Terms Off,False,300,300,0,0.0,300,234,0,0.78,0.78,1.3833335941,7.600000140000001,380.6433333333333,420.1,41.7372048329853,300,0,0,0,0,1.0,0.0,0.0,0.0,0.0,1.0,16.976666666666667,0.0,0.0,0.0,0.0,0.0,,0.0,0.0,41.05228266760241,0.030064460239373147,0.0,0.6528816221398301,41.735228749981616,41.05228266760241,0.6528816221398301
20260909_112655_937821,3f2b5a8fb3fffdab239693207bcaa7d708d20a0bb6324163a8c1741f478b736b,26,2187632417,2184921352,2187632417,6,300,50,60,5,30,10.0,120,current,Optimized Pattern Generator,dynamic_session,Dynamic Session Pattern Assignment,50,6,360,e4a5201567b75cd924230996d3291ed747255043ddce256bd379aaab3169c59f,50,7.0,40.204081632653065,1.0,1.0,True,20,6,30,3699990527,a81040f289872c62ab36556edf74d2f646b9c7d9a97d594590abd78c2d5a313b,True,nomura_original_interval_hungarian,A2) Corr+DTW + Hungarian,False,300,300,0,0.0,300,299,0,0.9966666666666667,0.9966666666666667,0.05736120312534965,0.24564011045572448,380.6433333333333,420.1,63.6497770420101,300,0,0,0,0,1.0,0.0,0.0,0.0,0.0,1.0,16.976666666666667,0.0,0.0,0.0,0.0,0.0,,0.0,0.0,41.768166794849094,21.23583599482663,0.0,0.6438384193461388,63.64784120902186,41.768166794849094,0.6438384193461388
20260909_112655_937821,3f2b5a8fb3fffdab239693207bcaa7d708d20a0bb6324163a8c1741f478b736b,26,2187632417,2176353890,2187632417,6,300,50,60,5,30,10.0,120,current,Optimized Pattern Generator,dynamic_session,Dynamic Session Pattern Assignment,50,6,360,e4a5201567b75cd924230996d3291ed747255043ddce256bd379aaab3169c59f,50,7.0,40.204081632653065,1.0,1.0,True,20,6,30,3699990527,a81040f289872c62ab36556edf74d2f646b9c7d9a97d594590abd78c2d5a313b,True,nomura_original_interval_hungarian_dtw_off,A2 Ablation) DTW Off (Corr-only),False,300,300,0,0.0,300,295,0,0.9833333333333333,0.9833333333333333,0.05622032671404682,0.15286147215381196,380.6433333333333,420.1,63.013699041999644,300,0,0,0,0,1.0,0.0,0.0,0.0,0.0,1.0,16.976666666666667,0.0,0.0,0.0,0.0,0.0,,0.0,0.0,41.26264675686252,21.079783408116782,0.0,0.6692230020125862,63.01165316699189,41.26264675686252,0.6692230020125862
20260909_112655_937821,3f2b5a8fb3fffdab239693207bcaa7d708d20a0bb6324163a8c1741f478b736b,26,2187632417,1055930894,2187632417,6,300,50,60,5,30,10.0,120,current,Optimized Pattern Generator,dynamic_session,Dynamic Session Pattern Assignment,50,6,360,e4a5201567b75cd924230996d3291ed747255043ddce256bd379aaab3169c59f,50,7.0,40.204081632653065,1.0,1.0,True,20,6,30,3699990527,a81040f289872c62ab36556edf74d2f646b9c7d9a97d594590abd78c2d5a313b,True,nomura_original_interval_hungarian_corr_off,A2 Ablation) Corr Off (DTW-only),False,300,300,0,0.0,300,295,0,0.9833333333333333,0.9833333333333333,0.0003858024417757072,0.028945754968104923,380.6433333333333,420.1,63.234657583991066,300,0,0,0,0,1.0,0.0,0.0,0.0,0.0,1.0,16.976666666666667,0.0,0.0,0.0,0.0,0.0,,0.0,0.0,41.47943975095404,21.089137683302397,0.0,0.6627721487602685,63.23134958301671,41.47943975095404,0.6627721487602685
20260909_112655_937821,3f2b5a8fb3fffdab239693207bcaa7d708d20a0bb6324163a8c1741f478b736b,26,2187632417,542446181,2187632417,6,300,50,60,5,30,10.0,120,current,Optimized Pattern Generator,dynamic_session,Dynamic Session Pattern Assignment,50,6,360,e4a5201567b75cd924230996d3291ed747255043ddce256bd379aaab3169c59f,50,7.0,40.204081632653065,1.0,1.0,True,20,6,30,3699990527,a81040f289872c62ab36556edf74d2f646b9c7d9a97d594590abd78c2d5a313b,True,nomura_original_interval_hungarian_all_off,A2 Ablation) All Waveform Terms Off,False,300,300,0,0.0,300,234,0,0.78,0.78,1.3833335941,7.600000140000001,380.6433333333333,420.1,41.90094291701098,300,0,0,0,0,1.0,0.0,0.0,0.0,0.0,1.0,16.976666666666667,0.0,0.0,0.0,0.0,0.0,,0.0,0.0,41.199241164693376,0.02970637709950097,0.0,0.6689081662043463,41.89785570799722,41.199241164693376,0.6689081662043463
20260909_112655_937821,3f2b5a8fb3fffdab239693207bcaa7d708d20a0bb6324163a8c1741f478b736b,26,2187632417,1367392788,2187632417,6,300,50,60,5,30,10.0,120,current,Optimized Pattern Generator,dynamic_session,Dynamic Session Pattern Assignment,50,6,360,e4a5201567b75cd924230996d3291ed747255043ddce256bd379aaab3169c59f,50,7.0,40.204081632653065,1.0,1.0,True,20,6,30,3699990527,a81040f289872c62ab36556edf74d2f646b9c7d9a97d594590abd78c2d5a313b,True,bayesian_windowed,A3) Two-Stage Bayesian Posterior + Hungarian,False,300,300,0,0.0,300,298,0,0.9933333333333333,0.9933333333333333,0.3687477925231731,1.5122677462607697,380.6433333333333,420.1,50.342129541008035,300,0,0,0,0,1.0,0.0,0.0,0.0,0.0,1.0,16.976666666666667,0.0,0.0,0.0,0.0,0.0,,0.0,0.0,42.04682232107734,7.617914296046365,0.0,0.6735560908855405,50.33829270800925,42.04682232107734,0.6735560908855405
20260909_112655_937821,3f2b5a8fb3fffdab239693207bcaa7d708d20a0bb6324163a8c1741f478b736b,26,2187632417,1977915778,2187632417,6,300,50,60,5,30,10.0,120,current,Optimized Pattern Generator,dynamic_session,Dynamic Session Pattern Assignment,50,6,360,e4a5201567b75cd924230996d3291ed747255043ddce256bd379aaab3169c59f,50,7.0,40.204081632653065,1.0,1.0,True,20,6,30,3699990527,a81040f289872c62ab36556edf74d2f646b9c7d9a97d594590abd78c2d5a313b,True,bayesian_windowed_memory_off,A3 Ablation) Posterior Memory Off,False,300,300,0,0.0,300,298,0,0.9933333333333333,0.9933333333333333,0.626311915936914,1.8004748727269804,380.6433333333333,420.1,50.126839083008235,300,0,0,0,0,1.0,0.0,0.0,0.0,0.0,1.0,16.976666666666667,0.0,0.0,0.0,0.0,0.0,,0.0,0.0,41.82591942913132,7.616453784634359,0.0,0.682424286234891,50.12479750000057,41.82591942913132,0.682424286234891
20260909_112655_937821,3f2b5a8fb3fffdab239693207bcaa7d708d20a0bb6324163a8c1741f478b736b,26,2187632417,2395032882,2187632417,6,300,50,60,5,30,10.0,120,current,Optimized Pattern Generator,dynamic_session,Dynamic Session Pattern Assignment,50,6,360,e4a5201567b75cd924230996d3291ed747255043ddce256bd379aaab3169c59f,50,7.0,40.204081632653065,1.0,1.0,True,20,6,30,3699990527,a81040f289872c62ab36556edf74d2f646b9c7d9a97d594590abd78c2d5a313b,True,bayesian_windowed_timeprior_off,A3 Ablation) Time Prior Off,False,300,300,0,0.0,300,298,0,0.9933333333333333,0.9933333333333333,0.37189120083274124,1.5219891311250713,380.6433333333333,420.1,50.04510895800195,300,0,0,0,0,1.0,0.0,0.0,0.0,0.0,1.0,16.976666666666667,0.0,0.0,0.0,0.0,0.0,,0.0,0.0,41.74170703400159,7.6197685002407525,0.0,0.6803667157655582,50.0418422500079,41.74170703400159,0.6803667157655582
20260909_112655_937821,3f2b5a8fb3fffdab239693207bcaa7d708d20a0bb6324163a8c1741f478b736b,26,2187632417,433795908,2187632417,6,300,50,60,5,30,10.0,120,current,Optimized Pattern Generator,dynamic_session,Dynamic Session Pattern Assignment,50,6,360,e4a5201567b75cd924230996d3291ed747255043ddce256bd379aaab3169c59f,50,7.0,40.204081632653065,1.0,1.0,True,20,6,30,3699990527,a81040f289872c62ab36556edf74d2f646b9c7d9a97d594590abd78c2d5a313b,True,bayesian_windowed_all_off,A3 Ablation) Time Prior + Memory Off,False,300,300,0,0.0,300,298,0,0.9933333333333333,0.9933333333333333,0.6279070246360239,1.803230129624773,380.6433333333333,420.1,49.69625562499277,300,0,0,0,0,1.0,0.0,0.0,0.0,0.0,1.0,16.976666666666667,0.0,0.0,0.0,0.0,0.0,,0.0,0.0,41.4711746169196,7.54003637804999,0.0,0.6830251300416421,49.69423612501123,41.4711746169196,0.6830251300416421
20260909_112655_937821,3f2b5a8fb3fffdab239693207bcaa7d708d20a0bb6324163a8c1741f478b736b,27,2187632418,1233724814,2187632418,7,300,50,60,5,30,10.0,120,current,Optimized Pattern Generator,dynamic_session,Dynamic Session Pattern Assignment,50,6,360,1c82f60e053346c1b8585e22506d9cb6eac334df866fd3dc5d4d9db6f262321e,50,6.0,43.93959183673469,1.0,1.0,True,20,6,30,3699990524,70555d0332dad86319aba08d2eff3c51776bd38d880b502d941656bde839f964,True,single_only,A1) Refined Cost + Greedy 1:1,True,300,300,0,0.0,300,298,0,0.9933333333333333,0.9933333333333333,0.8998897736995317,2.8111095703986253,381.4033333333333,415.1,50.51615700000548,300,0,0,0,0,1.0,0.0,0.0,0.0,0.0,1.0,16.783333333333335,0.0,0.0,0.0,0.0,0.0,,0.0,0.0,41.296543756034225,8.534153586020693,0.0,0.6819055329251569,50.512602874980075,41.296543756034225,0.6819055329251569
20260909_112655_937821,3f2b5a8fb3fffdab239693207bcaa7d708d20a0bb6324163a8c1741f478b736b,27,2187632418,1545686452,2187632418,7,300,50,60,5,30,10.0,120,current,Optimized Pattern Generator,dynamic_session,Dynamic Session Pattern Assignment,50,6,360,1c82f60e053346c1b8585e22506d9cb6eac334df866fd3dc5d4d9db6f262321e,50,6.0,43.93959183673469,1.0,1.0,True,20,6,30,3699990524,70555d0332dad86319aba08d2eff3c51776bd38d880b502d941656bde839f964,True,single_only_dtw_off,A1 Ablation) DTW Off,False,300,300,0,0.0,300,283,0,0.9433333333333334,0.9433333333333334,0.8185780530444445,2.376667086666667,381.4033333333333,415.1,50.754281458997866,300,0,0,0,0,1.0,0.0,0.0,0.0,0.0,1.0,16.783333333333335,0.0,0.0,0.0,0.0,0.0,,0.0,0.0,41.475707323261304,8.59335237366031,0.0,0.6832325110735837,50.7522922079952,41.475707323261304,0.6832325110735837
20260909_112655_937821,3f2b5a8fb3fffdab239693207bcaa7d708d20a0bb6324163a8c1741f478b736b,27,2187632418,866312260,2187632418,7,300,50,60,5,30,10.0,120,current,Optimized Pattern Generator,dynamic_session,Dynamic Session Pattern Assignment,50,6,360,1c82f60e053346c1b8585e22506d9cb6eac334df866fd3dc5d4d9db6f262321e,50,6.0,43.93959183673469,1.0,1.0,True,20,6,30,3699990524,70555d0332dad86319aba08d2eff3c51776bd38d880b502d941656bde839f964,True,single_only_step_off,A1 Ablation) Step Signature Off,False,300,300,0,0.0,300,300,0,1.0,1.0,0.06576442900199934,0.28911000749951166,381.4033333333333,415.1,51.27357808401575,300,0,0,0,0,1.0,0.0,0.0,0.0,0.0,1.0,16.783333333333335,0.0,0.0,0.0,0.0,0.0,,0.0,0.0,41.77999104198534,8.781924999522744,0.0,0.708435416512657,51.27035145802074,41.77999104198534,0.708435416512657
20260909_112655_937821,3f2b5a8fb3fffdab239693207bcaa7d708d20a0bb6324163a8c1741f478b736b,27,2187632418,1815193616,2187632418,7,300,50,60,5,30,10.0,120,current,Optimized Pattern Generator,dynamic_session,Dynamic Session Pattern Assignment,50,6,360,1c82f60e053346c1b8585e22506d9cb6eac334df866fd3dc5d4d9db6f262321e,50,6.0,43.93959183673469,1.0,1.0,True,20,6,30,3699990524,70555d0332dad86319aba08d2eff3c51776bd38d880b502d941656bde839f964,True,single_only_all_off,A1 Ablation) All Waveform Terms Off,False,300,300,0,0.0,300,249,0,0.83,0.83,1.4470002777666666,8.800000310000001,381.4033333333333,415.1,42.49377279100008,300,0,0,0,0,1.0,0.0,0.0,0.0,0.0,1.0,16.783333333333335,0.0,0.0,0.0,0.0,0.0,,0.0,0.0,41.7494742537383,0.030411126877879724,0.0,0.7103733283875044,42.49025870900368,41.7494742537383,0.7103733283875044
20260909_112655_937821,3f2b5a8fb3fffdab239693207bcaa7d708d20a0bb6324163a8c1741f478b736b,27,2187632418,2184921355,2187632418,7,300,50,60,5,30,10.0,120,current,Optimized Pattern Generator,dynamic_session,Dynamic Session Pattern Assignment,50,6,360,1c82f60e053346c1b8585e22506d9cb6eac334df866fd3dc5d4d9db6f262321e,50,6.0,43.93959183673469,1.0,1.0,True,20,6,30,3699990524,70555d0332dad86319aba08d2eff3c51776bd38d880b502d941656bde839f964,True,nomura_original_interval_hungarian,A2) Corr+DTW + Hungarian,False,300,300,0,0.0,300,300,0,1.0,1.0,0.06188828585613565,0.22710283726660796,381.4033333333333,415.1,63.45351925000432,300,0,0,0,0,1.0,0.0,0.0,0.0,0.0,1.0,16.783333333333335,0.0,0.0,0.0,0.0,0.0,,0.0,0.0,41.58825038798386,21.186963460961124,0.0,0.6749196510645561,63.45013350000954,41.58825038798386,0.6749196510645561
20260909_112655_937821,3f2b5a8fb3fffdab239693207bcaa7d708d20a0bb6324163a8c1741f478b736b,27,2187632418,2176353889,2187632418,7,300,50,60,5,30,10.0,120,current,Optimized Pattern Generator,dynamic_session,Dynamic Session Pattern Assignment,50,6,360,1c82f60e053346c1b8585e22506d9cb6eac334df866fd3dc5d4d9db6f262321e,50,6.0,43.93959183673469,1.0,1.0,True,20,6,30,3699990524,70555d0332dad86319aba08d2eff3c51776bd38d880b502d941656bde839f964,True,nomura_original_interval_hungarian_dtw_off,A2 Ablation) DTW Off (Corr-only),False,300,300,0,0.0,300,298,0,0.9933333333333333,0.9933333333333333,0.06054471303542351,0.22710283726660796,381.4033333333333,415.1,62.93768433298101,300,0,0,0,0,1.0,0.0,0.0,0.0,0.0,1.0,16.783333333333335,0.0,0.0,0.0,0.0,0.0,,0.0,0.0,41.187014081544476,21.060759421234252,0.0,0.6866654562181793,62.93443895899691,41.187014081544476,0.6866654562181793
20260909_112655_937821,3f2b5a8fb3fffdab239693207bcaa7d708d20a0bb6324163a8c1741f478b736b,27,2187632418,1055930893,2187632418,7,300,50,60,5,30,10.0,120,current,Optimized Pattern Generator,dynamic_session,Dynamic Session Pattern Assignment,50,6,360,1c82f60e053346c1b8585e22506d9cb6eac334df866fd3dc5d4d9db6f262321e,50,6.0,43.93959183673469,1.0,1.0,True,20,6,30,3699990524,70555d0332dad86319aba08d2eff3c51776bd38d880b502d941656bde839f964,True,nomura_original_interval_hungarian_corr_off,A2 Ablation) Corr Off (DTW-only),False,300,300,0,0.0,300,294,0,0.98,0.98,0.0008157103533706968,0.12576394887613526,381.4033333333333,415.1,63.127158874995075,300,0,0,0,0,1.0,0.0,0.0,0.0,0.0,1.0,16.783333333333335,0.0,0.0,0.0,0.0,0.0,,0.0,0.0,41.19239700111211,21.23695702868281,0.0,0.6958288032037672,63.12518283299869,41.19239700111211,0.6958288032037672
20260909_112655_937821,3f2b5a8fb3fffdab239693207bcaa7d708d20a0bb6324163a8c1741f478b736b,27,2187632418,542446182,2187632418,7,300,50,60,5,30,10.0,120,current,Optimized Pattern Generator,dynamic_session,Dynamic Session Pattern Assignment,50,6,360,1c82f60e053346c1b8585e22506d9cb6eac334df866fd3dc5d4d9db6f262321e,50,6.0,43.93959183673469,1.0,1.0,True,20,6,30,3699990524,70555d0332dad86319aba08d2eff3c51776bd38d880b502d941656bde839f964,True,nomura_original_interval_hungarian_all_off,A2 Ablation) All Waveform Terms Off,False,300,300,0,0.0,300,249,0,0.83,0.83,1.4470002777666666,8.800000310000001,381.4033333333333,415.1,42.569880124996416,300,0,0,0,0,1.0,0.0,0.0,0.0,0.0,1.0,16.783333333333335,0.0,0.0,0.0,0.0,0.0,,0.0,0.0,41.85046842423617,0.030691534950165078,0.0,0.6848740408022422,42.566033999988576,41.85046842423617,0.6848740408022422
20260909_112655_937821,3f2b5a8fb3fffdab239693207bcaa7d708d20a0bb6324163a8c1741f478b736b,27,2187632418,1367392791,2187632418,7,300,50,60,5,30,10.0,120,current,Optimized Pattern Generator,dynamic_session,Dynamic Session Pattern Assignment,50,6,360,1c82f60e053346c1b8585e22506d9cb6eac334df866fd3dc5d4d9db6f262321e,50,6.0,43.93959183673469,1.0,1.0,True,20,6,30,3699990524,70555d0332dad86319aba08d2eff3c51776bd38d880b502d941656bde839f964,True,bayesian_windowed,A3) Two-Stage Bayesian Posterior + Hungarian,False,300,300,0,0.0,300,296,0,0.9866666666666667,0.9866666666666667,0.3274197943979268,1.5848961320875543,381.4033333333333,415.1,49.98361841600854,300,0,0,0,0,1.0,0.0,0.0,0.0,0.0,1.0,16.783333333333335,0.0,0.0,0.0,0.0,0.0,,0.0,0.0,41.749437748949276,7.580285413947422,0.0,0.6519079210993368,49.981631083996035,41.749437748949276,0.6519079210993368
20260909_112655_937821,3f2b5a8fb3fffdab239693207bcaa7d708d20a0bb6324163a8c1741f478b736b,27,2187632418,1977915777,2187632418,7,300,50,60,5,30,10.0,120,current,Optimized Pattern Generator,dynamic_session,Dynamic Session Pattern Assignment,50,6,360,1c82f60e053346c1b8585e22506d9cb6eac334df866fd3dc5d4d9db6f262321e,50,6.0,43.93959183673469,1.0,1.0,True,20,6,30,3699990524,70555d0332dad86319aba08d2eff3c51776bd38d880b502d941656bde839f964,True,bayesian_windowed_memory_off,A3 Ablation) Posterior Memory Off,False,300,300,0,0.0,300,298,0,0.9933333333333333,0.9933333333333333,0.5916154391903841,1.850253771032555,381.4033333333333,415.1,49.79623012500815,300,0,0,0,0,1.0,0.0,0.0,0.0,0.0,1.0,16.783333333333335,0.0,0.0,0.0,0.0,0.0,,0.0,0.0,41.498207161872415,7.582668618153548,0.0,0.7133176369825378,49.7941934170085,41.498207161872415,0.7133176369825378
20260909_112655_937821,3f2b5a8fb3fffdab239693207bcaa7d708d20a0bb6324163a8c1741f478b736b,27,2187632418,2395032881,2187632418,7,300,50,60,5,30,10.0,120,current,Optimized Pattern Generator,dynamic_session,Dynamic Session Pattern Assignment,50,6,360,1c82f60e053346c1b8585e22506d9cb6eac334df866fd3dc5d4d9db6f262321e,50,6.0,43.93959183673469,1.0,1.0,True,20,6,30,3699990524,70555d0332dad86319aba08d2eff3c51776bd38d880b502d941656bde839f964,True,bayesian_windowed_timeprior_off,A3 Ablation) Time Prior Off,False,300,300,0,0.0,300,296,0,0.9866666666666667,0.9866666666666667,0.3311376463468855,1.5852293667967057,381.4033333333333,415.1,49.847077792015625,300,0,0,0,0,1.0,0.0,0.0,0.0,0.0,1.0,16.783333333333335,0.0,0.0,0.0,0.0,0.0,,0.0,0.0,41.605702457774896,7.560887081926921,0.0,0.6778232103097253,49.84441275001154,41.605702457774896,0.6778232103097253
20260909_112655_937821,3f2b5a8fb3fffdab239693207bcaa7d708d20a0bb6324163a8c1741f478b736b,27,2187632418,433795911,2187632418,7,300,50,60,5,30,10.0,120,current,Optimized Pattern Generator,dynamic_session,Dynamic Session Pattern Assignment,50,6,360,1c82f60e053346c1b8585e22506d9cb6eac334df866fd3dc5d4d9db6f262321e,50,6.0,43.93959183673469,1.0,1.0,True,20,6,30,3699990524,70555d0332dad86319aba08d2eff3c51776bd38d880b502d941656bde839f964,True,bayesian_windowed_all_off,A3 Ablation) Time Prior + Memory Off,False,300,300,0,0.0,300,298,0,0.9933333333333333,0.9933333333333333,0.5934213336684089,1.8507049976846015,381.4033333333333,415.1,49.70480754200253,300,0,0,0,0,1.0,0.0,0.0,0.0,0.0,1.0,16.783333333333335,0.0,0.0,0.0,0.0,0.0,,0.0,0.0,41.47603880401584,7.525662619184004,0.0,0.7011450348072685,49.702846458007116,41.47603880401584,0.7011450348072685
20260909_112655_937821,3f2b5a8fb3fffdab239693207bcaa7d708d20a0bb6324163a8c1741f478b736b,28,2187632419,1233724815,2187632419,8,300,50,60,5,30,10.0,120,current,Optimized Pattern Generator,dynamic_session,Dynamic Session Pattern Assignment,50,6,360,9f774c42a7462ff9a80b41fa617780757c213ed8f15474abc9195c91778a9bb9,50,11.0,39.49795918367347,1.0,1.0,True,20,6,30,3699990525,f89b35a53e03dacbbb244495af0348935190622fb5f1e96d866c310a1823c12b,True,single_only,A1) Refined Cost + Greedy 1:1,True,300,300,0,0.0,300,297,0,0.99,0.99,0.8587924130460178,2.458334669668929,382.3,417.20000000000005,54.639507749991026,300,0,0,0,0,1.0,0.0,0.0,0.0,0.0,1.0,17.843333333333334,0.0,0.0,0.0,0.0,0.0,,0.0,0.0,44.76062143364106,9.18896862040856,0.0,0.6879288209311198,54.63751887498074,44.76062143364106,0.6879288209311198
20260909_112655_937821,3f2b5a8fb3fffdab239693207bcaa7d708d20a0bb6324163a8c1741f478b736b,28,2187632419,1545686453,2187632419,8,300,50,60,5,30,10.0,120,current,Optimized Pattern Generator,dynamic_session,Dynamic Session Pattern Assignment,50,6,360,9f774c42a7462ff9a80b41fa617780757c213ed8f15474abc9195c91778a9bb9,50,11.0,39.49795918367347,1.0,1.0,True,20,6,30,3699990525,f89b35a53e03dacbbb244495af0348935190622fb5f1e96d866c310a1823c12b,True,single_only_dtw_off,A1 Ablation) DTW Off,False,300,300,0,0.0,300,283,0,0.9433333333333334,0.9433333333333334,0.7862558067222223,2.363333623333333,382.3,417.20000000000005,54.95905279100407,300,0,0,0,0,1.0,0.0,0.0,0.0,0.0,1.0,17.843333333333334,0.0,0.0,0.0,0.0,0.0,,0.0,0.0,44.925605496624485,9.337708589126123,0.0,0.6935712892445736,54.95688537499518,44.925605496624485,0.6935712892445736
20260909_112655_937821,3f2b5a8fb3fffdab239693207bcaa7d708d20a0bb6324163a8c1741f478b736b,28,2187632419,866312261,2187632419,8,300,50,60,5,30,10.0,120,current,Optimized Pattern Generator,dynamic_session,Dynamic Session Pattern Assignment,50,6,360,9f774c42a7462ff9a80b41fa617780757c213ed8f15474abc9195c91778a9bb9,50,11.0,39.49795918367347,1.0,1.0,True,20,6,30,3699990525,f89b35a53e03dacbbb244495af0348935190622fb5f1e96d866c310a1823c12b,True,single_only_step_off,A1 Ablation) Step Signature Off,False,300,300,0,0.0,300,300,0,1.0,1.0,0.06314119632565429,0.21917196437920308,382.3,417.20000000000005,54.71663758298382,300,0,0,0,0,1.0,0.0,0.0,0.0,0.0,1.0,17.843333333333334,0.0,0.0,0.0,0.0,0.0,,0.0,0.0,44.74457067094045,9.266061081987573,0.0,0.7032287890906446,54.713860542018665,44.74457067094045,0.7032287890906446
20260909_112655_937821,3f2b5a8fb3fffdab239693207bcaa7d708d20a0bb6324163a8c1741f478b736b,28,2187632419,1815193617,2187632419,8,300,50,60,5,30,10.0,120,current,Optimized Pattern Generator,dynamic_session,Dynamic Session Pattern Assignment,50,6,360,9f774c42a7462ff9a80b41fa617780757c213ed8f15474abc9195c91778a9bb9,50,11.0,39.49795918367347,1.0,1.0,True,20,6,30,3699990525,f89b35a53e03dacbbb244495af0348935190622fb5f1e96d866c310a1823c12b,True,single_only_all_off,A1 Ablation) All Waveform Terms Off,False,300,300,0,0.0,300,245,0,0.8166666666666667,0.8166666666666667,1.4370002521,8.20000042,382.3,417.20000000000005,45.226076749997446,300,0,0,0,0,1.0,0.0,0.0,0.0,0.0,1.0,17.843333333333334,0.0,0.0,0.0,0.0,0.0,,0.0,0.0,44.48491696079145,0.03193962722434662,0.0,0.7071784949803259,45.224035082996124,44.48491696079145,0.7071784949803259
20260909_112655_937821,3f2b5a8fb3fffdab239693207bcaa7d708d20a0bb6324163a8c1741f478b736b,28,2187632419,2184921354,2187632419,8,300,50,60,5,30,10.0,120,current,Optimized Pattern Generator,dynamic_session,Dynamic Session Pattern Assignment,50,6,360,9f774c42a7462ff9a80b41fa617780757c213ed8f15474abc9195c91778a9bb9,50,11.0,39.49795918367347,1.0,1.0,True,20,6,30,3699990525,f89b35a53e03dacbbb244495af0348935190622fb5f1e96d866c310a1823c12b,True,nomura_original_interval_hungarian,A2) Corr+DTW + Hungarian,False,300,300,0,0.0,300,300,0,1.0,1.0,0.05827287336970376,0.16852943911664195,382.3,417.20000000000005,68.56105037499219,300,0,0,0,0,1.0,0.0,0.0,0.0,0.0,1.0,17.843333333333334,0.0,0.0,0.0,0.0,0.0,,0.0,0.0,45.085825632093474,22.811601576191606,0.0,0.6615578756900504,68.55898508397513,45.085825632093474,0.6615578756900504
20260909_112655_937821,3f2b5a8fb3fffdab239693207bcaa7d708d20a0bb6324163a8c1741f478b736b,28,2187632419,2176353888,2187632419,8,300,50,60,5,30,10.0,120,current,Optimized Pattern Generator,dynamic_session,Dynamic Session Pattern Assignment,50,6,360,9f774c42a7462ff9a80b41fa617780757c213ed8f15474abc9195c91778a9bb9,50,11.0,39.49795918367347,1.0,1.0,True,20,6,30,3699990525,f89b35a53e03dacbbb244495af0348935190622fb5f1e96d866c310a1823c12b,True,nomura_original_interval_hungarian_dtw_off,A2 Ablation) DTW Off (Corr-only),False,300,300,0,0.0,300,297,0,0.99,0.99,0.057140853657016634,0.16852943911664195,382.3,417.20000000000005,67.94888454201282,300,0,0,0,0,1.0,0.0,0.0,0.0,0.0,1.0,17.843333333333334,0.0,0.0,0.0,0.0,0.0,,0.0,0.0,44.55535466177389,22.684463127865456,0.0,0.7070824603433721,67.94690024998272,44.55535466177389,0.7070824603433721
20260909_112655_937821,3f2b5a8fb3fffdab239693207bcaa7d708d20a0bb6324163a8c1741f478b736b,28,2187632419,1055930892,2187632419,8,300,50,60,5,30,10.0,120,current,Optimized Pattern Generator,dynamic_session,Dynamic Session Pattern Assignment,50,6,360,9f774c42a7462ff9a80b41fa617780757c213ed8f15474abc9195c91778a9bb9,50,11.0,39.49795918367347,1.0,1.0,True,20,6,30,3699990525,f89b35a53e03dacbbb244495af0348935190622fb5f1e96d866c310a1823c12b,True,nomura_original_interval_hungarian_corr_off,A2 Ablation) Corr Off (DTW-only),False,300,300,0,0.0,300,292,0,0.9733333333333334,0.9733333333333334,0.0002352657450031,0.026416642339466122,382.3,417.20000000000005,67.49524737498723,300,0,0,0,0,1.0,0.0,0.0,0.0,0.0,1.0,17.843333333333334,0.0,0.0,0.0,0.0,0.0,,0.0,0.0,44.20168920964352,22.612514173903037,0.0,0.6781743244500831,67.49237770799664,44.20168920964352,0.6781743244500831
20260909_112655_937821,3f2b5a8fb3fffdab239693207bcaa7d708d20a0bb6324163a8c1741f478b736b,28,2187632419,542446183,2187632419,8,300,50,60,5,30,10.0,120,current,Optimized Pattern Generator,dynamic_session,Dynamic Session Pattern Assignment,50,6,360,9f774c42a7462ff9a80b41fa617780757c213ed8f15474abc9195c91778a9bb9,50,11.0,39.49795918367347,1.0,1.0,True,20,6,30,3699990525,f89b35a53e03dacbbb244495af0348935190622fb5f1e96d866c310a1823c12b,True,nomura_original_interval_hungarian_all_off,A2 Ablation) All Waveform Terms Off,False,300,300,0,0.0,300,245,0,0.8166666666666667,0.8166666666666667,1.4370002521,8.20000042,382.3,417.20000000000005,46.22237483301433,300,0,0,0,0,1.0,0.0,0.0,0.0,0.0,1.0,17.843333333333334,0.0,0.0,0.0,0.0,0.0,,0.0,0.0,45.51469967176672,0.031322789931437,0.0,0.6726361222972628,46.21865858399542,45.51469967176672,0.6726361222972628
20260909_112655_937821,3f2b5a8fb3fffdab239693207bcaa7d708d20a0bb6324163a8c1741f478b736b,28,2187632419,1367392790,2187632419,8,300,50,60,5,30,10.0,120,current,Optimized Pattern Generator,dynamic_session,Dynamic Session Pattern Assignment,50,6,360,9f774c42a7462ff9a80b41fa617780757c213ed8f15474abc9195c91778a9bb9,50,11.0,39.49795918367347,1.0,1.0,True,20,6,30,3699990525,f89b35a53e03dacbbb244495af0348935190622fb5f1e96d866c310a1823c12b,True,bayesian_windowed,A3) Two-Stage Bayesian Posterior + Hungarian,False,300,300,0,0.0,300,298,0,0.9933333333333333,0.9933333333333333,0.36362564893414484,1.4099447483607437,382.3,417.20000000000005,53.66481666700565,300,0,0,0,0,1.0,0.0,0.0,0.0,0.0,1.0,17.843333333333334,0.0,0.0,0.0,0.0,0.0,,0.0,0.0,44.8709153769596,8.086800621938892,0.0,0.7049978341092356,53.66271383300773,44.8709153769596,0.7049978341092356
20260909_112655_937821,3f2b5a8fb3fffdab239693207bcaa7d708d20a0bb6324163a8c1741f478b736b,28,2187632419,1977915776,2187632419,8,300,50,60,5,30,10.0,120,current,Optimized Pattern Generator,dynamic_session,Dynamic Session Pattern Assignment,50,6,360,9f774c42a7462ff9a80b41fa617780757c213ed8f15474abc9195c91778a9bb9,50,11.0,39.49795918367347,1.0,1.0,True,20,6,30,3699990525,f89b35a53e03dacbbb244495af0348935190622fb5f1e96d866c310a1823c12b,True,bayesian_windowed_memory_off,A3 Ablation) Posterior Memory Off,False,300,300,0,0.0,300,297,0,0.99,0.99,0.6366397504060014,1.8570222566544232,382.3,417.20000000000005,53.532677999988664,300,0,0,0,0,1.0,0.0,0.0,0.0,0.0,1.0,17.843333333333334,0.0,0.0,0.0,0.0,0.0,,0.0,0.0,44.757703377108555,8.079491537821013,0.0,0.691898627061164,53.52909354199073,44.757703377108555,0.691898627061164
20260909_112655_937821,3f2b5a8fb3fffdab239693207bcaa7d708d20a0bb6324163a8c1741f478b736b,28,2187632419,2395032880,2187632419,8,300,50,60,5,30,10.0,120,current,Optimized Pattern Generator,dynamic_session,Dynamic Session Pattern Assignment,50,6,360,9f774c42a7462ff9a80b41fa617780757c213ed8f15474abc9195c91778a9bb9,50,11.0,39.49795918367347,1.0,1.0,True,20,6,30,3699990525,f89b35a53e03dacbbb244495af0348935190622fb5f1e96d866c310a1823c12b,True,bayesian_windowed_timeprior_off,A3 Ablation) Time Prior Off,False,300,300,0,0.0,300,298,0,0.9933333333333333,0.9933333333333333,0.3670527495754567,1.4099447483607437,382.3,417.20000000000005,53.329830292001134,300,0,0,0,0,1.0,0.0,0.0,0.0,0.0,1.0,17.843333333333334,0.0,0.0,0.0,0.0,0.0,,0.0,0.0,44.625464165059384,8.024095386877889,0.0,0.6782914060459007,53.32785095798317,44.625464165059384,0.6782914060459007
20260909_112655_937821,3f2b5a8fb3fffdab239693207bcaa7d708d20a0bb6324163a8c1741f478b736b,28,2187632419,433795910,2187632419,8,300,50,60,5,30,10.0,120,current,Optimized Pattern Generator,dynamic_session,Dynamic Session Pattern Assignment,50,6,360,9f774c42a7462ff9a80b41fa617780757c213ed8f15474abc9195c91778a9bb9,50,11.0,39.49795918367347,1.0,1.0,True,20,6,30,3699990525,f89b35a53e03dacbbb244495af0348935190622fb5f1e96d866c310a1823c12b,True,bayesian_windowed_all_off,A3 Ablation) Time Prior + Memory Off,False,300,300,0,0.0,300,297,0,0.99,0.99,0.6382716727372864,1.8570222566544232,382.3,417.20000000000005,53.36273316698498,300,0,0,0,0,1.0,0.0,0.0,0.0,0.0,1.0,17.843333333333334,0.0,0.0,0.0,0.0,0.0,,0.0,0.0,44.594927252823254,8.075006120867329,0.0,0.690192168316571,53.360125542007154,44.594927252823254,0.690192168316571
20260909_112655_937821,3f2b5a8fb3fffdab239693207bcaa7d708d20a0bb6324163a8c1741f478b736b,29,2187632420,1233724808,2187632420,9,300,50,60,5,30,10.0,120,current,Optimized Pattern Generator,dynamic_session,Dynamic Session Pattern Assignment,50,6,360,f84ea4bb41f2353ed52ebac5e83d0ac6602110e5d60410af385c49d8f9de5ffa,50,6.0,42.16244897959184,1.0,1.0,True,20,6,30,3699990522,4ebb8375b81cf9f8dbb9d2e6391f119f2b970f80327bdc8656ef94a378cd06e9,True,single_only,A1) Refined Cost + Greedy 1:1,True,300,300,0,0.0,300,296,0,0.9866666666666667,0.9866666666666667,0.8165628453772249,2.5043462243756593,382.4,424.1,53.40972108399728,300,0,0,0,0,1.0,0.0,0.0,0.0,0.0,1.0,17.6,0.0,0.0,0.0,0.0,0.0,,0.0,0.0,43.63108012522571,9.063022072106833,0.0,0.7136094696761575,53.4077116670087,43.63108012522571,0.7136094696761575
20260909_112655_937821,3f2b5a8fb3fffdab239693207bcaa7d708d20a0bb6324163a8c1741f478b736b,29,2187632420,1545686450,2187632420,9,300,50,60,5,30,10.0,120,current,Optimized Pattern Generator,dynamic_session,Dynamic Session Pattern Assignment,50,6,360,f84ea4bb41f2353ed52ebac5e83d0ac6602110e5d60410af385c49d8f9de5ffa,50,6.0,42.16244897959184,1.0,1.0,True,20,6,30,3699990522,4ebb8375b81cf9f8dbb9d2e6391f119f2b970f80327bdc8656ef94a378cd06e9,True,single_only_dtw_off,A1 Ablation) DTW Off,False,300,300,0,0.0,300,289,0,0.9633333333333334,0.9633333333333334,0.7473113759777779,2.376666956666667,382.4,424.1,53.91827445899253,300,0,0,0,0,1.0,0.0,0.0,0.0,0.0,1.0,17.6,0.0,0.0,0.0,0.0,0.0,,0.0,0.0,44.045091081934515,9.192194328497862,0.0,0.6782503395806998,53.91553575001308,44.045091081934515,0.6782503395806998
20260909_112655_937821,3f2b5a8fb3fffdab239693207bcaa7d708d20a0bb6324163a8c1741f478b736b,29,2187632420,866312258,2187632420,9,300,50,60,5,30,10.0,120,current,Optimized Pattern Generator,dynamic_session,Dynamic Session Pattern Assignment,50,6,360,f84ea4bb41f2353ed52ebac5e83d0ac6602110e5d60410af385c49d8f9de5ffa,50,6.0,42.16244897959184,1.0,1.0,True,20,6,30,3699990522,4ebb8375b81cf9f8dbb9d2e6391f119f2b970f80327bdc8656ef94a378cd06e9,True,single_only_step_off,A1 Ablation) Step Signature Off,False,300,300,0,0.0,300,299,0,0.9966666666666667,0.9966666666666667,0.060798524776602615,0.3182526874146024,382.4,424.1,53.267673541995464,300,0,0,0,0,1.0,0.0,0.0,0.0,0.0,1.0,17.6,0.0,0.0,0.0,0.0,0.0,,0.0,0.0,43.64528425573371,8.974956201855093,0.0,0.6446915834094398,53.26493204099825,43.64528425573371,0.6446915834094398
20260909_112655_937821,3f2b5a8fb3fffdab239693207bcaa7d708d20a0bb6324163a8c1741f478b736b,29,2187632420,1815193622,2187632420,9,300,50,60,5,30,10.0,120,current,Optimized Pattern Generator,dynamic_session,Dynamic Session Pattern Assignment,50,6,360,f84ea4bb41f2353ed52ebac5e83d0ac6602110e5d60410af385c49d8f9de5ffa,50,6.0,42.16244897959184,1.0,1.0,True,20,6,30,3699990522,4ebb8375b81cf9f8dbb9d2e6391f119f2b970f80327bdc8656ef94a378cd06e9,True,single_only_all_off,A1 Ablation) All Waveform Terms Off,False,300,300,0,0.0,300,240,0,0.8,0.8,1.433666923,8.200001170000002,382.4,424.1,43.6237232919957,300,0,0,0,0,1.0,0.0,0.0,0.0,0.0,1.0,17.6,0.0,0.0,0.0,0.0,0.0,,0.0,0.0,42.91410312996595,0.030461252812528983,0.0,0.6770942012080923,43.62165858398657,42.91410312996595,0.6770942012080923
20260909_112655_937821,3f2b5a8fb3fffdab239693207bcaa7d708d20a0bb6324163a8c1741f478b736b,29,2187632420,2184921357,2187632420,9,300,50,60,5,30,10.0,120,current,Optimized Pattern Generator,dynamic_session,Dynamic Session Pattern Assignment,50,6,360,f84ea4bb41f2353ed52ebac5e83d0ac6602110e5d60410af385c49d8f9de5ffa,50,6.0,42.16244897959184,1.0,1.0,True,20,6,30,3699990522,4ebb8375b81cf9f8dbb9d2e6391f119f2b970f80327bdc8656ef94a378cd06e9,True,nomura_original_interval_hungarian,A2) Corr+DTW + Hungarian,False,300,300,0,0.0,300,300,0,1.0,1.0,0.057307607959871804,0.19235146304035317,382.4,424.1,64.86563895799918,300,0,0,0,0,1.0,0.0,0.0,0.0,0.0,1.0,17.6,0.0,0.0,0.0,0.0,0.0,,0.0,0.0,42.48587245197268,21.703102249768563,0.0,0.6729391732660588,64.8619138750073,42.48587245197268,0.6729391732660588
20260909_112655_937821,3f2b5a8fb3fffdab239693207bcaa7d708d20a0bb6324163a8c1741f478b736b,29,2187632420,2176353895,2187632420,9,300,50,60,5,30,10.0,120,current,Optimized Pattern Generator,dynamic_session,Dynamic Session Pattern Assignment,50,6,360,f84ea4bb41f2353ed52ebac5e83d0ac6602110e5d60410af385c49d8f9de5ffa,50,6.0,42.16244897959184,1.0,1.0,True,20,6,30,3699990522,4ebb8375b81cf9f8dbb9d2e6391f119f2b970f80327bdc8656ef94a378cd06e9,True,nomura_original_interval_hungarian_dtw_off,A2 Ablation) DTW Off (Corr-only),False,300,300,0,0.0,300,297,0,0.99,0.99,0.055609909221970094,0.15905310228609493,382.4,424.1,65.80987024999922,300,0,0,0,0,1.0,0.0,0.0,0.0,0.0,1.0,17.6,0.0,0.0,0.0,0.0,0.0,,0.0,0.0,43.16098661784781,21.976878414163366,0.0,0.6687925929727498,65.80665762498393,43.16098661784781,0.6687925929727498
20260909_112655_937821,3f2b5a8fb3fffdab239693207bcaa7d708d20a0bb6324163a8c1741f478b736b,29,2187632420,1055930891,2187632420,9,300,50,60,5,30,10.0,120,current,Optimized Pattern Generator,dynamic_session,Dynamic Session Pattern Assignment,50,6,360,f84ea4bb41f2353ed52ebac5e83d0ac6602110e5d60410af385c49d8f9de5ffa,50,6.0,42.16244897959184,1.0,1.0,True,20,6,30,3699990522,4ebb8375b81cf9f8dbb9d2e6391f119f2b970f80327bdc8656ef94a378cd06e9,True,nomura_original_interval_hungarian_corr_off,A2 Ablation) Corr Off (DTW-only),False,300,300,0,0.0,300,292,0,0.9733333333333334,0.9733333333333334,0.0002298822182694655,0.021461925567548647,382.4,424.1,65.36573466699338,300,0,0,0,0,1.0,0.0,0.0,0.0,0.0,1.0,17.6,0.0,0.0,0.0,0.0,0.0,,0.0,0.0,42.88806194823701,21.8067790842033,0.0,0.6677908425626811,65.36263187500299,42.88806194823701,0.6677908425626811
20260909_112655_937821,3f2b5a8fb3fffdab239693207bcaa7d708d20a0bb6324163a8c1741f478b736b,29,2187632420,542446176,2187632420,9,300,50,60,5,30,10.0,120,current,Optimized Pattern Generator,dynamic_session,Dynamic Session Pattern Assignment,50,6,360,f84ea4bb41f2353ed52ebac5e83d0ac6602110e5d60410af385c49d8f9de5ffa,50,6.0,42.16244897959184,1.0,1.0,True,20,6,30,3699990522,4ebb8375b81cf9f8dbb9d2e6391f119f2b970f80327bdc8656ef94a378cd06e9,True,nomura_original_interval_hungarian_all_off,A2 Ablation) All Waveform Terms Off,False,300,300,0,0.0,300,240,0,0.8,0.8,1.433666923,8.200001170000002,382.4,424.1,43.79460712498985,300,0,0,0,0,1.0,0.0,0.0,0.0,0.0,1.0,17.6,0.0,0.0,0.0,0.0,0.0,,0.0,0.0,43.098361374868546,0.03114133485360071,0.0,0.6630049152881838,43.79250762501033,43.098361374868546,0.6630049152881838
20260909_112655_937821,3f2b5a8fb3fffdab239693207bcaa7d708d20a0bb6324163a8c1741f478b736b,29,2187632420,1367392785,2187632420,9,300,50,60,5,30,10.0,120,current,Optimized Pattern Generator,dynamic_session,Dynamic Session Pattern Assignment,50,6,360,f84ea4bb41f2353ed52ebac5e83d0ac6602110e5d60410af385c49d8f9de5ffa,50,6.0,42.16244897959184,1.0,1.0,True,20,6,30,3699990522,4ebb8375b81cf9f8dbb9d2e6391f119f2b970f80327bdc8656ef94a378cd06e9,True,bayesian_windowed,A3) Two-Stage Bayesian Posterior + Hungarian,False,300,300,0,0.0,300,299,0,0.9966666666666667,0.9966666666666667,0.35869807851377694,1.4618460831037459,382.4,424.1,50.57381116700708,300,0,0,0,0,1.0,0.0,0.0,0.0,0.0,1.0,17.6,0.0,0.0,0.0,0.0,0.0,,0.0,0.0,42.24193469210877,7.665350827155635,0.0,0.6641518137475941,50.571437333012,42.24193469210877,0.6641518137475941
20260909_112655_937821,3f2b5a8fb3fffdab239693207bcaa7d708d20a0bb6324163a8c1741f478b736b,29,2187632420,1977915783,2187632420,9,300,50,60,5,30,10.0,120,current,Optimized Pattern Generator,dynamic_session,Dynamic Session Pattern Assignment,50,6,360,f84ea4bb41f2353ed52ebac5e83d0ac6602110e5d60410af385c49d8f9de5ffa,50,6.0,42.16244897959184,1.0,1.0,True,20,6,30,3699990522,4ebb8375b81cf9f8dbb9d2e6391f119f2b970f80327bdc8656ef94a378cd06e9,True,bayesian_windowed_memory_off,A3 Ablation) Posterior Memory Off,False,300,300,0,0.0,300,296,0,0.9866666666666667,0.9866666666666667,0.6440509446624859,1.8158034019501672,382.4,424.1,50.68408425000962,300,0,0,0,0,1.0,0.0,0.0,0.0,0.0,1.0,17.6,0.0,0.0,0.0,0.0,0.0,,0.0,0.0,42.337458997790236,7.676938092074124,0.0,0.6676274931523949,50.682024583016755,42.337458997790236,0.6676274931523949
20260909_112655_937821,3f2b5a8fb3fffdab239693207bcaa7d708d20a0bb6324163a8c1741f478b736b,29,2187632420,2395032887,2187632420,9,300,50,60,5,30,10.0,120,current,Optimized Pattern Generator,dynamic_session,Dynamic Session Pattern Assignment,50,6,360,f84ea4bb41f2353ed52ebac5e83d0ac6602110e5d60410af385c49d8f9de5ffa,50,6.0,42.16244897959184,1.0,1.0,True,20,6,30,3699990522,4ebb8375b81cf9f8dbb9d2e6391f119f2b970f80327bdc8656ef94a378cd06e9,True,bayesian_windowed_timeprior_off,A3 Ablation) Time Prior Off,False,300,300,0,0.0,300,299,0,0.9966666666666667,0.9966666666666667,0.36200901065837104,1.4618460831037459,382.4,424.1,50.89331712498097,300,0,0,0,0,1.0,0.0,0.0,0.0,0.0,1.0,17.6,0.0,0.0,0.0,0.0,0.0,,0.0,0.0,42.547436791006476,7.680360754136927,0.0,0.663521413836861,50.891318958980264,42.547436791006476,0.663521413836861
20260909_112655_937821,3f2b5a8fb3fffdab239693207bcaa7d708d20a0bb6324163a8c1741f478b736b,29,2187632420,433795905,2187632420,9,300,50,60,5,30,10.0,120,current,Optimized Pattern Generator,dynamic_session,Dynamic Session Pattern Assignment,50,6,360,f84ea4bb41f2353ed52ebac5e83d0ac6602110e5d60410af385c49d8f9de5ffa,50,6.0,42.16244897959184,1.0,1.0,True,20,6,30,3699990522,4ebb8375b81cf9f8dbb9d2e6391f119f2b970f80327bdc8656ef94a378cd06e9,True,bayesian_windowed_all_off,A3 Ablation) Time Prior + Memory Off,False,300,300,0,0.0,300,296,0,0.9866666666666667,0.9866666666666667,0.6457534277026611,1.8158034019501672,382.4,424.1,50.53930591698736,300,0,0,0,0,1.0,0.0,0.0,0.0,0.0,1.0,17.6,0.0,0.0,0.0,0.0,0.0,,0.0,0.0,42.2020449632837,7.678798282198841,0.0,0.6546490465116221,50.53549229199416,42.2020449632837,0.6546490465116221
20260909_112655_937821,3f2b5a8fb3fffdab239693207bcaa7d708d20a0bb6324163a8c1741f478b736b,30,2187632421,1233724809,2187632421,10,300,50,60,5,30,10.0,120,current,Optimized Pattern Generator,dynamic_session,Dynamic Session Pattern Assignment,50,6,360,69aac4c6106025a14d27e8683e7686f59bffa3cccdcc41dc4734da4a7b04c02c,50,9.0,41.36244897959184,1.0,1.0,True,20,6,30,3699990523,73f2d5b26752a77a0c2e6b5adcf83a472b264dfe2b8a38c5a74fda873d1f031f,True,single_only,A1) Refined Cost + Greedy 1:1,True,300,300,0,0.0,300,297,0,0.99,0.99,0.8615830732408474,2.4504500427281237,381.7733333333333,422.20000000000005,50.48697808300494,300,0,0,0,0,1.0,0.0,0.0,0.0,0.0,1.0,17.14666666666667,0.0,0.0,0.0,0.0,0.0,,0.0,0.0,41.3495174991549,8.467793952091597,0.0,0.6663195487635676,50.483631000010064,41.3495174991549,0.6663195487635676
20260909_112655_937821,3f2b5a8fb3fffdab239693207bcaa7d708d20a0bb6324163a8c1741f478b736b,30,2187632421,1545686451,2187632421,10,300,50,60,5,30,10.0,120,current,Optimized Pattern Generator,dynamic_session,Dynamic Session Pattern Assignment,50,6,360,69aac4c6106025a14d27e8683e7686f59bffa3cccdcc41dc4734da4a7b04c02c,50,9.0,41.36244897959184,1.0,1.0,True,20,6,30,3699990523,73f2d5b26752a77a0c2e6b5adcf83a472b264dfe2b8a38c5a74fda873d1f031f,True,single_only_dtw_off,A1 Ablation) DTW Off,False,300,300,0,0.0,300,282,0,0.94,0.94,0.7858891561222223,2.2600003899999996,381.7733333333333,422.20000000000005,51.16288608300965,300,0,0,0,0,1.0,0.0,0.0,0.0,0.0,1.0,17.14666666666667,0.0,0.0,0.0,0.0,0.0,,0.0,0.0,41.91043813305441,8.61208140628878,0.0,0.6383379606704693,51.16085750001366,41.91043813305441,0.6383379606704693
20260909_112655_937821,3f2b5a8fb3fffdab239693207bcaa7d708d20a0bb6324163a8c1741f478b736b,30,2187632421,866312259,2187632421,10,300,50,60,5,30,10.0,120,current,Optimized Pattern Generator,dynamic_session,Dynamic Session Pattern Assignment,50,6,360,69aac4c6106025a14d27e8683e7686f59bffa3cccdcc41dc4734da4a7b04c02c,50,9.0,41.36244897959184,1.0,1.0,True,20,6,30,3699990523,73f2d5b26752a77a0c2e6b5adcf83a472b264dfe2b8a38c5a74fda873d1f031f,True,single_only_step_off,A1 Ablation) Step Signature Off,False,300,300,0,0.0,300,299,0,0.9966666666666667,0.9966666666666667,0.06268826958024214,0.31833641940573076,381.7733333333333,422.20000000000005,50.129506249999395,300,0,0,0,0,1.0,0.0,0.0,0.0,0.0,1.0,17.14666666666667,0.0,0.0,0.0,0.0,0.0,,0.0,0.0,41.00877800883609,8.452157159830676,0.0,0.6650876653147861,50.12602283398155,41.00877800883609,0.6650876653147861
20260909_112655_937821,3f2b5a8fb3fffdab239693207bcaa7d708d20a0bb6324163a8c1741f478b736b,30,2187632421,1815193623,2187632421,10,300,50,60,5,30,10.0,120,current,Optimized Pattern Generator,dynamic_session,Dynamic Session Pattern Assignment,50,6,360,69aac4c6106025a14d27e8683e7686f59bffa3cccdcc41dc4734da4a7b04c02c,50,9.0,41.36244897959184,1.0,1.0,True,20,6,30,3699990523,73f2d5b26752a77a0c2e6b5adcf83a472b264dfe2b8a38c5a74fda873d1f031f,True,single_only_all_off,A1 Ablation) All Waveform Terms Off,False,300,300,0,0.0,300,225,0,0.75,0.75,1.393333599,7.300000140000001,381.7733333333333,422.20000000000005,41.69919354200829,300,0,0,0,0,1.0,0.0,0.0,0.0,0.0,1.0,17.14666666666667,0.0,0.0,0.0,0.0,0.0,,0.0,0.0,41.017200789850904,0.029808666819008067,0.0,0.6501872103544883,41.6971966670244,41.017200789850904,0.6501872103544883
20260909_112655_937821,3f2b5a8fb3fffdab239693207bcaa7d708d20a0bb6324163a8c1741f478b736b,30,2187632421,2184921356,2187632421,10,300,50,60,5,30,10.0,120,current,Optimized Pattern Generator,dynamic_session,Dynamic Session Pattern Assignment,50,6,360,69aac4c6106025a14d27e8683e7686f59bffa3cccdcc41dc4734da4a7b04c02c,50,9.0,41.36244897959184,1.0,1.0,True,20,6,30,3699990523,73f2d5b26752a77a0c2e6b5adcf83a472b264dfe2b8a38c5a74fda873d1f031f,True,nomura_original_interval_hungarian,A2) Corr+DTW + Hungarian,False,300,300,0,0.0,300,300,0,1.0,1.0,0.05762365389005487,0.23958352034078162,381.7733333333333,422.20000000000005,62.895099332992686,300,0,0,0,0,1.0,0.0,0.0,0.0,0.0,1.0,17.14666666666667,0.0,0.0,0.0,0.0,0.0,,0.0,0.0,41.46116108488059,20.782415954134194,0.0,0.6495388769835699,62.89311591599835,41.46116108488059,0.6495388769835699
20260909_112655_937821,3f2b5a8fb3fffdab239693207bcaa7d708d20a0bb6324163a8c1741f478b736b,30,2187632421,2176353894,2187632421,10,300,50,60,5,30,10.0,120,current,Optimized Pattern Generator,dynamic_session,Dynamic Session Pattern Assignment,50,6,360,69aac4c6106025a14d27e8683e7686f59bffa3cccdcc41dc4734da4a7b04c02c,50,9.0,41.36244897959184,1.0,1.0,True,20,6,30,3699990523,73f2d5b26752a77a0c2e6b5adcf83a472b264dfe2b8a38c5a74fda873d1f031f,True,nomura_original_interval_hungarian_dtw_off,A2 Ablation) DTW Off (Corr-only),False,300,300,0,0.0,300,294,0,0.98,0.98,0.05597605237169197,0.23131303569784778,381.7733333333333,422.20000000000005,62.581740041991,300,0,0,0,0,1.0,0.0,0.0,0.0,0.0,1.0,17.14666666666667,0.0,0.0,0.0,0.0,0.0,,0.0,0.0,41.15357975411462,20.76228312938474,0.0,0.6638272835116368,62.579690167010995,41.15357975411462,0.6638272835116368
20260909_112655_937821,3f2b5a8fb3fffdab239693207bcaa7d708d20a0bb6324163a8c1741f478b736b,30,2187632421,1055930890,2187632421,10,300,50,60,5,30,10.0,120,current,Optimized Pattern Generator,dynamic_session,Dynamic Session Pattern Assignment,50,6,360,69aac4c6106025a14d27e8683e7686f59bffa3cccdcc41dc4734da4a7b04c02c,50,9.0,41.36244897959184,1.0,1.0,True,20,6,30,3699990523,73f2d5b26752a77a0c2e6b5adcf83a472b264dfe2b8a38c5a74fda873d1f031f,True,nomura_original_interval_hungarian_corr_off,A2 Ablation) Corr Off (DTW-only),False,300,300,0,0.0,300,296,0,0.9866666666666667,0.9866666666666667,0.0009500546844106754,0.07252761210498383,381.7733333333333,422.20000000000005,62.60596962500131,300,0,0,0,0,1.0,0.0,0.0,0.0,0.0,1.0,17.14666666666667,0.0,0.0,0.0,0.0,0.0,,0.0,0.0,41.10841921507381,20.830686163011706,0.0,0.6648484969045967,62.60395387499011,41.10841921507381,0.6648484969045967
20260909_112655_937821,3f2b5a8fb3fffdab239693207bcaa7d708d20a0bb6324163a8c1741f478b736b,30,2187632421,542446177,2187632421,10,300,50,60,5,30,10.0,120,current,Optimized Pattern Generator,dynamic_session,Dynamic Session Pattern Assignment,50,6,360,69aac4c6106025a14d27e8683e7686f59bffa3cccdcc41dc4734da4a7b04c02c,50,9.0,41.36244897959184,1.0,1.0,True,20,6,30,3699990523,73f2d5b26752a77a0c2e6b5adcf83a472b264dfe2b8a38c5a74fda873d1f031f,True,nomura_original_interval_hungarian_all_off,A2 Ablation) All Waveform Terms Off,False,300,300,0,0.0,300,225,0,0.75,0.75,1.393333599,7.300000140000001,381.7733333333333,422.20000000000005,42.42852512502577,300,0,0,0,0,1.0,0.0,0.0,0.0,0.0,1.0,17.14666666666667,0.0,0.0,0.0,0.0,0.0,,0.0,0.0,41.69116328895325,0.0301327426568605,0.0,0.703264760406455,42.424560792016564,41.69116328895325,0.703264760406455
20260909_112655_937821,3f2b5a8fb3fffdab239693207bcaa7d708d20a0bb6324163a8c1741f478b736b,30,2187632421,1367392784,2187632421,10,300,50,60,5,30,10.0,120,current,Optimized Pattern Generator,dynamic_session,Dynamic Session Pattern Assignment,50,6,360,69aac4c6106025a14d27e8683e7686f59bffa3cccdcc41dc4734da4a7b04c02c,50,9.0,41.36244897959184,1.0,1.0,True,20,6,30,3699990523,73f2d5b26752a77a0c2e6b5adcf83a472b264dfe2b8a38c5a74fda873d1f031f,True,bayesian_windowed,A3) Two-Stage Bayesian Posterior + Hungarian,False,300,300,0,0.0,300,295,0,0.9833333333333333,0.9833333333333333,0.3838669481622437,1.2549662191478559,381.7733333333333,422.20000000000005,49.85688958299579,300,0,0,0,0,1.0,0.0,0.0,0.0,0.0,1.0,17.14666666666667,0.0,0.0,0.0,0.0,0.0,,0.0,0.0,41.731547494913684,7.49086404000991,0.0,0.6312249230977613,49.853636458021356,41.731547494913684,0.6312249230977613
20260909_112655_937821,3f2b5a8fb3fffdab239693207bcaa7d708d20a0bb6324163a8c1741f478b736b,30,2187632421,1977915782,2187632421,10,300,50,60,5,30,10.0,120,current,Optimized Pattern Generator,dynamic_session,Dynamic Session Pattern Assignment,50,6,360,69aac4c6106025a14d27e8683e7686f59bffa3cccdcc41dc4734da4a7b04c02c,50,9.0,41.36244897959184,1.0,1.0,True,20,6,30,3699990523,73f2d5b26752a77a0c2e6b5adcf83a472b264dfe2b8a38c5a74fda873d1f031f,True,bayesian_windowed_memory_off,A3 Ablation) Posterior Memory Off,False,300,300,0,0.0,300,297,0,0.99,0.99,0.6541024120057335,1.7071023983228533,381.7733333333333,422.20000000000005,49.52859491601703,300,0,0,0,0,1.0,0.0,0.0,0.0,0.0,1.0,17.14666666666667,0.0,0.0,0.0,0.0,0.0,,0.0,0.0,41.388433420070214,7.475153127015801,0.0,0.6614746199047659,49.52506116699078,41.388433420070214,0.6614746199047659
20260909_112655_937821,3f2b5a8fb3fffdab239693207bcaa7d708d20a0bb6324163a8c1741f478b736b,30,2187632421,2395032886,2187632421,10,300,50,60,5,30,10.0,120,current,Optimized Pattern Generator,dynamic_session,Dynamic Session Pattern Assignment,50,6,360,69aac4c6106025a14d27e8683e7686f59bffa3cccdcc41dc4734da4a7b04c02c,50,9.0,41.36244897959184,1.0,1.0,True,20,6,30,3699990523,73f2d5b26752a77a0c2e6b5adcf83a472b264dfe2b8a38c5a74fda873d1f031f,True,bayesian_windowed_timeprior_off,A3 Ablation) Time Prior Off,False,300,300,0,0.0,300,295,0,0.9833333333333333,0.9833333333333333,0.38733746276196357,1.2549662191478559,381.7733333333333,422.20000000000005,49.121886084001744,300,0,0,0,0,1.0,0.0,0.0,0.0,0.0,1.0,17.14666666666667,0.0,0.0,0.0,0.0,0.0,,0.0,0.0,41.05787033928209,7.390497627959121,0.0,0.6713303657597862,49.119698333001,41.05787033928209,0.6713303657597862
20260909_112655_937821,3f2b5a8fb3fffdab239693207bcaa7d708d20a0bb6324163a8c1741f478b736b,30,2187632421,433795904,2187632421,10,300,50,60,5,30,10.0,120,current,Optimized Pattern Generator,dynamic_session,Dynamic Session Pattern Assignment,50,6,360,69aac4c6106025a14d27e8683e7686f59bffa3cccdcc41dc4734da4a7b04c02c,50,9.0,41.36244897959184,1.0,1.0,True,20,6,30,3699990523,73f2d5b26752a77a0c2e6b5adcf83a472b264dfe2b8a38c5a74fda873d1f031f,True,bayesian_windowed_all_off,A3 Ablation) Time Prior + Memory Off,False,300,300,0,0.0,300,297,0,0.99,0.99,0.6556700839221978,1.7071023983228533,381.7733333333333,422.20000000000005,49.323945375013864,300,0,0,0,0,1.0,0.0,0.0,0.0,0.0,1.0,17.14666666666667,0.0,0.0,0.0,0.0,0.0,,0.0,0.0,41.21485504586599,7.446417337108869,0.0,0.6593975750147365,49.320669957989594,41.21485504586599,0.6593975750147365
20260909_112655_937821,3f2b5a8fb3fffdab239693207bcaa7d708d20a0bb6324163a8c1741f478b736b,31,2187632422,1233724810,2187632422,11,300,50,60,5,30,10.0,120,current,Optimized Pattern Generator,dynamic_session,Dynamic Session Pattern Assignment,50,6,360,a956784306939af60b896ff62117723efba3f81f7a8eef83aefb4bea8948e9a4,50,4.0,40.65387755102041,1.0,1.0,True,20,6,30,3699990520,5bbb75b6f2d1a1ba7e18e8516684c9b67994f7eae8aad2e9e1e6f265d503ff9a,True,single_only,A1) Refined Cost + Greedy 1:1,True,300,300,0,0.0,300,298,0,0.9933333333333333,0.9933333333333333,0.8598529485212981,2.1523881186671225,380.77,411.30000000000007,56.587272999982815,300,0,0,0,0,1.0,0.0,0.0,0.0,0.0,1.0,18.026666666666667,0.0,0.0,0.0,0.0,0.0,,0.0,0.0,46.40092534504947,9.471248415095033,0.0,0.7105474488344043,56.58272120897891,46.40092534504947,0.7105474488344043
20260909_112655_937821,3f2b5a8fb3fffdab239693207bcaa7d708d20a0bb6324163a8c1741f478b736b,31,2187632422,1545686448,2187632422,11,300,50,60,5,30,10.0,120,current,Optimized Pattern Generator,dynamic_session,Dynamic Session Pattern Assignment,50,6,360,a956784306939af60b896ff62117723efba3f81f7a8eef83aefb4bea8948e9a4,50,4.0,40.65387755102041,1.0,1.0,True,20,6,30,3699990520,5bbb75b6f2d1a1ba7e18e8516684c9b67994f7eae8aad2e9e1e6f265d503ff9a,True,single_only_dtw_off,A1 Ablation) DTW Off,False,300,300,0,0.0,300,288,0,0.96,0.96,0.7876002587333334,2.026667106666667,380.77,411.30000000000007,55.26515875000041,300,0,0,0,0,1.0,0.0,0.0,0.0,0.0,1.0,18.026666666666667,0.0,0.0,0.0,0.0,0.0,,0.0,0.0,45.24954109781538,9.294591241865419,0.0,0.7189884933177382,55.26312083299854,45.24954109781538,0.7189884933177382
20260909_112655_937821,3f2b5a8fb3fffdab239693207bcaa7d708d20a0bb6324163a8c1741f478b736b,31,2187632422,866312256,2187632422,11,300,50,60,5,30,10.0,120,current,Optimized Pattern Generator,dynamic_session,Dynamic Session Pattern Assignment,50,6,360,a956784306939af60b896ff62117723efba3f81f7a8eef83aefb4bea8948e9a4,50,4.0,40.65387755102041,1.0,1.0,True,20,6,30,3699990520,5bbb75b6f2d1a1ba7e18e8516684c9b67994f7eae8aad2e9e1e6f265d503ff9a,True,single_only_step_off,A1 Ablation) Step Signature Off,False,300,300,0,0.0,300,300,0,1.0,1.0,0.06512777362171553,0.3066575675674159,380.77,411.30000000000007,53.16624291698099,300,0,0,0,0,1.0,0.0,0.0,0.0,0.0,1.0,18.026666666666667,0.0,0.0,0.0,0.0,0.0,,0.0,0.0,43.426837746752426,9.065520243078936,0.0,0.670523635140853,53.162881624972215,43.426837746752426,0.670523635140853
20260909_112655_937821,3f2b5a8fb3fffdab239693207bcaa7d708d20a0bb6324163a8c1741f478b736b,31,2187632422,1815193620,2187632422,11,300,50,60,5,30,10.0,120,current,Optimized Pattern Generator,dynamic_session,Dynamic Session Pattern Assignment,50,6,360,a956784306939af60b896ff62117723efba3f81f7a8eef83aefb4bea8948e9a4,50,4.0,40.65387755102041,1.0,1.0,True,20,6,30,3699990520,5bbb75b6f2d1a1ba7e18e8516684c9b67994f7eae8aad2e9e1e6f265d503ff9a,True,single_only_all_off,A1 Ablation) All Waveform Terms Off,False,300,300,0,0.0,300,240,0,0.8,0.8,1.2970002561333334,8.50000007,380.77,411.30000000000007,44.340832832996966,300,0,0,0,0,1.0,0.0,0.0,0.0,0.0,1.0,18.026666666666667,0.0,0.0,0.0,0.0,0.0,,0.0,0.0,43.66769592242781,0.030797930870903656,0.0,0.6402817716880236,44.33877562498674,43.66769592242781,0.6402817716880236
20260909_112655_937821,3f2b5a8fb3fffdab239693207bcaa7d708d20a0bb6324163a8c1741f478b736b,31,2187632422,2184921359,2187632422,11,300,50,60,5,30,10.0,120,current,Optimized Pattern Generator,dynamic_session,Dynamic Session Pattern Assignment,50,6,360,a956784306939af60b896ff62117723efba3f81f7a8eef83aefb4bea8948e9a4,50,4.0,40.65387755102041,1.0,1.0,True,20,6,30,3699990520,5bbb75b6f2d1a1ba7e18e8516684c9b67994f7eae8aad2e9e1e6f265d503ff9a,True,nomura_original_interval_hungarian,A2) Corr+DTW + Hungarian,False,300,300,0,0.0,300,299,0,0.9966666666666667,0.9966666666666667,0.061478777967874335,0.2095536813912073,380.77,411.30000000000007,66.43312474997947,300,0,0,0,0,1.0,0.0,0.0,0.0,0.0,1.0,18.026666666666667,0.0,0.0,0.0,0.0,0.0,,0.0,0.0,43.5720883734175,22.18875112803653,0.0,0.6701597075443715,66.4309992089984,43.5720883734175,0.6701597075443715
20260909_112655_937821,3f2b5a8fb3fffdab239693207bcaa7d708d20a0bb6324163a8c1741f478b736b,31,2187632422,2176353893,2187632422,11,300,50,60,5,30,10.0,120,current,Optimized Pattern Generator,dynamic_session,Dynamic Session Pattern Assignment,50,6,360,a956784306939af60b896ff62117723efba3f81f7a8eef83aefb4bea8948e9a4,50,4.0,40.65387755102041,1.0,1.0,True,20,6,30,3699990520,5bbb75b6f2d1a1ba7e18e8516684c9b67994f7eae8aad2e9e1e6f265d503ff9a,True,nomura_original_interval_hungarian_dtw_off,A2 Ablation) DTW Off (Corr-only),False,300,300,0,0.0,300,295,0,0.9833333333333333,0.9833333333333333,0.0600390892159245,0.2095536813912073,380.77,411.30000000000007,66.53214516700245,300,0,0,0,0,1.0,0.0,0.0,0.0,0.0,1.0,18.026666666666667,0.0,0.0,0.0,0.0,0.0,,0.0,0.0,43.62875529823941,22.21674367293599,0.0,0.6826871118391864,66.52818608301459,43.62875529823941,0.6826871118391864
20260909_112655_937821,3f2b5a8fb3fffdab239693207bcaa7d708d20a0bb6324163a8c1741f478b736b,31,2187632422,1055930889,2187632422,11,300,50,60,5,30,10.0,120,current,Optimized Pattern Generator,dynamic_session,Dynamic Session Pattern Assignment,50,6,360,a956784306939af60b896ff62117723efba3f81f7a8eef83aefb4bea8948e9a4,50,4.0,40.65387755102041,1.0,1.0,True,20,6,30,3699990520,5bbb75b6f2d1a1ba7e18e8516684c9b67994f7eae8aad2e9e1e6f265d503ff9a,True,nomura_original_interval_hungarian_corr_off,A2 Ablation) Corr Off (DTW-only),False,300,300,0,0.0,300,295,0,0.9833333333333333,0.9833333333333333,0.0008865490619294166,0.11098393219757502,380.77,411.30000000000007,66.96394599997438,300,0,0,0,0,1.0,0.0,0.0,0.0,0.0,1.0,18.026666666666667,0.0,0.0,0.0,0.0,0.0,,0.0,0.0,44.0338824208884,22.271488996077096,0.0,0.6549230410309974,66.9602944579965,44.0338824208884,0.6549230410309974
20260909_112655_937821,3f2b5a8fb3fffdab239693207bcaa7d708d20a0bb6324163a8c1741f478b736b,31,2187632422,542446178,2187632422,11,300,50,60,5,30,10.0,120,current,Optimized Pattern Generator,dynamic_session,Dynamic Session Pattern Assignment,50,6,360,a956784306939af60b896ff62117723efba3f81f7a8eef83aefb4bea8948e9a4,50,4.0,40.65387755102041,1.0,1.0,True,20,6,30,3699990520,5bbb75b6f2d1a1ba7e18e8516684c9b67994f7eae8aad2e9e1e6f265d503ff9a,True,nomura_original_interval_hungarian_all_off,A2 Ablation) All Waveform Terms Off,False,300,300,0,0.0,300,240,0,0.8,0.8,1.2970002561333334,8.50000007,380.77,411.30000000000007,44.9955115839839,300,0,0,0,0,1.0,0.0,0.0,0.0,0.0,1.0,18.026666666666667,0.0,0.0,0.0,0.0,0.0,,0.0,0.0,44.338287501828745,0.031090962089365348,0.0,0.6240727441036142,44.993451208021725,44.338287501828745,0.6240727441036142
20260909_112655_937821,3f2b5a8fb3fffdab239693207bcaa7d708d20a0bb6324163a8c1741f478b736b,31,2187632422,1367392787,2187632422,11,300,50,60,5,30,10.0,120,current,Optimized Pattern Generator,dynamic_session,Dynamic Session Pattern Assignment,50,6,360,a956784306939af60b896ff62117723efba3f81f7a8eef83aefb4bea8948e9a4,50,4.0,40.65387755102041,1.0,1.0,True,20,6,30,3699990520,5bbb75b6f2d1a1ba7e18e8516684c9b67994f7eae8aad2e9e1e6f265d503ff9a,True,bayesian_windowed,A3) Two-Stage Bayesian Posterior + Hungarian,False,300,300,0,0.0,300,297,0,0.99,0.99,0.387596389665654,1.5947044666301489,380.77,411.30000000000007,51.6051168749982,300,0,0,0,0,1.0,0.0,0.0,0.0,0.0,1.0,18.026666666666667,0.0,0.0,0.0,0.0,0.0,,0.0,0.0,43.083304497238714,7.85826621207525,0.0,0.660284623678308,51.60185533299227,43.083304497238714,0.660284623678308
20260909_112655_937821,3f2b5a8fb3fffdab239693207bcaa7d708d20a0bb6324163a8c1741f478b736b,31,2187632422,1977915781,2187632422,11,300,50,60,5,30,10.0,120,current,Optimized Pattern Generator,dynamic_session,Dynamic Session Pattern Assignment,50,6,360,a956784306939af60b896ff62117723efba3f81f7a8eef83aefb4bea8948e9a4,50,4.0,40.65387755102041,1.0,1.0,True,20,6,30,3699990520,5bbb75b6f2d1a1ba7e18e8516684c9b67994f7eae8aad2e9e1e6f265d503ff9a,True,bayesian_windowed_memory_off,A3 Ablation) Posterior Memory Off,False,300,300,0,0.0,300,298,0,0.9933333333333333,0.9933333333333333,0.670133794255508,1.8170116370788643,380.77,411.30000000000007,51.646561292000115,300,0,0,0,0,1.0,0.0,0.0,0.0,0.0,1.0,18.026666666666667,0.0,0.0,0.0,0.0,0.0,,0.0,0.0,43.18972249494982,7.810503886372317,0.0,0.643982784677064,51.6442091659992,43.18972249494982,0.643982784677064
20260909_112655_937821,3f2b5a8fb3fffdab239693207bcaa7d708d20a0bb6324163a8c1741f478b736b,31,2187632422,2395032885,2187632422,11,300,50,60,5,30,10.0,120,current,Optimized Pattern Generator,dynamic_session,Dynamic Session Pattern Assignment,50,6,360,a956784306939af60b896ff62117723efba3f81f7a8eef83aefb4bea8948e9a4,50,4.0,40.65387755102041,1.0,1.0,True,20,6,30,3699990520,5bbb75b6f2d1a1ba7e18e8516684c9b67994f7eae8aad2e9e1e6f265d503ff9a,True,bayesian_windowed_timeprior_off,A3 Ablation) Time Prior Off,False,300,300,0,0.0,300,297,0,0.99,0.99,0.39041256145817205,1.5972122091587353,380.77,411.30000000000007,51.79405791699537,300,0,0,0,0,1.0,0.0,0.0,0.0,0.0,1.0,18.026666666666667,0.0,0.0,0.0,0.0,0.0,,0.0,0.0,43.31688137882156,7.812806594796712,0.0,0.660784151405096,51.79047212502337,43.31688137882156,0.660784151405096
20260909_112655_937821,3f2b5a8fb3fffdab239693207bcaa7d708d20a0bb6324163a8c1741f478b736b,31,2187632422,433795907,2187632422,11,300,50,60,5,30,10.0,120,current,Optimized Pattern Generator,dynamic_session,Dynamic Session Pattern Assignment,50,6,360,a956784306939af60b896ff62117723efba3f81f7a8eef83aefb4bea8948e9a4,50,4.0,40.65387755102041,1.0,1.0,True,20,6,30,3699990520,5bbb75b6f2d1a1ba7e18e8516684c9b67994f7eae8aad2e9e1e6f265d503ff9a,True,bayesian_windowed_all_off,A3 Ablation) Time Prior + Memory Off,False,300,300,0,0.0,300,298,0,0.9933333333333333,0.9933333333333333,0.6717010568175321,1.822564812777751,380.77,411.30000000000007,51.83967087499332,300,0,0,0,0,1.0,0.0,0.0,0.0,0.0,1.0,18.026666666666667,0.0,0.0,0.0,0.0,0.0,,0.0,0.0,43.38911879211082,7.788186131918337,0.0,0.6603500759520102,51.83765499998117,43.38911879211082,0.6603500759520102
20260909_112655_937821,3f2b5a8fb3fffdab239693207bcaa7d708d20a0bb6324163a8c1741f478b736b,32,2187632423,1233724811,2187632423,12,300,50,60,5,30,10.0,120,current,Optimized Pattern Generator,dynamic_session,Dynamic Session Pattern Assignment,50,6,360,c2e3fdcac6929ac57b32f91b0624d065b32abd0cdae934b1e14cf1287bd7991a,50,8.0,41.70204081632653,1.0,1.0,True,20,6,30,3699990521,18a1b43d72432ca543c96ec026a56c3f0d003d4bff661cb96041342805225fac,True,single_only,A1) Refined Cost + Greedy 1:1,True,300,300,0,0.0,300,297,0,0.99,0.99,0.8376525308639359,2.617786436035166,380.1533333333333,416.0,51.894998959003715,300,0,0,0,0,1.0,0.0,0.0,0.0,0.0,1.0,17.41,0.0,0.0,0.0,0.0,0.0,,0.0,0.0,42.518731335992925,8.70779892106657,0.0,0.6642980349424761,51.89082829200197,42.518731335992925,0.6642980349424761
20260909_112655_937821,3f2b5a8fb3fffdab239693207bcaa7d708d20a0bb6324163a8c1741f478b736b,32,2187632423,1545686449,2187632423,12,300,50,60,5,30,10.0,120,current,Optimized Pattern Generator,dynamic_session,Dynamic Session Pattern Assignment,50,6,360,c2e3fdcac6929ac57b32f91b0624d065b32abd0cdae934b1e14cf1287bd7991a,50,8.0,41.70204081632653,1.0,1.0,True,20,6,30,3699990521,18a1b43d72432ca543c96ec026a56c3f0d003d4bff661cb96041342805225fac,True,single_only_dtw_off,A1 Ablation) DTW Off,False,300,300,0,0.0,300,288,0,0.96,0.96,0.7690336094000001,2.4533337533333337,380.1533333333333,416.0,51.200749625015305,300,0,0,0,0,1.0,0.0,0.0,0.0,0.0,1.0,17.41,0.0,0.0,0.0,0.0,0.0,,0.0,0.0,41.843005294242175,8.692715671029873,0.0,0.661378909717314,51.19709987498936,41.843005294242175,0.661378909717314
20260909_112655_937821,3f2b5a8fb3fffdab239693207bcaa7d708d20a0bb6324163a8c1741f478b736b,32,2187632423,866312257,2187632423,12,300,50,60,5,30,10.0,120,current,Optimized Pattern Generator,dynamic_session,Dynamic Session Pattern Assignment,50,6,360,c2e3fdcac6929ac57b32f91b0624d065b32abd0cdae934b1e14cf1287bd7991a,50,8.0,41.70204081632653,1.0,1.0,True,20,6,30,3699990521,18a1b43d72432ca543c96ec026a56c3f0d003d4bff661cb96041342805225fac,True,single_only_step_off,A1 Ablation) Step Signature Off,False,300,300,0,0.0,300,300,0,1.0,1.0,0.06222664522170871,0.3245473747786266,380.1533333333333,416.0,51.43334362501628,300,0,0,0,0,1.0,0.0,0.0,0.0,0.0,1.0,17.41,0.0,0.0,0.0,0.0,0.0,,0.0,0.0,42.02141599604511,8.74298479675781,0.0,0.6669872912170831,51.43138808402,42.02141599604511,0.6669872912170831
20260909_112655_937821,3f2b5a8fb3fffdab239693207bcaa7d708d20a0bb6324163a8c1741f478b736b,32,2187632423,1815193621,2187632423,12,300,50,60,5,30,10.0,120,current,Optimized Pattern Generator,dynamic_session,Dynamic Session Pattern Assignment,50,6,360,c2e3fdcac6929ac57b32f91b0624d065b32abd0cdae934b1e14cf1287bd7991a,50,8.0,41.70204081632653,1.0,1.0,True,20,6,30,3699990521,18a1b43d72432ca543c96ec026a56c3f0d003d4bff661cb96041342805225fac,True,single_only_all_off,A1 Ablation) All Waveform Terms Off,False,300,300,0,0.0,300,238,0,0.7933333333333333,0.7933333333333333,1.3763336034333333,8.800000220000001,380.1533333333333,416.0,42.698170541989384,300,0,0,0,0,1.0,0.0,0.0,0.0,0.0,1.0,17.41,0.0,0.0,0.0,0.0,0.0,,0.0,0.0,41.99965483183041,0.030308250221423805,0.0,0.6662189179332927,42.69618199998513,41.99965483183041,0.6662189179332927
20260909_112655_937821,3f2b5a8fb3fffdab239693207bcaa7d708d20a0bb6324163a8c1741f478b736b,32,2187632423,2184921358,2187632423,12,300,50,60,5,30,10.0,120,current,Optimized Pattern Generator,dynamic_session,Dynamic Session Pattern Assignment,50,6,360,c2e3fdcac6929ac57b32f91b0624d065b32abd0cdae934b1e14cf1287bd7991a,50,8.0,41.70204081632653,1.0,1.0,True,20,6,30,3699990521,18a1b43d72432ca543c96ec026a56c3f0d003d4bff661cb96041342805225fac,True,nomura_original_interval_hungarian,A2) Corr+DTW + Hungarian,False,300,300,0,0.0,300,300,0,1.0,1.0,0.05294179613475258,0.17721519125627425,380.1533333333333,416.0,64.28414104200783,300,0,0,0,0,1.0,0.0,0.0,0.0,0.0,1.0,17.41,0.0,0.0,0.0,0.0,0.0,,0.0,0.0,42.19854904420208,21.41291895697941,0.0,0.6707002488255966,64.28216825000709,42.19854904420208,0.6707002488255966
20260909_112655_937821,3f2b5a8fb3fffdab239693207bcaa7d708d20a0bb6324163a8c1741f478b736b,32,2187632423,2176353892,2187632423,12,300,50,60,5,30,10.0,120,current,Optimized Pattern Generator,dynamic_session,Dynamic Session Pattern Assignment,50,6,360,c2e3fdcac6929ac57b32f91b0624d065b32abd0cdae934b1e14cf1287bd7991a,50,8.0,41.70204081632653,1.0,1.0,True,20,6,30,3699990521,18a1b43d72432ca543c96ec026a56c3f0d003d4bff661cb96041342805225fac,True,nomura_original_interval_hungarian_dtw_off,A2 Ablation) DTW Off (Corr-only),False,300,300,0,0.0,300,297,0,0.99,0.99,0.05189461616686475,0.17721519125627425,380.1533333333333,416.0,64.84248820799985,300,0,0,0,0,1.0,0.0,0.0,0.0,0.0,1.0,17.41,0.0,0.0,0.0,0.0,0.0,,0.0,0.0,42.675247580802534,21.53470471611945,0.0,0.6287858280702494,64.83873812499223,42.675247580802534,0.6287858280702494
20260909_112655_937821,3f2b5a8fb3fffdab239693207bcaa7d708d20a0bb6324163a8c1741f478b736b,32,2187632423,1055930888,2187632423,12,300,50,60,5,30,10.0,120,current,Optimized Pattern Generator,dynamic_session,Dynamic Session Pattern Assignment,50,6,360,c2e3fdcac6929ac57b32f91b0624d065b32abd0cdae934b1e14cf1287bd7991a,50,8.0,41.70204081632653,1.0,1.0,True,20,6,30,3699990521,18a1b43d72432ca543c96ec026a56c3f0d003d4bff661cb96041342805225fac,True,nomura_original_interval_hungarian_corr_off,A2 Ablation) Corr Off (DTW-only),False,300,300,0,0.0,300,293,0,0.9766666666666667,0.9766666666666667,0.0004932472408450989,0.06986373662127011,380.1533333333333,416.0,64.33928708301391,300,0,0,0,0,1.0,0.0,0.0,0.0,0.0,1.0,17.41,0.0,0.0,0.0,0.0,0.0,,0.0,0.0,42.12649398963549,21.533261783071794,0.0,0.6765535602753516,64.33630933298264,42.12649398963549,0.6765535602753516
20260909_112655_937821,3f2b5a8fb3fffdab239693207bcaa7d708d20a0bb6324163a8c1741f478b736b,32,2187632423,542446179,2187632423,12,300,50,60,5,30,10.0,120,current,Optimized Pattern Generator,dynamic_session,Dynamic Session Pattern Assignment,50,6,360,c2e3fdcac6929ac57b32f91b0624d065b32abd0cdae934b1e14cf1287bd7991a,50,8.0,41.70204081632653,1.0,1.0,True,20,6,30,3699990521,18a1b43d72432ca543c96ec026a56c3f0d003d4bff661cb96041342805225fac,True,nomura_original_interval_hungarian_all_off,A2 Ablation) All Waveform Terms Off,False,300,300,0,0.0,300,238,0,0.7933333333333333,0.7933333333333333,1.3763336034333333,8.800000220000001,380.1533333333333,416.0,41.94783912500134,300,0,0,0,0,1.0,0.0,0.0,0.0,0.0,1.0,17.41,0.0,0.0,0.0,0.0,0.0,,0.0,0.0,41.270103451097384,0.02940828780992888,0.0,0.6448104700830299,41.94432220899034,41.270103451097384,0.6448104700830299
20260909_112655_937821,3f2b5a8fb3fffdab239693207bcaa7d708d20a0bb6324163a8c1741f478b736b,32,2187632423,1367392786,2187632423,12,300,50,60,5,30,10.0,120,current,Optimized Pattern Generator,dynamic_session,Dynamic Session Pattern Assignment,50,6,360,c2e3fdcac6929ac57b32f91b0624d065b32abd0cdae934b1e14cf1287bd7991a,50,8.0,41.70204081632653,1.0,1.0,True,20,6,30,3699990521,18a1b43d72432ca543c96ec026a56c3f0d003d4bff661cb96041342805225fac,True,bayesian_windowed,A3) Two-Stage Bayesian Posterior + Hungarian,False,300,300,0,0.0,300,296,0,0.9866666666666667,0.9866666666666667,0.3800485158281269,1.282788118787135,380.1533333333333,416.0,49.930436166003346,300,0,0,0,0,1.0,0.0,0.0,0.0,0.0,1.0,17.41,0.0,0.0,0.0,0.0,0.0,,0.0,0.0,41.75055183793302,7.527260875736829,0.0,0.6505943273077719,49.92840704097762,41.75055183793302,0.6505943273077719
20260909_112655_937821,3f2b5a8fb3fffdab239693207bcaa7d708d20a0bb6324163a8c1741f478b736b,32,2187632423,1977915780,2187632423,12,300,50,60,5,30,10.0,120,current,Optimized Pattern Generator,dynamic_session,Dynamic Session Pattern Assignment,50,6,360,c2e3fdcac6929ac57b32f91b0624d065b32abd0cdae934b1e14cf1287bd7991a,50,8.0,41.70204081632653,1.0,1.0,True,20,6,30,3699990521,18a1b43d72432ca543c96ec026a56c3f0d003d4bff661cb96041342805225fac,True,bayesian_windowed_memory_off,A3 Ablation) Posterior Memory Off,False,300,300,0,0.0,300,297,0,0.99,0.99,0.6687084391091025,1.7644223129348569,380.1533333333333,416.0,50.06370333299856,300,0,0,0,0,1.0,0.0,0.0,0.0,0.0,1.0,17.41,0.0,0.0,0.0,0.0,0.0,,0.0,0.0,41.83692586779944,7.5623630049231,0.0,0.6623875432997011,50.06167641602224,41.83692586779944,0.6623875432997011
20260909_112655_937821,3f2b5a8fb3fffdab239693207bcaa7d708d20a0bb6324163a8c1741f478b736b,32,2187632423,2395032884,2187632423,12,300,50,60,5,30,10.0,120,current,Optimized Pattern Generator,dynamic_session,Dynamic Session Pattern Assignment,50,6,360,c2e3fdcac6929ac57b32f91b0624d065b32abd0cdae934b1e14cf1287bd7991a,50,8.0,41.70204081632653,1.0,1.0,True,20,6,30,3699990521,18a1b43d72432ca543c96ec026a56c3f0d003d4bff661cb96041342805225fac,True,bayesian_windowed_timeprior_off,A3 Ablation) Time Prior Off,False,300,300,0,0.0,300,296,0,0.9866666666666667,0.9866666666666667,0.3843931547533488,1.2921899640297474,380.1533333333333,416.0,49.83029787498526,300,0,0,0,0,1.0,0.0,0.0,0.0,0.0,1.0,17.41,0.0,0.0,0.0,0.0,0.0,,0.0,0.0,41.60604416867136,7.558128705190029,0.0,0.6636135421285871,49.827786415989976,41.60604416867136,0.6636135421285871
20260909_112655_937821,3f2b5a8fb3fffdab239693207bcaa7d708d20a0bb6324163a8c1741f478b736b,32,2187632423,433795906,2187632423,12,300,50,60,5,30,10.0,120,current,Optimized Pattern Generator,dynamic_session,Dynamic Session Pattern Assignment,50,6,360,c2e3fdcac6929ac57b32f91b0624d065b32abd0cdae934b1e14cf1287bd7991a,50,8.0,41.70204081632653,1.0,1.0,True,20,6,30,3699990521,18a1b43d72432ca543c96ec026a56c3f0d003d4bff661cb96041342805225fac,True,bayesian_windowed_all_off,A3 Ablation) Time Prior + Memory Off,False,300,300,0,0.0,300,297,0,0.99,0.99,0.6707031544643038,1.771083380436832,380.1533333333333,416.0,49.844832208007574,300,0,0,0,0,1.0,0.0,0.0,0.0,0.0,1.0,17.41,0.0,0.0,0.0,0.0,0.0,,0.0,0.0,41.68394391713082,7.528358296724036,0.0,0.63018891113461,49.842491124989465,41.68394391713082,0.63018891113461
20260909_112655_937821,3f2b5a8fb3fffdab239693207bcaa7d708d20a0bb6324163a8c1741f478b736b,33,2187632424,1233724804,2187632424,13,300,50,60,5,30,10.0,120,current,Optimized Pattern Generator,dynamic_session,Dynamic Session Pattern Assignment,50,6,360,41f609b74e4f68bb480b9fea955f999aedca4336fddc51de4abe36d69cdf7cf8,50,6.0,41.627755102040815,1.0,1.0,True,20,6,30,3699990518,c6dad4e179efe81e6ade6975b3fa2814ebbad750ac0204ac3a04eef8512e32c2,True,single_only,A1) Refined Cost + Greedy 1:1,True,300,300,0,0.0,300,298,0,0.9933333333333333,0.9933333333333333,0.8571297953439373,2.4580427172763404,381.24333333333334,410.30000000000007,50.280677790986374,300,0,0,0,0,1.0,0.0,0.0,0.0,0.0,1.0,16.763333333333332,0.0,0.0,0.0,0.0,0.0,,0.0,0.0,41.15806133899605,8.452426496194676,0.0,0.6665569978067651,50.27704483299749,41.15806133899605,0.6665569978067651
20260909_112655_937821,3f2b5a8fb3fffdab239693207bcaa7d708d20a0bb6324163a8c1741f478b736b,33,2187632424,1545686462,2187632424,13,300,50,60,5,30,10.0,120,current,Optimized Pattern Generator,dynamic_session,Dynamic Session Pattern Assignment,50,6,360,41f609b74e4f68bb480b9fea955f999aedca4336fddc51de4abe36d69cdf7cf8,50,6.0,41.627755102040815,1.0,1.0,True,20,6,30,3699990518,c6dad4e179efe81e6ade6975b3fa2814ebbad750ac0204ac3a04eef8512e32c2,True,single_only_dtw_off,A1 Ablation) DTW Off,False,300,300,0,0.0,300,291,0,0.97,0.97,0.7802558077555556,2.403333593333334,381.24333333333334,410.30000000000007,49.41579441601061,300,0,0,0,0,1.0,0.0,0.0,0.0,0.0,1.0,16.763333333333332,0.0,0.0,0.0,0.0,0.0,,0.0,0.0,40.422208463191055,8.357501115067862,0.0,0.6340947557473555,49.41380433400627,40.422208463191055,0.6340947557473555
20260909_112655_937821,3f2b5a8fb3fffdab239693207bcaa7d708d20a0bb6324163a8c1741f478b736b,33,2187632424,866312270,2187632424,13,300,50,60,5,30,10.0,120,current,Optimized Pattern Generator,dynamic_session,Dynamic Session Pattern Assignment,50,6,360,41f609b74e4f68bb480b9fea955f999aedca4336fddc51de4abe36d69cdf7cf8,50,6.0,41.627755102040815,1.0,1.0,True,20,6,30,3699990518,c6dad4e179efe81e6ade6975b3fa2814ebbad750ac0204ac3a04eef8512e32c2,True,single_only_step_off,A1 Ablation) Step Signature Off,False,300,300,0,0.0,300,300,0,1.0,1.0,0.0673226737016023,0.3579681145940992,381.24333333333334,410.30000000000007,49.60741929101641,300,0,0,0,0,1.0,0.0,0.0,0.0,0.0,1.0,16.763333333333332,0.0,0.0,0.0,0.0,0.0,,0.0,0.0,40.477190430043265,8.461767296859762,0.0,0.6663063981104642,49.60526412501349,40.477190430043265,0.6663063981104642
20260909_112655_937821,3f2b5a8fb3fffdab239693207bcaa7d708d20a0bb6324163a8c1741f478b736b,33,2187632424,1815193626,2187632424,13,300,50,60,5,30,10.0,120,current,Optimized Pattern Generator,dynamic_session,Dynamic Session Pattern Assignment,50,6,360,41f609b74e4f68bb480b9fea955f999aedca4336fddc51de4abe36d69cdf7cf8,50,6.0,41.627755102040815,1.0,1.0,True,20,6,30,3699990518,c6dad4e179efe81e6ade6975b3fa2814ebbad750ac0204ac3a04eef8512e32c2,True,single_only_all_off,A1 Ablation) All Waveform Terms Off,False,300,300,0,0.0,300,245,0,0.8166666666666667,0.8166666666666667,1.2870002562333334,7.8000004800000005,381.24333333333334,410.30000000000007,40.928356916992925,300,0,0,0,0,1.0,0.0,0.0,0.0,0.0,1.0,16.763333333333332,0.0,0.0,0.0,0.0,0.0,,0.0,0.0,40.240298626798904,0.030222499975934625,0.0,0.6558154562371783,40.92633658301202,40.240298626798904,0.6558154562371783
20260909_112655_937821,3f2b5a8fb3fffdab239693207bcaa7d708d20a0bb6324163a8c1741f478b736b,33,2187632424,2184921345,2187632424,13,300,50,60,5,30,10.0,120,current,Optimized Pattern Generator,dynamic_session,Dynamic Session Pattern Assignment,50,6,360,41f609b74e4f68bb480b9fea955f999aedca4336fddc51de4abe36d69cdf7cf8,50,6.0,41.627755102040815,1.0,1.0,True,20,6,30,3699990518,c6dad4e179efe81e6ade6975b3fa2814ebbad750ac0204ac3a04eef8512e32c2,True,nomura_original_interval_hungarian,A2) Corr+DTW + Hungarian,False,300,300,0,0.0,300,300,0,1.0,1.0,0.06193717693854484,0.24503954466686356,381.24333333333334,410.30000000000007,62.577490416006185,300,0,0,0,0,1.0,0.0,0.0,0.0,0.0,1.0,16.763333333333332,0.0,0.0,0.0,0.0,0.0,,0.0,0.0,41.09747525595594,20.792748126928927,0.0,0.6840563251171261,62.574279708001995,41.09747525595594,0.6840563251171261
20260909_112655_937821,3f2b5a8fb3fffdab239693207bcaa7d708d20a0bb6324163a8c1741f478b736b,33,2187632424,2176353899,2187632424,13,300,50,60,5,30,10.0,120,current,Optimized Pattern Generator,dynamic_session,Dynamic Session Pattern Assignment,50,6,360,41f609b74e4f68bb480b9fea955f999aedca4336fddc51de4abe36d69cdf7cf8,50,6.0,41.627755102040815,1.0,1.0,True,20,6,30,3699990518,c6dad4e179efe81e6ade6975b3fa2814ebbad750ac0204ac3a04eef8512e32c2,True,nomura_original_interval_hungarian_dtw_off,A2 Ablation) DTW Off (Corr-only),False,300,300,0,0.0,300,297,0,0.99,0.99,0.06159490996359293,0.24503954466686356,381.24333333333334,410.30000000000007,61.59996891600895,300,0,0,0,0,1.0,0.0,0.0,0.0,0.0,1.0,16.763333333333332,0.0,0.0,0.0,0.0,0.0,,0.0,0.0,40.24279158230638,20.677055082982406,0.0,0.6769637517281808,61.59681041701697,40.24279158230638,0.6769637517281808
20260909_112655_937821,3f2b5a8fb3fffdab239693207bcaa7d708d20a0bb6324163a8c1741f478b736b,33,2187632424,1055930887,2187632424,13,300,50,60,5,30,10.0,120,current,Optimized Pattern Generator,dynamic_session,Dynamic Session Pattern Assignment,50,6,360,41f609b74e4f68bb480b9fea955f999aedca4336fddc51de4abe36d69cdf7cf8,50,6.0,41.627755102040815,1.0,1.0,True,20,6,30,3699990518,c6dad4e179efe81e6ade6975b3fa2814ebbad750ac0204ac3a04eef8512e32c2,True,nomura_original_interval_hungarian_corr_off,A2 Ablation) Corr Off (DTW-only),False,300,300,0,0.0,300,296,0,0.9866666666666667,0.9866666666666667,4.7034555665684585e-05,0.014036246699705376,381.24333333333334,410.30000000000007,62.07574416699936,300,0,0,0,0,1.0,0.0,0.0,0.0,0.0,1.0,16.763333333333332,0.0,0.0,0.0,0.0,0.0,,0.0,0.0,40.59059354601777,20.81408071014448,0.0,0.6681477858510334,62.072822042013286,40.59059354601777,0.6681477858510334
20260909_112655_937821,3f2b5a8fb3fffdab239693207bcaa7d708d20a0bb6324163a8c1741f478b736b,33,2187632424,542446188,2187632424,13,300,50,60,5,30,10.0,120,current,Optimized Pattern Generator,dynamic_session,Dynamic Session Pattern Assignment,50,6,360,41f609b74e4f68bb480b9fea955f999aedca4336fddc51de4abe36d69cdf7cf8,50,6.0,41.627755102040815,1.0,1.0,True,20,6,30,3699990518,c6dad4e179efe81e6ade6975b3fa2814ebbad750ac0204ac3a04eef8512e32c2,True,nomura_original_interval_hungarian_all_off,A2 Ablation) All Waveform Terms Off,False,300,300,0,0.0,300,245,0,0.8166666666666667,0.8166666666666667,1.2870002562333334,7.8000004800000005,381.24333333333334,410.30000000000007,40.58504895801889,300,0,0,0,0,1.0,0.0,0.0,0.0,0.0,1.0,16.763333333333332,0.0,0.0,0.0,0.0,0.0,,0.0,0.0,39.89523997780634,0.030281201092293486,0.0,0.6574665711086709,40.582987750007305,39.89523997780634,0.6574665711086709
20260909_112655_937821,3f2b5a8fb3fffdab239693207bcaa7d708d20a0bb6324163a8c1741f478b736b,33,2187632424,1367392797,2187632424,13,300,50,60,5,30,10.0,120,current,Optimized Pattern Generator,dynamic_session,Dynamic Session Pattern Assignment,50,6,360,41f609b74e4f68bb480b9fea955f999aedca4336fddc51de4abe36d69cdf7cf8,50,6.0,41.627755102040815,1.0,1.0,True,20,6,30,3699990518,c6dad4e179efe81e6ade6975b3fa2814ebbad750ac0204ac3a04eef8512e32c2,True,bayesian_windowed,A3) Two-Stage Bayesian Posterior + Hungarian,False,300,300,0,0.0,300,298,0,0.9933333333333333,0.9933333333333333,0.30293454021652183,1.3825290453024845,381.24333333333334,410.30000000000007,47.89616745800595,300,0,0,0,0,1.0,0.0,0.0,0.0,0.0,1.0,16.763333333333332,0.0,0.0,0.0,0.0,0.0,,0.0,0.0,39.97920474593411,7.290487289108569,0.0,0.6243984649481717,47.89409049999085,39.97920474593411,0.6243984649481717
20260909_112655_937821,3f2b5a8fb3fffdab239693207bcaa7d708d20a0bb6324163a8c1741f478b736b,33,2187632424,1977915787,2187632424,13,300,50,60,5,30,10.0,120,current,Optimized Pattern Generator,dynamic_session,Dynamic Session Pattern Assignment,50,6,360,41f609b74e4f68bb480b9fea955f999aedca4336fddc51de4abe36d69cdf7cf8,50,6.0,41.627755102040815,1.0,1.0,True,20,6,30,3699990518,c6dad4e179efe81e6ade6975b3fa2814ebbad750ac0204ac3a04eef8512e32c2,True,bayesian_windowed_memory_off,A3 Ablation) Posterior Memory Off,False,300,300,0,0.0,300,298,0,0.9933333333333333,0.9933333333333333,0.5499722203199089,1.6889546534420214,381.24333333333334,410.30000000000007,48.1852230829827,300,0,0,0,0,1.0,0.0,0.0,0.0,0.0,1.0,16.763333333333332,0.0,0.0,0.0,0.0,0.0,,0.0,0.0,40.16716129521956,7.347497746202862,0.0,0.6681150835938752,48.182774125016294,40.16716129521956,0.6681150835938752
20260909_112655_937821,3f2b5a8fb3fffdab239693207bcaa7d708d20a0bb6324163a8c1741f478b736b,33,2187632424,2395032891,2187632424,13,300,50,60,5,30,10.0,120,current,Optimized Pattern Generator,dynamic_session,Dynamic Session Pattern Assignment,50,6,360,41f609b74e4f68bb480b9fea955f999aedca4336fddc51de4abe36d69cdf7cf8,50,6.0,41.627755102040815,1.0,1.0,True,20,6,30,3699990518,c6dad4e179efe81e6ade6975b3fa2814ebbad750ac0204ac3a04eef8512e32c2,True,bayesian_windowed_timeprior_off,A3 Ablation) Time Prior Off,False,300,300,0,0.0,300,298,0,0.9933333333333333,0.9933333333333333,0.3044137095381217,1.3931846679604394,381.24333333333334,410.30000000000007,48.389455834025284,300,0,0,0,0,1.0,0.0,0.0,0.0,0.0,1.0,16.763333333333332,0.0,0.0,0.0,0.0,0.0,,0.0,0.0,40.37120604494703,7.351698116224725,0.0,0.6645684638351668,48.38747262500692,40.37120604494703,0.6645684638351668
20260909_112655_937821,3f2b5a8fb3fffdab239693207bcaa7d708d20a0bb6324163a8c1741f478b736b,33,2187632424,433795917,2187632424,13,300,50,60,5,30,10.0,120,current,Optimized Pattern Generator,dynamic_session,Dynamic Session Pattern Assignment,50,6,360,41f609b74e4f68bb480b9fea955f999aedca4336fddc51de4abe36d69cdf7cf8,50,6.0,41.627755102040815,1.0,1.0,True,20,6,30,3699990518,c6dad4e179efe81e6ade6975b3fa2814ebbad750ac0204ac3a04eef8512e32c2,True,bayesian_windowed_all_off,A3 Ablation) Time Prior + Memory Off,False,300,300,0,0.0,300,298,0,0.9933333333333333,0.9933333333333333,0.5510819629202024,1.6921000427137913,381.24333333333334,410.30000000000007,48.38389220798854,300,0,0,0,0,1.0,0.0,0.0,0.0,0.0,1.0,16.763333333333332,0.0,0.0,0.0,0.0,0.0,,0.0,0.0,40.336045245145215,7.374886989971856,0.0,0.6695451398845762,48.38047737500165,40.336045245145215,0.6695451398845762
20260909_112655_937821,3f2b5a8fb3fffdab239693207bcaa7d708d20a0bb6324163a8c1741f478b736b,34,2187632425,1233724805,2187632425,14,300,50,60,5,30,10.0,120,current,Optimized Pattern Generator,dynamic_session,Dynamic Session Pattern Assignment,50,6,360,ed8a7e4f45dae66e962cd4e298602f1b7a7af191926b7bf05786845c0d323ee6,50,7.0,38.89877551020408,1.0,1.0,True,20,6,30,3699990519,b3fd0a40c28c045c56fa174adb90ec5a087de207420a1f075f5a26324040f6a6,True,single_only,A1) Refined Cost + Greedy 1:1,True,300,300,0,0.0,300,298,0,0.9933333333333333,0.9933333333333333,0.9037529447417634,3.043672291910592,381.7266666666667,413.1,50.503303250006866,300,0,0,0,0,1.0,0.0,0.0,0.0,0.0,1.0,16.926666666666666,0.0,0.0,0.0,0.0,0.0,,0.0,0.0,41.30576199627831,8.538931369985221,0.0,0.6558078837406356,50.50050125000416,41.30576199627831,0.6558078837406356
20260909_112655_937821,3f2b5a8fb3fffdab239693207bcaa7d708d20a0bb6324163a8c1741f478b736b,34,2187632425,1545686463,2187632425,14,300,50,60,5,30,10.0,120,current,Optimized Pattern Generator,dynamic_session,Dynamic Session Pattern Assignment,50,6,360,ed8a7e4f45dae66e962cd4e298602f1b7a7af191926b7bf05786845c0d323ee6,50,7.0,38.89877551020408,1.0,1.0,True,20,6,30,3699990519,b3fd0a40c28c045c56fa174adb90ec5a087de207420a1f075f5a26324040f6a6,True,single_only_dtw_off,A1 Ablation) DTW Off,False,300,300,0,0.0,300,289,0,0.9633333333333334,0.9633333333333334,0.8309891407222222,2.3200001799999996,381.7266666666667,413.1,49.909344082989264,300,0,0,0,0,1.0,0.0,0.0,0.0,0.0,1.0,16.926666666666666,0.0,0.0,0.0,0.0,0.0,,0.0,0.0,40.782044579071226,8.45706317195436,0.0,0.6681504569714889,49.907258207997074,40.782044579071226,0.6681504569714889
20260909_112655_937821,3f2b5a8fb3fffdab239693207bcaa7d708d20a0bb6324163a8c1741f478b736b,34,2187632425,866312271,2187632425,14,300,50,60,5,30,10.0,120,current,Optimized Pattern Generator,dynamic_session,Dynamic Session Pattern Assignment,50,6,360,ed8a7e4f45dae66e962cd4e298602f1b7a7af191926b7bf05786845c0d323ee6,50,7.0,38.89877551020408,1.0,1.0,True,20,6,30,3699990519,b3fd0a40c28c045c56fa174adb90ec5a087de207420a1f075f5a26324040f6a6,True,single_only_step_off,A1 Ablation) Step Signature Off,False,300,300,0,0.0,300,299,0,0.9966666666666667,0.9966666666666667,0.06376470161885989,0.3251584614709777,381.7266666666667,413.1,50.06927695899503,300,0,0,0,0,1.0,0.0,0.0,0.0,0.0,1.0,16.926666666666666,0.0,0.0,0.0,0.0,0.0,,0.0,0.0,40.93167475707014,8.458407654165057,0.0,0.675860588758951,50.06594299999415,40.93167475707014,0.675860588758951
20260909_112655_937821,3f2b5a8fb3fffdab239693207bcaa7d708d20a0bb6324163a8c1741f478b736b,34,2187632425,1815193627,2187632425,14,300,50,60,5,30,10.0,120,current,Optimized Pattern Generator,dynamic_session,Dynamic Session Pattern Assignment,50,6,360,ed8a7e4f45dae66e962cd4e298602f1b7a7af191926b7bf05786845c0d323ee6,50,7.0,38.89877551020408,1.0,1.0,True,20,6,30,3699990519,b3fd0a40c28c045c56fa174adb90ec5a087de207420a1f075f5a26324040f6a6,True,single_only_all_off,A1 Ablation) All Waveform Terms Off,False,300,300,0,0.0,300,243,0,0.81,0.81,1.3153335900000003,7.70000108,381.7266666666667,413.1,41.99934695800766,300,0,0,0,0,1.0,0.0,0.0,0.0,0.0,1.0,16.926666666666666,0.0,0.0,0.0,0.0,0.0,,0.0,0.0,41.30386674191686,0.03054578704177402,0.0,0.6629460130352527,41.99735854199389,41.30386674191686,0.6629460130352527
20260909_112655_937821,3f2b5a8fb3fffdab239693207bcaa7d708d20a0bb6324163a8c1741f478b736b,34,2187632425,2184921344,2187632425,14,300,50,60,5,30,10.0,120,current,Optimized Pattern Generator,dynamic_session,Dynamic Session Pattern Assignment,50,6,360,ed8a7e4f45dae66e962cd4e298602f1b7a7af191926b7bf05786845c0d323ee6,50,7.0,38.89877551020408,1.0,1.0,True,20,6,30,3699990519,b3fd0a40c28c045c56fa174adb90ec5a087de207420a1f075f5a26324040f6a6,True,nomura_original_interval_hungarian,A2) Corr+DTW + Hungarian,False,300,300,0,0.0,300,299,0,0.9966666666666667,0.9966666666666667,0.06016290515293446,0.21626977012633117,381.7266666666667,413.1,62.978980749991024,300,0,0,0,0,1.0,0.0,0.0,0.0,0.0,1.0,16.926666666666666,0.0,0.0,0.0,0.0,0.0,,0.0,0.0,41.40181242200197,20.93015513033606,0.0,0.6438354056735989,62.97580295801163,41.40181242200197,0.6438354056735989
20260909_112655_937821,3f2b5a8fb3fffdab239693207bcaa7d708d20a0bb6324163a8c1741f478b736b,34,2187632425,2176353898,2187632425,14,300,50,60,5,30,10.0,120,current,Optimized Pattern Generator,dynamic_session,Dynamic Session Pattern Assignment,50,6,360,ed8a7e4f45dae66e962cd4e298602f1b7a7af191926b7bf05786845c0d323ee6,50,7.0,38.89877551020408,1.0,1.0,True,20,6,30,3699990519,b3fd0a40c28c045c56fa174adb90ec5a087de207420a1f075f5a26324040f6a6,True,nomura_original_interval_hungarian_dtw_off,A2 Ablation) DTW Off (Corr-only),False,300,300,0,0.0,300,295,0,0.9833333333333333,0.9833333333333333,0.05967235032470884,0.21626977012633117,381.7266666666667,413.1,61.83413383399602,300,0,0,0,0,1.0,0.0,0.0,0.0,0.0,1.0,16.926666666666666,0.0,0.0,0.0,0.0,0.0,,0.0,0.0,40.42888553926605,20.72587307993672,0.0,0.6758170898247045,61.83057570902747,40.42888553926605,0.6758170898247045
20260909_112655_937821,3f2b5a8fb3fffdab239693207bcaa7d708d20a0bb6324163a8c1741f478b736b,34,2187632425,1055930886,2187632425,14,300,50,60,5,30,10.0,120,current,Optimized Pattern Generator,dynamic_session,Dynamic Session Pattern Assignment,50,6,360,ed8a7e4f45dae66e962cd4e298602f1b7a7af191926b7bf05786845c0d323ee6,50,7.0,38.89877551020408,1.0,1.0,True,20,6,30,3699990519,b3fd0a40c28c045c56fa174adb90ec5a087de207420a1f075f5a26324040f6a6,True,nomura_original_interval_hungarian_corr_off,A2 Ablation) Corr Off (DTW-only),False,300,300,0,0.0,300,296,0,0.9866666666666667,0.9866666666666667,0.00011234551631290887,0.020533374208772114,381.7266666666667,413.1,62.31904291702085,300,0,0,0,0,1.0,0.0,0.0,0.0,0.0,1.0,16.926666666666666,0.0,0.0,0.0,0.0,0.0,,0.0,0.0,40.800943838316016,20.84666557694436,0.0,0.6693663767364342,62.31697579199681,40.800943838316016,0.6693663767364342
20260909_112655_937821,3f2b5a8fb3fffdab239693207bcaa7d708d20a0bb6324163a8c1741f478b736b,34,2187632425,542446189,2187632425,14,300,50,60,5,30,10.0,120,current,Optimized Pattern Generator,dynamic_session,Dynamic Session Pattern Assignment,50,6,360,ed8a7e4f45dae66e962cd4e298602f1b7a7af191926b7bf05786845c0d323ee6,50,7.0,38.89877551020408,1.0,1.0,True,20,6,30,3699990519,b3fd0a40c28c045c56fa174adb90ec5a087de207420a1f075f5a26324040f6a6,True,nomura_original_interval_hungarian_all_off,A2 Ablation) All Waveform Terms Off,False,300,300,0,0.0,300,243,0,0.81,0.81,1.3153335900000003,7.70000108,381.7266666666667,413.1,40.929136666003615,300,0,0,0,0,1.0,0.0,0.0,0.0,0.0,1.0,16.926666666666666,0.0,0.0,0.0,0.0,0.0,,0.0,0.0,40.23907655698713,0.029595028870971873,0.0,0.6571084971656092,40.92578008302371,40.23907655698713,0.6571084971656092
20260909_112655_937821,3f2b5a8fb3fffdab239693207bcaa7d708d20a0bb6324163a8c1741f478b736b,34,2187632425,1367392796,2187632425,14,300,50,60,5,30,10.0,120,current,Optimized Pattern Generator,dynamic_session,Dynamic Session Pattern Assignment,50,6,360,ed8a7e4f45dae66e962cd4e298602f1b7a7af191926b7bf05786845c0d323ee6,50,7.0,38.89877551020408,1.0,1.0,True,20,6,30,3699990519,b3fd0a40c28c045c56fa174adb90ec5a087de207420a1f075f5a26324040f6a6,True,bayesian_windowed,A3) Two-Stage Bayesian Posterior + Hungarian,False,300,300,0,0.0,300,297,0,0.99,0.99,0.3551268113566081,1.3853010028337014,381.7266666666667,413.1,48.603370291995816,300,0,0,0,0,1.0,0.0,0.0,0.0,0.0,1.0,16.926666666666666,0.0,0.0,0.0,0.0,0.0,,0.0,0.0,40.58027870571823,7.361570251901867,0.0,0.6594998333894182,48.601348791009514,40.58027870571823,0.6594998333894182
20260909_112655_937821,3f2b5a8fb3fffdab239693207bcaa7d708d20a0bb6324163a8c1741f478b736b,34,2187632425,1977915786,2187632425,14,300,50,60,5,30,10.0,120,current,Optimized Pattern Generator,dynamic_session,Dynamic Session Pattern Assignment,50,6,360,ed8a7e4f45dae66e962cd4e298602f1b7a7af191926b7bf05786845c0d323ee6,50,7.0,38.89877551020408,1.0,1.0,True,20,6,30,3699990519,b3fd0a40c28c045c56fa174adb90ec5a087de207420a1f075f5a26324040f6a6,True,bayesian_windowed_memory_off,A3 Ablation) Posterior Memory Off,False,300,300,0,0.0,300,298,0,0.9933333333333333,0.9933333333333333,0.6196974153001878,1.7124335605573298,381.7266666666667,413.1,48.5758995419892,300,0,0,0,0,1.0,0.0,0.0,0.0,0.0,1.0,16.926666666666666,0.0,0.0,0.0,0.0,0.0,,0.0,0.0,40.47188328663469,7.376610786683159,0.0,0.7240878846787382,48.57258195799659,40.47188328663469,0.7240878846787382
20260909_112655_937821,3f2b5a8fb3fffdab239693207bcaa7d708d20a0bb6324163a8c1741f478b736b,34,2187632425,2395032890,2187632425,14,300,50,60,5,30,10.0,120,current,Optimized Pattern Generator,dynamic_session,Dynamic Session Pattern Assignment,50,6,360,ed8a7e4f45dae66e962cd4e298602f1b7a7af191926b7bf05786845c0d323ee6,50,7.0,38.89877551020408,1.0,1.0,True,20,6,30,3699990519,b3fd0a40c28c045c56fa174adb90ec5a087de207420a1f075f5a26324040f6a6,True,bayesian_windowed_timeprior_off,A3 Ablation) Time Prior Off,False,300,300,0,0.0,300,297,0,0.99,0.99,0.357993700851997,1.3894771521287232,381.7266666666667,413.1,48.56930554102291,300,0,0,0,0,1.0,0.0,0.0,0.0,0.0,1.0,16.926666666666666,0.0,0.0,0.0,0.0,0.0,,0.0,0.0,40.575593495887006,7.330727880151244,0.0,0.6610433319583535,48.5673647079966,40.575593495887006,0.6610433319583535
20260909_112655_937821,3f2b5a8fb3fffdab239693207bcaa7d708d20a0bb6324163a8c1741f478b736b,34,2187632425,433795916,2187632425,14,300,50,60,5,30,10.0,120,current,Optimized Pattern Generator,dynamic_session,Dynamic Session Pattern Assignment,50,6,360,ed8a7e4f45dae66e962cd4e298602f1b7a7af191926b7bf05786845c0d323ee6,50,7.0,38.89877551020408,1.0,1.0,True,20,6,30,3699990519,b3fd0a40c28c045c56fa174adb90ec5a087de207420a1f075f5a26324040f6a6,True,bayesian_windowed_all_off,A3 Ablation) Time Prior + Memory Off,False,300,300,0,0.0,300,298,0,0.9933333333333333,0.9933333333333333,0.6211915083446473,1.7147374221569405,381.7266666666667,413.1,48.845233958010795,300,0,0,0,0,1.0,0.0,0.0,0.0,0.0,1.0,16.926666666666666,0.0,0.0,0.0,0.0,0.0,,0.0,0.0,40.760117584082764,7.449923126405338,0.0,0.6331819555198308,48.84322266600793,40.760117584082764,0.6331819555198308
20260909_112655_937821,3f2b5a8fb3fffdab239693207bcaa7d708d20a0bb6324163a8c1741f478b736b,35,2187632426,1233724806,2187632426,15,300,50,60,5,30,10.0,120,current,Optimized Pattern Generator,dynamic_session,Dynamic Session Pattern Assignment,50,6,360,2d7ff8045deec72fade2b4e1d2fe642bdc54e4052a786baa9c64760ebe301060,50,8.0,42.78612244897959,1.0,1.0,True,20,6,30,3699990516,9204e31b43ac5ec93361176aa812351bd75a45a53860b69d859f7b4273530820,True,single_only,A1) Refined Cost + Greedy 1:1,True,300,300,0,0.0,300,297,0,0.99,0.99,0.837559707614059,2.298221221171326,380.1166666666667,405.4000000000001,52.42488599999342,300,0,0,0,0,1.0,0.0,0.0,0.0,0.0,1.0,17.626666666666665,0.0,0.0,0.0,0.0,0.0,,0.0,0.0,42.877014301077,8.835834035591688,0.0,0.7096436223364435,52.42249195900513,42.877014301077,0.7096436223364435
20260909_112655_937821,3f2b5a8fb3fffdab239693207bcaa7d708d20a0bb6324163a8c1741f478b736b,35,2187632426,1545686460,2187632426,15,300,50,60,5,30,10.0,120,current,Optimized Pattern Generator,dynamic_session,Dynamic Session Pattern Assignment,50,6,360,2d7ff8045deec72fade2b4e1d2fe642bdc54e4052a786baa9c64760ebe301060,50,8.0,42.78612244897959,1.0,1.0,True,20,6,30,3699990516,9204e31b43ac5ec93361176aa812351bd75a45a53860b69d859f7b4273530820,True,single_only_dtw_off,A1 Ablation) DTW Off,False,300,300,0,0.0,300,286,0,0.9533333333333334,0.9533333333333334,0.7674335965666668,2.1833333833333333,380.1166666666667,405.4000000000001,52.15205108301598,300,0,0,0,0,1.0,0.0,0.0,0.0,0.0,1.0,17.626666666666665,0.0,0.0,0.0,0.0,0.0,,0.0,0.0,42.716098333126865,8.806017287133727,0.0,0.6264757547469344,52.14859137500753,42.716098333126865,0.6264757547469344
20260909_112655_937821,3f2b5a8fb3fffdab239693207bcaa7d708d20a0bb6324163a8c1741f478b736b,35,2187632426,866312268,2187632426,15,300,50,60,5,30,10.0,120,current,Optimized Pattern Generator,dynamic_session,Dynamic Session Pattern Assignment,50,6,360,2d7ff8045deec72fade2b4e1d2fe642bdc54e4052a786baa9c64760ebe301060,50,8.0,42.78612244897959,1.0,1.0,True,20,6,30,3699990516,9204e31b43ac5ec93361176aa812351bd75a45a53860b69d859f7b4273530820,True,single_only_step_off,A1 Ablation) Step Signature Off,False,300,300,0,0.0,300,299,0,0.9966666666666667,0.9966666666666667,0.060413340956754207,0.2661647638338302,380.1166666666667,405.4000000000001,52.427877000009175,300,0,0,0,0,1.0,0.0,0.0,0.0,0.0,1.0,17.626666666666665,0.0,0.0,0.0,0.0,0.0,,0.0,0.0,42.8873061236809,8.871009332098765,0.0,0.6675365852133837,52.42585204099305,42.8873061236809,0.6675365852133837
20260909_112655_937821,3f2b5a8fb3fffdab239693207bcaa7d708d20a0bb6324163a8c1741f478b736b,35,2187632426,1815193624,2187632426,15,300,50,60,5,30,10.0,120,current,Optimized Pattern Generator,dynamic_session,Dynamic Session Pattern Assignment,50,6,360,2d7ff8045deec72fade2b4e1d2fe642bdc54e4052a786baa9c64760ebe301060,50,8.0,42.78612244897959,1.0,1.0,True,20,6,30,3699990516,9204e31b43ac5ec93361176aa812351bd75a45a53860b69d859f7b4273530820,True,single_only_all_off,A1 Ablation) All Waveform Terms Off,False,300,300,0,0.0,300,248,0,0.8266666666666667,0.8266666666666667,1.2840002655,7.30000049,380.1166666666667,405.4000000000001,43.063162957987515,300,0,0,0,0,1.0,0.0,0.0,0.0,0.0,1.0,17.626666666666665,0.0,0.0,0.0,0.0,0.0,,0.0,0.0,42.36409704605467,0.030343040853040293,0.0,0.6666607880906668,43.061100874998374,42.36409704605467,0.6666607880906668
20260909_112655_937821,3f2b5a8fb3fffdab239693207bcaa7d708d20a0bb6324163a8c1741f478b736b,35,2187632426,2184921347,2187632426,15,300,50,60,5,30,10.0,120,current,Optimized Pattern Generator,dynamic_session,Dynamic Session Pattern Assignment,50,6,360,2d7ff8045deec72fade2b4e1d2fe642bdc54e4052a786baa9c64760ebe301060,50,8.0,42.78612244897959,1.0,1.0,True,20,6,30,3699990516,9204e31b43ac5ec93361176aa812351bd75a45a53860b69d859f7b4273530820,True,nomura_original_interval_hungarian,A2) Corr+DTW + Hungarian,False,300,300,0,0.0,300,299,0,0.9966666666666667,0.9966666666666667,0.05694864169012624,0.22902974853729224,380.1166666666667,405.4000000000001,64.62619875001837,300,0,0,0,0,1.0,0.0,0.0,0.0,0.0,1.0,17.626666666666665,0.0,0.0,0.0,0.0,0.0,,0.0,0.0,42.3513227062067,21.617074210807914,0.0,0.6557442909979727,64.62414120801259,42.3513227062067,0.6557442909979727
20260909_112655_937821,3f2b5a8fb3fffdab239693207bcaa7d708d20a0bb6324163a8c1741f478b736b,35,2187632426,2176353897,2187632426,15,300,50,60,5,30,10.0,120,current,Optimized Pattern Generator,dynamic_session,Dynamic Session Pattern Assignment,50,6,360,2d7ff8045deec72fade2b4e1d2fe642bdc54e4052a786baa9c64760ebe301060,50,8.0,42.78612244897959,1.0,1.0,True,20,6,30,3699990516,9204e31b43ac5ec93361176aa812351bd75a45a53860b69d859f7b4273530820,True,nomura_original_interval_hungarian_dtw_off,A2 Ablation) DTW Off (Corr-only),False,300,300,0,0.0,300,296,0,0.9866666666666667,0.9866666666666667,0.05551930423370907,0.17744564318778133,380.1166666666667,405.4000000000001,65.6869662910176,300,0,0,0,0,1.0,0.0,0.0,0.0,0.0,1.0,17.626666666666665,0.0,0.0,0.0,0.0,0.0,,0.0,0.0,43.13817136990838,21.869653079018462,0.0,0.6756954260927159,65.68351987501956,43.13817136990838,0.6756954260927159
20260909_112655_937821,3f2b5a8fb3fffdab239693207bcaa7d708d20a0bb6324163a8c1741f478b736b,35,2187632426,1055930885,2187632426,15,300,50,60,5,30,10.0,120,current,Optimized Pattern Generator,dynamic_session,Dynamic Session Pattern Assignment,50,6,360,2d7ff8045deec72fade2b4e1d2fe642bdc54e4052a786baa9c64760ebe301060,50,8.0,42.78612244897959,1.0,1.0,True,20,6,30,3699990516,9204e31b43ac5ec93361176aa812351bd75a45a53860b69d859f7b4273530820,True,nomura_original_interval_hungarian_corr_off,A2 Ablation) Corr Off (DTW-only),False,300,300,0,0.0,300,295,0,0.9833333333333333,0.9833333333333333,0.0005052617276663692,0.09893386974596821,380.1166666666667,405.4000000000001,65.37045408299309,300,0,0,0,0,1.0,0.0,0.0,0.0,0.0,1.0,17.626666666666665,0.0,0.0,0.0,0.0,0.0,,0.0,0.0,42.775414707284654,21.919497221853817,0.0,0.6735162378754467,65.36842816701392,42.775414707284654,0.6735162378754467
20260909_112655_937821,3f2b5a8fb3fffdab239693207bcaa7d708d20a0bb6324163a8c1741f478b736b,35,2187632426,542446190,2187632426,15,300,50,60,5,30,10.0,120,current,Optimized Pattern Generator,dynamic_session,Dynamic Session Pattern Assignment,50,6,360,2d7ff8045deec72fade2b4e1d2fe642bdc54e4052a786baa9c64760ebe301060,50,8.0,42.78612244897959,1.0,1.0,True,20,6,30,3699990516,9204e31b43ac5ec93361176aa812351bd75a45a53860b69d859f7b4273530820,True,nomura_original_interval_hungarian_all_off,A2 Ablation) All Waveform Terms Off,False,300,300,0,0.0,300,248,0,0.8266666666666667,0.8266666666666667,1.2840002655,7.30000049,380.1166666666667,405.4000000000001,43.73924991601962,300,0,0,0,0,1.0,0.0,0.0,0.0,0.0,1.0,17.626666666666665,0.0,0.0,0.0,0.0,0.0,,0.0,0.0,43.04293042080826,0.030507541581755504,0.0,0.6636934956186451,43.73713145800866,43.04293042080826,0.6636934956186451
20260909_112655_937821,3f2b5a8fb3fffdab239693207bcaa7d708d20a0bb6324163a8c1741f478b736b,35,2187632426,1367392799,2187632426,15,300,50,60,5,30,10.0,120,current,Optimized Pattern Generator,dynamic_session,Dynamic Session Pattern Assignment,50,6,360,2d7ff8045deec72fade2b4e1d2fe642bdc54e4052a786baa9c64760ebe301060,50,8.0,42.78612244897959,1.0,1.0,True,20,6,30,3699990516,9204e31b43ac5ec93361176aa812351bd75a45a53860b69d859f7b4273530820,True,bayesian_windowed,A3) Two-Stage Bayesian Posterior + Hungarian,False,300,300,0,0.0,300,298,0,0.9933333333333333,0.9933333333333333,0.3748112557378271,1.5228374402732354,380.1166666666667,405.4000000000001,50.748858459002804,300,0,0,0,0,1.0,0.0,0.0,0.0,0.0,1.0,17.626666666666665,0.0,0.0,0.0,0.0,0.0,,0.0,0.0,42.44622682308545,7.68507157676504,0.0,0.6155748501478229,50.746873249998316,42.44622682308545,0.6155748501478229
20260909_112655_937821,3f2b5a8fb3fffdab239693207bcaa7d708d20a0bb6324163a8c1741f478b736b,35,2187632426,1977915785,2187632426,15,300,50,60,5,30,10.0,120,current,Optimized Pattern Generator,dynamic_session,Dynamic Session Pattern Assignment,50,6,360,2d7ff8045deec72fade2b4e1d2fe642bdc54e4052a786baa9c64760ebe301060,50,8.0,42.78612244897959,1.0,1.0,True,20,6,30,3699990516,9204e31b43ac5ec93361176aa812351bd75a45a53860b69d859f7b4273530820,True,bayesian_windowed_memory_off,A3 Ablation) Posterior Memory Off,False,300,300,0,0.0,300,297,0,0.99,0.99,0.6656589072396722,1.9916925281614941,380.1166666666667,405.4000000000001,50.939130833983654,300,0,0,0,0,1.0,0.0,0.0,0.0,0.0,1.0,17.626666666666665,0.0,0.0,0.0,0.0,0.0,,0.0,0.0,42.53350162395509,7.730542085802881,0.0,0.6730472482158802,50.93709095797385,42.53350162395509,0.6730472482158802
20260909_112655_937821,3f2b5a8fb3fffdab239693207bcaa7d708d20a0bb6324163a8c1741f478b736b,35,2187632426,2395032889,2187632426,15,300,50,60,5,30,10.0,120,current,Optimized Pattern Generator,dynamic_session,Dynamic Session Pattern Assignment,50,6,360,2d7ff8045deec72fade2b4e1d2fe642bdc54e4052a786baa9c64760ebe301060,50,8.0,42.78612244897959,1.0,1.0,True,20,6,30,3699990516,9204e31b43ac5ec93361176aa812351bd75a45a53860b69d859f7b4273530820,True,bayesian_windowed_timeprior_off,A3 Ablation) Time Prior Off,False,300,300,0,0.0,300,298,0,0.9933333333333333,0.9933333333333333,0.3773089971527335,1.5228374402732354,380.1166666666667,405.4000000000001,52.3196900000039,300,0,0,0,0,1.0,0.0,0.0,0.0,0.0,1.0,17.626666666666665,0.0,0.0,0.0,0.0,0.0,,0.0,0.0,43.781670302007115,7.884122573945206,0.0,0.6506988320616074,52.31649170801393,43.781670302007115,0.6506988320616074
20260909_112655_937821,3f2b5a8fb3fffdab239693207bcaa7d708d20a0bb6324163a8c1741f478b736b,35,2187632426,433795919,2187632426,15,300,50,60,5,30,10.0,120,current,Optimized Pattern Generator,dynamic_session,Dynamic Session Pattern Assignment,50,6,360,2d7ff8045deec72fade2b4e1d2fe642bdc54e4052a786baa9c64760ebe301060,50,8.0,42.78612244897959,1.0,1.0,True,20,6,30,3699990516,9204e31b43ac5ec93361176aa812351bd75a45a53860b69d859f7b4273530820,True,bayesian_windowed_all_off,A3 Ablation) Time Prior + Memory Off,False,300,300,0,0.0,300,297,0,0.99,0.99,0.6669630448675831,1.9916925281614941,380.1166666666667,405.4000000000001,49.61568320801598,300,0,0,0,0,1.0,0.0,0.0,0.0,0.0,1.0,17.626666666666665,0.0,0.0,0.0,0.0,0.0,,0.0,0.0,41.39871924716863,7.494502085697604,0.0,0.7188916261366103,49.61211295900284,41.39871924716863,0.7188916261366103
20260909_112655_937821,3f2b5a8fb3fffdab239693207bcaa7d708d20a0bb6324163a8c1741f478b736b,36,2187632427,1233724807,2187632427,16,300,50,60,5,30,10.0,120,current,Optimized Pattern Generator,dynamic_session,Dynamic Session Pattern Assignment,50,6,360,74d8bb6dc1d3da181a1f77ea300e84a231380794b34d69231553cf3cf40de6ef,50,9.0,42.10530612244898,1.0,1.0,True,20,6,30,3699990517,75f8e247391dbafee9dc3a3c285c5b3b7615b7c39e4826712f04f7904d4196e8,True,single_only,A1) Refined Cost + Greedy 1:1,True,300,300,0,0.0,300,298,0,0.9933333333333333,0.9933333333333333,0.8688878641605804,2.4277077749081504,382.2033333333333,414.1,46.95230466598878,300,0,0,0,0,1.0,0.0,0.0,0.0,0.0,1.0,17.07,0.0,0.0,0.0,0.0,0.0,,0.0,0.0,38.52627113004564,7.835697340313345,0.0,0.588217487646034,46.95018595800502,38.52627113004564,0.588217487646034
20260909_112655_937821,3f2b5a8fb3fffdab239693207bcaa7d708d20a0bb6324163a8c1741f478b736b,36,2187632427,1545686461,2187632427,16,300,50,60,5,30,10.0,120,current,Optimized Pattern Generator,dynamic_session,Dynamic Session Pattern Assignment,50,6,360,74d8bb6dc1d3da181a1f77ea300e84a231380794b34d69231553cf3cf40de6ef,50,9.0,42.10530612244898,1.0,1.0,True,20,6,30,3699990517,75f8e247391dbafee9dc3a3c285c5b3b7615b7c39e4826712f04f7904d4196e8,True,single_only_dtw_off,A1 Ablation) DTW Off,False,300,300,0,0.0,300,290,0,0.9666666666666667,0.9666666666666667,0.7985558303222223,1.9133333333333333,382.2033333333333,414.1,47.62779674999183,300,0,0,0,0,1.0,0.0,0.0,0.0,0.0,1.0,17.07,0.0,0.0,0.0,0.0,0.0,,0.0,0.0,38.98334478677134,8.018552298017312,0.0,0.6238718322128989,47.62576891700155,38.98334478677134,0.6238718322128989
20260909_112655_937821,3f2b5a8fb3fffdab239693207bcaa7d708d20a0bb6324163a8c1741f478b736b,36,2187632427,866312269,2187632427,16,300,50,60,5,30,10.0,120,current,Optimized Pattern Generator,dynamic_session,Dynamic Session Pattern Assignment,50,6,360,74d8bb6dc1d3da181a1f77ea300e84a231380794b34d69231553cf3cf40de6ef,50,9.0,42.10530612244898,1.0,1.0,True,20,6,30,3699990517,75f8e247391dbafee9dc3a3c285c5b3b7615b7c39e4826712f04f7904d4196e8,True,single_only_step_off,A1 Ablation) Step Signature Off,False,300,300,0,0.0,300,300,0,1.0,1.0,0.06353769545431528,0.4069537677996023,382.2033333333333,414.1,46.88631633401383,300,0,0,0,0,1.0,0.0,0.0,0.0,0.0,1.0,17.07,0.0,0.0,0.0,0.0,0.0,,0.0,0.0,38.32402325770818,7.94464770599734,0.0,0.6144944533007219,46.88316541700624,38.32402325770818,0.6144944533007219
20260909_112655_937821,3f2b5a8fb3fffdab239693207bcaa7d708d20a0bb6324163a8c1741f478b736b,36,2187632427,1815193625,2187632427,16,300,50,60,5,30,10.0,120,current,Optimized Pattern Generator,dynamic_session,Dynamic Session Pattern Assignment,50,6,360,74d8bb6dc1d3da181a1f77ea300e84a231380794b34d69231553cf3cf40de6ef,50,9.0,42.10530612244898,1.0,1.0,True,20,6,30,3699990517,75f8e247391dbafee9dc3a3c285c5b3b7615b7c39e4826712f04f7904d4196e8,True,single_only_all_off,A1 Ablation) All Waveform Terms Off,False,300,300,0,0.0,300,233,0,0.7766666666666666,0.7766666666666666,1.3780002716333335,8.40000015,382.2033333333333,414.1,38.82032599998638,300,0,0,0,0,1.0,0.0,0.0,0.0,0.0,1.0,17.07,0.0,0.0,0.0,0.0,0.0,,0.0,0.0,38.17899837321602,0.0279614940227475,0.0,0.6101892157748807,38.817149083013646,38.17899837321602,0.6101892157748807
20260909_112655_937821,3f2b5a8fb3fffdab239693207bcaa7d708d20a0bb6324163a8c1741f478b736b,36,2187632427,2184921346,2187632427,16,300,50,60,5,30,10.0,120,current,Optimized Pattern Generator,dynamic_session,Dynamic Session Pattern Assignment,50,6,360,74d8bb6dc1d3da181a1f77ea300e84a231380794b34d69231553cf3cf40de6ef,50,9.0,42.10530612244898,1.0,1.0,True,20,6,30,3699990517,75f8e247391dbafee9dc3a3c285c5b3b7615b7c39e4826712f04f7904d4196e8,True,nomura_original_interval_hungarian,A2) Corr+DTW + Hungarian,False,300,300,0,0.0,300,300,0,1.0,1.0,0.058323416387147935,0.2173382191787432,382.2033333333333,414.1,59.23044116701931,300,0,0,0,0,1.0,0.0,0.0,0.0,0.0,1.0,17.07,0.0,0.0,0.0,0.0,0.0,,0.0,0.0,38.822494297259254,19.82015462598065,0.0,0.5857939107809216,59.228442834020825,38.822494297259254,0.5857939107809216
20260909_112655_937821,3f2b5a8fb3fffdab239693207bcaa7d708d20a0bb6324163a8c1741f478b736b,36,2187632427,2176353896,2187632427,16,300,50,60,5,30,10.0,120,current,Optimized Pattern Generator,dynamic_session,Dynamic Session Pattern Assignment,50,6,360,74d8bb6dc1d3da181a1f77ea300e84a231380794b34d69231553cf3cf40de6ef,50,9.0,42.10530612244898,1.0,1.0,True,20,6,30,3699990517,75f8e247391dbafee9dc3a3c285c5b3b7615b7c39e4826712f04f7904d4196e8,True,nomura_original_interval_hungarian_dtw_off,A2 Ablation) DTW Off (Corr-only),False,300,300,0,0.0,300,298,0,0.9933333333333333,0.9933333333333333,0.056999607095317005,0.18733794648320917,382.2033333333333,414.1,58.33299875000375,300,0,0,0,0,1.0,0.0,0.0,0.0,0.0,1.0,17.07,0.0,0.0,0.0,0.0,0.0,,0.0,0.0,38.08101832898683,19.62388395529706,0.0,0.6246550487121567,58.329557332996046,38.08101832898683,0.6246550487121567
20260909_112655_937821,3f2b5a8fb3fffdab239693207bcaa7d708d20a0bb6324163a8c1741f478b736b,36,2187632427,1055930884,2187632427,16,300,50,60,5,30,10.0,120,current,Optimized Pattern Generator,dynamic_session,Dynamic Session Pattern Assignment,50,6,360,74d8bb6dc1d3da181a1f77ea300e84a231380794b34d69231553cf3cf40de6ef,50,9.0,42.10530612244898,1.0,1.0,True,20,6,30,3699990517,75f8e247391dbafee9dc3a3c285c5b3b7615b7c39e4826712f04f7904d4196e8,True,nomura_original_interval_hungarian_corr_off,A2 Ablation) Corr Off (DTW-only),False,300,300,0,0.0,300,297,0,0.99,0.99,0.001086684364736483,0.11016931998973593,382.2033333333333,414.1,58.20152579099522,300,0,0,0,0,1.0,0.0,0.0,0.0,0.0,1.0,17.07,0.0,0.0,0.0,0.0,0.0,,0.0,0.0,38.009196164872264,19.569366251060273,0.0,0.6193100420641713,58.19787245799671,38.009196164872264,0.6193100420641713
20260909_112655_937821,3f2b5a8fb3fffdab239693207bcaa7d708d20a0bb6324163a8c1741f478b736b,36,2187632427,542446191,2187632427,16,300,50,60,5,30,10.0,120,current,Optimized Pattern Generator,dynamic_session,Dynamic Session Pattern Assignment,50,6,360,74d8bb6dc1d3da181a1f77ea300e84a231380794b34d69231553cf3cf40de6ef,50,9.0,42.10530612244898,1.0,1.0,True,20,6,30,3699990517,75f8e247391dbafee9dc3a3c285c5b3b7615b7c39e4826712f04f7904d4196e8,True,nomura_original_interval_hungarian_all_off,A2 Ablation) All Waveform Terms Off,False,300,300,0,0.0,300,233,0,0.7766666666666666,0.7766666666666666,1.3780002716333335,8.40000015,382.2033333333333,414.1,38.47155299998121,300,0,0,0,0,1.0,0.0,0.0,0.0,0.0,1.0,17.07,0.0,0.0,0.0,0.0,0.0,,0.0,0.0,37.82950521475868,0.028002084087347612,0.0,0.6109242431411985,38.46843154198723,37.82950521475868,0.6109242431411985
20260909_112655_937821,3f2b5a8fb3fffdab239693207bcaa7d708d20a0bb6324163a8c1741f478b736b,36,2187632427,1367392798,2187632427,16,300,50,60,5,30,10.0,120,current,Optimized Pattern Generator,dynamic_session,Dynamic Session Pattern Assignment,50,6,360,74d8bb6dc1d3da181a1f77ea300e84a231380794b34d69231553cf3cf40de6ef,50,9.0,42.10530612244898,1.0,1.0,True,20,6,30,3699990517,75f8e247391dbafee9dc3a3c285c5b3b7615b7c39e4826712f04f7904d4196e8,True,bayesian_windowed,A3) Two-Stage Bayesian Posterior + Hungarian,False,300,300,0,0.0,300,299,0,0.9966666666666667,0.9966666666666667,0.36470750230686994,1.3757603958469256,382.2033333333333,414.1,45.46984404200339,300,0,0,0,0,1.0,0.0,0.0,0.0,0.0,1.0,17.07,0.0,0.0,0.0,0.0,0.0,,0.0,0.0,37.97429734424804,6.869239416031633,0.0,0.624285823723767,45.46782258400344,37.97429734424804,0.624285823723767
20260909_112655_937821,3f2b5a8fb3fffdab239693207bcaa7d708d20a0bb6324163a8c1741f478b736b,36,2187632427,1977915784,2187632427,16,300,50,60,5,30,10.0,120,current,Optimized Pattern Generator,dynamic_session,Dynamic Session Pattern Assignment,50,6,360,74d8bb6dc1d3da181a1f77ea300e84a231380794b34d69231553cf3cf40de6ef,50,9.0,42.10530612244898,1.0,1.0,True,20,6,30,3699990517,75f8e247391dbafee9dc3a3c285c5b3b7615b7c39e4826712f04f7904d4196e8,True,bayesian_windowed_memory_off,A3 Ablation) Posterior Memory Off,False,300,300,0,0.0,300,298,0,0.9933333333333333,0.9933333333333333,0.6390817839944408,1.548136826939792,382.2033333333333,414.1,45.5977065829793,300,0,0,0,0,1.0,0.0,0.0,0.0,0.0,1.0,17.07,0.0,0.0,0.0,0.0,0.0,,0.0,0.0,38.07658416542108,6.9043759228952695,0.0,0.6136142446775921,45.59457433299394,38.07658416542108,0.6136142446775921
20260909_112655_937821,3f2b5a8fb3fffdab239693207bcaa7d708d20a0bb6324163a8c1741f478b736b,36,2187632427,2395032888,2187632427,16,300,50,60,5,30,10.0,120,current,Optimized Pattern Generator,dynamic_session,Dynamic Session Pattern Assignment,50,6,360,74d8bb6dc1d3da181a1f77ea300e84a231380794b34d69231553cf3cf40de6ef,50,9.0,42.10530612244898,1.0,1.0,True,20,6,30,3699990517,75f8e247391dbafee9dc3a3c285c5b3b7615b7c39e4826712f04f7904d4196e8,True,bayesian_windowed_timeprior_off,A3 Ablation) Time Prior Off,False,300,300,0,0.0,300,299,0,0.9966666666666667,0.9966666666666667,0.36711256420993055,1.3757603958469256,382.2033333333333,414.1,45.39320387499174,300,0,0,0,0,1.0,0.0,0.0,0.0,0.0,1.0,17.07,0.0,0.0,0.0,0.0,0.0,,0.0,0.0,37.90351820294745,6.8784440594608895,0.0,0.6080614035890903,45.39002366599743,37.90351820294745,0.6080614035890903
20260909_112655_937821,3f2b5a8fb3fffdab239693207bcaa7d708d20a0bb6324163a8c1741f478b736b,36,2187632427,433795918,2187632427,16,300,50,60,5,30,10.0,120,current,Optimized Pattern Generator,dynamic_session,Dynamic Session Pattern Assignment,50,6,360,74d8bb6dc1d3da181a1f77ea300e84a231380794b34d69231553cf3cf40de6ef,50,9.0,42.10530612244898,1.0,1.0,True,20,6,30,3699990517,75f8e247391dbafee9dc3a3c285c5b3b7615b7c39e4826712f04f7904d4196e8,True,bayesian_windowed_all_off,A3 Ablation) Time Prior + Memory Off,False,300,300,0,0.0,300,298,0,0.9933333333333333,0.9933333333333333,0.6403924682907387,1.5484391284017847,382.2033333333333,414.1,45.84003612500965,300,0,0,0,0,1.0,0.0,0.0,0.0,0.0,1.0,17.07,0.0,0.0,0.0,0.0,0.0,,0.0,0.0,38.27321342713549,6.955203331075609,0.0,0.6082125337852631,45.83662929199636,38.27321342713549,0.6082125337852631
20260909_112655_937821,3f2b5a8fb3fffdab239693207bcaa7d708d20a0bb6324163a8c1741f478b736b,37,2187632428,1233724800,2187632428,17,300,50,60,5,30,10.0,120,current,Optimized Pattern Generator,dynamic_session,Dynamic Session Pattern Assignment,50,6,360,9b4385818f08011fbaafd3b4ce004e568f896027906007518572126bf9c2fcbb,50,7.0,40.20816326530612,1.0,1.0,True,20,6,30,3699990514,0d47290805e4553b54dd7280cec0ec594064ca540f7b3c186f3f9aea4e774713,True,single_only,A1) Refined Cost + Greedy 1:1,True,300,300,0,0.0,300,296,0,0.9866666666666667,0.9866666666666667,0.918454540192865,2.89374619628816,382.16,412.20000000000005,45.33010599997942,300,0,0,0,0,1.0,0.0,0.0,0.0,0.0,1.0,16.6,0.0,0.0,0.0,0.0,0.0,,0.0,0.0,37.06364779715659,7.668298381206114,0.0,0.5950163216330111,45.326962499995716,37.06364779715659,0.5950163216330111
20260909_112655_937821,3f2b5a8fb3fffdab239693207bcaa7d708d20a0bb6324163a8c1741f478b736b,37,2187632428,1545686458,2187632428,17,300,50,60,5,30,10.0,120,current,Optimized Pattern Generator,dynamic_session,Dynamic Session Pattern Assignment,50,6,360,9b4385818f08011fbaafd3b4ce004e568f896027906007518572126bf9c2fcbb,50,7.0,40.20816326530612,1.0,1.0,True,20,6,30,3699990514,0d47290805e4553b54dd7280cec0ec594064ca540f7b3c186f3f9aea4e774713,True,single_only_dtw_off,A1 Ablation) DTW Off,False,300,300,0,0.0,300,283,0,0.9433333333333334,0.9433333333333334,0.8444335883666666,2.8533333533333334,382.16,412.20000000000005,44.977397457987536,300,0,0,0,0,1.0,0.0,0.0,0.0,0.0,1.0,16.6,0.0,0.0,0.0,0.0,0.0,,0.0,0.0,36.76183336987742,7.634559884754708,0.0,0.5777774953749031,44.97417075000703,36.76183336987742,0.5777774953749031
20260909_112655_937821,3f2b5a8fb3fffdab239693207bcaa7d708d20a0bb6324163a8c1741f478b736b,37,2187632428,866312266,2187632428,17,300,50,60,5,30,10.0,120,current,Optimized Pattern Generator,dynamic_session,Dynamic Session Pattern Assignment,50,6,360,9b4385818f08011fbaafd3b4ce004e568f896027906007518572126bf9c2fcbb,50,7.0,40.20816326530612,1.0,1.0,True,20,6,30,3699990514,0d47290805e4553b54dd7280cec0ec594064ca540f7b3c186f3f9aea4e774713,True,single_only_step_off,A1 Ablation) Step Signature Off,False,300,300,0,0.0,300,299,0,0.9966666666666667,0.9966666666666667,0.06378210898739435,0.3095768419645374,382.16,412.20000000000005,45.095344000001205,300,0,0,0,0,1.0,0.0,0.0,0.0,0.0,1.0,16.6,0.0,0.0,0.0,0.0,0.0,,0.0,0.0,36.82142438212759,7.655761794070713,0.0,0.6151848238077946,45.092371000006096,36.82142438212759,0.6151848238077946
20260909_112655_937821,3f2b5a8fb3fffdab239693207bcaa7d708d20a0bb6324163a8c1741f478b736b,37,2187632428,1815193630,2187632428,17,300,50,60,5,30,10.0,120,current,Optimized Pattern Generator,dynamic_session,Dynamic Session Pattern Assignment,50,6,360,9b4385818f08011fbaafd3b4ce004e568f896027906007518572126bf9c2fcbb,50,7.0,40.20816326530612,1.0,1.0,True,20,6,30,3699990514,0d47290805e4553b54dd7280cec0ec594064ca540f7b3c186f3f9aea4e774713,True,single_only_all_off,A1 Ablation) All Waveform Terms Off,False,300,300,0,0.0,300,246,0,0.82,0.82,1.4066669171333335,7.60000046,382.16,412.20000000000005,36.99891408300027,300,0,0,0,0,1.0,0.0,0.0,0.0,0.0,1.0,16.6,0.0,0.0,0.0,0.0,0.0,,0.0,0.0,36.36392728984356,0.02728865935932845,0.0,0.6059452588087879,36.997161208011676,36.36392728984356,0.6059452588087879
20260909_112655_937821,3f2b5a8fb3fffdab239693207bcaa7d708d20a0bb6324163a8c1741f478b736b,37,2187632428,2184921349,2187632428,17,300,50,60,5,30,10.0,120,current,Optimized Pattern Generator,dynamic_session,Dynamic Session Pattern Assignment,50,6,360,9b4385818f08011fbaafd3b4ce004e568f896027906007518572126bf9c2fcbb,50,7.0,40.20816326530612,1.0,1.0,True,20,6,30,3699990514,0d47290805e4553b54dd7280cec0ec594064ca540f7b3c186f3f9aea4e774713,True,nomura_original_interval_hungarian,A2) Corr+DTW + Hungarian,False,300,300,0,0.0,300,300,0,1.0,1.0,0.05905237848989297,0.2107315230338781,382.16,412.20000000000005,56.51392045800458,300,0,0,0,0,1.0,0.0,0.0,0.0,0.0,1.0,16.6,0.0,0.0,0.0,0.0,0.0,,0.0,0.0,36.90146063637803,19.005215919663897,0.0,0.6030932779540308,56.50976983399596,36.90146063637803,0.6030932779540308
20260909_112655_937821,3f2b5a8fb3fffdab239693207bcaa7d708d20a0bb6324163a8c1741f478b736b,37,2187632428,2176353903,2187632428,17,300,50,60,5,30,10.0,120,current,Optimized Pattern Generator,dynamic_session,Dynamic Session Pattern Assignment,50,6,360,9b4385818f08011fbaafd3b4ce004e568f896027906007518572126bf9c2fcbb,50,7.0,40.20816326530612,1.0,1.0,True,20,6,30,3699990514,0d47290805e4553b54dd7280cec0ec594064ca540f7b3c186f3f9aea4e774713,True,nomura_original_interval_hungarian_dtw_off,A2 Ablation) DTW Off (Corr-only),False,300,300,0,0.0,300,295,0,0.9833333333333333,0.9833333333333333,0.0578257951104833,0.2107315230338781,382.16,412.20000000000005,56.96211495800526,300,0,0,0,0,1.0,0.0,0.0,0.0,0.0,1.0,16.6,0.0,0.0,0.0,0.0,0.0,,0.0,0.0,37.25316148487036,19.11476659143227,0.0,0.5910295067005791,56.95895758300321,37.25316148487036,0.5910295067005791
20260909_112655_937821,3f2b5a8fb3fffdab239693207bcaa7d708d20a0bb6324163a8c1741f478b736b,37,2187632428,1055930883,2187632428,17,300,50,60,5,30,10.0,120,current,Optimized Pattern Generator,dynamic_session,Dynamic Session Pattern Assignment,50,6,360,9b4385818f08011fbaafd3b4ce004e568f896027906007518572126bf9c2fcbb,50,7.0,40.20816326530612,1.0,1.0,True,20,6,30,3699990514,0d47290805e4553b54dd7280cec0ec594064ca540f7b3c186f3f9aea4e774713,True,nomura_original_interval_hungarian_corr_off,A2 Ablation) Corr Off (DTW-only),False,300,300,0,0.0,300,293,0,0.9766666666666667,0.9766666666666667,0.00028639646037887176,0.03639778395907588,382.16,412.20000000000005,56.31016258298769,300,0,0,0,0,1.0,0.0,0.0,0.0,0.0,1.0,16.6,0.0,0.0,0.0,0.0,0.0,,0.0,0.0,36.74777015883592,18.957850887149107,0.0,0.6025778700131923,56.30819891599822,36.74777015883592,0.6025778700131923
20260909_112655_937821,3f2b5a8fb3fffdab239693207bcaa7d708d20a0bb6324163a8c1741f478b736b,37,2187632428,542446184,2187632428,17,300,50,60,5,30,10.0,120,current,Optimized Pattern Generator,dynamic_session,Dynamic Session Pattern Assignment,50,6,360,9b4385818f08011fbaafd3b4ce004e568f896027906007518572126bf9c2fcbb,50,7.0,40.20816326530612,1.0,1.0,True,20,6,30,3699990514,0d47290805e4553b54dd7280cec0ec594064ca540f7b3c186f3f9aea4e774713,True,nomura_original_interval_hungarian_all_off,A2 Ablation) All Waveform Terms Off,False,300,300,0,0.0,300,246,0,0.82,0.82,1.4066669171333335,7.60000046,382.16,412.20000000000005,36.98688487499021,300,0,0,0,0,1.0,0.0,0.0,0.0,0.0,1.0,16.6,0.0,0.0,0.0,0.0,0.0,,0.0,0.0,36.35435899998993,0.027699676051270217,0.0,0.6025494909554254,36.98460816699662,36.35435899998993,0.6025494909554254
20260909_112655_937821,3f2b5a8fb3fffdab239693207bcaa7d708d20a0bb6324163a8c1741f478b736b,37,2187632428,1367392793,2187632428,17,300,50,60,5,30,10.0,120,current,Optimized Pattern Generator,dynamic_session,Dynamic Session Pattern Assignment,50,6,360,9b4385818f08011fbaafd3b4ce004e568f896027906007518572126bf9c2fcbb,50,7.0,40.20816326530612,1.0,1.0,True,20,6,30,3699990514,0d47290805e4553b54dd7280cec0ec594064ca540f7b3c186f3f9aea4e774713,True,bayesian_windowed,A3) Two-Stage Bayesian Posterior + Hungarian,False,300,300,0,0.0,300,298,0,0.9933333333333333,0.9933333333333333,0.34090936617343787,1.4270248886364207,382.16,412.20000000000005,43.99548783400678,300,0,0,0,0,1.0,0.0,0.0,0.0,0.0,1.0,16.6,0.0,0.0,0.0,0.0,0.0,,0.0,0.0,36.68526932885288,6.690780794073362,0.0,0.617301168065751,43.993351290991995,36.68526932885288,0.617301168065751
20260909_112655_937821,3f2b5a8fb3fffdab239693207bcaa7d708d20a0bb6324163a8c1741f478b736b,37,2187632428,1977915791,2187632428,17,300,50,60,5,30,10.0,120,current,Optimized Pattern Generator,dynamic_session,Dynamic Session Pattern Assignment,50,6,360,9b4385818f08011fbaafd3b4ce004e568f896027906007518572126bf9c2fcbb,50,7.0,40.20816326530612,1.0,1.0,True,20,6,30,3699990514,0d47290805e4553b54dd7280cec0ec594064ca540f7b3c186f3f9aea4e774713,True,bayesian_windowed_memory_off,A3 Ablation) Posterior Memory Off,False,300,300,0,0.0,300,296,0,0.9866666666666667,0.9866666666666667,0.6172312207332638,1.9259772808161069,382.16,412.20000000000005,44.21227295900462,300,0,0,0,0,1.0,0.0,0.0,0.0,0.0,1.0,16.6,0.0,0.0,0.0,0.0,0.0,,0.0,0.0,36.85635646307492,6.7393794068775605,0.0,0.6144727130595129,44.21020858301199,36.85635646307492,0.6144727130595129
20260909_112655_937821,3f2b5a8fb3fffdab239693207bcaa7d708d20a0bb6324163a8c1741f478b736b,37,2187632428,2395032895,2187632428,17,300,50,60,5,30,10.0,120,current,Optimized Pattern Generator,dynamic_session,Dynamic Session Pattern Assignment,50,6,360,9b4385818f08011fbaafd3b4ce004e568f896027906007518572126bf9c2fcbb,50,7.0,40.20816326530612,1.0,1.0,True,20,6,30,3699990514,0d47290805e4553b54dd7280cec0ec594064ca540f7b3c186f3f9aea4e774713,True,bayesian_windowed_timeprior_off,A3 Ablation) Time Prior Off,False,300,300,0,0.0,300,298,0,0.9933333333333333,0.9933333333333333,0.3443566831141536,1.4270248886364207,382.16,412.20000000000005,43.73551420800504,300,0,0,0,0,1.0,0.0,0.0,0.0,0.0,1.0,16.6,0.0,0.0,0.0,0.0,0.0,,0.0,0.0,36.47568159006187,6.649898583826143,0.0,0.6079889091197401,43.73356908300775,36.47568159006187,0.6079889091197401
20260909_112655_937821,3f2b5a8fb3fffdab239693207bcaa7d708d20a0bb6324163a8c1741f478b736b,37,2187632428,433795913,2187632428,17,300,50,60,5,30,10.0,120,current,Optimized Pattern Generator,dynamic_session,Dynamic Session Pattern Assignment,50,6,360,9b4385818f08011fbaafd3b4ce004e568f896027906007518572126bf9c2fcbb,50,7.0,40.20816326530612,1.0,1.0,True,20,6,30,3699990514,0d47290805e4553b54dd7280cec0ec594064ca540f7b3c186f3f9aea4e774713,True,bayesian_windowed_all_off,A3 Ablation) Time Prior + Memory Off,False,300,300,0,0.0,300,296,0,0.9866666666666667,0.9866666666666667,0.6189876736123644,1.9259772808161069,382.16,412.20000000000005,44.175809082982596,300,0,0,0,0,1.0,0.0,0.0,0.0,0.0,1.0,16.6,0.0,0.0,0.0,0.0,0.0,,0.0,0.0,36.860260292945895,6.700597881077556,0.0,0.6117236179707106,44.17258179199416,36.860260292945895,0.6117236179707106
20260909_112655_937821,3f2b5a8fb3fffdab239693207bcaa7d708d20a0bb6324163a8c1741f478b736b,38,2187632429,1233724801,2187632429,18,300,50,60,5,30,10.0,120,current,Optimized Pattern Generator,dynamic_session,Dynamic Session Pattern Assignment,50,6,360,ca3a4e3a5010b6c4a9008cb480ea4c59cb0b817de95738b0b1f4880594c0ee5b,50,8.0,40.58857142857143,1.0,1.0,True,20,6,30,3699990515,7f87a91d0e2e5e0e8841b1e611df3d454218dcc16212d73ff72393fead47896d,True,single_only,A1) Refined Cost + Greedy 1:1,True,300,300,0,0.0,300,292,0,0.9733333333333334,0.9733333333333334,0.9364181133800067,2.6030944442541464,379.4033333333333,409.1,43.18334916597814,300,0,0,0,0,1.0,0.0,0.0,0.0,0.0,1.0,17.37,0.0,0.0,0.0,0.0,0.0,,0.0,0.0,35.1989657569502,7.364197083777981,0.0,0.6183989922574256,43.18156183298561,35.1989657569502,0.6183989922574256
20260909_112655_937821,3f2b5a8fb3fffdab239693207bcaa7d708d20a0bb6324163a8c1741f478b736b,38,2187632429,1545686459,2187632429,18,300,50,60,5,30,10.0,120,current,Optimized Pattern Generator,dynamic_session,Dynamic Session Pattern Assignment,50,6,360,ca3a4e3a5010b6c4a9008cb480ea4c59cb0b817de95738b0b1f4880594c0ee5b,50,8.0,40.58857142857143,1.0,1.0,True,20,6,30,3699990515,7f87a91d0e2e5e0e8841b1e611df3d454218dcc16212d73ff72393fead47896d,True,single_only_dtw_off,A1 Ablation) DTW Off,False,300,300,0,0.0,300,282,0,0.94,0.94,0.8566780292111112,2.4600004699999998,379.4033333333333,409.1,40.267719374998705,300,0,0,0,0,1.0,0.0,0.0,0.0,0.0,1.0,17.37,0.0,0.0,0.0,0.0,0.0,,0.0,0.0,32.74695254297694,7.001692179765087,0.0,0.5172891102556605,40.26593383299769,32.74695254297694,0.5172891102556605
20260909_112655_937821,3f2b5a8fb3fffdab239693207bcaa7d708d20a0bb6324163a8c1741f478b736b,38,2187632429,866312267,2187632429,18,300,50,60,5,30,10.0,120,current,Optimized Pattern Generator,dynamic_session,Dynamic Session Pattern Assignment,50,6,360,ca3a4e3a5010b6c4a9008cb480ea4c59cb0b817de95738b0b1f4880594c0ee5b,50,8.0,40.58857142857143,1.0,1.0,True,20,6,30,3699990515,7f87a91d0e2e5e0e8841b1e611df3d454218dcc16212d73ff72393fead47896d,True,single_only_step_off,A1 Ablation) Step Signature Off,False,300,300,0,0.0,300,300,0,1.0,1.0,0.06701549039197072,0.2385682804933522,379.4033333333333,409.1,38.33094445799361,300,0,0,0,0,1.0,0.0,0.0,0.0,0.0,1.0,17.37,0.0,0.0,0.0,0.0,0.0,,0.0,0.0,31.148948293121066,6.670469122007489,0.0,0.5084347098600119,38.32785212498857,31.148948293121066,0.5084347098600119
20260909_112655_937821,3f2b5a8fb3fffdab239693207bcaa7d708d20a0bb6324163a8c1741f478b736b,38,2187632429,1815193631,2187632429,18,300,50,60,5,30,10.0,120,current,Optimized Pattern Generator,dynamic_session,Dynamic Session Pattern Assignment,50,6,360,ca3a4e3a5010b6c4a9008cb480ea4c59cb0b817de95738b0b1f4880594c0ee5b,50,8.0,40.58857142857143,1.0,1.0,True,20,6,30,3699990515,7f87a91d0e2e5e0e8841b1e611df3d454218dcc16212d73ff72393fead47896d,True,single_only_all_off,A1 Ablation) All Waveform Terms Off,False,300,300,0,0.0,300,245,0,0.8166666666666667,0.8166666666666667,1.2616669066333335,8.3000001,379.4033333333333,409.1,31.424963041004958,300,0,0,0,0,1.0,0.0,0.0,0.0,0.0,1.0,17.37,0.0,0.0,0.0,0.0,0.0,,0.0,0.0,30.901359746756498,0.02385800809133798,0.0,0.4979580781655386,31.423175833013374,30.901359746756498,0.4979580781655386
20260909_112655_937821,3f2b5a8fb3fffdab239693207bcaa7d708d20a0bb6324163a8c1741f478b736b,38,2187632429,2184921348,2187632429,18,300,50,60,5,30,10.0,120,current,Optimized Pattern Generator,dynamic_session,Dynamic Session Pattern Assignment,50,6,360,ca3a4e3a5010b6c4a9008cb480ea4c59cb0b817de95738b0b1f4880594c0ee5b,50,8.0,40.58857142857143,1.0,1.0,True,20,6,30,3699990515,7f87a91d0e2e5e0e8841b1e611df3d454218dcc16212d73ff72393fead47896d,True,nomura_original_interval_hungarian,A2) Corr+DTW + Hungarian,False,300,300,0,0.0,300,300,0,1.0,1.0,0.059759022482985674,0.2262209629883323,379.4033333333333,409.1,48.27419112500502,300,0,0,0,0,1.0,0.0,0.0,0.0,0.0,1.0,17.37,0.0,0.0,0.0,0.0,0.0,,0.0,0.0,31.01150079490617,16.76330521775526,0.0,0.4975959043367766,48.272401916998206,31.01150079490617,0.4975959043367766
20260909_112655_937821,3f2b5a8fb3fffdab239693207bcaa7d708d20a0bb6324163a8c1741f478b736b,38,2187632429,2176353902,2187632429,18,300,50,60,5,30,10.0,120,current,Optimized Pattern Generator,dynamic_session,Dynamic Session Pattern Assignment,50,6,360,ca3a4e3a5010b6c4a9008cb480ea4c59cb0b817de95738b0b1f4880594c0ee5b,50,8.0,40.58857142857143,1.0,1.0,True,20,6,30,3699990515,7f87a91d0e2e5e0e8841b1e611df3d454218dcc16212d73ff72393fead47896d,True,nomura_original_interval_hungarian_dtw_off,A2 Ablation) DTW Off (Corr-only),False,300,300,0,0.0,300,295,0,0.9833333333333333,0.9833333333333333,0.05861800592643161,0.2262209629883323,379.4033333333333,409.1,47.96164233298623,300,0,0,0,0,1.0,0.0,0.0,0.0,0.0,1.0,17.37,0.0,0.0,0.0,0.0,0.0,,0.0,0.0,30.822920322825667,16.644900705985492,0.0,0.4919975961674936,47.95981862497865,30.822920322825667,0.4919975961674936
20260909_112655_937821,3f2b5a8fb3fffdab239693207bcaa7d708d20a0bb6324163a8c1741f478b736b,38,2187632429,1055930882,2187632429,18,300,50,60,5,30,10.0,120,current,Optimized Pattern Generator,dynamic_session,Dynamic Session Pattern Assignment,50,6,360,ca3a4e3a5010b6c4a9008cb480ea4c59cb0b817de95738b0b1f4880594c0ee5b,50,8.0,40.58857142857143,1.0,1.0,True,20,6,30,3699990515,7f87a91d0e2e5e0e8841b1e611df3d454218dcc16212d73ff72393fead47896d,True,nomura_original_interval_hungarian_corr_off,A2 Ablation) Corr Off (DTW-only),False,300,300,0,0.0,300,294,0,0.98,0.98,0.0004522777763675351,0.06512580539650384,379.4033333333333,409.1,47.682066332985414,300,0,0,0,0,1.0,0.0,0.0,0.0,0.0,1.0,17.37,0.0,0.0,0.0,0.0,0.0,,0.0,0.0,30.514897829823894,16.659214829211123,0.0,0.5061805489531253,47.68029320798814,30.514897829823894,0.5061805489531253
20260909_112655_937821,3f2b5a8fb3fffdab239693207bcaa7d708d20a0bb6324163a8c1741f478b736b,38,2187632429,542446185,2187632429,18,300,50,60,5,30,10.0,120,current,Optimized Pattern Generator,dynamic_session,Dynamic Session Pattern Assignment,50,6,360,ca3a4e3a5010b6c4a9008cb480ea4c59cb0b817de95738b0b1f4880594c0ee5b,50,8.0,40.58857142857143,1.0,1.0,True,20,6,30,3699990515,7f87a91d0e2e5e0e8841b1e611df3d454218dcc16212d73ff72393fead47896d,True,nomura_original_interval_hungarian_all_off,A2 Ablation) All Waveform Terms Off,False,300,300,0,0.0,300,245,0,0.8166666666666667,0.8166666666666667,1.2616669066333335,8.3000001,379.4033333333333,409.1,31.358360915997764,300,0,0,0,0,1.0,0.0,0.0,0.0,0.0,1.0,17.37,0.0,0.0,0.0,0.0,0.0,,0.0,0.0,30.847307497926522,0.02386045199818909,0.0,0.48541363305412233,31.356581582978833,30.847307497926522,0.48541363305412233
20260909_112655_937821,3f2b5a8fb3fffdab239693207bcaa7d708d20a0bb6324163a8c1741f478b736b,38,2187632429,1367392792,2187632429,18,300,50,60,5,30,10.0,120,current,Optimized Pattern Generator,dynamic_session,Dynamic Session Pattern Assignment,50,6,360,ca3a4e3a5010b6c4a9008cb480ea4c59cb0b817de95738b0b1f4880594c0ee5b,50,8.0,40.58857142857143,1.0,1.0,True,20,6,30,3699990515,7f87a91d0e2e5e0e8841b1e611df3d454218dcc16212d73ff72393fead47896d,True,bayesian_windowed,A3) Two-Stage Bayesian Posterior + Hungarian,False,300,300,0,0.0,300,295,0,0.9833333333333333,0.9833333333333333,0.3524428620693447,1.4533528111418583,379.4033333333333,409.1,36.91086270901724,300,0,0,0,0,1.0,0.0,0.0,0.0,0.0,1.0,17.37,0.0,0.0,0.0,0.0,0.0,,0.0,0.0,30.711519491946092,5.73712037113728,0.0,0.46054909491795115,36.90918895800132,30.711519491946092,0.46054909491795115
20260909_112655_937821,3f2b5a8fb3fffdab239693207bcaa7d708d20a0bb6324163a8c1741f478b736b,38,2187632429,1977915790,2187632429,18,300,50,60,5,30,10.0,120,current,Optimized Pattern Generator,dynamic_session,Dynamic Session Pattern Assignment,50,6,360,ca3a4e3a5010b6c4a9008cb480ea4c59cb0b817de95738b0b1f4880594c0ee5b,50,8.0,40.58857142857143,1.0,1.0,True,20,6,30,3699990515,7f87a91d0e2e5e0e8841b1e611df3d454218dcc16212d73ff72393fead47896d,True,bayesian_windowed_memory_off,A3 Ablation) Posterior Memory Off,False,300,300,0,0.0,300,292,0,0.9733333333333334,0.9733333333333334,0.5977036757137826,1.8790293660710162,379.4033333333333,409.1,36.914648542006034,300,0,0,0,0,1.0,0.0,0.0,0.0,0.0,1.0,17.37,0.0,0.0,0.0,0.0,0.0,,0.0,0.0,30.61174949607812,5.808048220264027,0.0,0.4931179926497862,36.91291570899193,30.61174949607812,0.4931179926497862
20260909_112655_937821,3f2b5a8fb3fffdab239693207bcaa7d708d20a0bb6324163a8c1741f478b736b,38,2187632429,2395032894,2187632429,18,300,50,60,5,30,10.0,120,current,Optimized Pattern Generator,dynamic_session,Dynamic Session Pattern Assignment,50,6,360,ca3a4e3a5010b6c4a9008cb480ea4c59cb0b817de95738b0b1f4880594c0ee5b,50,8.0,40.58857142857143,1.0,1.0,True,20,6,30,3699990515,7f87a91d0e2e5e0e8841b1e611df3d454218dcc16212d73ff72393fead47896d,True,bayesian_windowed_timeprior_off,A3 Ablation) Time Prior Off,False,300,300,0,0.0,300,295,0,0.9833333333333333,0.9833333333333333,0.3549271669476734,1.4554075688459387,379.4033333333333,409.1,37.01665733300615,300,0,0,0,0,1.0,0.0,0.0,0.0,0.0,1.0,17.37,0.0,0.0,0.0,0.0,0.0,,0.0,0.0,30.738219660910545,5.779857546905987,0.0,0.49681533317198046,37.01489254098851,30.738219660910545,0.49681533317198046
20260909_112655_937821,3f2b5a8fb3fffdab239693207bcaa7d708d20a0bb6324163a8c1741f478b736b,38,2187632429,433795912,2187632429,18,300,50,60,5,30,10.0,120,current,Optimized Pattern Generator,dynamic_session,Dynamic Session Pattern Assignment,50,6,360,ca3a4e3a5010b6c4a9008cb480ea4c59cb0b817de95738b0b1f4880594c0ee5b,50,8.0,40.58857142857143,1.0,1.0,True,20,6,30,3699990515,7f87a91d0e2e5e0e8841b1e611df3d454218dcc16212d73ff72393fead47896d,True,bayesian_windowed_all_off,A3 Ablation) Time Prior + Memory Off,False,300,300,0,0.0,300,292,0,0.9733333333333334,0.9733333333333334,0.5990313937395816,1.8795161948176333,379.4033333333333,409.1,36.91405400002259,300,0,0,0,0,1.0,0.0,0.0,0.0,0.0,1.0,17.37,0.0,0.0,0.0,0.0,0.0,,0.0,0.0,30.608265905175358,5.800146018824307,0.0,0.5039544510073029,36.91236637500697,30.608265905175358,0.5039544510073029
20260909_112655_937821,3f2b5a8fb3fffdab239693207bcaa7d708d20a0bb6324163a8c1741f478b736b,39,2187632430,1233724802,2187632430,19,300,50,60,5,30,10.0,120,current,Optimized Pattern Generator,dynamic_session,Dynamic Session Pattern Assignment,50,6,360,caff67341b8c16be6d737c034c7f2debc854621714c43db038527c819eed1a76,50,5.0,41.4,1.0,1.0,True,20,6,30,3699990512,a7d9653ea09674c4e6f235512647374861872423e423df65161963c942aa29a5,True,single_only,A1) Refined Cost + Greedy 1:1,True,300,300,0,0.0,300,294,0,0.98,0.98,0.8385552928772904,2.271268211480035,379.35333333333335,412.1,36.991768499981845,300,0,0,0,0,1.0,0.0,0.0,0.0,0.0,1.0,17.133333333333333,0.0,0.0,0.0,0.0,0.0,,0.0,0.0,30.05387320209411,6.445672129106242,0.0,0.4904913348145783,36.99003666601493,30.05387320209411,0.4904913348145783
20260909_112655_937821,3f2b5a8fb3fffdab239693207bcaa7d708d20a0bb6324163a8c1741f478b736b,39,2187632430,1545686456,2187632430,19,300,50,60,5,30,10.0,120,current,Optimized Pattern Generator,dynamic_session,Dynamic Session Pattern Assignment,50,6,360,caff67341b8c16be6d737c034c7f2debc854621714c43db038527c819eed1a76,50,5.0,41.4,1.0,1.0,True,20,6,30,3699990512,a7d9653ea09674c4e6f235512647374861872423e423df65161963c942aa29a5,True,single_only_dtw_off,A1 Ablation) DTW Off,False,300,300,0,0.0,300,282,0,0.94,0.94,0.7544002545666668,2.166667006666667,379.35333333333335,412.1,37.23945687498781,300,0,0,0,0,1.0,0.0,0.0,0.0,0.0,1.0,17.133333333333333,0.0,0.0,0.0,0.0,0.0,,0.0,0.0,30.26199795913999,6.513900377089158,0.0,0.4619128717749845,37.23781120800413,30.26199795913999,0.4619128717749845
20260909_112655_937821,3f2b5a8fb3fffdab239693207bcaa7d708d20a0bb6324163a8c1741f478b736b,39,2187632430,866312264,2187632430,19,300,50,60,5,30,10.0,120,current,Optimized Pattern Generator,dynamic_session,Dynamic Session Pattern Assignment,50,6,360,caff67341b8c16be6d737c034c7f2debc854621714c43db038527c819eed1a76,50,5.0,41.4,1.0,1.0,True,20,6,30,3699990512,a7d9653ea09674c4e6f235512647374861872423e423df65161963c942aa29a5,True,single_only_step_off,A1 Ablation) Step Signature Off,False,300,300,0,0.0,300,300,0,1.0,1.0,0.0648445358090548,0.31569863831245926,379.35333333333335,412.1,37.14248666699859,300,0,0,0,0,1.0,0.0,0.0,0.0,0.0,1.0,17.133333333333333,0.0,0.0,0.0,0.0,0.0,,0.0,0.0,30.18222074303776,6.46030808184878,0.0,0.49740684212883934,37.13993566701538,30.18222074303776,0.49740684212883934
20260909_112655_937821,3f2b5a8fb3fffdab239693207bcaa7d708d20a0bb6324163a8c1741f478b736b,39,2187632430,1815193628,2187632430,19,300,50,60,5,30,10.0,120,current,Optimized Pattern Generator,dynamic_session,Dynamic Session Pattern Assignment,50,6,360,caff67341b8c16be6d737c034c7f2debc854621714c43db038527c819eed1a76,50,5.0,41.4,1.0,1.0,True,20,6,30,3699990512,a7d9653ea09674c4e6f235512647374861872423e423df65161963c942aa29a5,True,single_only_all_off,A1 Ablation) All Waveform Terms Off,False,300,300,0,0.0,300,239,0,0.7966666666666666,0.7966666666666666,1.2700002523333334,8.700000440000002,379.35333333333335,412.1,37.60039866602165,300,0,0,0,0,1.0,0.0,0.0,0.0,0.0,1.0,17.133333333333333,0.0,0.0,0.0,0.0,0.0,,0.0,0.0,37.05341458693147,0.02804212033515796,0.0,0.5159182507486548,37.59737495801528,37.05341458693147,0.5159182507486548
20260909_112655_937821,3f2b5a8fb3fffdab239693207bcaa7d708d20a0bb6324163a8c1741f478b736b,39,2187632430,2184921351,2187632430,19,300,50,60,5,30,10.0,120,current,Optimized Pattern Generator,dynamic_session,Dynamic Session Pattern Assignment,50,6,360,caff67341b8c16be6d737c034c7f2debc854621714c43db038527c819eed1a76,50,5.0,41.4,1.0,1.0,True,20,6,30,3699990512,a7d9653ea09674c4e6f235512647374861872423e423df65161963c942aa29a5,True,nomura_original_interval_hungarian,A2) Corr+DTW + Hungarian,False,300,300,0,0.0,300,299,0,0.9966666666666667,0.9966666666666667,0.05712405279135551,0.2116181534148119,379.35333333333335,412.1,48.14381341700209,300,0,0,0,0,1.0,0.0,0.0,0.0,0.0,1.0,17.133333333333333,0.0,0.0,0.0,0.0,0.0,,0.0,0.0,30.874628797144396,16.72050674300408,0.0,0.5455112518393435,48.14064679198782,30.874628797144396,0.5455112518393435
20260909_112655_937821,3f2b5a8fb3fffdab239693207bcaa7d708d20a0bb6324163a8c1741f478b736b,39,2187632430,2176353901,2187632430,19,300,50,60,5,30,10.0,120,current,Optimized Pattern Generator,dynamic_session,Dynamic Session Pattern Assignment,50,6,360,caff67341b8c16be6d737c034c7f2debc854621714c43db038527c819eed1a76,50,5.0,41.4,1.0,1.0,True,20,6,30,3699990512,a7d9653ea09674c4e6f235512647374861872423e423df65161963c942aa29a5,True,nomura_original_interval_hungarian_dtw_off,A2 Ablation) DTW Off (Corr-only),False,300,300,0,0.0,300,295,0,0.9833333333333333,0.9833333333333333,0.05538052818610204,0.18649681470439364,379.35333333333335,412.1,47.78827054199064,300,0,0,0,0,1.0,0.0,0.0,0.0,0.0,1.0,17.133333333333333,0.0,0.0,0.0,0.0,0.0,,0.0,0.0,30.727143618743867,16.55147496124846,0.0,0.5079775450285524,47.78659612502088,30.727143618743867,0.5079775450285524
20260909_112655_937821,3f2b5a8fb3fffdab239693207bcaa7d708d20a0bb6324163a8c1741f478b736b,39,2187632430,1055930881,2187632430,19,300,50,60,5,30,10.0,120,current,Optimized Pattern Generator,dynamic_session,Dynamic Session Pattern Assignment,50,6,360,caff67341b8c16be6d737c034c7f2debc854621714c43db038527c819eed1a76,50,5.0,41.4,1.0,1.0,True,20,6,30,3699990512,a7d9653ea09674c4e6f235512647374861872423e423df65161963c942aa29a5,True,nomura_original_interval_hungarian_corr_off,A2 Ablation) Corr Off (DTW-only),False,300,300,0,0.0,300,290,0,0.9666666666666667,0.9666666666666667,0.0008024036023538245,0.09699505311671702,379.35333333333335,412.1,47.314693457999965,300,0,0,0,0,1.0,0.0,0.0,0.0,0.0,1.0,17.133333333333333,0.0,0.0,0.0,0.0,0.0,,0.0,0.0,30.431403418100672,16.385509407060454,0.0,0.4959926748415455,47.31290550000267,30.431403418100672,0.4959926748415455
20260909_112655_937821,3f2b5a8fb3fffdab239693207bcaa7d708d20a0bb6324163a8c1741f478b736b,39,2187632430,542446186,2187632430,19,300,50,60,5,30,10.0,120,current,Optimized Pattern Generator,dynamic_session,Dynamic Session Pattern Assignment,50,6,360,caff67341b8c16be6d737c034c7f2debc854621714c43db038527c819eed1a76,50,5.0,41.4,1.0,1.0,True,20,6,30,3699990512,a7d9653ea09674c4e6f235512647374861872423e423df65161963c942aa29a5,True,nomura_original_interval_hungarian_all_off,A2 Ablation) All Waveform Terms Off,False,300,300,0,0.0,300,239,0,0.7966666666666666,0.7966666666666666,1.2700002523333334,8.700000440000002,379.35333333333335,412.1,30.528526833018987,300,0,0,0,0,1.0,0.0,0.0,0.0,0.0,1.0,17.133333333333333,0.0,0.0,0.0,0.0,0.0,,0.0,0.0,30.011240718420595,0.02282770082820207,0.0,0.49265703876153566,30.526725458010333,30.011240718420595,0.49265703876153566
20260909_112655_937821,3f2b5a8fb3fffdab239693207bcaa7d708d20a0bb6324163a8c1741f478b736b,39,2187632430,1367392795,2187632430,19,300,50,60,5,30,10.0,120,current,Optimized Pattern Generator,dynamic_session,Dynamic Session Pattern Assignment,50,6,360,caff67341b8c16be6d737c034c7f2debc854621714c43db038527c819eed1a76,50,5.0,41.4,1.0,1.0,True,20,6,30,3699990512,a7d9653ea09674c4e6f235512647374861872423e423df65161963c942aa29a5,True,bayesian_windowed,A3) Two-Stage Bayesian Posterior + Hungarian,False,300,300,0,0.0,300,296,0,0.9866666666666667,0.9866666666666667,0.3274684523714747,1.1952465298992179,379.35333333333335,412.1,36.16593129202374,300,0,0,0,0,1.0,0.0,0.0,0.0,0.0,1.0,17.133333333333333,0.0,0.0,0.0,0.0,0.0,,0.0,0.0,29.989652876072796,5.703362622327404,0.0,0.4699071676004678,36.16292266600067,29.989652876072796,0.4699071676004678
20260909_112655_937821,3f2b5a8fb3fffdab239693207bcaa7d708d20a0bb6324163a8c1741f478b736b,39,2187632430,1977915789,2187632430,19,300,50,60,5,30,10.0,120,current,Optimized Pattern Generator,dynamic_session,Dynamic Session Pattern Assignment,50,6,360,caff67341b8c16be6d737c034c7f2debc854621714c43db038527c819eed1a76,50,5.0,41.4,1.0,1.0,True,20,6,30,3699990512,a7d9653ea09674c4e6f235512647374861872423e423df65161963c942aa29a5,True,bayesian_windowed_memory_off,A3 Ablation) Posterior Memory Off,False,300,300,0,0.0,300,294,0,0.98,0.98,0.593680704698739,1.6889846002477231,379.35333333333335,412.1,36.04230058300891,300,0,0,0,0,1.0,0.0,0.0,0.0,0.0,1.0,17.133333333333333,0.0,0.0,0.0,0.0,0.0,,0.0,0.0,29.901480286032893,5.6451510238985065,0.0,0.49241444005747326,36.03904574998887,29.901480286032893,0.49241444005747326
20260909_112655_937821,3f2b5a8fb3fffdab239693207bcaa7d708d20a0bb6324163a8c1741f478b736b,39,2187632430,2395032893,2187632430,19,300,50,60,5,30,10.0,120,current,Optimized Pattern Generator,dynamic_session,Dynamic Session Pattern Assignment,50,6,360,caff67341b8c16be6d737c034c7f2debc854621714c43db038527c819eed1a76,50,5.0,41.4,1.0,1.0,True,20,6,30,3699990512,a7d9653ea09674c4e6f235512647374861872423e423df65161963c942aa29a5,True,bayesian_windowed_timeprior_off,A3 Ablation) Time Prior Off,False,300,300,0,0.0,300,296,0,0.9866666666666667,0.9866666666666667,0.33031707574355457,1.195720268831062,379.35333333333335,412.1,36.48979250001139,300,0,0,0,0,1.0,0.0,0.0,0.0,0.0,1.0,17.133333333333333,0.0,0.0,0.0,0.0,0.0,,0.0,0.0,30.27013253606856,5.734061417693738,0.0,0.4837884212320205,36.48798237499432,30.27013253606856,0.4837884212320205
20260909_112655_937821,3f2b5a8fb3fffdab239693207bcaa7d708d20a0bb6324163a8c1741f478b736b,39,2187632430,433795915,2187632430,19,300,50,60,5,30,10.0,120,current,Optimized Pattern Generator,dynamic_session,Dynamic Session Pattern Assignment,50,6,360,caff67341b8c16be6d737c034c7f2debc854621714c43db038527c819eed1a76,50,5.0,41.4,1.0,1.0,True,20,6,30,3699990512,a7d9653ea09674c4e6f235512647374861872423e423df65161963c942aa29a5,True,bayesian_windowed_all_off,A3 Ablation) Time Prior + Memory Off,False,300,300,0,0.0,300,294,0,0.98,0.98,0.5949395809612577,1.6904447185566718,379.35333333333335,412.1,36.43533129198477,300,0,0,0,0,1.0,0.0,0.0,0.0,0.0,1.0,17.133333333333333,0.0,0.0,0.0,0.0,0.0,,0.0,0.0,30.265547714108834,5.671969835850177,0.0,0.4947305750392843,36.432248124998296,30.265547714108834,0.4947305750392843
20260909_112655_937821,3f2b5a8fb3fffdab239693207bcaa7d708d20a0bb6324163a8c1741f478b736b,40,2187632431,1233724803,2187632431,20,300,50,60,5,30,10.0,120,current,Optimized Pattern Generator,dynamic_session,Dynamic Session Pattern Assignment,50,6,360,82f0b3361796d285ea7dba014f4b4dbb950d8a9ef50a5a7410d8622cc0d40a1e,50,8.0,39.862857142857145,1.0,1.0,True,20,6,30,3699990513,55bc3ce3d0ae08d168d59d70b3bc3f523022137877a6fdcea4ce4e303b5f946e,True,single_only,A1) Refined Cost + Greedy 1:1,True,300,300,0,0.0,300,297,0,0.99,0.99,0.7803179487711557,2.2236940355937698,381.5966666666667,417.20000000000005,38.557129332999466,300,0,0,0,0,1.0,0.0,0.0,0.0,0.0,1.0,17.41,0.0,0.0,0.0,0.0,0.0,,0.0,0.0,31.39172324896208,6.680646128079388,0.0,0.4829256229568273,38.555294999998296,31.39172324896208,0.4829256229568273
20260909_112655_937821,3f2b5a8fb3fffdab239693207bcaa7d708d20a0bb6324163a8c1741f478b736b,40,2187632431,1545686457,2187632431,20,300,50,60,5,30,10.0,120,current,Optimized Pattern Generator,dynamic_session,Dynamic Session Pattern Assignment,50,6,360,82f0b3361796d285ea7dba014f4b4dbb950d8a9ef50a5a7410d8622cc0d40a1e,50,8.0,39.862857142857145,1.0,1.0,True,20,6,30,3699990513,55bc3ce3d0ae08d168d59d70b3bc3f523022137877a6fdcea4ce4e303b5f946e,True,single_only_dtw_off,A1 Ablation) DTW Off,False,300,300,0,0.0,300,283,0,0.9433333333333334,0.9433333333333334,0.7113113524444444,1.9333337433333333,381.5966666666667,417.20000000000005,38.18875924998429,300,0,0,0,0,1.0,0.0,0.0,0.0,0.0,1.0,17.41,0.0,0.0,0.0,0.0,0.0,,0.0,0.0,31.010566537093837,6.678485795768211,0.0,0.49751758415368386,38.18656991701573,31.010566537093837,0.49751758415368386
20260909_112655_937821,3f2b5a8fb3fffdab239693207bcaa7d708d20a0bb6324163a8c1741f478b736b,40,2187632431,866312265,2187632431,20,300,50,60,5,30,10.0,120,current,Optimized Pattern Generator,dynamic_session,Dynamic Session Pattern Assignment,50,6,360,82f0b3361796d285ea7dba014f4b4dbb950d8a9ef50a5a7410d8622cc0d40a1e,50,8.0,39.862857142857145,1.0,1.0,True,20,6,30,3699990513,55bc3ce3d0ae08d168d59d70b3bc3f523022137877a6fdcea4ce4e303b5f946e,True,single_only_step_off,A1 Ablation) Step Signature Off,False,300,300,0,0.0,300,300,0,1.0,1.0,0.05810894607995949,0.33871200818718955,381.5966666666667,417.20000000000005,38.13230416699662,300,0,0,0,0,1.0,0.0,0.0,0.0,0.0,1.0,17.41,0.0,0.0,0.0,0.0,0.0,,0.0,0.0,30.97883773589274,6.652762076846557,0.0,0.4990436872758437,38.13064350001514,30.97883773589274,0.4990436872758437
20260909_112655_937821,3f2b5a8fb3fffdab239693207bcaa7d708d20a0bb6324163a8c1741f478b736b,40,2187632431,1815193629,2187632431,20,300,50,60,5,30,10.0,120,current,Optimized Pattern Generator,dynamic_session,Dynamic Session Pattern Assignment,50,6,360,82f0b3361796d285ea7dba014f4b4dbb950d8a9ef50a5a7410d8622cc0d40a1e,50,8.0,39.862857142857145,1.0,1.0,True,20,6,30,3699990513,55bc3ce3d0ae08d168d59d70b3bc3f523022137877a6fdcea4ce4e303b5f946e,True,single_only_all_off,A1 Ablation) All Waveform Terms Off,False,300,300,0,0.0,300,243,0,0.81,0.81,1.2866669082333333,8.20000029,381.5966666666667,417.20000000000005,33.006962291983655,300,0,0,0,0,1.0,0.0,0.0,0.0,0.0,1.0,17.41,0.0,0.0,0.0,0.0,0.0,,0.0,0.0,32.47911033470882,0.024880381301045418,0.0,0.5013364919868764,33.00532720799674,32.47911033470882,0.5013364919868764
20260909_112655_937821,3f2b5a8fb3fffdab239693207bcaa7d708d20a0bb6324163a8c1741f478b736b,40,2187632431,2184921350,2187632431,20,300,50,60,5,30,10.0,120,current,Optimized Pattern Generator,dynamic_session,Dynamic Session Pattern Assignment,50,6,360,82f0b3361796d285ea7dba014f4b4dbb950d8a9ef50a5a7410d8622cc0d40a1e,50,8.0,39.862857142857145,1.0,1.0,True,20,6,30,3699990513,55bc3ce3d0ae08d168d59d70b3bc3f523022137877a6fdcea4ce4e303b5f946e,True,nomura_original_interval_hungarian,A2) Corr+DTW + Hungarian,False,300,300,0,0.0,300,300,0,1.0,1.0,0.053042699146237195,0.22232873307649278,381.5966666666667,417.20000000000005,50.570341625018045,300,0,0,0,0,1.0,0.0,0.0,0.0,0.0,1.0,17.41,0.0,0.0,0.0,0.0,0.0,,0.0,0.0,32.71515793976141,17.35184838087298,0.0,0.5015398453688249,50.568546166003216,32.71515793976141,0.5015398453688249
20260909_112655_937821,3f2b5a8fb3fffdab239693207bcaa7d708d20a0bb6324163a8c1741f478b736b,40,2187632431,2176353900,2187632431,20,300,50,60,5,30,10.0,120,current,Optimized Pattern Generator,dynamic_session,Dynamic Session Pattern Assignment,50,6,360,82f0b3361796d285ea7dba014f4b4dbb950d8a9ef50a5a7410d8622cc0d40a1e,50,8.0,39.862857142857145,1.0,1.0,True,20,6,30,3699990513,55bc3ce3d0ae08d168d59d70b3bc3f523022137877a6fdcea4ce4e303b5f946e,True,nomura_original_interval_hungarian_dtw_off,A2 Ablation) DTW Off (Corr-only),False,300,300,0,0.0,300,297,0,0.99,0.99,0.0520124386108807,0.22232873307649278,381.5966666666667,417.20000000000005,48.82949550001649,300,0,0,0,0,1.0,0.0,0.0,0.0,0.0,1.0,17.41,0.0,0.0,0.0,0.0,0.0,,0.0,0.0,31.239287589822197,17.086623291659635,0.0,0.5017457845096942,48.827656665991526,31.239287589822197,0.5017457845096942
20260909_112655_937821,3f2b5a8fb3fffdab239693207bcaa7d708d20a0bb6324163a8c1741f478b736b,40,2187632431,1055930880,2187632431,20,300,50,60,5,30,10.0,120,current,Optimized Pattern Generator,dynamic_session,Dynamic Session Pattern Assignment,50,6,360,82f0b3361796d285ea7dba014f4b4dbb950d8a9ef50a5a7410d8622cc0d40a1e,50,8.0,39.862857142857145,1.0,1.0,True,20,6,30,3699990513,55bc3ce3d0ae08d168d59d70b3bc3f523022137877a6fdcea4ce4e303b5f946e,True,nomura_original_interval_hungarian_corr_off,A2 Ablation) Corr Off (DTW-only),False,300,300,0,0.0,300,293,0,0.9766666666666667,0.9766666666666667,0.0001638812196898802,0.035305774046717885,381.5966666666667,417.20000000000005,47.892172082996694,300,0,0,0,0,1.0,0.0,0.0,0.0,0.0,1.0,17.41,0.0,0.0,0.0,0.0,0.0,,0.0,0.0,30.708358671836322,16.686037959210807,0.0,0.4961077849729918,47.89050441602012,30.708358671836322,0.4961077849729918
20260909_112655_937821,3f2b5a8fb3fffdab239693207bcaa7d708d20a0bb6324163a8c1741f478b736b,40,2187632431,542446187,2187632431,20,300,50,60,5,30,10.0,120,current,Optimized Pattern Generator,dynamic_session,Dynamic Session Pattern Assignment,50,6,360,82f0b3361796d285ea7dba014f4b4dbb950d8a9ef50a5a7410d8622cc0d40a1e,50,8.0,39.862857142857145,1.0,1.0,True,20,6,30,3699990513,55bc3ce3d0ae08d168d59d70b3bc3f523022137877a6fdcea4ce4e303b5f946e,True,nomura_original_interval_hungarian_all_off,A2 Ablation) All Waveform Terms Off,False,300,300,0,0.0,300,243,0,0.81,0.81,1.2866669082333333,8.20000029,381.5966666666667,417.20000000000005,31.518694166996283,300,0,0,0,0,1.0,0.0,0.0,0.0,0.0,1.0,17.41,0.0,0.0,0.0,0.0,0.0,,0.0,0.0,30.99669687062851,0.023959680198458955,0.0,0.4963705321715679,31.51702708299854,30.99669687062851,0.4963705321715679
20260909_112655_937821,3f2b5a8fb3fffdab239693207bcaa7d708d20a0bb6324163a8c1741f478b736b,40,2187632431,1367392794,2187632431,20,300,50,60,5,30,10.0,120,current,Optimized Pattern Generator,dynamic_session,Dynamic Session Pattern Assignment,50,6,360,82f0b3361796d285ea7dba014f4b4dbb950d8a9ef50a5a7410d8622cc0d40a1e,50,8.0,39.862857142857145,1.0,1.0,True,20,6,30,3699990513,55bc3ce3d0ae08d168d59d70b3bc3f523022137877a6fdcea4ce4e303b5f946e,True,bayesian_windowed,A3) Two-Stage Bayesian Posterior + Hungarian,False,300,300,0,0.0,300,298,0,0.9933333333333333,0.9933333333333333,0.44144327471065337,1.7745716422164186,381.5966666666667,417.20000000000005,37.178412832989125,300,0,0,0,0,1.0,0.0,0.0,0.0,0.0,1.0,17.41,0.0,0.0,0.0,0.0,0.0,,0.0,0.0,30.860693332040682,5.813591000216547,0.0,0.502441417746013,37.17672575000324,30.860693332040682,0.502441417746013
20260909_112655_937821,3f2b5a8fb3fffdab239693207bcaa7d708d20a0bb6324163a8c1741f478b736b,40,2187632431,1977915788,2187632431,20,300,50,60,5,30,10.0,120,current,Optimized Pattern Generator,dynamic_session,Dynamic Session Pattern Assignment,50,6,360,82f0b3361796d285ea7dba014f4b4dbb950d8a9ef50a5a7410d8622cc0d40a1e,50,8.0,39.862857142857145,1.0,1.0,True,20,6,30,3699990513,55bc3ce3d0ae08d168d59d70b3bc3f523022137877a6fdcea4ce4e303b5f946e,True,bayesian_windowed_memory_off,A3 Ablation) Posterior Memory Off,False,300,300,0,0.0,300,297,0,0.99,0.99,0.7410448203505906,1.9637562836884683,381.5966666666667,417.20000000000005,37.335954249982024,300,0,0,0,0,1.0,0.0,0.0,0.0,0.0,1.0,17.41,0.0,0.0,0.0,0.0,0.0,,0.0,0.0,31.02328420736012,5.811214827146614,0.0,0.49814796549617313,37.33264700000291,31.02328420736012,0.49814796549617313
20260909_112655_937821,3f2b5a8fb3fffdab239693207bcaa7d708d20a0bb6324163a8c1741f478b736b,40,2187632431,2395032892,2187632431,20,300,50,60,5,30,10.0,120,current,Optimized Pattern Generator,dynamic_session,Dynamic Session Pattern Assignment,50,6,360,82f0b3361796d285ea7dba014f4b4dbb950d8a9ef50a5a7410d8622cc0d40a1e,50,8.0,39.862857142857145,1.0,1.0,True,20,6,30,3699990513,55bc3ce3d0ae08d168d59d70b3bc3f523022137877a6fdcea4ce4e303b5f946e,True,bayesian_windowed_timeprior_off,A3 Ablation) Time Prior Off,False,300,300,0,0.0,300,298,0,0.9933333333333333,0.9933333333333333,0.44532484740117034,1.7751852131659518,381.5966666666667,417.20000000000005,37.40963995901984,300,0,0,0,0,1.0,0.0,0.0,0.0,0.0,1.0,17.41,0.0,0.0,0.0,0.0,0.0,,0.0,0.0,31.0751570481807,5.830538204027107,0.0,0.5009167067764793,37.406611958984286,31.0751570481807,0.5009167067764793
20260909_112655_937821,3f2b5a8fb3fffdab239693207bcaa7d708d20a0bb6324163a8c1741f478b736b,40,2187632431,433795914,2187632431,20,300,50,60,5,30,10.0,120,current,Optimized Pattern Generator,dynamic_session,Dynamic Session Pattern Assignment,50,6,360,82f0b3361796d285ea7dba014f4b4dbb950d8a9ef50a5a7410d8622cc0d40a1e,50,8.0,39.862857142857145,1.0,1.0,True,20,6,30,3699990513,55bc3ce3d0ae08d168d59d70b3bc3f523022137877a6fdcea4ce4e303b5f946e,True,bayesian_windowed_all_off,A3 Ablation) Time Prior + Memory Off,False,300,300,0,0.0,300,297,0,0.99,0.99,0.7427615139252429,1.9637562836884683,381.5966666666667,417.20000000000005,37.206361166987335,300,0,0,0,0,1.0,0.0,0.0,0.0,0.0,1.0,17.41,0.0,0.0,0.0,0.0,0.0,,0.0,0.0,30.843034401215846,5.865114711021306,0.0,0.4950679297617171,37.20321704199887,30.843034401215846,0.4950679297617171
20260909_112655_937821,3f2b5a8fb3fffdab239693207bcaa7d708d20a0bb6324163a8c1741f478b736b,41,2187632432,1233724828,2187632432,1,500,50,60,5,30,10.0,120,current,Optimized Pattern Generator,dynamic_session,Dynamic Session Pattern Assignment,50,6,360,d8c1ff54c33ca730cedaa07f0bfbe3adfebdc34c0281d1a58f3a93ce4b5ca0f9,50,7.0,40.910204081632656,1.0,1.0,True,20,6,30,3699990510,3e929cc2eda1fc9f1f7fb8f66c6a51a088d3c72a05727cd158690c0adbcf26fc,True,single_only,A1) Refined Cost + Greedy 1:1,True,500,500,0,0.0,500,484,0,0.968,0.968,0.8399327574322599,2.34781578909027,383.624,422.0,105.93093195799156,500,0,0,0,0,1.0,0.0,0.0,0.0,0.0,1.0,28.756,0.0,0.0,0.0,0.0,0.0,,0.0,0.0,86.99347387620946,18.146121402154677,0.0,0.7882066796300933,105.92780195799423,86.99347387620946,0.7882066796300933
20260909_112655_937821,3f2b5a8fb3fffdab239693207bcaa7d708d20a0bb6324163a8c1741f478b736b,41,2187632432,1545686438,2187632432,1,500,50,60,5,30,10.0,120,current,Optimized Pattern Generator,dynamic_session,Dynamic Session Pattern Assignment,50,6,360,d8c1ff54c33ca730cedaa07f0bfbe3adfebdc34c0281d1a58f3a93ce4b5ca0f9,50,7.0,40.910204081632656,1.0,1.0,True,20,6,30,3699990510,3e929cc2eda1fc9f1f7fb8f66c6a51a088d3c72a05727cd158690c0adbcf26fc,True,single_only_dtw_off,A1 Ablation) DTW Off,False,500,500,0,0.0,500,458,0,0.916,0.916,0.7599936056733334,2.0266666866666667,383.624,422.0,106.41337341599865,500,0,0,0,0,1.0,0.0,0.0,0.0,0.0,1.0,28.756,0.0,0.0,0.0,0.0,0.0,,0.0,0.0,87.43894088320667,18.182203453878174,0.0,0.7894770379352849,106.41062137502013,87.43894088320667,0.7894770379352849
20260909_112655_937821,3f2b5a8fb3fffdab239693207bcaa7d708d20a0bb6324163a8c1741f478b736b,41,2187632432,866312278,2187632432,1,500,50,60,5,30,10.0,120,current,Optimized Pattern Generator,dynamic_session,Dynamic Session Pattern Assignment,50,6,360,d8c1ff54c33ca730cedaa07f0bfbe3adfebdc34c0281d1a58f3a93ce4b5ca0f9,50,7.0,40.910204081632656,1.0,1.0,True,20,6,30,3699990510,3e929cc2eda1fc9f1f7fb8f66c6a51a088d3c72a05727cd158690c0adbcf26fc,True,single_only_step_off,A1 Ablation) Step Signature Off,False,500,500,0,0.0,500,496,0,0.992,0.992,0.06384086419647501,0.32661815591632126,383.624,422.0,105.85770279102144,500,0,0,0,0,1.0,0.0,0.0,0.0,0.0,1.0,28.756,0.0,0.0,0.0,0.0,0.0,,0.0,0.0,86.89274143526563,18.17541354781133,0.0,0.7865135169413406,105.8546685000183,86.89274143526563,0.7865135169413406
20260909_112655_937821,3f2b5a8fb3fffdab239693207bcaa7d708d20a0bb6324163a8c1741f478b736b,41,2187632432,1815193602,2187632432,1,500,50,60,5,30,10.0,120,current,Optimized Pattern Generator,dynamic_session,Dynamic Session Pattern Assignment,50,6,360,d8c1ff54c33ca730cedaa07f0bfbe3adfebdc34c0281d1a58f3a93ce4b5ca0f9,50,7.0,40.910204081632656,1.0,1.0,True,20,6,30,3699990510,3e929cc2eda1fc9f1f7fb8f66c6a51a088d3c72a05727cd158690c0adbcf26fc,True,single_only_all_off,A1 Ablation) All Waveform Terms Off,False,500,500,0,0.0,500,348,0,0.696,0.696,1.23440026878,7.600000100000001,383.624,422.0,87.32045999998809,500,0,0,0,0,1.0,0.0,0.0,0.0,0.0,1.0,28.756,0.0,0.0,0.0,0.0,0.0,,0.0,0.0,86.48750001334702,0.04739842130220495,0.0,0.7825196903722826,87.3174181250215,86.48750001334702,0.7825196903722826
20260909_112655_937821,3f2b5a8fb3fffdab239693207bcaa7d708d20a0bb6324163a8c1741f478b736b,41,2187632432,2184921369,2187632432,1,500,50,60,5,30,10.0,120,current,Optimized Pattern Generator,dynamic_session,Dynamic Session Pattern Assignment,50,6,360,d8c1ff54c33ca730cedaa07f0bfbe3adfebdc34c0281d1a58f3a93ce4b5ca0f9,50,7.0,40.910204081632656,1.0,1.0,True,20,6,30,3699990510,3e929cc2eda1fc9f1f7fb8f66c6a51a088d3c72a05727cd158690c0adbcf26fc,True,nomura_original_interval_hungarian,A2) Corr+DTW + Hungarian,False,500,500,0,0.0,500,499,0,0.998,0.998,0.06277196302575347,0.22684498812771908,383.624,422.0,133.924492791004,500,0,0,0,0,1.0,0.0,0.0,0.0,0.0,1.0,28.756,0.0,0.0,0.0,0.0,0.0,,0.0,0.0,87.10164865723345,46.018359955225606,0.0,0.8015764715382829,133.92158508399734,87.10164865723345,0.8015764715382829
20260909_112655_937821,3f2b5a8fb3fffdab239693207bcaa7d708d20a0bb6324163a8c1741f478b736b,41,2187632432,2176353907,2187632432,1,500,50,60,5,30,10.0,120,current,Optimized Pattern Generator,dynamic_session,Dynamic Session Pattern Assignment,50,6,360,d8c1ff54c33ca730cedaa07f0bfbe3adfebdc34c0281d1a58f3a93ce4b5ca0f9,50,7.0,40.910204081632656,1.0,1.0,True,20,6,30,3699990510,3e929cc2eda1fc9f1f7fb8f66c6a51a088d3c72a05727cd158690c0adbcf26fc,True,nomura_original_interval_hungarian_dtw_off,A2 Ablation) DTW Off (Corr-only),False,500,500,0,0.0,500,485,0,0.97,0.97,0.06053870649350638,0.218441516049774,383.624,422.0,133.35711704200367,500,0,0,0,0,1.0,0.0,0.0,0.0,0.0,1.0,28.756,0.0,0.0,0.0,0.0,0.0,,0.0,0.0,86.60044548497535,45.960226581955794,0.0,0.7935134740546346,133.35418554098578,86.60044548497535,0.7935134740546346
20260909_112655_937821,3f2b5a8fb3fffdab239693207bcaa7d708d20a0bb6324163a8c1741f478b736b,41,2187632432,1055930911,2187632432,1,500,50,60,5,30,10.0,120,current,Optimized Pattern Generator,dynamic_session,Dynamic Session Pattern Assignment,50,6,360,d8c1ff54c33ca730cedaa07f0bfbe3adfebdc34c0281d1a58f3a93ce4b5ca0f9,50,7.0,40.910204081632656,1.0,1.0,True,20,6,30,3699990510,3e929cc2eda1fc9f1f7fb8f66c6a51a088d3c72a05727cd158690c0adbcf26fc,True,nomura_original_interval_hungarian_corr_off,A2 Ablation) Corr Off (DTW-only),False,500,500,0,0.0,500,485,0,0.97,0.97,0.0008553168399643558,0.0768817452885962,383.624,422.0,133.6313897089858,500,0,0,0,0,1.0,0.0,0.0,0.0,0.0,1.0,28.756,0.0,0.0,0.0,0.0,0.0,,0.0,0.0,86.85356437021983,45.978975169331534,0.0,0.7956635014270432,133.6282030409784,86.85356437021983,0.7956635014270432
20260909_112655_937821,3f2b5a8fb3fffdab239693207bcaa7d708d20a0bb6324163a8c1741f478b736b,41,2187632432,542446196,2187632432,1,500,50,60,5,30,10.0,120,current,Optimized Pattern Generator,dynamic_session,Dynamic Session Pattern Assignment,50,6,360,d8c1ff54c33ca730cedaa07f0bfbe3adfebdc34c0281d1a58f3a93ce4b5ca0f9,50,7.0,40.910204081632656,1.0,1.0,True,20,6,30,3699990510,3e929cc2eda1fc9f1f7fb8f66c6a51a088d3c72a05727cd158690c0adbcf26fc,True,nomura_original_interval_hungarian_all_off,A2 Ablation) All Waveform Terms Off,False,500,500,0,0.0,500,348,0,0.696,0.696,1.23440026878,7.600000100000001,383.624,422.0,87.29048983301618,500,0,0,0,0,1.0,0.0,0.0,0.0,0.0,1.0,28.756,0.0,0.0,0.0,0.0,0.0,,0.0,0.0,86.44422560697421,0.04840353524195962,0.0,0.7946393578022253,87.2872685000184,86.44422560697421,0.7946393578022253
20260909_112655_937821,3f2b5a8fb3fffdab239693207bcaa7d708d20a0bb6324163a8c1741f478b736b,41,2187632432,1367392773,2187632432,1,500,50,60,5,30,10.0,120,current,Optimized Pattern Generator,dynamic_session,Dynamic Session Pattern Assignment,50,6,360,d8c1ff54c33ca730cedaa07f0bfbe3adfebdc34c0281d1a58f3a93ce4b5ca0f9,50,7.0,40.910204081632656,1.0,1.0,True,20,6,30,3699990510,3e929cc2eda1fc9f1f7fb8f66c6a51a088d3c72a05727cd158690c0adbcf26fc,True,bayesian_windowed,A3) Two-Stage Bayesian Posterior + Hungarian,False,500,500,0,0.0,500,491,0,0.982,0.982,0.5613768230849179,2.049411645025265,383.624,422.0,106.23466537499917,500,0,0,0,0,1.0,0.0,0.0,0.0,0.0,1.0,28.756,0.0,0.0,0.0,0.0,0.0,,0.0,0.0,89.26167608395917,16.176314886048203,0.0,0.7935335719957948,106.23152454200317,89.26167608395917,0.7935335719957948
20260909_112655_937821,3f2b5a8fb3fffdab239693207bcaa7d708d20a0bb6324163a8c1741f478b736b,41,2187632432,1977915795,2187632432,1,500,50,60,5,30,10.0,120,current,Optimized Pattern Generator,dynamic_session,Dynamic Session Pattern Assignment,50,6,360,d8c1ff54c33ca730cedaa07f0bfbe3adfebdc34c0281d1a58f3a93ce4b5ca0f9,50,7.0,40.910204081632656,1.0,1.0,True,20,6,30,3699990510,3e929cc2eda1fc9f1f7fb8f66c6a51a088d3c72a05727cd158690c0adbcf26fc,True,bayesian_windowed_memory_off,A3 Ablation) Posterior Memory Off,False,500,500,0,0.0,500,484,0,0.968,0.968,0.9137527714615722,2.198982285676379,383.624,422.0,104.66019125000457,500,0,0,0,0,1.0,0.0,0.0,0.0,0.0,1.0,28.756,0.0,0.0,0.0,0.0,0.0,,0.0,0.0,87.7588083347946,16.08693899968057,0.0,0.8111822495120578,104.65692958398722,87.7588083347946,0.8111822495120578
20260909_112655_937821,3f2b5a8fb3fffdab239693207bcaa7d708d20a0bb6324163a8c1741f478b736b,41,2187632432,2395032867,2187632432,1,500,50,60,5,30,10.0,120,current,Optimized Pattern Generator,dynamic_session,Dynamic Session Pattern Assignment,50,6,360,d8c1ff54c33ca730cedaa07f0bfbe3adfebdc34c0281d1a58f3a93ce4b5ca0f9,50,7.0,40.910204081632656,1.0,1.0,True,20,6,30,3699990510,3e929cc2eda1fc9f1f7fb8f66c6a51a088d3c72a05727cd158690c0adbcf26fc,True,bayesian_windowed_timeprior_off,A3 Ablation) Time Prior Off,False,500,500,0,0.0,500,491,0,0.982,0.982,0.5658942218111543,2.061327824153787,383.624,422.0,102.8734894169902,500,0,0,0,0,1.0,0.0,0.0,0.0,0.0,1.0,28.756,0.0,0.0,0.0,0.0,0.0,,0.0,0.0,86.34279275516747,15.738075423898408,0.0,0.7894617379351985,102.87032991700107,86.34279275516747,0.7894617379351985
20260909_112655_937821,3f2b5a8fb3fffdab239693207bcaa7d708d20a0bb6324163a8c1741f478b736b,41,2187632432,433795925,2187632432,1,500,50,60,5,30,10.0,120,current,Optimized Pattern Generator,dynamic_session,Dynamic Session Pattern Assignment,50,6,360,d8c1ff54c33ca730cedaa07f0bfbe3adfebdc34c0281d1a58f3a93ce4b5ca0f9,50,7.0,40.910204081632656,1.0,1.0,True,20,6,30,3699990510,3e929cc2eda1fc9f1f7fb8f66c6a51a088d3c72a05727cd158690c0adbcf26fc,True,bayesian_windowed_all_off,A3 Ablation) Time Prior + Memory Off,False,500,500,0,0.0,500,484,0,0.968,0.968,0.9157241202309111,2.201996403922714,383.624,422.0,102.84172945801402,500,0,0,0,0,1.0,0.0,0.0,0.0,0.0,1.0,28.756,0.0,0.0,0.0,0.0,0.0,,0.0,0.0,86.18936874312931,15.853351755125914,0.0,0.7959688347473275,102.83868933300255,86.18936874312931,0.7959688347473275
20260909_112655_937821,3f2b5a8fb3fffdab239693207bcaa7d708d20a0bb6324163a8c1741f478b736b,42,2187632433,1233724829,2187632433,2,500,50,60,5,30,10.0,120,current,Optimized Pattern Generator,dynamic_session,Dynamic Session Pattern Assignment,50,6,360,47f5e4154947fed1bcb3c6871ae4f3b5d230a5c178bab938a992463975ff5c0c,50,7.0,42.4065306122449,1.0,1.0,True,20,6,30,3699990511,6912e7129165a42f54b3cbbaaf2a6662ace5c6a4c71efa917967fa618936f5ec,True,single_only,A1) Refined Cost + Greedy 1:1,True,500,500,0,0.0,500,487,0,0.974,0.974,0.8491589781339055,2.267952510192937,379.328,409.20000000000005,103.87022758400417,500,0,0,0,0,1.0,0.0,0.0,0.0,0.0,1.0,28.204,0.0,0.0,0.0,0.0,0.0,,0.0,0.0,85.21375799601083,17.862130548805,0.0,0.7890721641888376,103.86496070900466,85.21375799601083,0.7890721641888376
20260909_112655_937821,3f2b5a8fb3fffdab239693207bcaa7d708d20a0bb6324163a8c1741f478b736b,42,2187632433,1545686439,2187632433,2,500,50,60,5,30,10.0,120,current,Optimized Pattern Generator,dynamic_session,Dynamic Session Pattern Assignment,50,6,360,47f5e4154947fed1bcb3c6871ae4f3b5d230a5c178bab938a992463975ff5c0c,50,7.0,42.4065306122449,1.0,1.0,True,20,6,30,3699990511,6912e7129165a42f54b3cbbaaf2a6662ace5c6a4c71efa917967fa618936f5ec,True,single_only_dtw_off,A1 Ablation) DTW Off,False,500,500,0,0.0,500,460,0,0.92,0.92,0.7722269397266666,1.9566669266666668,379.328,409.20000000000005,104.47830225000507,500,0,0,0,0,1.0,0.0,0.0,0.0,0.0,1.0,28.204,0.0,0.0,0.0,0.0,0.0,,0.0,0.0,85.77669720925041,17.906934129161527,0.0,0.79124249558663,104.47487383399857,85.77669720925041,0.79124249558663
20260909_112655_937821,3f2b5a8fb3fffdab239693207bcaa7d708d20a0bb6324163a8c1741f478b736b,42,2187632433,866312279,2187632433,2,500,50,60,5,30,10.0,120,current,Optimized Pattern Generator,dynamic_session,Dynamic Session Pattern Assignment,50,6,360,47f5e4154947fed1bcb3c6871ae4f3b5d230a5c178bab938a992463975ff5c0c,50,7.0,42.4065306122449,1.0,1.0,True,20,6,30,3699990511,6912e7129165a42f54b3cbbaaf2a6662ace5c6a4c71efa917967fa618936f5ec,True,single_only_step_off,A1 Ablation) Step Signature Off,False,500,500,0,0.0,500,496,0,0.992,0.992,0.058946696054608956,0.4250684235744515,379.328,409.20000000000005,109.29084400000283,500,0,0,0,0,1.0,0.0,0.0,0.0,0.0,1.0,28.204,0.0,0.0,0.0,0.0,0.0,,0.0,0.0,89.6908000431431,18.79709541381453,0.0,0.799244501045905,109.28713995800354,89.6908000431431,0.799244501045905
20260909_112655_937821,3f2b5a8fb3fffdab239693207bcaa7d708d20a0bb6324163a8c1741f478b736b,42,2187632433,1815193603,2187632433,2,500,50,60,5,30,10.0,120,current,Optimized Pattern Generator,dynamic_session,Dynamic Session Pattern Assignment,50,6,360,47f5e4154947fed1bcb3c6871ae4f3b5d230a5c178bab938a992463975ff5c0c,50,7.0,42.4065306122449,1.0,1.0,True,20,6,30,3699990511,6912e7129165a42f54b3cbbaaf2a6662ace5c6a4c71efa917967fa618936f5ec,True,single_only_all_off,A1 Ablation) All Waveform Terms Off,False,500,500,0,0.0,500,363,0,0.726,0.726,1.2210002767,8.800000480000001,379.328,409.20000000000005,86.74971254100092,500,0,0,0,0,1.0,0.0,0.0,0.0,0.0,1.0,28.204,0.0,0.0,0.0,0.0,0.0,,0.0,0.0,85.90329350164393,0.0486290477856528,0.0,0.7945988675637636,86.74652141699335,85.90329350164393,0.7945988675637636
20260909_112655_937821,3f2b5a8fb3fffdab239693207bcaa7d708d20a0bb6324163a8c1741f478b736b,42,2187632433,2184921368,2187632433,2,500,50,60,5,30,10.0,120,current,Optimized Pattern Generator,dynamic_session,Dynamic Session Pattern Assignment,50,6,360,47f5e4154947fed1bcb3c6871ae4f3b5d230a5c178bab938a992463975ff5c0c,50,7.0,42.4065306122449,1.0,1.0,True,20,6,30,3699990511,6912e7129165a42f54b3cbbaaf2a6662ace5c6a4c71efa917967fa618936f5ec,True,nomura_original_interval_hungarian,A2) Corr+DTW + Hungarian,False,500,500,0,0.0,500,499,0,0.998,0.998,0.05401672583032584,0.22976435193127193,379.328,409.20000000000005,131.45354612500523,500,0,0,0,0,1.0,0.0,0.0,0.0,0.0,1.0,28.204,0.0,0.0,0.0,0.0,0.0,,0.0,0.0,85.25477663069614,45.38287283160025,0.0,0.81292841269169,131.45057787498808,85.25477663069614,0.81292841269169
20260909_112655_937821,3f2b5a8fb3fffdab239693207bcaa7d708d20a0bb6324163a8c1741f478b736b,42,2187632433,2176353906,2187632433,2,500,50,60,5,30,10.0,120,current,Optimized Pattern Generator,dynamic_session,Dynamic Session Pattern Assignment,50,6,360,47f5e4154947fed1bcb3c6871ae4f3b5d230a5c178bab938a992463975ff5c0c,50,7.0,42.4065306122449,1.0,1.0,True,20,6,30,3699990511,6912e7129165a42f54b3cbbaaf2a6662ace5c6a4c71efa917967fa618936f5ec,True,nomura_original_interval_hungarian_dtw_off,A2 Ablation) DTW Off (Corr-only),False,500,500,0,0.0,500,489,0,0.978,0.978,0.05185566212662684,0.1694867414240361,379.328,409.20000000000005,130.42720495801768,500,0,0,0,0,1.0,0.0,0.0,0.0,0.0,1.0,28.204,0.0,0.0,0.0,0.0,0.0,,0.0,0.0,84.68024550331756,44.94562502807821,0.0,0.7982190936163533,130.42408962501213,84.68024550331756,0.7982190936163533
20260909_112655_937821,3f2b5a8fb3fffdab239693207bcaa7d708d20a0bb6324163a8c1741f478b736b,42,2187632433,1055930910,2187632433,2,500,50,60,5,30,10.0,120,current,Optimized Pattern Generator,dynamic_session,Dynamic Session Pattern Assignment,50,6,360,47f5e4154947fed1bcb3c6871ae4f3b5d230a5c178bab938a992463975ff5c0c,50,7.0,42.4065306122449,1.0,1.0,True,20,6,30,3699990511,6912e7129165a42f54b3cbbaaf2a6662ace5c6a4c71efa917967fa618936f5ec,True,nomura_original_interval_hungarian_corr_off,A2 Ablation) Corr Off (DTW-only),False,500,500,0,0.0,500,482,0,0.964,0.964,0.0010476180419283204,0.10128745771178752,379.328,409.20000000000005,130.97181699998328,500,0,0,0,0,1.0,0.0,0.0,0.0,0.0,1.0,28.204,0.0,0.0,0.0,0.0,0.0,,0.0,0.0,85.04952213176875,45.111909700674005,0.0,0.8072735425666906,130.96870537500945,85.04952213176875,0.8072735425666906
20260909_112655_937821,3f2b5a8fb3fffdab239693207bcaa7d708d20a0bb6324163a8c1741f478b736b,42,2187632433,542446197,2187632433,2,500,50,60,5,30,10.0,120,current,Optimized Pattern Generator,dynamic_session,Dynamic Session Pattern Assignment,50,6,360,47f5e4154947fed1bcb3c6871ae4f3b5d230a5c178bab938a992463975ff5c0c,50,7.0,42.4065306122449,1.0,1.0,True,20,6,30,3699990511,6912e7129165a42f54b3cbbaaf2a6662ace5c6a4c71efa917967fa618936f5ec,True,nomura_original_interval_hungarian_all_off,A2 Ablation) All Waveform Terms Off,False,500,500,0,0.0,500,363,0,0.726,0.726,1.2210002767,8.800000480000001,379.328,409.20000000000005,86.88445450001745,500,0,0,0,0,1.0,0.0,0.0,0.0,0.0,1.0,28.204,0.0,0.0,0.0,0.0,0.0,,0.0,0.0,86.04669742760598,0.04846419909154065,0.0,0.7858593732817098,86.88102099997923,86.04669742760598,0.7858593732817098
20260909_112655_937821,3f2b5a8fb3fffdab239693207bcaa7d708d20a0bb6324163a8c1741f478b736b,42,2187632433,1367392772,2187632433,2,500,50,60,5,30,10.0,120,current,Optimized Pattern Generator,dynamic_session,Dynamic Session Pattern Assignment,50,6,360,47f5e4154947fed1bcb3c6871ae4f3b5d230a5c178bab938a992463975ff5c0c,50,7.0,42.4065306122449,1.0,1.0,True,20,6,30,3699990511,6912e7129165a42f54b3cbbaaf2a6662ace5c6a4c71efa917967fa618936f5ec,True,bayesian_windowed,A3) Two-Stage Bayesian Posterior + Hungarian,False,500,500,0,0.0,500,492,0,0.984,0.984,0.6358537356146086,1.8096757431428288,379.328,409.20000000000005,101.26537749997806,500,0,0,0,0,1.0,0.0,0.0,0.0,0.0,1.0,28.204,0.0,0.0,0.0,0.0,0.0,,0.0,0.0,84.97085761683411,15.490802376996726,0.0,0.8005699641653337,101.26222995799617,84.97085761683411,0.8005699641653337
20260909_112655_937821,3f2b5a8fb3fffdab239693207bcaa7d708d20a0bb6324163a8c1741f478b736b,42,2187632433,1977915794,2187632433,2,500,50,60,5,30,10.0,120,current,Optimized Pattern Generator,dynamic_session,Dynamic Session Pattern Assignment,50,6,360,47f5e4154947fed1bcb3c6871ae4f3b5d230a5c178bab938a992463975ff5c0c,50,7.0,42.4065306122449,1.0,1.0,True,20,6,30,3699990511,6912e7129165a42f54b3cbbaaf2a6662ace5c6a4c71efa917967fa618936f5ec,True,bayesian_windowed_memory_off,A3 Ablation) Posterior Memory Off,False,500,500,0,0.0,500,488,0,0.976,0.976,1.0149628772471524,2.2287495656249234,379.328,409.20000000000005,101.96373966598185,500,0,0,0,0,1.0,0.0,0.0,0.0,0.0,1.0,28.204,0.0,0.0,0.0,0.0,0.0,,0.0,0.0,85.6070385730709,15.549513260892127,0.0,0.8039584990474395,101.96051033301046,85.6070385730709,0.8039584990474395
20260909_112655_937821,3f2b5a8fb3fffdab239693207bcaa7d708d20a0bb6324163a8c1741f478b736b,42,2187632433,2395032866,2187632433,2,500,50,60,5,30,10.0,120,current,Optimized Pattern Generator,dynamic_session,Dynamic Session Pattern Assignment,50,6,360,47f5e4154947fed1bcb3c6871ae4f3b5d230a5c178bab938a992463975ff5c0c,50,7.0,42.4065306122449,1.0,1.0,True,20,6,30,3699990511,6912e7129165a42f54b3cbbaaf2a6662ace5c6a4c71efa917967fa618936f5ec,True,bayesian_windowed_timeprior_off,A3 Ablation) Time Prior Off,False,500,500,0,0.0,500,492,0,0.984,0.984,0.6407963221851785,1.8119724417535006,379.328,409.20000000000005,101.10463854199043,500,0,0,0,0,1.0,0.0,0.0,0.0,0.0,1.0,28.204,0.0,0.0,0.0,0.0,0.0,,0.0,0.0,84.86580607987707,15.432295461039757,0.0,0.8018805840983987,101.09998212501523,84.86580607987707,0.8018805840983987
20260909_112655_937821,3f2b5a8fb3fffdab239693207bcaa7d708d20a0bb6324163a8c1741f478b736b,42,2187632433,433795924,2187632433,2,500,50,60,5,30,10.0,120,current,Optimized Pattern Generator,dynamic_session,Dynamic Session Pattern Assignment,50,6,360,47f5e4154947fed1bcb3c6871ae4f3b5d230a5c178bab938a992463975ff5c0c,50,7.0,42.4065306122449,1.0,1.0,True,20,6,30,3699990511,6912e7129165a42f54b3cbbaaf2a6662ace5c6a4c71efa917967fa618936f5ec,True,bayesian_windowed_all_off,A3 Ablation) Time Prior + Memory Off,False,500,500,0,0.0,500,487,0,0.974,0.974,1.0169339675566693,2.2297346921279706,379.328,409.20000000000005,101.0506908329844,500,0,0,0,0,1.0,0.0,0.0,0.0,0.0,1.0,28.204,0.0,0.0,0.0,0.0,0.0,,0.0,0.0,84.78080011965358,15.470726753264898,0.0,0.7957725850865245,101.047299458005,84.78080011965358,0.7957725850865245
20260909_112655_937821,3f2b5a8fb3fffdab239693207bcaa7d708d20a0bb6324163a8c1741f478b736b,43,2187632434,1233724830,2187632434,3,500,50,60,5,30,10.0,120,current,Optimized Pattern Generator,dynamic_session,Dynamic Session Pattern Assignment,50,6,360,aa126af81610b37cbcafa22c41302ceff39b27b86716bfec3309ddc90ae9c056,50,4.0,42.96326530612245,1.0,1.0,True,20,6,30,3699990508,6002af294c85a93a7cc1488537bc3d2ac90d75a9c6e164ca82b5c4360680cf22,True,single_only,A1) Refined Cost + Greedy 1:1,True,500,500,0,0.0,500,495,0,0.99,0.99,0.8207248922879791,2.510271326139446,381.73,421.1,106.33899375001783,500,0,0,0,0,1.0,0.0,0.0,0.0,0.0,1.0,28.56,0.0,0.0,0.0,0.0,0.0,,0.0,0.0,87.4040565759351,18.113880622637225,0.0,0.8180963014310692,106.3360335000034,87.4040565759351,0.8180963014310692
20260909_112655_937821,3f2b5a8fb3fffdab239693207bcaa7d708d20a0bb6324163a8c1741f478b736b,43,2187632434,1545686436,2187632434,3,500,50,60,5,30,10.0,120,current,Optimized Pattern Generator,dynamic_session,Dynamic Session Pattern Assignment,50,6,360,aa126af81610b37cbcafa22c41302ceff39b27b86716bfec3309ddc90ae9c056,50,4.0,42.96326530612245,1.0,1.0,True,20,6,30,3699990508,6002af294c85a93a7cc1488537bc3d2ac90d75a9c6e164ca82b5c4360680cf22,True,single_only_dtw_off,A1 Ablation) DTW Off,False,500,500,0,0.0,500,476,0,0.952,0.952,0.75598027776,2.460000490000001,381.73,421.1,105.86178624999593,500,0,0,0,0,1.0,0.0,0.0,0.0,0.0,1.0,28.56,0.0,0.0,0.0,0.0,0.0,,0.0,0.0,86.93979733885499,18.121599781967234,0.0,0.795185795170255,105.85658291599248,86.93979733885499,0.795185795170255
20260909_112655_937821,3f2b5a8fb3fffdab239693207bcaa7d708d20a0bb6324163a8c1741f478b736b,43,2187632434,866312276,2187632434,3,500,50,60,5,30,10.0,120,current,Optimized Pattern Generator,dynamic_session,Dynamic Session Pattern Assignment,50,6,360,aa126af81610b37cbcafa22c41302ceff39b27b86716bfec3309ddc90ae9c056,50,4.0,42.96326530612245,1.0,1.0,True,20,6,30,3699990508,6002af294c85a93a7cc1488537bc3d2ac90d75a9c6e164ca82b5c4360680cf22,True,single_only_step_off,A1 Ablation) Step Signature Off,False,500,500,0,0.0,500,499,0,0.998,0.998,0.055286406373740715,0.32339932103367514,381.73,421.1,105.42288354199263,500,0,0,0,0,1.0,0.0,0.0,0.0,0.0,1.0,28.56,0.0,0.0,0.0,0.0,0.0,,0.0,0.0,86.63422799675027,17.99983096163487,0.0,0.7857196666300297,105.41977862501517,86.63422799675027,0.7857196666300297
20260909_112655_937821,3f2b5a8fb3fffdab239693207bcaa7d708d20a0bb6324163a8c1741f478b736b,43,2187632434,1815193600,2187632434,3,500,50,60,5,30,10.0,120,current,Optimized Pattern Generator,dynamic_session,Dynamic Session Pattern Assignment,50,6,360,aa126af81610b37cbcafa22c41302ceff39b27b86716bfec3309ddc90ae9c056,50,4.0,42.96326530612245,1.0,1.0,True,20,6,30,3699990508,6002af294c85a93a7cc1488537bc3d2ac90d75a9c6e164ca82b5c4360680cf22,True,single_only_all_off,A1 Ablation) All Waveform Terms Off,False,500,500,0,0.0,500,360,0,0.72,0.72,1.28740027284,8.40000006,381.73,421.1,87.35742312498041,500,0,0,0,0,1.0,0.0,0.0,0.0,0.0,1.0,28.56,0.0,0.0,0.0,0.0,0.0,,0.0,0.0,86.47031121217879,0.04892928892513737,0.0,0.8349664988927543,87.35420699999668,86.47031121217879,0.8349664988927543
20260909_112655_937821,3f2b5a8fb3fffdab239693207bcaa7d708d20a0bb6324163a8c1741f478b736b,43,2187632434,2184921371,2187632434,3,500,50,60,5,30,10.0,120,current,Optimized Pattern Generator,dynamic_session,Dynamic Session Pattern Assignment,50,6,360,aa126af81610b37cbcafa22c41302ceff39b27b86716bfec3309ddc90ae9c056,50,4.0,42.96326530612245,1.0,1.0,True,20,6,30,3699990508,6002af294c85a93a7cc1488537bc3d2ac90d75a9c6e164ca82b5c4360680cf22,True,nomura_original_interval_hungarian,A2) Corr+DTW + Hungarian,False,500,500,0,0.0,500,500,0,1.0,1.0,0.05394177020465027,0.19902427484625412,381.73,421.1,132.77359366600285,500,0,0,0,0,1.0,0.0,0.0,0.0,0.0,1.0,28.56,0.0,0.0,0.0,0.0,0.0,,0.0,0.0,86.32545596707496,45.64263241569279,0.0,0.8022503262327518,132.7703387090005,86.32545596707496,0.8022503262327518
20260909_112655_937821,3f2b5a8fb3fffdab239693207bcaa7d708d20a0bb6324163a8c1741f478b736b,43,2187632434,2176353905,2187632434,3,500,50,60,5,30,10.0,120,current,Optimized Pattern Generator,dynamic_session,Dynamic Session Pattern Assignment,50,6,360,aa126af81610b37cbcafa22c41302ceff39b27b86716bfec3309ddc90ae9c056,50,4.0,42.96326530612245,1.0,1.0,True,20,6,30,3699990508,6002af294c85a93a7cc1488537bc3d2ac90d75a9c6e164ca82b5c4360680cf22,True,nomura_original_interval_hungarian_dtw_off,A2 Ablation) DTW Off (Corr-only),False,500,500,0,0.0,500,488,0,0.976,0.976,0.051776195151612116,0.1861009548419171,381.73,421.1,133.16212895797798,500,0,0,0,0,1.0,0.0,0.0,0.0,0.0,1.0,28.56,0.0,0.0,0.0,0.0,0.0,,0.0,0.0,86.73724428206333,45.63522733323043,0.0,0.7867950926884077,133.15926670798217,86.73724428206333,0.7867950926884077
20260909_112655_937821,3f2b5a8fb3fffdab239693207bcaa7d708d20a0bb6324163a8c1741f478b736b,43,2187632434,1055930909,2187632434,3,500,50,60,5,30,10.0,120,current,Optimized Pattern Generator,dynamic_session,Dynamic Session Pattern Assignment,50,6,360,aa126af81610b37cbcafa22c41302ceff39b27b86716bfec3309ddc90ae9c056,50,4.0,42.96326530612245,1.0,1.0,True,20,6,30,3699990508,6002af294c85a93a7cc1488537bc3d2ac90d75a9c6e164ca82b5c4360680cf22,True,nomura_original_interval_hungarian_corr_off,A2 Ablation) Corr Off (DTW-only),False,500,500,0,0.0,500,488,0,0.976,0.976,0.0009287123822752614,0.08669187356956463,381.73,421.1,132.99675995801226,500,0,0,0,0,1.0,0.0,0.0,0.0,0.0,1.0,28.56,0.0,0.0,0.0,0.0,0.0,,0.0,0.0,86.5850287193025,45.61209783781669,0.0,0.7964504838746507,132.99357704099384,86.5850287193025,0.7964504838746507
20260909_112655_937821,3f2b5a8fb3fffdab239693207bcaa7d708d20a0bb6324163a8c1741f478b736b,43,2187632434,542446198,2187632434,3,500,50,60,5,30,10.0,120,current,Optimized Pattern Generator,dynamic_session,Dynamic Session Pattern Assignment,50,6,360,aa126af81610b37cbcafa22c41302ceff39b27b86716bfec3309ddc90ae9c056,50,4.0,42.96326530612245,1.0,1.0,True,20,6,30,3699990508,6002af294c85a93a7cc1488537bc3d2ac90d75a9c6e164ca82b5c4360680cf22,True,nomura_original_interval_hungarian_all_off,A2 Ablation) All Waveform Terms Off,False,500,500,0,0.0,500,360,0,0.72,0.72,1.28740027284,8.40000006,381.73,421.1,86.40643450000789,500,0,0,0,0,1.0,0.0,0.0,0.0,0.0,1.0,28.56,0.0,0.0,0.0,0.0,0.0,,0.0,0.0,85.56207309593447,0.04820037487661466,0.0,0.7932533621788025,86.40352683298988,85.56207309593447,0.7932533621788025
20260909_112655_937821,3f2b5a8fb3fffdab239693207bcaa7d708d20a0bb6324163a8c1741f478b736b,43,2187632434,1367392775,2187632434,3,500,50,60,5,30,10.0,120,current,Optimized Pattern Generator,dynamic_session,Dynamic Session Pattern Assignment,50,6,360,aa126af81610b37cbcafa22c41302ceff39b27b86716bfec3309ddc90ae9c056,50,4.0,42.96326530612245,1.0,1.0,True,20,6,30,3699990508,6002af294c85a93a7cc1488537bc3d2ac90d75a9c6e164ca82b5c4360680cf22,True,bayesian_windowed,A3) Two-Stage Bayesian Posterior + Hungarian,False,500,500,0,0.0,500,496,0,0.992,0.992,0.583094864080202,1.8010738409133056,381.73,421.1,102.71617795797647,500,0,0,0,0,1.0,0.0,0.0,0.0,0.0,1.0,28.56,0.0,0.0,0.0,0.0,0.0,,0.0,0.0,86.2692691697739,15.657554420671659,0.0,0.7864427015301771,102.71326629197574,86.2692691697739,0.7864427015301771
20260909_112655_937821,3f2b5a8fb3fffdab239693207bcaa7d708d20a0bb6324163a8c1741f478b736b,43,2187632434,1977915793,2187632434,3,500,50,60,5,30,10.0,120,current,Optimized Pattern Generator,dynamic_session,Dynamic Session Pattern Assignment,50,6,360,aa126af81610b37cbcafa22c41302ceff39b27b86716bfec3309ddc90ae9c056,50,4.0,42.96326530612245,1.0,1.0,True,20,6,30,3699990508,6002af294c85a93a7cc1488537bc3d2ac90d75a9c6e164ca82b5c4360680cf22,True,bayesian_windowed_memory_off,A3 Ablation) Posterior Memory Off,False,500,500,0,0.0,500,495,0,0.99,0.99,0.9444103482298961,2.1613319518904635,381.73,421.1,102.6619900839869,500,0,0,0,0,1.0,0.0,0.0,0.0,0.0,1.0,28.56,0.0,0.0,0.0,0.0,0.0,,0.0,0.0,86.2037558357406,15.653062260273146,0.0,0.8015045699721668,102.6583226659859,86.2037558357406,0.8015045699721668
20260909_112655_937821,3f2b5a8fb3fffdab239693207bcaa7d708d20a0bb6324163a8c1741f478b736b,43,2187632434,2395032865,2187632434,3,500,50,60,5,30,10.0,120,current,Optimized Pattern Generator,dynamic_session,Dynamic Session Pattern Assignment,50,6,360,aa126af81610b37cbcafa22c41302ceff39b27b86716bfec3309ddc90ae9c056,50,4.0,42.96326530612245,1.0,1.0,True,20,6,30,3699990508,6002af294c85a93a7cc1488537bc3d2ac90d75a9c6e164ca82b5c4360680cf22,True,bayesian_windowed_timeprior_off,A3 Ablation) Time Prior Off,False,500,500,0,0.0,500,496,0,0.992,0.992,0.5874967505409172,1.8232307833107502,381.73,421.1,102.70432175003225,500,0,0,0,0,1.0,0.0,0.0,0.0,0.0,1.0,28.56,0.0,0.0,0.0,0.0,0.0,,0.0,0.0,86.19978232932044,15.698413807229372,0.0,0.8018189464346506,102.70001508298446,86.19978232932044,0.8018189464346506
20260909_112655_937821,3f2b5a8fb3fffdab239693207bcaa7d708d20a0bb6324163a8c1741f478b736b,43,2187632434,433795927,2187632434,3,500,50,60,5,30,10.0,120,current,Optimized Pattern Generator,dynamic_session,Dynamic Session Pattern Assignment,50,6,360,aa126af81610b37cbcafa22c41302ceff39b27b86716bfec3309ddc90ae9c056,50,4.0,42.96326530612245,1.0,1.0,True,20,6,30,3699990508,6002af294c85a93a7cc1488537bc3d2ac90d75a9c6e164ca82b5c4360680cf22,True,bayesian_windowed_all_off,A3 Ablation) Time Prior + Memory Off,False,500,500,0,0.0,500,495,0,0.99,0.99,0.9463222397440081,2.1613319518904635,381.73,421.1,103.23404775001109,500,0,0,0,0,1.0,0.0,0.0,0.0,0.0,1.0,28.56,0.0,0.0,0.0,0.0,0.0,,0.0,0.0,86.72791929374216,15.70969666086603,0.0,0.791954628424719,103.22957058303291,86.72791929374216,0.791954628424719
20260909_112655_937821,3f2b5a8fb3fffdab239693207bcaa7d708d20a0bb6324163a8c1741f478b736b,44,2187632435,1233724831,2187632435,4,500,50,60,5,30,10.0,120,current,Optimized Pattern Generator,dynamic_session,Dynamic Session Pattern Assignment,50,6,360,9e38e7aadf3bae672c4219ffcc81cfecd9d301d3757f014bfc1054b8ca74eeb7,50,7.0,40.2130612244898,1.0,1.0,True,20,6,30,3699990509,732f8b80bc0f922c51f7644270db18d293a2c309d0a239378afbbb9363223b81,True,single_only,A1) Refined Cost + Greedy 1:1,True,500,500,0,0.0,500,486,0,0.972,0.972,0.8679899521481087,3.2127823943367817,381.642,414.0,104.36583937500836,500,0,0,0,0,1.0,0.0,0.0,0.0,0.0,1.0,28.252,0.0,0.0,0.0,0.0,0.0,,0.0,0.0,85.66784412838751,17.900277457782067,0.0,0.7947919138823636,104.36291350005195,85.66784412838751,0.7947919138823636
20260909_112655_937821,3f2b5a8fb3fffdab239693207bcaa7d708d20a0bb6324163a8c1741f478b736b,44,2187632435,1545686437,2187632435,4,500,50,60,5,30,10.0,120,current,Optimized Pattern Generator,dynamic_session,Dynamic Session Pattern Assignment,50,6,360,9e38e7aadf3bae672c4219ffcc81cfecd9d301d3757f014bfc1054b8ca74eeb7,50,7.0,40.2130612244898,1.0,1.0,True,20,6,30,3699990509,732f8b80bc0f922c51f7644270db18d293a2c309d0a239378afbbb9363223b81,True,single_only_dtw_off,A1 Ablation) DTW Off,False,500,500,0,0.0,500,457,0,0.914,0.914,0.7872602592400001,2.443333723333333,381.642,414.0,104.35171370796161,500,0,0,0,0,1.0,0.0,0.0,0.0,0.0,1.0,28.252,0.0,0.0,0.0,0.0,0.0,,0.0,0.0,85.6987528760801,17.860241794900503,0.0,0.7897928709862754,104.34878754196689,85.6987528760801,0.7897928709862754
20260909_112655_937821,3f2b5a8fb3fffdab239693207bcaa7d708d20a0bb6324163a8c1741f478b736b,44,2187632435,866312277,2187632435,4,500,50,60,5,30,10.0,120,current,Optimized Pattern Generator,dynamic_session,Dynamic Session Pattern Assignment,50,6,360,9e38e7aadf3bae672c4219ffcc81cfecd9d301d3757f014bfc1054b8ca74eeb7,50,7.0,40.2130612244898,1.0,1.0,True,20,6,30,3699990509,732f8b80bc0f922c51f7644270db18d293a2c309d0a239378afbbb9363223b81,True,single_only_step_off,A1 Ablation) Step Signature Off,False,500,500,0,0.0,500,498,0,0.996,0.996,0.06415160771719396,0.6494490610034477,381.642,414.0,104.83887737500481,500,0,0,0,0,1.0,0.0,0.0,0.0,0.0,1.0,28.252,0.0,0.0,0.0,0.0,0.0,,0.0,0.0,86.02967291948153,18.011820917658042,0.0,0.7941879128920846,104.83568175003165,86.02967291948153,0.7941879128920846
20260909_112655_937821,3f2b5a8fb3fffdab239693207bcaa7d708d20a0bb6324163a8c1741f478b736b,44,2187632435,1815193601,2187632435,4,500,50,60,5,30,10.0,120,current,Optimized Pattern Generator,dynamic_session,Dynamic Session Pattern Assignment,50,6,360,9e38e7aadf3bae672c4219ffcc81cfecd9d301d3757f014bfc1054b8ca74eeb7,50,7.0,40.2130612244898,1.0,1.0,True,20,6,30,3699990509,732f8b80bc0f922c51f7644270db18d293a2c309d0a239378afbbb9363223b81,True,single_only_all_off,A1 Ablation) All Waveform Terms Off,False,500,500,0,0.0,500,348,0,0.696,0.696,1.1508002536400002,7.40000101,381.642,414.0,85.93825437501073,500,0,0,0,0,1.0,0.0,0.0,0.0,0.0,1.0,28.252,0.0,0.0,0.0,0.0,0.0,,0.0,0.0,85.095943882945,0.04872588231228292,0.0,0.7882356927148066,85.93290545797208,85.095943882945,0.7882356927148066
20260909_112655_937821,3f2b5a8fb3fffdab239693207bcaa7d708d20a0bb6324163a8c1741f478b736b,44,2187632435,2184921370,2187632435,4,500,50,60,5,30,10.0,120,current,Optimized Pattern Generator,dynamic_session,Dynamic Session Pattern Assignment,50,6,360,9e38e7aadf3bae672c4219ffcc81cfecd9d301d3757f014bfc1054b8ca74eeb7,50,7.0,40.2130612244898,1.0,1.0,True,20,6,30,3699990509,732f8b80bc0f922c51f7644270db18d293a2c309d0a239378afbbb9363223b81,True,nomura_original_interval_hungarian,A2) Corr+DTW + Hungarian,False,500,500,0,0.0,500,500,0,1.0,1.0,0.05827094397005386,0.2672759239350639,381.642,414.0,132.0436899580527,500,0,0,0,0,1.0,0.0,0.0,0.0,0.0,1.0,28.252,0.0,0.0,0.0,0.0,0.0,,0.0,0.0,85.80339487246238,45.448865786369424,0.0,0.7883429242065176,132.04060358303832,85.80339487246238,0.7883429242065176
20260909_112655_937821,3f2b5a8fb3fffdab239693207bcaa7d708d20a0bb6324163a8c1741f478b736b,44,2187632435,2176353904,2187632435,4,500,50,60,5,30,10.0,120,current,Optimized Pattern Generator,dynamic_session,Dynamic Session Pattern Assignment,50,6,360,9e38e7aadf3bae672c4219ffcc81cfecd9d301d3757f014bfc1054b8ca74eeb7,50,7.0,40.2130612244898,1.0,1.0,True,20,6,30,3699990509,732f8b80bc0f922c51f7644270db18d293a2c309d0a239378afbbb9363223b81,True,nomura_original_interval_hungarian_dtw_off,A2 Ablation) DTW Off (Corr-only),False,500,500,0,0.0,500,487,0,0.974,0.974,0.0565369540539109,0.24392626960984465,381.642,414.0,131.66341162502067,500,0,0,0,0,1.0,0.0,0.0,0.0,0.0,1.0,28.252,0.0,0.0,0.0,0.0,0.0,,0.0,0.0,85.50825175934006,45.32650737883523,0.0,0.8238479868741706,131.65860712504946,85.50825175934006,0.8238479868741706
20260909_112655_937821,3f2b5a8fb3fffdab239693207bcaa7d708d20a0bb6324163a8c1741f478b736b,44,2187632435,1055930908,2187632435,4,500,50,60,5,30,10.0,120,current,Optimized Pattern Generator,dynamic_session,Dynamic Session Pattern Assignment,50,6,360,9e38e7aadf3bae672c4219ffcc81cfecd9d301d3757f014bfc1054b8ca74eeb7,50,7.0,40.2130612244898,1.0,1.0,True,20,6,30,3699990509,732f8b80bc0f922c51f7644270db18d293a2c309d0a239378afbbb9363223b81,True,nomura_original_interval_hungarian_corr_off,A2 Ablation) Corr Off (DTW-only),False,500,500,0,0.0,500,488,0,0.976,0.976,0.0006223352767091518,0.06346488017865419,381.642,414.0,130.56941154197557,500,0,0,0,0,1.0,0.0,0.0,0.0,0.0,1.0,28.252,0.0,0.0,0.0,0.0,0.0,,0.0,0.0,84.8026152329403,44.9742249827832,0.0,0.786938825272955,130.56377904099645,84.8026152329403,0.786938825272955
20260909_112655_937821,3f2b5a8fb3fffdab239693207bcaa7d708d20a0bb6324163a8c1741f478b736b,44,2187632435,542446199,2187632435,4,500,50,60,5,30,10.0,120,current,Optimized Pattern Generator,dynamic_session,Dynamic Session Pattern Assignment,50,6,360,9e38e7aadf3bae672c4219ffcc81cfecd9d301d3757f014bfc1054b8ca74eeb7,50,7.0,40.2130612244898,1.0,1.0,True,20,6,30,3699990509,732f8b80bc0f922c51f7644270db18d293a2c309d0a239378afbbb9363223b81,True,nomura_original_interval_hungarian_all_off,A2 Ablation) All Waveform Terms Off,False,500,500,0,0.0,500,348,0,0.696,0.696,1.1508002536400002,7.40000101,381.642,414.0,85.14489362499444,500,0,0,0,0,1.0,0.0,0.0,0.0,0.0,1.0,28.252,0.0,0.0,0.0,0.0,0.0,,0.0,0.0,84.31001367524732,0.04829737759428099,0.0,0.7835474471212365,85.14185849996284,84.31001367524732,0.7835474471212365
20260909_112655_937821,3f2b5a8fb3fffdab239693207bcaa7d708d20a0bb6324163a8c1741f478b736b,44,2187632435,1367392774,2187632435,4,500,50,60,5,30,10.0,120,current,Optimized Pattern Generator,dynamic_session,Dynamic Session Pattern Assignment,50,6,360,9e38e7aadf3bae672c4219ffcc81cfecd9d301d3757f014bfc1054b8ca74eeb7,50,7.0,40.2130612244898,1.0,1.0,True,20,6,30,3699990509,732f8b80bc0f922c51f7644270db18d293a2c309d0a239378afbbb9363223b81,True,bayesian_windowed,A3) Two-Stage Bayesian Posterior + Hungarian,False,500,500,0,0.0,500,498,0,0.996,0.996,0.5964592182677583,1.7399217278556152,381.642,414.0,102.26240912498906,500,0,0,0,0,1.0,0.0,0.0,0.0,0.0,1.0,28.252,0.0,0.0,0.0,0.0,0.0,,0.0,0.0,85.84244478633627,15.633809169114102,0.0,0.7832242535077967,102.25947820895817,85.84244478633627,0.7832242535077967
20260909_112655_937821,3f2b5a8fb3fffdab239693207bcaa7d708d20a0bb6324163a8c1741f478b736b,44,2187632435,1977915792,2187632435,4,500,50,60,5,30,10.0,120,current,Optimized Pattern Generator,dynamic_session,Dynamic Session Pattern Assignment,50,6,360,9e38e7aadf3bae672c4219ffcc81cfecd9d301d3757f014bfc1054b8ca74eeb7,50,7.0,40.2130612244898,1.0,1.0,True,20,6,30,3699990509,732f8b80bc0f922c51f7644270db18d293a2c309d0a239378afbbb9363223b81,True,bayesian_windowed_memory_off,A3 Ablation) Posterior Memory Off,False,500,500,0,0.0,500,486,0,0.972,0.972,0.9699340341769632,2.1738835515843387,381.642,414.0,101.10834350000368,500,0,0,0,0,1.0,0.0,0.0,0.0,0.0,1.0,28.252,0.0,0.0,0.0,0.0,0.0,,0.0,0.0,84.97128690732643,15.340263923222665,0.0,0.7936747534549795,101.10522558400407,84.97128690732643,0.7936747534549795
20260909_112655_937821,3f2b5a8fb3fffdab239693207bcaa7d708d20a0bb6324163a8c1741f478b736b,44,2187632435,2395032864,2187632435,4,500,50,60,5,30,10.0,120,current,Optimized Pattern Generator,dynamic_session,Dynamic Session Pattern Assignment,50,6,360,9e38e7aadf3bae672c4219ffcc81cfecd9d301d3757f014bfc1054b8ca74eeb7,50,7.0,40.2130612244898,1.0,1.0,True,20,6,30,3699990509,732f8b80bc0f922c51f7644270db18d293a2c309d0a239378afbbb9363223b81,True,bayesian_windowed_timeprior_off,A3 Ablation) Time Prior Off,False,500,500,0,0.0,500,498,0,0.996,0.996,0.601919553631326,1.7405874934635879,381.642,414.0,101.0290185410413,500,0,0,0,0,1.0,0.0,0.0,0.0,0.0,1.0,28.252,0.0,0.0,0.0,0.0,0.0,,0.0,0.0,84.79007328953594,15.444485778803937,0.0,0.7914266406442039,101.02598570898408,84.79007328953594,0.7914266406442039
20260909_112655_937821,3f2b5a8fb3fffdab239693207bcaa7d708d20a0bb6324163a8c1741f478b736b,44,2187632435,433795926,2187632435,4,500,50,60,5,30,10.0,120,current,Optimized Pattern Generator,dynamic_session,Dynamic Session Pattern Assignment,50,6,360,9e38e7aadf3bae672c4219ffcc81cfecd9d301d3757f014bfc1054b8ca74eeb7,50,7.0,40.2130612244898,1.0,1.0,True,20,6,30,3699990509,732f8b80bc0f922c51f7644270db18d293a2c309d0a239378afbbb9363223b81,True,bayesian_windowed_all_off,A3 Ablation) Time Prior + Memory Off,False,500,500,0,0.0,500,486,0,0.972,0.972,0.9722073590771354,2.185326151460143,381.642,414.0,101.33934891602257,500,0,0,0,0,1.0,0.0,0.0,0.0,0.0,1.0,28.252,0.0,0.0,0.0,0.0,0.0,,0.0,0.0,85.10433421144262,15.43716481415322,0.0,0.7947965994244441,101.33629562502028,85.10433421144262,0.7947965994244441
20260909_112655_937821,3f2b5a8fb3fffdab239693207bcaa7d708d20a0bb6324163a8c1741f478b736b,45,2187632436,1233724824,2187632436,5,500,50,60,5,30,10.0,120,current,Optimized Pattern Generator,dynamic_session,Dynamic Session Pattern Assignment,50,6,360,c3d330be9b38672ca642d41b13a1ba8ee2318e71b5813d22821e7f0b45262257,50,6.0,39.67836734693878,1.0,1.0,True,20,6,30,3699990506,bdf96b1e88a5dc8d0b7656829b24f4d13e71de582128d5873d8aad03f7a2cae5,True,single_only,A1) Refined Cost + Greedy 1:1,True,500,500,0,0.0,500,493,0,0.986,0.986,0.835205278368507,2.5488423947356202,381.266,415.0,102.93723829195369,500,0,0,0,0,1.0,0.0,0.0,0.0,0.0,1.0,27.964,0.0,0.0,0.0,0.0,0.0,,0.0,0.0,84.52800692006713,17.622937456064392,0.0,0.7833144578617066,102.93425883399323,84.52800692006713,0.7833144578617066
20260909_112655_937821,3f2b5a8fb3fffdab239693207bcaa7d708d20a0bb6324163a8c1741f478b736b,45,2187632436,1545686434,2187632436,5,500,50,60,5,30,10.0,120,current,Optimized Pattern Generator,dynamic_session,Dynamic Session Pattern Assignment,50,6,360,c3d330be9b38672ca642d41b13a1ba8ee2318e71b5813d22821e7f0b45262257,50,6.0,39.67836734693878,1.0,1.0,True,20,6,30,3699990506,bdf96b1e88a5dc8d0b7656829b24f4d13e71de582128d5873d8aad03f7a2cae5,True,single_only_dtw_off,A1 Ablation) DTW Off,False,500,500,0,0.0,500,472,0,0.944,0.944,0.7682002770000002,2.3000001100000005,381.266,415.0,102.99184425000567,500,0,0,0,0,1.0,0.0,0.0,0.0,0.0,1.0,27.964,0.0,0.0,0.0,0.0,0.0,,0.0,0.0,84.5306477760314,17.66572876542341,0.0,0.792644708591979,102.98902125004679,84.5306477760314,0.792644708591979
20260909_112655_937821,3f2b5a8fb3fffdab239693207bcaa7d708d20a0bb6324163a8c1741f478b736b,45,2187632436,866312274,2187632436,5,500,50,60,5,30,10.0,120,current,Optimized Pattern Generator,dynamic_session,Dynamic Session Pattern Assignment,50,6,360,c3d330be9b38672ca642d41b13a1ba8ee2318e71b5813d22821e7f0b45262257,50,6.0,39.67836734693878,1.0,1.0,True,20,6,30,3699990506,bdf96b1e88a5dc8d0b7656829b24f4d13e71de582128d5873d8aad03f7a2cae5,True,single_only_step_off,A1 Ablation) Step Signature Off,False,500,500,0,0.0,500,497,0,0.994,0.994,0.057268961200546455,0.45398000258939303,381.266,415.0,103.85655520897126,500,0,0,0,0,1.0,0.0,0.0,0.0,0.0,1.0,27.964,0.0,0.0,0.0,0.0,0.0,,0.0,0.0,85.32200729619944,17.724686759873293,0.0,0.8067636099294759,103.85345766600221,85.32200729619944,0.8067636099294759
20260909_112655_937821,3f2b5a8fb3fffdab239693207bcaa7d708d20a0bb6324163a8c1741f478b736b,45,2187632436,1815193606,2187632436,5,500,50,60,5,30,10.0,120,current,Optimized Pattern Generator,dynamic_session,Dynamic Session Pattern Assignment,50,6,360,c3d330be9b38672ca642d41b13a1ba8ee2318e71b5813d22821e7f0b45262257,50,6.0,39.67836734693878,1.0,1.0,True,20,6,30,3699990506,bdf96b1e88a5dc8d0b7656829b24f4d13e71de582128d5873d8aad03f7a2cae5,True,single_only_all_off,A1 Ablation) All Waveform Terms Off,False,500,500,0,0.0,500,357,0,0.714,0.714,1.19700027692,7.800000370000001,381.266,415.0,85.24523104104446,500,0,0,0,0,1.0,0.0,0.0,0.0,0.0,1.0,27.964,0.0,0.0,0.0,0.0,0.0,,0.0,0.0,84.39591433573514,0.04789149988209829,0.0,0.7960955803864636,85.2399014160037,84.39591433573514,0.7960955803864636
20260909_112655_937821,3f2b5a8fb3fffdab239693207bcaa7d708d20a0bb6324163a8c1741f478b736b,45,2187632436,2184921373,2187632436,5,500,50,60,5,30,10.0,120,current,Optimized Pattern Generator,dynamic_session,Dynamic Session Pattern Assignment,50,6,360,c3d330be9b38672ca642d41b13a1ba8ee2318e71b5813d22821e7f0b45262257,50,6.0,39.67836734693878,1.0,1.0,True,20,6,30,3699990506,bdf96b1e88a5dc8d0b7656829b24f4d13e71de582128d5873d8aad03f7a2cae5,True,nomura_original_interval_hungarian,A2) Corr+DTW + Hungarian,False,500,500,0,0.0,500,500,0,1.0,1.0,0.055525861904669384,0.19770429274346596,381.266,415.0,130.72971979202703,500,0,0,0,0,1.0,0.0,0.0,0.0,0.0,1.0,27.964,0.0,0.0,0.0,0.0,0.0,,0.0,0.0,85.20745444926433,44.72288407571614,0.0,0.7953949340153486,130.72573345899582,85.20745444926433,0.7953949340153486
20260909_112655_937821,3f2b5a8fb3fffdab239693207bcaa7d708d20a0bb6324163a8c1741f478b736b,45,2187632436,2176353911,2187632436,5,500,50,60,5,30,10.0,120,current,Optimized Pattern Generator,dynamic_session,Dynamic Session Pattern Assignment,50,6,360,c3d330be9b38672ca642d41b13a1ba8ee2318e71b5813d22821e7f0b45262257,50,6.0,39.67836734693878,1.0,1.0,True,20,6,30,3699990506,bdf96b1e88a5dc8d0b7656829b24f4d13e71de582128d5873d8aad03f7a2cae5,True,nomura_original_interval_hungarian_dtw_off,A2 Ablation) DTW Off (Corr-only),False,500,500,0,0.0,500,476,0,0.952,0.952,0.052962080337469374,0.19770429274346596,381.266,415.0,130.32790787500562,500,0,0,0,0,1.0,0.0,0.0,0.0,0.0,1.0,27.964,0.0,0.0,0.0,0.0,0.0,,0.0,0.0,84.8803664923762,44.63491944986163,0.0,0.808505515800789,130.3237914580386,84.8803664923762,0.808505515800789
20260909_112655_937821,3f2b5a8fb3fffdab239693207bcaa7d708d20a0bb6324163a8c1741f478b736b,45,2187632436,1055930907,2187632436,5,500,50,60,5,30,10.0,120,current,Optimized Pattern Generator,dynamic_session,Dynamic Session Pattern Assignment,50,6,360,c3d330be9b38672ca642d41b13a1ba8ee2318e71b5813d22821e7f0b45262257,50,6.0,39.67836734693878,1.0,1.0,True,20,6,30,3699990506,bdf96b1e88a5dc8d0b7656829b24f4d13e71de582128d5873d8aad03f7a2cae5,True,nomura_original_interval_hungarian_corr_off,A2 Ablation) Corr Off (DTW-only),False,500,500,0,0.0,500,483,0,0.966,0.966,0.0009028353329537404,0.11768726857889031,381.266,415.0,130.11966308299452,500,0,0,0,0,1.0,0.0,0.0,0.0,0.0,1.0,27.964,0.0,0.0,0.0,0.0,0.0,,0.0,0.0,84.67069678578991,44.65369012730662,0.0,0.792389461887069,130.1167763749836,84.67069678578991,0.792389461887069
20260909_112655_937821,3f2b5a8fb3fffdab239693207bcaa7d708d20a0bb6324163a8c1741f478b736b,45,2187632436,542446192,2187632436,5,500,50,60,5,30,10.0,120,current,Optimized Pattern Generator,dynamic_session,Dynamic Session Pattern Assignment,50,6,360,c3d330be9b38672ca642d41b13a1ba8ee2318e71b5813d22821e7f0b45262257,50,6.0,39.67836734693878,1.0,1.0,True,20,6,30,3699990506,bdf96b1e88a5dc8d0b7656829b24f4d13e71de582128d5873d8aad03f7a2cae5,True,nomura_original_interval_hungarian_all_off,A2 Ablation) All Waveform Terms Off,False,500,500,0,0.0,500,357,0,0.714,0.714,1.19700027692,7.800000370000001,381.266,415.0,85.72118383302586,500,0,0,0,0,1.0,0.0,0.0,0.0,0.0,1.0,27.964,0.0,0.0,0.0,0.0,0.0,,0.0,0.0,84.87455921754008,0.04773966717766598,0.0,0.7957083653309382,85.71800725004869,84.87455921754008,0.7957083653309382
20260909_112655_937821,3f2b5a8fb3fffdab239693207bcaa7d708d20a0bb6324163a8c1741f478b736b,45,2187632436,1367392769,2187632436,5,500,50,60,5,30,10.0,120,current,Optimized Pattern Generator,dynamic_session,Dynamic Session Pattern Assignment,50,6,360,c3d330be9b38672ca642d41b13a1ba8ee2318e71b5813d22821e7f0b45262257,50,6.0,39.67836734693878,1.0,1.0,True,20,6,30,3699990506,bdf96b1e88a5dc8d0b7656829b24f4d13e71de582128d5873d8aad03f7a2cae5,True,bayesian_windowed,A3) Two-Stage Bayesian Posterior + Hungarian,False,500,500,0,0.0,500,496,0,0.992,0.992,0.6127675321055536,1.7368844313240253,381.266,415.0,101.01876812498085,500,0,0,0,0,1.0,0.0,0.0,0.0,0.0,1.0,27.964,0.0,0.0,0.0,0.0,0.0,,0.0,0.0,84.84616471867776,15.361108084383886,0.0,0.8086139879305847,101.01588679099223,84.84616471867776,0.8086139879305847
20260909_112655_937821,3f2b5a8fb3fffdab239693207bcaa7d708d20a0bb6324163a8c1741f478b736b,45,2187632436,1977915799,2187632436,5,500,50,60,5,30,10.0,120,current,Optimized Pattern Generator,dynamic_session,Dynamic Session Pattern Assignment,50,6,360,c3d330be9b38672ca642d41b13a1ba8ee2318e71b5813d22821e7f0b45262257,50,6.0,39.67836734693878,1.0,1.0,True,20,6,30,3699990506,bdf96b1e88a5dc8d0b7656829b24f4d13e71de582128d5873d8aad03f7a2cae5,True,bayesian_windowed_memory_off,A3 Ablation) Posterior Memory Off,False,500,500,0,0.0,500,494,0,0.988,0.988,0.9886067179301496,2.2590627641856216,381.266,415.0,100.79687516699778,500,0,0,0,0,1.0,0.0,0.0,0.0,0.0,1.0,27.964,0.0,0.0,0.0,0.0,0.0,,0.0,0.0,84.55567324097501,15.422863920568489,0.0,0.8150179214426316,100.79355508298613,84.55567324097501,0.8150179214426316
20260909_112655_937821,3f2b5a8fb3fffdab239693207bcaa7d708d20a0bb6324163a8c1741f478b736b,45,2187632436,2395032871,2187632436,5,500,50,60,5,30,10.0,120,current,Optimized Pattern Generator,dynamic_session,Dynamic Session Pattern Assignment,50,6,360,c3d330be9b38672ca642d41b13a1ba8ee2318e71b5813d22821e7f0b45262257,50,6.0,39.67836734693878,1.0,1.0,True,20,6,30,3699990506,bdf96b1e88a5dc8d0b7656829b24f4d13e71de582128d5873d8aad03f7a2cae5,True,bayesian_windowed_timeprior_off,A3 Ablation) Time Prior Off,False,500,500,0,0.0,500,495,0,0.99,0.99,0.6170748863246766,1.7625018750058745,381.266,415.0,101.2947136250441,500,0,0,0,0,1.0,0.0,0.0,0.0,0.0,1.0,27.964,0.0,0.0,0.0,0.0,0.0,,0.0,0.0,85.09687369747553,15.403342830657493,0.0,0.7912311798427254,101.29144770797575,85.09687369747553,0.7912311798427254
20260909_112655_937821,3f2b5a8fb3fffdab239693207bcaa7d708d20a0bb6324163a8c1741f478b736b,45,2187632436,433795921,2187632436,5,500,50,60,5,30,10.0,120,current,Optimized Pattern Generator,dynamic_session,Dynamic Session Pattern Assignment,50,6,360,c3d330be9b38672ca642d41b13a1ba8ee2318e71b5813d22821e7f0b45262257,50,6.0,39.67836734693878,1.0,1.0,True,20,6,30,3699990506,bdf96b1e88a5dc8d0b7656829b24f4d13e71de582128d5873d8aad03f7a2cae5,True,bayesian_windowed_all_off,A3 Ablation) Time Prior + Memory Off,False,500,500,0,0.0,500,493,0,0.986,0.986,0.9903984769436592,2.2652872502611263,381.266,415.0,100.92314691701904,500,0,0,0,0,1.0,0.0,0.0,0.0,0.0,1.0,27.964,0.0,0.0,0.0,0.0,0.0,,0.0,0.0,84.79262288520113,15.331466032133903,0.0,0.796074582671281,100.92016350000631,84.79262288520113,0.796074582671281
20260909_112655_937821,3f2b5a8fb3fffdab239693207bcaa7d708d20a0bb6324163a8c1741f478b736b,46,2187632437,1233724825,2187632437,6,500,50,60,5,30,10.0,120,current,Optimized Pattern Generator,dynamic_session,Dynamic Session Pattern Assignment,50,6,360,99fef08ba3fea667b4adf1aaee53e0d8aee9f0a1c27e8e965d51ee6475a7d8d0,50,8.0,42.994285714285716,1.0,1.0,True,20,6,30,3699990507,2d2e92874f8c14846a034c69de963eacd4ae0066e7f7fed4b2b2993797dad490,True,single_only,A1) Refined Cost + Greedy 1:1,True,500,500,0,0.0,500,486,0,0.972,0.972,0.8441184409137424,3.590617271512674,381.518,414.20000000000005,104.01893579104217,500,0,0,0,0,1.0,0.0,0.0,0.0,0.0,1.0,28.526,0.0,0.0,0.0,0.0,0.0,,0.0,0.0,85.4040959085105,17.815322531678248,0.0,0.7965281008509919,104.01594654103974,85.4040959085105,0.7965281008509919
20260909_112655_937821,3f2b5a8fb3fffdab239693207bcaa7d708d20a0bb6324163a8c1741f478b736b,46,2187632437,1545686435,2187632437,6,500,50,60,5,30,10.0,120,current,Optimized Pattern Generator,dynamic_session,Dynamic Session Pattern Assignment,50,6,360,99fef08ba3fea667b4adf1aaee53e0d8aee9f0a1c27e8e965d51ee6475a7d8d0,50,8.0,42.994285714285716,1.0,1.0,True,20,6,30,3699990507,2d2e92874f8c14846a034c69de963eacd4ae0066e7f7fed4b2b2993797dad490,True,single_only_dtw_off,A1 Ablation) DTW Off,False,500,500,0,0.0,500,465,0,0.93,0.93,0.7664802736599999,3.2800001599999997,381.518,414.20000000000005,105.62567812495399,500,0,0,0,0,1.0,0.0,0.0,0.0,0.0,1.0,28.526,0.0,0.0,0.0,0.0,0.0,,0.0,0.0,86.77963505376829,18.050302752293646,0.0,0.792572776961606,105.62251058302354,86.77963505376829,0.792572776961606
20260909_112655_937821,3f2b5a8fb3fffdab239693207bcaa7d708d20a0bb6324163a8c1741f478b736b,46,2187632437,866312275,2187632437,6,500,50,60,5,30,10.0,120,current,Optimized Pattern Generator,dynamic_session,Dynamic Session Pattern Assignment,50,6,360,99fef08ba3fea667b4adf1aaee53e0d8aee9f0a1c27e8e965d51ee6475a7d8d0,50,8.0,42.994285714285716,1.0,1.0,True,20,6,30,3699990507,2d2e92874f8c14846a034c69de963eacd4ae0066e7f7fed4b2b2993797dad490,True,single_only_step_off,A1 Ablation) Step Signature Off,False,500,500,0,0.0,500,499,0,0.998,0.998,0.06262601497304288,0.4997242802350961,381.518,414.20000000000005,105.03955229197163,500,0,0,0,0,1.0,0.0,0.0,0.0,0.0,1.0,28.526,0.0,0.0,0.0,0.0,0.0,,0.0,0.0,86.18966269068187,18.045884330465924,0.0,0.8010973958298564,105.03664441697765,86.18966269068187,0.8010973958298564
20260909_112655_937821,3f2b5a8fb3fffdab239693207bcaa7d708d20a0bb6324163a8c1741f478b736b,46,2187632437,1815193607,2187632437,6,500,50,60,5,30,10.0,120,current,Optimized Pattern Generator,dynamic_session,Dynamic Session Pattern Assignment,50,6,360,99fef08ba3fea667b4adf1aaee53e0d8aee9f0a1c27e8e965d51ee6475a7d8d0,50,8.0,42.994285714285716,1.0,1.0,True,20,6,30,3699990507,2d2e92874f8c14846a034c69de963eacd4ae0066e7f7fed4b2b2993797dad490,True,single_only_all_off,A1 Ablation) All Waveform Terms Off,False,500,500,0,0.0,500,355,0,0.71,0.71,1.14940027582,8.40000022,381.518,414.20000000000005,87.34513454203261,500,0,0,0,0,1.0,0.0,0.0,0.0,0.0,1.0,28.526,0.0,0.0,0.0,0.0,0.0,,0.0,0.0,86.50749820633791,0.048580712522380054,0.0,0.7857797481119633,87.34185866697226,86.50749820633791,0.7857797481119633
20260909_112655_937821,3f2b5a8fb3fffdab239693207bcaa7d708d20a0bb6324163a8c1741f478b736b,46,2187632437,2184921372,2187632437,6,500,50,60,5,30,10.0,120,current,Optimized Pattern Generator,dynamic_session,Dynamic Session Pattern Assignment,50,6,360,99fef08ba3fea667b4adf1aaee53e0d8aee9f0a1c27e8e965d51ee6475a7d8d0,50,8.0,42.994285714285716,1.0,1.0,True,20,6,30,3699990507,2d2e92874f8c14846a034c69de963eacd4ae0066e7f7fed4b2b2993797dad490,True,nomura_original_interval_hungarian,A2) Corr+DTW + Hungarian,False,500,500,0,0.0,500,500,0,1.0,1.0,0.05735251496616086,0.2022634256839532,381.518,414.20000000000005,132.42209012497915,500,0,0,0,0,1.0,0.0,0.0,0.0,0.0,1.0,28.526,0.0,0.0,0.0,0.0,0.0,,0.0,0.0,86.0319423644105,45.58757504960522,0.0,0.7993711269809864,132.4188885409967,86.0319423644105,0.7993711269809864
20260909_112655_937821,3f2b5a8fb3fffdab239693207bcaa7d708d20a0bb6324163a8c1741f478b736b,46,2187632437,2176353910,2187632437,6,500,50,60,5,30,10.0,120,current,Optimized Pattern Generator,dynamic_session,Dynamic Session Pattern Assignment,50,6,360,99fef08ba3fea667b4adf1aaee53e0d8aee9f0a1c27e8e965d51ee6475a7d8d0,50,8.0,42.994285714285716,1.0,1.0,True,20,6,30,3699990507,2d2e92874f8c14846a034c69de963eacd4ae0066e7f7fed4b2b2993797dad490,True,nomura_original_interval_hungarian_dtw_off,A2 Ablation) DTW Off (Corr-only),False,500,500,0,0.0,500,484,0,0.968,0.968,0.05548400313867925,0.2008917507727024,381.518,414.20000000000005,132.5752091659815,500,0,0,0,0,1.0,0.0,0.0,0.0,0.0,1.0,28.526,0.0,0.0,0.0,0.0,0.0,,0.0,0.0,86.2396239201189,45.524892930232454,0.0,0.8074774416163564,132.5719942919677,86.2396239201189,0.8074774416163564
20260909_112655_937821,3f2b5a8fb3fffdab239693207bcaa7d708d20a0bb6324163a8c1741f478b736b,46,2187632437,1055930906,2187632437,6,500,50,60,5,30,10.0,120,current,Optimized Pattern Generator,dynamic_session,Dynamic Session Pattern Assignment,50,6,360,99fef08ba3fea667b4adf1aaee53e0d8aee9f0a1c27e8e965d51ee6475a7d8d0,50,8.0,42.994285714285716,1.0,1.0,True,20,6,30,3699990507,2d2e92874f8c14846a034c69de963eacd4ae0066e7f7fed4b2b2993797dad490,True,nomura_original_interval_hungarian_corr_off,A2 Ablation) Corr Off (DTW-only),False,500,500,0,0.0,500,481,0,0.962,0.962,0.0007222460640772996,0.07331651082858849,381.518,414.20000000000005,133.24737795896363,500,0,0,0,0,1.0,0.0,0.0,0.0,0.0,1.0,28.526,0.0,0.0,0.0,0.0,0.0,,0.0,0.0,86.64449128799606,45.79361035785405,0.0,0.8040686041349545,133.24217024998507,86.64449128799606,0.8040686041349545
20260909_112655_937821,3f2b5a8fb3fffdab239693207bcaa7d708d20a0bb6324163a8c1741f478b736b,46,2187632437,542446193,2187632437,6,500,50,60,5,30,10.0,120,current,Optimized Pattern Generator,dynamic_session,Dynamic Session Pattern Assignment,50,6,360,99fef08ba3fea667b4adf1aaee53e0d8aee9f0a1c27e8e965d51ee6475a7d8d0,50,8.0,42.994285714285716,1.0,1.0,True,20,6,30,3699990507,2d2e92874f8c14846a034c69de963eacd4ae0066e7f7fed4b2b2993797dad490,True,nomura_original_interval_hungarian_all_off,A2 Ablation) All Waveform Terms Off,False,500,500,0,0.0,500,355,0,0.71,0.71,1.14940027582,8.40000022,381.518,414.20000000000005,86.32240483403439,500,0,0,0,0,1.0,0.0,0.0,0.0,0.0,1.0,28.526,0.0,0.0,0.0,0.0,0.0,,0.0,0.0,85.47668091044761,0.04729353450238705,0.0,0.795362055010628,86.31933649996063,85.47668091044761,0.795362055010628
20260909_112655_937821,3f2b5a8fb3fffdab239693207bcaa7d708d20a0bb6324163a8c1741f478b736b,46,2187632437,1367392768,2187632437,6,500,50,60,5,30,10.0,120,current,Optimized Pattern Generator,dynamic_session,Dynamic Session Pattern Assignment,50,6,360,99fef08ba3fea667b4adf1aaee53e0d8aee9f0a1c27e8e965d51ee6475a7d8d0,50,8.0,42.994285714285716,1.0,1.0,True,20,6,30,3699990507,2d2e92874f8c14846a034c69de963eacd4ae0066e7f7fed4b2b2993797dad490,True,bayesian_windowed,A3) Two-Stage Bayesian Posterior + Hungarian,False,500,500,0,0.0,500,495,0,0.99,0.99,0.5537530190263599,1.5954099478789785,381.518,414.20000000000005,102.88311687501846,500,0,0,0,0,1.0,0.0,0.0,0.0,0.0,1.0,28.526,0.0,0.0,0.0,0.0,0.0,,0.0,0.0,86.42568865983048,15.668965658172965,0.0,0.7853344730101526,102.8799887910136,86.42568865983048,0.7853344730101526
20260909_112655_937821,3f2b5a8fb3fffdab239693207bcaa7d708d20a0bb6324163a8c1741f478b736b,46,2187632437,1977915798,2187632437,6,500,50,60,5,30,10.0,120,current,Optimized Pattern Generator,dynamic_session,Dynamic Session Pattern Assignment,50,6,360,99fef08ba3fea667b4adf1aaee53e0d8aee9f0a1c27e8e965d51ee6475a7d8d0,50,8.0,42.994285714285716,1.0,1.0,True,20,6,30,3699990507,2d2e92874f8c14846a034c69de963eacd4ae0066e7f7fed4b2b2993797dad490,True,bayesian_windowed_memory_off,A3 Ablation) Posterior Memory Off,False,500,500,0,0.0,500,486,0,0.972,0.972,0.9301290993036399,2.007451126014355,381.518,414.20000000000005,102.74794270802522,500,0,0,0,0,1.0,0.0,0.0,0.0,0.0,1.0,28.526,0.0,0.0,0.0,0.0,0.0,,0.0,0.0,86.31602259230567,15.640021960018203,0.0,0.7888447396690026,102.74488929199288,86.31602259230567,0.7888447396690026
20260909_112655_937821,3f2b5a8fb3fffdab239693207bcaa7d708d20a0bb6324163a8c1741f478b736b,46,2187632437,2395032870,2187632437,6,500,50,60,5,30,10.0,120,current,Optimized Pattern Generator,dynamic_session,Dynamic Session Pattern Assignment,50,6,360,99fef08ba3fea667b4adf1aaee53e0d8aee9f0a1c27e8e965d51ee6475a7d8d0,50,8.0,42.994285714285716,1.0,1.0,True,20,6,30,3699990507,2d2e92874f8c14846a034c69de963eacd4ae0066e7f7fed4b2b2993797dad490,True,bayesian_windowed_timeprior_off,A3 Ablation) Time Prior Off,False,500,500,0,0.0,500,495,0,0.99,0.99,0.557766729162475,1.5957531883702387,381.518,414.20000000000005,103.113878166012,500,0,0,0,0,1.0,0.0,0.0,0.0,0.0,1.0,28.526,0.0,0.0,0.0,0.0,0.0,,0.0,0.0,86.5899085754645,15.72915583307622,0.0,0.791527466441039,103.11059187498176,86.5899085754645,0.791527466441039
20260909_112655_937821,3f2b5a8fb3fffdab239693207bcaa7d708d20a0bb6324163a8c1741f478b736b,46,2187632437,433795920,2187632437,6,500,50,60,5,30,10.0,120,current,Optimized Pattern Generator,dynamic_session,Dynamic Session Pattern Assignment,50,6,360,99fef08ba3fea667b4adf1aaee53e0d8aee9f0a1c27e8e965d51ee6475a7d8d0,50,8.0,42.994285714285716,1.0,1.0,True,20,6,30,3699990507,2d2e92874f8c14846a034c69de963eacd4ae0066e7f7fed4b2b2993797dad490,True,bayesian_windowed_all_off,A3 Ablation) Time Prior + Memory Off,False,500,500,0,0.0,500,486,0,0.972,0.972,0.9320907833371959,2.007451126014355,381.518,414.20000000000005,102.46428404195467,500,0,0,0,0,1.0,0.0,0.0,0.0,0.0,1.0,28.526,0.0,0.0,0.0,0.0,0.0,,0.0,0.0,85.99155254510697,15.661834999336861,0.0,0.807626913592685,102.46101445803652,85.99155254510697,0.807626913592685
20260909_112655_937821,3f2b5a8fb3fffdab239693207bcaa7d708d20a0bb6324163a8c1741f478b736b,47,2187632438,1233724826,2187632438,7,500,50,60,5,30,10.0,120,current,Optimized Pattern Generator,dynamic_session,Dynamic Session Pattern Assignment,50,6,360,d753707e72c4f87dd624e93e39d8df4435e1b422a6d25d5152a3e627dc77b674,50,7.0,40.12408163265306,1.0,1.0,True,20,6,30,3699990504,4af1e0f2615d5d0d31025bf7ede5522f26fc1df8db947197042712167b4c83ea,True,single_only,A1) Refined Cost + Greedy 1:1,True,500,500,0,0.0,500,489,0,0.978,0.978,0.8439626124850885,2.581596686445939,382.17,418.30000000000007,106.1866180000361,500,0,0,0,0,1.0,0.0,0.0,0.0,0.0,1.0,28.892,0.0,0.0,0.0,0.0,0.0,,0.0,0.0,87.26856966537889,18.129253203514963,0.0,0.785729214141611,106.18355208303547,87.26856966537889,0.785729214141611
20260909_112655_937821,3f2b5a8fb3fffdab239693207bcaa7d708d20a0bb6324163a8c1741f478b736b,47,2187632438,1545686432,2187632438,7,500,50,60,5,30,10.0,120,current,Optimized Pattern Generator,dynamic_session,Dynamic Session Pattern Assignment,50,6,360,d753707e72c4f87dd624e93e39d8df4435e1b422a6d25d5152a3e627dc77b674,50,7.0,40.12408163265306,1.0,1.0,True,20,6,30,3699990504,4af1e0f2615d5d0d31025bf7ede5522f26fc1df8db947197042712167b4c83ea,True,single_only_dtw_off,A1 Ablation) DTW Off,False,500,500,0,0.0,500,467,0,0.934,0.934,0.767360277,2.1000002600000003,382.17,418.30000000000007,106.87204283301253,500,0,0,0,0,1.0,0.0,0.0,0.0,0.0,1.0,28.892,0.0,0.0,0.0,0.0,0.0,,0.0,0.0,87.8114686597255,18.262224203790538,0.0,0.7951311364886351,106.86882400000468,87.8114686597255,0.7951311364886351
20260909_112655_937821,3f2b5a8fb3fffdab239693207bcaa7d708d20a0bb6324163a8c1741f478b736b,47,2187632438,866312272,2187632438,7,500,50,60,5,30,10.0,120,current,Optimized Pattern Generator,dynamic_session,Dynamic Session Pattern Assignment,50,6,360,d753707e72c4f87dd624e93e39d8df4435e1b422a6d25d5152a3e627dc77b674,50,7.0,40.12408163265306,1.0,1.0,True,20,6,30,3699990504,4af1e0f2615d5d0d31025bf7ede5522f26fc1df8db947197042712167b4c83ea,True,single_only_step_off,A1 Ablation) Step Signature Off,False,500,500,0,0.0,500,497,0,0.994,0.994,0.060377558804468164,0.3915461447183188,382.17,418.30000000000007,106.69236745801754,500,0,0,0,0,1.0,0.0,0.0,0.0,0.0,1.0,28.892,0.0,0.0,0.0,0.0,0.0,,0.0,0.0,87.64513583987718,18.243652212666348,0.0,0.8003321974538267,106.68912024999736,87.64513583987718,0.8003321974538267
20260909_112655_937821,3f2b5a8fb3fffdab239693207bcaa7d708d20a0bb6324163a8c1741f478b736b,47,2187632438,1815193604,2187632438,7,500,50,60,5,30,10.0,120,current,Optimized Pattern Generator,dynamic_session,Dynamic Session Pattern Assignment,50,6,360,d753707e72c4f87dd624e93e39d8df4435e1b422a6d25d5152a3e627dc77b674,50,7.0,40.12408163265306,1.0,1.0,True,20,6,30,3699990504,4af1e0f2615d5d0d31025bf7ede5522f26fc1df8db947197042712167b4c83ea,True,single_only_all_off,A1 Ablation) All Waveform Terms Off,False,500,500,0,0.0,500,344,0,0.688,0.688,1.29400027114,8.00000032,382.17,418.30000000000007,87.8237031250028,500,0,0,0,0,1.0,0.0,0.0,0.0,0.0,1.0,28.892,0.0,0.0,0.0,0.0,0.0,,0.0,0.0,86.97835725202458,0.04811035725288093,0.0,0.7940430156886578,87.82051062496612,86.97835725202458,0.7940430156886578
20260909_112655_937821,3f2b5a8fb3fffdab239693207bcaa7d708d20a0bb6324163a8c1741f478b736b,47,2187632438,2184921375,2187632438,7,500,50,60,5,30,10.0,120,current,Optimized Pattern Generator,dynamic_session,Dynamic Session Pattern Assignment,50,6,360,d753707e72c4f87dd624e93e39d8df4435e1b422a6d25d5152a3e627dc77b674,50,7.0,40.12408163265306,1.0,1.0,True,20,6,30,3699990504,4af1e0f2615d5d0d31025bf7ede5522f26fc1df8db947197042712167b4c83ea,True,nomura_original_interval_hungarian,A2) Corr+DTW + Hungarian,False,500,500,0,0.0,500,499,0,0.998,0.998,0.05600975229336913,0.23411773974561445,382.17,418.30000000000007,134.81210187502438,500,0,0,0,0,1.0,0.0,0.0,0.0,0.0,1.0,28.892,0.0,0.0,0.0,0.0,0.0,,0.0,0.0,87.57517842634115,46.426461251976434,0.0,0.8071059886715375,134.80874566698913,87.57517842634115,0.8071059886715375
20260909_112655_937821,3f2b5a8fb3fffdab239693207bcaa7d708d20a0bb6324163a8c1741f478b736b,47,2187632438,2176353909,2187632438,7,500,50,60,5,30,10.0,120,current,Optimized Pattern Generator,dynamic_session,Dynamic Session Pattern Assignment,50,6,360,d753707e72c4f87dd624e93e39d8df4435e1b422a6d25d5152a3e627dc77b674,50,7.0,40.12408163265306,1.0,1.0,True,20,6,30,3699990504,4af1e0f2615d5d0d31025bf7ede5522f26fc1df8db947197042712167b4c83ea,True,nomura_original_interval_hungarian_dtw_off,A2 Ablation) DTW Off (Corr-only),False,500,500,0,0.0,500,486,0,0.972,0.972,0.053980261184915536,0.23411773974561445,382.17,418.30000000000007,133.83456054201815,500,0,0,0,0,1.0,0.0,0.0,0.0,0.0,1.0,28.892,0.0,0.0,0.0,0.0,0.0,,0.0,0.0,87.03333454806125,46.01501911872765,0.0,0.7830712922150269,133.83142495900393,87.03333454806125,0.7830712922150269
20260909_112655_937821,3f2b5a8fb3fffdab239693207bcaa7d708d20a0bb6324163a8c1741f478b736b,47,2187632438,1055930905,2187632438,7,500,50,60,5,30,10.0,120,current,Optimized Pattern Generator,dynamic_session,Dynamic Session Pattern Assignment,50,6,360,d753707e72c4f87dd624e93e39d8df4435e1b422a6d25d5152a3e627dc77b674,50,7.0,40.12408163265306,1.0,1.0,True,20,6,30,3699990504,4af1e0f2615d5d0d31025bf7ede5522f26fc1df8db947197042712167b4c83ea,True,nomura_original_interval_hungarian_corr_off,A2 Ablation) Corr Off (DTW-only),False,500,500,0,0.0,500,491,0,0.982,0.982,0.0012235579853637833,0.11656274488684723,382.17,418.30000000000007,134.6346429999685,500,0,0,0,0,1.0,0.0,0.0,0.0,0.0,1.0,28.892,0.0,0.0,0.0,0.0,0.0,,0.0,0.0,87.63126052147709,46.193048336950596,0.0,0.807173308567144,134.63148216699483,87.63126052147709,0.807173308567144
20260909_112655_937821,3f2b5a8fb3fffdab239693207bcaa7d708d20a0bb6324163a8c1741f478b736b,47,2187632438,542446194,2187632438,7,500,50,60,5,30,10.0,120,current,Optimized Pattern Generator,dynamic_session,Dynamic Session Pattern Assignment,50,6,360,d753707e72c4f87dd624e93e39d8df4435e1b422a6d25d5152a3e627dc77b674,50,7.0,40.12408163265306,1.0,1.0,True,20,6,30,3699990504,4af1e0f2615d5d0d31025bf7ede5522f26fc1df8db947197042712167b4c83ea,True,nomura_original_interval_hungarian_all_off,A2 Ablation) All Waveform Terms Off,False,500,500,0,0.0,500,344,0,0.688,0.688,1.29400027114,8.00000032,382.17,418.30000000000007,87.77226162503939,500,0,0,0,0,1.0,0.0,0.0,0.0,0.0,1.0,28.892,0.0,0.0,0.0,0.0,0.0,,0.0,0.0,86.93708096496994,0.0487844092422165,0.0,0.7833437508088537,87.769209125021,86.93708096496994,0.7833437508088537
20260909_112655_937821,3f2b5a8fb3fffdab239693207bcaa7d708d20a0bb6324163a8c1741f478b736b,47,2187632438,1367392771,2187632438,7,500,50,60,5,30,10.0,120,current,Optimized Pattern Generator,dynamic_session,Dynamic Session Pattern Assignment,50,6,360,d753707e72c4f87dd624e93e39d8df4435e1b422a6d25d5152a3e627dc77b674,50,7.0,40.12408163265306,1.0,1.0,True,20,6,30,3699990504,4af1e0f2615d5d0d31025bf7ede5522f26fc1df8db947197042712167b4c83ea,True,bayesian_windowed,A3) Two-Stage Bayesian Posterior + Hungarian,False,500,500,0,0.0,500,494,0,0.988,0.988,0.5665115985079561,1.94856867805613,382.17,418.30000000000007,103.58939570898656,500,0,0,0,0,1.0,0.0,0.0,0.0,0.0,1.0,28.892,0.0,0.0,0.0,0.0,0.0,,0.0,0.0,86.99185195780592,15.800781628640834,0.0,0.7936512465239502,103.5862848329707,86.99185195780592,0.7936512465239502
20260909_112655_937821,3f2b5a8fb3fffdab239693207bcaa7d708d20a0bb6324163a8c1741f478b736b,47,2187632438,1977915797,2187632438,7,500,50,60,5,30,10.0,120,current,Optimized Pattern Generator,dynamic_session,Dynamic Session Pattern Assignment,50,6,360,d753707e72c4f87dd624e93e39d8df4435e1b422a6d25d5152a3e627dc77b674,50,7.0,40.12408163265306,1.0,1.0,True,20,6,30,3699990504,4af1e0f2615d5d0d31025bf7ede5522f26fc1df8db947197042712167b4c83ea,True,bayesian_windowed_memory_off,A3 Ablation) Posterior Memory Off,False,500,500,0,0.0,500,489,0,0.978,0.978,0.9365503602780797,2.1869300325707757,382.17,418.30000000000007,103.53046066703973,500,0,0,0,0,1.0,0.0,0.0,0.0,0.0,1.0,28.892,0.0,0.0,0.0,0.0,0.0,,0.0,0.0,86.9353698848281,15.799843122484162,0.0,0.7919099506689236,103.52712295798119,86.9353698848281,0.7919099506689236
20260909_112655_937821,3f2b5a8fb3fffdab239693207bcaa7d708d20a0bb6324163a8c1741f478b736b,47,2187632438,2395032869,2187632438,7,500,50,60,5,30,10.0,120,current,Optimized Pattern Generator,dynamic_session,Dynamic Session Pattern Assignment,50,6,360,d753707e72c4f87dd624e93e39d8df4435e1b422a6d25d5152a3e627dc77b674,50,7.0,40.12408163265306,1.0,1.0,True,20,6,30,3699990504,4af1e0f2615d5d0d31025bf7ede5522f26fc1df8db947197042712167b4c83ea,True,bayesian_windowed_timeprior_off,A3 Ablation) Time Prior Off,False,500,500,0,0.0,500,494,0,0.988,0.988,0.5699424032623953,1.9585998237092965,382.17,418.30000000000007,103.70171658298932,500,0,0,0,0,1.0,0.0,0.0,0.0,0.0,1.0,28.892,0.0,0.0,0.0,0.0,0.0,,0.0,0.0,87.01909245521529,15.8836756645469,0.0,0.7947274222387932,103.69749554200098,87.01909245521529,0.7947274222387932
20260909_112655_937821,3f2b5a8fb3fffdab239693207bcaa7d708d20a0bb6324163a8c1741f478b736b,47,2187632438,433795923,2187632438,7,500,50,60,5,30,10.0,120,current,Optimized Pattern Generator,dynamic_session,Dynamic Session Pattern Assignment,50,6,360,d753707e72c4f87dd624e93e39d8df4435e1b422a6d25d5152a3e627dc77b674,50,7.0,40.12408163265306,1.0,1.0,True,20,6,30,3699990504,4af1e0f2615d5d0d31025bf7ede5522f26fc1df8db947197042712167b4c83ea,True,bayesian_windowed_all_off,A3 Ablation) Time Prior + Memory Off,False,500,500,0,0.0,500,489,0,0.978,0.978,0.9380636493679881,2.1910949022643833,382.17,418.30000000000007,104.04601295804605,500,0,0,0,0,1.0,0.0,0.0,0.0,0.0,1.0,28.892,0.0,0.0,0.0,0.0,0.0,,0.0,0.0,87.40395775192883,15.827041552576702,0.0,0.8117299034493044,104.04272920795484,87.40395775192883,0.8117299034493044
20260909_112655_937821,3f2b5a8fb3fffdab239693207bcaa7d708d20a0bb6324163a8c1741f478b736b,48,2187632439,1233724827,2187632439,8,500,50,60,5,30,10.0,120,current,Optimized Pattern Generator,dynamic_session,Dynamic Session Pattern Assignment,50,6,360,ff4c4a47c2af9a95e14d74a8f98784a644f61c7392790fd9e8e1708a17e1125d,50,6.0,42.91428571428571,1.0,1.0,True,20,6,30,3699990505,9d1563fe8cfe376ecff9ae8d530b79ae32e3f945357e9bd953686c9e1fbfde83,True,single_only,A1) Refined Cost + Greedy 1:1,True,500,500,0,0.0,500,488,0,0.976,0.976,0.8727753316834624,2.3883283779495676,380.332,418.20000000000005,103.86878691695165,500,0,0,0,0,1.0,0.0,0.0,0.0,0.0,1.0,28.248,0.0,0.0,0.0,0.0,0.0,,0.0,0.0,85.28346178476932,17.791938238195144,0.0,0.7901894350652583,103.86558945802972,85.28346178476932,0.7901894350652583
20260909_112655_937821,3f2b5a8fb3fffdab239693207bcaa7d708d20a0bb6324163a8c1741f478b736b,48,2187632439,1545686433,2187632439,8,500,50,60,5,30,10.0,120,current,Optimized Pattern Generator,dynamic_session,Dynamic Session Pattern Assignment,50,6,360,ff4c4a47c2af9a95e14d74a8f98784a644f61c7392790fd9e8e1708a17e1125d,50,6.0,42.91428571428571,1.0,1.0,True,20,6,30,3699990505,9d1563fe8cfe376ecff9ae8d530b79ae32e3f945357e9bd953686c9e1fbfde83,True,single_only_dtw_off,A1 Ablation) DTW Off,False,500,500,0,0.0,500,458,0,0.916,0.916,0.79472027556,2.166666696666667,380.332,418.20000000000005,103.17381066695089,500,0,0,0,0,1.0,0.0,0.0,0.0,0.0,1.0,28.248,0.0,0.0,0.0,0.0,0.0,,0.0,0.0,84.5522749669035,17.822680411685724,0.0,0.7959253714070655,103.17088074999629,84.5522749669035,0.7959253714070655
20260909_112655_937821,3f2b5a8fb3fffdab239693207bcaa7d708d20a0bb6324163a8c1741f478b736b,48,2187632439,866312273,2187632439,8,500,50,60,5,30,10.0,120,current,Optimized Pattern Generator,dynamic_session,Dynamic Session Pattern Assignment,50,6,360,ff4c4a47c2af9a95e14d74a8f98784a644f61c7392790fd9e8e1708a17e1125d,50,6.0,42.91428571428571,1.0,1.0,True,20,6,30,3699990505,9d1563fe8cfe376ecff9ae8d530b79ae32e3f945357e9bd953686c9e1fbfde83,True,single_only_step_off,A1 Ablation) Step Signature Off,False,500,500,0,0.0,500,500,0,1.0,1.0,0.05999196076160735,0.3122945635506025,380.332,418.20000000000005,103.87533583299955,500,0,0,0,0,1.0,0.0,0.0,0.0,0.0,1.0,28.248,0.0,0.0,0.0,0.0,0.0,,0.0,0.0,85.16357462119777,17.9033599057002,0.0,0.804088389093522,103.87102291599149,85.16357462119777,0.804088389093522
20260909_112655_937821,3f2b5a8fb3fffdab239693207bcaa7d708d20a0bb6324163a8c1741f478b736b,48,2187632439,1815193605,2187632439,8,500,50,60,5,30,10.0,120,current,Optimized Pattern Generator,dynamic_session,Dynamic Session Pattern Assignment,50,6,360,ff4c4a47c2af9a95e14d74a8f98784a644f61c7392790fd9e8e1708a17e1125d,50,6.0,42.91428571428571,1.0,1.0,True,20,6,30,3699990505,9d1563fe8cfe376ecff9ae8d530b79ae32e3f945357e9bd953686c9e1fbfde83,True,single_only_all_off,A1 Ablation) All Waveform Terms Off,False,500,500,0,0.0,500,353,0,0.706,0.706,1.2024002768800002,8.10000016,380.332,418.20000000000005,86.00945195800159,500,0,0,0,0,1.0,0.0,0.0,0.0,0.0,1.0,28.248,0.0,0.0,0.0,0.0,0.0,,0.0,0.0,85.17451579368208,0.048486470826901495,0.0,0.7834799024858512,86.00648216699483,85.17451579368208,0.7834799024858512
20260909_112655_937821,3f2b5a8fb3fffdab239693207bcaa7d708d20a0bb6324163a8c1741f478b736b,48,2187632439,2184921374,2187632439,8,500,50,60,5,30,10.0,120,current,Optimized Pattern Generator,dynamic_session,Dynamic Session Pattern Assignment,50,6,360,ff4c4a47c2af9a95e14d74a8f98784a644f61c7392790fd9e8e1708a17e1125d,50,6.0,42.91428571428571,1.0,1.0,True,20,6,30,3699990505,9d1563fe8cfe376ecff9ae8d530b79ae32e3f945357e9bd953686c9e1fbfde83,True,nomura_original_interval_hungarian,A2) Corr+DTW + Hungarian,False,500,500,0,0.0,500,500,0,1.0,1.0,0.054276860903081925,0.2279251256535258,380.332,418.20000000000005,130.75430204201257,500,0,0,0,0,1.0,0.0,0.0,0.0,0.0,1.0,28.248,0.0,0.0,0.0,0.0,0.0,,0.0,0.0,84.79158786946209,45.168870246212464,0.0,0.7908481343183666,130.75130624999292,84.79158786946209,0.7908481343183666
20260909_112655_937821,3f2b5a8fb3fffdab239693207bcaa7d708d20a0bb6324163a8c1741f478b736b,48,2187632439,2176353908,2187632439,8,500,50,60,5,30,10.0,120,current,Optimized Pattern Generator,dynamic_session,Dynamic Session Pattern Assignment,50,6,360,ff4c4a47c2af9a95e14d74a8f98784a644f61c7392790fd9e8e1708a17e1125d,50,6.0,42.91428571428571,1.0,1.0,True,20,6,30,3699990505,9d1563fe8cfe376ecff9ae8d530b79ae32e3f945357e9bd953686c9e1fbfde83,True,nomura_original_interval_hungarian_dtw_off,A2 Ablation) DTW Off (Corr-only),False,500,500,0,0.0,500,486,0,0.972,0.972,0.052260216568602275,0.20241682516203738,380.332,418.20000000000005,131.57425320899347,500,0,0,0,0,1.0,0.0,0.0,0.0,0.0,1.0,28.248,0.0,0.0,0.0,0.0,0.0,,0.0,0.0,85.43640433257679,45.34739564266056,0.0,0.7874511497793719,131.57125112501672,85.43640433257679,0.7874511497793719
20260909_112655_937821,3f2b5a8fb3fffdab239693207bcaa7d708d20a0bb6324163a8c1741f478b736b,48,2187632439,1055930904,2187632439,8,500,50,60,5,30,10.0,120,current,Optimized Pattern Generator,dynamic_session,Dynamic Session Pattern Assignment,50,6,360,ff4c4a47c2af9a95e14d74a8f98784a644f61c7392790fd9e8e1708a17e1125d,50,6.0,42.91428571428571,1.0,1.0,True,20,6,30,3699990505,9d1563fe8cfe376ecff9ae8d530b79ae32e3f945357e9bd953686c9e1fbfde83,True,nomura_original_interval_hungarian_corr_off,A2 Ablation) Corr Off (DTW-only),False,500,500,0,0.0,500,488,0,0.976,0.976,0.0008780010642088727,0.0842099549101256,380.332,418.20000000000005,131.32279216701863,500,0,0,0,0,1.0,0.0,0.0,0.0,0.0,1.0,28.248,0.0,0.0,0.0,0.0,0.0,,0.0,0.0,85.22730204305844,45.29018815577729,0.0,0.802095968159847,131.31958616699558,85.22730204305844,0.802095968159847
20260909_112655_937821,3f2b5a8fb3fffdab239693207bcaa7d708d20a0bb6324163a8c1741f478b736b,48,2187632439,542446195,2187632439,8,500,50,60,5,30,10.0,120,current,Optimized Pattern Generator,dynamic_session,Dynamic Session Pattern Assignment,50,6,360,ff4c4a47c2af9a95e14d74a8f98784a644f61c7392790fd9e8e1708a17e1125d,50,6.0,42.91428571428571,1.0,1.0,True,20,6,30,3699990505,9d1563fe8cfe376ecff9ae8d530b79ae32e3f945357e9bd953686c9e1fbfde83,True,nomura_original_interval_hungarian_all_off,A2 Ablation) All Waveform Terms Off,False,500,500,0,0.0,500,353,0,0.706,0.706,1.2024002768800002,8.10000016,380.332,418.20000000000005,85.83689895801945,500,0,0,0,0,1.0,0.0,0.0,0.0,0.0,1.0,28.248,0.0,0.0,0.0,0.0,0.0,,0.0,0.0,84.99676929390989,0.048764910316094756,0.0,0.7884136707871221,85.83394787501311,84.99676929390989,0.7884136707871221
20260909_112655_937821,3f2b5a8fb3fffdab239693207bcaa7d708d20a0bb6324163a8c1741f478b736b,48,2187632439,1367392770,2187632439,8,500,50,60,5,30,10.0,120,current,Optimized Pattern Generator,dynamic_session,Dynamic Session Pattern Assignment,50,6,360,ff4c4a47c2af9a95e14d74a8f98784a644f61c7392790fd9e8e1708a17e1125d,50,6.0,42.91428571428571,1.0,1.0,True,20,6,30,3699990505,9d1563fe8cfe376ecff9ae8d530b79ae32e3f945357e9bd953686c9e1fbfde83,True,bayesian_windowed,A3) Two-Stage Bayesian Posterior + Hungarian,False,500,500,0,0.0,500,493,0,0.986,0.986,0.6202338582010826,1.8449010222920228,380.332,418.20000000000005,101.64127129199915,500,0,0,0,0,1.0,0.0,0.0,0.0,0.0,1.0,28.248,0.0,0.0,0.0,0.0,0.0,,0.0,0.0,85.38287099823356,15.463704232883174,0.0,0.7915071859024465,101.63808241701918,85.38287099823356,0.7915071859024465
20260909_112655_937821,3f2b5a8fb3fffdab239693207bcaa7d708d20a0bb6324163a8c1741f478b736b,48,2187632439,1977915796,2187632439,8,500,50,60,5,30,10.0,120,current,Optimized Pattern Generator,dynamic_session,Dynamic Session Pattern Assignment,50,6,360,ff4c4a47c2af9a95e14d74a8f98784a644f61c7392790fd9e8e1708a17e1125d,50,6.0,42.91428571428571,1.0,1.0,True,20,6,30,3699990505,9d1563fe8cfe376ecff9ae8d530b79ae32e3f945357e9bd953686c9e1fbfde83,True,bayesian_windowed_memory_off,A3 Ablation) Posterior Memory Off,False,500,500,0,0.0,500,488,0,0.976,0.976,1.0097431505706649,2.227986895236557,380.332,418.20000000000005,101.64269000000786,500,0,0,0,0,1.0,0.0,0.0,0.0,0.0,1.0,28.248,0.0,0.0,0.0,0.0,0.0,,0.0,0.0,85.31386167358141,15.522016706876457,0.0,0.803829577518627,101.6397079579765,85.31386167358141,0.803829577518627
20260909_112655_937821,3f2b5a8fb3fffdab239693207bcaa7d708d20a0bb6324163a8c1741f478b736b,48,2187632439,2395032868,2187632439,8,500,50,60,5,30,10.0,120,current,Optimized Pattern Generator,dynamic_session,Dynamic Session Pattern Assignment,50,6,360,ff4c4a47c2af9a95e14d74a8f98784a644f61c7392790fd9e8e1708a17e1125d,50,6.0,42.91428571428571,1.0,1.0,True,20,6,30,3699990505,9d1563fe8cfe376ecff9ae8d530b79ae32e3f945357e9bd953686c9e1fbfde83,True,bayesian_windowed_timeprior_off,A3 Ablation) Time Prior Off,False,500,500,0,0.0,500,493,0,0.986,0.986,0.624759403667285,1.8449010222920228,380.332,418.20000000000005,101.35385991696967,500,0,0,0,0,1.0,0.0,0.0,0.0,0.0,1.0,28.248,0.0,0.0,0.0,0.0,0.0,,0.0,0.0,85.0700734257116,15.482266287086532,0.0,0.7982224542065524,101.35056216700468,85.0700734257116,0.7982224542065524
20260909_112655_937821,3f2b5a8fb3fffdab239693207bcaa7d708d20a0bb6324163a8c1741f478b736b,48,2187632439,433795922,2187632439,8,500,50,60,5,30,10.0,120,current,Optimized Pattern Generator,dynamic_session,Dynamic Session Pattern Assignment,50,6,360,ff4c4a47c2af9a95e14d74a8f98784a644f61c7392790fd9e8e1708a17e1125d,50,6.0,42.91428571428571,1.0,1.0,True,20,6,30,3699990505,9d1563fe8cfe376ecff9ae8d530b79ae32e3f945357e9bd953686c9e1fbfde83,True,bayesian_windowed_all_off,A3 Ablation) Time Prior + Memory Off,False,500,500,0,0.0,500,488,0,0.976,0.976,1.011801474076073,2.227986895236557,380.332,418.20000000000005,102.17274250002811,500,0,0,0,0,1.0,0.0,0.0,0.0,0.0,1.0,28.248,0.0,0.0,0.0,0.0,0.0,,0.0,0.0,85.74837234982988,15.625300910731312,0.0,0.7958424484240822,102.16951570898527,85.74837234982988,0.7958424484240822
20260909_112655_937821,3f2b5a8fb3fffdab239693207bcaa7d708d20a0bb6324163a8c1741f478b736b,49,2187632440,1233724820,2187632440,9,500,50,60,5,30,10.0,120,current,Optimized Pattern Generator,dynamic_session,Dynamic Session Pattern Assignment,50,6,360,009402b1b61eec1684825781080091dfab9a2f8f3a2bbd53d2c52be6a9b770e7,50,4.0,42.037551020408166,1.0,1.0,True,20,6,30,3699990502,97b8f9b5f07692c6079890c06cb84322017720382fe143cf49b805d58d1d4012,True,single_only,A1) Refined Cost + Greedy 1:1,True,500,500,0,0.0,500,482,0,0.964,0.964,0.7980234785242443,2.7176972360882226,382.222,418.0,105.22624474996701,500,0,0,0,0,1.0,0.0,0.0,0.0,0.0,1.0,28.51,0.0,0.0,0.0,0.0,0.0,,0.0,0.0,86.4716302913148,17.941027710970957,0.0,0.8104519557091407,105.2231099579949,86.4716302913148,0.8104519557091407
20260909_112655_937821,3f2b5a8fb3fffdab239693207bcaa7d708d20a0bb6324163a8c1741f478b736b,49,2187632440,1545686446,2187632440,9,500,50,60,5,30,10.0,120,current,Optimized Pattern Generator,dynamic_session,Dynamic Session Pattern Assignment,50,6,360,009402b1b61eec1684825781080091dfab9a2f8f3a2bbd53d2c52be6a9b770e7,50,4.0,42.037551020408166,1.0,1.0,True,20,6,30,3699990502,97b8f9b5f07692c6079890c06cb84322017720382fe143cf49b805d58d1d4012,True,single_only_dtw_off,A1 Ablation) DTW Off,False,500,500,0,0.0,500,461,0,0.922,0.922,0.7252202772,2.316666676666667,382.222,418.0,105.14253429201199,500,0,0,0,0,1.0,0.0,0.0,0.0,0.0,1.0,28.51,0.0,0.0,0.0,0.0,0.0,,0.0,0.0,86.2567420406267,18.084139788232278,0.0,0.7987857121042907,105.13966754096327,86.2567420406267,0.7987857121042907
20260909_112655_937821,3f2b5a8fb3fffdab239693207bcaa7d708d20a0bb6324163a8c1741f478b736b,49,2187632440,866312286,2187632440,9,500,50,60,5,30,10.0,120,current,Optimized Pattern Generator,dynamic_session,Dynamic Session Pattern Assignment,50,6,360,009402b1b61eec1684825781080091dfab9a2f8f3a2bbd53d2c52be6a9b770e7,50,4.0,42.037551020408166,1.0,1.0,True,20,6,30,3699990502,97b8f9b5f07692c6079890c06cb84322017720382fe143cf49b805d58d1d4012,True,single_only_step_off,A1 Ablation) Step Signature Off,False,500,500,0,0.0,500,499,0,0.998,0.998,0.052932726355756556,0.3729658190560039,382.222,418.0,106.24010170798283,500,0,0,0,0,1.0,0.0,0.0,0.0,0.0,1.0,28.51,0.0,0.0,0.0,0.0,0.0,,0.0,0.0,87.29095213278197,18.14987658627797,0.0,0.796068072959315,106.23689679201925,87.29095213278197,0.796068072959315
20260909_112655_937821,3f2b5a8fb3fffdab239693207bcaa7d708d20a0bb6324163a8c1741f478b736b,49,2187632440,1815193610,2187632440,9,500,50,60,5,30,10.0,120,current,Optimized Pattern Generator,dynamic_session,Dynamic Session Pattern Assignment,50,6,360,009402b1b61eec1684825781080091dfab9a2f8f3a2bbd53d2c52be6a9b770e7,50,4.0,42.037551020408166,1.0,1.0,True,20,6,30,3699990502,97b8f9b5f07692c6079890c06cb84322017720382fe143cf49b805d58d1d4012,True,single_only_all_off,A1 Ablation) All Waveform Terms Off,False,500,500,0,0.0,500,357,0,0.714,0.714,1.2576002714999999,7.3000000300000005,382.222,418.0,87.6518405409879,500,0,0,0,0,1.0,0.0,0.0,0.0,0.0,1.0,28.51,0.0,0.0,0.0,0.0,0.0,,0.0,0.0,86.80953125469387,0.04871744918636978,0.0,0.790340046165511,87.64858875004575,86.80953125469387,0.790340046165511
20260909_112655_937821,3f2b5a8fb3fffdab239693207bcaa7d708d20a0bb6324163a8c1741f478b736b,49,2187632440,2184921361,2187632440,9,500,50,60,5,30,10.0,120,current,Optimized Pattern Generator,dynamic_session,Dynamic Session Pattern Assignment,50,6,360,009402b1b61eec1684825781080091dfab9a2f8f3a2bbd53d2c52be6a9b770e7,50,4.0,42.037551020408166,1.0,1.0,True,20,6,30,3699990502,97b8f9b5f07692c6079890c06cb84322017720382fe143cf49b805d58d1d4012,True,nomura_original_interval_hungarian,A2) Corr+DTW + Hungarian,False,500,500,0,0.0,500,500,0,1.0,1.0,0.05401744610345084,0.25956999885308485,382.222,418.0,133.19208229100332,500,0,0,0,0,1.0,0.0,0.0,0.0,0.0,1.0,28.51,0.0,0.0,0.0,0.0,0.0,,0.0,0.0,86.599876750377,45.77361471217591,0.0,0.8154928714502603,133.18898433400318,86.599876750377,0.8154928714502603
20260909_112655_937821,3f2b5a8fb3fffdab239693207bcaa7d708d20a0bb6324163a8c1741f478b736b,49,2187632440,2176353915,2187632440,9,500,50,60,5,30,10.0,120,current,Optimized Pattern Generator,dynamic_session,Dynamic Session Pattern Assignment,50,6,360,009402b1b61eec1684825781080091dfab9a2f8f3a2bbd53d2c52be6a9b770e7,50,4.0,42.037551020408166,1.0,1.0,True,20,6,30,3699990502,97b8f9b5f07692c6079890c06cb84322017720382fe143cf49b805d58d1d4012,True,nomura_original_interval_hungarian_dtw_off,A2 Ablation) DTW Off (Corr-only),False,500,500,0,0.0,500,486,0,0.972,0.972,0.05172634300365722,0.22354313204499496,382.222,418.0,133.293942874996,500,0,0,0,0,1.0,0.0,0.0,0.0,0.0,1.0,28.51,0.0,0.0,0.0,0.0,0.0,,0.0,0.0,86.76016790990252,45.727576614241116,0.0,0.8032381008961238,133.29098262503976,86.76016790990252,0.8032381008961238
20260909_112655_937821,3f2b5a8fb3fffdab239693207bcaa7d708d20a0bb6324163a8c1741f478b736b,49,2187632440,1055930903,2187632440,9,500,50,60,5,30,10.0,120,current,Optimized Pattern Generator,dynamic_session,Dynamic Session Pattern Assignment,50,6,360,009402b1b61eec1684825781080091dfab9a2f8f3a2bbd53d2c52be6a9b770e7,50,4.0,42.037551020408166,1.0,1.0,True,20,6,30,3699990502,97b8f9b5f07692c6079890c06cb84322017720382fe143cf49b805d58d1d4012,True,nomura_original_interval_hungarian_corr_off,A2 Ablation) Corr Off (DTW-only),False,500,500,0,0.0,500,488,0,0.976,0.976,0.0009145873364834205,0.1183497399530013,382.222,418.0,132.7047997090267,500,0,0,0,0,1.0,0.0,0.0,0.0,0.0,1.0,28.51,0.0,0.0,0.0,0.0,0.0,,0.0,0.0,86.20907582866494,45.7001765811583,0.0,0.7922780481749214,132.70153045799816,86.20907582866494,0.7922780481749214
20260909_112655_937821,3f2b5a8fb3fffdab239693207bcaa7d708d20a0bb6324163a8c1741f478b736b,49,2187632440,542446204,2187632440,9,500,50,60,5,30,10.0,120,current,Optimized Pattern Generator,dynamic_session,Dynamic Session Pattern Assignment,50,6,360,009402b1b61eec1684825781080091dfab9a2f8f3a2bbd53d2c52be6a9b770e7,50,4.0,42.037551020408166,1.0,1.0,True,20,6,30,3699990502,97b8f9b5f07692c6079890c06cb84322017720382fe143cf49b805d58d1d4012,True,nomura_original_interval_hungarian_all_off,A2 Ablation) All Waveform Terms Off,False,500,500,0,0.0,500,357,0,0.714,0.714,1.2576002714999999,7.3000000300000005,382.222,418.0,87.25276879197918,500,0,0,0,0,1.0,0.0,0.0,0.0,0.0,1.0,28.51,0.0,0.0,0.0,0.0,0.0,,0.0,0.0,86.4194669216522,0.04812178167048842,0.0,0.7819671717006713,87.24955587502336,86.4194669216522,0.7819671717006713
20260909_112655_937821,3f2b5a8fb3fffdab239693207bcaa7d708d20a0bb6324163a8c1741f478b736b,49,2187632440,1367392781,2187632440,9,500,50,60,5,30,10.0,120,current,Optimized Pattern Generator,dynamic_session,Dynamic Session Pattern Assignment,50,6,360,009402b1b61eec1684825781080091dfab9a2f8f3a2bbd53d2c52be6a9b770e7,50,4.0,42.037551020408166,1.0,1.0,True,20,6,30,3699990502,97b8f9b5f07692c6079890c06cb84322017720382fe143cf49b805d58d1d4012,True,bayesian_windowed,A3) Two-Stage Bayesian Posterior + Hungarian,False,500,500,0,0.0,500,491,0,0.982,0.982,0.596636582044685,1.8601750968921233,382.222,418.0,103.03544325003168,500,0,0,0,0,1.0,0.0,0.0,0.0,0.0,1.0,28.51,0.0,0.0,0.0,0.0,0.0,,0.0,0.0,86.5244278711034,15.718684451654553,0.0,0.7891099682310596,103.03222229098901,86.5244278711034,0.7891099682310596
20260909_112655_937821,3f2b5a8fb3fffdab239693207bcaa7d708d20a0bb6324163a8c1741f478b736b,49,2187632440,1977915803,2187632440,9,500,50,60,5,30,10.0,120,current,Optimized Pattern Generator,dynamic_session,Dynamic Session Pattern Assignment,50,6,360,009402b1b61eec1684825781080091dfab9a2f8f3a2bbd53d2c52be6a9b770e7,50,4.0,42.037551020408166,1.0,1.0,True,20,6,30,3699990502,97b8f9b5f07692c6079890c06cb84322017720382fe143cf49b805d58d1d4012,True,bayesian_windowed_memory_off,A3 Ablation) Posterior Memory Off,False,500,500,0,0.0,500,482,0,0.964,0.964,0.9661997730040048,2.209667649371472,382.222,418.0,100.0626755420235,500,0,0,0,0,1.0,0.0,0.0,0.0,0.0,1.0,28.51,0.0,0.0,0.0,0.0,0.0,,0.0,0.0,84.03023683727952,15.228750488779042,0.0,0.800413423916325,100.05940074997488,84.03023683727952,0.800413423916325
20260909_112655_937821,3f2b5a8fb3fffdab239693207bcaa7d708d20a0bb6324163a8c1741f478b736b,49,2187632440,2395032875,2187632440,9,500,50,60,5,30,10.0,120,current,Optimized Pattern Generator,dynamic_session,Dynamic Session Pattern Assignment,50,6,360,009402b1b61eec1684825781080091dfab9a2f8f3a2bbd53d2c52be6a9b770e7,50,4.0,42.037551020408166,1.0,1.0,True,20,6,30,3699990502,97b8f9b5f07692c6079890c06cb84322017720382fe143cf49b805d58d1d4012,True,bayesian_windowed_timeprior_off,A3 Ablation) Time Prior Off,False,500,500,0,0.0,500,490,0,0.98,0.98,0.6010973721108396,1.8748387656688403,382.222,418.0,88.47472241695505,500,0,0,0,0,1.0,0.0,0.0,0.0,0.0,1.0,28.51,0.0,0.0,0.0,0.0,0.0,,0.0,0.0,73.9198977103224,13.809802098374348,0.0,0.7419871083111502,88.4716869170079,73.9198977103224,0.7419871083111502
20260909_112655_937821,3f2b5a8fb3fffdab239693207bcaa7d708d20a0bb6324163a8c1741f478b736b,49,2187632440,433795933,2187632440,9,500,50,60,5,30,10.0,120,current,Optimized Pattern Generator,dynamic_session,Dynamic Session Pattern Assignment,50,6,360,009402b1b61eec1684825781080091dfab9a2f8f3a2bbd53d2c52be6a9b770e7,50,4.0,42.037551020408166,1.0,1.0,True,20,6,30,3699990502,97b8f9b5f07692c6079890c06cb84322017720382fe143cf49b805d58d1d4012,True,bayesian_windowed_all_off,A3 Ablation) Time Prior + Memory Off,False,500,500,0,0.0,500,482,0,0.964,0.964,0.9680087046761501,2.215232620968873,382.222,418.0,85.92320887499955,500,0,0,0,0,1.0,0.0,0.0,0.0,0.0,1.0,28.51,0.0,0.0,0.0,0.0,0.0,,0.0,0.0,71.82534600869985,13.43637969403062,0.0,0.6584877562709153,85.92021345900139,71.82534600869985,0.6584877562709153
20260909_112655_937821,3f2b5a8fb3fffdab239693207bcaa7d708d20a0bb6324163a8c1741f478b736b,50,2187632441,1233724821,2187632441,10,500,50,60,5,30,10.0,120,current,Optimized Pattern Generator,dynamic_session,Dynamic Session Pattern Assignment,50,6,360,3522309621aa2b36b5e6ce75d5150a112e30f8e52364a43ca75cb9011027789c,50,7.0,40.38938775510204,1.0,1.0,True,20,6,30,3699990503,7f438bf4da19bb161a036f6f7dbb89a0afac099e1442b6c098e6110a48465512,True,single_only,A1) Refined Cost + Greedy 1:1,True,500,500,0,0.0,500,482,0,0.964,0.964,0.8622542832766349,2.441888677384673,381.852,420.0,86.9146310419892,500,0,0,0,0,1.0,0.0,0.0,0.0,0.0,1.0,28.326,0.0,0.0,0.0,0.0,0.0,,0.0,0.0,71.05077623721445,15.208623034181073,0.0,0.6522699786000885,86.91166924999561,71.05077623721445,0.6522699786000885
20260909_112655_937821,3f2b5a8fb3fffdab239693207bcaa7d708d20a0bb6324163a8c1741f478b736b,50,2187632441,1545686447,2187632441,10,500,50,60,5,30,10.0,120,current,Optimized Pattern Generator,dynamic_session,Dynamic Session Pattern Assignment,50,6,360,3522309621aa2b36b5e6ce75d5150a112e30f8e52364a43ca75cb9011027789c,50,7.0,40.38938775510204,1.0,1.0,True,20,6,30,3699990503,7f438bf4da19bb161a036f6f7dbb89a0afac099e1442b6c098e6110a48465512,True,single_only_dtw_off,A1 Ablation) DTW Off,False,500,500,0,0.0,500,442,0,0.884,0.884,0.7668469376466667,1.9366670466666664,381.852,420.0,87.00199725001585,500,0,0,0,0,1.0,0.0,0.0,0.0,0.0,1.0,28.326,0.0,0.0,0.0,0.0,0.0,,0.0,0.0,71.07808569824556,15.249168924579863,0.0,0.6716657111537643,86.99892033397919,71.07808569824556,0.6716657111537643
20260909_112655_937821,3f2b5a8fb3fffdab239693207bcaa7d708d20a0bb6324163a8c1741f478b736b,50,2187632441,866312287,2187632441,10,500,50,60,5,30,10.0,120,current,Optimized Pattern Generator,dynamic_session,Dynamic Session Pattern Assignment,50,6,360,3522309621aa2b36b5e6ce75d5150a112e30f8e52364a43ca75cb9011027789c,50,7.0,40.38938775510204,1.0,1.0,True,20,6,30,3699990503,7f438bf4da19bb161a036f6f7dbb89a0afac099e1442b6c098e6110a48465512,True,single_only_step_off,A1 Ablation) Step Signature Off,False,500,500,0,0.0,500,500,0,1.0,1.0,0.06460295280291266,0.2992955013527934,381.852,420.0,88.10514549998334,500,0,0,0,0,1.0,0.0,0.0,0.0,0.0,1.0,28.326,0.0,0.0,0.0,0.0,0.0,,0.0,0.0,72.07870165904751,15.352874554460868,0.0,0.6705864954856224,88.102162708994,72.07870165904751,0.6705864954856224
20260909_112655_937821,3f2b5a8fb3fffdab239693207bcaa7d708d20a0bb6324163a8c1741f478b736b,50,2187632441,1815193611,2187632441,10,500,50,60,5,30,10.0,120,current,Optimized Pattern Generator,dynamic_session,Dynamic Session Pattern Assignment,50,6,360,3522309621aa2b36b5e6ce75d5150a112e30f8e52364a43ca75cb9011027789c,50,7.0,40.38938775510204,1.0,1.0,True,20,6,30,3699990503,7f438bf4da19bb161a036f6f7dbb89a0afac099e1442b6c098e6110a48465512,True,single_only_all_off,A1 Ablation) All Waveform Terms Off,False,500,500,0,0.0,500,363,0,0.726,0.726,1.2514002702000002,8.10000023,381.852,420.0,72.17985854198923,500,0,0,0,0,1.0,0.0,0.0,0.0,0.0,1.0,28.326,0.0,0.0,0.0,0.0,0.0,,0.0,0.0,71.48553382890532,0.03927188122179359,0.0,0.6520234148483723,72.17682912497548,71.48553382890532,0.6520234148483723
20260909_112655_937821,3f2b5a8fb3fffdab239693207bcaa7d708d20a0bb6324163a8c1741f478b736b,50,2187632441,2184921360,2187632441,10,500,50,60,5,30,10.0,120,current,Optimized Pattern Generator,dynamic_session,Dynamic Session Pattern Assignment,50,6,360,3522309621aa2b36b5e6ce75d5150a112e30f8e52364a43ca75cb9011027789c,50,7.0,40.38938775510204,1.0,1.0,True,20,6,30,3699990503,7f438bf4da19bb161a036f6f7dbb89a0afac099e1442b6c098e6110a48465512,True,nomura_original_interval_hungarian,A2) Corr+DTW + Hungarian,False,500,500,0,0.0,500,500,0,1.0,1.0,0.061994099447187284,0.2352613657990882,381.852,420.0,111.31537445797585,500,0,0,0,0,1.0,0.0,0.0,0.0,0.0,1.0,28.326,0.0,0.0,0.0,0.0,0.0,,0.0,0.0,71.62595346575836,39.01672403945122,0.0,0.6696517028030939,111.31232920801267,71.62595346575836,0.6696517028030939
20260909_112655_937821,3f2b5a8fb3fffdab239693207bcaa7d708d20a0bb6324163a8c1741f478b736b,50,2187632441,2176353914,2187632441,10,500,50,60,5,30,10.0,120,current,Optimized Pattern Generator,dynamic_session,Dynamic Session Pattern Assignment,50,6,360,3522309621aa2b36b5e6ce75d5150a112e30f8e52364a43ca75cb9011027789c,50,7.0,40.38938775510204,1.0,1.0,True,20,6,30,3699990503,7f438bf4da19bb161a036f6f7dbb89a0afac099e1442b6c098e6110a48465512,True,nomura_original_interval_hungarian_dtw_off,A2 Ablation) DTW Off (Corr-only),False,500,500,0,0.0,500,485,0,0.97,0.97,0.059716855202526,0.2352613657990882,381.852,420.0,110.69057687500026,500,0,0,0,0,1.0,0.0,0.0,0.0,0.0,1.0,28.326,0.0,0.0,0.0,0.0,0.0,,0.0,0.0,71.18081660626922,38.85283629561309,0.0,0.6541201811050996,110.6877730829874,71.18081660626922,0.6541201811050996
20260909_112655_937821,3f2b5a8fb3fffdab239693207bcaa7d708d20a0bb6324163a8c1741f478b736b,50,2187632441,1055930902,2187632441,10,500,50,60,5,30,10.0,120,current,Optimized Pattern Generator,dynamic_session,Dynamic Session Pattern Assignment,50,6,360,3522309621aa2b36b5e6ce75d5150a112e30f8e52364a43ca75cb9011027789c,50,7.0,40.38938775510204,1.0,1.0,True,20,6,30,3699990503,7f438bf4da19bb161a036f6f7dbb89a0afac099e1442b6c098e6110a48465512,True,nomura_original_interval_hungarian_corr_off,A2 Ablation) Corr Off (DTW-only),False,500,500,0,0.0,500,492,0,0.984,0.984,0.0009984647283302313,0.08877975597668115,381.852,420.0,111.1331312499824,500,0,0,0,0,1.0,0.0,0.0,0.0,0.0,1.0,28.326,0.0,0.0,0.0,0.0,0.0,,0.0,0.0,71.48593003884889,38.97467645123834,0.0,0.6695958009222522,111.13020229100948,71.48593003884889,0.6695958009222522
20260909_112655_937821,3f2b5a8fb3fffdab239693207bcaa7d708d20a0bb6324163a8c1741f478b736b,50,2187632441,542446205,2187632441,10,500,50,60,5,30,10.0,120,current,Optimized Pattern Generator,dynamic_session,Dynamic Session Pattern Assignment,50,6,360,3522309621aa2b36b5e6ce75d5150a112e30f8e52364a43ca75cb9011027789c,50,7.0,40.38938775510204,1.0,1.0,True,20,6,30,3699990503,7f438bf4da19bb161a036f6f7dbb89a0afac099e1442b6c098e6110a48465512,True,nomura_original_interval_hungarian_all_off,A2 Ablation) All Waveform Terms Off,False,500,500,0,0.0,500,363,0,0.726,0.726,1.2514002702000002,8.10000023,381.852,420.0,71.53513137501432,500,0,0,0,0,1.0,0.0,0.0,0.0,0.0,1.0,28.326,0.0,0.0,0.0,0.0,0.0,,0.0,0.0,70.82341299584368,0.03959410131210461,0.0,0.6692777778953314,71.53228487505112,70.82341299584368,0.6692777778953314
20260909_112655_937821,3f2b5a8fb3fffdab239693207bcaa7d708d20a0bb6324163a8c1741f478b736b,50,2187632441,1367392780,2187632441,10,500,50,60,5,30,10.0,120,current,Optimized Pattern Generator,dynamic_session,Dynamic Session Pattern Assignment,50,6,360,3522309621aa2b36b5e6ce75d5150a112e30f8e52364a43ca75cb9011027789c,50,7.0,40.38938775510204,1.0,1.0,True,20,6,30,3699990503,7f438bf4da19bb161a036f6f7dbb89a0afac099e1442b6c098e6110a48465512,True,bayesian_windowed,A3) Two-Stage Bayesian Posterior + Hungarian,False,500,500,0,0.0,500,485,0,0.97,0.97,0.535748926694459,2.014924850174785,381.852,420.0,84.60949212498963,500,0,0,0,0,1.0,0.0,0.0,0.0,0.0,1.0,28.326,0.0,0.0,0.0,0.0,0.0,,0.0,0.0,70.72931091696955,13.205813294742256,0.0,0.6714555382495746,84.60657974996138,70.72931091696955,0.6714555382495746
20260909_112655_937821,3f2b5a8fb3fffdab239693207bcaa7d708d20a0bb6324163a8c1741f478b736b,50,2187632441,1977915802,2187632441,10,500,50,60,5,30,10.0,120,current,Optimized Pattern Generator,dynamic_session,Dynamic Session Pattern Assignment,50,6,360,3522309621aa2b36b5e6ce75d5150a112e30f8e52364a43ca75cb9011027789c,50,7.0,40.38938775510204,1.0,1.0,True,20,6,30,3699990503,7f438bf4da19bb161a036f6f7dbb89a0afac099e1442b6c098e6110a48465512,True,bayesian_windowed_memory_off,A3 Ablation) Posterior Memory Off,False,500,500,0,0.0,500,482,0,0.964,0.964,0.8827251993319596,2.309544166695153,381.852,420.0,85.06829541700426,500,0,0,0,0,1.0,0.0,0.0,0.0,0.0,1.0,28.326,0.0,0.0,0.0,0.0,0.0,,0.0,0.0,71.11519504815806,13.27470987860579,0.0,0.6754530732287094,85.06535799999256,71.11519504815806,0.6754530732287094
20260909_112655_937821,3f2b5a8fb3fffdab239693207bcaa7d708d20a0bb6324163a8c1741f478b736b,50,2187632441,2395032874,2187632441,10,500,50,60,5,30,10.0,120,current,Optimized Pattern Generator,dynamic_session,Dynamic Session Pattern Assignment,50,6,360,3522309621aa2b36b5e6ce75d5150a112e30f8e52364a43ca75cb9011027789c,50,7.0,40.38938775510204,1.0,1.0,True,20,6,30,3699990503,7f438bf4da19bb161a036f6f7dbb89a0afac099e1442b6c098e6110a48465512,True,bayesian_windowed_timeprior_off,A3 Ablation) Time Prior Off,False,500,500,0,0.0,500,485,0,0.97,0.97,0.5392816404288621,2.014924850174785,381.852,420.0,84.74093370797345,500,0,0,0,0,1.0,0.0,0.0,0.0,0.0,1.0,28.326,0.0,0.0,0.0,0.0,0.0,,0.0,0.0,70.81568742578384,13.251418457715772,0.0,0.6707669085008092,84.73787279200042,70.81568742578384,0.6707669085008092
20260909_112655_937821,3f2b5a8fb3fffdab239693207bcaa7d708d20a0bb6324163a8c1741f478b736b,50,2187632441,433795932,2187632441,10,500,50,60,5,30,10.0,120,current,Optimized Pattern Generator,dynamic_session,Dynamic Session Pattern Assignment,50,6,360,3522309621aa2b36b5e6ce75d5150a112e30f8e52364a43ca75cb9011027789c,50,7.0,40.38938775510204,1.0,1.0,True,20,6,30,3699990503,7f438bf4da19bb161a036f6f7dbb89a0afac099e1442b6c098e6110a48465512,True,bayesian_windowed_all_off,A3 Ablation) Time Prior + Memory Off,False,500,500,0,0.0,500,482,0,0.964,0.964,0.8841807936197008,2.309544166695153,381.852,420.0,85.2730338749825,500,0,0,0,0,1.0,0.0,0.0,0.0,0.0,1.0,28.326,0.0,0.0,0.0,0.0,0.0,,0.0,0.0,71.32490359066287,13.286419089825358,0.0,0.6586834445479326,85.27000612503616,71.32490359066287,0.6586834445479326
20260909_112655_937821,3f2b5a8fb3fffdab239693207bcaa7d708d20a0bb6324163a8c1741f478b736b,51,2187632442,1233724822,2187632442,11,500,50,60,5,30,10.0,120,current,Optimized Pattern Generator,dynamic_session,Dynamic Session Pattern Assignment,50,6,360,8534b69413647085b8c9b5270ab08e469ab2c47f265f1fef1c2e7c2f8c0ca053,50,8.0,40.42448979591837,1.0,1.0,True,20,6,30,3699990500,1f868a9fa35c6aff403a3182cfc5ba250e52da38af427ac7b57b49c9df886546,True,single_only,A1) Refined Cost + Greedy 1:1,True,500,500,0,0.0,500,484,0,0.968,0.968,0.8935819013046532,2.8306852680844137,382.092,420.1,84.27256750001106,500,0,0,0,0,1.0,0.0,0.0,0.0,0.0,1.0,27.664,0.0,0.0,0.0,0.0,0.0,,0.0,0.0,68.76877278811298,14.840537046140525,0.0,0.6605449567432515,84.26985479099676,68.76877278811298,0.6605449567432515
20260909_112655_937821,3f2b5a8fb3fffdab239693207bcaa7d708d20a0bb6324163a8c1741f478b736b,51,2187632442,1545686444,2187632442,11,500,50,60,5,30,10.0,120,current,Optimized Pattern Generator,dynamic_session,Dynamic Session Pattern Assignment,50,6,360,8534b69413647085b8c9b5270ab08e469ab2c47f265f1fef1c2e7c2f8c0ca053,50,8.0,40.42448979591837,1.0,1.0,True,20,6,30,3699990500,1f868a9fa35c6aff403a3182cfc5ba250e52da38af427ac7b57b49c9df886546,True,single_only_dtw_off,A1 Ablation) DTW Off,False,500,500,0,0.0,500,460,0,0.92,0.92,0.80748027456,2.153333583333333,382.092,420.1,84.38776458299253,500,0,0,0,0,1.0,0.0,0.0,0.0,0.0,1.0,27.664,0.0,0.0,0.0,0.0,0.0,,0.0,0.0,68.82806887797778,14.910188540117815,0.0,0.6466166229220107,84.38487404101761,68.82806887797778,0.6466166229220107
20260909_112655_937821,3f2b5a8fb3fffdab239693207bcaa7d708d20a0bb6324163a8c1741f478b736b,51,2187632442,866312284,2187632442,11,500,50,60,5,30,10.0,120,current,Optimized Pattern Generator,dynamic_session,Dynamic Session Pattern Assignment,50,6,360,8534b69413647085b8c9b5270ab08e469ab2c47f265f1fef1c2e7c2f8c0ca053,50,8.0,40.42448979591837,1.0,1.0,True,20,6,30,3699990500,1f868a9fa35c6aff403a3182cfc5ba250e52da38af427ac7b57b49c9df886546,True,single_only_step_off,A1 Ablation) Step Signature Off,False,500,500,0,0.0,500,498,0,0.996,0.996,0.06928173764587157,0.35030646563651313,382.092,420.1,84.4738158750115,500,0,0,0,0,1.0,0.0,0.0,0.0,0.0,1.0,27.664,0.0,0.0,0.0,0.0,0.0,,0.0,0.0,68.92835475527681,14.894190648803487,0.0,0.6482785129337572,84.47082391701406,68.92835475527681,0.6482785129337572
20260909_112655_937821,3f2b5a8fb3fffdab239693207bcaa7d708d20a0bb6324163a8c1741f478b736b,51,2187632442,1815193608,2187632442,11,500,50,60,5,30,10.0,120,current,Optimized Pattern Generator,dynamic_session,Dynamic Session Pattern Assignment,50,6,360,8534b69413647085b8c9b5270ab08e469ab2c47f265f1fef1c2e7c2f8c0ca053,50,8.0,40.42448979591837,1.0,1.0,True,20,6,30,3699990500,1f868a9fa35c6aff403a3182cfc5ba250e52da38af427ac7b57b49c9df886546,True,single_only_all_off,A1 Ablation) All Waveform Terms Off,False,500,500,0,0.0,500,348,0,0.696,0.696,1.2740002749200001,7.50000045,382.092,420.1,69.55736987502314,500,0,0,0,0,1.0,0.0,0.0,0.0,0.0,1.0,27.664,0.0,0.0,0.0,0.0,0.0,,0.0,0.0,68.85512607550481,0.03924607823137194,0.0,0.6599724712432362,69.55434462497942,68.85512607550481,0.6599724712432362
20260909_112655_937821,3f2b5a8fb3fffdab239693207bcaa7d708d20a0bb6324163a8c1741f478b736b,51,2187632442,2184921363,2187632442,11,500,50,60,5,30,10.0,120,current,Optimized Pattern Generator,dynamic_session,Dynamic Session Pattern Assignment,50,6,360,8534b69413647085b8c9b5270ab08e469ab2c47f265f1fef1c2e7c2f8c0ca053,50,8.0,40.42448979591837,1.0,1.0,True,20,6,30,3699990500,1f868a9fa35c6aff403a3182cfc5ba250e52da38af427ac7b57b49c9df886546,True,nomura_original_interval_hungarian,A2) Corr+DTW + Hungarian,False,500,500,0,0.0,500,500,0,1.0,1.0,0.06143280836034305,0.20666942554957007,382.092,420.1,107.8772552079754,500,0,0,0,0,1.0,0.0,0.0,0.0,0.0,1.0,27.664,0.0,0.0,0.0,0.0,0.0,,0.0,0.0,69.11535083333729,38.082579933980014,0.0,0.6762498166644946,107.8741805839818,69.11535083333729,0.6762498166644946
20260909_112655_937821,3f2b5a8fb3fffdab239693207bcaa7d708d20a0bb6324163a8c1741f478b736b,51,2187632442,2176353913,2187632442,11,500,50,60,5,30,10.0,120,current,Optimized Pattern Generator,dynamic_session,Dynamic Session Pattern Assignment,50,6,360,8534b69413647085b8c9b5270ab08e469ab2c47f265f1fef1c2e7c2f8c0ca053,50,8.0,40.42448979591837,1.0,1.0,True,20,6,30,3699990500,1f868a9fa35c6aff403a3182cfc5ba250e52da38af427ac7b57b49c9df886546,True,nomura_original_interval_hungarian_dtw_off,A2 Ablation) DTW Off (Corr-only),False,500,500,0,0.0,500,477,0,0.954,0.954,0.058659429708681106,0.19277318121720335,382.092,420.1,107.38519179198192,500,0,0,0,0,1.0,0.0,0.0,0.0,0.0,1.0,27.664,0.0,0.0,0.0,0.0,0.0,,0.0,0.0,68.75850533181801,37.932515747786965,0.0,0.6911430454347283,107.38216412503971,68.75850533181801,0.6911430454347283
20260909_112655_937821,3f2b5a8fb3fffdab239693207bcaa7d708d20a0bb6324163a8c1741f478b736b,51,2187632442,1055930901,2187632442,11,500,50,60,5,30,10.0,120,current,Optimized Pattern Generator,dynamic_session,Dynamic Session Pattern Assignment,50,6,360,8534b69413647085b8c9b5270ab08e469ab2c47f265f1fef1c2e7c2f8c0ca053,50,8.0,40.42448979591837,1.0,1.0,True,20,6,30,3699990500,1f868a9fa35c6aff403a3182cfc5ba250e52da38af427ac7b57b49c9df886546,True,nomura_original_interval_hungarian_corr_off,A2 Ablation) Corr Off (DTW-only),False,500,500,0,0.0,500,489,0,0.978,0.978,0.0010407066946729322,0.15030338536931848,382.092,420.1,107.7964899999788,500,0,0,0,0,1.0,0.0,0.0,0.0,0.0,1.0,27.664,0.0,0.0,0.0,0.0,0.0,,0.0,0.0,69.12527187529486,38.003323868790176,0.0,0.6651423389557749,107.79373808304081,69.12527187529486,0.6651423389557749
20260909_112655_937821,3f2b5a8fb3fffdab239693207bcaa7d708d20a0bb6324163a8c1741f478b736b,51,2187632442,542446206,2187632442,11,500,50,60,5,30,10.0,120,current,Optimized Pattern Generator,dynamic_session,Dynamic Session Pattern Assignment,50,6,360,8534b69413647085b8c9b5270ab08e469ab2c47f265f1fef1c2e7c2f8c0ca053,50,8.0,40.42448979591837,1.0,1.0,True,20,6,30,3699990500,1f868a9fa35c6aff403a3182cfc5ba250e52da38af427ac7b57b49c9df886546,True,nomura_original_interval_hungarian_all_off,A2 Ablation) All Waveform Terms Off,False,500,500,0,0.0,500,348,0,0.696,0.696,1.2740002749200001,7.50000045,382.092,420.1,69.7112489999854,500,0,0,0,0,1.0,0.0,0.0,0.0,0.0,1.0,27.664,0.0,0.0,0.0,0.0,0.0,,0.0,0.0,69.01714454160538,0.03911684430204332,0.0,0.6522186140646227,69.70847999997204,69.01714454160538,0.6522186140646227
20260909_112655_937821,3f2b5a8fb3fffdab239693207bcaa7d708d20a0bb6324163a8c1741f478b736b,51,2187632442,1367392783,2187632442,11,500,50,60,5,30,10.0,120,current,Optimized Pattern Generator,dynamic_session,Dynamic Session Pattern Assignment,50,6,360,8534b69413647085b8c9b5270ab08e469ab2c47f265f1fef1c2e7c2f8c0ca053,50,8.0,40.42448979591837,1.0,1.0,True,20,6,30,3699990500,1f868a9fa35c6aff403a3182cfc5ba250e52da38af427ac7b57b49c9df886546,True,bayesian_windowed,A3) Two-Stage Bayesian Posterior + Hungarian,False,500,500,0,0.0,500,488,0,0.976,0.976,0.5328548353252252,1.9852946564577727,382.092,420.1,82.87678216700442,500,0,0,0,0,1.0,0.0,0.0,0.0,0.0,1.0,27.664,0.0,0.0,0.0,0.0,0.0,,0.0,0.0,69.21688351104967,12.986046745267231,0.0,0.6707710766931996,82.8737013330101,69.21688351104967,0.6707710766931996
20260909_112655_937821,3f2b5a8fb3fffdab239693207bcaa7d708d20a0bb6324163a8c1741f478b736b,51,2187632442,1977915801,2187632442,11,500,50,60,5,30,10.0,120,current,Optimized Pattern Generator,dynamic_session,Dynamic Session Pattern Assignment,50,6,360,8534b69413647085b8c9b5270ab08e469ab2c47f265f1fef1c2e7c2f8c0ca053,50,8.0,40.42448979591837,1.0,1.0,True,20,6,30,3699990500,1f868a9fa35c6aff403a3182cfc5ba250e52da38af427ac7b57b49c9df886546,True,bayesian_windowed_memory_off,A3 Ablation) Posterior Memory Off,False,500,500,0,0.0,500,484,0,0.968,0.968,0.8982543405167933,2.373003097136835,382.092,420.1,82.28879079199396,500,0,0,0,0,1.0,0.0,0.0,0.0,0.0,1.0,27.664,0.0,0.0,0.0,0.0,0.0,,0.0,0.0,68.72001979977358,12.900438750861213,0.0,0.6653221153537743,82.28578066598857,68.72001979977358,0.6653221153537743
20260909_112655_937821,3f2b5a8fb3fffdab239693207bcaa7d708d20a0bb6324163a8c1741f478b736b,51,2187632442,2395032873,2187632442,11,500,50,60,5,30,10.0,120,current,Optimized Pattern Generator,dynamic_session,Dynamic Session Pattern Assignment,50,6,360,8534b69413647085b8c9b5270ab08e469ab2c47f265f1fef1c2e7c2f8c0ca053,50,8.0,40.42448979591837,1.0,1.0,True,20,6,30,3699990500,1f868a9fa35c6aff403a3182cfc5ba250e52da38af427ac7b57b49c9df886546,True,bayesian_windowed_timeprior_off,A3 Ablation) Time Prior Off,False,500,500,0,0.0,500,488,0,0.976,0.976,0.5361656991293373,1.985480431265151,382.092,420.1,82.22288700001081,500,0,0,0,0,1.0,0.0,0.0,0.0,0.0,1.0,27.664,0.0,0.0,0.0,0.0,0.0,,0.0,0.0,68.69734475540463,12.86072041321313,0.0,0.6616915403865278,82.21975670900429,68.69734475540463,0.6616915403865278
20260909_112655_937821,3f2b5a8fb3fffdab239693207bcaa7d708d20a0bb6324163a8c1741f478b736b,51,2187632442,433795935,2187632442,11,500,50,60,5,30,10.0,120,current,Optimized Pattern Generator,dynamic_session,Dynamic Session Pattern Assignment,50,6,360,8534b69413647085b8c9b5270ab08e469ab2c47f265f1fef1c2e7c2f8c0ca053,50,8.0,40.42448979591837,1.0,1.0,True,20,6,30,3699990500,1f868a9fa35c6aff403a3182cfc5ba250e52da38af427ac7b57b49c9df886546,True,bayesian_windowed_all_off,A3 Ablation) Time Prior + Memory Off,False,500,500,0,0.0,500,484,0,0.968,0.968,0.8998884483568749,2.3733348553698566,382.092,420.1,82.24291304097278,500,0,0,0,0,1.0,0.0,0.0,0.0,0.0,1.0,27.664,0.0,0.0,0.0,0.0,0.0,,0.0,0.0,68.6748737192247,12.890673209214583,0.0,0.6744021135382354,82.23994904197752,68.6748737192247,0.6744021135382354
20260909_112655_937821,3f2b5a8fb3fffdab239693207bcaa7d708d20a0bb6324163a8c1741f478b736b,52,2187632443,1233724823,2187632443,12,500,50,60,5,30,10.0,120,current,Optimized Pattern Generator,dynamic_session,Dynamic Session Pattern Assignment,50,6,360,10c9f7e9e5cfed703c39f682dbb2460d5a62560322539c94771de24df39fad29,50,7.0,41.46775510204082,1.0,1.0,True,20,6,30,3699990501,8d8a310ee7f74235f7ac4db267e39f5df22dc27e7222f10978b751723fe35d41,True,single_only,A1) Refined Cost + Greedy 1:1,True,500,500,0,0.0,500,484,0,0.968,0.968,0.8087131015226757,2.2832378838803127,382.004,420.1,86.93016862496734,500,0,0,0,0,1.0,0.0,0.0,0.0,0.0,1.0,28.102,0.0,0.0,0.0,0.0,0.0,,0.0,0.0,70.98824221460382,15.231086543179117,0.0,0.7080559501773678,86.9273847079603,70.98824221460382,0.7080559501773678
20260909_112655_937821,3f2b5a8fb3fffdab239693207bcaa7d708d20a0bb6324163a8c1741f478b736b,52,2187632443,1545686445,2187632443,12,500,50,60,5,30,10.0,120,current,Optimized Pattern Generator,dynamic_session,Dynamic Session Pattern Assignment,50,6,360,10c9f7e9e5cfed703c39f682dbb2460d5a62560322539c94771de24df39fad29,50,7.0,41.46775510204082,1.0,1.0,True,20,6,30,3699990501,8d8a310ee7f74235f7ac4db267e39f5df22dc27e7222f10978b751723fe35d41,True,single_only_dtw_off,A1 Ablation) DTW Off,False,500,500,0,0.0,500,464,0,0.928,0.928,0.7293536017533333,2.01000041,382.004,420.1,86.82092487497721,500,0,0,0,0,1.0,0.0,0.0,0.0,0.0,1.0,28.102,0.0,0.0,0.0,0.0,0.0,,0.0,0.0,70.97398412798066,15.177674703707453,0.0,0.6662450022995472,86.81790383398766,70.97398412798066,0.6662450022995472
20260909_112655_937821,3f2b5a8fb3fffdab239693207bcaa7d708d20a0bb6324163a8c1741f478b736b,52,2187632443,866312285,2187632443,12,500,50,60,5,30,10.0,120,current,Optimized Pattern Generator,dynamic_session,Dynamic Session Pattern Assignment,50,6,360,10c9f7e9e5cfed703c39f682dbb2460d5a62560322539c94771de24df39fad29,50,7.0,41.46775510204082,1.0,1.0,True,20,6,30,3699990501,8d8a310ee7f74235f7ac4db267e39f5df22dc27e7222f10978b751723fe35d41,True,single_only_step_off,A1 Ablation) Step Signature Off,False,500,500,0,0.0,500,499,0,0.998,0.998,0.061432771205880345,0.3935353139276767,382.004,420.1,87.55029700003797,500,0,0,0,0,1.0,0.0,0.0,0.0,0.0,1.0,28.102,0.0,0.0,0.0,0.0,0.0,,0.0,0.0,71.54346178768901,15.342898674425669,0.0,0.6612193298642524,87.54757979197893,71.54346178768901,0.6612193298642524
20260909_112655_937821,3f2b5a8fb3fffdab239693207bcaa7d708d20a0bb6324163a8c1741f478b736b,52,2187632443,1815193609,2187632443,12,500,50,60,5,30,10.0,120,current,Optimized Pattern Generator,dynamic_session,Dynamic Session Pattern Assignment,50,6,360,10c9f7e9e5cfed703c39f682dbb2460d5a62560322539c94771de24df39fad29,50,7.0,41.46775510204082,1.0,1.0,True,20,6,30,3699990501,8d8a310ee7f74235f7ac4db267e39f5df22dc27e7222f10978b751723fe35d41,True,single_only_all_off,A1 Ablation) All Waveform Terms Off,False,500,500,0,0.0,500,340,0,0.68,0.68,1.2812002693200002,8.30000038,382.004,420.1,93.9227127499762,500,0,0,0,0,1.0,0.0,0.0,0.0,0.0,1.0,28.102,0.0,0.0,0.0,0.0,0.0,,0.0,0.0,93.1873972521862,0.052324202843010426,0.0,0.6790497949696146,93.91877124999883,93.1873972521862,0.6790497949696146
20260909_112655_937821,3f2b5a8fb3fffdab239693207bcaa7d708d20a0bb6324163a8c1741f478b736b,52,2187632443,2184921362,2187632443,12,500,50,60,5,30,10.0,120,current,Optimized Pattern Generator,dynamic_session,Dynamic Session Pattern Assignment,50,6,360,10c9f7e9e5cfed703c39f682dbb2460d5a62560322539c94771de24df39fad29,50,7.0,41.46775510204082,1.0,1.0,True,20,6,30,3699990501,8d8a310ee7f74235f7ac4db267e39f5df22dc27e7222f10978b751723fe35d41,True,nomura_original_interval_hungarian,A2) Corr+DTW + Hungarian,False,500,500,0,0.0,500,500,0,1.0,1.0,0.058227195813566265,0.28213742610281656,382.004,420.1,129.9071487079491,500,0,0,0,0,1.0,0.0,0.0,0.0,0.0,1.0,28.102,0.0,0.0,0.0,0.0,0.0,,0.0,0.0,84.40559245715849,44.61306520312792,0.0,0.8851669237483293,129.90382458403474,84.40559245715849,0.8851669237483293
20260909_112655_937821,3f2b5a8fb3fffdab239693207bcaa7d708d20a0bb6324163a8c1741f478b736b,52,2187632443,2176353912,2187632443,12,500,50,60,5,30,10.0,120,current,Optimized Pattern Generator,dynamic_session,Dynamic Session Pattern Assignment,50,6,360,10c9f7e9e5cfed703c39f682dbb2460d5a62560322539c94771de24df39fad29,50,7.0,41.46775510204082,1.0,1.0,True,20,6,30,3699990501,8d8a310ee7f74235f7ac4db267e39f5df22dc27e7222f10978b751723fe35d41,True,nomura_original_interval_hungarian_dtw_off,A2 Ablation) DTW Off (Corr-only),False,500,500,0,0.0,500,483,0,0.966,0.966,0.055792828026293956,0.20492696748454184,382.004,420.1,111.48985545901814,500,0,0,0,0,1.0,0.0,0.0,0.0,0.0,1.0,28.102,0.0,0.0,0.0,0.0,0.0,,0.0,0.0,71.6005280027166,39.183413335355,0.0,0.7029602869297378,111.48690162500134,71.6005280027166,0.7029602869297378
20260909_112655_937821,3f2b5a8fb3fffdab239693207bcaa7d708d20a0bb6324163a8c1741f478b736b,52,2187632443,1055930900,2187632443,12,500,50,60,5,30,10.0,120,current,Optimized Pattern Generator,dynamic_session,Dynamic Session Pattern Assignment,50,6,360,10c9f7e9e5cfed703c39f682dbb2460d5a62560322539c94771de24df39fad29,50,7.0,41.46775510204082,1.0,1.0,True,20,6,30,3699990501,8d8a310ee7f74235f7ac4db267e39f5df22dc27e7222f10978b751723fe35d41,True,nomura_original_interval_hungarian_corr_off,A2 Ablation) Corr Off (DTW-only),False,500,500,0,0.0,500,486,0,0.972,0.972,0.001365931079028004,0.16262945103969798,382.004,420.1,112.48956387495855,500,0,0,0,0,1.0,0.0,0.0,0.0,0.0,1.0,28.102,0.0,0.0,0.0,0.0,0.0,,0.0,0.0,72.44970467785606,39.36645016190596,0.0,0.67046986927744,112.48662470903946,72.44970467785606,0.67046986927744
20260909_112655_937821,3f2b5a8fb3fffdab239693207bcaa7d708d20a0bb6324163a8c1741f478b736b,52,2187632443,542446207,2187632443,12,500,50,60,5,30,10.0,120,current,Optimized Pattern Generator,dynamic_session,Dynamic Session Pattern Assignment,50,6,360,10c9f7e9e5cfed703c39f682dbb2460d5a62560322539c94771de24df39fad29,50,7.0,41.46775510204082,1.0,1.0,True,20,6,30,3699990501,8d8a310ee7f74235f7ac4db267e39f5df22dc27e7222f10978b751723fe35d41,True,nomura_original_interval_hungarian_all_off,A2 Ablation) All Waveform Terms Off,False,500,500,0,0.0,500,340,0,0.68,0.68,1.2812002693200002,8.30000038,382.004,420.1,72.18378920800751,500,0,0,0,0,1.0,0.0,0.0,0.0,0.0,1.0,28.102,0.0,0.0,0.0,0.0,0.0,,0.0,0.0,71.4796832074644,0.04017425939673558,0.0,0.6608044501044787,72.18066191696562,71.4796832074644,0.6608044501044787
20260909_112655_937821,3f2b5a8fb3fffdab239693207bcaa7d708d20a0bb6324163a8c1741f478b736b,52,2187632443,1367392782,2187632443,12,500,50,60,5,30,10.0,120,current,Optimized Pattern Generator,dynamic_session,Dynamic Session Pattern Assignment,50,6,360,10c9f7e9e5cfed703c39f682dbb2460d5a62560322539c94771de24df39fad29,50,7.0,41.46775510204082,1.0,1.0,True,20,6,30,3699990501,8d8a310ee7f74235f7ac4db267e39f5df22dc27e7222f10978b751723fe35d41,True,bayesian_windowed,A3) Two-Stage Bayesian Posterior + Hungarian,False,500,500,0,0.0,500,489,0,0.978,0.978,0.5746550292895751,1.7878199920443105,382.004,420.1,86.31114337500185,500,0,0,0,0,1.0,0.0,0.0,0.0,0.0,1.0,28.102,0.0,0.0,0.0,0.0,0.0,,0.0,0.0,72.25939005962573,13.357496592856478,0.0,0.6912630135193467,86.30814966600155,72.25939005962573,0.6912630135193467
20260909_112655_937821,3f2b5a8fb3fffdab239693207bcaa7d708d20a0bb6324163a8c1741f478b736b,52,2187632443,1977915800,2187632443,12,500,50,60,5,30,10.0,120,current,Optimized Pattern Generator,dynamic_session,Dynamic Session Pattern Assignment,50,6,360,10c9f7e9e5cfed703c39f682dbb2460d5a62560322539c94771de24df39fad29,50,7.0,41.46775510204082,1.0,1.0,True,20,6,30,3699990501,8d8a310ee7f74235f7ac4db267e39f5df22dc27e7222f10978b751723fe35d41,True,bayesian_windowed_memory_off,A3 Ablation) Posterior Memory Off,False,500,500,0,0.0,500,484,0,0.968,0.968,0.9418199291018673,2.168073259288288,382.004,420.1,85.58774808299495,500,0,0,0,0,1.0,0.0,0.0,0.0,0.0,1.0,28.102,0.0,0.0,0.0,0.0,0.0,,0.0,0.0,71.5949403756531,13.317990958341397,0.0,0.6715834990027361,85.58451483299723,71.5949403756531,0.6715834990027361
20260909_112655_937821,3f2b5a8fb3fffdab239693207bcaa7d708d20a0bb6324163a8c1741f478b736b,52,2187632443,2395032872,2187632443,12,500,50,60,5,30,10.0,120,current,Optimized Pattern Generator,dynamic_session,Dynamic Session Pattern Assignment,50,6,360,10c9f7e9e5cfed703c39f682dbb2460d5a62560322539c94771de24df39fad29,50,7.0,41.46775510204082,1.0,1.0,True,20,6,30,3699990501,8d8a310ee7f74235f7ac4db267e39f5df22dc27e7222f10978b751723fe35d41,True,bayesian_windowed_timeprior_off,A3 Ablation) Time Prior Off,False,500,500,0,0.0,500,488,0,0.976,0.976,0.5797051476492775,1.7923386212669596,382.004,420.1,86.29195029102266,500,0,0,0,0,1.0,0.0,0.0,0.0,0.0,1.0,28.102,0.0,0.0,0.0,0.0,0.0,,0.0,0.0,72.22626746993046,13.399340973934159,0.0,0.6631721811136231,86.28878062497824,72.22626746993046,0.6631721811136231
20260909_112655_937821,3f2b5a8fb3fffdab239693207bcaa7d708d20a0bb6324163a8c1741f478b736b,52,2187632443,433795934,2187632443,12,500,50,60,5,30,10.0,120,current,Optimized Pattern Generator,dynamic_session,Dynamic Session Pattern Assignment,50,6,360,10c9f7e9e5cfed703c39f682dbb2460d5a62560322539c94771de24df39fad29,50,7.0,41.46775510204082,1.0,1.0,True,20,6,30,3699990501,8d8a310ee7f74235f7ac4db267e39f5df22dc27e7222f10978b751723fe35d41,True,bayesian_windowed_all_off,A3 Ablation) Time Prior + Memory Off,False,500,500,0,0.0,500,484,0,0.968,0.968,0.94389978029913,2.168073259288288,382.004,420.1,85.96028599998681,500,0,0,0,0,1.0,0.0,0.0,0.0,0.0,1.0,28.102,0.0,0.0,0.0,0.0,0.0,,0.0,0.0,71.91277066001203,13.378248583059758,0.0,0.6662643819581717,85.95728362502996,71.91277066001203,0.6662643819581717
20260909_112655_937821,3f2b5a8fb3fffdab239693207bcaa7d708d20a0bb6324163a8c1741f478b736b,53,2187632444,1233724816,2187632444,13,500,50,60,5,30,10.0,120,current,Optimized Pattern Generator,dynamic_session,Dynamic Session Pattern Assignment,50,6,360,dab6a89ff6292a73f267137ee625dcc5b33e8e7943caa3e8c3f87f577fa1e0b8,50,10.0,42.62122448979592,1.0,1.0,True,20,6,30,3699990498,cec5b6a7550cbc1d5571d7b6049fcba0ee1818cb18de44c322131fae88e07920,True,single_only,A1) Refined Cost + Greedy 1:1,True,500,500,0,0.0,500,484,0,0.968,0.968,0.8207472294244003,2.5037798248556475,381.578,420.1,94.48518337495625,500,0,0,0,0,1.0,0.0,0.0,0.0,0.0,1.0,28.644,0.0,0.0,0.0,0.0,0.0,,0.0,0.0,77.30679444927955,16.487911244563293,0.0,0.6875109731918201,94.48221666703466,77.30679444927955,0.6875109731918201
20260909_112655_937821,3f2b5a8fb3fffdab239693207bcaa7d708d20a0bb6324163a8c1741f478b736b,53,2187632444,1545686442,2187632444,13,500,50,60,5,30,10.0,120,current,Optimized Pattern Generator,dynamic_session,Dynamic Session Pattern Assignment,50,6,360,dab6a89ff6292a73f267137ee625dcc5b33e8e7943caa3e8c3f87f577fa1e0b8,50,10.0,42.62122448979592,1.0,1.0,True,20,6,30,3699990498,cec5b6a7550cbc1d5571d7b6049fcba0ee1818cb18de44c322131fae88e07920,True,single_only_dtw_off,A1 Ablation) DTW Off,False,500,500,0,0.0,500,464,0,0.928,0.928,0.7444136032533334,2.0833335433333335,381.578,420.1,91.31732816697331,500,0,0,0,0,1.0,0.0,0.0,0.0,0.0,1.0,28.644,0.0,0.0,0.0,0.0,0.0,,0.0,0.0,74.49957448756322,16.123016794619616,0.0,0.691688509832602,91.31427979201544,74.49957448756322,0.691688509832602
20260909_112655_937821,3f2b5a8fb3fffdab239693207bcaa7d708d20a0bb6324163a8c1741f478b736b,53,2187632444,866312282,2187632444,13,500,50,60,5,30,10.0,120,current,Optimized Pattern Generator,dynamic_session,Dynamic Session Pattern Assignment,50,6,360,dab6a89ff6292a73f267137ee625dcc5b33e8e7943caa3e8c3f87f577fa1e0b8,50,10.0,42.62122448979592,1.0,1.0,True,20,6,30,3699990498,cec5b6a7550cbc1d5571d7b6049fcba0ee1818cb18de44c322131fae88e07920,True,single_only_step_off,A1 Ablation) Step Signature Off,False,500,500,0,0.0,500,499,0,0.998,0.998,0.060157672641530865,0.3801955612411005,381.578,420.1,90.28829037502874,500,0,0,0,0,1.0,0.0,0.0,0.0,0.0,1.0,28.644,0.0,0.0,0.0,0.0,0.0,,0.0,0.0,73.70431779115461,15.882239120430313,0.0,0.6984778384212404,90.28503475000616,73.70431779115461,0.6984778384212404
20260909_112655_937821,3f2b5a8fb3fffdab239693207bcaa7d708d20a0bb6324163a8c1741f478b736b,53,2187632444,1815193614,2187632444,13,500,50,60,5,30,10.0,120,current,Optimized Pattern Generator,dynamic_session,Dynamic Session Pattern Assignment,50,6,360,dab6a89ff6292a73f267137ee625dcc5b33e8e7943caa3e8c3f87f577fa1e0b8,50,10.0,42.62122448979592,1.0,1.0,True,20,6,30,3699990498,cec5b6a7550cbc1d5571d7b6049fcba0ee1818cb18de44c322131fae88e07920,True,single_only_all_off,A1 Ablation) All Waveform Terms Off,False,500,500,0,0.0,500,357,0,0.714,0.714,1.20140027088,7.6000004400000005,381.578,420.1,74.3340027499944,500,0,0,0,0,1.0,0.0,0.0,0.0,0.0,1.0,28.644,0.0,0.0,0.0,0.0,0.0,,0.0,0.0,73.5951924098772,0.04112107947003096,0.0,0.6947740936884657,74.3310875830357,73.5951924098772,0.6947740936884657
20260909_112655_937821,3f2b5a8fb3fffdab239693207bcaa7d708d20a0bb6324163a8c1741f478b736b,53,2187632444,2184921365,2187632444,13,500,50,60,5,30,10.0,120,current,Optimized Pattern Generator,dynamic_session,Dynamic Session Pattern Assignment,50,6,360,dab6a89ff6292a73f267137ee625dcc5b33e8e7943caa3e8c3f87f577fa1e0b8,50,10.0,42.62122448979592,1.0,1.0,True,20,6,30,3699990498,cec5b6a7550cbc1d5571d7b6049fcba0ee1818cb18de44c322131fae88e07920,True,nomura_original_interval_hungarian,A2) Corr+DTW + Hungarian,False,500,500,0,0.0,500,500,0,1.0,1.0,0.055032490332559705,0.2391735998354427,381.578,420.1,115.47562112496234,500,0,0,0,0,1.0,0.0,0.0,0.0,0.0,1.0,28.644,0.0,0.0,0.0,0.0,0.0,,0.0,0.0,74.03789758426137,40.752869119576644,0.0,0.6816410051542334,115.47240770899225,74.03789758426137,0.6816410051542334
20260909_112655_937821,3f2b5a8fb3fffdab239693207bcaa7d708d20a0bb6324163a8c1741f478b736b,53,2187632444,2176353919,2187632444,13,500,50,60,5,30,10.0,120,current,Optimized Pattern Generator,dynamic_session,Dynamic Session Pattern Assignment,50,6,360,dab6a89ff6292a73f267137ee625dcc5b33e8e7943caa3e8c3f87f577fa1e0b8,50,10.0,42.62122448979592,1.0,1.0,True,20,6,30,3699990498,cec5b6a7550cbc1d5571d7b6049fcba0ee1818cb18de44c322131fae88e07920,True,nomura_original_interval_hungarian_dtw_off,A2 Ablation) DTW Off (Corr-only),False,500,500,0,0.0,500,486,0,0.972,0.972,0.05347521402593011,0.1903052922074909,381.578,420.1,115.27223162504379,500,0,0,0,0,1.0,0.0,0.0,0.0,0.0,1.0,28.644,0.0,0.0,0.0,0.0,0.0,,0.0,0.0,74.09431612753542,40.474828371661715,0.0,0.7000670418492518,115.26921154104639,74.09431612753542,0.7000670418492518
20260909_112655_937821,3f2b5a8fb3fffdab239693207bcaa7d708d20a0bb6324163a8c1741f478b736b,53,2187632444,1055930899,2187632444,13,500,50,60,5,30,10.0,120,current,Optimized Pattern Generator,dynamic_session,Dynamic Session Pattern Assignment,50,6,360,dab6a89ff6292a73f267137ee625dcc5b33e8e7943caa3e8c3f87f577fa1e0b8,50,10.0,42.62122448979592,1.0,1.0,True,20,6,30,3699990498,cec5b6a7550cbc1d5571d7b6049fcba0ee1818cb18de44c322131fae88e07920,True,nomura_original_interval_hungarian_corr_off,A2 Ablation) Corr Off (DTW-only),False,500,500,0,0.0,500,485,0,0.97,0.97,0.0005462619063982892,0.07500294749217541,381.578,420.1,115.29107437498169,500,0,0,0,0,1.0,0.0,0.0,0.0,0.0,1.0,28.644,0.0,0.0,0.0,0.0,0.0,,0.0,0.0,74.3028949315194,40.28243657108396,0.0,0.7028177893953398,115.2881492919987,74.3028949315194,0.7028177893953398
20260909_112655_937821,3f2b5a8fb3fffdab239693207bcaa7d708d20a0bb6324163a8c1741f478b736b,53,2187632444,542446200,2187632444,13,500,50,60,5,30,10.0,120,current,Optimized Pattern Generator,dynamic_session,Dynamic Session Pattern Assignment,50,6,360,dab6a89ff6292a73f267137ee625dcc5b33e8e7943caa3e8c3f87f577fa1e0b8,50,10.0,42.62122448979592,1.0,1.0,True,20,6,30,3699990498,cec5b6a7550cbc1d5571d7b6049fcba0ee1818cb18de44c322131fae88e07920,True,nomura_original_interval_hungarian_all_off,A2 Ablation) All Waveform Terms Off,False,500,500,0,0.0,500,357,0,0.714,0.714,1.20140027088,7.6000004400000005,381.578,420.1,73.57154220895609,500,0,0,0,0,1.0,0.0,0.0,0.0,0.0,1.0,28.644,0.0,0.0,0.0,0.0,0.0,,0.0,0.0,72.85049746045843,0.0405247020535171,0.0,0.6773814624757506,73.5684036249877,72.85049746045843,0.6773814624757506
20260909_112655_937821,3f2b5a8fb3fffdab239693207bcaa7d708d20a0bb6324163a8c1741f478b736b,53,2187632444,1367392777,2187632444,13,500,50,60,5,30,10.0,120,current,Optimized Pattern Generator,dynamic_session,Dynamic Session Pattern Assignment,50,6,360,dab6a89ff6292a73f267137ee625dcc5b33e8e7943caa3e8c3f87f577fa1e0b8,50,10.0,42.62122448979592,1.0,1.0,True,20,6,30,3699990498,cec5b6a7550cbc1d5571d7b6049fcba0ee1818cb18de44c322131fae88e07920,True,bayesian_windowed,A3) Two-Stage Bayesian Posterior + Hungarian,False,500,500,0,0.0,500,488,0,0.976,0.976,0.5763257462197673,1.8792875714508301,381.578,420.1,88.12260433402844,500,0,0,0,0,1.0,0.0,0.0,0.0,0.0,1.0,28.644,0.0,0.0,0.0,0.0,0.0,,0.0,0.0,73.6250160431955,13.798118237988092,0.0,0.6965147597948089,88.1196490409784,73.6250160431955,0.6965147597948089
20260909_112655_937821,3f2b5a8fb3fffdab239693207bcaa7d708d20a0bb6324163a8c1741f478b736b,53,2187632444,1977915807,2187632444,13,500,50,60,5,30,10.0,120,current,Optimized Pattern Generator,dynamic_session,Dynamic Session Pattern Assignment,50,6,360,dab6a89ff6292a73f267137ee625dcc5b33e8e7943caa3e8c3f87f577fa1e0b8,50,10.0,42.62122448979592,1.0,1.0,True,20,6,30,3699990498,cec5b6a7550cbc1d5571d7b6049fcba0ee1818cb18de44c322131fae88e07920,True,bayesian_windowed_memory_off,A3 Ablation) Posterior Memory Off,False,500,500,0,0.0,500,484,0,0.968,0.968,0.9501273216294917,2.247617035173846,381.578,420.1,87.45656141696963,500,0,0,0,0,1.0,0.0,0.0,0.0,0.0,1.0,28.644,0.0,0.0,0.0,0.0,0.0,,0.0,0.0,73.12659096810967,13.651988582627382,0.0,0.6749699912616052,87.45354954199865,73.12659096810967,0.6749699912616052
20260909_112655_937821,3f2b5a8fb3fffdab239693207bcaa7d708d20a0bb6324163a8c1741f478b736b,53,2187632444,2395032879,2187632444,13,500,50,60,5,30,10.0,120,current,Optimized Pattern Generator,dynamic_session,Dynamic Session Pattern Assignment,50,6,360,dab6a89ff6292a73f267137ee625dcc5b33e8e7943caa3e8c3f87f577fa1e0b8,50,10.0,42.62122448979592,1.0,1.0,True,20,6,30,3699990498,cec5b6a7550cbc1d5571d7b6049fcba0ee1818cb18de44c322131fae88e07920,True,bayesian_windowed_timeprior_off,A3 Ablation) Time Prior Off,False,500,500,0,0.0,500,488,0,0.976,0.976,0.581610479528066,1.8834302289926952,381.578,420.1,87.46188895800151,500,0,0,0,0,1.0,0.0,0.0,0.0,0.0,1.0,28.644,0.0,0.0,0.0,0.0,0.0,,0.0,0.0,73.11606828891672,13.6638190287631,0.0,0.6790156402857974,87.45890295796562,73.11606828891672,0.6790156402857974
20260909_112655_937821,3f2b5a8fb3fffdab239693207bcaa7d708d20a0bb6324163a8c1741f478b736b,53,2187632444,433795929,2187632444,13,500,50,60,5,30,10.0,120,current,Optimized Pattern Generator,dynamic_session,Dynamic Session Pattern Assignment,50,6,360,dab6a89ff6292a73f267137ee625dcc5b33e8e7943caa3e8c3f87f577fa1e0b8,50,10.0,42.62122448979592,1.0,1.0,True,20,6,30,3699990498,cec5b6a7550cbc1d5571d7b6049fcba0ee1818cb18de44c322131fae88e07920,True,bayesian_windowed_all_off,A3 Ablation) Time Prior + Memory Off,False,500,500,0,0.0,500,484,0,0.968,0.968,0.9521512847522347,2.2480293081907377,381.578,420.1,88.38331491599092,500,0,0,0,0,1.0,0.0,0.0,0.0,0.0,1.0,28.644,0.0,0.0,0.0,0.0,0.0,,0.0,0.0,73.89528619457269,13.800815833674278,0.0,0.6841140547767282,88.3802160830237,73.89528619457269,0.6841140547767282
20260909_112655_937821,3f2b5a8fb3fffdab239693207bcaa7d708d20a0bb6324163a8c1741f478b736b,54,2187632445,1233724817,2187632445,14,500,50,60,5,30,10.0,120,current,Optimized Pattern Generator,dynamic_session,Dynamic Session Pattern Assignment,50,6,360,0d25ee4e95dabf20f09d67e5981c2b54c2c8d35071ffc24423cdc89b795336d7,50,10.0,43.797551020408164,1.0,1.0,True,20,6,30,3699990499,2617cc83d34432e9adde3bf6b7dfde9eaf914b74a2f877bc90d1950ad3b2d628,True,single_only,A1) Refined Cost + Greedy 1:1,True,500,500,0,0.0,500,485,0,0.97,0.97,0.8688264944490538,2.3024823148592133,381.848,420.1,90.52947420801502,500,0,0,0,0,1.0,0.0,0.0,0.0,0.0,1.0,28.734,0.0,0.0,0.0,0.0,0.0,,0.0,0.0,73.98970016272506,15.836637119355146,0.0,0.7000818009255454,90.52641908300575,73.98970016272506,0.7000818009255454
20260909_112655_937821,3f2b5a8fb3fffdab239693207bcaa7d708d20a0bb6324163a8c1741f478b736b,54,2187632445,1545686443,2187632445,14,500,50,60,5,30,10.0,120,current,Optimized Pattern Generator,dynamic_session,Dynamic Session Pattern Assignment,50,6,360,0d25ee4e95dabf20f09d67e5981c2b54c2c8d35071ffc24423cdc89b795336d7,50,10.0,43.797551020408164,1.0,1.0,True,20,6,30,3699990499,2617cc83d34432e9adde3bf6b7dfde9eaf914b74a2f877bc90d1950ad3b2d628,True,single_only_dtw_off,A1 Ablation) DTW Off,False,500,500,0,0.0,500,460,0,0.92,0.92,0.7908136090133334,1.9766669066666667,381.848,420.1,90.76884087501094,500,0,0,0,0,1.0,0.0,0.0,0.0,0.0,1.0,28.734,0.0,0.0,0.0,0.0,0.0,,0.0,0.0,74.14792102994397,15.934947283240035,0.0,0.682951602851972,90.76581991603598,74.14792102994397,0.682951602851972
20260909_112655_937821,3f2b5a8fb3fffdab239693207bcaa7d708d20a0bb6324163a8c1741f478b736b,54,2187632445,866312283,2187632445,14,500,50,60,5,30,10.0,120,current,Optimized Pattern Generator,dynamic_session,Dynamic Session Pattern Assignment,50,6,360,0d25ee4e95dabf20f09d67e5981c2b54c2c8d35071ffc24423cdc89b795336d7,50,10.0,43.797551020408164,1.0,1.0,True,20,6,30,3699990499,2617cc83d34432e9adde3bf6b7dfde9eaf914b74a2f877bc90d1950ad3b2d628,True,single_only_step_off,A1 Ablation) Step Signature Off,False,500,500,0,0.0,500,500,0,1.0,1.0,0.06169421959899357,0.3711487905286862,381.848,420.1,91.04675249999855,500,0,0,0,0,1.0,0.0,0.0,0.0,0.0,1.0,28.734,0.0,0.0,0.0,0.0,0.0,,0.0,0.0,74.39572917937767,15.970153455622494,0.0,0.6778356150025502,91.04371825000271,74.39572917937767,0.6778356150025502
20260909_112655_937821,3f2b5a8fb3fffdab239693207bcaa7d708d20a0bb6324163a8c1741f478b736b,54,2187632445,1815193615,2187632445,14,500,50,60,5,30,10.0,120,current,Optimized Pattern Generator,dynamic_session,Dynamic Session Pattern Assignment,50,6,360,0d25ee4e95dabf20f09d67e5981c2b54c2c8d35071ffc24423cdc89b795336d7,50,10.0,43.797551020408164,1.0,1.0,True,20,6,30,3699990499,2617cc83d34432e9adde3bf6b7dfde9eaf914b74a2f877bc90d1950ad3b2d628,True,single_only_all_off,A1 Ablation) All Waveform Terms Off,False,500,500,0,0.0,500,353,0,0.706,0.706,1.2582002804999999,8.700000330000002,381.848,420.1,74.33014783402905,500,0,0,0,0,1.0,0.0,0.0,0.0,0.0,1.0,28.734,0.0,0.0,0.0,0.0,0.0,,0.0,0.0,73.61976023367606,0.04093749192543328,0.0,0.6664771913783625,74.32717491697986,73.61976023367606,0.6664771913783625
20260909_112655_937821,3f2b5a8fb3fffdab239693207bcaa7d708d20a0bb6324163a8c1741f478b736b,54,2187632445,2184921364,2187632445,14,500,50,60,5,30,10.0,120,current,Optimized Pattern Generator,dynamic_session,Dynamic Session Pattern Assignment,50,6,360,0d25ee4e95dabf20f09d67e5981c2b54c2c8d35071ffc24423cdc89b795336d7,50,10.0,43.797551020408164,1.0,1.0,True,20,6,30,3699990499,2617cc83d34432e9adde3bf6b7dfde9eaf914b74a2f877bc90d1950ad3b2d628,True,nomura_original_interval_hungarian,A2) Corr+DTW + Hungarian,False,500,500,0,0.0,500,500,0,1.0,1.0,0.058722566977603835,0.22636494467864976,381.848,420.1,115.8050026250421,500,0,0,0,0,1.0,0.0,0.0,0.0,0.0,1.0,28.734,0.0,0.0,0.0,0.0,0.0,,0.0,0.0,74.50668825069442,40.61239039764041,0.0,0.6828600176377222,115.80193866597256,74.50668825069442,0.6828600176377222
20260909_112655_937821,3f2b5a8fb3fffdab239693207bcaa7d708d20a0bb6324163a8c1741f478b736b,54,2187632445,2176353918,2187632445,14,500,50,60,5,30,10.0,120,current,Optimized Pattern Generator,dynamic_session,Dynamic Session Pattern Assignment,50,6,360,0d25ee4e95dabf20f09d67e5981c2b54c2c8d35071ffc24423cdc89b795336d7,50,10.0,43.797551020408164,1.0,1.0,True,20,6,30,3699990499,2617cc83d34432e9adde3bf6b7dfde9eaf914b74a2f877bc90d1950ad3b2d628,True,nomura_original_interval_hungarian_dtw_off,A2 Ablation) DTW Off (Corr-only),False,500,500,0,0.0,500,490,0,0.98,0.98,0.057449903752439,0.21709757923177897,381.848,420.1,115.48750787496101,500,0,0,0,0,1.0,0.0,0.0,0.0,0.0,1.0,28.734,0.0,0.0,0.0,0.0,0.0,,0.0,0.0,74.20950478978921,40.55877624958521,0.0,0.7162127936608158,115.48449383303523,74.20950478978921,0.7162127936608158
20260909_112655_937821,3f2b5a8fb3fffdab239693207bcaa7d708d20a0bb6324163a8c1741f478b736b,54,2187632445,1055930898,2187632445,14,500,50,60,5,30,10.0,120,current,Optimized Pattern Generator,dynamic_session,Dynamic Session Pattern Assignment,50,6,360,0d25ee4e95dabf20f09d67e5981c2b54c2c8d35071ffc24423cdc89b795336d7,50,10.0,43.797551020408164,1.0,1.0,True,20,6,30,3699990499,2617cc83d34432e9adde3bf6b7dfde9eaf914b74a2f877bc90d1950ad3b2d628,True,nomura_original_interval_hungarian_corr_off,A2 Ablation) Corr Off (DTW-only),False,500,500,0,0.0,500,487,0,0.974,0.974,0.0007905474921510409,0.05723715869399417,381.848,420.1,114.72087933297735,500,0,0,0,0,1.0,0.0,0.0,0.0,0.0,1.0,28.734,0.0,0.0,0.0,0.0,0.0,,0.0,0.0,73.85726053983672,40.15946624823846,0.0,0.701125711959321,114.7178525000345,73.85726053983672,0.701125711959321
20260909_112655_937821,3f2b5a8fb3fffdab239693207bcaa7d708d20a0bb6324163a8c1741f478b736b,54,2187632445,542446201,2187632445,14,500,50,60,5,30,10.0,120,current,Optimized Pattern Generator,dynamic_session,Dynamic Session Pattern Assignment,50,6,360,0d25ee4e95dabf20f09d67e5981c2b54c2c8d35071ffc24423cdc89b795336d7,50,10.0,43.797551020408164,1.0,1.0,True,20,6,30,3699990499,2617cc83d34432e9adde3bf6b7dfde9eaf914b74a2f877bc90d1950ad3b2d628,True,nomura_original_interval_hungarian_all_off,A2 Ablation) All Waveform Terms Off,False,500,500,0,0.0,500,353,0,0.706,0.706,1.2582002804999999,8.700000330000002,381.848,420.1,74.14183895802125,500,0,0,0,0,1.0,0.0,0.0,0.0,0.0,1.0,28.734,0.0,0.0,0.0,0.0,0.0,,0.0,0.0,73.41965118946973,0.04019077209522948,0.0,0.678953621420078,74.13879558298504,73.41965118946973,0.678953621420078
20260909_112655_937821,3f2b5a8fb3fffdab239693207bcaa7d708d20a0bb6324163a8c1741f478b736b,54,2187632445,1367392776,2187632445,14,500,50,60,5,30,10.0,120,current,Optimized Pattern Generator,dynamic_session,Dynamic Session Pattern Assignment,50,6,360,0d25ee4e95dabf20f09d67e5981c2b54c2c8d35071ffc24423cdc89b795336d7,50,10.0,43.797551020408164,1.0,1.0,True,20,6,30,3699990499,2617cc83d34432e9adde3bf6b7dfde9eaf914b74a2f877bc90d1950ad3b2d628,True,bayesian_windowed,A3) Two-Stage Bayesian Posterior + Hungarian,False,500,500,0,0.0,500,488,0,0.976,0.976,0.5549838199275876,1.7752175067561728,381.848,420.1,88.40866695798468,500,0,0,0,0,1.0,0.0,0.0,0.0,0.0,1.0,28.734,0.0,0.0,0.0,0.0,0.0,,0.0,0.0,73.96354438137496,13.74828763428377,0.0,0.693894651310984,88.40572666696971,73.96354438137496,0.693894651310984
20260909_112655_937821,3f2b5a8fb3fffdab239693207bcaa7d708d20a0bb6324163a8c1741f478b736b,54,2187632445,1977915806,2187632445,14,500,50,60,5,30,10.0,120,current,Optimized Pattern Generator,dynamic_session,Dynamic Session Pattern Assignment,50,6,360,0d25ee4e95dabf20f09d67e5981c2b54c2c8d35071ffc24423cdc89b795336d7,50,10.0,43.797551020408164,1.0,1.0,True,20,6,30,3699990499,2617cc83d34432e9adde3bf6b7dfde9eaf914b74a2f877bc90d1950ad3b2d628,True,bayesian_windowed_memory_off,A3 Ablation) Posterior Memory Off,False,500,500,0,0.0,500,485,0,0.97,0.97,0.9194570149610852,2.101767300129008,381.848,420.1,88.34017229202436,500,0,0,0,0,1.0,0.0,0.0,0.0,0.0,1.0,28.734,0.0,0.0,0.0,0.0,0.0,,0.0,0.0,73.88942722068168,13.774892027198803,0.0,0.6728829191415571,88.33720216702204,73.88942722068168,0.6728829191415571
20260909_112655_937821,3f2b5a8fb3fffdab239693207bcaa7d708d20a0bb6324163a8c1741f478b736b,54,2187632445,2395032878,2187632445,14,500,50,60,5,30,10.0,120,current,Optimized Pattern Generator,dynamic_session,Dynamic Session Pattern Assignment,50,6,360,0d25ee4e95dabf20f09d67e5981c2b54c2c8d35071ffc24423cdc89b795336d7,50,10.0,43.797551020408164,1.0,1.0,True,20,6,30,3699990499,2617cc83d34432e9adde3bf6b7dfde9eaf914b74a2f877bc90d1950ad3b2d628,True,bayesian_windowed_timeprior_off,A3 Ablation) Time Prior Off,False,500,500,0,0.0,500,488,0,0.976,0.976,0.5586617799583448,1.7752175067561728,381.848,420.1,88.50820787501289,500,0,0,0,0,1.0,0.0,0.0,0.0,0.0,1.0,28.734,0.0,0.0,0.0,0.0,0.0,,0.0,0.0,74.05858904437628,13.768452500808053,0.0,0.6781461628270335,88.50518770801136,74.05858904437628,0.6781461628270335
20260909_112655_937821,3f2b5a8fb3fffdab239693207bcaa7d708d20a0bb6324163a8c1741f478b736b,54,2187632445,433795928,2187632445,14,500,50,60,5,30,10.0,120,current,Optimized Pattern Generator,dynamic_session,Dynamic Session Pattern Assignment,50,6,360,0d25ee4e95dabf20f09d67e5981c2b54c2c8d35071ffc24423cdc89b795336d7,50,10.0,43.797551020408164,1.0,1.0,True,20,6,30,3699990499,2617cc83d34432e9adde3bf6b7dfde9eaf914b74a2f877bc90d1950ad3b2d628,True,bayesian_windowed_all_off,A3 Ablation) Time Prior + Memory Off,False,500,500,0,0.0,500,485,0,0.97,0.97,0.9212747420192555,2.101767300129008,381.848,420.1,88.08465337497182,500,0,0,0,0,1.0,0.0,0.0,0.0,0.0,1.0,28.734,0.0,0.0,0.0,0.0,0.0,,0.0,0.0,73.64851925580297,13.738841626269277,0.0,0.6942863269359805,88.08164720900822,73.64851925580297,0.6942863269359805
20260909_112655_937821,3f2b5a8fb3fffdab239693207bcaa7d708d20a0bb6324163a8c1741f478b736b,55,2187632446,1233724818,2187632446,15,500,50,60,5,30,10.0,120,current,Optimized Pattern Generator,dynamic_session,Dynamic Session Pattern Assignment,50,6,360,fb599f61ba4b4dac97f7ad544e8a43973d5cce79d41ed2b4e150b61742890a46,50,11.0,41.926530612244896,1.0,1.0,True,20,6,30,3699990496,718fe492816da635b0a39edb1591db3b00b9b67863be0a7834201600b578ee4f,True,single_only,A1) Refined Cost + Greedy 1:1,True,500,500,0,0.0,500,491,0,0.982,0.982,0.8391239599476709,2.192562889846795,380.156,412.1,90.75901504204376,500,0,0,0,0,1.0,0.0,0.0,0.0,0.0,1.0,28.76,0.0,0.0,0.0,0.0,0.0,,0.0,0.0,74.07329825311899,16.00303833221551,0.0,0.6797167066833936,90.7560532920179,74.07329825311899,0.6797167066833936
20260909_112655_937821,3f2b5a8fb3fffdab239693207bcaa7d708d20a0bb6324163a8c1741f478b736b,55,2187632446,1545686440,2187632446,15,500,50,60,5,30,10.0,120,current,Optimized Pattern Generator,dynamic_session,Dynamic Session Pattern Assignment,50,6,360,fb599f61ba4b4dac97f7ad544e8a43973d5cce79d41ed2b4e150b61742890a46,50,11.0,41.926530612244896,1.0,1.0,True,20,6,30,3699990496,718fe492816da635b0a39edb1591db3b00b9b67863be0a7834201600b578ee4f,True,single_only_dtw_off,A1 Ablation) DTW Off,False,500,500,0,0.0,500,463,0,0.926,0.926,0.7659602827200002,2.1266671366666667,380.156,412.1,91.00138141703792,500,0,0,0,0,1.0,0.0,0.0,0.0,0.0,1.0,28.76,0.0,0.0,0.0,0.0,0.0,,0.0,0.0,74.33685195539147,15.98334107460687,0.0,0.6781757610151544,90.99836879101349,74.33685195539147,0.6781757610151544
20260909_112655_937821,3f2b5a8fb3fffdab239693207bcaa7d708d20a0bb6324163a8c1741f478b736b,55,2187632446,866312280,2187632446,15,500,50,60,5,30,10.0,120,current,Optimized Pattern Generator,dynamic_session,Dynamic Session Pattern Assignment,50,6,360,fb599f61ba4b4dac97f7ad544e8a43973d5cce79d41ed2b4e150b61742890a46,50,11.0,41.926530612244896,1.0,1.0,True,20,6,30,3699990496,718fe492816da635b0a39edb1591db3b00b9b67863be0a7834201600b578ee4f,True,single_only_step_off,A1 Ablation) Step Signature Off,False,500,500,0,0.0,500,498,0,0.996,0.996,0.05717117126747838,0.24649112983679536,380.156,412.1,90.6843869999866,500,0,0,0,0,1.0,0.0,0.0,0.0,0.0,1.0,28.76,0.0,0.0,0.0,0.0,0.0,,0.0,0.0,74.0602503764676,15.926232922647614,0.0,0.6949206588906236,90.68140395800583,74.0602503764676,0.6949206588906236
20260909_112655_937821,3f2b5a8fb3fffdab239693207bcaa7d708d20a0bb6324163a8c1741f478b736b,55,2187632446,1815193612,2187632446,15,500,50,60,5,30,10.0,120,current,Optimized Pattern Generator,dynamic_session,Dynamic Session Pattern Assignment,50,6,360,fb599f61ba4b4dac97f7ad544e8a43973d5cce79d41ed2b4e150b61742890a46,50,11.0,41.926530612244896,1.0,1.0,True,20,6,30,3699990496,718fe492816da635b0a39edb1591db3b00b9b67863be0a7834201600b578ee4f,True,single_only_all_off,A1 Ablation) All Waveform Terms Off,False,500,500,0,0.0,500,363,0,0.726,0.726,1.2110002807400002,8.400000310000001,380.156,412.1,74.2264350830228,500,0,0,0,0,1.0,0.0,0.0,0.0,0.0,1.0,28.76,0.0,0.0,0.0,0.0,0.0,,0.0,0.0,73.50498304871144,0.040892669348977506,0.0,0.6776467399904504,74.22352245805087,73.50498304871144,0.6776467399904504
20260909_112655_937821,3f2b5a8fb3fffdab239693207bcaa7d708d20a0bb6324163a8c1741f478b736b,55,2187632446,2184921367,2187632446,15,500,50,60,5,30,10.0,120,current,Optimized Pattern Generator,dynamic_session,Dynamic Session Pattern Assignment,50,6,360,fb599f61ba4b4dac97f7ad544e8a43973d5cce79d41ed2b4e150b61742890a46,50,11.0,41.926530612244896,1.0,1.0,True,20,6,30,3699990496,718fe492816da635b0a39edb1591db3b00b9b67863be0a7834201600b578ee4f,True,nomura_original_interval_hungarian,A2) Corr+DTW + Hungarian,False,500,500,0,0.0,500,500,0,1.0,1.0,0.05325977741606818,0.19879569599346816,380.156,412.1,114.74428991699824,500,0,0,0,0,1.0,0.0,0.0,0.0,0.0,1.0,28.76,0.0,0.0,0.0,0.0,0.0,,0.0,0.0,73.72502362466184,40.334639581735246,0.0,0.6815774185815826,114.74124062497867,73.72502362466184,0.6815774185815826
20260909_112655_937821,3f2b5a8fb3fffdab239693207bcaa7d708d20a0bb6324163a8c1741f478b736b,55,2187632446,2176353917,2187632446,15,500,50,60,5,30,10.0,120,current,Optimized Pattern Generator,dynamic_session,Dynamic Session Pattern Assignment,50,6,360,fb599f61ba4b4dac97f7ad544e8a43973d5cce79d41ed2b4e150b61742890a46,50,11.0,41.926530612244896,1.0,1.0,True,20,6,30,3699990496,718fe492816da635b0a39edb1591db3b00b9b67863be0a7834201600b578ee4f,True,nomura_original_interval_hungarian_dtw_off,A2 Ablation) DTW Off (Corr-only),False,500,500,0,0.0,500,488,0,0.976,0.976,0.05113286398694103,0.19795646507786957,380.156,412.1,113.12289737502579,500,0,0,0,0,1.0,0.0,0.0,0.0,0.0,1.0,28.76,0.0,0.0,0.0,0.0,0.0,,0.0,0.0,72.47023245343007,39.97088234516559,0.0,0.6789000344579108,113.12001483305357,72.47023245343007,0.6789000344579108
20260909_112655_937821,3f2b5a8fb3fffdab239693207bcaa7d708d20a0bb6324163a8c1741f478b736b,55,2187632446,1055930897,2187632446,15,500,50,60,5,30,10.0,120,current,Optimized Pattern Generator,dynamic_session,Dynamic Session Pattern Assignment,50,6,360,fb599f61ba4b4dac97f7ad544e8a43973d5cce79d41ed2b4e150b61742890a46,50,11.0,41.926530612244896,1.0,1.0,True,20,6,30,3699990496,718fe492816da635b0a39edb1591db3b00b9b67863be0a7834201600b578ee4f,True,nomura_original_interval_hungarian_corr_off,A2 Ablation) Corr Off (DTW-only),False,500,500,0,0.0,500,482,0,0.964,0.964,0.0010509037653556486,0.1400442348422554,380.156,412.1,113.14998704195023,500,0,0,0,0,1.0,0.0,0.0,0.0,0.0,1.0,28.76,0.0,0.0,0.0,0.0,0.0,,0.0,0.0,72.67020390788093,39.80577598925447,0.0,0.6709809778840281,113.14696087501943,72.67020390788093,0.6709809778840281
20260909_112655_937821,3f2b5a8fb3fffdab239693207bcaa7d708d20a0bb6324163a8c1741f478b736b,55,2187632446,542446202,2187632446,15,500,50,60,5,30,10.0,120,current,Optimized Pattern Generator,dynamic_session,Dynamic Session Pattern Assignment,50,6,360,fb599f61ba4b4dac97f7ad544e8a43973d5cce79d41ed2b4e150b61742890a46,50,11.0,41.926530612244896,1.0,1.0,True,20,6,30,3699990496,718fe492816da635b0a39edb1591db3b00b9b67863be0a7834201600b578ee4f,True,nomura_original_interval_hungarian_all_off,A2 Ablation) All Waveform Terms Off,False,500,500,0,0.0,500,363,0,0.726,0.726,1.2110002807400002,8.400000310000001,380.156,412.1,72.58945337502519,500,0,0,0,0,1.0,0.0,0.0,0.0,0.0,1.0,28.76,0.0,0.0,0.0,0.0,0.0,,0.0,0.0,71.87028367992025,0.039835081552155316,0.0,0.6760514884954318,72.58617024996784,71.87028367992025,0.6760514884954318
20260909_112655_937821,3f2b5a8fb3fffdab239693207bcaa7d708d20a0bb6324163a8c1741f478b736b,55,2187632446,1367392779,2187632446,15,500,50,60,5,30,10.0,120,current,Optimized Pattern Generator,dynamic_session,Dynamic Session Pattern Assignment,50,6,360,fb599f61ba4b4dac97f7ad544e8a43973d5cce79d41ed2b4e150b61742890a46,50,11.0,41.926530612244896,1.0,1.0,True,20,6,30,3699990496,718fe492816da635b0a39edb1591db3b00b9b67863be0a7834201600b578ee4f,True,bayesian_windowed,A3) Two-Stage Bayesian Posterior + Hungarian,False,500,500,0,0.0,500,496,0,0.992,0.992,0.6833745787956773,1.8265122627029866,380.156,412.1,86.2004117500037,500,0,0,0,0,1.0,0.0,0.0,0.0,0.0,1.0,28.76,0.0,0.0,0.0,0.0,0.0,,0.0,0.0,72.09689837921178,13.432712463953067,0.0,0.6677988238516264,86.19740966701647,72.09689837921178,0.6677988238516264
20260909_112655_937821,3f2b5a8fb3fffdab239693207bcaa7d708d20a0bb6324163a8c1741f478b736b,55,2187632446,1977915805,2187632446,15,500,50,60,5,30,10.0,120,current,Optimized Pattern Generator,dynamic_session,Dynamic Session Pattern Assignment,50,6,360,fb599f61ba4b4dac97f7ad544e8a43973d5cce79d41ed2b4e150b61742890a46,50,11.0,41.926530612244896,1.0,1.0,True,20,6,30,3699990496,718fe492816da635b0a39edb1591db3b00b9b67863be0a7834201600b578ee4f,True,bayesian_windowed_memory_off,A3 Ablation) Posterior Memory Off,False,500,500,0,0.0,500,491,0,0.982,0.982,1.070337266005705,2.3455250335932134,380.156,412.1,85.60108541697264,500,0,0,0,0,1.0,0.0,0.0,0.0,0.0,1.0,28.76,0.0,0.0,0.0,0.0,0.0,,0.0,0.0,71.53287091699895,13.394611417374108,0.0,0.6706170826219022,85.59809941699496,71.53287091699895,0.6706170826219022
20260909_112655_937821,3f2b5a8fb3fffdab239693207bcaa7d708d20a0bb6324163a8c1741f478b736b,55,2187632446,2395032877,2187632446,15,500,50,60,5,30,10.0,120,current,Optimized Pattern Generator,dynamic_session,Dynamic Session Pattern Assignment,50,6,360,fb599f61ba4b4dac97f7ad544e8a43973d5cce79d41ed2b4e150b61742890a46,50,11.0,41.926530612244896,1.0,1.0,True,20,6,30,3699990496,718fe492816da635b0a39edb1591db3b00b9b67863be0a7834201600b578ee4f,True,bayesian_windowed_timeprior_off,A3 Ablation) Time Prior Off,False,500,500,0,0.0,500,496,0,0.992,0.992,0.6883278006681757,1.8311214436648104,380.156,412.1,86.05432845902396,500,0,0,0,0,1.0,0.0,0.0,0.0,0.0,1.0,28.76,0.0,0.0,0.0,0.0,0.0,,0.0,0.0,71.90778112679254,13.461388444295153,0.0,0.6822122209123336,86.05138179200003,71.90778112679254,0.6822122209123336
20260909_112655_937821,3f2b5a8fb3fffdab239693207bcaa7d708d20a0bb6324163a8c1741f478b736b,55,2187632446,433795931,2187632446,15,500,50,60,5,30,10.0,120,current,Optimized Pattern Generator,dynamic_session,Dynamic Session Pattern Assignment,50,6,360,fb599f61ba4b4dac97f7ad544e8a43973d5cce79d41ed2b4e150b61742890a46,50,11.0,41.926530612244896,1.0,1.0,True,20,6,30,3699990496,718fe492816da635b0a39edb1591db3b00b9b67863be0a7834201600b578ee4f,True,bayesian_windowed_all_off,A3 Ablation) Time Prior + Memory Off,False,500,500,0,0.0,500,491,0,0.982,0.982,1.0722997920890103,2.345885105759684,380.156,412.1,86.23518887499813,500,0,0,0,0,1.0,0.0,0.0,0.0,0.0,1.0,28.76,0.0,0.0,0.0,0.0,0.0,,0.0,0.0,72.07568649377208,13.46344874065835,0.0,0.6931121405796148,86.23224737501005,72.07568649377208,0.6931121405796148
20260909_112655_937821,3f2b5a8fb3fffdab239693207bcaa7d708d20a0bb6324163a8c1741f478b736b,56,2187632447,1233724819,2187632447,16,500,50,60,5,30,10.0,120,current,Optimized Pattern Generator,dynamic_session,Dynamic Session Pattern Assignment,50,6,360,da08701f33c67af0d64c8381f2fdaa08c2e5f80aa5369171f0752d4b1dda2843,50,6.0,41.31265306122449,1.0,1.0,True,20,6,30,3699990497,9a1f2156e5ebc7b227a4077f8c23c6702b155de6234c6163c34945ba9c8cebf5,True,single_only,A1) Refined Cost + Greedy 1:1,True,500,500,0,0.0,500,488,0,0.976,0.976,0.8573705180617276,2.3039390881451194,381.71,417.0,84.20597795897629,500,0,0,0,0,1.0,0.0,0.0,0.0,0.0,1.0,27.652,0.0,0.0,0.0,0.0,0.0,,0.0,0.0,68.75038120662794,14.784940006560646,0.0,0.6676846197806299,84.20300583296921,68.75038120662794,0.6676846197806299
20260909_112655_937821,3f2b5a8fb3fffdab239693207bcaa7d708d20a0bb6324163a8c1741f478b736b,56,2187632447,1545686441,2187632447,16,500,50,60,5,30,10.0,120,current,Optimized Pattern Generator,dynamic_session,Dynamic Session Pattern Assignment,50,6,360,da08701f33c67af0d64c8381f2fdaa08c2e5f80aa5369171f0752d4b1dda2843,50,6.0,41.31265306122449,1.0,1.0,True,20,6,30,3699990497,9a1f2156e5ebc7b227a4077f8c23c6702b155de6234c6163c34945ba9c8cebf5,True,single_only_dtw_off,A1 Ablation) DTW Off,False,500,500,0,0.0,500,474,0,0.948,0.948,0.7795335951733334,2.2766666766666668,381.71,417.0,84.99885545799043,500,0,0,0,0,1.0,0.0,0.0,0.0,0.0,1.0,27.652,0.0,0.0,0.0,0.0,0.0,,0.0,0.0,69.37345793045824,14.961916907865088,0.0,0.6606608276488259,84.99603566597216,69.37345793045824,0.6606608276488259
20260909_112655_937821,3f2b5a8fb3fffdab239693207bcaa7d708d20a0bb6324163a8c1741f478b736b,56,2187632447,866312281,2187632447,16,500,50,60,5,30,10.0,120,current,Optimized Pattern Generator,dynamic_session,Dynamic Session Pattern Assignment,50,6,360,da08701f33c67af0d64c8381f2fdaa08c2e5f80aa5369171f0752d4b1dda2843,50,6.0,41.31265306122449,1.0,1.0,True,20,6,30,3699990497,9a1f2156e5ebc7b227a4077f8c23c6702b155de6234c6163c34945ba9c8cebf5,True,single_only_step_off,A1 Ablation) Step Signature Off,False,500,500,0,0.0,500,496,0,0.992,0.992,0.06549235258996933,0.49009746066925947,381.71,417.0,85.7057506669662,500,0,0,0,0,1.0,0.0,0.0,0.0,0.0,1.0,27.652,0.0,0.0,0.0,0.0,0.0,,0.0,0.0,69.9395553660579,15.115151325706393,0.0,0.6483122252393514,85.70301891700365,69.9395553660579,0.6483122252393514
20260909_112655_937821,3f2b5a8fb3fffdab239693207bcaa7d708d20a0bb6324163a8c1741f478b736b,56,2187632447,1815193613,2187632447,16,500,50,60,5,30,10.0,120,current,Optimized Pattern Generator,dynamic_session,Dynamic Session Pattern Assignment,50,6,360,da08701f33c67af0d64c8381f2fdaa08c2e5f80aa5369171f0752d4b1dda2843,50,6.0,41.31265306122449,1.0,1.0,True,20,6,30,3699990497,9a1f2156e5ebc7b227a4077f8c23c6702b155de6234c6163c34945ba9c8cebf5,True,single_only_all_off,A1 Ablation) All Waveform Terms Off,False,500,500,0,0.0,500,379,0,0.758,0.758,1.2412002652,7.800000390000001,381.71,417.0,70.04342445899965,500,0,0,0,0,1.0,0.0,0.0,0.0,0.0,1.0,27.652,0.0,0.0,0.0,0.0,0.0,,0.0,0.0,69.33974574756576,0.03921436076052487,0.0,0.6616129746544175,70.0405730829807,69.33974574756576,0.6616129746544175
20260909_112655_937821,3f2b5a8fb3fffdab239693207bcaa7d708d20a0bb6324163a8c1741f478b736b,56,2187632447,2184921366,2187632447,16,500,50,60,5,30,10.0,120,current,Optimized Pattern Generator,dynamic_session,Dynamic Session Pattern Assignment,50,6,360,da08701f33c67af0d64c8381f2fdaa08c2e5f80aa5369171f0752d4b1dda2843,50,6.0,41.31265306122449,1.0,1.0,True,20,6,30,3699990497,9a1f2156e5ebc7b227a4077f8c23c6702b155de6234c6163c34945ba9c8cebf5,True,nomura_original_interval_hungarian,A2) Corr+DTW + Hungarian,False,500,500,0,0.0,500,500,0,1.0,1.0,0.05933574417752366,0.23479023005299016,381.71,417.0,107.93617154198,500,0,0,0,0,1.0,0.0,0.0,0.0,0.0,1.0,27.652,0.0,0.0,0.0,0.0,0.0,,0.0,0.0,69.17521112464601,38.09455509099644,0.0,0.6634242013678886,107.93319041701034,69.17521112464601,0.6634242013678886
20260909_112655_937821,3f2b5a8fb3fffdab239693207bcaa7d708d20a0bb6324163a8c1741f478b736b,56,2187632447,2176353916,2187632447,16,500,50,60,5,30,10.0,120,current,Optimized Pattern Generator,dynamic_session,Dynamic Session Pattern Assignment,50,6,360,da08701f33c67af0d64c8381f2fdaa08c2e5f80aa5369171f0752d4b1dda2843,50,6.0,41.31265306122449,1.0,1.0,True,20,6,30,3699990497,9a1f2156e5ebc7b227a4077f8c23c6702b155de6234c6163c34945ba9c8cebf5,True,nomura_original_interval_hungarian_dtw_off,A2 Ablation) DTW Off (Corr-only),False,500,500,0,0.0,500,485,0,0.97,0.97,0.05682566015412102,0.20666650007796258,381.71,417.0,106.30946783302352,500,0,0,0,0,1.0,0.0,0.0,0.0,0.0,1.0,27.652,0.0,0.0,0.0,0.0,0.0,,0.0,0.0,67.90352124895435,37.74281812243862,0.0,0.6601242536562495,106.30646362504922,67.90352124895435,0.6601242536562495
20260909_112655_937821,3f2b5a8fb3fffdab239693207bcaa7d708d20a0bb6324163a8c1741f478b736b,56,2187632447,1055930896,2187632447,16,500,50,60,5,30,10.0,120,current,Optimized Pattern Generator,dynamic_session,Dynamic Session Pattern Assignment,50,6,360,da08701f33c67af0d64c8381f2fdaa08c2e5f80aa5369171f0752d4b1dda2843,50,6.0,41.31265306122449,1.0,1.0,True,20,6,30,3699990497,9a1f2156e5ebc7b227a4077f8c23c6702b155de6234c6163c34945ba9c8cebf5,True,nomura_original_interval_hungarian_corr_off,A2 Ablation) Corr Off (DTW-only),False,500,500,0,0.0,500,484,0,0.968,0.968,0.0007428010401582941,0.11728609171540852,381.71,417.0,117.07466487505008,500,0,0,0,0,1.0,0.0,0.0,0.0,0.0,1.0,27.652,0.0,0.0,0.0,0.0,0.0,,0.0,0.0,75.66446541674668,40.72235388419358,0.0,0.6839810331002809,117.07080033404054,75.66446541674668,0.6839810331002809
20260909_112655_937821,3f2b5a8fb3fffdab239693207bcaa7d708d20a0bb6324163a8c1741f478b736b,56,2187632447,542446203,2187632447,16,500,50,60,5,30,10.0,120,current,Optimized Pattern Generator,dynamic_session,Dynamic Session Pattern Assignment,50,6,360,da08701f33c67af0d64c8381f2fdaa08c2e5f80aa5369171f0752d4b1dda2843,50,6.0,41.31265306122449,1.0,1.0,True,20,6,30,3699990497,9a1f2156e5ebc7b227a4077f8c23c6702b155de6234c6163c34945ba9c8cebf5,True,nomura_original_interval_hungarian_all_off,A2 Ablation) All Waveform Terms Off,False,500,500,0,0.0,500,379,0,0.758,0.758,1.2412002652,7.800000390000001,381.71,417.0,61.444755500007886,500,0,0,0,0,1.0,0.0,0.0,0.0,0.0,1.0,27.652,0.0,0.0,0.0,0.0,0.0,,0.0,0.0,60.79587316222023,0.03548216831404716,0.0,0.6108539614942856,61.442209292028565,60.79587316222023,0.6108539614942856
20260909_112655_937821,3f2b5a8fb3fffdab239693207bcaa7d708d20a0bb6324163a8c1741f478b736b,56,2187632447,1367392778,2187632447,16,500,50,60,5,30,10.0,120,current,Optimized Pattern Generator,dynamic_session,Dynamic Session Pattern Assignment,50,6,360,da08701f33c67af0d64c8381f2fdaa08c2e5f80aa5369171f0752d4b1dda2843,50,6.0,41.31265306122449,1.0,1.0,True,20,6,30,3699990497,9a1f2156e5ebc7b227a4077f8c23c6702b155de6234c6163c34945ba9c8cebf5,True,bayesian_windowed,A3) Two-Stage Bayesian Posterior + Hungarian,False,500,500,0,0.0,500,493,0,0.986,0.986,0.5262103962246013,1.63326270594886,381.71,417.0,71.26494345796527,500,0,0,0,0,1.0,0.0,0.0,0.0,0.0,1.0,27.652,0.0,0.0,0.0,0.0,0.0,,0.0,0.0,59.53848966950318,11.138114322850015,0.0,0.5857624665950425,71.26236645894824,59.53848966950318,0.5857624665950425
20260909_112655_937821,3f2b5a8fb3fffdab239693207bcaa7d708d20a0bb6324163a8c1741f478b736b,56,2187632447,1977915804,2187632447,16,500,50,60,5,30,10.0,120,current,Optimized Pattern Generator,dynamic_session,Dynamic Session Pattern Assignment,50,6,360,da08701f33c67af0d64c8381f2fdaa08c2e5f80aa5369171f0752d4b1dda2843,50,6.0,41.31265306122449,1.0,1.0,True,20,6,30,3699990497,9a1f2156e5ebc7b227a4077f8c23c6702b155de6234c6163c34945ba9c8cebf5,True,bayesian_windowed_memory_off,A3 Ablation) Posterior Memory Off,False,500,500,0,0.0,500,489,0,0.978,0.978,0.8843371039042777,2.1002111020841325,381.71,417.0,71.14557483402314,500,0,0,0,0,1.0,0.0,0.0,0.0,0.0,1.0,27.652,0.0,0.0,0.0,0.0,0.0,,0.0,0.0,59.480176368611865,11.10225445474498,0.0,0.5604113016161136,71.14284212497296,59.480176368611865,0.5604113016161136
20260909_112655_937821,3f2b5a8fb3fffdab239693207bcaa7d708d20a0bb6324163a8c1741f478b736b,56,2187632447,2395032876,2187632447,16,500,50,60,5,30,10.0,120,current,Optimized Pattern Generator,dynamic_session,Dynamic Session Pattern Assignment,50,6,360,da08701f33c67af0d64c8381f2fdaa08c2e5f80aa5369171f0752d4b1dda2843,50,6.0,41.31265306122449,1.0,1.0,True,20,6,30,3699990497,9a1f2156e5ebc7b227a4077f8c23c6702b155de6234c6163c34945ba9c8cebf5,True,bayesian_windowed_timeprior_off,A3 Ablation) Time Prior Off,False,500,500,0,0.0,500,493,0,0.986,0.986,0.5306596904265973,1.6399651177347223,381.71,417.0,71.02524695801549,500,0,0,0,0,1.0,0.0,0.0,0.0,0.0,1.0,27.652,0.0,0.0,0.0,0.0,0.0,,0.0,0.0,59.345909704687074,11.103663130721543,0.0,0.5730766225606203,71.02264945796924,59.345909704687074,0.5730766225606203
20260909_112655_937821,3f2b5a8fb3fffdab239693207bcaa7d708d20a0bb6324163a8c1741f478b736b,56,2187632447,433795930,2187632447,16,500,50,60,5,30,10.0,120,current,Optimized Pattern Generator,dynamic_session,Dynamic Session Pattern Assignment,50,6,360,da08701f33c67af0d64c8381f2fdaa08c2e5f80aa5369171f0752d4b1dda2843,50,6.0,41.31265306122449,1.0,1.0,True,20,6,30,3699990497,9a1f2156e5ebc7b227a4077f8c23c6702b155de6234c6163c34945ba9c8cebf5,True,bayesian_windowed_all_off,A3 Ablation) Time Prior + Memory Off,False,500,500,0,0.0,500,488,0,0.976,0.976,0.8863429524575581,2.1032948397339415,381.71,417.0,71.1908096250263,500,0,0,0,0,1.0,0.0,0.0,0.0,0.0,1.0,27.652,0.0,0.0,0.0,0.0,0.0,,0.0,0.0,59.46180175570771,11.14699741388904,0.0,0.5790833304054104,71.18788250000216,59.46180175570771,0.5790833304054104
20260909_112655_937821,3f2b5a8fb3fffdab239693207bcaa7d708d20a0bb6324163a8c1741f478b736b,57,2187632448,1233724908,2187632448,17,500,50,60,5,30,10.0,120,current,Optimized Pattern Generator,dynamic_session,Dynamic Session Pattern Assignment,50,6,360,576508f77d0899c67c1e00cc9330bf28eebde2c278a20da818d52e253a24aec4,50,8.0,42.499591836734695,1.0,1.0,True,20,6,30,3699990430,ed6d19bf133bd15282210eb75381cfc9f5c9cbab621baed5d01632ebf272c7b7,True,single_only,A1) Refined Cost + Greedy 1:1,True,500,500,0,0.0,500,486,0,0.972,0.972,0.869196997150372,2.6455873420230462,378.61,396.1,75.00925708300201,500,0,0,0,0,1.0,0.0,0.0,0.0,0.0,1.0,28.548,0.0,0.0,0.0,0.0,0.0,,0.0,0.0,61.21193991380278,13.20369930419838,0.0,0.5908435320015997,75.00648275000276,61.21193991380278,0.5908435320015997
20260909_112655_937821,3f2b5a8fb3fffdab239693207bcaa7d708d20a0bb6324163a8c1741f478b736b,57,2187632448,1545686486,2187632448,17,500,50,60,5,30,10.0,120,current,Optimized Pattern Generator,dynamic_session,Dynamic Session Pattern Assignment,50,6,360,576508f77d0899c67c1e00cc9330bf28eebde2c278a20da818d52e253a24aec4,50,8.0,42.499591836734695,1.0,1.0,True,20,6,30,3699990430,ed6d19bf133bd15282210eb75381cfc9f5c9cbab621baed5d01632ebf272c7b7,True,single_only_dtw_off,A1 Ablation) DTW Off,False,500,500,0,0.0,500,460,0,0.92,0.92,0.7869936081333334,2.113333443333334,378.61,396.1,75.14117099996656,500,0,0,0,0,1.0,0.0,0.0,0.0,0.0,1.0,28.548,0.0,0.0,0.0,0.0,0.0,,0.0,0.0,61.271866183378734,13.300375061342493,0.0,0.5662693382473662,75.13851058296859,61.271866183378734,0.5662693382473662
20260909_112655_937821,3f2b5a8fb3fffdab239693207bcaa7d708d20a0bb6324163a8c1741f478b736b,57,2187632448,866312230,2187632448,17,500,50,60,5,30,10.0,120,current,Optimized Pattern Generator,dynamic_session,Dynamic Session Pattern Assignment,50,6,360,576508f77d0899c67c1e00cc9330bf28eebde2c278a20da818d52e253a24aec4,50,8.0,42.499591836734695,1.0,1.0,True,20,6,30,3699990430,ed6d19bf133bd15282210eb75381cfc9f5c9cbab621baed5d01632ebf272c7b7,True,single_only_step_off,A1 Ablation) Step Signature Off,False,500,500,0,0.0,500,499,0,0.998,0.998,0.06458058017531855,0.2623501005267515,378.61,396.1,75.53159729100298,500,0,0,0,0,1.0,0.0,0.0,0.0,0.0,1.0,28.548,0.0,0.0,0.0,0.0,0.0,,0.0,0.0,61.58050434169127,13.374984799942467,0.0,0.5735333993798122,75.52902254101355,61.58050434169127,0.5735333993798122
20260909_112655_937821,3f2b5a8fb3fffdab239693207bcaa7d708d20a0bb6324163a8c1741f478b736b,57,2187632448,1815193714,2187632448,17,500,50,60,5,30,10.0,120,current,Optimized Pattern Generator,dynamic_session,Dynamic Session Pattern Assignment,50,6,360,576508f77d0899c67c1e00cc9330bf28eebde2c278a20da818d52e253a24aec4,50,8.0,42.499591836734695,1.0,1.0,True,20,6,30,3699990430,ed6d19bf133bd15282210eb75381cfc9f5c9cbab621baed5d01632ebf272c7b7,True,single_only_all_off,A1 Ablation) All Waveform Terms Off,False,500,500,0,0.0,500,364,0,0.728,0.728,1.0950002669,7.8000000400000005,378.61,396.1,61.61975529202027,500,0,0,0,0,1.0,0.0,0.0,0.0,0.0,1.0,28.548,0.0,0.0,0.0,0.0,0.0,,0.0,0.0,61.01434429385699,0.03453592263394967,0.0,0.5681414495338686,61.61702166602481,61.01434429385699,0.5681414495338686
20260909_112655_937821,3f2b5a8fb3fffdab239693207bcaa7d708d20a0bb6324163a8c1741f478b736b,57,2187632448,2184921449,2187632448,17,500,50,60,5,30,10.0,120,current,Optimized Pattern Generator,dynamic_session,Dynamic Session Pattern Assignment,50,6,360,576508f77d0899c67c1e00cc9330bf28eebde2c278a20da818d52e253a24aec4,50,8.0,42.499591836734695,1.0,1.0,True,20,6,30,3699990430,ed6d19bf133bd15282210eb75381cfc9f5c9cbab621baed5d01632ebf272c7b7,True,nomura_original_interval_hungarian,A2) Corr+DTW + Hungarian,False,500,500,0,0.0,500,499,0,0.998,0.998,0.060843654080899555,0.21415460066433123,378.61,396.1,96.06707099999767,500,0,0,0,0,1.0,0.0,0.0,0.0,0.0,1.0,28.548,0.0,0.0,0.0,0.0,0.0,,0.0,0.0,61.43951779435156,34.03843008237891,0.0,0.5864237482310273,96.0643716249615,61.43951779435156,0.5864237482310273
20260909_112655_937821,3f2b5a8fb3fffdab239693207bcaa7d708d20a0bb6324163a8c1741f478b736b,57,2187632448,2176353795,2187632448,17,500,50,60,5,30,10.0,120,current,Optimized Pattern Generator,dynamic_session,Dynamic Session Pattern Assignment,50,6,360,576508f77d0899c67c1e00cc9330bf28eebde2c278a20da818d52e253a24aec4,50,8.0,42.499591836734695,1.0,1.0,True,20,6,30,3699990430,ed6d19bf133bd15282210eb75381cfc9f5c9cbab621baed5d01632ebf272c7b7,True,nomura_original_interval_hungarian_dtw_off,A2 Ablation) DTW Off (Corr-only),False,500,500,0,0.0,500,485,0,0.97,0.97,0.05833681291168869,0.18783362509179904,378.61,396.1,96.05079441599082,500,0,0,0,0,1.0,0.0,0.0,0.0,0.0,1.0,28.548,0.0,0.0,0.0,0.0,0.0,,0.0,0.0,61.466575791011564,33.99858809111174,0.0,0.5830682008527219,96.04823208297603,61.466575791011564,0.5830682008527219
20260909_112655_937821,3f2b5a8fb3fffdab239693207bcaa7d708d20a0bb6324163a8c1741f478b736b,57,2187632448,1055930991,2187632448,17,500,50,60,5,30,10.0,120,current,Optimized Pattern Generator,dynamic_session,Dynamic Session Pattern Assignment,50,6,360,576508f77d0899c67c1e00cc9330bf28eebde2c278a20da818d52e253a24aec4,50,8.0,42.499591836734695,1.0,1.0,True,20,6,30,3699990430,ed6d19bf133bd15282210eb75381cfc9f5c9cbab621baed5d01632ebf272c7b7,True,nomura_original_interval_hungarian_corr_off,A2 Ablation) Corr Off (DTW-only),False,500,500,0,0.0,500,479,0,0.958,0.958,0.0008580138380479662,0.10287185233499029,378.61,396.1,95.89182445895858,500,0,0,0,0,1.0,0.0,0.0,0.0,0.0,1.0,28.548,0.0,0.0,0.0,0.0,0.0,,0.0,0.0,61.35378891933942,33.95530148316175,0.0,0.5800983894732781,95.88918879197445,61.35378891933942,0.5800983894732781
20260909_112655_937821,3f2b5a8fb3fffdab239693207bcaa7d708d20a0bb6324163a8c1741f478b736b,57,2187632448,542446084,2187632448,17,500,50,60,5,30,10.0,120,current,Optimized Pattern Generator,dynamic_session,Dynamic Session Pattern Assignment,50,6,360,576508f77d0899c67c1e00cc9330bf28eebde2c278a20da818d52e253a24aec4,50,8.0,42.499591836734695,1.0,1.0,True,20,6,30,3699990430,ed6d19bf133bd15282210eb75381cfc9f5c9cbab621baed5d01632ebf272c7b7,True,nomura_original_interval_hungarian_all_off,A2 Ablation) All Waveform Terms Off,False,500,500,0,0.0,500,364,0,0.728,0.728,1.0950002669,7.8000000400000005,378.61,396.1,62.00271845795214,500,0,0,0,0,1.0,0.0,0.0,0.0,0.0,1.0,28.548,0.0,0.0,0.0,0.0,0.0,,0.0,0.0,61.39218160219025,0.03502695553470403,0.0,0.5728907752782106,62.00009933300316,61.39218160219025,0.5728907752782106
20260909_112655_937821,3f2b5a8fb3fffdab239693207bcaa7d708d20a0bb6324163a8c1741f478b736b,57,2187632448,1367392885,2187632448,17,500,50,60,5,30,10.0,120,current,Optimized Pattern Generator,dynamic_session,Dynamic Session Pattern Assignment,50,6,360,576508f77d0899c67c1e00cc9330bf28eebde2c278a20da818d52e253a24aec4,50,8.0,42.499591836734695,1.0,1.0,True,20,6,30,3699990430,ed6d19bf133bd15282210eb75381cfc9f5c9cbab621baed5d01632ebf272c7b7,True,bayesian_windowed,A3) Two-Stage Bayesian Posterior + Hungarian,False,500,500,0,0.0,500,494,0,0.988,0.988,0.5641143460023369,1.7854524659999778,378.61,396.1,73.56810058298288,500,0,0,0,0,1.0,0.0,0.0,0.0,0.0,1.0,28.548,0.0,0.0,0.0,0.0,0.0,,0.0,0.0,61.48873971198918,11.494843712309375,0.0,0.5816282416926697,73.56521166599123,61.48873971198918,0.5816282416926697
20260909_112655_937821,3f2b5a8fb3fffdab239693207bcaa7d708d20a0bb6324163a8c1741f478b736b,57,2187632448,1977915875,2187632448,17,500,50,60,5,30,10.0,120,current,Optimized Pattern Generator,dynamic_session,Dynamic Session Pattern Assignment,50,6,360,576508f77d0899c67c1e00cc9330bf28eebde2c278a20da818d52e253a24aec4,50,8.0,42.499591836734695,1.0,1.0,True,20,6,30,3699990430,ed6d19bf133bd15282210eb75381cfc9f5c9cbab621baed5d01632ebf272c7b7,True,bayesian_windowed_memory_off,A3 Ablation) Posterior Memory Off,False,500,500,0,0.0,500,487,0,0.974,0.974,0.9373875660856329,2.0799045872511677,378.61,396.1,73.69781800004421,500,0,0,0,0,1.0,0.0,0.0,0.0,0.0,1.0,28.548,0.0,0.0,0.0,0.0,0.0,,0.0,0.0,61.584914454375394,11.538711927249096,0.0,0.5713434513891116,73.6949698330136,61.584914454375394,0.5713434513891116
20260909_112655_937821,3f2b5a8fb3fffdab239693207bcaa7d708d20a0bb6324163a8c1741f478b736b,57,2187632448,2395032915,2187632448,17,500,50,60,5,30,10.0,120,current,Optimized Pattern Generator,dynamic_session,Dynamic Session Pattern Assignment,50,6,360,576508f77d0899c67c1e00cc9330bf28eebde2c278a20da818d52e253a24aec4,50,8.0,42.499591836734695,1.0,1.0,True,20,6,30,3699990430,ed6d19bf133bd15282210eb75381cfc9f5c9cbab621baed5d01632ebf272c7b7,True,bayesian_windowed_timeprior_off,A3 Ablation) Time Prior Off,False,500,500,0,0.0,500,493,0,0.986,0.986,0.5685685712265052,1.7944274864683756,378.61,396.1,73.2561561660259,500,0,0,0,0,1.0,0.0,0.0,0.0,0.0,1.0,28.548,0.0,0.0,0.0,0.0,0.0,,0.0,0.0,61.204750700620934,11.468472965701949,0.0,0.580148208711762,73.25337187503465,61.204750700620934,0.580148208711762
20260909_112655_937821,3f2b5a8fb3fffdab239693207bcaa7d708d20a0bb6324163a8c1741f478b736b,57,2187632448,433795877,2187632448,17,500,50,60,5,30,10.0,120,current,Optimized Pattern Generator,dynamic_session,Dynamic Session Pattern Assignment,50,6,360,576508f77d0899c67c1e00cc9330bf28eebde2c278a20da818d52e253a24aec4,50,8.0,42.499591836734695,1.0,1.0,True,20,6,30,3699990430,ed6d19bf133bd15282210eb75381cfc9f5c9cbab621baed5d01632ebf272c7b7,True,bayesian_windowed_all_off,A3 Ablation) Time Prior + Memory Off,False,500,500,0,0.0,500,486,0,0.972,0.972,0.9391371350142663,2.0850458860652097,378.61,396.1,73.53308558301069,500,0,0,0,0,1.0,0.0,0.0,0.0,0.0,1.0,28.548,0.0,0.0,0.0,0.0,0.0,,0.0,0.0,61.454498285020236,11.50552212598268,0.0,0.5703664640313946,73.53038687503431,61.454498285020236,0.5703664640313946
20260909_112655_937821,3f2b5a8fb3fffdab239693207bcaa7d708d20a0bb6324163a8c1741f478b736b,58,2187632449,1233724909,2187632449,18,500,50,60,5,30,10.0,120,current,Optimized Pattern Generator,dynamic_session,Dynamic Session Pattern Assignment,50,6,360,3ff560f7f3edb12738d57107991f7787c1d70e765d2bae1044bdb74ae823798e,50,8.0,40.55183673469388,1.0,1.0,True,20,6,30,3699990431,4b6b5a58735a78271867f0645be6417ab9f14a5558d5b2ab09080033c0fd8d74,True,single_only,A1) Refined Cost + Greedy 1:1,True,500,500,0,0.0,500,486,0,0.972,0.972,0.8616952534927937,2.881246138284843,380.498,415.0,74.04204349999782,500,0,0,0,0,1.0,0.0,0.0,0.0,0.0,1.0,27.744,0.0,0.0,0.0,0.0,0.0,,0.0,0.0,60.531281468167435,12.931863496778533,0.0,0.5762781190569513,74.03942308400292,60.531281468167435,0.5762781190569513
20260909_112655_937821,3f2b5a8fb3fffdab239693207bcaa7d708d20a0bb6324163a8c1741f478b736b,58,2187632449,1545686487,2187632449,18,500,50,60,5,30,10.0,120,current,Optimized Pattern Generator,dynamic_session,Dynamic Session Pattern Assignment,50,6,360,3ff560f7f3edb12738d57107991f7787c1d70e765d2bae1044bdb74ae823798e,50,8.0,40.55183673469388,1.0,1.0,True,20,6,30,3699990431,4b6b5a58735a78271867f0645be6417ab9f14a5558d5b2ab09080033c0fd8d74,True,single_only_dtw_off,A1 Ablation) DTW Off,False,500,500,0,0.0,500,446,0,0.892,0.892,0.7769736100533334,2.136666826666667,380.498,415.0,74.06452612503199,500,0,0,0,0,1.0,0.0,0.0,0.0,0.0,1.0,27.744,0.0,0.0,0.0,0.0,0.0,,0.0,0.0,60.45815791422501,13.029705713386647,0.0,0.5739413303672336,74.0618049579789,60.45815791422501,0.5739413303672336
20260909_112655_937821,3f2b5a8fb3fffdab239693207bcaa7d708d20a0bb6324163a8c1741f478b736b,58,2187632449,866312231,2187632449,18,500,50,60,5,30,10.0,120,current,Optimized Pattern Generator,dynamic_session,Dynamic Session Pattern Assignment,50,6,360,3ff560f7f3edb12738d57107991f7787c1d70e765d2bae1044bdb74ae823798e,50,8.0,40.55183673469388,1.0,1.0,True,20,6,30,3699990431,4b6b5a58735a78271867f0645be6417ab9f14a5558d5b2ab09080033c0fd8d74,True,single_only_step_off,A1 Ablation) Step Signature Off,False,500,500,0,0.0,500,495,0,0.99,0.99,0.06119994095876346,0.3849770336238573,380.498,415.0,73.72250445804093,500,0,0,0,0,1.0,0.0,0.0,0.0,0.0,1.0,27.744,0.0,0.0,0.0,0.0,0.0,,0.0,0.0,60.16341575374827,12.981728291430045,0.0,0.5747601628536358,73.71990420803195,60.16341575374827,0.5747601628536358
20260909_112655_937821,3f2b5a8fb3fffdab239693207bcaa7d708d20a0bb6324163a8c1741f478b736b,58,2187632449,1815193715,2187632449,18,500,50,60,5,30,10.0,120,current,Optimized Pattern Generator,dynamic_session,Dynamic Session Pattern Assignment,50,6,360,3ff560f7f3edb12738d57107991f7787c1d70e765d2bae1044bdb74ae823798e,50,8.0,40.55183673469388,1.0,1.0,True,20,6,30,3699990431,4b6b5a58735a78271867f0645be6417ab9f14a5558d5b2ab09080033c0fd8d74,True,single_only_all_off,A1 Ablation) All Waveform Terms Off,False,500,500,0,0.0,500,335,0,0.67,0.67,1.14480027948,7.40000049,380.498,415.0,60.191536083002575,500,0,0,0,0,1.0,0.0,0.0,0.0,0.0,1.0,27.744,0.0,0.0,0.0,0.0,0.0,,0.0,0.0,59.57381014554994,0.03445255267433822,0.0,0.5807034677709453,60.188966165995225,59.57381014554994,0.5807034677709453
20260909_112655_937821,3f2b5a8fb3fffdab239693207bcaa7d708d20a0bb6324163a8c1741f478b736b,58,2187632449,2184921448,2187632449,18,500,50,60,5,30,10.0,120,current,Optimized Pattern Generator,dynamic_session,Dynamic Session Pattern Assignment,50,6,360,3ff560f7f3edb12738d57107991f7787c1d70e765d2bae1044bdb74ae823798e,50,8.0,40.55183673469388,1.0,1.0,True,20,6,30,3699990431,4b6b5a58735a78271867f0645be6417ab9f14a5558d5b2ab09080033c0fd8d74,True,nomura_original_interval_hungarian,A2) Corr+DTW + Hungarian,False,500,500,0,0.0,500,499,0,0.998,0.998,0.05710093683469772,0.23495990317490623,380.498,415.0,94.06639883300522,500,0,0,0,0,1.0,0.0,0.0,0.0,0.0,1.0,27.744,0.0,0.0,0.0,0.0,0.0,,0.0,0.0,60.31017016439,33.17439137690235,0.0,0.5792374587035738,94.06379899999592,60.31017016439,0.5792374587035738
20260909_112655_937821,3f2b5a8fb3fffdab239693207bcaa7d708d20a0bb6324163a8c1741f478b736b,58,2187632449,2176353794,2187632449,18,500,50,60,5,30,10.0,120,current,Optimized Pattern Generator,dynamic_session,Dynamic Session Pattern Assignment,50,6,360,3ff560f7f3edb12738d57107991f7787c1d70e765d2bae1044bdb74ae823798e,50,8.0,40.55183673469388,1.0,1.0,True,20,6,30,3699990431,4b6b5a58735a78271867f0645be6417ab9f14a5558d5b2ab09080033c0fd8d74,True,nomura_original_interval_hungarian_dtw_off,A2 Ablation) DTW Off (Corr-only),False,500,500,0,0.0,500,479,0,0.958,0.958,0.054339449615879484,0.19209649639014167,380.498,415.0,93.64662929199403,500,0,0,0,0,1.0,0.0,0.0,0.0,0.0,1.0,27.744,0.0,0.0,0.0,0.0,0.0,,0.0,0.0,60.10077137994813,32.958236553531606,0.0,0.5848758575157262,93.64388379099546,60.10077137994813,0.5848758575157262
20260909_112655_937821,3f2b5a8fb3fffdab239693207bcaa7d708d20a0bb6324163a8c1741f478b736b,58,2187632449,1055930990,2187632449,18,500,50,60,5,30,10.0,120,current,Optimized Pattern Generator,dynamic_session,Dynamic Session Pattern Assignment,50,6,360,3ff560f7f3edb12738d57107991f7787c1d70e765d2bae1044bdb74ae823798e,50,8.0,40.55183673469388,1.0,1.0,True,20,6,30,3699990431,4b6b5a58735a78271867f0645be6417ab9f14a5558d5b2ab09080033c0fd8d74,True,nomura_original_interval_hungarian_corr_off,A2 Ablation) Corr Off (DTW-only),False,500,500,0,0.0,500,486,0,0.972,0.972,0.0011635005819816194,0.08327744226058927,380.498,415.0,93.93124491599156,500,0,0,0,0,1.0,0.0,0.0,0.0,0.0,1.0,27.744,0.0,0.0,0.0,0.0,0.0,,0.0,0.0,60.21222621068591,33.129308123723604,0.0,0.5871401245822199,93.92867445899174,60.21222621068591,0.5871401245822199
20260909_112655_937821,3f2b5a8fb3fffdab239693207bcaa7d708d20a0bb6324163a8c1741f478b736b,58,2187632449,542446085,2187632449,18,500,50,60,5,30,10.0,120,current,Optimized Pattern Generator,dynamic_session,Dynamic Session Pattern Assignment,50,6,360,3ff560f7f3edb12738d57107991f7787c1d70e765d2bae1044bdb74ae823798e,50,8.0,40.55183673469388,1.0,1.0,True,20,6,30,3699990431,4b6b5a58735a78271867f0645be6417ab9f14a5558d5b2ab09080033c0fd8d74,True,nomura_original_interval_hungarian_all_off,A2 Ablation) All Waveform Terms Off,False,500,500,0,0.0,500,335,0,0.67,0.67,1.14480027948,7.40000049,380.498,415.0,60.24244620796526,500,0,0,0,0,1.0,0.0,0.0,0.0,0.0,1.0,27.744,0.0,0.0,0.0,0.0,0.0,,0.0,0.0,59.62910692411242,0.03431713761528954,0.0,0.5763911472749896,60.2398152090027,59.62910692411242,0.5763911472749896
20260909_112655_937821,3f2b5a8fb3fffdab239693207bcaa7d708d20a0bb6324163a8c1741f478b736b,58,2187632449,1367392884,2187632449,18,500,50,60,5,30,10.0,120,current,Optimized Pattern Generator,dynamic_session,Dynamic Session Pattern Assignment,50,6,360,3ff560f7f3edb12738d57107991f7787c1d70e765d2bae1044bdb74ae823798e,50,8.0,40.55183673469388,1.0,1.0,True,20,6,30,3699990431,4b6b5a58735a78271867f0645be6417ab9f14a5558d5b2ab09080033c0fd8d74,True,bayesian_windowed,A3) Two-Stage Bayesian Posterior + Hungarian,False,500,500,0,0.0,500,492,0,0.984,0.984,0.6181127497306258,1.9823817564867632,380.498,415.0,72.0399517089827,500,0,0,0,0,1.0,0.0,0.0,0.0,0.0,1.0,27.744,0.0,0.0,0.0,0.0,0.0,,0.0,0.0,60.21426986990264,11.244585378968623,0.0,0.5784667511470616,72.03732200001832,60.21426986990264,0.5784667511470616
20260909_112655_937821,3f2b5a8fb3fffdab239693207bcaa7d708d20a0bb6324163a8c1741f478b736b,58,2187632449,1977915874,2187632449,18,500,50,60,5,30,10.0,120,current,Optimized Pattern Generator,dynamic_session,Dynamic Session Pattern Assignment,50,6,360,3ff560f7f3edb12738d57107991f7787c1d70e765d2bae1044bdb74ae823798e,50,8.0,40.55183673469388,1.0,1.0,True,20,6,30,3699990431,4b6b5a58735a78271867f0645be6417ab9f14a5558d5b2ab09080033c0fd8d74,True,bayesian_windowed_memory_off,A3 Ablation) Posterior Memory Off,False,500,500,0,0.0,500,486,0,0.972,0.972,0.9775611317162893,2.299228113822574,380.498,415.0,71.57673833298031,500,0,0,0,0,1.0,0.0,0.0,0.0,0.0,1.0,27.744,0.0,0.0,0.0,0.0,0.0,,0.0,0.0,59.7962096236879,11.19259991828585,0.0,0.5851960000582039,71.57400554203195,59.7962096236879,0.5851960000582039
20260909_112655_937821,3f2b5a8fb3fffdab239693207bcaa7d708d20a0bb6324163a8c1741f478b736b,58,2187632449,2395032914,2187632449,18,500,50,60,5,30,10.0,120,current,Optimized Pattern Generator,dynamic_session,Dynamic Session Pattern Assignment,50,6,360,3ff560f7f3edb12738d57107991f7787c1d70e765d2bae1044bdb74ae823798e,50,8.0,40.55183673469388,1.0,1.0,True,20,6,30,3699990431,4b6b5a58735a78271867f0645be6417ab9f14a5558d5b2ab09080033c0fd8d74,True,bayesian_windowed_timeprior_off,A3 Ablation) Time Prior Off,False,500,500,0,0.0,500,490,0,0.98,0.98,0.623268366601805,2.0201092110603045,380.498,415.0,71.63471537502483,500,0,0,0,0,1.0,0.0,0.0,0.0,0.0,1.0,27.744,0.0,0.0,0.0,0.0,0.0,,0.0,0.0,59.85683421505382,11.199937213619705,0.0,0.5753451133496128,71.63211654202314,59.85683421505382,0.5753451133496128
20260909_112655_937821,3f2b5a8fb3fffdab239693207bcaa7d708d20a0bb6324163a8c1741f478b736b,58,2187632449,433795876,2187632449,18,500,50,60,5,30,10.0,120,current,Optimized Pattern Generator,dynamic_session,Dynamic Session Pattern Assignment,50,6,360,3ff560f7f3edb12738d57107991f7787c1d70e765d2bae1044bdb74ae823798e,50,8.0,40.55183673469388,1.0,1.0,True,20,6,30,3699990431,4b6b5a58735a78271867f0645be6417ab9f14a5558d5b2ab09080033c0fd8d74,True,bayesian_windowed_all_off,A3 Ablation) Time Prior + Memory Off,False,500,500,0,0.0,500,486,0,0.972,0.972,0.9793223821626391,2.3168500399490464,380.498,415.0,71.64671791600995,500,0,0,0,0,1.0,0.0,0.0,0.0,0.0,1.0,27.744,0.0,0.0,0.0,0.0,0.0,,0.0,0.0,59.918487921124324,11.15101477567805,0.0,0.5746168871992268,71.6441195840016,59.918487921124324,0.5746168871992268
20260909_112655_937821,3f2b5a8fb3fffdab239693207bcaa7d708d20a0bb6324163a8c1741f478b736b,59,2187632450,1233724910,2187632450,19,500,50,60,5,30,10.0,120,current,Optimized Pattern Generator,dynamic_session,Dynamic Session Pattern Assignment,50,6,360,e70745b8d612d1f30e666e6119b6bd4a5a5d4dba157784d7eb012b61525f2dbc,50,7.0,41.12244897959184,1.0,1.0,True,20,6,30,3699990428,a1151babd480943bbefc95f412b5c0451e762f34eda2ca387d3a27dcc6a44eac,True,single_only,A1) Refined Cost + Greedy 1:1,True,500,500,0,0.0,500,491,0,0.982,0.982,0.8903015540486461,3.1970251752418513,381.644,417.1,75.41127337503713,500,0,0,0,0,1.0,0.0,0.0,0.0,0.0,1.0,28.564,0.0,0.0,0.0,0.0,0.0,,0.0,0.0,61.59940272173844,13.233971133246087,0.0,0.5751375620020553,75.40851141698658,61.59940272173844,0.5751375620020553
20260909_112655_937821,3f2b5a8fb3fffdab239693207bcaa7d708d20a0bb6324163a8c1741f478b736b,59,2187632450,1545686484,2187632450,19,500,50,60,5,30,10.0,120,current,Optimized Pattern Generator,dynamic_session,Dynamic Session Pattern Assignment,50,6,360,e70745b8d612d1f30e666e6119b6bd4a5a5d4dba157784d7eb012b61525f2dbc,50,7.0,41.12244897959184,1.0,1.0,True,20,6,30,3699990428,a1151babd480943bbefc95f412b5c0451e762f34eda2ca387d3a27dcc6a44eac,True,single_only_dtw_off,A1 Ablation) DTW Off,False,500,500,0,0.0,500,454,0,0.908,0.908,0.8079002870599999,2.3800002200000003,381.644,417.1,75.42126974998973,500,0,0,0,0,1.0,0.0,0.0,0.0,0.0,1.0,28.564,0.0,0.0,0.0,0.0,0.0,,0.0,0.0,61.61699143075384,13.228357214364223,0.0,0.5733213548664935,75.41866999998456,61.61699143075384,0.5733213548664935
20260909_112655_937821,3f2b5a8fb3fffdab239693207bcaa7d708d20a0bb6324163a8c1741f478b736b,59,2187632450,866312228,2187632450,19,500,50,60,5,30,10.0,120,current,Optimized Pattern Generator,dynamic_session,Dynamic Session Pattern Assignment,50,6,360,e70745b8d612d1f30e666e6119b6bd4a5a5d4dba157784d7eb012b61525f2dbc,50,7.0,41.12244897959184,1.0,1.0,True,20,6,30,3699990428,a1151babd480943bbefc95f412b5c0451e762f34eda2ca387d3a27dcc6a44eac,True,single_only_step_off,A1 Ablation) Step Signature Off,False,500,500,0,0.0,500,498,0,0.996,0.996,0.060208737601106926,0.32513335349544054,381.644,417.1,75.90927145798923,500,0,0,0,0,1.0,0.0,0.0,0.0,0.0,1.0,28.564,0.0,0.0,0.0,0.0,0.0,,0.0,0.0,61.9966270281584,13.326420252036769,0.0,0.5836202618083917,75.90666754200356,61.9966270281584,0.5836202618083917
20260909_112655_937821,3f2b5a8fb3fffdab239693207bcaa7d708d20a0bb6324163a8c1741f478b736b,59,2187632450,1815193712,2187632450,19,500,50,60,5,30,10.0,120,current,Optimized Pattern Generator,dynamic_session,Dynamic Session Pattern Assignment,50,6,360,e70745b8d612d1f30e666e6119b6bd4a5a5d4dba157784d7eb012b61525f2dbc,50,7.0,41.12244897959184,1.0,1.0,True,20,6,30,3699990428,a1151babd480943bbefc95f412b5c0451e762f34eda2ca387d3a27dcc6a44eac,True,single_only_all_off,A1 Ablation) All Waveform Terms Off,False,500,500,0,0.0,500,346,0,0.692,0.692,1.23360028952,8.50000018,381.644,417.1,62.25343966600485,500,0,0,0,0,1.0,0.0,0.0,0.0,0.0,1.0,28.564,0.0,0.0,0.0,0.0,0.0,,0.0,0.0,61.650864050374366,0.03489484073361382,0.0,0.5650825249031186,62.2508414160111,61.650864050374366,0.5650825249031186
20260909_112655_937821,3f2b5a8fb3fffdab239693207bcaa7d708d20a0bb6324163a8c1741f478b736b,59,2187632450,2184921451,2187632450,19,500,50,60,5,30,10.0,120,current,Optimized Pattern Generator,dynamic_session,Dynamic Session Pattern Assignment,50,6,360,e70745b8d612d1f30e666e6119b6bd4a5a5d4dba157784d7eb012b61525f2dbc,50,7.0,41.12244897959184,1.0,1.0,True,20,6,30,3699990428,a1151babd480943bbefc95f412b5c0451e762f34eda2ca387d3a27dcc6a44eac,True,nomura_original_interval_hungarian,A2) Corr+DTW + Hungarian,False,500,500,0,0.0,500,499,0,0.998,0.998,0.05543149840588311,0.20757955520718666,381.644,417.1,96.58926012500888,500,0,0,0,0,1.0,0.0,0.0,0.0,0.0,1.0,28.564,0.0,0.0,0.0,0.0,0.0,,0.0,0.0,62.0198035420035,33.99732312967535,0.0,0.5694837862974964,96.58661045797635,62.0198035420035,0.5694837862974964
20260909_112655_937821,3f2b5a8fb3fffdab239693207bcaa7d708d20a0bb6324163a8c1741f478b736b,59,2187632450,2176353793,2187632450,19,500,50,60,5,30,10.0,120,current,Optimized Pattern Generator,dynamic_session,Dynamic Session Pattern Assignment,50,6,360,e70745b8d612d1f30e666e6119b6bd4a5a5d4dba157784d7eb012b61525f2dbc,50,7.0,41.12244897959184,1.0,1.0,True,20,6,30,3699990428,a1151babd480943bbefc95f412b5c0451e762f34eda2ca387d3a27dcc6a44eac,True,nomura_original_interval_hungarian_dtw_off,A2 Ablation) DTW Off (Corr-only),False,500,500,0,0.0,500,489,0,0.978,0.978,0.05344144679065404,0.19263265982010788,381.644,417.1,95.88586012501037,500,0,0,0,0,1.0,0.0,0.0,0.0,0.0,1.0,28.564,0.0,0.0,0.0,0.0,0.0,,0.0,0.0,61.5286789315287,33.77390890655806,0.0,0.5804769959067926,95.88306483399356,61.5286789315287,0.5804769959067926
20260909_112655_937821,3f2b5a8fb3fffdab239693207bcaa7d708d20a0bb6324163a8c1741f478b736b,59,2187632450,1055930989,2187632450,19,500,50,60,5,30,10.0,120,current,Optimized Pattern Generator,dynamic_session,Dynamic Session Pattern Assignment,50,6,360,e70745b8d612d1f30e666e6119b6bd4a5a5d4dba157784d7eb012b61525f2dbc,50,7.0,41.12244897959184,1.0,1.0,True,20,6,30,3699990428,a1151babd480943bbefc95f412b5c0451e762f34eda2ca387d3a27dcc6a44eac,True,nomura_original_interval_hungarian_corr_off,A2 Ablation) Corr Off (DTW-only),False,500,500,0,0.0,500,485,0,0.97,0.97,0.0010282419304789737,0.07268976214269338,381.644,417.1,95.98248508299002,500,0,0,0,0,1.0,0.0,0.0,0.0,0.0,1.0,28.564,0.0,0.0,0.0,0.0,0.0,,0.0,0.0,61.552485372521915,33.860110792156775,0.0,0.5671975433360785,95.97979370801477,61.552485372521915,0.5671975433360785
20260909_112655_937821,3f2b5a8fb3fffdab239693207bcaa7d708d20a0bb6324163a8c1741f478b736b,59,2187632450,542446086,2187632450,19,500,50,60,5,30,10.0,120,current,Optimized Pattern Generator,dynamic_session,Dynamic Session Pattern Assignment,50,6,360,e70745b8d612d1f30e666e6119b6bd4a5a5d4dba157784d7eb012b61525f2dbc,50,7.0,41.12244897959184,1.0,1.0,True,20,6,30,3699990428,a1151babd480943bbefc95f412b5c0451e762f34eda2ca387d3a27dcc6a44eac,True,nomura_original_interval_hungarian_all_off,A2 Ablation) All Waveform Terms Off,False,500,500,0,0.0,500,346,0,0.692,0.692,1.23360028952,8.50000018,381.644,417.1,61.275490332976915,500,0,0,0,0,1.0,0.0,0.0,0.0,0.0,1.0,28.564,0.0,0.0,0.0,0.0,0.0,,0.0,0.0,60.66646570817102,0.03440094651887193,0.0,0.5719660533359274,61.27283270802582,60.66646570817102,0.5719660533359274
20260909_112655_937821,3f2b5a8fb3fffdab239693207bcaa7d708d20a0bb6324163a8c1741f478b736b,59,2187632450,1367392887,2187632450,19,500,50,60,5,30,10.0,120,current,Optimized Pattern Generator,dynamic_session,Dynamic Session Pattern Assignment,50,6,360,e70745b8d612d1f30e666e6119b6bd4a5a5d4dba157784d7eb012b61525f2dbc,50,7.0,41.12244897959184,1.0,1.0,True,20,6,30,3699990428,a1151babd480943bbefc95f412b5c0451e762f34eda2ca387d3a27dcc6a44eac,True,bayesian_windowed,A3) Two-Stage Bayesian Posterior + Hungarian,False,500,500,0,0.0,500,491,0,0.982,0.982,0.5830214690616352,2.0311148910697154,381.644,417.1,72.24648800003342,500,0,0,0,0,1.0,0.0,0.0,0.0,0.0,1.0,28.564,0.0,0.0,0.0,0.0,0.0,,0.0,0.0,60.383224375138525,11.284684957179707,0.0,0.575912584667094,72.24382191698533,60.383224375138525,0.575912584667094
20260909_112655_937821,3f2b5a8fb3fffdab239693207bcaa7d708d20a0bb6324163a8c1741f478b736b,59,2187632450,1977915873,2187632450,19,500,50,60,5,30,10.0,120,current,Optimized Pattern Generator,dynamic_session,Dynamic Session Pattern Assignment,50,6,360,e70745b8d612d1f30e666e6119b6bd4a5a5d4dba157784d7eb012b61525f2dbc,50,7.0,41.12244897959184,1.0,1.0,True,20,6,30,3699990428,a1151babd480943bbefc95f412b5c0451e762f34eda2ca387d3a27dcc6a44eac,True,bayesian_windowed_memory_off,A3 Ablation) Posterior Memory Off,False,500,500,0,0.0,500,491,0,0.982,0.982,0.9491400124973234,2.3232589292124706,381.644,417.1,71.79694420803571,500,0,0,0,0,1.0,0.0,0.0,0.0,0.0,1.0,28.564,0.0,0.0,0.0,0.0,0.0,,0.0,0.0,59.98120494821342,11.237116511038039,0.0,0.575931706756819,71.79425316600828,59.98120494821342,0.575931706756819
20260909_112655_937821,3f2b5a8fb3fffdab239693207bcaa7d708d20a0bb6324163a8c1741f478b736b,59,2187632450,2395032913,2187632450,19,500,50,60,5,30,10.0,120,current,Optimized Pattern Generator,dynamic_session,Dynamic Session Pattern Assignment,50,6,360,e70745b8d612d1f30e666e6119b6bd4a5a5d4dba157784d7eb012b61525f2dbc,50,7.0,41.12244897959184,1.0,1.0,True,20,6,30,3699990428,a1151babd480943bbefc95f412b5c0451e762f34eda2ca387d3a27dcc6a44eac,True,bayesian_windowed_timeprior_off,A3 Ablation) Time Prior Off,False,500,500,0,0.0,500,489,0,0.978,0.978,0.5868719244572834,2.042926054571477,381.644,417.1,72.15788474999135,500,0,0,0,0,1.0,0.0,0.0,0.0,0.0,1.0,28.564,0.0,0.0,0.0,0.0,0.0,,0.0,0.0,60.301693117187824,11.28460103017278,0.0,0.5689772696350701,72.15527141699567,60.301693117187824,0.5689772696350701
20260909_112655_937821,3f2b5a8fb3fffdab239693207bcaa7d708d20a0bb6324163a8c1741f478b736b,59,2187632450,433795879,2187632450,19,500,50,60,5,30,10.0,120,current,Optimized Pattern Generator,dynamic_session,Dynamic Session Pattern Assignment,50,6,360,e70745b8d612d1f30e666e6119b6bd4a5a5d4dba157784d7eb012b61525f2dbc,50,7.0,41.12244897959184,1.0,1.0,True,20,6,30,3699990428,a1151babd480943bbefc95f412b5c0451e762f34eda2ca387d3a27dcc6a44eac,True,bayesian_windowed_all_off,A3 Ablation) Time Prior + Memory Off,False,500,500,0,0.0,500,491,0,0.982,0.982,0.9509662854749403,2.3272407168229456,381.644,417.1,73.37505866703577,500,0,0,0,0,1.0,0.0,0.0,0.0,0.0,1.0,28.564,0.0,0.0,0.0,0.0,0.0,,0.0,0.0,61.34351054218132,11.45857958693523,0.0,0.570316620869562,73.37240674998611,61.34351054218132,0.570316620869562
20260909_112655_937821,3f2b5a8fb3fffdab239693207bcaa7d708d20a0bb6324163a8c1741f478b736b,60,2187632451,1233724911,2187632451,20,500,50,60,5,30,10.0,120,current,Optimized Pattern Generator,dynamic_session,Dynamic Session Pattern Assignment,50,6,360,1460b2625c352d15f02bbdde189b4052a52e38b79d8f3c764f2777b1809b24b4,50,5.0,42.17632653061224,1.0,1.0,True,20,6,30,3699990429,f9ec8e8125005434783c75f818e837572b1140b305a02c8060aab55a7d88095e,True,single_only,A1) Refined Cost + Greedy 1:1,True,500,500,0,0.0,500,481,0,0.962,0.962,0.8625744702346285,2.6892074788028975,380.094,413.0,73.70002912502969,500,0,0,0,0,1.0,0.0,0.0,0.0,0.0,1.0,28.186,0.0,0.0,0.0,0.0,0.0,,0.0,0.0,60.19884103559889,12.921971852192655,0.0,0.5765817791689187,73.69739466696046,60.19884103559889,0.5765817791689187
20260909_112655_937821,3f2b5a8fb3fffdab239693207bcaa7d708d20a0bb6324163a8c1741f478b736b,60,2187632451,1545686485,2187632451,20,500,50,60,5,30,10.0,120,current,Optimized Pattern Generator,dynamic_session,Dynamic Session Pattern Assignment,50,6,360,1460b2625c352d15f02bbdde189b4052a52e38b79d8f3c764f2777b1809b24b4,50,5.0,42.17632653061224,1.0,1.0,True,20,6,30,3699990429,f9ec8e8125005434783c75f818e837572b1140b305a02c8060aab55a7d88095e,True,single_only_dtw_off,A1 Ablation) DTW Off,False,500,500,0,0.0,500,452,0,0.904,0.904,0.77730027734,2.22000039,380.094,413.0,73.32506783300778,500,0,0,0,0,1.0,0.0,0.0,0.0,0.0,1.0,28.186,0.0,0.0,0.0,0.0,0.0,,0.0,0.0,59.82604916585842,12.925678844098002,0.0,0.5706227400223725,73.3223507499788,59.82604916585842,0.5706227400223725
20260909_112655_937821,3f2b5a8fb3fffdab239693207bcaa7d708d20a0bb6324163a8c1741f478b736b,60,2187632451,866312229,2187632451,20,500,50,60,5,30,10.0,120,current,Optimized Pattern Generator,dynamic_session,Dynamic Session Pattern Assignment,50,6,360,1460b2625c352d15f02bbdde189b4052a52e38b79d8f3c764f2777b1809b24b4,50,5.0,42.17632653061224,1.0,1.0,True,20,6,30,3699990429,f9ec8e8125005434783c75f818e837572b1140b305a02c8060aab55a7d88095e,True,single_only_step_off,A1 Ablation) Step Signature Off,False,500,500,0,0.0,500,500,0,1.0,1.0,0.05862350580851535,0.3674589912550789,380.094,413.0,73.18532987503568,500,0,0,0,0,1.0,0.0,0.0,0.0,0.0,1.0,28.186,0.0,0.0,0.0,0.0,0.0,,0.0,0.0,59.72409516089829,12.883587754215114,0.0,0.5749927518772893,73.18267566699069,59.72409516089829,0.5749927518772893
20260909_112655_937821,3f2b5a8fb3fffdab239693207bcaa7d708d20a0bb6324163a8c1741f478b736b,60,2187632451,1815193713,2187632451,20,500,50,60,5,30,10.0,120,current,Optimized Pattern Generator,dynamic_session,Dynamic Session Pattern Assignment,50,6,360,1460b2625c352d15f02bbdde189b4052a52e38b79d8f3c764f2777b1809b24b4,50,5.0,42.17632653061224,1.0,1.0,True,20,6,30,3699990429,f9ec8e8125005434783c75f818e837572b1140b305a02c8060aab55a7d88095e,True,single_only_all_off,A1 Ablation) All Waveform Terms Off,False,500,500,0,0.0,500,388,0,0.776,0.776,1.2248002747199997,6.90000045,380.094,413.0,59.938450624991674,500,0,0,0,0,1.0,0.0,0.0,0.0,0.0,1.0,28.186,0.0,0.0,0.0,0.0,0.0,,0.0,0.0,59.34046466712607,0.03379979473538697,0.0,0.5615682881325483,59.935832749994006,59.34046466712607,0.5615682881325483
20260909_112655_937821,3f2b5a8fb3fffdab239693207bcaa7d708d20a0bb6324163a8c1741f478b736b,60,2187632451,2184921450,2187632451,20,500,50,60,5,30,10.0,120,current,Optimized Pattern Generator,dynamic_session,Dynamic Session Pattern Assignment,50,6,360,1460b2625c352d15f02bbdde189b4052a52e38b79d8f3c764f2777b1809b24b4,50,5.0,42.17632653061224,1.0,1.0,True,20,6,30,3699990429,f9ec8e8125005434783c75f818e837572b1140b305a02c8060aab55a7d88095e,True,nomura_original_interval_hungarian,A2) Corr+DTW + Hungarian,False,500,500,0,0.0,500,499,0,0.998,0.998,0.056553304591440125,0.2645820141594947,380.094,413.0,93.35103666601935,500,0,0,0,0,1.0,0.0,0.0,0.0,0.0,1.0,28.186,0.0,0.0,0.0,0.0,0.0,,0.0,0.0,59.82148182176752,32.962973653979134,0.0,0.5639123572618701,93.34836783300852,59.82148182176752,0.5639123572618701
20260909_112655_937821,3f2b5a8fb3fffdab239693207bcaa7d708d20a0bb6324163a8c1741f478b736b,60,2187632451,2176353792,2187632451,20,500,50,60,5,30,10.0,120,current,Optimized Pattern Generator,dynamic_session,Dynamic Session Pattern Assignment,50,6,360,1460b2625c352d15f02bbdde189b4052a52e38b79d8f3c764f2777b1809b24b4,50,5.0,42.17632653061224,1.0,1.0,True,20,6,30,3699990429,f9ec8e8125005434783c75f818e837572b1140b305a02c8060aab55a7d88095e,True,nomura_original_interval_hungarian_dtw_off,A2 Ablation) DTW Off (Corr-only),False,500,500,0,0.0,500,489,0,0.978,0.978,0.05457961624818953,0.2645820141594947,380.094,413.0,93.0620290840161,500,0,0,0,0,1.0,0.0,0.0,0.0,0.0,1.0,28.186,0.0,0.0,0.0,0.0,0.0,,0.0,0.0,59.88937037152937,32.5987290427438,0.0,0.5713183767511509,93.05941779102432,59.88937037152937,0.5713183767511509
20260909_112655_937821,3f2b5a8fb3fffdab239693207bcaa7d708d20a0bb6324163a8c1741f478b736b,60,2187632451,1055930988,2187632451,20,500,50,60,5,30,10.0,120,current,Optimized Pattern Generator,dynamic_session,Dynamic Session Pattern Assignment,50,6,360,1460b2625c352d15f02bbdde189b4052a52e38b79d8f3c764f2777b1809b24b4,50,5.0,42.17632653061224,1.0,1.0,True,20,6,30,3699990429,f9ec8e8125005434783c75f818e837572b1140b305a02c8060aab55a7d88095e,True,nomura_original_interval_hungarian_corr_off,A2 Ablation) Corr Off (DTW-only),False,500,500,0,0.0,500,487,0,0.974,0.974,0.0011136793084438653,0.0807186937242526,380.094,413.0,93.01796233397909,500,0,0,0,0,1.0,0.0,0.0,0.0,0.0,1.0,28.186,0.0,0.0,0.0,0.0,0.0,,0.0,0.0,59.69785571738612,32.7557797114132,0.0,0.5615694872103631,93.01520491600968,59.69785571738612,0.5615694872103631
20260909_112655_937821,3f2b5a8fb3fffdab239693207bcaa7d708d20a0bb6324163a8c1741f478b736b,60,2187632451,542446087,2187632451,20,500,50,60,5,30,10.0,120,current,Optimized Pattern Generator,dynamic_session,Dynamic Session Pattern Assignment,50,6,360,1460b2625c352d15f02bbdde189b4052a52e38b79d8f3c764f2777b1809b24b4,50,5.0,42.17632653061224,1.0,1.0,True,20,6,30,3699990429,f9ec8e8125005434783c75f818e837572b1140b305a02c8060aab55a7d88095e,True,nomura_original_interval_hungarian_all_off,A2 Ablation) All Waveform Terms Off,False,500,500,0,0.0,500,388,0,0.776,0.776,1.2248002747199997,6.90000045,380.094,413.0,60.35516104102135,500,0,0,0,0,1.0,0.0,0.0,0.0,0.0,1.0,28.186,0.0,0.0,0.0,0.0,0.0,,0.0,0.0,59.742882460705005,0.034059548226650804,0.0,0.575592574023176,60.35253458295483,59.742882460705005,0.575592574023176
20260909_112655_937821,3f2b5a8fb3fffdab239693207bcaa7d708d20a0bb6324163a8c1741f478b736b,60,2187632451,1367392886,2187632451,20,500,50,60,5,30,10.0,120,current,Optimized Pattern Generator,dynamic_session,Dynamic Session Pattern Assignment,50,6,360,1460b2625c352d15f02bbdde189b4052a52e38b79d8f3c764f2777b1809b24b4,50,5.0,42.17632653061224,1.0,1.0,True,20,6,30,3699990429,f9ec8e8125005434783c75f818e837572b1140b305a02c8060aab55a7d88095e,True,bayesian_windowed,A3) Two-Stage Bayesian Posterior + Hungarian,False,500,500,0,0.0,500,488,0,0.976,0.976,0.5785847497669075,1.6843172603999566,380.094,413.0,71.1400394589873,500,0,0,0,0,1.0,0.0,0.0,0.0,0.0,1.0,28.186,0.0,0.0,0.0,0.0,0.0,,0.0,0.0,59.43419695546618,11.115109366597608,0.0,0.588040635921061,71.13734695798485,59.43419695546618,0.588040635921061
20260909_112655_937821,3f2b5a8fb3fffdab239693207bcaa7d708d20a0bb6324163a8c1741f478b736b,60,2187632451,1977915872,2187632451,20,500,50,60,5,30,10.0,120,current,Optimized Pattern Generator,dynamic_session,Dynamic Session Pattern Assignment,50,6,360,1460b2625c352d15f02bbdde189b4052a52e38b79d8f3c764f2777b1809b24b4,50,5.0,42.17632653061224,1.0,1.0,True,20,6,30,3699990429,f9ec8e8125005434783c75f818e837572b1140b305a02c8060aab55a7d88095e,True,bayesian_windowed_memory_off,A3 Ablation) Posterior Memory Off,False,500,500,0,0.0,500,481,0,0.962,0.962,0.9402237533736243,2.115187845007394,380.094,413.0,70.82986425003037,500,0,0,0,0,1.0,0.0,0.0,0.0,0.0,1.0,28.186,0.0,0.0,0.0,0.0,0.0,,0.0,0.0,59.17975880444283,11.08029086701572,0.0,0.5671729945461266,70.82722266600467,59.17975880444283,0.5671729945461266
20260909_112655_937821,3f2b5a8fb3fffdab239693207bcaa7d708d20a0bb6324163a8c1741f478b736b,60,2187632451,2395032912,2187632451,20,500,50,60,5,30,10.0,120,current,Optimized Pattern Generator,dynamic_session,Dynamic Session Pattern Assignment,50,6,360,1460b2625c352d15f02bbdde189b4052a52e38b79d8f3c764f2777b1809b24b4,50,5.0,42.17632653061224,1.0,1.0,True,20,6,30,3699990429,f9ec8e8125005434783c75f818e837572b1140b305a02c8060aab55a7d88095e,True,bayesian_windowed_timeprior_off,A3 Ablation) Time Prior Off,False,500,500,0,0.0,500,488,0,0.976,0.976,0.5826845052242928,1.7032367725618627,380.094,413.0,70.88135862501804,500,0,0,0,0,1.0,0.0,0.0,0.0,0.0,1.0,28.186,0.0,0.0,0.0,0.0,0.0,,0.0,0.0,59.249732700234745,11.063843015115708,0.0,0.5651254516560584,70.87870116700651,59.249732700234745,0.5651254516560584
20260909_112655_937821,3f2b5a8fb3fffdab239693207bcaa7d708d20a0bb6324163a8c1741f478b736b,60,2187632451,433795878,2187632451,20,500,50,60,5,30,10.0,120,current,Optimized Pattern Generator,dynamic_session,Dynamic Session Pattern Assignment,50,6,360,1460b2625c352d15f02bbdde189b4052a52e38b79d8f3c764f2777b1809b24b4,50,5.0,42.17632653061224,1.0,1.0,True,20,6,30,3699990429,f9ec8e8125005434783c75f818e837572b1140b305a02c8060aab55a7d88095e,True,bayesian_windowed_all_off,A3 Ablation) Time Prior + Memory Off,False,500,500,0,0.0,500,481,0,0.962,0.962,0.9419174139694937,2.1168724429077517,380.094,413.0,71.31563508301042,500,0,0,0,0,1.0,0.0,0.0,0.0,0.0,1.0,28.186,0.0,0.0,0.0,0.0,0.0,,0.0,0.0,59.61251840472687,11.13663063646527,0.0,0.5638230428448878,71.31297208403703,59.61251840472687,0.5638230428448878
