config_hash,tau_s,pattern_mode,pattern_mode_label,pattern_assignment_mode,pattern_assignment_mode_label,pattern_unique_count,command_step_count,charger_sample_s,ev_sample_s,matcher_delay_max_s,candidate_margin_s,algorithm_id,algorithm_label,is_current,ev_count,runs,accuracy_mean,accuracy_std,accuracy_ci95,accuracy_requested_mean,accuracy_requested_std,accuracy_requested_ci95,requested_evs_mean,requested_evs_std,requested_evs_ci95,admitted_evs_mean,admitted_evs_std,admitted_evs_ci95,blocked_evs_mean,blocked_evs_std,blocked_evs_ci95,blocked_ratio_mean,blocked_ratio_std,blocked_ratio_ci95,avg_cost_mean,avg_cost_std,avg_cost_ci95,p90_latency_mean,p90_latency_std,p90_latency_ci95,assignment_runtime_mean,assignment_runtime_std,assignment_runtime_ci95,runtime_s_candidate_build_mean,runtime_s_candidate_build_std,runtime_s_candidate_build_ci95,runtime_s_assignment_mean,runtime_s_assignment_std,runtime_s_assignment_ci95,runtime_s_fallback_mean,runtime_s_fallback_std,runtime_s_fallback_ci95,runtime_s_other_mean,runtime_s_other_std,runtime_s_other_ci95,runtime_s_total_mean,runtime_s_total_std,runtime_s_total_ci95,runtime_s_cost_mean,runtime_s_cost_std,runtime_s_cost_ci95,runtime_s_loop_mean,runtime_s_loop_std,runtime_s_loop_ci95,unmatched_mean,unmatched_std,unmatched_ci95,window_watermark_count_mean,window_watermark_count_std,window_watermark_count_ci95,session_end_before_watermark_count_mean,session_end_before_watermark_count_std,session_end_before_watermark_count_ci95,session_end_fallback_count_mean,session_end_fallback_count_std,session_end_fallback_count_ci95,timeline_end_fallback_count_mean,timeline_end_fallback_count_std,timeline_end_fallback_count_ci95,fallback_finalized_count_mean,fallback_finalized_count_std,fallback_finalized_count_ci95,window_watermark_ratio_mean,window_watermark_ratio_std,window_watermark_ratio_ci95,session_end_before_watermark_ratio_mean,session_end_before_watermark_ratio_std,session_end_before_watermark_ratio_ci95,session_end_fallback_ratio_mean,session_end_fallback_ratio_std,session_end_fallback_ratio_ci95,timeline_end_fallback_ratio_mean,timeline_end_fallback_ratio_std,timeline_end_fallback_ratio_ci95,fallback_finalized_ratio_mean,fallback_finalized_ratio_std,fallback_finalized_ratio_ci95,gt_in_candidates_ratio_mean,gt_in_candidates_ratio_std,gt_in_candidates_ratio_ci95,avg_candidates_per_ev_mean,avg_candidates_per_ev_std,avg_candidates_per_ev_ci95,no_candidate_rows_total_mean,no_candidate_rows_total_std,no_candidate_rows_total_ci95,fallback_to_all_rows_total_mean,fallback_to_all_rows_total_std,fallback_to_all_rows_total_ci95,gt_recovered_by_fallback_count_mean,gt_recovered_by_fallback_count_std,gt_recovered_by_fallback_count_ci95,no_candidate_rows_ratio_mean,no_candidate_rows_ratio_std,no_candidate_rows_ratio_ci95,fallback_to_all_rows_ratio_mean,fallback_to_all_rows_ratio_std,fallback_to_all_rows_ratio_ci95,gt_recovered_by_fallback_ratio_mean,gt_recovered_by_fallback_ratio_std,gt_recovered_by_fallback_ratio_ci95,candidate_query_lead_max_s_mean,candidate_query_lead_max_s_std,candidate_query_lead_max_s_ci95,candidate_future_query_violation_count_mean,candidate_future_query_violation_count_std,candidate_future_query_violation_count_ci95
7519e64bff0716c8133dd9b82ddd5d5f9c39c5cd8c2a0fc181c493edbd8cafe2,60,current,Optimized Pattern Generator,dynamic_session,Dynamic Session Pattern Assignment,50,6,5,5,5.0,60,bayesian_windowed,A3) Bayesian Posterior + Hungarian + Lock,False,100,20,0.985,0.013178930553209393,0.005775920979194122,0.985,0.013178930553209393,0.005775920979194122,100.0,0.0,0.0,100.0,0.0,0.0,0.0,0.0,0.0,0.0,0.0,0.0,0.1308282990088576,0.02093292656264058,0.009174259565366768,410.81000000000006,11.417479673958832,5.00393109380804,1.7803502582974033,0.09510480269263939,0.04168151754625955,1.3477108725812286,0.07703876134153906,0.033763725823364586,0.35766031015809857,0.01865045705774598,0.008173923199341902,0.0,0.0,0.0,0.07443184016010491,0.006066368053623217,0.0026587030235091817,1.7798030228994322,0.09509698070663573,0.0416780894097446,1.3477108725812286,0.07703876134153906,0.033763725823364586,0.07443184016010491,0.006066368053623217,0.0026587030235091817,0.0,0.0,0.0,100.0,0.0,0.0,0.0,0.0,0.0,0.0,0.0,0.0,0.0,0.0,0.0,0.0,0.0,0.0,1.0,0.0,0.0,0.0,0.0,0.0,0.0,0.0,0.0,0.0,0.0,0.0,0.0,0.0,0.0,1.0,0.0,0.0,6.288,0.353040925016976,0.15472700740676343,0.0,0.0,0.0,0.0,0.0,0.0,0.0,0.0,0.0,0.0,0.0,0.0,0.0,0.0,0.0,,,,0.0,0.0,0.0,0.0,0.0,0.0
7519e64bff0716c8133dd9b82ddd5d5f9c39c5cd8c2a0fc181c493edbd8cafe2,60,current,Optimized Pattern Generator,dynamic_session,Dynamic Session Pattern Assignment,50,6,5,5,5.0,60,bayesian_windowed,A3) Bayesian Posterior + Hungarian + Lock,False,300,20,0.9688333333333332,0.007591546545162481,0.003327141969350049,0.9688333333333332,0.007591546545162481,0.003327141969350049,300.0,0.0,0.0,300.0,0.0,0.0,0.0,0.0,0.0,0.0,0.0,0.0,0.3142851043572831,0.018565755159680054,0.008136800955769765,411.2250000000001,6.636888538591264,2.908744650550343,14.134565793746152,0.38225238649421284,0.16752949486946614,11.185937581941834,0.3060030885331092,0.13411176662784402,2.7575902449156273,0.07506756705721875,0.03289981183771113,0.0,0.0,0.0,0.18948457109217998,0.009036768119583361,0.003960538251209103,14.133012397949642,0.3822265088149928,0.16751815347649832,11.185937581941834,0.3060030885331092,0.13411176662784402,0.18948457109217998,0.009036768119583361,0.003960538251209103,0.0,0.0,0.0,300.0,0.0,0.0,0.0,0.0,0.0,0.0,0.0,0.0,0.0,0.0,0.0,0.0,0.0,0.0,1.0,0.0,0.0,0.0,0.0,0.0,0.0,0.0,0.0,0.0,0.0,0.0,0.0,0.0,0.0,1.0,0.0,0.0,16.917333333333335,0.4553420409637202,0.19956244829524095,0.0,0.0,0.0,0.0,0.0,0.0,0.0,0.0,0.0,0.0,0.0,0.0,0.0,0.0,0.0,,,,0.0,0.0,0.0,0.0,0.0,0.0
7519e64bff0716c8133dd9b82ddd5d5f9c39c5cd8c2a0fc181c493edbd8cafe2,60,current,Optimized Pattern Generator,dynamic_session,Dynamic Session Pattern Assignment,50,6,5,5,5.0,60,bayesian_windowed,A3) Bayesian Posterior + Hungarian + Lock,False,500,20,0.9536999999999999,0.007547045430951254,0.003307638496125695,0.9536999999999999,0.007547045430951254,0.003307638496125695,500.0,0.0,0.0,500.0,0.0,0.0,0.0,0.0,0.0,0.0,0.0,0.0,0.4751329343122473,0.028036432636495266,0.012287508367472225,412.99500000000006,4.1149886487021226,1.8034732916470375,39.30900447930035,0.7589562363348743,0.3326272363328662,31.55707557605201,0.6192561064353671,0.27140095489637983,7.443333921179874,0.1391622531103099,0.06099054653991016,0.0,0.0,0.0,0.3053836882172618,0.009808866808196743,0.004298925421212384,39.30579318544915,0.7588903100125732,0.33259834284818457,31.55707557605201,0.6192561064353671,0.27140095489637983,0.3053836882172618,0.009808866808196743,0.004298925421212384,0.0,0.0,0.0,500.0,0.0,0.0,0.0,0.0,0.0,0.0,0.0,0.0,0.0,0.0,0.0,0.0,0.0,0.0,1.0,0.0,0.0,0.0,0.0,0.0,0.0,0.0,0.0,0.0,0.0,0.0,0.0,0.0,0.0,1.0,0.0,0.0,27.781100000000002,0.528071954825935,0.2314377384483898,0.0,0.0,0.0,0.0,0.0,0.0,0.0,0.0,0.0,0.0,0.0,0.0,0.0,0.0,0.0,,,,0.0,0.0,0.0,0.0,0.0,0.0
7519e64bff0716c8133dd9b82ddd5d5f9c39c5cd8c2a0fc181c493edbd8cafe2,60,current,Optimized Pattern Generator,dynamic_session,Dynamic Session Pattern Assignment,50,6,5,5,5.0,60,bayesian_windowed_lock_off,A3 Ablation) Lock Off,False,100,20,0.985,0.013178930553209393,0.005775920979194122,0.985,0.013178930553209393,0.005775920979194122,100.0,0.0,0.0,100.0,0.0,0.0,0.0,0.0,0.0,0.0,0.0,0.0,0.13089572973834185,0.02093072187018664,0.009173293316296256,410.81000000000006,11.417479673958832,5.00393109380804,1.7821920229020178,0.10172237965219937,0.044581798524130405,1.3499647907578036,0.07970528241336865,0.03493238020985372,0.35753032384091055,0.019087859772677136,0.008365623391351192,0.0,0.0,0.0,0.07414329775056103,0.006679796634310941,0.002927549952637939,1.7816384123492752,0.10171992118667503,0.04458072105410798,1.3499647907578036,0.07970528241336865,0.03493238020985372,0.07414329775056103,0.006679796634310941,0.002927549952637939,0.0,0.0,0.0,100.0,0.0,0.0,0.0,0.0,0.0,0.0,0.0,0.0,0.0,0.0,0.0,0.0,0.0,0.0,1.0,0.0,0.0,0.0,0.0,0.0,0.0,0.0,0.0,0.0,0.0,0.0,0.0,0.0,0.0,1.0,0.0,0.0,6.288,0.353040925016976,0.15472700740676343,0.0,0.0,0.0,0.0,0.0,0.0,0.0,0.0,0.0,0.0,0.0,0.0,0.0,0.0,0.0,,,,0.0,0.0,0.0,0.0,0.0,0.0
7519e64bff0716c8133dd9b82ddd5d5f9c39c5cd8c2a0fc181c493edbd8cafe2,60,current,Optimized Pattern Generator,dynamic_session,Dynamic Session Pattern Assignment,50,6,5,5,5.0,60,bayesian_windowed_lock_off,A3 Ablation) Lock Off,False,300,20,0.9688333333333332,0.007591546545162481,0.003327141969350049,0.9688333333333332,0.007591546545162481,0.003327141969350049,300.0,0.0,0.0,300.0,0.0,0.0,0.0,0.0,0.0,0.0,0.0,0.0,0.314301344774537,0.018563454580966983,0.00813579268269332,411.2250000000001,6.636888538591264,2.908744650550343,14.135946037399117,0.37829618274105475,0.1657956121265855,11.191312859523169,0.3029832327977514,0.13278825649736953,2.753757795039564,0.07271445197697361,0.031868513683162764,0.0,0.0,0.0,0.18934061208419734,0.007726391136922859,0.003386240217370634,14.13441126664693,0.3782971884671341,0.16579605290547403,11.191312859523169,0.3029832327977514,0.13278825649736953,0.18934061208419734,0.007726391136922859,0.003386240217370634,0.0,0.0,0.0,300.0,0.0,0.0,0.0,0.0,0.0,0.0,0.0,0.0,0.0,0.0,0.0,0.0,0.0,0.0,1.0,0.0,0.0,0.0,0.0,0.0,0.0,0.0,0.0,0.0,0.0,0.0,0.0,0.0,0.0,1.0,0.0,0.0,16.917333333333335,0.4553420409637202,0.19956244829524095,0.0,0.0,0.0,0.0,0.0,0.0,0.0,0.0,0.0,0.0,0.0,0.0,0.0,0.0,0.0,,,,0.0,0.0,0.0,0.0,0.0,0.0
7519e64bff0716c8133dd9b82ddd5d5f9c39c5cd8c2a0fc181c493edbd8cafe2,60,current,Optimized Pattern Generator,dynamic_session,Dynamic Session Pattern Assignment,50,6,5,5,5.0,60,bayesian_windowed_lock_off,A3 Ablation) Lock Off,False,500,20,0.9536999999999999,0.007547045430951254,0.003307638496125695,0.9536999999999999,0.007547045430951254,0.003307638496125695,500.0,0.0,0.0,500.0,0.0,0.0,0.0,0.0,0.0,0.0,0.0,0.0,0.47513668301806344,0.028035330544910114,0.012287025354538666,412.99500000000006,4.1149886487021226,1.8034732916470375,39.33945220834721,0.7746213154090682,0.3394927599426964,31.585056860180337,0.6391413044378167,0.2801160271743658,7.445790676644537,0.13717945384592092,0.06012154644749172,0.0,0.0,0.0,0.30542482562450457,0.00803653173839818,0.003522165328997006,39.33627236244938,0.7745645864796977,0.3394678973931932,31.585056860180337,0.6391413044378167,0.2801160271743658,0.30542482562450457,0.00803653173839818,0.003522165328997006,0.0,0.0,0.0,500.0,0.0,0.0,0.0,0.0,0.0,0.0,0.0,0.0,0.0,0.0,0.0,0.0,0.0,0.0,1.0,0.0,0.0,0.0,0.0,0.0,0.0,0.0,0.0,0.0,0.0,0.0,0.0,0.0,0.0,1.0,0.0,0.0,27.781100000000002,0.528071954825935,0.2314377384483898,0.0,0.0,0.0,0.0,0.0,0.0,0.0,0.0,0.0,0.0,0.0,0.0,0.0,0.0,0.0,,,,0.0,0.0,0.0,0.0,0.0,0.0
7519e64bff0716c8133dd9b82ddd5d5f9c39c5cd8c2a0fc181c493edbd8cafe2,60,current,Optimized Pattern Generator,dynamic_session,Dynamic Session Pattern Assignment,50,6,5,5,5.0,120,bayesian_windowed,A3) Bayesian Posterior + Hungarian + Lock,False,100,20,0.9814999999999998,0.013484884325167873,0.005910011131880161,0.9814999999999998,0.013484884325167873,0.005910011131880161,100.0,0.0,0.0,100.0,0.0,0.0,0.0,0.0,0.0,0.0,0.0,0.0,0.13438379733870826,0.020040419899241328,0.008783101273699245,412.0450000000001,8.501793928342414,3.726075474275848,1.8458227459035697,0.09444853924318793,0.04139389740817165,1.4025390349997906,0.0764127257755187,0.03348935363930159,0.36878942644252677,0.018904319479101848,0.008285183311034448,0.0,0.0,0.0,0.07393902605836047,0.005329217684449052,0.0023356326298271325,1.8452674875006778,0.09443632749316187,0.04138854537274787,1.4025390349997906,0.0764127257755187,0.03348935363930159,0.07393902605836047,0.005329217684449052,0.0023356326298271325,0.0,0.0,0.0,100.0,0.0,0.0,0.0,0.0,0.0,0.0,0.0,0.0,0.0,0.0,0.0,0.0,0.0,0.0,1.0,0.0,0.0,0.0,0.0,0.0,0.0,0.0,0.0,0.0,0.0,0.0,0.0,0.0,0.0,1.0,0.0,0.0,6.529999999999999,0.3600584747831356,0.15780258419603704,0.0,0.0,0.0,0.0,0.0,0.0,0.0,0.0,0.0,0.0,0.0,0.0,0.0,0.0,0.0,,,,0.0,0.0,0.0,0.0,0.0,0.0
7519e64bff0716c8133dd9b82ddd5d5f9c39c5cd8c2a0fc181c493edbd8cafe2,60,current,Optimized Pattern Generator,dynamic_session,Dynamic Session Pattern Assignment,50,6,5,5,5.0,120,bayesian_windowed,A3) Bayesian Posterior + Hungarian + Lock,False,300,20,0.9674999999999999,0.009168660070336341,0.004018342447252572,0.9674999999999999,0.009168660070336341,0.004018342447252572,300.0,0.0,0.0,300.0,0.0,0.0,0.0,0.0,0.0,0.0,0.0,0.0,0.326398775981493,0.023371427747429407,0.01024297983019748,414.26000000000005,5.9019532895117734,2.586645076053857,14.721389308248764,0.5032771553606769,0.22057093845820244,11.671681774452736,0.4064931214807041,0.17815346539531912,2.860689340000681,0.0955314339900152,0.04186849695638275,0.0,0.0,0.0,0.18743501264980295,0.006991534474424169,0.0030641750849617583,14.71980612710322,0.5032723930649072,0.22056885129005674,11.671681774452736,0.4064931214807041,0.17815346539531912,0.18743501264980295,0.006991534474424169,0.0030641750849617583,0.0,0.0,0.0,300.0,0.0,0.0,0.0,0.0,0.0,0.0,0.0,0.0,0.0,0.0,0.0,0.0,0.0,0.0,1.0,0.0,0.0,0.0,0.0,0.0,0.0,0.0,0.0,0.0,0.0,0.0,0.0,0.0,0.0,1.0,0.0,0.0,17.594666666666665,0.5950216468616225,0.2607797346914266,0.0,0.0,0.0,0.0,0.0,0.0,0.0,0.0,0.0,0.0,0.0,0.0,0.0,0.0,0.0,,,,0.0,0.0,0.0,0.0,0.0,0.0
7519e64bff0716c8133dd9b82ddd5d5f9c39c5cd8c2a0fc181c493edbd8cafe2,60,current,Optimized Pattern Generator,dynamic_session,Dynamic Session Pattern Assignment,50,6,5,5,5.0,120,bayesian_windowed,A3) Bayesian Posterior + Hungarian + Lock,False,500,20,0.9503999999999998,0.008671793355471514,0.003800581008214399,0.9503999999999998,0.008671793355471514,0.003800581008214399,500.0,0.0,0.0,500.0,0.0,0.0,0.0,0.0,0.0,0.0,0.0,0.0,0.4957720961344177,0.03017144196676269,0.01322321746250678,411.41499999999996,5.101008672182806,2.235615620384072,40.157817947902366,0.7950664139038875,0.34845321943075097,32.254783974707244,0.651907629716704,0.28571111591907317,7.590966842710623,0.14333092437825484,0.06281754727678128,0.0,0.0,0.0,0.30886568053247176,0.008921583020081645,0.003910056155562844,40.154616497950336,0.7950371550004297,0.3484403961509235,32.254783974707244,0.651907629716704,0.28571111591907317,0.30886568053247176,0.008921583020081645,0.003910056155562844,0.0,0.0,0.0,500.0,0.0,0.0,0.0,0.0,0.0,0.0,0.0,0.0,0.0,0.0,0.0,0.0,0.0,0.0,1.0,0.0,0.0,0.0,0.0,0.0,0.0,0.0,0.0,0.0,0.0,0.0,0.0,0.0,0.0,1.0,0.0,0.0,28.332100000000004,0.5424088475446699,0.23772115872261151,0.0,0.0,0.0,0.0,0.0,0.0,0.0,0.0,0.0,0.0,0.0,0.0,0.0,0.0,0.0,,,,0.0,0.0,0.0,0.0,0.0,0.0
7519e64bff0716c8133dd9b82ddd5d5f9c39c5cd8c2a0fc181c493edbd8cafe2,60,current,Optimized Pattern Generator,dynamic_session,Dynamic Session Pattern Assignment,50,6,5,5,5.0,120,bayesian_windowed_lock_off,A3 Ablation) Lock Off,False,100,20,0.9814999999999998,0.013484884325167873,0.005910011131880161,0.9814999999999998,0.013484884325167873,0.005910011131880161,100.0,0.0,0.0,100.0,0.0,0.0,0.0,0.0,0.0,0.0,0.0,0.0,0.1344757088474953,0.020043275566264607,0.008784352824953937,412.0450000000001,8.501793928342414,3.726075474275848,1.8443930229972465,0.09806535070674852,0.042979034921858755,1.4019457196161966,0.07748803525750027,0.03396062879861952,0.36830519009381535,0.01910926402653437,0.00837500421921115,0.0,0.0,0.0,0.07357597553927916,0.005949516774459591,0.0026074906924295183,1.8438268852492912,0.09805361707848892,0.042973892432538165,1.4019457196161966,0.07748803525750027,0.03396062879861952,0.07357597553927916,0.005949516774459591,0.0026074906924295183,0.0,0.0,0.0,100.0,0.0,0.0,0.0,0.0,0.0,0.0,0.0,0.0,0.0,0.0,0.0,0.0,0.0,0.0,1.0,0.0,0.0,0.0,0.0,0.0,0.0,0.0,0.0,0.0,0.0,0.0,0.0,0.0,0.0,1.0,0.0,0.0,6.529999999999999,0.3600584747831356,0.15780258419603704,0.0,0.0,0.0,0.0,0.0,0.0,0.0,0.0,0.0,0.0,0.0,0.0,0.0,0.0,0.0,,,,0.0,0.0,0.0,0.0,0.0,0.0
7519e64bff0716c8133dd9b82ddd5d5f9c39c5cd8c2a0fc181c493edbd8cafe2,60,current,Optimized Pattern Generator,dynamic_session,Dynamic Session Pattern Assignment,50,6,5,5,5.0,120,bayesian_windowed_lock_off,A3 Ablation) Lock Off,False,300,20,0.9674999999999999,0.009168660070336341,0.004018342447252572,0.9674999999999999,0.009168660070336341,0.004018342447252572,300.0,0.0,0.0,300.0,0.0,0.0,0.0,0.0,0.0,0.0,0.0,0.0,0.3264150530193807,0.023370670851799273,0.010242648106061633,414.26000000000005,5.9019532895117734,2.586645076053857,14.733522687501681,0.48653293246008084,0.21323245921351872,11.685185367095983,0.3928886901983955,0.17219106049939567,2.860797763861774,0.09338780679667377,0.04092901091632797,0.0,0.0,0.0,0.1859529898967594,0.005620332528769394,0.002463219335734405,14.731936120854517,0.4865336006553722,0.2132327520630171,11.685185367095983,0.3928886901983955,0.17219106049939567,0.1859529898967594,0.005620332528769394,0.002463219335734405,0.0,0.0,0.0,300.0,0.0,0.0,0.0,0.0,0.0,0.0,0.0,0.0,0.0,0.0,0.0,0.0,0.0,0.0,1.0,0.0,0.0,0.0,0.0,0.0,0.0,0.0,0.0,0.0,0.0,0.0,0.0,0.0,0.0,1.0,0.0,0.0,17.594666666666665,0.5950216468616225,0.2607797346914266,0.0,0.0,0.0,0.0,0.0,0.0,0.0,0.0,0.0,0.0,0.0,0.0,0.0,0.0,0.0,,,,0.0,0.0,0.0,0.0,0.0,0.0
7519e64bff0716c8133dd9b82ddd5d5f9c39c5cd8c2a0fc181c493edbd8cafe2,60,current,Optimized Pattern Generator,dynamic_session,Dynamic Session Pattern Assignment,50,6,5,5,5.0,120,bayesian_windowed_lock_off,A3 Ablation) Lock Off,False,500,20,0.9503999999999998,0.008671793355471514,0.003800581008214399,0.9503999999999998,0.008671793355471514,0.003800581008214399,500.0,0.0,0.0,500.0,0.0,0.0,0.0,0.0,0.0,0.0,0.0,0.0,0.49577694755413315,0.030170668507717043,0.01322287847913402,411.41499999999996,5.101008672182806,2.235615620384072,40.14915890005068,0.7846848737814524,0.34390330886346926,32.254663008690116,0.6435788709091335,0.2820608764301353,7.588498899215483,0.14184204730555025,0.062165018129218444,0.0,0.0,0.0,0.3027725859428756,0.008611905768936695,0.003774334116172349,40.14593449384847,0.7846510564789485,0.3438884877771753,32.254663008690116,0.6435788709091335,0.2820608764301353,0.3027725859428756,0.008611905768936695,0.003774334116172349,0.0,0.0,0.0,500.0,0.0,0.0,0.0,0.0,0.0,0.0,0.0,0.0,0.0,0.0,0.0,0.0,0.0,0.0,1.0,0.0,0.0,0.0,0.0,0.0,0.0,0.0,0.0,0.0,0.0,0.0,0.0,0.0,0.0,1.0,0.0,0.0,28.332100000000004,0.5424088475446699,0.23772115872261151,0.0,0.0,0.0,0.0,0.0,0.0,0.0,0.0,0.0,0.0,0.0,0.0,0.0,0.0,0.0,,,,0.0,0.0,0.0,0.0,0.0,0.0
7519e64bff0716c8133dd9b82ddd5d5f9c39c5cd8c2a0fc181c493edbd8cafe2,60,current,Optimized Pattern Generator,dynamic_session,Dynamic Session Pattern Assignment,50,6,5,5,5.0,180,bayesian_windowed,A3) Bayesian Posterior + Hungarian + Lock,False,100,20,0.9810000000000001,0.017740824166460337,0.007775259007362966,0.9810000000000001,0.017740824166460337,0.007775259007362966,100.0,0.0,0.0,100.0,0.0,0.0,0.0,0.0,0.0,0.0,0.0,0.0,0.13503071885249432,0.022419811026235217,0.009825915413482806,408.565,12.182224971784004,5.33909549820448,1.8807933936521295,0.11698428391506886,0.05127062298211292,1.4299554165205337,0.09492933059290651,0.04160461350780072,0.37599297397537157,0.021916076735367412,0.009605144126555106,0.0,0.0,0.0,0.0742719656569534,0.006545034562585006,0.002868487870617032,1.8802203561528585,0.11698084220455104,0.05126911458597229,1.4299554165205337,0.09492933059290651,0.04160461350780072,0.0742719656569534,0.006545034562585006,0.002868487870617032,0.0,0.0,0.0,100.0,0.0,0.0,0.0,0.0,0.0,0.0,0.0,0.0,0.0,0.0,0.0,0.0,0.0,0.0,1.0,0.0,0.0,0.0,0.0,0.0,0.0,0.0,0.0,0.0,0.0,0.0,0.0,0.0,0.0,1.0,0.0,0.0,6.6754999999999995,0.43033004469641795,0.1886004576095358,0.0,0.0,0.0,0.0,0.0,0.0,0.0,0.0,0.0,0.0,0.0,0.0,0.0,0.0,0.0,,,,0.0,0.0,0.0,0.0,0.0,0.0
7519e64bff0716c8133dd9b82ddd5d5f9c39c5cd8c2a0fc181c493edbd8cafe2,60,current,Optimized Pattern Generator,dynamic_session,Dynamic Session Pattern Assignment,50,6,5,5,5.0,180,bayesian_windowed,A3) Bayesian Posterior + Hungarian + Lock,False,300,20,0.9629999999999999,0.007246697170645473,0.0031760050672400594,0.9629999999999999,0.007246697170645473,0.0031760050672400594,300.0,0.0,0.0,300.0,0.0,0.0,0.0,0.0,0.0,0.0,0.0,0.0,0.3270670886137578,0.023113776064970847,0.010130059001604552,409.5750000000001,6.481461417401401,2.8406257112789275,14.865240681201977,0.3996258282243845,0.17514374142497807,11.786945033421215,0.3241893505775362,0.1420822473926848,2.8861410274825174,0.07836362400378716,0.03434437248619765,0.0,0.0,0.0,0.19057035789301152,0.008408523671782037,0.0036851979820220703,14.863656418796745,0.3996130699197774,0.17513814985144774,11.786945033421215,0.3241893505775362,0.1420822473926848,0.19057035789301152,0.008408523671782037,0.0036851979820220703,0.0,0.0,0.0,300.0,0.0,0.0,0.0,0.0,0.0,0.0,0.0,0.0,0.0,0.0,0.0,0.0,0.0,0.0,1.0,0.0,0.0,0.0,0.0,0.0,0.0,0.0,0.0,0.0,0.0,0.0,0.0,0.0,0.0,1.0,0.0,0.0,17.763166666666663,0.4901252674345385,0.21480686943288282,0.0,0.0,0.0,0.0,0.0,0.0,0.0,0.0,0.0,0.0,0.0,0.0,0.0,0.0,0.0,,,,0.0,0.0,0.0,0.0,0.0,0.0
7519e64bff0716c8133dd9b82ddd5d5f9c39c5cd8c2a0fc181c493edbd8cafe2,60,current,Optimized Pattern Generator,dynamic_session,Dynamic Session Pattern Assignment,50,6,5,5,5.0,180,bayesian_windowed,A3) Bayesian Posterior + Hungarian + Lock,False,500,20,0.9573,0.010285912696499028,0.004507999999999998,0.9573,0.010285912696499028,0.004507999999999998,500.0,0.0,0.0,500.0,0.0,0.0,0.0,0.0,0.0,0.0,0.0,0.0,0.5032098420392905,0.037100446939844656,0.016259987785210872,411.03000000000003,4.980393136035906,2.18275353094253,41.09181057899987,0.9148205174224739,0.40093776937696374,33.02691948799766,0.7497717605711797,0.32860196235238337,7.7564263218169796,0.16569093595036793,0.07261725442395493,0.0,0.0,0.0,0.30520755678298883,0.00869580144329551,0.0038111030166257096,41.08855336659762,0.9147660653591649,0.4009139047080092,33.02691948799766,0.7497717605711797,0.32860196235238337,0.30520755678298883,0.00869580144329551,0.0038111030166257096,0.0,0.0,0.0,500.0,0.0,0.0,0.0,0.0,0.0,0.0,0.0,0.0,0.0,0.0,0.0,0.0,0.0,0.0,1.0,0.0,0.0,0.0,0.0,0.0,0.0,0.0,0.0,0.0,0.0,0.0,0.0,0.0,0.0,1.0,0.0,0.0,28.978199999999998,0.6264361688825212,0.27454775600842773,0.0,0.0,0.0,0.0,0.0,0.0,0.0,0.0,0.0,0.0,0.0,0.0,0.0,0.0,0.0,,,,0.0,0.0,0.0,0.0,0.0,0.0
7519e64bff0716c8133dd9b82ddd5d5f9c39c5cd8c2a0fc181c493edbd8cafe2,60,current,Optimized Pattern Generator,dynamic_session,Dynamic Session Pattern Assignment,50,6,5,5,5.0,180,bayesian_windowed_lock_off,A3 Ablation) Lock Off,False,100,20,0.9810000000000001,0.017740824166460337,0.007775259007362966,0.9810000000000001,0.017740824166460337,0.007775259007362966,100.0,0.0,0.0,100.0,0.0,0.0,0.0,0.0,0.0,0.0,0.0,0.0,0.1351051422129081,0.022423202445955658,0.009827401768709694,408.565,12.182224971784004,5.33909549820448,1.8814875459531322,0.11779479843836418,0.0516258466339974,1.4311837445929996,0.09555539492993213,0.041878998301312725,0.37600642875040646,0.02235017069394763,0.009795394192156547,0.0,0.0,0.0,0.07371957030700287,0.00669302216697649,0.0029333462978933865,1.880909743650409,0.11778121030069505,0.051619891370092305,1.4311837445929996,0.09555539492993213,0.041878998301312725,0.07371957030700287,0.00669302216697649,0.0029333462978933865,0.0,0.0,0.0,100.0,0.0,0.0,0.0,0.0,0.0,0.0,0.0,0.0,0.0,0.0,0.0,0.0,0.0,0.0,1.0,0.0,0.0,0.0,0.0,0.0,0.0,0.0,0.0,0.0,0.0,0.0,0.0,0.0,0.0,1.0,0.0,0.0,6.6754999999999995,0.43033004469641795,0.1886004576095358,0.0,0.0,0.0,0.0,0.0,0.0,0.0,0.0,0.0,0.0,0.0,0.0,0.0,0.0,0.0,,,,0.0,0.0,0.0,0.0,0.0,0.0
7519e64bff0716c8133dd9b82ddd5d5f9c39c5cd8c2a0fc181c493edbd8cafe2,60,current,Optimized Pattern Generator,dynamic_session,Dynamic Session Pattern Assignment,50,6,5,5,5.0,180,bayesian_windowed_lock_off,A3 Ablation) Lock Off,False,300,20,0.9629999999999999,0.007246697170645473,0.0031760050672400594,0.9629999999999999,0.007246697170645473,0.0031760050672400594,300.0,0.0,0.0,300.0,0.0,0.0,0.0,0.0,0.0,0.0,0.0,0.0,0.32708301930597916,0.023113573117945936,0.01012997005614922,409.5750000000001,6.481461417401401,2.8406257112789275,14.886391568600084,0.40538534563744955,0.17766796122580666,11.80755985334108,0.32697361516515455,0.14330250515019577,2.8884205917725922,0.07868573156815854,0.03448554235055791,0.0,0.0,0.0,0.18882797978585586,0.008473301958940128,0.0037135883181181623,14.884808424899528,0.40535289171767414,0.17765373766833883,11.80755985334108,0.32697361516515455,0.14330250515019577,0.18882797978585586,0.008473301958940128,0.0037135883181181623,0.0,0.0,0.0,300.0,0.0,0.0,0.0,0.0,0.0,0.0,0.0,0.0,0.0,0.0,0.0,0.0,0.0,0.0,1.0,0.0,0.0,0.0,0.0,0.0,0.0,0.0,0.0,0.0,0.0,0.0,0.0,0.0,0.0,1.0,0.0,0.0,17.763166666666663,0.4901252674345385,0.21480686943288282,0.0,0.0,0.0,0.0,0.0,0.0,0.0,0.0,0.0,0.0,0.0,0.0,0.0,0.0,0.0,,,,0.0,0.0,0.0,0.0,0.0,0.0
7519e64bff0716c8133dd9b82ddd5d5f9c39c5cd8c2a0fc181c493edbd8cafe2,60,current,Optimized Pattern Generator,dynamic_session,Dynamic Session Pattern Assignment,50,6,5,5,5.0,180,bayesian_windowed_lock_off,A3 Ablation) Lock Off,False,500,20,0.9573,0.010285912696499028,0.004507999999999998,0.9573,0.010285912696499028,0.004507999999999998,500.0,0.0,0.0,500.0,0.0,0.0,0.0,0.0,0.0,0.0,0.0,0.0,0.503213745503909,0.03710078268955425,0.016260134934008994,411.03000000000003,4.980393136035906,2.18275353094253,41.11429680219881,0.9099074947387494,0.39878454224858567,33.04394893649442,0.7481882365876096,0.3279079523672157,7.759384476600099,0.16287348078029484,0.07138245025232197,0.0,0.0,0.0,0.30772849735512864,0.009168195122890185,0.00401813867504984,41.11106191044964,0.9098639261067686,0.39876544745371767,33.04394893649442,0.7481882365876096,0.3279079523672157,0.30772849735512864,0.009168195122890185,0.00401813867504984,0.0,0.0,0.0,500.0,0.0,0.0,0.0,0.0,0.0,0.0,0.0,0.0,0.0,0.0,0.0,0.0,0.0,0.0,1.0,0.0,0.0,0.0,0.0,0.0,0.0,0.0,0.0,0.0,0.0,0.0,0.0,0.0,0.0,1.0,0.0,0.0,28.978199999999998,0.6264361688825212,0.27454775600842773,0.0,0.0,0.0,0.0,0.0,0.0,0.0,0.0,0.0,0.0,0.0,0.0,0.0,0.0,0.0,,,,0.0,0.0,0.0,0.0,0.0,0.0
7519e64bff0716c8133dd9b82ddd5d5f9c39c5cd8c2a0fc181c493edbd8cafe2,60,current,Optimized Pattern Generator,dynamic_session,Dynamic Session Pattern Assignment,50,6,5,5,10.0,60,bayesian_windowed,A3) Bayesian Posterior + Hungarian + Lock,False,100,20,0.9794999999999998,0.013562719801760005,0.005944124033557497,0.9794999999999998,0.013562719801760005,0.005944124033557497,100.0,0.0,0.0,100.0,0.0,0.0,0.0,0.0,0.0,0.0,0.0,0.0,0.12664929271307243,0.016236051586868302,0.0071157633467484474,416.88500000000005,12.06147739052331,5.286175537440232,1.7658468876004918,0.0864375693253106,0.037882935040964044,1.3370735239819624,0.07087359111186842,0.031061720836989885,0.35407103753677804,0.01741796140285343,0.007633758162344581,0.0,0.0,0.0,0.07411401962745004,0.005678488846723517,0.0024887074658666406,1.7652585811461905,0.08642992376650638,0.03787958422707845,1.3370735239819624,0.07087359111186842,0.031061720836989885,0.07411401962745004,0.005678488846723517,0.0024887074658666406,0.0,0.0,0.0,100.0,0.0,0.0,0.0,0.0,0.0,0.0,0.0,0.0,0.0,0.0,0.0,0.0,0.0,0.0,1.0,0.0,0.0,0.0,0.0,0.0,0.0,0.0,0.0,0.0,0.0,0.0,0.0,0.0,0.0,1.0,0.0,0.0,6.2700000000000005,0.33053385844561733,0.1448628505645399,0.0,0.0,0.0,0.0,0.0,0.0,0.0,0.0,0.0,0.0,0.0,0.0,0.0,0.0,0.0,,,,0.0,0.0,0.0,0.0,0.0,0.0
7519e64bff0716c8133dd9b82ddd5d5f9c39c5cd8c2a0fc181c493edbd8cafe2,60,current,Optimized Pattern Generator,dynamic_session,Dynamic Session Pattern Assignment,50,6,5,5,10.0,60,bayesian_windowed,A3) Bayesian Posterior + Hungarian + Lock,False,300,20,0.9661666666666667,0.01010326795605327,0.0044279524131475715,0.9661666666666667,0.01010326795605327,0.0044279524131475715,300.0,0.0,0.0,300.0,0.0,0.0,0.0,0.0,0.0,0.0,0.0,0.0,0.31203899469968444,0.02169898749211291,0.0095100005707553,417.3300000000001,6.386012675741947,2.7987934558343253,14.052052410393662,0.3850406297652286,0.1687514963618585,11.115284250114929,0.3158271270213522,0.138417341331008,2.7454367350044775,0.07002777981825364,0.030691027693452586,0.0,0.0,0.0,0.1897902794822585,0.007106122086641852,0.0031143953202601906,14.050511264601663,0.38502812386179947,0.1687460154080217,11.115284250114929,0.3158271270213522,0.138417341331008,0.1897902794822585,0.007106122086641852,0.0031143953202601906,0.0,0.0,0.0,300.0,0.0,0.0,0.0,0.0,0.0,0.0,0.0,0.0,0.0,0.0,0.0,0.0,0.0,0.0,1.0,0.0,0.0,0.0,0.0,0.0,0.0,0.0,0.0,0.0,0.0,0.0,0.0,0.0,0.0,1.0,0.0,0.0,16.856333333333332,0.4464871333352375,0.19568161391845426,0.0,0.0,0.0,0.0,0.0,0.0,0.0,0.0,0.0,0.0,0.0,0.0,0.0,0.0,0.0,,,,0.0,0.0,0.0,0.0,0.0,0.0
7519e64bff0716c8133dd9b82ddd5d5f9c39c5cd8c2a0fc181c493edbd8cafe2,60,current,Optimized Pattern Generator,dynamic_session,Dynamic Session Pattern Assignment,50,6,5,5,10.0,60,bayesian_windowed,A3) Bayesian Posterior + Hungarian + Lock,False,500,20,0.9521999999999998,0.011569469805438238,0.005070543705923868,0.9521999999999998,0.011569469805438238,0.005070543705923868,500.0,0.0,0.0,500.0,0.0,0.0,0.0,0.0,0.0,0.0,0.0,0.0,0.47444833676021203,0.023217870638938706,0.01017568046012683,416.4750000000001,5.452558549602391,2.389689147368886,38.88468845220196,0.7086105380593466,0.31056226120398656,31.20595631555916,0.5794396449850211,0.25395062126879103,7.3683910330524665,0.1288488561103206,0.05647050101281013,0.0,0.0,0.0,0.3072180389412097,0.008437506610655954,0.00369790031503799,38.88156538755284,0.708583103390173,0.3105502374300849,31.20595631555916,0.5794396449850211,0.25395062126879103,0.3072180389412097,0.008437506610655954,0.00369790031503799,0.0,0.0,0.0,500.0,0.0,0.0,0.0,0.0,0.0,0.0,0.0,0.0,0.0,0.0,0.0,0.0,0.0,0.0,1.0,0.0,0.0,0.0,0.0,0.0,0.0,0.0,0.0,0.0,0.0,0.0,0.0,0.0,0.0,1.0,0.0,0.0,27.4945,0.47990607633709226,0.21032811146296854,0.0,0.0,0.0,0.0,0.0,0.0,0.0,0.0,0.0,0.0,0.0,0.0,0.0,0.0,0.0,,,,0.0,0.0,0.0,0.0,0.0,0.0
7519e64bff0716c8133dd9b82ddd5d5f9c39c5cd8c2a0fc181c493edbd8cafe2,60,current,Optimized Pattern Generator,dynamic_session,Dynamic Session Pattern Assignment,50,6,5,5,10.0,60,bayesian_windowed_lock_off,A3 Ablation) Lock Off,False,100,20,0.9794999999999998,0.013562719801760005,0.005944124033557497,0.9794999999999998,0.013562719801760005,0.005944124033557497,100.0,0.0,0.0,100.0,0.0,0.0,0.0,0.0,0.0,0.0,0.0,0.0,0.126742736655196,0.01624293298271578,0.007118779251451876,416.88500000000005,12.06147739052331,5.286175537440232,1.7638313854506122,0.09260521408003591,0.04058602453576066,1.3367609317865572,0.07336398145323118,0.03215318252737391,0.35393771485687464,0.018169122196492485,0.007962968895280066,0.0,0.0,0.0,0.07255136800376931,0.005165875801318474,0.0022640448931935835,1.7632500146472012,0.0925910882897149,0.0405798336351915,1.3367609317865572,0.07336398145323118,0.03215318252737391,0.07255136800376931,0.005165875801318474,0.0022640448931935835,0.0,0.0,0.0,100.0,0.0,0.0,0.0,0.0,0.0,0.0,0.0,0.0,0.0,0.0,0.0,0.0,0.0,0.0,1.0,0.0,0.0,0.0,0.0,0.0,0.0,0.0,0.0,0.0,0.0,0.0,0.0,0.0,0.0,1.0,0.0,0.0,6.2700000000000005,0.33053385844561733,0.1448628505645399,0.0,0.0,0.0,0.0,0.0,0.0,0.0,0.0,0.0,0.0,0.0,0.0,0.0,0.0,0.0,,,,0.0,0.0,0.0,0.0,0.0,0.0
7519e64bff0716c8133dd9b82ddd5d5f9c39c5cd8c2a0fc181c493edbd8cafe2,60,current,Optimized Pattern Generator,dynamic_session,Dynamic Session Pattern Assignment,50,6,5,5,10.0,60,bayesian_windowed_lock_off,A3 Ablation) Lock Off,False,300,20,0.9661666666666667,0.01010326795605327,0.0044279524131475715,0.9661666666666667,0.01010326795605327,0.0044279524131475715,300.0,0.0,0.0,300.0,0.0,0.0,0.0,0.0,0.0,0.0,0.0,0.0,0.312057712403524,0.02169572203910709,0.009508569422875226,417.3300000000001,6.386012675741947,2.7987934558343253,14.061204195900064,0.3898870273710654,0.17087552376241655,11.125426192571467,0.320685856471016,0.14054677340041877,2.747768761201587,0.06826234671885452,0.02991729252313561,0.0,0.0,0.0,0.18646325862646335,0.005323913373694543,0.0023333079131406423,14.059658212399517,0.3898695011346847,0.17086784255065293,11.125426192571467,0.320685856471016,0.14054677340041877,0.18646325862646335,0.005323913373694543,0.0023333079131406423,0.0,0.0,0.0,300.0,0.0,0.0,0.0,0.0,0.0,0.0,0.0,0.0,0.0,0.0,0.0,0.0,0.0,0.0,1.0,0.0,0.0,0.0,0.0,0.0,0.0,0.0,0.0,0.0,0.0,0.0,0.0,0.0,0.0,1.0,0.0,0.0,16.856333333333332,0.4464871333352375,0.19568161391845426,0.0,0.0,0.0,0.0,0.0,0.0,0.0,0.0,0.0,0.0,0.0,0.0,0.0,0.0,0.0,,,,0.0,0.0,0.0,0.0,0.0,0.0
7519e64bff0716c8133dd9b82ddd5d5f9c39c5cd8c2a0fc181c493edbd8cafe2,60,current,Optimized Pattern Generator,dynamic_session,Dynamic Session Pattern Assignment,50,6,5,5,10.0,60,bayesian_windowed_lock_off,A3 Ablation) Lock Off,False,500,20,0.9521999999999998,0.011569469805438238,0.005070543705923868,0.9521999999999998,0.011569469805438238,0.005070543705923868,500.0,0.0,0.0,500.0,0.0,0.0,0.0,0.0,0.0,0.0,0.0,0.0,0.4744521346366083,0.02321827768593357,0.010175858856337937,416.4750000000001,5.452558549602391,2.389689147368886,38.892689677051386,0.6844682312232304,0.2999814287170207,31.21586269903055,0.5618206496606012,0.2462287561056229,7.369992603371793,0.12509272750109598,0.05482430506792837,0.0,0.0,0.0,0.3036815037456108,0.008496368484179496,0.003723697668532391,38.88953680614795,0.68443398287051,0.29996641871463986,31.21586269903055,0.5618206496606012,0.2462287561056229,0.3036815037456108,0.008496368484179496,0.003723697668532391,0.0,0.0,0.0,500.0,0.0,0.0,0.0,0.0,0.0,0.0,0.0,0.0,0.0,0.0,0.0,0.0,0.0,0.0,1.0,0.0,0.0,0.0,0.0,0.0,0.0,0.0,0.0,0.0,0.0,0.0,0.0,0.0,0.0,1.0,0.0,0.0,27.4945,0.47990607633709226,0.21032811146296854,0.0,0.0,0.0,0.0,0.0,0.0,0.0,0.0,0.0,0.0,0.0,0.0,0.0,0.0,0.0,,,,0.0,0.0,0.0,0.0,0.0,0.0
7519e64bff0716c8133dd9b82ddd5d5f9c39c5cd8c2a0fc181c493edbd8cafe2,60,current,Optimized Pattern Generator,dynamic_session,Dynamic Session Pattern Assignment,50,6,5,5,10.0,120,bayesian_windowed,A3) Bayesian Posterior + Hungarian + Lock,False,100,20,0.9829999999999999,0.01260743306232688,0.005525451160431684,0.9829999999999999,0.01260743306232688,0.005525451160431684,100.0,0.0,0.0,100.0,0.0,0.0,0.0,0.0,0.0,0.0,0.0,0.0,0.1341427256366672,0.017830608397116518,0.007814608681401696,414.08500000000004,13.607245554444404,5.963638305068822,1.8259417125984327,0.09795751523303461,0.04293177394173516,1.3862994917915785,0.07930347829062681,0.03475628178876399,0.3649918682494899,0.02001481002287759,0.008771877250508089,0.0,0.0,0.0,0.07407310450944352,0.00634593994168123,0.002781230805783135,1.8253644645505118,0.09793875575969367,0.04292355224004312,1.3862994917915785,0.07930347829062681,0.03475628178876399,0.07407310450944352,0.00634593994168123,0.002781230805783135,0.0,0.0,0.0,100.0,0.0,0.0,0.0,0.0,0.0,0.0,0.0,0.0,0.0,0.0,0.0,0.0,0.0,0.0,1.0,0.0,0.0,0.0,0.0,0.0,0.0,0.0,0.0,0.0,0.0,0.0,0.0,0.0,0.0,1.0,0.0,0.0,6.469500000000001,0.3780068921677432,0.1656688249426993,0.0,0.0,0.0,0.0,0.0,0.0,0.0,0.0,0.0,0.0,0.0,0.0,0.0,0.0,0.0,,,,0.0,0.0,0.0,0.0,0.0,0.0
7519e64bff0716c8133dd9b82ddd5d5f9c39c5cd8c2a0fc181c493edbd8cafe2,60,current,Optimized Pattern Generator,dynamic_session,Dynamic Session Pattern Assignment,50,6,5,5,10.0,120,bayesian_windowed,A3) Bayesian Posterior + Hungarian + Lock,False,300,20,0.9650000000000001,0.013743685418725548,0.006023435712098024,0.9650000000000001,0.013743685418725548,0.006023435712098024,300.0,0.0,0.0,300.0,0.0,0.0,0.0,0.0,0.0,0.0,0.0,0.0,0.31637291448367916,0.03185932868027931,0.013962966430736187,415.99000000000007,6.477402013315619,2.8388465989960734,14.401090997851862,0.3487236069454277,0.15283485933582325,11.406352490972495,0.2818097095740276,0.12350855079609181,2.804056862255675,0.06701525012633314,0.029370728343079924,0.0,0.0,0.0,0.1891241511257249,0.007830119229380197,0.003431701058289188,14.399533504353894,0.34870854521761463,0.1528282582425625,11.406352490972495,0.2818097095740276,0.12350855079609181,0.1891241511257249,0.007830119229380197,0.003431701058289188,0.0,0.0,0.0,300.0,0.0,0.0,0.0,0.0,0.0,0.0,0.0,0.0,0.0,0.0,0.0,0.0,0.0,0.0,1.0,0.0,0.0,0.0,0.0,0.0,0.0,0.0,0.0,0.0,0.0,0.0,0.0,0.0,0.0,1.0,0.0,0.0,17.238833333333336,0.4228368064777247,0.1853164011639307,0.0,0.0,0.0,0.0,0.0,0.0,0.0,0.0,0.0,0.0,0.0,0.0,0.0,0.0,0.0,,,,0.0,0.0,0.0,0.0,0.0,0.0
7519e64bff0716c8133dd9b82ddd5d5f9c39c5cd8c2a0fc181c493edbd8cafe2,60,current,Optimized Pattern Generator,dynamic_session,Dynamic Session Pattern Assignment,50,6,5,5,10.0,120,bayesian_windowed,A3) Bayesian Posterior + Hungarian + Lock,False,500,20,0.9532999999999999,0.0084672744636102,0.003710946651816973,0.9532999999999999,0.0084672744636102,0.003710946651816973,500.0,0.0,0.0,500.0,0.0,0.0,0.0,0.0,0.0,0.0,0.0,0.0,0.48558097955025736,0.029031277779617268,0.01272351847542506,415.08000000000004,3.4742057024819126,1.5226377832391254,39.9972641395987,0.5960999283508482,0.2612523123903492,32.125709665413886,0.49495849509835127,0.21692512485185833,7.56293420537113,0.10292056797938953,0.04510692771182142,0.0,0.0,0.0,0.30542868546617685,0.008074046829541161,0.003538607042616656,39.9940725562512,0.5961404446797901,0.2612700694544289,32.125709665413886,0.49495849509835127,0.21692512485185833,0.30542868546617685,0.008074046829541161,0.003538607042616656,0.0,0.0,0.0,500.0,0.0,0.0,0.0,0.0,0.0,0.0,0.0,0.0,0.0,0.0,0.0,0.0,0.0,0.0,1.0,0.0,0.0,0.0,0.0,0.0,0.0,0.0,0.0,0.0,0.0,0.0,0.0,0.0,0.0,1.0,0.0,0.0,28.242199999999997,0.4005090970778383,0.17553085106792932,0.0,0.0,0.0,0.0,0.0,0.0,0.0,0.0,0.0,0.0,0.0,0.0,0.0,0.0,0.0,,,,0.0,0.0,0.0,0.0,0.0,0.0
7519e64bff0716c8133dd9b82ddd5d5f9c39c5cd8c2a0fc181c493edbd8cafe2,60,current,Optimized Pattern Generator,dynamic_session,Dynamic Session Pattern Assignment,50,6,5,5,10.0,120,bayesian_windowed_lock_off,A3 Ablation) Lock Off,False,100,20,0.9829999999999999,0.01260743306232688,0.005525451160431684,0.9829999999999999,0.01260743306232688,0.005525451160431684,100.0,0.0,0.0,100.0,0.0,0.0,0.0,0.0,0.0,0.0,0.0,0.0,0.13421362373430626,0.017821840838893148,0.007810766129589603,414.08500000000004,13.607245554444404,5.963638305068822,1.8275158561969875,0.10561196579674728,0.04628648481274629,1.3880965374817607,0.08309995711562458,0.036420161995419364,0.365251034485118,0.020314580169343545,0.008903257309832185,0.0,0.0,0.0,0.07358903002896114,0.006313294950004908,0.0027669235073625536,1.8269366019958397,0.10560762990694976,0.04628458452525757,1.3880965374817607,0.08309995711562458,0.036420161995419364,0.07358903002896114,0.006313294950004908,0.0027669235073625536,0.0,0.0,0.0,100.0,0.0,0.0,0.0,0.0,0.0,0.0,0.0,0.0,0.0,0.0,0.0,0.0,0.0,0.0,1.0,0.0,0.0,0.0,0.0,0.0,0.0,0.0,0.0,0.0,0.0,0.0,0.0,0.0,0.0,1.0,0.0,0.0,6.469500000000001,0.3780068921677432,0.1656688249426993,0.0,0.0,0.0,0.0,0.0,0.0,0.0,0.0,0.0,0.0,0.0,0.0,0.0,0.0,0.0,,,,0.0,0.0,0.0,0.0,0.0,0.0
7519e64bff0716c8133dd9b82ddd5d5f9c39c5cd8c2a0fc181c493edbd8cafe2,60,current,Optimized Pattern Generator,dynamic_session,Dynamic Session Pattern Assignment,50,6,5,5,10.0,120,bayesian_windowed_lock_off,A3 Ablation) Lock Off,False,300,20,0.9650000000000001,0.013743685418725548,0.006023435712098024,0.9650000000000001,0.013743685418725548,0.006023435712098024,300.0,0.0,0.0,300.0,0.0,0.0,0.0,0.0,0.0,0.0,0.0,0.0,0.3163909973673945,0.031861132400343654,0.013963756945908732,415.99000000000007,6.477402013315619,2.8388465989960734,14.412376006248815,0.35655293996134524,0.15626621582086994,11.417253720838925,0.2920253566723472,0.12798575553990604,2.8059614194658935,0.06696913185460694,0.02935051611932534,0.0,0.0,0.0,0.18758339694468304,0.007702233941968657,0.003375652859878225,14.410798537249502,0.3565360390091416,0.15625880865197964,11.417253720838925,0.2920253566723472,0.12798575553990604,0.18758339694468304,0.007702233941968657,0.003375652859878225,0.0,0.0,0.0,300.0,0.0,0.0,0.0,0.0,0.0,0.0,0.0,0.0,0.0,0.0,0.0,0.0,0.0,0.0,1.0,0.0,0.0,0.0,0.0,0.0,0.0,0.0,0.0,0.0,0.0,0.0,0.0,0.0,0.0,1.0,0.0,0.0,17.238833333333336,0.4228368064777247,0.1853164011639307,0.0,0.0,0.0,0.0,0.0,0.0,0.0,0.0,0.0,0.0,0.0,0.0,0.0,0.0,0.0,,,,0.0,0.0,0.0,0.0,0.0,0.0
7519e64bff0716c8133dd9b82ddd5d5f9c39c5cd8c2a0fc181c493edbd8cafe2,60,current,Optimized Pattern Generator,dynamic_session,Dynamic Session Pattern Assignment,50,6,5,5,10.0,120,bayesian_windowed_lock_off,A3 Ablation) Lock Off,False,500,20,0.9532999999999999,0.0084672744636102,0.003710946651816973,0.9532999999999999,0.0084672744636102,0.003710946651816973,500.0,0.0,0.0,500.0,0.0,0.0,0.0,0.0,0.0,0.0,0.0,0.0,0.4855862973947661,0.029030816593740495,0.012723316351802797,415.08000000000004,3.4742057024819126,1.5226377832391254,40.004011108298435,0.589740487461814,0.25846516453350177,32.132086977316064,0.48661393800252634,0.21326796145781332,7.563191564429144,0.10343000984758872,0.04533020045480548,0.0,0.0,0.0,0.30554708935378583,0.00911796705477085,0.003996125253609949,40.000825631099,0.5897177460776959,0.25845519768246683,32.132086977316064,0.48661393800252634,0.21326796145781332,0.30554708935378583,0.00911796705477085,0.003996125253609949,0.0,0.0,0.0,500.0,0.0,0.0,0.0,0.0,0.0,0.0,0.0,0.0,0.0,0.0,0.0,0.0,0.0,0.0,1.0,0.0,0.0,0.0,0.0,0.0,0.0,0.0,0.0,0.0,0.0,0.0,0.0,0.0,0.0,1.0,0.0,0.0,28.242199999999997,0.4005090970778383,0.17553085106792932,0.0,0.0,0.0,0.0,0.0,0.0,0.0,0.0,0.0,0.0,0.0,0.0,0.0,0.0,0.0,,,,0.0,0.0,0.0,0.0,0.0,0.0
7519e64bff0716c8133dd9b82ddd5d5f9c39c5cd8c2a0fc181c493edbd8cafe2,60,current,Optimized Pattern Generator,dynamic_session,Dynamic Session Pattern Assignment,50,6,5,5,10.0,180,bayesian_windowed,A3) Bayesian Posterior + Hungarian + Lock,False,100,20,0.9810000000000001,0.012523661815266257,0.005488736792646137,0.9810000000000001,0.012523661815266257,0.005488736792646137,100.0,0.0,0.0,100.0,0.0,0.0,0.0,0.0,0.0,0.0,0.0,0.0,0.13086881749811613,0.017206558849169388,0.007541106908136287,418.0050000000001,8.16555506219167,3.578712293843307,1.8567612375467433,0.08205055714610829,0.03596024218060413,1.411840650680824,0.0660909412799874,0.02896563213020376,0.3705580399589962,0.015096506967589487,0.006616335897256544,0.0,0.0,0.0,0.0737790427650907,0.006921806150363518,0.0030336152995406353,1.8561777334049112,0.08204322827830242,0.03595703016266818,1.411840650680824,0.0660909412799874,0.02896563213020376,0.0737790427650907,0.006921806150363518,0.0030336152995406353,0.0,0.0,0.0,100.0,0.0,0.0,0.0,0.0,0.0,0.0,0.0,0.0,0.0,0.0,0.0,0.0,0.0,0.0,1.0,0.0,0.0,0.0,0.0,0.0,0.0,0.0,0.0,0.0,0.0,0.0,0.0,0.0,0.0,1.0,0.0,0.0,6.5795,0.2870810448563078,0.12581881534467262,0.0,0.0,0.0,0.0,0.0,0.0,0.0,0.0,0.0,0.0,0.0,0.0,0.0,0.0,0.0,,,,0.0,0.0,0.0,0.0,0.0,0.0
7519e64bff0716c8133dd9b82ddd5d5f9c39c5cd8c2a0fc181c493edbd8cafe2,60,current,Optimized Pattern Generator,dynamic_session,Dynamic Session Pattern Assignment,50,6,5,5,10.0,180,bayesian_windowed,A3) Bayesian Posterior + Hungarian + Lock,False,300,20,0.9666666666666666,0.011647854507156382,0.00510489731612568,0.9666666666666666,0.011647854507156382,0.00510489731612568,300.0,0.0,0.0,300.0,0.0,0.0,0.0,0.0,0.0,0.0,0.0,0.0,0.3251148842760366,0.025290932416232512,0.011084239843021586,415.87000000000006,5.324728804559475,2.333665291474251,14.91564848965354,0.5294760778021501,0.2320531224754127,11.826320954832772,0.4302794516572637,0.18857828423248732,2.897717267068219,0.10258101104195956,0.044958110322533704,0.0,0.0,0.0,0.19002690729976165,0.007171129429677588,0.003142886044520843,14.914065129200754,0.5294336177666724,0.23203451354438429,11.826320954832772,0.4302794516572637,0.18857828423248732,0.19002690729976165,0.007171129429677588,0.003142886044520843,0.0,0.0,0.0,300.0,0.0,0.0,0.0,0.0,0.0,0.0,0.0,0.0,0.0,0.0,0.0,0.0,0.0,0.0,1.0,0.0,0.0,0.0,0.0,0.0,0.0,0.0,0.0,0.0,0.0,0.0,0.0,0.0,0.0,1.0,0.0,0.0,17.835499999999996,0.6464570785334205,0.28332230653878304,0.0,0.0,0.0,0.0,0.0,0.0,0.0,0.0,0.0,0.0,0.0,0.0,0.0,0.0,0.0,,,,0.0,0.0,0.0,0.0,0.0,0.0
7519e64bff0716c8133dd9b82ddd5d5f9c39c5cd8c2a0fc181c493edbd8cafe2,60,current,Optimized Pattern Generator,dynamic_session,Dynamic Session Pattern Assignment,50,6,5,5,10.0,180,bayesian_windowed,A3) Bayesian Posterior + Hungarian + Lock,False,500,20,0.9540999999999998,0.010391798385467766,0.004554406449282183,0.9540999999999998,0.010391798385467766,0.004554406449282183,500.0,0.0,0.0,500.0,0.0,0.0,0.0,0.0,0.0,0.0,0.0,0.0,0.49821668980455547,0.0352871601926012,0.015465279829021844,414.76000000000005,7.2989833466542935,3.1989204942325506,40.883423066599065,0.7747294971312205,0.3395401726728889,32.84578647561575,0.6373850923355412,0.27934633328422104,7.7270966027645045,0.13906242081320538,0.06094679310658572,0.0,0.0,0.0,0.3073457945196424,0.007457991841908555,0.003268609039892693,40.8802288728999,0.7746749434145198,0.3395162634523712,32.84578647561575,0.6373850923355412,0.27934633328422104,0.3073457945196424,0.007457991841908555,0.003268609039892693,0.0,0.0,0.0,500.0,0.0,0.0,0.0,0.0,0.0,0.0,0.0,0.0,0.0,0.0,0.0,0.0,0.0,0.0,1.0,0.0,0.0,0.0,0.0,0.0,0.0,0.0,0.0,0.0,0.0,0.0,0.0,0.0,0.0,1.0,0.0,0.0,28.871299999999998,0.5118175147658127,0.22431391599790648,0.0,0.0,0.0,0.0,0.0,0.0,0.0,0.0,0.0,0.0,0.0,0.0,0.0,0.0,0.0,,,,0.0,0.0,0.0,0.0,0.0,0.0
7519e64bff0716c8133dd9b82ddd5d5f9c39c5cd8c2a0fc181c493edbd8cafe2,60,current,Optimized Pattern Generator,dynamic_session,Dynamic Session Pattern Assignment,50,6,5,5,10.0,180,bayesian_windowed_lock_off,A3 Ablation) Lock Off,False,100,20,0.9810000000000001,0.012523661815266257,0.005488736792646137,0.9810000000000001,0.012523661815266257,0.005488736792646137,100.0,0.0,0.0,100.0,0.0,0.0,0.0,0.0,0.0,0.0,0.0,0.0,0.13095316902209206,0.017207349784639354,0.0075414535508897115,418.0050000000001,8.16555506219167,3.578712293843307,1.8586957041479764,0.07998043433025583,0.035052970854352335,1.4129467540231417,0.06515309371164958,0.028554602310797855,0.3709530011547031,0.015121113770873496,0.006627120304287537,0.0,0.0,0.0,0.07420249272108777,0.007856140093300814,0.0034431052047189034,1.8581022478989326,0.07996831274904977,0.03504765833715631,1.4129467540231417,0.06515309371164958,0.028554602310797855,0.07420249272108777,0.007856140093300814,0.0034431052047189034,0.0,0.0,0.0,100.0,0.0,0.0,0.0,0.0,0.0,0.0,0.0,0.0,0.0,0.0,0.0,0.0,0.0,0.0,1.0,0.0,0.0,0.0,0.0,0.0,0.0,0.0,0.0,0.0,0.0,0.0,0.0,0.0,0.0,1.0,0.0,0.0,6.5795,0.2870810448563078,0.12581881534467262,0.0,0.0,0.0,0.0,0.0,0.0,0.0,0.0,0.0,0.0,0.0,0.0,0.0,0.0,0.0,,,,0.0,0.0,0.0,0.0,0.0,0.0
7519e64bff0716c8133dd9b82ddd5d5f9c39c5cd8c2a0fc181c493edbd8cafe2,60,current,Optimized Pattern Generator,dynamic_session,Dynamic Session Pattern Assignment,50,6,5,5,10.0,180,bayesian_windowed_lock_off,A3 Ablation) Lock Off,False,300,20,0.9666666666666666,0.011647854507156382,0.00510489731612568,0.9666666666666666,0.011647854507156382,0.00510489731612568,300.0,0.0,0.0,300.0,0.0,0.0,0.0,0.0,0.0,0.0,0.0,0.0,0.3251298355012865,0.02528589456553781,0.01108203190760527,415.87000000000006,5.324728804559475,2.333665291474251,14.910951195799862,0.53247067320581,0.23336556177740034,11.824768998166837,0.4325839469450655,0.18958827382348845,2.8967244607934846,0.1001943363947229,0.04391210403925999,0.0,0.0,0.0,0.1878679328408907,0.007131014169317742,0.0031253047564972986,14.909361391801212,0.5324496331205779,0.23335634055347737,11.824768998166837,0.4325839469450655,0.18958827382348845,0.1878679328408907,0.007131014169317742,0.0031253047564972986,0.0,0.0,0.0,300.0,0.0,0.0,0.0,0.0,0.0,0.0,0.0,0.0,0.0,0.0,0.0,0.0,0.0,0.0,1.0,0.0,0.0,0.0,0.0,0.0,0.0,0.0,0.0,0.0,0.0,0.0,0.0,0.0,0.0,1.0,0.0,0.0,17.835499999999996,0.6464570785334205,0.28332230653878304,0.0,0.0,0.0,0.0,0.0,0.0,0.0,0.0,0.0,0.0,0.0,0.0,0.0,0.0,0.0,,,,0.0,0.0,0.0,0.0,0.0,0.0
7519e64bff0716c8133dd9b82ddd5d5f9c39c5cd8c2a0fc181c493edbd8cafe2,60,current,Optimized Pattern Generator,dynamic_session,Dynamic Session Pattern Assignment,50,6,5,5,10.0,180,bayesian_windowed_lock_off,A3 Ablation) Lock Off,False,500,20,0.9540999999999998,0.010391798385467766,0.004554406449282183,0.9540999999999998,0.010391798385467766,0.004554406449282183,500.0,0.0,0.0,500.0,0.0,0.0,0.0,0.0,0.0,0.0,0.0,0.0,0.4982193850147617,0.03528609185351667,0.015464811608773905,414.76000000000005,7.2989833466542935,3.1989204942325506,40.902802604154566,0.7502744582976606,0.3288222793449384,32.86661933550495,0.6166473375748385,0.2702576115324734,7.7298826434431245,0.13459625774363662,0.05898941083904337,0.0,0.0,0.0,0.3030575503478758,0.00883624995538267,0.003872657291017366,40.89955952929595,0.7502388720498545,0.3288066829841833,32.86661933550495,0.6166473375748385,0.2702576115324734,0.3030575503478758,0.00883624995538267,0.003872657291017366,0.0,0.0,0.0,500.0,0.0,0.0,0.0,0.0,0.0,0.0,0.0,0.0,0.0,0.0,0.0,0.0,0.0,0.0,1.0,0.0,0.0,0.0,0.0,0.0,0.0,0.0,0.0,0.0,0.0,0.0,0.0,0.0,0.0,1.0,0.0,0.0,28.871299999999998,0.5118175147658127,0.22431391599790648,0.0,0.0,0.0,0.0,0.0,0.0,0.0,0.0,0.0,0.0,0.0,0.0,0.0,0.0,0.0,,,,0.0,0.0,0.0,0.0,0.0,0.0
7519e64bff0716c8133dd9b82ddd5d5f9c39c5cd8c2a0fc181c493edbd8cafe2,60,current,Optimized Pattern Generator,dynamic_session,Dynamic Session Pattern Assignment,50,6,5,5,15.0,60,bayesian_windowed,A3) Bayesian Posterior + Hungarian + Lock,False,100,20,0.9804999999999999,0.010500626547722618,0.004602102494341155,0.9804999999999999,0.010500626547722618,0.004602102494341155,100.0,0.0,0.0,100.0,0.0,0.0,0.0,0.0,0.0,0.0,0.0,0.0,0.12665823211441388,0.016802193430309986,0.0073638859495296066,419.1450000000001,12.206231152463413,5.349616670772823,1.77686066874885,0.09677426244875158,0.0424131905443315,1.3445764617077658,0.07754395791443724,0.03398513798364864,0.35749952884507363,0.019439878183877747,0.008519902262319296,0.0,0.0,0.0,0.07420268860005308,0.006651624224639739,0.0029152028497074424,1.7762786791528924,0.09676557955672938,0.042409385099118124,1.3445764617077658,0.07754395791443724,0.03398513798364864,0.07420268860005308,0.006651624224639739,0.0029152028497074424,0.0,0.0,0.0,100.0,0.0,0.0,0.0,0.0,0.0,0.0,0.0,0.0,0.0,0.0,0.0,0.0,0.0,0.0,1.0,0.0,0.0,0.0,0.0,0.0,0.0,0.0,0.0,0.0,0.0,0.0,0.0,0.0,0.0,1.0,0.0,0.0,6.322,0.3693322566327962,0.16186699829440865,0.0,0.0,0.0,0.0,0.0,0.0,0.0,0.0,0.0,0.0,0.0,0.0,0.0,0.0,0.0,,,,0.0,0.0,0.0,0.0,0.0,0.0
7519e64bff0716c8133dd9b82ddd5d5f9c39c5cd8c2a0fc181c493edbd8cafe2,60,current,Optimized Pattern Generator,dynamic_session,Dynamic Session Pattern Assignment,50,6,5,5,15.0,60,bayesian_windowed,A3) Bayesian Posterior + Hungarian + Lock,False,300,20,0.9639999999999999,0.00946523339780135,0.0041483214388754845,0.9639999999999999,0.00946523339780135,0.0041483214388754845,300.0,0.0,0.0,300.0,0.0,0.0,0.0,0.0,0.0,0.0,0.0,0.0,0.3168705576864801,0.019485791183024157,0.00854002452139918,425.2750000000001,6.358738289281833,2.7868399289291204,14.291158806247404,0.33428174116531156,0.14650543258899476,11.309778915598873,0.26934343504654756,0.11804496509124639,2.79062561741448,0.06495773012787097,0.028468980445081095,0.0,0.0,0.0,0.18916923998622223,0.007233918159586938,0.0031704044187072867,14.289573772999574,0.3342557131398772,0.14649402530389324,11.309778915598873,0.26934343504654756,0.11804496509124639,0.18916923998622223,0.007233918159586938,0.0031704044187072867,0.0,0.0,0.0,300.0,0.0,0.0,0.0,0.0,0.0,0.0,0.0,0.0,0.0,0.0,0.0,0.0,0.0,0.0,1.0,0.0,0.0,0.0,0.0,0.0,0.0,0.0,0.0,0.0,0.0,0.0,0.0,0.0,0.0,1.0,0.0,0.0,17.15683333333333,0.40562921304996297,0.17777484083173453,0.0,0.0,0.0,0.0,0.0,0.0,0.0,0.0,0.0,0.0,0.0,0.0,0.0,0.0,0.0,,,,0.0,0.0,0.0,0.0,0.0,0.0
7519e64bff0716c8133dd9b82ddd5d5f9c39c5cd8c2a0fc181c493edbd8cafe2,60,current,Optimized Pattern Generator,dynamic_session,Dynamic Session Pattern Assignment,50,6,5,5,15.0,60,bayesian_windowed,A3) Bayesian Posterior + Hungarian + Lock,False,500,20,0.9476000000000002,0.011417438186250094,0.005003912911017995,0.9476000000000002,0.011417438186250094,0.005003912911017995,500.0,0.0,0.0,500.0,0.0,0.0,0.0,0.0,0.0,0.0,0.0,0.0,0.49794800566474784,0.024758074565159632,0.010850704593062274,421.39,5.795361121303458,2.539928998593211,39.230400781202476,0.7946545097165054,0.3482726944611631,31.48680911281408,0.6597119757140404,0.2891315213603878,7.435616630401637,0.13622931519947262,0.05970512982559616,0.0,0.0,0.0,0.3048172317852732,0.007533368051935785,0.003301644120476102,39.22724297500099,0.7946166576098329,0.34825610504397536,31.48680911281408,0.6597119757140404,0.2891315213603878,0.3048172317852732,0.007533368051935785,0.003301644120476102,0.0,0.0,0.0,500.0,0.0,0.0,0.0,0.0,0.0,0.0,0.0,0.0,0.0,0.0,0.0,0.0,0.0,0.0,1.0,0.0,0.0,0.0,0.0,0.0,0.0,0.0,0.0,0.0,0.0,0.0,0.0,0.0,0.0,1.0,0.0,0.0,27.7649,0.5261652632115945,0.2306020940042781,0.0,0.0,0.0,0.0,0.0,0.0,0.0,0.0,0.0,0.0,0.0,0.0,0.0,0.0,0.0,,,,0.0,0.0,0.0,0.0,0.0,0.0
7519e64bff0716c8133dd9b82ddd5d5f9c39c5cd8c2a0fc181c493edbd8cafe2,60,current,Optimized Pattern Generator,dynamic_session,Dynamic Session Pattern Assignment,50,6,5,5,15.0,60,bayesian_windowed_lock_off,A3 Ablation) Lock Off,False,100,20,0.9804999999999999,0.010500626547722618,0.004602102494341155,0.9804999999999999,0.010500626547722618,0.004602102494341155,100.0,0.0,0.0,100.0,0.0,0.0,0.0,0.0,0.0,0.0,0.0,0.0,0.12673965323802086,0.016808824961585714,0.007366792346256185,419.1450000000001,12.206231152463413,5.349616670772823,1.7744116665999172,0.10108598459206052,0.044302886091587355,1.3438980856648413,0.07864734390235341,0.034468718214231295,0.3574729419662617,0.01987750267026621,0.00871169964995517,0.0,0.0,0.0,0.07244728897348977,0.00550774886010521,0.002413877367421677,1.7738183166045929,0.10106051472056225,0.04429172342823389,1.3438980856648413,0.07864734390235341,0.034468718214231295,0.07244728897348977,0.00550774886010521,0.002413877367421677,0.0,0.0,0.0,100.0,0.0,0.0,0.0,0.0,0.0,0.0,0.0,0.0,0.0,0.0,0.0,0.0,0.0,0.0,1.0,0.0,0.0,0.0,0.0,0.0,0.0,0.0,0.0,0.0,0.0,0.0,0.0,0.0,0.0,1.0,0.0,0.0,6.322,0.3693322566327962,0.16186699829440865,0.0,0.0,0.0,0.0,0.0,0.0,0.0,0.0,0.0,0.0,0.0,0.0,0.0,0.0,0.0,,,,0.0,0.0,0.0,0.0,0.0,0.0
7519e64bff0716c8133dd9b82ddd5d5f9c39c5cd8c2a0fc181c493edbd8cafe2,60,current,Optimized Pattern Generator,dynamic_session,Dynamic Session Pattern Assignment,50,6,5,5,15.0,60,bayesian_windowed_lock_off,A3 Ablation) Lock Off,False,300,20,0.9639999999999999,0.00946523339780135,0.0041483214388754845,0.9639999999999999,0.00946523339780135,0.0041483214388754845,300.0,0.0,0.0,300.0,0.0,0.0,0.0,0.0,0.0,0.0,0.0,0.0,0.31689214287113243,0.019482828013432672,0.008538725855066638,425.2750000000001,6.358738289281833,2.7868399289291204,14.311550141805492,0.33718581579468826,0.14777819941246645,11.32776698620437,0.2725637534565143,0.1194563318625268,2.7921704172345927,0.06471787900593746,0.028363861056109003,0.0,0.0,0.0,0.19003255690913648,0.007467785936403269,0.0032729014910620677,14.309969960348099,0.3371721407802167,0.1477722060731239,11.32776698620437,0.2725637534565143,0.1194563318625268,0.19003255690913648,0.007467785936403269,0.0032729014910620677,0.0,0.0,0.0,300.0,0.0,0.0,0.0,0.0,0.0,0.0,0.0,0.0,0.0,0.0,0.0,0.0,0.0,0.0,1.0,0.0,0.0,0.0,0.0,0.0,0.0,0.0,0.0,0.0,0.0,0.0,0.0,0.0,0.0,1.0,0.0,0.0,17.15683333333333,0.40562921304996297,0.17777484083173453,0.0,0.0,0.0,0.0,0.0,0.0,0.0,0.0,0.0,0.0,0.0,0.0,0.0,0.0,0.0,,,,0.0,0.0,0.0,0.0,0.0,0.0
7519e64bff0716c8133dd9b82ddd5d5f9c39c5cd8c2a0fc181c493edbd8cafe2,60,current,Optimized Pattern Generator,dynamic_session,Dynamic Session Pattern Assignment,50,6,5,5,15.0,60,bayesian_windowed_lock_off,A3 Ablation) Lock Off,False,500,20,0.9476000000000002,0.011417438186250094,0.005003912911017995,0.9476000000000002,0.011417438186250094,0.005003912911017995,500.0,0.0,0.0,500.0,0.0,0.0,0.0,0.0,0.0,0.0,0.0,0.0,0.49795277428321344,0.024757897479132523,0.010850626981688956,421.39,5.795361121303458,2.539928998593211,39.23825867909909,0.8019506098028246,0.35147035131083887,31.496311686284024,0.6640263418195888,0.2910223756751859,7.435189046470623,0.1354972905595421,0.059384305881802615,0.0,0.0,0.0,0.30359350059734425,0.009057434855889864,0.003969595847750966,39.235094233351994,0.8018904398377784,0.35144398066095767,31.496311686284024,0.6640263418195888,0.2910223756751859,0.30359350059734425,0.009057434855889864,0.003969595847750966,0.0,0.0,0.0,500.0,0.0,0.0,0.0,0.0,0.0,0.0,0.0,0.0,0.0,0.0,0.0,0.0,0.0,0.0,1.0,0.0,0.0,0.0,0.0,0.0,0.0,0.0,0.0,0.0,0.0,0.0,0.0,0.0,0.0,1.0,0.0,0.0,27.7649,0.5261652632115945,0.2306020940042781,0.0,0.0,0.0,0.0,0.0,0.0,0.0,0.0,0.0,0.0,0.0,0.0,0.0,0.0,0.0,,,,0.0,0.0,0.0,0.0,0.0,0.0
7519e64bff0716c8133dd9b82ddd5d5f9c39c5cd8c2a0fc181c493edbd8cafe2,60,current,Optimized Pattern Generator,dynamic_session,Dynamic Session Pattern Assignment,50,6,5,5,15.0,120,bayesian_windowed,A3) Bayesian Posterior + Hungarian + Lock,False,100,20,0.978,0.01105012502906166,0.0048429308220713264,0.978,0.01105012502906166,0.0048429308220713264,100.0,0.0,0.0,100.0,0.0,0.0,0.0,0.0,0.0,0.0,0.0,0.0,0.1348675598620995,0.01827599686395483,0.00800980878349769,416.2,9.970271600587116,4.369664190397491,1.8443918708959246,0.09812379980791505,0.043004651369891456,1.3998154044078546,0.07941468147842559,0.03480501873466161,0.3690085658279713,0.01925673089252534,0.008439634422820945,0.0,0.0,0.0,0.07496534436650108,0.007154417796425271,0.0031355618483192666,1.843789314602327,0.09810972118908301,0.04299848114313885,1.3998154044078546,0.07941468147842559,0.03480501873466161,0.07496534436650108,0.007154417796425271,0.0031355618483192666,0.0,0.0,0.0,100.0,0.0,0.0,0.0,0.0,0.0,0.0,0.0,0.0,0.0,0.0,0.0,0.0,0.0,0.0,1.0,0.0,0.0,0.0,0.0,0.0,0.0,0.0,0.0,0.0,0.0,0.0,0.0,0.0,0.0,1.0,0.0,0.0,6.537999999999999,0.3593209970866836,0.15747937034485035,0.0,0.0,0.0,0.0,0.0,0.0,0.0,0.0,0.0,0.0,0.0,0.0,0.0,0.0,0.0,,,,0.0,0.0,0.0,0.0,0.0,0.0
7519e64bff0716c8133dd9b82ddd5d5f9c39c5cd8c2a0fc181c493edbd8cafe2,60,current,Optimized Pattern Generator,dynamic_session,Dynamic Session Pattern Assignment,50,6,5,5,15.0,120,bayesian_windowed,A3) Bayesian Posterior + Hungarian + Lock,False,300,20,0.9681666666666666,0.008616250117183888,0.0037762381107400854,0.9681666666666666,0.008616250117183888,0.0037762381107400854,300.0,0.0,0.0,300.0,0.0,0.0,0.0,0.0,0.0,0.0,0.0,0.0,0.32092341865343077,0.015252781281491176,0.006684826135104721,422.58500000000004,5.286753555623209,2.317021904809793,14.425542891801161,0.2953938499206783,0.12946206279736946,11.42517520529509,0.24026743702611558,0.10530184710612868,2.808988090562343,0.05605031235193492,0.024565132481488425,0.0,0.0,0.0,0.18980425193876727,0.007510004445873596,0.003291404568650604,14.4239675477962,0.2954094648291675,0.12946890633275096,11.42517520529509,0.24026743702611558,0.10530184710612868,0.18980425193876727,0.007510004445873596,0.003291404568650604,0.0,0.0,0.0,300.0,0.0,0.0,0.0,0.0,0.0,0.0,0.0,0.0,0.0,0.0,0.0,0.0,0.0,0.0,1.0,0.0,0.0,0.0,0.0,0.0,0.0,0.0,0.0,0.0,0.0,0.0,0.0,0.0,0.0,1.0,0.0,0.0,17.273166666666665,0.3487965525743039,0.15286682916724967,0.0,0.0,0.0,0.0,0.0,0.0,0.0,0.0,0.0,0.0,0.0,0.0,0.0,0.0,0.0,,,,0.0,0.0,0.0,0.0,0.0,0.0
7519e64bff0716c8133dd9b82ddd5d5f9c39c5cd8c2a0fc181c493edbd8cafe2,60,current,Optimized Pattern Generator,dynamic_session,Dynamic Session Pattern Assignment,50,6,5,5,15.0,120,bayesian_windowed,A3) Bayesian Posterior + Hungarian + Lock,False,500,20,0.9551999999999996,0.009501246455624992,0.004164104857368259,0.9551999999999996,0.009501246455624992,0.004164104857368259,500.0,0.0,0.0,500.0,0.0,0.0,0.0,0.0,0.0,0.0,0.0,0.0,0.4932827543966837,0.03657772680107878,0.0160308955835671,421.0200000000001,4.885919619305638,2.141348686667991,40.42064349984575,0.879651631172995,0.3855243253889924,32.462735452469495,0.7270622291343044,0.3186490713704992,7.646173114827252,0.15328272860741207,0.06717911778479371,0.0,0.0,0.0,0.3085214368518791,0.008623021510731105,0.0037792058048097855,40.41743000414863,0.8795727915836596,0.38548977241550225,32.462735452469495,0.7270622291343044,0.3186490713704992,0.3085214368518791,0.008623021510731105,0.0037792058048097855,0.0,0.0,0.0,500.0,0.0,0.0,0.0,0.0,0.0,0.0,0.0,0.0,0.0,0.0,0.0,0.0,0.0,0.0,1.0,0.0,0.0,0.0,0.0,0.0,0.0,0.0,0.0,0.0,0.0,0.0,0.0,0.0,0.0,1.0,0.0,0.0,28.55879999999999,0.5907759037241221,0.2589189557184176,0.0,0.0,0.0,0.0,0.0,0.0,0.0,0.0,0.0,0.0,0.0,0.0,0.0,0.0,0.0,,,,0.0,0.0,0.0,0.0,0.0,0.0
7519e64bff0716c8133dd9b82ddd5d5f9c39c5cd8c2a0fc181c493edbd8cafe2,60,current,Optimized Pattern Generator,dynamic_session,Dynamic Session Pattern Assignment,50,6,5,5,15.0,120,bayesian_windowed_lock_off,A3 Ablation) Lock Off,False,100,20,0.978,0.01105012502906166,0.0048429308220713264,0.978,0.01105012502906166,0.0048429308220713264,100.0,0.0,0.0,100.0,0.0,0.0,0.0,0.0,0.0,0.0,0.0,0.0,0.13494372179018074,0.018298544517475715,0.00801969072835483,416.2,9.970271600587116,4.369664190397491,1.844115181203233,0.09952655647024307,0.043619436583451264,1.4001856443544967,0.07984832318433316,0.03499507059179011,0.36883275678410427,0.019308418722680937,0.008462287613181069,0.0,0.0,0.0,0.07451105711079435,0.006699834894639381,0.002936332107438004,1.8435294582493953,0.09951284074730267,0.04361342540283563,1.4001856443544967,0.07984832318433316,0.03499507059179011,0.07451105711079435,0.006699834894639381,0.002936332107438004,0.0,0.0,0.0,100.0,0.0,0.0,0.0,0.0,0.0,0.0,0.0,0.0,0.0,0.0,0.0,0.0,0.0,0.0,1.0,0.0,0.0,0.0,0.0,0.0,0.0,0.0,0.0,0.0,0.0,0.0,0.0,0.0,0.0,1.0,0.0,0.0,6.537999999999999,0.3593209970866836,0.15747937034485035,0.0,0.0,0.0,0.0,0.0,0.0,0.0,0.0,0.0,0.0,0.0,0.0,0.0,0.0,0.0,,,,0.0,0.0,0.0,0.0,0.0,0.0
7519e64bff0716c8133dd9b82ddd5d5f9c39c5cd8c2a0fc181c493edbd8cafe2,60,current,Optimized Pattern Generator,dynamic_session,Dynamic Session Pattern Assignment,50,6,5,5,15.0,120,bayesian_windowed_lock_off,A3 Ablation) Lock Off,False,300,20,0.9681666666666666,0.008616250117183888,0.0037762381107400854,0.9681666666666666,0.008616250117183888,0.0037762381107400854,300.0,0.0,0.0,300.0,0.0,0.0,0.0,0.0,0.0,0.0,0.0,0.0,0.3209450234221892,0.015253293019913839,0.006685050414357078,422.58500000000004,5.286753555623209,2.317021904809793,14.4432957581972,0.29039275207306353,0.12727023502648815,11.444288808674902,0.2377492960102038,0.10419822314638091,2.8090851280503557,0.05433388678997205,0.023812875811454446,0.0,0.0,0.0,0.1883365488742129,0.007910264160789979,0.0034668261231673167,14.441710485599469,0.2903761049912285,0.12726293912119255,11.444288808674902,0.2377492960102038,0.10419822314638091,0.1883365488742129,0.007910264160789979,0.0034668261231673167,0.0,0.0,0.0,300.0,0.0,0.0,0.0,0.0,0.0,0.0,0.0,0.0,0.0,0.0,0.0,0.0,0.0,0.0,1.0,0.0,0.0,0.0,0.0,0.0,0.0,0.0,0.0,0.0,0.0,0.0,0.0,0.0,0.0,1.0,0.0,0.0,17.273166666666665,0.3487965525743039,0.15286682916724967,0.0,0.0,0.0,0.0,0.0,0.0,0.0,0.0,0.0,0.0,0.0,0.0,0.0,0.0,0.0,,,,0.0,0.0,0.0,0.0,0.0,0.0
7519e64bff0716c8133dd9b82ddd5d5f9c39c5cd8c2a0fc181c493edbd8cafe2,60,current,Optimized Pattern Generator,dynamic_session,Dynamic Session Pattern Assignment,50,6,5,5,15.0,120,bayesian_windowed_lock_off,A3 Ablation) Lock Off,False,500,20,0.9551999999999996,0.009501246455624992,0.004164104857368259,0.9551999999999996,0.009501246455624992,0.004164104857368259,500.0,0.0,0.0,500.0,0.0,0.0,0.0,0.0,0.0,0.0,0.0,0.0,0.4932865161774818,0.036576893814965324,0.0160305305113066,421.0200000000001,4.885919619305638,2.141348686667991,40.42272775204619,0.8647728214476557,0.37900339951484424,32.47159968438937,0.7084895359651554,0.3105092296980124,7.644631864110124,0.15307330226818794,0.06708733264476004,0.0,0.0,0.0,0.3033110181480879,0.009510193857282051,0.004168026229040386,40.41954256664758,0.8647028317900303,0.37897272519493846,32.47159968438937,0.7084895359651554,0.3105092296980124,0.3033110181480879,0.009510193857282051,0.004168026229040386,0.0,0.0,0.0,500.0,0.0,0.0,0.0,0.0,0.0,0.0,0.0,0.0,0.0,0.0,0.0,0.0,0.0,0.0,1.0,0.0,0.0,0.0,0.0,0.0,0.0,0.0,0.0,0.0,0.0,0.0,0.0,0.0,0.0,1.0,0.0,0.0,28.55879999999999,0.5907759037241221,0.2589189557184176,0.0,0.0,0.0,0.0,0.0,0.0,0.0,0.0,0.0,0.0,0.0,0.0,0.0,0.0,0.0,,,,0.0,0.0,0.0,0.0,0.0,0.0
7519e64bff0716c8133dd9b82ddd5d5f9c39c5cd8c2a0fc181c493edbd8cafe2,60,current,Optimized Pattern Generator,dynamic_session,Dynamic Session Pattern Assignment,50,6,5,5,15.0,180,bayesian_windowed,A3) Bayesian Posterior + Hungarian + Lock,False,100,20,0.9785,0.01785172850248165,0.007823864975694221,0.9785,0.01785172850248165,0.007823864975694221,100.0,0.0,0.0,100.0,0.0,0.0,0.0,0.0,0.0,0.0,0.0,0.0,0.1375462537208976,0.025377919378120322,0.0111223635599693,419.05000000000007,9.351976993353361,4.098684631105834,1.8556791374008754,0.08386750483870539,0.036756554616837,1.4093543842900544,0.06834998846765293,0.02995570321309973,0.3713997784478124,0.01679163970592958,0.007359260575884051,0.0,0.0,0.0,0.0743283996664104,0.0060670749916087,0.0026590128527418993,1.8550825624042773,0.08385759819842571,0.03675221284030258,1.4093543842900544,0.06834998846765293,0.02995570321309973,0.0743283996664104,0.0060670749916087,0.0026590128527418993,0.0,0.0,0.0,100.0,0.0,0.0,0.0,0.0,0.0,0.0,0.0,0.0,0.0,0.0,0.0,0.0,0.0,0.0,1.0,0.0,0.0,0.0,0.0,0.0,0.0,0.0,0.0,0.0,0.0,0.0,0.0,0.0,0.0,1.0,0.0,0.0,6.586999999999999,0.31838573096828704,0.13953869895216575,0.0,0.0,0.0,0.0,0.0,0.0,0.0,0.0,0.0,0.0,0.0,0.0,0.0,0.0,0.0,,,,0.0,0.0,0.0,0.0,0.0,0.0
7519e64bff0716c8133dd9b82ddd5d5f9c39c5cd8c2a0fc181c493edbd8cafe2,60,current,Optimized Pattern Generator,dynamic_session,Dynamic Session Pattern Assignment,50,6,5,5,15.0,180,bayesian_windowed,A3) Bayesian Posterior + Hungarian + Lock,False,300,20,0.9640000000000001,0.0115267296782749,0.005051812019301843,0.9640000000000001,0.0115267296782749,0.005051812019301843,300.0,0.0,0.0,300.0,0.0,0.0,0.0,0.0,0.0,0.0,0.0,0.0,0.32710306135692574,0.021763294087001072,0.009538184178599309,424.2800000000001,6.207516665937733,2.7205641303539263,14.947886737548107,0.4632060478483361,0.20300900127326832,11.851513709779828,0.37501379772783766,0.16435704346708102,2.905862950150913,0.0857591353722529,0.037585598251256985,0.0,0.0,0.0,0.18888737116794801,0.007715086747733473,0.0033812858503670037,14.94626403109869,0.4631665696598687,0.20299169919431215,11.851513709779828,0.37501379772783766,0.16435704346708102,0.18888737116794801,0.007715086747733473,0.0033812858503670037,0.0,0.0,0.0,300.0,0.0,0.0,0.0,0.0,0.0,0.0,0.0,0.0,0.0,0.0,0.0,0.0,0.0,0.0,1.0,0.0,0.0,0.0,0.0,0.0,0.0,0.0,0.0,0.0,0.0,0.0,0.0,0.0,0.0,1.0,0.0,0.0,17.902166666666666,0.5446531972394526,0.23870478834524328,0.0,0.0,0.0,0.0,0.0,0.0,0.0,0.0,0.0,0.0,0.0,0.0,0.0,0.0,0.0,,,,0.0,0.0,0.0,0.0,0.0,0.0
7519e64bff0716c8133dd9b82ddd5d5f9c39c5cd8c2a0fc181c493edbd8cafe2,60,current,Optimized Pattern Generator,dynamic_session,Dynamic Session Pattern Assignment,50,6,5,5,15.0,180,bayesian_windowed,A3) Bayesian Posterior + Hungarian + Lock,False,500,20,0.9556999999999999,0.009251457922090478,0.004054630205735559,0.9556999999999999,0.009251457922090478,0.004054630205735559,500.0,0.0,0.0,500.0,0.0,0.0,0.0,0.0,0.0,0.0,0.0,0.0,0.4992049347713269,0.027752436635642527,0.012163041632276241,418.74000000000007,5.900080284913167,2.5858241955953445,41.18887214375136,1.010297405430182,0.44278236050257624,33.09915920689237,0.830415335323359,0.36394556731089733,7.781314922617457,0.18308006960602885,0.08023837826903683,0.0,0.0,0.0,0.30518265369319125,0.008217837980344112,0.0036016262930172868,41.185656783203015,1.0102358755309269,0.4427553938352491,33.09915920689237,0.830415335323359,0.36394556731089733,0.30518265369319125,0.008217837980344112,0.0036016262930172868,0.0,0.0,0.0,500.0,0.0,0.0,0.0,0.0,0.0,0.0,0.0,0.0,0.0,0.0,0.0,0.0,0.0,0.0,1.0,0.0,0.0,0.0,0.0,0.0,0.0,0.0,0.0,0.0,0.0,0.0,0.0,0.0,0.0,1.0,0.0,0.0,29.0822,0.7010379973184128,0.30724344889560007,0.0,0.0,0.0,0.0,0.0,0.0,0.0,0.0,0.0,0.0,0.0,0.0,0.0,0.0,0.0,,,,0.0,0.0,0.0,0.0,0.0,0.0
7519e64bff0716c8133dd9b82ddd5d5f9c39c5cd8c2a0fc181c493edbd8cafe2,60,current,Optimized Pattern Generator,dynamic_session,Dynamic Session Pattern Assignment,50,6,5,5,15.0,180,bayesian_windowed_lock_off,A3 Ablation) Lock Off,False,100,20,0.9785,0.01785172850248165,0.007823864975694221,0.9785,0.01785172850248165,0.007823864975694221,100.0,0.0,0.0,100.0,0.0,0.0,0.0,0.0,0.0,0.0,0.0,0.0,0.13761744669616363,0.025368395280038893,0.011118189439945348,419.05000000000007,9.351976993353361,4.098684631105834,1.8566616979514947,0.08704447234692976,0.038148922017733775,1.4107096369203647,0.06935367448873545,0.030395588006656264,0.3721054419511347,0.017401864009459818,0.007626703168630402,0.0,0.0,0.0,0.07325511897797696,0.006182509974366535,0.0027096044645537943,1.8560701978494762,0.08704567563962812,0.03814944938401076,1.4107096369203647,0.06935367448873545,0.030395588006656264,0.07325511897797696,0.006182509974366535,0.0027096044645537943,0.0,0.0,0.0,100.0,0.0,0.0,0.0,0.0,0.0,0.0,0.0,0.0,0.0,0.0,0.0,0.0,0.0,0.0,1.0,0.0,0.0,0.0,0.0,0.0,0.0,0.0,0.0,0.0,0.0,0.0,0.0,0.0,0.0,1.0,0.0,0.0,6.586999999999999,0.31838573096828704,0.13953869895216575,0.0,0.0,0.0,0.0,0.0,0.0,0.0,0.0,0.0,0.0,0.0,0.0,0.0,0.0,0.0,,,,0.0,0.0,0.0,0.0,0.0,0.0
7519e64bff0716c8133dd9b82ddd5d5f9c39c5cd8c2a0fc181c493edbd8cafe2,60,current,Optimized Pattern Generator,dynamic_session,Dynamic Session Pattern Assignment,50,6,5,5,15.0,180,bayesian_windowed_lock_off,A3 Ablation) Lock Off,False,300,20,0.9640000000000001,0.0115267296782749,0.005051812019301843,0.9640000000000001,0.0115267296782749,0.005051812019301843,300.0,0.0,0.0,300.0,0.0,0.0,0.0,0.0,0.0,0.0,0.0,0.0,0.3271191562930043,0.021763860198485852,0.00953843228789682,424.2800000000001,6.207516665937733,2.7205641303539263,14.974179470798116,0.46549365059945214,0.2040115873836425,11.875941922421044,0.3781234453815539,0.16571990664087835,2.9086370905322836,0.08731558392152693,0.03826774190414989,0.0,0.0,0.0,0.18797360379394376,0.007066833340446408,0.003097176268040416,14.97255261674727,0.4654675722845576,0.20400015805821328,11.875941922421044,0.3781234453815539,0.16571990664087835,0.18797360379394376,0.007066833340446408,0.003097176268040416,0.0,0.0,0.0,300.0,0.0,0.0,0.0,0.0,0.0,0.0,0.0,0.0,0.0,0.0,0.0,0.0,0.0,0.0,1.0,0.0,0.0,0.0,0.0,0.0,0.0,0.0,0.0,0.0,0.0,0.0,0.0,0.0,0.0,1.0,0.0,0.0,17.902166666666666,0.5446531972394526,0.23870478834524328,0.0,0.0,0.0,0.0,0.0,0.0,0.0,0.0,0.0,0.0,0.0,0.0,0.0,0.0,0.0,,,,0.0,0.0,0.0,0.0,0.0,0.0
7519e64bff0716c8133dd9b82ddd5d5f9c39c5cd8c2a0fc181c493edbd8cafe2,60,current,Optimized Pattern Generator,dynamic_session,Dynamic Session Pattern Assignment,50,6,5,5,15.0,180,bayesian_windowed_lock_off,A3 Ablation) Lock Off,False,500,20,0.9556999999999999,0.009251457922090478,0.004054630205735559,0.9556999999999999,0.009251457922090478,0.004054630205735559,500.0,0.0,0.0,500.0,0.0,0.0,0.0,0.0,0.0,0.0,0.0,0.0,0.499208236470324,0.027752337787467767,0.01216299831015355,418.74000000000007,5.900080284913167,2.5858241955953445,41.19468196040107,1.0350295305798323,0.4536216922628556,33.10643522053724,0.8514008829276084,0.3731428890645766,7.7792324175316026,0.18500149164000518,0.08108047860419848,0.0,0.0,0.0,0.305758884982788,0.01070526195899586,0.004691787917622432,41.19142652305163,1.0349944108426443,0.4536063003593936,33.10643522053724,0.8514008829276084,0.3731428890645766,0.305758884982788,0.01070526195899586,0.004691787917622432,0.0,0.0,0.0,500.0,0.0,0.0,0.0,0.0,0.0,0.0,0.0,0.0,0.0,0.0,0.0,0.0,0.0,0.0,1.0,0.0,0.0,0.0,0.0,0.0,0.0,0.0,0.0,0.0,0.0,0.0,0.0,0.0,0.0,1.0,0.0,0.0,29.0822,0.7010379973184128,0.30724344889560007,0.0,0.0,0.0,0.0,0.0,0.0,0.0,0.0,0.0,0.0,0.0,0.0,0.0,0.0,0.0,,,,0.0,0.0,0.0,0.0,0.0,0.0
7519e64bff0716c8133dd9b82ddd5d5f9c39c5cd8c2a0fc181c493edbd8cafe2,60,current,Optimized Pattern Generator,dynamic_session,Dynamic Session Pattern Assignment,50,6,5,15,5.0,60,bayesian_windowed,A3) Bayesian Posterior + Hungarian + Lock,False,100,20,0.9899999999999999,0.010760551736979419,0.004716019731220726,0.9899999999999999,0.010760551736979419,0.004716019731220726,100.0,0.0,0.0,100.0,0.0,0.0,0.0,0.0,0.0,0.0,0.0,0.0,0.13371499455950925,0.02359073760559721,0.010339096613393292,409.96500000000003,11.469285069262153,5.026635809365937,1.7709213979003835,0.10754347055735082,0.04713300409768679,1.337252997379983,0.0873404470848566,0.03827863866592468,0.35333984113240147,0.021011838788414644,0.009208844373179745,0.0,0.0,0.0,0.07972081573534524,0.005936115401895263,0.0026016172819405734,1.7703136542477296,0.10753396462889879,0.04712883794085402,1.337252997379983,0.0873404470848566,0.03827863866592468,0.07972081573534524,0.005936115401895263,0.0026016172819405734,0.0,0.0,0.0,100.0,0.0,0.0,0.0,0.0,0.0,0.0,0.0,0.0,0.0,0.0,0.0,0.0,0.0,0.0,1.0,0.0,0.0,0.0,0.0,0.0,0.0,0.0,0.0,0.0,0.0,0.0,0.0,0.0,0.0,1.0,0.0,0.0,6.2375,0.3847059711136887,0.16860482574101457,0.0,0.0,0.0,0.0,0.0,0.0,0.0,0.0,0.0,0.0,0.0,0.0,0.0,0.0,0.0,,,,0.0,0.0,0.0,0.0,0.0,0.0
7519e64bff0716c8133dd9b82ddd5d5f9c39c5cd8c2a0fc181c493edbd8cafe2,60,current,Optimized Pattern Generator,dynamic_session,Dynamic Session Pattern Assignment,50,6,5,15,5.0,60,bayesian_windowed,A3) Bayesian Posterior + Hungarian + Lock,False,300,20,0.9756666666666668,0.010434983894999018,0.004573333333333333,0.9756666666666668,0.010434983894999018,0.004573333333333333,300.0,0.0,0.0,300.0,0.0,0.0,0.0,0.0,0.0,0.0,0.0,0.0,0.3252983520563462,0.027532159550983627,0.012066500943380416,410.6250000000001,6.285394515106133,2.7546956026316014,14.306767581352323,0.41022834262723107,0.1797904982406664,11.31383162386337,0.3370981836830575,0.14773979294617728,2.784865201114735,0.07621492520522923,0.03340266371715511,0.0,0.0,0.0,0.2064422292241943,0.008190591478079384,0.0035896849868995323,14.3051390542023,0.4102002187632873,0.17977817241383903,11.31383162386337,0.3370981836830575,0.14773979294617728,0.2064422292241943,0.008190591478079384,0.0035896849868995323,0.0,0.0,0.0,300.0,0.0,0.0,0.0,0.0,0.0,0.0,0.0,0.0,0.0,0.0,0.0,0.0,0.0,0.0,1.0,0.0,0.0,0.0,0.0,0.0,0.0,0.0,0.0,0.0,0.0,0.0,0.0,0.0,0.0,1.0,0.0,0.0,17.124,0.48197037107740487,0.21123282852249564,0.0,0.0,0.0,0.0,0.0,0.0,0.0,0.0,0.0,0.0,0.0,0.0,0.0,0.0,0.0,,,,0.0,0.0,0.0,0.0,0.0,0.0
7519e64bff0716c8133dd9b82ddd5d5f9c39c5cd8c2a0fc181c493edbd8cafe2,60,current,Optimized Pattern Generator,dynamic_session,Dynamic Session Pattern Assignment,50,6,5,15,5.0,60,bayesian_windowed,A3) Bayesian Posterior + Hungarian + Lock,False,500,20,0.9615000000000002,0.008049190871398854,0.003527713438654446,0.9615000000000002,0.008049190871398854,0.003527713438654446,500.0,0.0,0.0,500.0,0.0,0.0,0.0,0.0,0.0,0.0,0.0,0.0,0.5048217486214472,0.028882528384964475,0.012658326178846165,413.265,5.995812134973438,2.6277805287672753,39.05558872904949,0.7368752520495062,0.32294981828591746,31.33325505072862,0.6079230185503465,0.26643401013482626,7.384762266442704,0.12930284634329134,0.056669471005130666,0.0,0.0,0.0,0.334263116279908,0.009367412574163191,0.004105449572666576,39.05228043345123,0.7368502108076328,0.32293884347777974,31.33325505072862,0.6079230185503465,0.26643401013482626,0.334263116279908,0.009367412574163191,0.004105449572666576,0.0,0.0,0.0,500.0,0.0,0.0,0.0,0.0,0.0,0.0,0.0,0.0,0.0,0.0,0.0,0.0,0.0,0.0,1.0,0.0,0.0,0.0,0.0,0.0,0.0,0.0,0.0,0.0,0.0,0.0,0.0,0.0,0.0,1.0,0.0,0.0,27.576899999999995,0.493368006131006,0.21622806232796263,0.0,0.0,0.0,0.0,0.0,0.0,0.0,0.0,0.0,0.0,0.0,0.0,0.0,0.0,0.0,,,,0.0,0.0,0.0,0.0,0.0,0.0
7519e64bff0716c8133dd9b82ddd5d5f9c39c5cd8c2a0fc181c493edbd8cafe2,60,current,Optimized Pattern Generator,dynamic_session,Dynamic Session Pattern Assignment,50,6,5,15,5.0,60,bayesian_windowed_lock_off,A3 Ablation) Lock Off,False,100,20,0.9899999999999999,0.010760551736979419,0.004716019731220726,0.9899999999999999,0.010760551736979419,0.004716019731220726,100.0,0.0,0.0,100.0,0.0,0.0,0.0,0.0,0.0,0.0,0.0,0.0,0.13377936446995892,0.023588634867933268,0.010338175047979629,409.96500000000003,11.469285069262153,5.026635809365937,1.767144147901854,0.10558592040011609,0.04627506991438211,1.3344468536612113,0.08411451400687829,0.03686481115789266,0.35302166848705385,0.02052764599540167,0.008996637525298817,0.0,0.0,0.0,0.07907509225187823,0.005872172657050224,0.0025735931384088524,1.7665436144001432,0.10557357886213023,0.04626966099687698,1.3344468536612113,0.08411451400687829,0.03686481115789266,0.07907509225187823,0.005872172657050224,0.0025735931384088524,0.0,0.0,0.0,100.0,0.0,0.0,0.0,0.0,0.0,0.0,0.0,0.0,0.0,0.0,0.0,0.0,0.0,0.0,1.0,0.0,0.0,0.0,0.0,0.0,0.0,0.0,0.0,0.0,0.0,0.0,0.0,0.0,0.0,1.0,0.0,0.0,6.2375,0.3847059711136887,0.16860482574101457,0.0,0.0,0.0,0.0,0.0,0.0,0.0,0.0,0.0,0.0,0.0,0.0,0.0,0.0,0.0,,,,0.0,0.0,0.0,0.0,0.0,0.0
7519e64bff0716c8133dd9b82ddd5d5f9c39c5cd8c2a0fc181c493edbd8cafe2,60,current,Optimized Pattern Generator,dynamic_session,Dynamic Session Pattern Assignment,50,6,5,15,5.0,60,bayesian_windowed_lock_off,A3 Ablation) Lock Off,False,300,20,0.9756666666666668,0.010434983894999018,0.004573333333333333,0.9756666666666668,0.010434983894999018,0.004573333333333333,300.0,0.0,0.0,300.0,0.0,0.0,0.0,0.0,0.0,0.0,0.0,0.0,0.3253188577050547,0.027529819199029366,0.01206547523891246,410.6250000000001,6.285394515106133,2.7546956026316014,14.330761583249842,0.4073424632365558,0.17852570583215296,11.338337377816789,0.33076669665504516,0.14496489640909171,2.7853091551238323,0.07483372954167349,0.032797328027943155,0.0,0.0,0.0,0.20549039006000386,0.008095493390643999,0.0035480064124445267,14.329136923000624,0.40734408731387484,0.17852641761542104,11.338337377816789,0.33076669665504516,0.14496489640909171,0.20549039006000386,0.008095493390643999,0.0035480064124445267,0.0,0.0,0.0,300.0,0.0,0.0,0.0,0.0,0.0,0.0,0.0,0.0,0.0,0.0,0.0,0.0,0.0,0.0,1.0,0.0,0.0,0.0,0.0,0.0,0.0,0.0,0.0,0.0,0.0,0.0,0.0,0.0,0.0,1.0,0.0,0.0,17.124,0.48197037107740487,0.21123282852249564,0.0,0.0,0.0,0.0,0.0,0.0,0.0,0.0,0.0,0.0,0.0,0.0,0.0,0.0,0.0,,,,0.0,0.0,0.0,0.0,0.0,0.0
7519e64bff0716c8133dd9b82ddd5d5f9c39c5cd8c2a0fc181c493edbd8cafe2,60,current,Optimized Pattern Generator,dynamic_session,Dynamic Session Pattern Assignment,50,6,5,15,5.0,60,bayesian_windowed_lock_off,A3 Ablation) Lock Off,False,500,20,0.9615000000000002,0.008049190871398854,0.003527713438654446,0.9615000000000002,0.008049190871398854,0.003527713438654446,500.0,0.0,0.0,500.0,0.0,0.0,0.0,0.0,0.0,0.0,0.0,0.0,0.5048256841946998,0.02888255062068122,0.012658335924078702,413.265,5.995812134973438,2.6277805287672753,39.05752877490304,0.7407581310208243,0.32465156502625875,31.337763820093823,0.6085880136669065,0.2667254570947517,7.385063297084708,0.133727865501605,0.058608821158517406,0.0,0.0,0.0,0.33138896612072133,0.00709922181806143,0.00311137114421686,39.05421608329925,0.7407215942710038,0.3246355520896287,31.337763820093823,0.6085880136669065,0.2667254570947517,0.33138896612072133,0.00709922181806143,0.00311137114421686,0.0,0.0,0.0,500.0,0.0,0.0,0.0,0.0,0.0,0.0,0.0,0.0,0.0,0.0,0.0,0.0,0.0,0.0,1.0,0.0,0.0,0.0,0.0,0.0,0.0,0.0,0.0,0.0,0.0,0.0,0.0,0.0,0.0,1.0,0.0,0.0,27.576899999999995,0.493368006131006,0.21622806232796263,0.0,0.0,0.0,0.0,0.0,0.0,0.0,0.0,0.0,0.0,0.0,0.0,0.0,0.0,0.0,,,,0.0,0.0,0.0,0.0,0.0,0.0
7519e64bff0716c8133dd9b82ddd5d5f9c39c5cd8c2a0fc181c493edbd8cafe2,60,current,Optimized Pattern Generator,dynamic_session,Dynamic Session Pattern Assignment,50,6,5,15,5.0,120,bayesian_windowed,A3) Bayesian Posterior + Hungarian + Lock,False,100,20,0.9844999999999997,0.014317821063276366,0.006275061752684197,0.9844999999999997,0.014317821063276366,0.006275061752684197,100.0,0.0,0.0,100.0,0.0,0.0,0.0,0.0,0.0,0.0,0.0,0.0,0.13330247120962666,0.015949347795936594,0.006990109870226129,413.475,8.827223143268363,3.868701116177855,1.8009244205954018,0.06509427867933477,0.028528825486368325,1.361732613251661,0.052299275471143374,0.022921168084982926,0.3586293130312697,0.01253619785304936,0.005494230953445835,0.0,0.0,0.0,0.07995494236820377,0.006083268122546682,0.002666109805284893,1.8003168686511344,0.06509812249634371,0.028530510113448836,1.361732613251661,0.052299275471143374,0.022921168084982926,0.07995494236820377,0.006083268122546682,0.002666109805284893,0.0,0.0,0.0,100.0,0.0,0.0,0.0,0.0,0.0,0.0,0.0,0.0,0.0,0.0,0.0,0.0,0.0,0.0,1.0,0.0,0.0,0.0,0.0,0.0,0.0,0.0,0.0,0.0,0.0,0.0,0.0,0.0,0.0,1.0,0.0,0.0,6.3485,0.2396768658006025,0.10504301785459137,0.0,0.0,0.0,0.0,0.0,0.0,0.0,0.0,0.0,0.0,0.0,0.0,0.0,0.0,0.0,,,,0.0,0.0,0.0,0.0,0.0,0.0
7519e64bff0716c8133dd9b82ddd5d5f9c39c5cd8c2a0fc181c493edbd8cafe2,60,current,Optimized Pattern Generator,dynamic_session,Dynamic Session Pattern Assignment,50,6,5,15,5.0,120,bayesian_windowed,A3) Bayesian Posterior + Hungarian + Lock,False,300,20,0.9780000000000001,0.007206235116994414,0.003158271790355349,0.9780000000000001,0.007206235116994414,0.003158271790355349,300.0,0.0,0.0,300.0,0.0,0.0,0.0,0.0,0.0,0.0,0.0,0.0,0.3352675667256365,0.027556890350591952,0.012077339694196595,412.5550000000001,5.000576282579308,2.1915991849260235,14.504460802050016,0.411834177299017,0.18049428631606734,11.484970528075063,0.33436648989640283,0.14654257535804524,2.8114686917659126,0.07410476061547716,0.03247784330974099,0.0,0.0,0.0,0.20639964895526647,0.0073003454127744715,0.003199517446029726,14.502838868796243,0.41180649478772885,0.1804821539205698,11.484970528075063,0.33436648989640283,0.14654257535804524,0.20639964895526647,0.0073003454127744715,0.003199517446029726,0.0,0.0,0.0,300.0,0.0,0.0,0.0,0.0,0.0,0.0,0.0,0.0,0.0,0.0,0.0,0.0,0.0,0.0,1.0,0.0,0.0,0.0,0.0,0.0,0.0,0.0,0.0,0.0,0.0,0.0,0.0,0.0,0.0,1.0,0.0,0.0,17.304000000000002,0.47657476724217146,0.20886810087926852,0.0,0.0,0.0,0.0,0.0,0.0,0.0,0.0,0.0,0.0,0.0,0.0,0.0,0.0,0.0,,,,0.0,0.0,0.0,0.0,0.0,0.0
7519e64bff0716c8133dd9b82ddd5d5f9c39c5cd8c2a0fc181c493edbd8cafe2,60,current,Optimized Pattern Generator,dynamic_session,Dynamic Session Pattern Assignment,50,6,5,15,5.0,120,bayesian_windowed,A3) Bayesian Posterior + Hungarian + Lock,False,500,20,0.9620999999999998,0.006942621983083919,0.003042738240466967,0.9620999999999998,0.006942621983083919,0.003042738240466967,500.0,0.0,0.0,500.0,0.0,0.0,0.0,0.0,0.0,0.0,0.0,0.0,0.5027186691139618,0.026071222492201118,0.011426217046820304,410.15500000000003,5.3542383605002675,2.346598424595862,40.05061299369991,0.8838909202282225,0.38738227573572925,32.15929053891305,0.7266265312053795,0.3184581183338997,7.5527266790450085,0.16038374179285633,0.07029127403038174,0.0,0.0,0.0,0.33518064459203745,0.010642209249311252,0.004664153849198446,40.04719786255009,0.883824750170547,0.3873532754293099,32.15929053891305,0.7266265312053795,0.3184581183338997,0.33518064459203745,0.010642209249311252,0.004664153849198446,0.0,0.0,0.0,500.0,0.0,0.0,0.0,0.0,0.0,0.0,0.0,0.0,0.0,0.0,0.0,0.0,0.0,0.0,1.0,0.0,0.0,0.0,0.0,0.0,0.0,0.0,0.0,0.0,0.0,0.0,0.0,0.0,0.0,1.0,0.0,0.0,28.216,0.6070359392811495,0.26604523050354467,0.0,0.0,0.0,0.0,0.0,0.0,0.0,0.0,0.0,0.0,0.0,0.0,0.0,0.0,0.0,,,,0.0,0.0,0.0,0.0,0.0,0.0
7519e64bff0716c8133dd9b82ddd5d5f9c39c5cd8c2a0fc181c493edbd8cafe2,60,current,Optimized Pattern Generator,dynamic_session,Dynamic Session Pattern Assignment,50,6,5,15,5.0,120,bayesian_windowed_lock_off,A3 Ablation) Lock Off,False,100,20,0.9844999999999997,0.014317821063276366,0.006275061752684197,0.9844999999999997,0.014317821063276366,0.006275061752684197,100.0,0.0,0.0,100.0,0.0,0.0,0.0,0.0,0.0,0.0,0.0,0.0,0.13336390232571804,0.015966170257727483,0.006997482639176342,413.475,8.827223143268363,3.868701116177855,1.7977413332962897,0.06516171680747264,0.02855838154917148,1.3594905253019534,0.05211564030985594,0.02284068642705815,0.3581241954467259,0.012979079785551994,0.00568833251843398,0.0,0.0,0.0,0.07953208334947703,0.006189837432219254,0.00271281586455054,1.7971468040981562,0.06515360746572328,0.02855482747344823,1.3594905253019534,0.05211564030985594,0.02284068642705815,0.07953208334947703,0.006189837432219254,0.00271281586455054,0.0,0.0,0.0,100.0,0.0,0.0,0.0,0.0,0.0,0.0,0.0,0.0,0.0,0.0,0.0,0.0,0.0,0.0,1.0,0.0,0.0,0.0,0.0,0.0,0.0,0.0,0.0,0.0,0.0,0.0,0.0,0.0,0.0,1.0,0.0,0.0,6.3485,0.2396768658006025,0.10504301785459137,0.0,0.0,0.0,0.0,0.0,0.0,0.0,0.0,0.0,0.0,0.0,0.0,0.0,0.0,0.0,,,,0.0,0.0,0.0,0.0,0.0,0.0
7519e64bff0716c8133dd9b82ddd5d5f9c39c5cd8c2a0fc181c493edbd8cafe2,60,current,Optimized Pattern Generator,dynamic_session,Dynamic Session Pattern Assignment,50,6,5,15,5.0,120,bayesian_windowed_lock_off,A3 Ablation) Lock Off,False,300,20,0.9780000000000001,0.007206235116994414,0.003158271790355349,0.9780000000000001,0.007206235116994414,0.003158271790355349,300.0,0.0,0.0,300.0,0.0,0.0,0.0,0.0,0.0,0.0,0.0,0.0,0.3352828594167333,0.027559064517703864,0.012078292564946105,412.5550000000001,5.000576282579308,2.1915991849260235,14.524007327148865,0.4030472059461677,0.17664322632484972,11.503822291419784,0.32735097531535357,0.1434678905279733,2.813904048677068,0.07475313862808147,0.03276200750275569,0.0,0.0,0.0,0.20464284125337145,0.0073219073370314035,0.0032089673759891097,14.522369181350223,0.4030283007731031,0.17663494076743835,11.503822291419784,0.32735097531535357,0.1434678905279733,0.20464284125337145,0.0073219073370314035,0.0032089673759891097,0.0,0.0,0.0,300.0,0.0,0.0,0.0,0.0,0.0,0.0,0.0,0.0,0.0,0.0,0.0,0.0,0.0,0.0,1.0,0.0,0.0,0.0,0.0,0.0,0.0,0.0,0.0,0.0,0.0,0.0,0.0,0.0,0.0,1.0,0.0,0.0,17.304000000000002,0.47657476724217146,0.20886810087926852,0.0,0.0,0.0,0.0,0.0,0.0,0.0,0.0,0.0,0.0,0.0,0.0,0.0,0.0,0.0,,,,0.0,0.0,0.0,0.0,0.0,0.0
7519e64bff0716c8133dd9b82ddd5d5f9c39c5cd8c2a0fc181c493edbd8cafe2,60,current,Optimized Pattern Generator,dynamic_session,Dynamic Session Pattern Assignment,50,6,5,15,5.0,120,bayesian_windowed_lock_off,A3 Ablation) Lock Off,False,500,20,0.9620999999999998,0.006942621983083919,0.003042738240466967,0.9620999999999998,0.006942621983083919,0.003042738240466967,500.0,0.0,0.0,500.0,0.0,0.0,0.0,0.0,0.0,0.0,0.0,0.0,0.5027231677305598,0.026072237091856805,0.011426661714725115,410.15500000000003,5.3542383605002675,2.346598424595862,40.06438558755035,0.8709181182715148,0.3816966945970965,32.18242832289688,0.7136896462516507,0.3127882785158679,7.547073802801606,0.158526600525236,0.06947734598321079,0.0,0.0,0.0,0.33151905775157503,0.006893214080706073,0.0030210842725118298,40.061021183450066,0.8708972090583013,0.3816875307303646,32.18242832289688,0.7136896462516507,0.3127882785158679,0.33151905775157503,0.006893214080706073,0.0030210842725118298,0.0,0.0,0.0,500.0,0.0,0.0,0.0,0.0,0.0,0.0,0.0,0.0,0.0,0.0,0.0,0.0,0.0,0.0,1.0,0.0,0.0,0.0,0.0,0.0,0.0,0.0,0.0,0.0,0.0,0.0,0.0,0.0,0.0,1.0,0.0,0.0,28.216,0.6070359392811495,0.26604523050354467,0.0,0.0,0.0,0.0,0.0,0.0,0.0,0.0,0.0,0.0,0.0,0.0,0.0,0.0,0.0,,,,0.0,0.0,0.0,0.0,0.0,0.0
7519e64bff0716c8133dd9b82ddd5d5f9c39c5cd8c2a0fc181c493edbd8cafe2,60,current,Optimized Pattern Generator,dynamic_session,Dynamic Session Pattern Assignment,50,6,5,15,5.0,180,bayesian_windowed,A3) Bayesian Posterior + Hungarian + Lock,False,100,20,0.9919999999999998,0.008944271909999166,0.003920000000000003,0.9919999999999998,0.008944271909999166,0.003920000000000003,100.0,0.0,0.0,100.0,0.0,0.0,0.0,0.0,0.0,0.0,0.0,0.0,0.13254589884493406,0.02016483353241902,0.008837627952557402,408.74000000000007,9.491126049326835,4.15966939374551,1.8620034166495316,0.08451846919914413,0.03704185232676766,1.4114990933405351,0.0670479457784232,0.029385057844405763,0.37037941127200613,0.016526443359826476,0.0072430331526589144,0.0,0.0,0.0,0.07951364748732885,0.006393103556418209,0.0028019011713119684,1.8613921520998702,0.08451635703883478,0.03704092663169757,1.4114990933405351,0.0670479457784232,0.029385057844405763,0.07951364748732885,0.006393103556418209,0.0028019011713119684,0.0,0.0,0.0,100.0,0.0,0.0,0.0,0.0,0.0,0.0,0.0,0.0,0.0,0.0,0.0,0.0,0.0,0.0,1.0,0.0,0.0,0.0,0.0,0.0,0.0,0.0,0.0,0.0,0.0,0.0,0.0,0.0,0.0,1.0,0.0,0.0,6.5584999999999996,0.3150317444322079,0.1380687495416685,0.0,0.0,0.0,0.0,0.0,0.0,0.0,0.0,0.0,0.0,0.0,0.0,0.0,0.0,0.0,,,,0.0,0.0,0.0,0.0,0.0,0.0
7519e64bff0716c8133dd9b82ddd5d5f9c39c5cd8c2a0fc181c493edbd8cafe2,60,current,Optimized Pattern Generator,dynamic_session,Dynamic Session Pattern Assignment,50,6,5,15,5.0,180,bayesian_windowed,A3) Bayesian Posterior + Hungarian + Lock,False,300,20,0.9698333333333334,0.0090142836621398,0.003950684003254027,0.9698333333333334,0.0090142836621398,0.003950684003254027,300.0,0.0,0.0,300.0,0.0,0.0,0.0,0.0,0.0,0.0,0.0,0.0,0.33623800018689176,0.025722720114229946,0.011273479145357385,411.93,5.085800666665234,2.2289504180927335,14.970669179098332,0.4666620981518414,0.20452368210207847,11.863224920823995,0.3769819907919241,0.16521964210997264,2.898556108538469,0.08830196392390448,0.038700042000594556,0.0,0.0,0.0,0.2072247206378961,0.007620461113616575,0.00333981433770832,14.96900575000036,0.4666175904464626,0.20450417574014756,11.863224920823995,0.3769819907919241,0.16521964210997264,0.2072247206378961,0.007620461113616575,0.00333981433770832,0.0,0.0,0.0,300.0,0.0,0.0,0.0,0.0,0.0,0.0,0.0,0.0,0.0,0.0,0.0,0.0,0.0,0.0,1.0,0.0,0.0,0.0,0.0,0.0,0.0,0.0,0.0,0.0,0.0,0.0,0.0,0.0,0.0,1.0,0.0,0.0,17.853166666666667,0.5539390839902254,0.24277450765043745,0.0,0.0,0.0,0.0,0.0,0.0,0.0,0.0,0.0,0.0,0.0,0.0,0.0,0.0,0.0,,,,0.0,0.0,0.0,0.0,0.0,0.0
7519e64bff0716c8133dd9b82ddd5d5f9c39c5cd8c2a0fc181c493edbd8cafe2,60,current,Optimized Pattern Generator,dynamic_session,Dynamic Session Pattern Assignment,50,6,5,15,5.0,180,bayesian_windowed,A3) Bayesian Posterior + Hungarian + Lock,False,500,20,0.9635000000000001,0.010738518960903505,0.004706363441353126,0.9635000000000001,0.010738518960903505,0.004706363441353126,500.0,0.0,0.0,500.0,0.0,0.0,0.0,0.0,0.0,0.0,0.0,0.0,0.5154200169138797,0.0280533751616128,0.012294933756495392,412.4150000000001,5.840536655227199,2.5597280492887844,41.163586368852705,0.8354351658993838,0.3661456050619879,33.07406422389904,0.6831948202982796,0.2994233317722904,7.7508696148433955,0.15330550380304042,0.06718909945437637,0.0,0.0,0.0,0.33519061950501056,0.008395023069424754,0.003679281082158886,41.160124458247445,0.8353328364608689,0.36610075720818663,33.07406422389904,0.6831948202982796,0.2994233317722904,0.33519061950501056,0.008395023069424754,0.003679281082158886,0.0,0.0,0.0,500.0,0.0,0.0,0.0,0.0,0.0,0.0,0.0,0.0,0.0,0.0,0.0,0.0,0.0,0.0,1.0,0.0,0.0,0.0,0.0,0.0,0.0,0.0,0.0,0.0,0.0,0.0,0.0,0.0,0.0,1.0,0.0,0.0,28.981800000000003,0.5721537886746333,0.2507574539518637,0.0,0.0,0.0,0.0,0.0,0.0,0.0,0.0,0.0,0.0,0.0,0.0,0.0,0.0,0.0,,,,0.0,0.0,0.0,0.0,0.0,0.0
7519e64bff0716c8133dd9b82ddd5d5f9c39c5cd8c2a0fc181c493edbd8cafe2,60,current,Optimized Pattern Generator,dynamic_session,Dynamic Session Pattern Assignment,50,6,5,15,5.0,180,bayesian_windowed_lock_off,A3 Ablation) Lock Off,False,100,20,0.9919999999999998,0.008944271909999166,0.003920000000000003,0.9919999999999998,0.008944271909999166,0.003920000000000003,100.0,0.0,0.0,100.0,0.0,0.0,0.0,0.0,0.0,0.0,0.0,0.0,0.13262148595209278,0.020151801746662548,0.008831916520628745,408.74000000000007,9.491126049326835,4.15966939374551,1.8572697353520198,0.08302408183791055,0.03638690818877844,1.4080533569940599,0.0645977119516937,0.028311195522527793,0.3696980080785579,0.016155198414895322,0.0070803278817577475,0.0,0.0,0.0,0.07891467447916511,0.006791369986997187,0.0029764491304504043,1.8566660395517829,0.08303428975755855,0.036391382006817824,1.4080533569940599,0.0645977119516937,0.028311195522527793,0.07891467447916511,0.006791369986997187,0.0029764491304504043,0.0,0.0,0.0,100.0,0.0,0.0,0.0,0.0,0.0,0.0,0.0,0.0,0.0,0.0,0.0,0.0,0.0,0.0,1.0,0.0,0.0,0.0,0.0,0.0,0.0,0.0,0.0,0.0,0.0,0.0,0.0,0.0,0.0,1.0,0.0,0.0,6.5584999999999996,0.3150317444322079,0.1380687495416685,0.0,0.0,0.0,0.0,0.0,0.0,0.0,0.0,0.0,0.0,0.0,0.0,0.0,0.0,0.0,,,,0.0,0.0,0.0,0.0,0.0,0.0
7519e64bff0716c8133dd9b82ddd5d5f9c39c5cd8c2a0fc181c493edbd8cafe2,60,current,Optimized Pattern Generator,dynamic_session,Dynamic Session Pattern Assignment,50,6,5,15,5.0,180,bayesian_windowed_lock_off,A3 Ablation) Lock Off,False,300,20,0.9698333333333334,0.0090142836621398,0.003950684003254027,0.9698333333333334,0.0090142836621398,0.003950684003254027,300.0,0.0,0.0,300.0,0.0,0.0,0.0,0.0,0.0,0.0,0.0,0.0,0.33625860647556427,0.025717624300270553,0.011271245806420261,411.93,5.085800666665234,2.2289504180927335,14.974185770949408,0.4597129675967106,0.20147809135414296,11.868493507905805,0.3733338455146715,0.16362077194695324,2.8981637375603895,0.0870407573474933,0.03814729384744362,0.0,0.0,0.0,0.2058680315836682,0.008952835738597651,0.003923753263367201,14.972525277049863,0.4596932069044428,0.20146943084890911,11.868493507905805,0.3733338455146715,0.16362077194695324,0.2058680315836682,0.008952835738597651,0.003923753263367201,0.0,0.0,0.0,300.0,0.0,0.0,0.0,0.0,0.0,0.0,0.0,0.0,0.0,0.0,0.0,0.0,0.0,0.0,1.0,0.0,0.0,0.0,0.0,0.0,0.0,0.0,0.0,0.0,0.0,0.0,0.0,0.0,0.0,1.0,0.0,0.0,17.853166666666667,0.5539390839902254,0.24277450765043745,0.0,0.0,0.0,0.0,0.0,0.0,0.0,0.0,0.0,0.0,0.0,0.0,0.0,0.0,0.0,,,,0.0,0.0,0.0,0.0,0.0,0.0
7519e64bff0716c8133dd9b82ddd5d5f9c39c5cd8c2a0fc181c493edbd8cafe2,60,current,Optimized Pattern Generator,dynamic_session,Dynamic Session Pattern Assignment,50,6,5,15,5.0,180,bayesian_windowed_lock_off,A3 Ablation) Lock Off,False,500,20,0.9635000000000001,0.010738518960903505,0.004706363441353126,0.9635000000000001,0.010738518960903505,0.004706363441353126,500.0,0.0,0.0,500.0,0.0,0.0,0.0,0.0,0.0,0.0,0.0,0.0,0.5154236161653402,0.028054008627626865,0.012295211385216893,412.4150000000001,5.840536655227199,2.5597280492887844,41.19746954580332,0.8263014648315504,0.36214258407311567,33.106325834125165,0.6798814476586538,0.29797118218672014,7.752627441527148,0.14890416938407489,0.06526012959568316,0.0,0.0,0.0,0.3350619847464259,0.009964427009672837,0.004367102685490829,41.194015260398736,0.8262428219955148,0.36211688271703296,33.106325834125165,0.6798814476586538,0.29797118218672014,0.3350619847464259,0.009964427009672837,0.004367102685490829,0.0,0.0,0.0,500.0,0.0,0.0,0.0,0.0,0.0,0.0,0.0,0.0,0.0,0.0,0.0,0.0,0.0,0.0,1.0,0.0,0.0,0.0,0.0,0.0,0.0,0.0,0.0,0.0,0.0,0.0,0.0,0.0,0.0,1.0,0.0,0.0,28.981800000000003,0.5721537886746333,0.2507574539518637,0.0,0.0,0.0,0.0,0.0,0.0,0.0,0.0,0.0,0.0,0.0,0.0,0.0,0.0,0.0,,,,0.0,0.0,0.0,0.0,0.0,0.0
7519e64bff0716c8133dd9b82ddd5d5f9c39c5cd8c2a0fc181c493edbd8cafe2,60,current,Optimized Pattern Generator,dynamic_session,Dynamic Session Pattern Assignment,50,6,5,15,10.0,60,bayesian_windowed,A3) Bayesian Posterior + Hungarian + Lock,False,100,20,0.9884999999999999,0.009880869341680852,0.004330481922859228,0.9884999999999999,0.009880869341680852,0.004330481922859228,100.0,0.0,0.0,100.0,0.0,0.0,0.0,0.0,0.0,0.0,0.0,0.0,0.12801977755574873,0.018435886324063434,0.008079883429028652,414.825,8.563869944193007,3.7532814877538465,1.7994795312479255,0.09831130604761625,0.04308682960273419,1.358083864294167,0.07759522917966769,0.03400760860638078,0.3603025525328121,0.01896574243106649,0.008312103106644889,0.0,0.0,0.0,0.08048521451855777,0.006375728313486569,0.002794286135345107,1.798871631345537,0.09830544999850988,0.04308426307605343,1.358083864294167,0.07759522917966769,0.03400760860638078,0.08048521451855777,0.006375728313486569,0.002794286135345107,0.0,0.0,0.0,100.0,0.0,0.0,0.0,0.0,0.0,0.0,0.0,0.0,0.0,0.0,0.0,0.0,0.0,0.0,1.0,0.0,0.0,0.0,0.0,0.0,0.0,0.0,0.0,0.0,0.0,0.0,0.0,0.0,0.0,1.0,0.0,0.0,6.367500000000001,0.3571064267133819,0.15650879208530105,0.0,0.0,0.0,0.0,0.0,0.0,0.0,0.0,0.0,0.0,0.0,0.0,0.0,0.0,0.0,,,,0.0,0.0,0.0,0.0,0.0,0.0
7519e64bff0716c8133dd9b82ddd5d5f9c39c5cd8c2a0fc181c493edbd8cafe2,60,current,Optimized Pattern Generator,dynamic_session,Dynamic Session Pattern Assignment,50,6,5,15,10.0,60,bayesian_windowed,A3) Bayesian Posterior + Hungarian + Lock,False,300,20,0.9768333333333334,0.009270149541114185,0.004062822168961881,0.9768333333333334,0.009270149541114185,0.004062822168961881,300.0,0.0,0.0,300.0,0.0,0.0,0.0,0.0,0.0,0.0,0.0,0.0,0.32562624642240834,0.025728189913008518,0.011275876390368242,416.35,7.25835272017875,3.181113337050078,14.175761210345081,0.4626435328383987,0.20276246820035387,11.207013686503341,0.37697043012444087,0.16521457542405452,2.7616419118305204,0.08600166564058678,0.03769189182790977,0.0,0.0,0.0,0.20547436841443414,0.007142732263506296,0.0031304404377110796,14.174129966748296,0.4626128742259023,0.20274903147099285,11.207013686503341,0.37697043012444087,0.16521457542405452,0.20547436841443414,0.007142732263506296,0.0031304404377110796,0.0,0.0,0.0,300.0,0.0,0.0,0.0,0.0,0.0,0.0,0.0,0.0,0.0,0.0,0.0,0.0,0.0,0.0,1.0,0.0,0.0,0.0,0.0,0.0,0.0,0.0,0.0,0.0,0.0,0.0,0.0,0.0,0.0,1.0,0.0,0.0,16.976833333333335,0.552778706396704,0.24226594974741586,0.0,0.0,0.0,0.0,0.0,0.0,0.0,0.0,0.0,0.0,0.0,0.0,0.0,0.0,0.0,,,,0.0,0.0,0.0,0.0,0.0,0.0
7519e64bff0716c8133dd9b82ddd5d5f9c39c5cd8c2a0fc181c493edbd8cafe2,60,current,Optimized Pattern Generator,dynamic_session,Dynamic Session Pattern Assignment,50,6,5,15,10.0,60,bayesian_windowed,A3) Bayesian Posterior + Hungarian + Lock,False,500,20,0.9682999999999999,0.006233187914618604,0.002731815051149001,0.9682999999999999,0.006233187914618604,0.002731815051149001,500.0,0.0,0.0,500.0,0.0,0.0,0.0,0.0,0.0,0.0,0.0,0.0,0.5017298865308502,0.03210230462858135,0.014069455335247153,416.21000000000004,5.857330090533883,2.5670880968213967,39.13770649575308,1.048426552495427,0.4594931959959232,31.39256515535235,0.8673951685039931,0.38015269378544336,7.4089190794256865,0.18111972145083785,0.07937921780906045,0.0,0.0,0.0,0.3328428297711071,0.008732145877480325,0.0038270316672121486,39.13432706454914,1.0484035252878878,0.45948310387725083,31.39256515535235,0.8673951685039931,0.38015269378544336,0.3328428297711071,0.008732145877480325,0.0038270316672121486,0.0,0.0,0.0,500.0,0.0,0.0,0.0,0.0,0.0,0.0,0.0,0.0,0.0,0.0,0.0,0.0,0.0,0.0,1.0,0.0,0.0,0.0,0.0,0.0,0.0,0.0,0.0,0.0,0.0,0.0,0.0,0.0,0.0,1.0,0.0,0.0,27.681199999999997,0.7017342126924967,0.3075485787366728,0.0,0.0,0.0,0.0,0.0,0.0,0.0,0.0,0.0,0.0,0.0,0.0,0.0,0.0,0.0,,,,0.0,0.0,0.0,0.0,0.0,0.0
7519e64bff0716c8133dd9b82ddd5d5f9c39c5cd8c2a0fc181c493edbd8cafe2,60,current,Optimized Pattern Generator,dynamic_session,Dynamic Session Pattern Assignment,50,6,5,15,10.0,60,bayesian_windowed_lock_off,A3 Ablation) Lock Off,False,100,20,0.9884999999999999,0.009880869341680852,0.004330481922859228,0.9884999999999999,0.009880869341680852,0.004330481922859228,100.0,0.0,0.0,100.0,0.0,0.0,0.0,0.0,0.0,0.0,0.0,0.0,0.12810379648913522,0.01844108651871275,0.008082162514820143,414.825,8.563869944193007,3.7532814877538465,1.795632964647666,0.09674583359496486,0.04240073104981196,1.3562696818204132,0.07798929722214352,0.0341803165408051,0.35965501932951155,0.018780595483929963,0.008230958879358619,0.0,0.0,0.0,0.07910075500112726,0.006559220795381941,0.0028747052612692345,1.795025456151052,0.0967468897535355,0.042401193931714314,1.3562696818204132,0.07798929722214352,0.0341803165408051,0.07910075500112726,0.006559220795381941,0.0028747052612692345,0.0,0.0,0.0,100.0,0.0,0.0,0.0,0.0,0.0,0.0,0.0,0.0,0.0,0.0,0.0,0.0,0.0,0.0,1.0,0.0,0.0,0.0,0.0,0.0,0.0,0.0,0.0,0.0,0.0,0.0,0.0,0.0,0.0,1.0,0.0,0.0,6.367500000000001,0.3571064267133819,0.15650879208530105,0.0,0.0,0.0,0.0,0.0,0.0,0.0,0.0,0.0,0.0,0.0,0.0,0.0,0.0,0.0,,,,0.0,0.0,0.0,0.0,0.0,0.0
7519e64bff0716c8133dd9b82ddd5d5f9c39c5cd8c2a0fc181c493edbd8cafe2,60,current,Optimized Pattern Generator,dynamic_session,Dynamic Session Pattern Assignment,50,6,5,15,10.0,60,bayesian_windowed_lock_off,A3 Ablation) Lock Off,False,300,20,0.9768333333333334,0.009270149541114185,0.004062822168961881,0.9768333333333334,0.009270149541114185,0.004062822168961881,300.0,0.0,0.0,300.0,0.0,0.0,0.0,0.0,0.0,0.0,0.0,0.0,0.32564411354168177,0.025730827886320487,0.011277032533147328,416.35,7.25835272017875,3.181113337050078,14.190243002100033,0.4651928727941087,0.20387976569834373,11.22058030320186,0.38198784223260684,0.1674135532348725,2.760887939753593,0.08609776286149332,0.037734008291915346,0.0,0.0,0.0,0.20715425919479458,0.007212328854677359,0.003160942488647788,14.188622502150247,0.4651727150552339,0.203870931179762,11.22058030320186,0.38198784223260684,0.1674135532348725,0.20715425919479458,0.007212328854677359,0.003160942488647788,0.0,0.0,0.0,300.0,0.0,0.0,0.0,0.0,0.0,0.0,0.0,0.0,0.0,0.0,0.0,0.0,0.0,0.0,1.0,0.0,0.0,0.0,0.0,0.0,0.0,0.0,0.0,0.0,0.0,0.0,0.0,0.0,0.0,1.0,0.0,0.0,16.976833333333335,0.552778706396704,0.24226594974741586,0.0,0.0,0.0,0.0,0.0,0.0,0.0,0.0,0.0,0.0,0.0,0.0,0.0,0.0,0.0,,,,0.0,0.0,0.0,0.0,0.0,0.0
7519e64bff0716c8133dd9b82ddd5d5f9c39c5cd8c2a0fc181c493edbd8cafe2,60,current,Optimized Pattern Generator,dynamic_session,Dynamic Session Pattern Assignment,50,6,5,15,10.0,60,bayesian_windowed_lock_off,A3 Ablation) Lock Off,False,500,20,0.9682999999999999,0.006233187914618604,0.002731815051149001,0.9682999999999999,0.006233187914618604,0.002731815051149001,500.0,0.0,0.0,500.0,0.0,0.0,0.0,0.0,0.0,0.0,0.0,0.0,0.5017338221445529,0.032101908364054715,0.014069281664661098,416.21000000000004,5.857330090533883,2.5670880968213967,39.153772654199564,1.0373489514177348,0.45463822326460357,31.403799094400892,0.8554198826399773,0.37490429335002473,7.414222560344205,0.18324367533514183,0.08031008164127063,0.0,0.0,0.0,0.3323931077538873,0.007487924616465254,0.003281727656750828,39.15041476249898,1.0372876487470761,0.4546113561845998,31.403799094400892,0.8554198826399773,0.37490429335002473,0.3323931077538873,0.007487924616465254,0.003281727656750828,0.0,0.0,0.0,500.0,0.0,0.0,0.0,0.0,0.0,0.0,0.0,0.0,0.0,0.0,0.0,0.0,0.0,0.0,1.0,0.0,0.0,0.0,0.0,0.0,0.0,0.0,0.0,0.0,0.0,0.0,0.0,0.0,0.0,1.0,0.0,0.0,27.681199999999997,0.7017342126924967,0.3075485787366728,0.0,0.0,0.0,0.0,0.0,0.0,0.0,0.0,0.0,0.0,0.0,0.0,0.0,0.0,0.0,,,,0.0,0.0,0.0,0.0,0.0,0.0
7519e64bff0716c8133dd9b82ddd5d5f9c39c5cd8c2a0fc181c493edbd8cafe2,60,current,Optimized Pattern Generator,dynamic_session,Dynamic Session Pattern Assignment,50,6,5,15,10.0,120,bayesian_windowed,A3) Bayesian Posterior + Hungarian + Lock,False,100,20,0.9890000000000001,0.009119095061289922,0.003996619624264067,0.9890000000000001,0.009119095061289922,0.003996619624264067,100.0,0.0,0.0,100.0,0.0,0.0,0.0,0.0,0.0,0.0,0.0,0.0,0.1255711342883808,0.01718512482871769,0.007531713034491108,407.67500000000007,8.576275415353669,3.7587184252082446,1.8142679585507722,0.06873089750267716,0.030122643958229105,1.371581650900771,0.053060530840315145,0.023254802960709066,0.36232062047492947,0.013623291108950445,0.005970670579388811,0.0,0.0,0.0,0.07974560772127007,0.005602888551073969,0.002455574175429112,1.8136478790969703,0.06871285825303652,0.03011473790849103,1.371581650900771,0.053060530840315145,0.023254802960709066,0.07974560772127007,0.005602888551073969,0.002455574175429112,0.0,0.0,0.0,100.0,0.0,0.0,0.0,0.0,0.0,0.0,0.0,0.0,0.0,0.0,0.0,0.0,0.0,0.0,1.0,0.0,0.0,0.0,0.0,0.0,0.0,0.0,0.0,0.0,0.0,0.0,0.0,0.0,0.0,1.0,0.0,0.0,6.413999999999999,0.2580371250319164,0.1130897562488356,0.0,0.0,0.0,0.0,0.0,0.0,0.0,0.0,0.0,0.0,0.0,0.0,0.0,0.0,0.0,,,,0.0,0.0,0.0,0.0,0.0,0.0
7519e64bff0716c8133dd9b82ddd5d5f9c39c5cd8c2a0fc181c493edbd8cafe2,60,current,Optimized Pattern Generator,dynamic_session,Dynamic Session Pattern Assignment,50,6,5,15,10.0,120,bayesian_windowed,A3) Bayesian Posterior + Hungarian + Lock,False,300,20,0.9736666666666668,0.008229173606481642,0.0036065943502170505,0.9736666666666668,0.008229173606481642,0.0036065943502170505,300.0,0.0,0.0,300.0,0.0,0.0,0.0,0.0,0.0,0.0,0.0,0.0,0.3399128932707113,0.0234399380032606,0.010273005773679593,418.82000000000005,4.96181206288272,2.1746100165801074,14.482322870999633,0.4295471941143727,0.18825735821447082,11.463335727824596,0.34750060735347527,0.15229885613190744,2.811018871057604,0.08160124192021827,0.03576332110047464,0.0,0.0,0.0,0.20630379266804083,0.007325549270299502,0.0032105635236190787,14.480658391550241,0.42952735585146945,0.18824866371240703,11.463335727824596,0.34750060735347527,0.15229885613190744,0.20630379266804083,0.007325549270299502,0.0032105635236190787,0.0,0.0,0.0,300.0,0.0,0.0,0.0,0.0,0.0,0.0,0.0,0.0,0.0,0.0,0.0,0.0,0.0,0.0,1.0,0.0,0.0,0.0,0.0,0.0,0.0,0.0,0.0,0.0,0.0,0.0,0.0,0.0,0.0,1.0,0.0,0.0,17.293333333333333,0.5179378815290568,0.22699628499935592,0.0,0.0,0.0,0.0,0.0,0.0,0.0,0.0,0.0,0.0,0.0,0.0,0.0,0.0,0.0,,,,0.0,0.0,0.0,0.0,0.0,0.0
7519e64bff0716c8133dd9b82ddd5d5f9c39c5cd8c2a0fc181c493edbd8cafe2,60,current,Optimized Pattern Generator,dynamic_session,Dynamic Session Pattern Assignment,50,6,5,15,10.0,120,bayesian_windowed,A3) Bayesian Posterior + Hungarian + Lock,False,500,20,0.9578999999999999,0.008837122656278196,0.003873039769048545,0.9578999999999999,0.008837122656278196,0.003873039769048545,500.0,0.0,0.0,500.0,0.0,0.0,0.0,0.0,0.0,0.0,0.0,0.0,0.5133711633361652,0.027141092671024634,0.011895108326422352,415.31499999999994,4.422582598675258,1.9382822840421272,40.11212422714307,0.7330158328955051,0.3212583532638432,32.1968071415351,0.6083707059033405,0.2666302177682028,7.57756810849969,0.12644182504641627,0.05541557313657276,0.0,0.0,0.0,0.3342708167649107,0.007703262331111796,0.003376103571292376,40.1086460667997,0.7329530155614801,0.3212308223533504,32.1968071415351,0.6083707059033405,0.2666302177682028,0.3342708167649107,0.007703262331111796,0.003376103571292376,0.0,0.0,0.0,500.0,0.0,0.0,0.0,0.0,0.0,0.0,0.0,0.0,0.0,0.0,0.0,0.0,0.0,0.0,1.0,0.0,0.0,0.0,0.0,0.0,0.0,0.0,0.0,0.0,0.0,0.0,0.0,0.0,0.0,1.0,0.0,0.0,28.3161,0.49476819665480976,0.21684172288172718,0.0,0.0,0.0,0.0,0.0,0.0,0.0,0.0,0.0,0.0,0.0,0.0,0.0,0.0,0.0,,,,0.0,0.0,0.0,0.0,0.0,0.0
7519e64bff0716c8133dd9b82ddd5d5f9c39c5cd8c2a0fc181c493edbd8cafe2,60,current,Optimized Pattern Generator,dynamic_session,Dynamic Session Pattern Assignment,50,6,5,15,10.0,120,bayesian_windowed_lock_off,A3 Ablation) Lock Off,False,100,20,0.9890000000000001,0.009119095061289922,0.003996619624264067,0.9890000000000001,0.009119095061289922,0.003996619624264067,100.0,0.0,0.0,100.0,0.0,0.0,0.0,0.0,0.0,0.0,0.0,0.0,0.12566045116998262,0.017185052836641287,0.007531681482572479,407.67500000000007,8.576275415353669,3.7587184252082446,1.813952620801865,0.06869229921904949,0.03010572751457187,1.3721607130151825,0.05403796673771159,0.02368318313031355,0.3620274642511504,0.013538527678400612,0.005933521368016571,0.0,0.0,0.0,0.07914504363725428,0.006400773884180273,0.002805262840671961,1.813333220903587,0.0686805702139321,0.03010058705143269,1.3721607130151825,0.05403796673771159,0.02368318313031355,0.07914504363725428,0.006400773884180273,0.002805262840671961,0.0,0.0,0.0,100.0,0.0,0.0,0.0,0.0,0.0,0.0,0.0,0.0,0.0,0.0,0.0,0.0,0.0,0.0,1.0,0.0,0.0,0.0,0.0,0.0,0.0,0.0,0.0,0.0,0.0,0.0,0.0,0.0,0.0,1.0,0.0,0.0,6.413999999999999,0.2580371250319164,0.1130897562488356,0.0,0.0,0.0,0.0,0.0,0.0,0.0,0.0,0.0,0.0,0.0,0.0,0.0,0.0,0.0,,,,0.0,0.0,0.0,0.0,0.0,0.0
7519e64bff0716c8133dd9b82ddd5d5f9c39c5cd8c2a0fc181c493edbd8cafe2,60,current,Optimized Pattern Generator,dynamic_session,Dynamic Session Pattern Assignment,50,6,5,15,10.0,120,bayesian_windowed_lock_off,A3 Ablation) Lock Off,False,300,20,0.9736666666666668,0.008229173606481642,0.0036065943502170505,0.9736666666666668,0.008229173606481642,0.0036065943502170505,300.0,0.0,0.0,300.0,0.0,0.0,0.0,0.0,0.0,0.0,0.0,0.0,0.33993254990531085,0.023434883422928897,0.010270790506176585,418.82000000000005,4.96181206288272,2.1746100165801074,14.502722910301236,0.43873572329484734,0.19228440868318405,11.48297474544088,0.3564543213530001,0.15622299431009715,2.812167015162413,0.08259917652973445,0.03620068522677431,0.0,0.0,0.0,0.20592161429667613,0.0069567161229819536,0.0030489152696266614,14.501063374899967,0.4387262986646718,0.19228027815689194,11.48297474544088,0.3564543213530001,0.15622299431009715,0.20592161429667613,0.0069567161229819536,0.0030489152696266614,0.0,0.0,0.0,300.0,0.0,0.0,0.0,0.0,0.0,0.0,0.0,0.0,0.0,0.0,0.0,0.0,0.0,0.0,1.0,0.0,0.0,0.0,0.0,0.0,0.0,0.0,0.0,0.0,0.0,0.0,0.0,0.0,0.0,1.0,0.0,0.0,17.293333333333333,0.5179378815290568,0.22699628499935592,0.0,0.0,0.0,0.0,0.0,0.0,0.0,0.0,0.0,0.0,0.0,0.0,0.0,0.0,0.0,,,,0.0,0.0,0.0,0.0,0.0,0.0
7519e64bff0716c8133dd9b82ddd5d5f9c39c5cd8c2a0fc181c493edbd8cafe2,60,current,Optimized Pattern Generator,dynamic_session,Dynamic Session Pattern Assignment,50,6,5,15,10.0,120,bayesian_windowed_lock_off,A3 Ablation) Lock Off,False,500,20,0.9578999999999999,0.008837122656278196,0.003873039769048545,0.9578999999999999,0.008837122656278196,0.003873039769048545,500.0,0.0,0.0,500.0,0.0,0.0,0.0,0.0,0.0,0.0,0.0,0.0,0.5133763393679562,0.027141048829904705,0.011895089112204377,415.31499999999994,4.422582598675258,1.9382822840421272,40.118684589602346,0.7643833122552673,0.33500575722556825,32.20471923394653,0.6385922429895619,0.2798753903848299,7.578251707536401,0.12791998798501195,0.05606340660782684,0.0,0.0,0.0,0.3322608919115737,0.007174138032524047,0.0031442046228553114,40.1152318333945,0.7643139551041171,0.33497536011384754,32.20471923394653,0.6385922429895619,0.2798753903848299,0.3322608919115737,0.007174138032524047,0.0031442046228553114,0.0,0.0,0.0,500.0,0.0,0.0,0.0,0.0,0.0,0.0,0.0,0.0,0.0,0.0,0.0,0.0,0.0,0.0,1.0,0.0,0.0,0.0,0.0,0.0,0.0,0.0,0.0,0.0,0.0,0.0,0.0,0.0,0.0,1.0,0.0,0.0,28.3161,0.49476819665480976,0.21684172288172718,0.0,0.0,0.0,0.0,0.0,0.0,0.0,0.0,0.0,0.0,0.0,0.0,0.0,0.0,0.0,,,,0.0,0.0,0.0,0.0,0.0,0.0
7519e64bff0716c8133dd9b82ddd5d5f9c39c5cd8c2a0fc181c493edbd8cafe2,60,current,Optimized Pattern Generator,dynamic_session,Dynamic Session Pattern Assignment,50,6,5,15,10.0,180,bayesian_windowed,A3) Bayesian Posterior + Hungarian + Lock,False,100,20,0.985,0.013178930553209395,0.005775920979194123,0.985,0.013178930553209395,0.005775920979194123,100.0,0.0,0.0,100.0,0.0,0.0,0.0,0.0,0.0,0.0,0.0,0.0,0.1386623352253036,0.022090577049436372,0.009681622261168346,412.3050000000001,11.807645828021775,5.174928950236902,1.897871187450073,0.07989160939679733,0.035014041610847556,1.4407879481703276,0.06568035319860151,0.028785683969500667,0.3764298461988801,0.01570050518265146,0.006881049786421297,0.0,0.0,0.0,0.08001590557832969,0.006599404398488384,0.0028923165018221028,1.8972336999475374,0.07989145962207828,0.035013975969182744,1.4407879481703276,0.06568035319860151,0.028785683969500667,0.08001590557832969,0.006599404398488384,0.0028923165018221028,0.0,0.0,0.0,100.0,0.0,0.0,0.0,0.0,0.0,0.0,0.0,0.0,0.0,0.0,0.0,0.0,0.0,0.0,1.0,0.0,0.0,0.0,0.0,0.0,0.0,0.0,0.0,0.0,0.0,0.0,0.0,0.0,0.0,1.0,0.0,0.0,6.6754999999999995,0.29807231549266333,0.13063595209186232,0.0,0.0,0.0,0.0,0.0,0.0,0.0,0.0,0.0,0.0,0.0,0.0,0.0,0.0,0.0,,,,0.0,0.0,0.0,0.0,0.0,0.0
7519e64bff0716c8133dd9b82ddd5d5f9c39c5cd8c2a0fc181c493edbd8cafe2,60,current,Optimized Pattern Generator,dynamic_session,Dynamic Session Pattern Assignment,50,6,5,15,10.0,180,bayesian_windowed,A3) Bayesian Posterior + Hungarian + Lock,False,300,20,0.9783333333333332,0.009520676176291331,0.004172620307902236,0.9783333333333332,0.009520676176291331,0.004172620307902236,300.0,0.0,0.0,300.0,0.0,0.0,0.0,0.0,0.0,0.0,0.0,0.0,0.33319135656069987,0.022309981004991146,0.009777780284362297,416.64,8.0509169141095,3.5284699102257284,14.86524221045256,0.3312650203270546,0.14518329638775218,11.776994031744835,0.2685932789813135,0.11771619469994937,2.881449637390324,0.06172976601704268,0.027054262797655715,0.0,0.0,0.0,0.20509942036587744,0.008094206177741129,0.0035474422665162705,14.863543089501036,0.3312317355099198,0.14516870867346066,11.776994031744835,0.2685932789813135,0.11771619469994937,0.20509942036587744,0.008094206177741129,0.0035474422665162705,0.0,0.0,0.0,300.0,0.0,0.0,0.0,0.0,0.0,0.0,0.0,0.0,0.0,0.0,0.0,0.0,0.0,0.0,1.0,0.0,0.0,0.0,0.0,0.0,0.0,0.0,0.0,0.0,0.0,0.0,0.0,0.0,0.0,1.0,0.0,0.0,17.731666666666666,0.4007631608707458,0.1756421994345956,0.0,0.0,0.0,0.0,0.0,0.0,0.0,0.0,0.0,0.0,0.0,0.0,0.0,0.0,0.0,,,,0.0,0.0,0.0,0.0,0.0,0.0
7519e64bff0716c8133dd9b82ddd5d5f9c39c5cd8c2a0fc181c493edbd8cafe2,60,current,Optimized Pattern Generator,dynamic_session,Dynamic Session Pattern Assignment,50,6,5,15,10.0,180,bayesian_windowed,A3) Bayesian Posterior + Hungarian + Lock,False,500,20,0.9620999999999998,0.007122240924700159,0.0031214597125130607,0.9620999999999998,0.007122240924700159,0.0031214597125130607,500.0,0.0,0.0,500.0,0.0,0.0,0.0,0.0,0.0,0.0,0.0,0.0,0.5077331252673833,0.034073934515687375,0.014933560232238853,416.13,5.68452192129507,2.491351577378283,40.86463406685507,0.8893973457727653,0.3897955731345345,32.81373734951194,0.7265884294601873,0.31844141950780674,7.711277662530483,0.158867476398108,0.06962674142144253,0.0,0.0,0.0,0.3361365817021579,0.009768858657666142,0.004281391076141252,40.86115159374458,0.8893625451890851,0.3897803211062644,32.81373734951194,0.7265884294601873,0.31844141950780674,0.3361365817021579,0.009768858657666142,0.004281391076141252,0.0,0.0,0.0,500.0,0.0,0.0,0.0,0.0,0.0,0.0,0.0,0.0,0.0,0.0,0.0,0.0,0.0,0.0,1.0,0.0,0.0,0.0,0.0,0.0,0.0,0.0,0.0,0.0,0.0,0.0,0.0,0.0,0.0,1.0,0.0,0.0,28.835699999999996,0.5908649413760884,0.2589579781899189,0.0,0.0,0.0,0.0,0.0,0.0,0.0,0.0,0.0,0.0,0.0,0.0,0.0,0.0,0.0,,,,0.0,0.0,0.0,0.0,0.0,0.0
7519e64bff0716c8133dd9b82ddd5d5f9c39c5cd8c2a0fc181c493edbd8cafe2,60,current,Optimized Pattern Generator,dynamic_session,Dynamic Session Pattern Assignment,50,6,5,15,10.0,180,bayesian_windowed_lock_off,A3 Ablation) Lock Off,False,100,20,0.985,0.013178930553209395,0.005775920979194123,0.985,0.013178930553209395,0.005775920979194123,100.0,0.0,0.0,100.0,0.0,0.0,0.0,0.0,0.0,0.0,0.0,0.0,0.13874054330082358,0.022094045836807144,0.00968314252426301,412.3050000000001,11.807645828021775,5.174928950236902,1.898810508348106,0.08391391472490786,0.036776894646270854,1.4417768536513904,0.06750611151421035,0.029585857831521296,0.3763297185781994,0.01606434942467853,0.007040511556266602,0.0,0.0,0.0,0.08006687982269796,0.006389737333198593,0.0028004258589384547,1.8981734520522877,0.0839195794320601,0.036779377313642794,1.4417768536513904,0.06750611151421035,0.029585857831521296,0.08006687982269796,0.006389737333198593,0.0028004258589384547,0.0,0.0,0.0,100.0,0.0,0.0,0.0,0.0,0.0,0.0,0.0,0.0,0.0,0.0,0.0,0.0,0.0,0.0,1.0,0.0,0.0,0.0,0.0,0.0,0.0,0.0,0.0,0.0,0.0,0.0,0.0,0.0,0.0,1.0,0.0,0.0,6.6754999999999995,0.29807231549266333,0.13063595209186232,0.0,0.0,0.0,0.0,0.0,0.0,0.0,0.0,0.0,0.0,0.0,0.0,0.0,0.0,0.0,,,,0.0,0.0,0.0,0.0,0.0,0.0
7519e64bff0716c8133dd9b82ddd5d5f9c39c5cd8c2a0fc181c493edbd8cafe2,60,current,Optimized Pattern Generator,dynamic_session,Dynamic Session Pattern Assignment,50,6,5,15,10.0,180,bayesian_windowed_lock_off,A3 Ablation) Lock Off,False,300,20,0.9783333333333332,0.009520676176291331,0.004172620307902236,0.9783333333333332,0.009520676176291331,0.004172620307902236,300.0,0.0,0.0,300.0,0.0,0.0,0.0,0.0,0.0,0.0,0.0,0.0,0.3332070001075545,0.022310743823124122,0.009778114604149459,416.64,8.0509169141095,3.5284699102257284,14.879675083303301,0.33561770852911343,0.14709094610186646,11.789915652066702,0.2740589582889131,0.12011163427305065,2.8824851031735306,0.06184900467501545,0.02710652144363122,0.0,0.0,0.0,0.20558950080594512,0.007548971941610278,0.0033084828266491144,14.877990256046179,0.3355957046278565,0.14708130246694626,11.789915652066702,0.2740589582889131,0.12011163427305065,0.20558950080594512,0.007548971941610278,0.0033084828266491144,0.0,0.0,0.0,300.0,0.0,0.0,0.0,0.0,0.0,0.0,0.0,0.0,0.0,0.0,0.0,0.0,0.0,0.0,1.0,0.0,0.0,0.0,0.0,0.0,0.0,0.0,0.0,0.0,0.0,0.0,0.0,0.0,0.0,1.0,0.0,0.0,17.731666666666666,0.4007631608707458,0.1756421994345956,0.0,0.0,0.0,0.0,0.0,0.0,0.0,0.0,0.0,0.0,0.0,0.0,0.0,0.0,0.0,,,,0.0,0.0,0.0,0.0,0.0,0.0
7519e64bff0716c8133dd9b82ddd5d5f9c39c5cd8c2a0fc181c493edbd8cafe2,60,current,Optimized Pattern Generator,dynamic_session,Dynamic Session Pattern Assignment,50,6,5,15,10.0,180,bayesian_windowed_lock_off,A3 Ablation) Lock Off,False,500,20,0.9620999999999998,0.007122240924700159,0.0031214597125130607,0.9620999999999998,0.007122240924700159,0.0031214597125130607,500.0,0.0,0.0,500.0,0.0,0.0,0.0,0.0,0.0,0.0,0.0,0.0,0.5077370207604464,0.03407494639556704,0.01493400370814927,416.13,5.68452192129507,2.491351577378283,40.9030705271507,0.8771919753573832,0.38444633369842013,32.85332406720554,0.7245179250425752,0.31753398093720986,7.715322857085266,0.15414831876706409,0.06755847939857053,0.0,0.0,0.0,0.3309375028096838,0.006859354913797414,0.0030062448383334525,40.89958442710049,0.8771612293284955,0.38443285865713644,32.85332406720554,0.7245179250425752,0.31753398093720986,0.3309375028096838,0.006859354913797414,0.0030062448383334525,0.0,0.0,0.0,500.0,0.0,0.0,0.0,0.0,0.0,0.0,0.0,0.0,0.0,0.0,0.0,0.0,0.0,0.0,1.0,0.0,0.0,0.0,0.0,0.0,0.0,0.0,0.0,0.0,0.0,0.0,0.0,0.0,0.0,1.0,0.0,0.0,28.835699999999996,0.5908649413760884,0.2589579781899189,0.0,0.0,0.0,0.0,0.0,0.0,0.0,0.0,0.0,0.0,0.0,0.0,0.0,0.0,0.0,,,,0.0,0.0,0.0,0.0,0.0,0.0
7519e64bff0716c8133dd9b82ddd5d5f9c39c5cd8c2a0fc181c493edbd8cafe2,60,current,Optimized Pattern Generator,dynamic_session,Dynamic Session Pattern Assignment,50,6,5,15,15.0,60,bayesian_windowed,A3) Bayesian Posterior + Hungarian + Lock,False,100,20,0.9924999999999999,0.010699237552766389,0.004689147605179211,0.9924999999999999,0.010699237552766389,0.004689147605179211,100.0,0.0,0.0,100.0,0.0,0.0,0.0,0.0,0.0,0.0,0.0,0.0,0.13300528291640917,0.014728396544315892,0.006455004391042012,417.7950000000001,9.177344817251706,4.0221487054087195,1.7567152583986172,0.09045890666533152,0.03964536383690205,1.324471993811312,0.07115099551012326,0.031183298674973912,0.3518768123802147,0.01756724004716627,0.007699182412813995,0.0,0.0,0.0,0.07974170840752777,0.006178257793242576,0.002707740864008815,1.7560905145990546,0.09045249799963297,0.039642555115321235,1.324471993811312,0.07115099551012326,0.031183298674973912,0.07974170840752777,0.006178257793242576,0.002707740864008815,0.0,0.0,0.0,100.0,0.0,0.0,0.0,0.0,0.0,0.0,0.0,0.0,0.0,0.0,0.0,0.0,0.0,0.0,1.0,0.0,0.0,0.0,0.0,0.0,0.0,0.0,0.0,0.0,0.0,0.0,0.0,0.0,0.0,1.0,0.0,0.0,6.2225,0.3337171036419289,0.14625796928354834,0.0,0.0,0.0,0.0,0.0,0.0,0.0,0.0,0.0,0.0,0.0,0.0,0.0,0.0,0.0,,,,0.0,0.0,0.0,0.0,0.0,0.0
7519e64bff0716c8133dd9b82ddd5d5f9c39c5cd8c2a0fc181c493edbd8cafe2,60,current,Optimized Pattern Generator,dynamic_session,Dynamic Session Pattern Assignment,50,6,5,15,15.0,60,bayesian_windowed,A3) Bayesian Posterior + Hungarian + Lock,False,300,20,0.9753333333333334,0.006788362935570625,0.0029751312320556848,0.9753333333333334,0.006788362935570625,0.0029751312320556848,300.0,0.0,0.0,300.0,0.0,0.0,0.0,0.0,0.0,0.0,0.0,0.0,0.3237799037692095,0.02302201782580078,0.01008984418018968,420.23999999999995,5.1502069452544665,2.2571777142449827,14.156322314601857,0.3354662756354102,0.1470245777099739,11.191239984157438,0.27499893537628606,0.12052359739532367,2.758069822950347,0.06365223439647662,0.027896821713933314,0.0,0.0,0.0,0.205350303191517,0.007753615742978464,0.003398171927051627,14.1546601102993,0.3354573967299016,0.14702068635806242,11.191239984157438,0.27499893537628606,0.12052359739532367,0.205350303191517,0.007753615742978464,0.003398171927051627,0.0,0.0,0.0,300.0,0.0,0.0,0.0,0.0,0.0,0.0,0.0,0.0,0.0,0.0,0.0,0.0,0.0,0.0,1.0,0.0,0.0,0.0,0.0,0.0,0.0,0.0,0.0,0.0,0.0,0.0,0.0,0.0,0.0,1.0,0.0,0.0,16.977333333333334,0.4009544169159933,0.1757260210921787,0.0,0.0,0.0,0.0,0.0,0.0,0.0,0.0,0.0,0.0,0.0,0.0,0.0,0.0,0.0,,,,0.0,0.0,0.0,0.0,0.0,0.0
7519e64bff0716c8133dd9b82ddd5d5f9c39c5cd8c2a0fc181c493edbd8cafe2,60,current,Optimized Pattern Generator,dynamic_session,Dynamic Session Pattern Assignment,50,6,5,15,15.0,60,bayesian_windowed,A3) Bayesian Posterior + Hungarian + Lock,False,500,20,0.9608000000000001,0.009479062800664817,0.004154382441914109,0.9608000000000001,0.009479062800664817,0.004154382441914109,500.0,0.0,0.0,500.0,0.0,0.0,0.0,0.0,0.0,0.0,0.0,0.0,0.4966178982043039,0.028000962602546378,0.012271962939685733,419.27,5.561436770059363,2.437407131402242,39.063127435502246,0.71524032732765,0.31346789446214984,31.318405063147658,0.5841675491630751,0.2560227166349049,7.404371362150414,0.12835495774425423,0.05625404050999204,0.0,0.0,0.0,0.33693273084936665,0.008922043041418934,0.003910257768803174,39.059709156147434,0.7151866287519265,0.31344436002368975,31.318405063147658,0.5841675491630751,0.2560227166349049,0.33693273084936665,0.008922043041418934,0.003910257768803174,0.0,0.0,0.0,500.0,0.0,0.0,0.0,0.0,0.0,0.0,0.0,0.0,0.0,0.0,0.0,0.0,0.0,0.0,1.0,0.0,0.0,0.0,0.0,0.0,0.0,0.0,0.0,0.0,0.0,0.0,0.0,0.0,0.0,1.0,0.0,0.0,27.6501,0.49475670788782616,0.21683668770759237,0.0,0.0,0.0,0.0,0.0,0.0,0.0,0.0,0.0,0.0,0.0,0.0,0.0,0.0,0.0,,,,0.0,0.0,0.0,0.0,0.0,0.0
7519e64bff0716c8133dd9b82ddd5d5f9c39c5cd8c2a0fc181c493edbd8cafe2,60,current,Optimized Pattern Generator,dynamic_session,Dynamic Session Pattern Assignment,50,6,5,15,15.0,60,bayesian_windowed_lock_off,A3 Ablation) Lock Off,False,100,20,0.9924999999999999,0.010699237552766389,0.004689147605179211,0.9924999999999999,0.010699237552766389,0.004689147605179211,100.0,0.0,0.0,100.0,0.0,0.0,0.0,0.0,0.0,0.0,0.0,0.0,0.13309084180244174,0.014722566985963753,0.006452449474446192,417.7950000000001,9.177344817251706,4.0221487054087195,1.7615756061015417,0.09389399054363792,0.04115085572472218,1.3286249086027966,0.07498093043942616,0.03286184166583305,0.3525379955768585,0.018058729674297364,0.007914587239248223,0.0,0.0,0.0,0.07978923547198065,0.00607360035335506,0.0026618727186206565,1.7609521396516357,0.09388573029233281,0.04114723550997,1.3286249086027966,0.07498093043942616,0.03286184166583305,0.07978923547198065,0.00607360035335506,0.0026618727186206565,0.0,0.0,0.0,100.0,0.0,0.0,0.0,0.0,0.0,0.0,0.0,0.0,0.0,0.0,0.0,0.0,0.0,0.0,1.0,0.0,0.0,0.0,0.0,0.0,0.0,0.0,0.0,0.0,0.0,0.0,0.0,0.0,0.0,1.0,0.0,0.0,6.2225,0.3337171036419289,0.14625796928354834,0.0,0.0,0.0,0.0,0.0,0.0,0.0,0.0,0.0,0.0,0.0,0.0,0.0,0.0,0.0,,,,0.0,0.0,0.0,0.0,0.0,0.0
7519e64bff0716c8133dd9b82ddd5d5f9c39c5cd8c2a0fc181c493edbd8cafe2,60,current,Optimized Pattern Generator,dynamic_session,Dynamic Session Pattern Assignment,50,6,5,15,15.0,60,bayesian_windowed_lock_off,A3 Ablation) Lock Off,False,300,20,0.9753333333333334,0.006788362935570625,0.0029751312320556848,0.9753333333333334,0.006788362935570625,0.0029751312320556848,300.0,0.0,0.0,300.0,0.0,0.0,0.0,0.0,0.0,0.0,0.0,0.0,0.3238014950719325,0.023023572329353814,0.010090525471410388,420.23999999999995,5.1502069452544665,2.2571777142449827,14.170137810499,0.3384921054215114,0.14835070608362683,11.204693456304085,0.2755104102064767,0.12074776112318461,2.7599400497594617,0.06379609021058807,0.027959869304278424,0.0,0.0,0.0,0.20385760853532703,0.006790521660771824,0.0029760773350894307,14.168491114598874,0.33849062376626443,0.14835005671958393,11.204693456304085,0.2755104102064767,0.12074776112318461,0.20385760853532703,0.006790521660771824,0.0029760773350894307,0.0,0.0,0.0,300.0,0.0,0.0,0.0,0.0,0.0,0.0,0.0,0.0,0.0,0.0,0.0,0.0,0.0,0.0,1.0,0.0,0.0,0.0,0.0,0.0,0.0,0.0,0.0,0.0,0.0,0.0,0.0,0.0,0.0,1.0,0.0,0.0,16.977333333333334,0.4009544169159933,0.1757260210921787,0.0,0.0,0.0,0.0,0.0,0.0,0.0,0.0,0.0,0.0,0.0,0.0,0.0,0.0,0.0,,,,0.0,0.0,0.0,0.0,0.0,0.0
7519e64bff0716c8133dd9b82ddd5d5f9c39c5cd8c2a0fc181c493edbd8cafe2,60,current,Optimized Pattern Generator,dynamic_session,Dynamic Session Pattern Assignment,50,6,5,15,15.0,60,bayesian_windowed_lock_off,A3 Ablation) Lock Off,False,500,20,0.9608000000000001,0.009479062800664817,0.004154382441914109,0.9608000000000001,0.009479062800664817,0.004154382441914109,500.0,0.0,0.0,500.0,0.0,0.0,0.0,0.0,0.0,0.0,0.0,0.0,0.4966229239886813,0.028000982164258708,0.012271971512984163,419.27,5.561436770059363,2.437407131402242,39.07328707705456,0.7280018470407694,0.31906087707479863,31.333496815207763,0.5994448319042077,0.26271828100815364,7.403072307519324,0.13037828658482342,0.05714080347234836,0.0,0.0,0.0,0.3333125688266591,0.008173454302865557,0.0035821742887103256,39.069881691553746,0.7279477182241206,0.31903715407493927,31.333496815207763,0.5994448319042077,0.26271828100815364,0.3333125688266591,0.008173454302865557,0.0035821742887103256,0.0,0.0,0.0,500.0,0.0,0.0,0.0,0.0,0.0,0.0,0.0,0.0,0.0,0.0,0.0,0.0,0.0,0.0,1.0,0.0,0.0,0.0,0.0,0.0,0.0,0.0,0.0,0.0,0.0,0.0,0.0,0.0,0.0,1.0,0.0,0.0,27.6501,0.49475670788782616,0.21683668770759237,0.0,0.0,0.0,0.0,0.0,0.0,0.0,0.0,0.0,0.0,0.0,0.0,0.0,0.0,0.0,,,,0.0,0.0,0.0,0.0,0.0,0.0
7519e64bff0716c8133dd9b82ddd5d5f9c39c5cd8c2a0fc181c493edbd8cafe2,60,current,Optimized Pattern Generator,dynamic_session,Dynamic Session Pattern Assignment,50,6,5,15,15.0,120,bayesian_windowed,A3) Bayesian Posterior + Hungarian + Lock,False,100,20,0.9899999999999999,0.00973328526784576,0.004265800350646872,0.9899999999999999,0.00973328526784576,0.004265800350646872,100.0,0.0,0.0,100.0,0.0,0.0,0.0,0.0,0.0,0.0,0.0,0.0,0.1357044812729345,0.021541993551530476,0.009441194942608514,418.35500000000013,10.459117151028922,4.583910199129582,1.80222680830193,0.08690300646605761,0.03808692186181288,1.361907653385424,0.06656055462013862,0.029171449251140652,0.359498619918304,0.017436086331375125,0.0076417017625079004,0.0,0.0,0.0,0.08019193089858163,0.006255108543772524,0.0027414221904609563,1.8015982042023098,0.08689900600273216,0.03808516858145719,1.361907653385424,0.06656055462013862,0.029171449251140652,0.08019193089858163,0.006255108543772524,0.0027414221904609563,0.0,0.0,0.0,100.0,0.0,0.0,0.0,0.0,0.0,0.0,0.0,0.0,0.0,0.0,0.0,0.0,0.0,0.0,1.0,0.0,0.0,0.0,0.0,0.0,0.0,0.0,0.0,0.0,0.0,0.0,0.0,0.0,0.0,1.0,0.0,0.0,6.362,0.3333024547101168,0.14607624137667577,0.0,0.0,0.0,0.0,0.0,0.0,0.0,0.0,0.0,0.0,0.0,0.0,0.0,0.0,0.0,,,,0.0,0.0,0.0,0.0,0.0,0.0
7519e64bff0716c8133dd9b82ddd5d5f9c39c5cd8c2a0fc181c493edbd8cafe2,60,current,Optimized Pattern Generator,dynamic_session,Dynamic Session Pattern Assignment,50,6,5,15,15.0,120,bayesian_windowed,A3) Bayesian Posterior + Hungarian + Lock,False,300,20,0.9755,0.006690745987656761,0.002932348718322559,0.9755,0.006690745987656761,0.002932348718322559,300.0,0.0,0.0,300.0,0.0,0.0,0.0,0.0,0.0,0.0,0.0,0.0,0.3318761378625152,0.02188885119683899,0.009593212008199884,420.98,7.377105408663092,3.2331589975065995,14.547304114543659,0.3463550117224532,0.1517967767095918,11.511159786807548,0.28247921060118153,0.12380197255840532,2.8291131325488097,0.0658193497721281,0.028846601903761485,0.0,0.0,0.0,0.2053375076400698,0.007057279166048793,0.0030929889664897126,14.545610426996427,0.34635714231455855,0.15179771048275265,11.511159786807548,0.28247921060118153,0.12380197255840532,0.2053375076400698,0.007057279166048793,0.0030929889664897126,0.0,0.0,0.0,300.0,0.0,0.0,0.0,0.0,0.0,0.0,0.0,0.0,0.0,0.0,0.0,0.0,0.0,0.0,1.0,0.0,0.0,0.0,0.0,0.0,0.0,0.0,0.0,0.0,0.0,0.0,0.0,0.0,0.0,1.0,0.0,0.0,17.398833333333332,0.41356003262500474,0.1812506757624021,0.0,0.0,0.0,0.0,0.0,0.0,0.0,0.0,0.0,0.0,0.0,0.0,0.0,0.0,0.0,,,,0.0,0.0,0.0,0.0,0.0,0.0
7519e64bff0716c8133dd9b82ddd5d5f9c39c5cd8c2a0fc181c493edbd8cafe2,60,current,Optimized Pattern Generator,dynamic_session,Dynamic Session Pattern Assignment,50,6,5,15,15.0,120,bayesian_windowed,A3) Bayesian Posterior + Hungarian + Lock,False,500,20,0.9655999999999999,0.009051897155031276,0.003967168843341429,0.9655999999999999,0.009051897155031276,0.003967168843341429,500.0,0.0,0.0,500.0,0.0,0.0,0.0,0.0,0.0,0.0,0.0,0.0,0.49838146885154966,0.02772618295471158,0.012151535449292887,420.875,4.802178781827226,2.1046476464694703,40.20481228124845,0.8377709624187486,0.3671693130225737,32.27121784255578,0.6884878724034406,0.3017431141381457,7.595516526102438,0.1496041673697743,0.06556691723938997,0.0,0.0,0.0,0.33465813544316914,0.007769662563552169,0.003405204756250234,40.201392504101385,0.8377031163545869,0.36713957817392534,32.27121784255578,0.6884878724034406,0.3017431141381457,0.33465813544316914,0.007769662563552169,0.003405204756250234,0.0,0.0,0.0,500.0,0.0,0.0,0.0,0.0,0.0,0.0,0.0,0.0,0.0,0.0,0.0,0.0,0.0,0.0,1.0,0.0,0.0,0.0,0.0,0.0,0.0,0.0,0.0,0.0,0.0,0.0,0.0,0.0,0.0,1.0,0.0,0.0,28.3647,0.5550409278413144,0.24325741200975598,0.0,0.0,0.0,0.0,0.0,0.0,0.0,0.0,0.0,0.0,0.0,0.0,0.0,0.0,0.0,,,,0.0,0.0,0.0,0.0,0.0,0.0
7519e64bff0716c8133dd9b82ddd5d5f9c39c5cd8c2a0fc181c493edbd8cafe2,60,current,Optimized Pattern Generator,dynamic_session,Dynamic Session Pattern Assignment,50,6,5,15,15.0,120,bayesian_windowed_lock_off,A3 Ablation) Lock Off,False,100,20,0.9899999999999999,0.00973328526784576,0.004265800350646872,0.9899999999999999,0.00973328526784576,0.004265800350646872,100.0,0.0,0.0,100.0,0.0,0.0,0.0,0.0,0.0,0.0,0.0,0.0,0.1357933837858714,0.02153331044340853,0.00943738940268525,418.35500000000013,10.459117151028922,4.583910199129582,1.7995320105008432,0.08410471465297871,0.03686051640168747,1.3607839295334998,0.0682354339091297,0.029905497464221605,0.35910110329714373,0.01756652819428361,0.007698870429532619,0.0,0.0,0.0,0.07902490052219946,0.005985575313486958,0.0026232940439386843,1.7989099333528429,0.08411695620294493,0.036865881497510855,1.3607839295334998,0.0682354339091297,0.029905497464221605,0.07902490052219946,0.005985575313486958,0.0026232940439386843,0.0,0.0,0.0,100.0,0.0,0.0,0.0,0.0,0.0,0.0,0.0,0.0,0.0,0.0,0.0,0.0,0.0,0.0,1.0,0.0,0.0,0.0,0.0,0.0,0.0,0.0,0.0,0.0,0.0,0.0,0.0,0.0,0.0,1.0,0.0,0.0,6.362,0.3333024547101168,0.14607624137667577,0.0,0.0,0.0,0.0,0.0,0.0,0.0,0.0,0.0,0.0,0.0,0.0,0.0,0.0,0.0,,,,0.0,0.0,0.0,0.0,0.0,0.0
7519e64bff0716c8133dd9b82ddd5d5f9c39c5cd8c2a0fc181c493edbd8cafe2,60,current,Optimized Pattern Generator,dynamic_session,Dynamic Session Pattern Assignment,50,6,5,15,15.0,120,bayesian_windowed_lock_off,A3 Ablation) Lock Off,False,300,20,0.9755,0.006690745987656761,0.002932348718322559,0.9755,0.006690745987656761,0.002932348718322559,300.0,0.0,0.0,300.0,0.0,0.0,0.0,0.0,0.0,0.0,0.0,0.0,0.33189937947508585,0.021885912765490272,0.009591924183880265,420.98,7.377105408663092,3.2331589975065995,14.566482558347342,0.3394404757468683,0.14876634770463376,11.530562725444906,0.2708936097184617,0.11872435909615249,2.8291202371983672,0.06624812285568552,0.02903451999306578,0.0,0.0,0.0,0.20513359555625357,0.008640595338722617,0.0037869078745165117,14.564816558199528,0.3394172059254454,0.14875614925573868,11.530562725444906,0.2708936097184617,0.11872435909615249,0.20513359555625357,0.008640595338722617,0.0037869078745165117,0.0,0.0,0.0,300.0,0.0,0.0,0.0,0.0,0.0,0.0,0.0,0.0,0.0,0.0,0.0,0.0,0.0,0.0,1.0,0.0,0.0,0.0,0.0,0.0,0.0,0.0,0.0,0.0,0.0,0.0,0.0,0.0,0.0,1.0,0.0,0.0,17.398833333333332,0.41356003262500474,0.1812506757624021,0.0,0.0,0.0,0.0,0.0,0.0,0.0,0.0,0.0,0.0,0.0,0.0,0.0,0.0,0.0,,,,0.0,0.0,0.0,0.0,0.0,0.0
7519e64bff0716c8133dd9b82ddd5d5f9c39c5cd8c2a0fc181c493edbd8cafe2,60,current,Optimized Pattern Generator,dynamic_session,Dynamic Session Pattern Assignment,50,6,5,15,15.0,120,bayesian_windowed_lock_off,A3 Ablation) Lock Off,False,500,20,0.9655999999999999,0.009051897155031276,0.003967168843341429,0.9655999999999999,0.009051897155031276,0.003967168843341429,500.0,0.0,0.0,500.0,0.0,0.0,0.0,0.0,0.0,0.0,0.0,0.0,0.4983855146327231,0.02772680504825667,0.012151808093810104,420.875,4.802178781827226,2.1046476464694703,40.18438105605164,0.8200026079729775,0.35938198833831897,32.25190868275822,0.6694929137147534,0.2934182064420356,7.592860911293246,0.1461843102617718,0.0640680987778914,0.0,0.0,0.0,0.3361714644022868,0.010088647865211466,0.00442154487582351,40.180941058453755,0.8199251052151924,0.35934802125708815,32.25190868275822,0.6694929137147534,0.2934182064420356,0.3361714644022868,0.010088647865211466,0.00442154487582351,0.0,0.0,0.0,500.0,0.0,0.0,0.0,0.0,0.0,0.0,0.0,0.0,0.0,0.0,0.0,0.0,0.0,0.0,1.0,0.0,0.0,0.0,0.0,0.0,0.0,0.0,0.0,0.0,0.0,0.0,0.0,0.0,0.0,1.0,0.0,0.0,28.3647,0.5550409278413144,0.24325741200975598,0.0,0.0,0.0,0.0,0.0,0.0,0.0,0.0,0.0,0.0,0.0,0.0,0.0,0.0,0.0,,,,0.0,0.0,0.0,0.0,0.0,0.0
7519e64bff0716c8133dd9b82ddd5d5f9c39c5cd8c2a0fc181c493edbd8cafe2,60,current,Optimized Pattern Generator,dynamic_session,Dynamic Session Pattern Assignment,50,6,5,15,15.0,180,bayesian_windowed,A3) Bayesian Posterior + Hungarian + Lock,False,100,20,0.9924999999999999,0.006386663736585057,0.0027990787958296513,0.9924999999999999,0.006386663736585057,0.0027990787958296513,100.0,0.0,0.0,100.0,0.0,0.0,0.0,0.0,0.0,0.0,0.0,0.0,0.1300903222787817,0.02374673741454217,0.010407466544139763,418.48,8.685899038399134,3.8067630963298615,1.8675599479000085,0.1171645953441439,0.05134964795016918,1.4145596471207682,0.09427174869754566,0.04131641553531591,0.37217496617231516,0.02375421994520086,0.010410745907790286,0.0,0.0,0.0,0.08018332205829211,0.00612488826833853,0.0026843506384288014,1.8669179353513754,0.11715378974622986,0.051344912188080405,1.4145596471207682,0.09427174869754566,0.04131641553531591,0.08018332205829211,0.00612488826833853,0.0026843506384288014,0.0,0.0,0.0,100.0,0.0,0.0,0.0,0.0,0.0,0.0,0.0,0.0,0.0,0.0,0.0,0.0,0.0,0.0,1.0,0.0,0.0,0.0,0.0,0.0,0.0,0.0,0.0,0.0,0.0,0.0,0.0,0.0,0.0,1.0,0.0,0.0,6.601000000000001,0.4526750897079552,0.19839360537232945,0.0,0.0,0.0,0.0,0.0,0.0,0.0,0.0,0.0,0.0,0.0,0.0,0.0,0.0,0.0,,,,0.0,0.0,0.0,0.0,0.0,0.0
7519e64bff0716c8133dd9b82ddd5d5f9c39c5cd8c2a0fc181c493edbd8cafe2,60,current,Optimized Pattern Generator,dynamic_session,Dynamic Session Pattern Assignment,50,6,5,15,15.0,180,bayesian_windowed,A3) Bayesian Posterior + Hungarian + Lock,False,300,20,0.9796666666666669,0.00683130051063972,0.00299394945403781,0.9796666666666669,0.00683130051063972,0.00299394945403781,300.0,0.0,0.0,300.0,0.0,0.0,0.0,0.0,0.0,0.0,0.0,0.0,0.3279229200316373,0.022248158969447478,0.009750685582661619,417.64000000000004,6.921469269028449,3.033467654785785,14.907469366645092,0.38206468297989193,0.16744723017720925,11.806099476323288,0.3135755894702668,0.13743056149145644,2.893816291716939,0.07024150151729779,0.030784695357929163,0.0,0.0,0.0,0.20585521326138406,0.005934598526380533,0.002600952481934762,14.905770981301611,0.3820471824505909,0.16743956023207004,11.806099476323288,0.3135755894702668,0.13743056149145644,0.20585521326138406,0.005934598526380533,0.002600952481934762,0.0,0.0,0.0,300.0,0.0,0.0,0.0,0.0,0.0,0.0,0.0,0.0,0.0,0.0,0.0,0.0,0.0,0.0,1.0,0.0,0.0,0.0,0.0,0.0,0.0,0.0,0.0,0.0,0.0,0.0,0.0,0.0,0.0,1.0,0.0,0.0,17.819833333333328,0.4590015543553035,0.20116630075403855,0.0,0.0,0.0,0.0,0.0,0.0,0.0,0.0,0.0,0.0,0.0,0.0,0.0,0.0,0.0,,,,0.0,0.0,0.0,0.0,0.0,0.0
7519e64bff0716c8133dd9b82ddd5d5f9c39c5cd8c2a0fc181c493edbd8cafe2,60,current,Optimized Pattern Generator,dynamic_session,Dynamic Session Pattern Assignment,50,6,5,15,15.0,180,bayesian_windowed,A3) Bayesian Posterior + Hungarian + Lock,False,500,20,0.9627000000000001,0.008688164968870924,0.003807756184145035,0.9627000000000001,0.008688164968870924,0.003807756184145035,500.0,0.0,0.0,500.0,0.0,0.0,0.0,0.0,0.0,0.0,0.0,0.0,0.5100039312899605,0.03224231395585319,0.014130817128406864,421.53000000000003,5.481173520140984,2.402230211151382,40.946194545850446,0.7828736684089014,0.34310951310995885,32.87962064816384,0.6398951014509004,0.2804463932814142,7.7285985654874825,0.14611470019802442,0.06403759082233777,0.0,0.0,0.0,0.33450088439858516,0.008395545081542726,0.0036795098640567355,40.942720098049904,0.7827925341492374,0.34307395445285593,32.87962064816384,0.6398951014509004,0.2804463932814142,0.33450088439858516,0.008395545081542726,0.0036795098640567355,0.0,0.0,0.0,500.0,0.0,0.0,0.0,0.0,0.0,0.0,0.0,0.0,0.0,0.0,0.0,0.0,0.0,0.0,1.0,0.0,0.0,0.0,0.0,0.0,0.0,0.0,0.0,0.0,0.0,0.0,0.0,0.0,0.0,1.0,0.0,0.0,28.8803,0.5400176507836526,0.23667317053558998,0.0,0.0,0.0,0.0,0.0,0.0,0.0,0.0,0.0,0.0,0.0,0.0,0.0,0.0,0.0,,,,0.0,0.0,0.0,0.0,0.0,0.0
7519e64bff0716c8133dd9b82ddd5d5f9c39c5cd8c2a0fc181c493edbd8cafe2,60,current,Optimized Pattern Generator,dynamic_session,Dynamic Session Pattern Assignment,50,6,5,15,15.0,180,bayesian_windowed_lock_off,A3 Ablation) Lock Off,False,100,20,0.9924999999999999,0.006386663736585057,0.0027990787958296513,0.9924999999999999,0.006386663736585057,0.0027990787958296513,100.0,0.0,0.0,100.0,0.0,0.0,0.0,0.0,0.0,0.0,0.0,0.0,0.13017085708039408,0.02372663555968896,0.010398656517810342,418.48,8.685899038399134,3.8067630963298615,1.8702884271493532,0.11686324746190667,0.0512175764176558,1.4171741671205382,0.09219689965297254,0.040407072847999576,0.37242676555761134,0.023338949069716296,0.010228745422085057,0.0,0.0,0.0,0.080053019420302,0.006286480171465613,0.0027551714125099223,1.8696539520984516,0.11687393129835595,0.05122225881542977,1.4171741671205382,0.09219689965297254,0.040407072847999576,0.080053019420302,0.006286480171465613,0.0027551714125099223,0.0,0.0,0.0,100.0,0.0,0.0,0.0,0.0,0.0,0.0,0.0,0.0,0.0,0.0,0.0,0.0,0.0,0.0,1.0,0.0,0.0,0.0,0.0,0.0,0.0,0.0,0.0,0.0,0.0,0.0,0.0,0.0,0.0,1.0,0.0,0.0,6.601000000000001,0.4526750897079552,0.19839360537232945,0.0,0.0,0.0,0.0,0.0,0.0,0.0,0.0,0.0,0.0,0.0,0.0,0.0,0.0,0.0,,,,0.0,0.0,0.0,0.0,0.0,0.0
7519e64bff0716c8133dd9b82ddd5d5f9c39c5cd8c2a0fc181c493edbd8cafe2,60,current,Optimized Pattern Generator,dynamic_session,Dynamic Session Pattern Assignment,50,6,5,15,15.0,180,bayesian_windowed_lock_off,A3 Ablation) Lock Off,False,300,20,0.9796666666666669,0.00683130051063972,0.00299394945403781,0.9796666666666669,0.00683130051063972,0.00299394945403781,300.0,0.0,0.0,300.0,0.0,0.0,0.0,0.0,0.0,0.0,0.0,0.0,0.3279350580669812,0.022247119581973365,0.009750230051016393,417.64000000000004,6.921469269028449,3.033467654785785,14.93312106664671,0.38313548816768084,0.16791653124255812,11.828995055939595,0.3141466991642955,0.13768086135075402,2.896984724458889,0.07215463049357845,0.03162316110030404,0.0,0.0,0.0,0.20544800709903938,0.007227841354963587,0.003167741141655422,14.931427787497523,0.38310868506594487,0.1679047842652902,11.828995055939595,0.3141466991642955,0.13768086135075402,0.20544800709903938,0.007227841354963587,0.003167741141655422,0.0,0.0,0.0,300.0,0.0,0.0,0.0,0.0,0.0,0.0,0.0,0.0,0.0,0.0,0.0,0.0,0.0,0.0,1.0,0.0,0.0,0.0,0.0,0.0,0.0,0.0,0.0,0.0,0.0,0.0,0.0,0.0,0.0,1.0,0.0,0.0,17.819833333333328,0.4590015543553035,0.20116630075403855,0.0,0.0,0.0,0.0,0.0,0.0,0.0,0.0,0.0,0.0,0.0,0.0,0.0,0.0,0.0,,,,0.0,0.0,0.0,0.0,0.0,0.0
7519e64bff0716c8133dd9b82ddd5d5f9c39c5cd8c2a0fc181c493edbd8cafe2,60,current,Optimized Pattern Generator,dynamic_session,Dynamic Session Pattern Assignment,50,6,5,15,15.0,180,bayesian_windowed_lock_off,A3 Ablation) Lock Off,False,500,20,0.9627000000000001,0.008688164968870924,0.003807756184145035,0.9627000000000001,0.008688164968870924,0.003807756184145035,500.0,0.0,0.0,500.0,0.0,0.0,0.0,0.0,0.0,0.0,0.0,0.0,0.510009158148174,0.03224254242669166,0.0141309172601667,421.53000000000003,5.481173520140984,2.402230211151382,40.93813076255028,0.7790137113083432,0.341417812322411,32.87144622792548,0.6352071665440269,0.2783918152207449,7.72846629304986,0.14429157043762367,0.0632385689754302,0.0,0.0,0.0,0.3347292539765476,0.009549789427094686,0.004185379752639327,40.934641774951885,0.7789667930241354,0.3413972494777272,32.87144622792548,0.6352071665440269,0.2783918152207449,0.3347292539765476,0.009549789427094686,0.004185379752639327,0.0,0.0,0.0,500.0,0.0,0.0,0.0,0.0,0.0,0.0,0.0,0.0,0.0,0.0,0.0,0.0,0.0,0.0,1.0,0.0,0.0,0.0,0.0,0.0,0.0,0.0,0.0,0.0,0.0,0.0,0.0,0.0,0.0,1.0,0.0,0.0,28.8803,0.5400176507836526,0.23667317053558998,0.0,0.0,0.0,0.0,0.0,0.0,0.0,0.0,0.0,0.0,0.0,0.0,0.0,0.0,0.0,,,,0.0,0.0,0.0,0.0,0.0,0.0
7519e64bff0716c8133dd9b82ddd5d5f9c39c5cd8c2a0fc181c493edbd8cafe2,60,current,Optimized Pattern Generator,dynamic_session,Dynamic Session Pattern Assignment,50,6,5,30,5.0,60,bayesian_windowed,A3) Bayesian Posterior + Hungarian + Lock,False,100,20,0.9904999999999997,0.009986833437344559,0.004376922735390582,0.9904999999999997,0.009986833437344559,0.004376922735390582,100.0,0.0,0.0,100.0,0.0,0.0,0.0,0.0,0.0,0.0,0.0,0.0,0.147367078187143,0.02560863395302519,0.011223478680655201,408.755,13.434734048255972,5.888031803940134,1.777653673000168,0.08176321588737545,0.03583430932149981,1.341908406857692,0.06644872173203238,0.029122436326915222,0.35513988648890515,0.016696552209517924,0.007317586643149852,0.0,0.0,0.0,0.079974529548781,0.006404439001160172,0.00280686914901162,1.7770228228953784,0.08175437766130593,0.035830435798138584,1.341908406857692,0.06644872173203238,0.029122436326915222,0.079974529548781,0.006404439001160172,0.00280686914901162,0.0,0.0,0.0,100.0,0.0,0.0,0.0,0.0,0.0,0.0,0.0,0.0,0.0,0.0,0.0,0.0,0.0,0.0,1.0,0.0,0.0,0.0,0.0,0.0,0.0,0.0,0.0,0.0,0.0,0.0,0.0,0.0,0.0,1.0,0.0,0.0,6.2844999999999995,0.3199584676995306,0.14022798121555297,0.0,0.0,0.0,0.0,0.0,0.0,0.0,0.0,0.0,0.0,0.0,0.0,0.0,0.0,0.0,,,,0.0,0.0,0.0,0.0,0.0,0.0
7519e64bff0716c8133dd9b82ddd5d5f9c39c5cd8c2a0fc181c493edbd8cafe2,60,current,Optimized Pattern Generator,dynamic_session,Dynamic Session Pattern Assignment,50,6,5,30,5.0,60,bayesian_windowed,A3) Bayesian Posterior + Hungarian + Lock,False,300,20,0.9770000000000001,0.006916376024331034,0.0030312354418773704,0.9770000000000001,0.006916376024331034,0.0030312354418773704,300.0,0.0,0.0,300.0,0.0,0.0,0.0,0.0,0.0,0.0,0.0,0.0,0.3706028827394335,0.025765562111994655,0.011292255478738968,408.4000000000001,7.2669402813447945,3.1848770016736077,14.13460182070121,0.5314343504504947,0.23291137330440742,11.181323949975194,0.4338672351131381,0.19015069966088063,2.746613495926431,0.09728236462008613,0.042635876139276885,0.0,0.0,0.0,0.20500879375176737,0.00600408029672383,0.0026314042104249517,14.132946239653393,0.5314202424185391,0.23290519018678504,11.181323949975194,0.4338672351131381,0.19015069966088063,0.20500879375176737,0.00600408029672383,0.0026314042104249517,0.0,0.0,0.0,300.0,0.0,0.0,0.0,0.0,0.0,0.0,0.0,0.0,0.0,0.0,0.0,0.0,0.0,0.0,1.0,0.0,0.0,0.0,0.0,0.0,0.0,0.0,0.0,0.0,0.0,0.0,0.0,0.0,0.0,1.0,0.0,0.0,16.877166666666668,0.6214586454087001,0.272366260162403,0.0,0.0,0.0,0.0,0.0,0.0,0.0,0.0,0.0,0.0,0.0,0.0,0.0,0.0,0.0,,,,0.0,0.0,0.0,0.0,0.0,0.0
7519e64bff0716c8133dd9b82ddd5d5f9c39c5cd8c2a0fc181c493edbd8cafe2,60,current,Optimized Pattern Generator,dynamic_session,Dynamic Session Pattern Assignment,50,6,5,30,5.0,60,bayesian_windowed,A3) Bayesian Posterior + Hungarian + Lock,False,500,20,0.9613999999999999,0.008512529465131794,0.0037307805307229044,0.9613999999999999,0.008512529465131794,0.0037307805307229044,500.0,0.0,0.0,500.0,0.0,0.0,0.0,0.0,0.0,0.0,0.0,0.0,0.5570731368809912,0.03333876013419872,0.014611355853343154,412.44000000000005,4.75896937095461,2.085710287193608,39.07863551660121,0.9768264551757379,0.4281130697746478,31.359684816653317,0.8113185703442914,0.35557604104076496,7.380544151134382,0.17130880746934105,0.07507939517459059,0.0,0.0,0.0,0.33501197801087984,0.008690427475483618,0.003808747771387798,39.075240945798576,0.976801456898077,0.4281021137964064,31.359684816653317,0.8113185703442914,0.35557604104076496,0.33501197801087984,0.008690427475483618,0.003808747771387798,0.0,0.0,0.0,500.0,0.0,0.0,0.0,0.0,0.0,0.0,0.0,0.0,0.0,0.0,0.0,0.0,0.0,0.0,1.0,0.0,0.0,0.0,0.0,0.0,0.0,0.0,0.0,0.0,0.0,0.0,0.0,0.0,0.0,1.0,0.0,0.0,27.5904,0.6563916032690437,0.28767630397485233,0.0,0.0,0.0,0.0,0.0,0.0,0.0,0.0,0.0,0.0,0.0,0.0,0.0,0.0,0.0,,,,0.0,0.0,0.0,0.0,0.0,0.0
7519e64bff0716c8133dd9b82ddd5d5f9c39c5cd8c2a0fc181c493edbd8cafe2,60,current,Optimized Pattern Generator,dynamic_session,Dynamic Session Pattern Assignment,50,6,5,30,5.0,60,bayesian_windowed_lock_off,A3 Ablation) Lock Off,False,100,20,0.9904999999999997,0.009986833437344559,0.004376922735390582,0.9904999999999997,0.009986833437344559,0.004376922735390582,100.0,0.0,0.0,100.0,0.0,0.0,0.0,0.0,0.0,0.0,0.0,0.0,0.1474522065123816,0.02561969280482463,0.011228325436153024,408.755,13.434734048255972,5.888031803940134,1.7788969312983682,0.08179160786063087,0.03584675265241385,1.343199891167751,0.06442036030573961,0.028233467736617925,0.35550803087535315,0.016639239722018338,0.00729246833802015,0.0,0.0,0.0,0.07954515511082719,0.0069907111211520495,0.003063814234480111,1.7782530771539313,0.0817958430772562,0.035848608817939484,1.343199891167751,0.06442036030573961,0.028233467736617925,0.07954515511082719,0.0069907111211520495,0.003063814234480111,0.0,0.0,0.0,100.0,0.0,0.0,0.0,0.0,0.0,0.0,0.0,0.0,0.0,0.0,0.0,0.0,0.0,0.0,1.0,0.0,0.0,0.0,0.0,0.0,0.0,0.0,0.0,0.0,0.0,0.0,0.0,0.0,0.0,1.0,0.0,0.0,6.2844999999999995,0.3199584676995306,0.14022798121555297,0.0,0.0,0.0,0.0,0.0,0.0,0.0,0.0,0.0,0.0,0.0,0.0,0.0,0.0,0.0,,,,0.0,0.0,0.0,0.0,0.0,0.0
7519e64bff0716c8133dd9b82ddd5d5f9c39c5cd8c2a0fc181c493edbd8cafe2,60,current,Optimized Pattern Generator,dynamic_session,Dynamic Session Pattern Assignment,50,6,5,30,5.0,60,bayesian_windowed_lock_off,A3 Ablation) Lock Off,False,300,20,0.9770000000000001,0.006916376024331034,0.0030312354418773704,0.9770000000000001,0.006916376024331034,0.0030312354418773704,300.0,0.0,0.0,300.0,0.0,0.0,0.0,0.0,0.0,0.0,0.0,0.0,0.3706235821056776,0.025765249209096074,0.011292118342997256,408.4000000000001,7.2669402813447945,3.1848770016736077,14.143004327152449,0.5271323906195855,0.23102595627920366,11.191566904797218,0.42953256656816924,0.18825094740969048,2.7455201120770654,0.09639254550509678,0.042245895717633083,0.0,0.0,0.0,0.20428292497672373,0.006333060567644079,0.002775586171235611,14.141369941851007,0.5271071803854671,0.23101490740694905,11.191566904797218,0.42953256656816924,0.18825094740969048,0.20428292497672373,0.006333060567644079,0.002775586171235611,0.0,0.0,0.0,300.0,0.0,0.0,0.0,0.0,0.0,0.0,0.0,0.0,0.0,0.0,0.0,0.0,0.0,0.0,1.0,0.0,0.0,0.0,0.0,0.0,0.0,0.0,0.0,0.0,0.0,0.0,0.0,0.0,0.0,1.0,0.0,0.0,16.877166666666668,0.6214586454087001,0.272366260162403,0.0,0.0,0.0,0.0,0.0,0.0,0.0,0.0,0.0,0.0,0.0,0.0,0.0,0.0,0.0,,,,0.0,0.0,0.0,0.0,0.0,0.0
7519e64bff0716c8133dd9b82ddd5d5f9c39c5cd8c2a0fc181c493edbd8cafe2,60,current,Optimized Pattern Generator,dynamic_session,Dynamic Session Pattern Assignment,50,6,5,30,5.0,60,bayesian_windowed_lock_off,A3 Ablation) Lock Off,False,500,20,0.9613999999999999,0.008512529465131794,0.0037307805307229044,0.9613999999999999,0.008512529465131794,0.0037307805307229044,500.0,0.0,0.0,500.0,0.0,0.0,0.0,0.0,0.0,0.0,0.0,0.0,0.557078184645639,0.033339391525726174,0.014611632572880812,412.44000000000005,4.75896937095461,2.085710287193608,39.10561555210152,0.974962945913047,0.42729635083058465,31.382261899468723,0.8028222322967371,0.3518523567116717,7.387644851539517,0.1725326834321887,0.07561578246498582,0.0,0.0,0.0,0.3322846699389629,0.008453282443739845,0.003704814378732735,39.1021914209472,0.9749332443712863,0.4272833335559676,31.382261899468723,0.8028222322967371,0.3518523567116717,0.3322846699389629,0.008453282443739845,0.003704814378732735,0.0,0.0,0.0,500.0,0.0,0.0,0.0,0.0,0.0,0.0,0.0,0.0,0.0,0.0,0.0,0.0,0.0,0.0,1.0,0.0,0.0,0.0,0.0,0.0,0.0,0.0,0.0,0.0,0.0,0.0,0.0,0.0,0.0,1.0,0.0,0.0,27.5904,0.6563916032690437,0.28767630397485233,0.0,0.0,0.0,0.0,0.0,0.0,0.0,0.0,0.0,0.0,0.0,0.0,0.0,0.0,0.0,,,,0.0,0.0,0.0,0.0,0.0,0.0
7519e64bff0716c8133dd9b82ddd5d5f9c39c5cd8c2a0fc181c493edbd8cafe2,60,current,Optimized Pattern Generator,dynamic_session,Dynamic Session Pattern Assignment,50,6,5,30,5.0,120,bayesian_windowed,A3) Bayesian Posterior + Hungarian + Lock,False,100,20,0.9889999999999999,0.009679060415469879,0.004242035261274329,0.9889999999999999,0.009679060415469879,0.004242035261274329,100.0,0.0,0.0,100.0,0.0,0.0,0.0,0.0,0.0,0.0,0.0,0.0,0.15515748602865634,0.02471798644539385,0.010833135199928531,413.725,9.564235738581404,4.191711127802981,1.8281332186496002,0.08997280656336655,0.03943232107401686,1.38325315315451,0.07271228994670789,0.031867566131620624,0.3650009917357238,0.019009410371174585,0.008331241425218633,0.0,0.0,0.0,0.07923844456527149,0.005712659744135787,0.002503683521961978,1.8274925894555054,0.089954615497368,0.03942434848782629,1.38325315315451,0.07271228994670789,0.031867566131620624,0.07923844456527149,0.005712659744135787,0.002503683521961978,0.0,0.0,0.0,100.0,0.0,0.0,0.0,0.0,0.0,0.0,0.0,0.0,0.0,0.0,0.0,0.0,0.0,0.0,1.0,0.0,0.0,0.0,0.0,0.0,0.0,0.0,0.0,0.0,0.0,0.0,0.0,0.0,0.0,1.0,0.0,0.0,6.4595,0.3569678593817361,0.15644806227458896,0.0,0.0,0.0,0.0,0.0,0.0,0.0,0.0,0.0,0.0,0.0,0.0,0.0,0.0,0.0,,,,0.0,0.0,0.0,0.0,0.0,0.0
7519e64bff0716c8133dd9b82ddd5d5f9c39c5cd8c2a0fc181c493edbd8cafe2,60,current,Optimized Pattern Generator,dynamic_session,Dynamic Session Pattern Assignment,50,6,5,30,5.0,120,bayesian_windowed,A3) Bayesian Posterior + Hungarian + Lock,False,300,20,0.9753333333333334,0.008193564726294435,0.003590988070383607,0.9753333333333334,0.008193564726294435,0.003590988070383607,300.0,0.0,0.0,300.0,0.0,0.0,0.0,0.0,0.0,0.0,0.0,0.0,0.3763549670334387,0.020509502621072623,0.008988685840903983,410.13,7.127050028255949,3.1235673950755314,14.512872952097677,0.34964399749516034,0.15323823827949315,11.487075012792776,0.2878277808466909,0.12614608682207812,2.816184178716503,0.06512128293892759,0.028540660624954115,0.0,0.0,0.0,0.2079396752465982,0.007650058223319898,0.0033527858429582133,14.511198866755876,0.349628091161121,0.1532312670212329,11.487075012792776,0.2878277808466909,0.12614608682207812,0.2079396752465982,0.007650058223319898,0.0033527858429582133,0.0,0.0,0.0,300.0,0.0,0.0,0.0,0.0,0.0,0.0,0.0,0.0,0.0,0.0,0.0,0.0,0.0,0.0,1.0,0.0,0.0,0.0,0.0,0.0,0.0,0.0,0.0,0.0,0.0,0.0,0.0,0.0,0.0,1.0,0.0,0.0,17.3265,0.4116795935181855,0.18042653698700434,0.0,0.0,0.0,0.0,0.0,0.0,0.0,0.0,0.0,0.0,0.0,0.0,0.0,0.0,0.0,,,,0.0,0.0,0.0,0.0,0.0,0.0
7519e64bff0716c8133dd9b82ddd5d5f9c39c5cd8c2a0fc181c493edbd8cafe2,60,current,Optimized Pattern Generator,dynamic_session,Dynamic Session Pattern Assignment,50,6,5,30,5.0,120,bayesian_windowed,A3) Bayesian Posterior + Hungarian + Lock,False,500,20,0.9601,0.008347076387006797,0.0036582675220871853,0.9601,0.008347076387006797,0.0036582675220871853,500.0,0.0,0.0,500.0,0.0,0.0,0.0,0.0,0.0,0.0,0.0,0.0,0.567484742835494,0.028253275928235125,0.012382544130268073,410.95500000000004,4.91244124111102,2.1529722999171446,40.18569726250134,0.9211639109110044,0.4037178841504469,32.26748864799301,0.7630971171140515,0.3344420573510229,7.57936798165756,0.15806198424812914,0.06927371892171427,0.0,0.0,0.0,0.33538103294558824,0.009436351281211845,0.004135663293173956,40.182237662596165,0.9210937942607264,0.4036871541735572,32.26748864799301,0.7630971171140515,0.3344420573510229,0.33538103294558824,0.009436351281211845,0.004135663293173956,0.0,0.0,0.0,500.0,0.0,0.0,0.0,0.0,0.0,0.0,0.0,0.0,0.0,0.0,0.0,0.0,0.0,0.0,1.0,0.0,0.0,0.0,0.0,0.0,0.0,0.0,0.0,0.0,0.0,0.0,0.0,0.0,0.0,1.0,0.0,0.0,28.341199999999997,0.5972760624174073,0.26176777587215105,0.0,0.0,0.0,0.0,0.0,0.0,0.0,0.0,0.0,0.0,0.0,0.0,0.0,0.0,0.0,,,,0.0,0.0,0.0,0.0,0.0,0.0
7519e64bff0716c8133dd9b82ddd5d5f9c39c5cd8c2a0fc181c493edbd8cafe2,60,current,Optimized Pattern Generator,dynamic_session,Dynamic Session Pattern Assignment,50,6,5,30,5.0,120,bayesian_windowed_lock_off,A3 Ablation) Lock Off,False,100,20,0.9889999999999999,0.009679060415469879,0.004242035261274329,0.9889999999999999,0.009679060415469879,0.004242035261274329,100.0,0.0,0.0,100.0,0.0,0.0,0.0,0.0,0.0,0.0,0.0,0.0,0.15523381296933364,0.024719143278105045,0.010833642204218372,413.725,9.564235738581404,4.191711127802981,1.8282586145491222,0.09297986138187175,0.04075022095532106,1.3837650586792734,0.07179828362376522,0.031466985198707595,0.3646405953375506,0.01875611566495389,0.00822023012565437,0.0,0.0,0.0,0.07923208973516012,0.006041066302401717,0.0026476140421156937,1.8276377437519842,0.0929751845866611,0.04074817125944752,1.3837650586792734,0.07179828362376522,0.031466985198707595,0.07923208973516012,0.006041066302401717,0.0026476140421156937,0.0,0.0,0.0,100.0,0.0,0.0,0.0,0.0,0.0,0.0,0.0,0.0,0.0,0.0,0.0,0.0,0.0,0.0,1.0,0.0,0.0,0.0,0.0,0.0,0.0,0.0,0.0,0.0,0.0,0.0,0.0,0.0,0.0,1.0,0.0,0.0,6.4595,0.3569678593817361,0.15644806227458896,0.0,0.0,0.0,0.0,0.0,0.0,0.0,0.0,0.0,0.0,0.0,0.0,0.0,0.0,0.0,,,,0.0,0.0,0.0,0.0,0.0,0.0
7519e64bff0716c8133dd9b82ddd5d5f9c39c5cd8c2a0fc181c493edbd8cafe2,60,current,Optimized Pattern Generator,dynamic_session,Dynamic Session Pattern Assignment,50,6,5,30,5.0,120,bayesian_windowed_lock_off,A3 Ablation) Lock Off,False,300,20,0.9753333333333334,0.008193564726294435,0.003590988070383607,0.9753333333333334,0.008193564726294435,0.003590988070383607,300.0,0.0,0.0,300.0,0.0,0.0,0.0,0.0,0.0,0.0,0.0,0.0,0.3763774068476812,0.02050350761508321,0.008986058413684087,410.13,7.127050028255949,3.1235673950755314,14.525410474897944,0.3464155418088674,0.1518233051896214,11.501160464108398,0.28069586232637417,0.1230203857162802,2.8162093911189006,0.06569707291322649,0.028793011707519973,0.0,0.0,0.0,0.20638061132776783,0.007701265549080663,0.0033752284429822347,14.523750466555066,0.3464041174069569,0.15181829822472367,11.501160464108398,0.28069586232637417,0.1230203857162802,0.20638061132776783,0.007701265549080663,0.0033752284429822347,0.0,0.0,0.0,300.0,0.0,0.0,0.0,0.0,0.0,0.0,0.0,0.0,0.0,0.0,0.0,0.0,0.0,0.0,1.0,0.0,0.0,0.0,0.0,0.0,0.0,0.0,0.0,0.0,0.0,0.0,0.0,0.0,0.0,1.0,0.0,0.0,17.3265,0.4116795935181855,0.18042653698700434,0.0,0.0,0.0,0.0,0.0,0.0,0.0,0.0,0.0,0.0,0.0,0.0,0.0,0.0,0.0,,,,0.0,0.0,0.0,0.0,0.0,0.0
7519e64bff0716c8133dd9b82ddd5d5f9c39c5cd8c2a0fc181c493edbd8cafe2,60,current,Optimized Pattern Generator,dynamic_session,Dynamic Session Pattern Assignment,50,6,5,30,5.0,120,bayesian_windowed_lock_off,A3 Ablation) Lock Off,False,500,20,0.9601,0.008347076387006797,0.0036582675220871853,0.9601,0.008347076387006797,0.0036582675220871853,500.0,0.0,0.0,500.0,0.0,0.0,0.0,0.0,0.0,0.0,0.0,0.0,0.5674904400910928,0.02825285762662231,0.012382360801503168,410.95500000000004,4.91244124111102,2.1529722999171446,40.22277321870206,0.8749807961602278,0.38347724168734665,32.30253053365304,0.720476824969813,0.31576289074176106,7.583836178791534,0.15319879813204387,0.0671423336321255,0.0,0.0,0.0,0.3329195166574209,0.009053539115385562,0.003967888464195263,40.219286229101996,0.8748748421234163,0.3834308052833016,32.30253053365304,0.720476824969813,0.31576289074176106,0.3329195166574209,0.009053539115385562,0.003967888464195263,0.0,0.0,0.0,500.0,0.0,0.0,0.0,0.0,0.0,0.0,0.0,0.0,0.0,0.0,0.0,0.0,0.0,0.0,1.0,0.0,0.0,0.0,0.0,0.0,0.0,0.0,0.0,0.0,0.0,0.0,0.0,0.0,0.0,1.0,0.0,0.0,28.341199999999997,0.5972760624174073,0.26176777587215105,0.0,0.0,0.0,0.0,0.0,0.0,0.0,0.0,0.0,0.0,0.0,0.0,0.0,0.0,0.0,,,,0.0,0.0,0.0,0.0,0.0,0.0
7519e64bff0716c8133dd9b82ddd5d5f9c39c5cd8c2a0fc181c493edbd8cafe2,60,current,Optimized Pattern Generator,dynamic_session,Dynamic Session Pattern Assignment,50,6,5,30,5.0,180,bayesian_windowed,A3) Bayesian Posterior + Hungarian + Lock,False,100,20,0.994,0.008825799501580885,0.0038680771776984494,0.994,0.008825799501580885,0.0038680771776984494,100.0,0.0,0.0,100.0,0.0,0.0,0.0,0.0,0.0,0.0,0.0,0.0,0.15056835952695286,0.028587464438574486,0.01252900870264604,407.18,10.881979309124345,4.769237711129853,1.8230339520028793,0.07132027174229687,0.031257487254748494,1.3801955399729195,0.05814751234539912,0.025484270904056847,0.36217212012124944,0.014250812283925563,0.006245693860283532,0.0,0.0,0.0,0.08002017531252932,0.006476051221807785,0.002838254588515624,1.8223878354066982,0.0713207362687209,0.03125769084243015,1.3801955399729195,0.05814751234539912,0.025484270904056847,0.08002017531252932,0.006476051221807785,0.002838254588515624,0.0,0.0,0.0,100.0,0.0,0.0,0.0,0.0,0.0,0.0,0.0,0.0,0.0,0.0,0.0,0.0,0.0,0.0,1.0,0.0,0.0,0.0,0.0,0.0,0.0,0.0,0.0,0.0,0.0,0.0,0.0,0.0,0.0,1.0,0.0,0.0,6.4125,0.2734742362540516,0.11985536854234377,0.0,0.0,0.0,0.0,0.0,0.0,0.0,0.0,0.0,0.0,0.0,0.0,0.0,0.0,0.0,,,,0.0,0.0,0.0,0.0,0.0,0.0
7519e64bff0716c8133dd9b82ddd5d5f9c39c5cd8c2a0fc181c493edbd8cafe2,60,current,Optimized Pattern Generator,dynamic_session,Dynamic Session Pattern Assignment,50,6,5,30,5.0,180,bayesian_windowed,A3) Bayesian Posterior + Hungarian + Lock,False,300,20,0.9780000000000001,0.008335087534664885,0.003653013175880676,0.9780000000000001,0.008335087534664885,0.003653013175880676,300.0,0.0,0.0,300.0,0.0,0.0,0.0,0.0,0.0,0.0,0.0,0.0,0.3820720749856702,0.01962017740342758,0.008598921879315198,411.11,6.822709756471593,2.990184390019417,14.945332024953677,0.3344864424313495,0.14659514687439923,11.844445427197206,0.27497068018989296,0.12051121401389527,2.8921488500694976,0.0607227072510998,0.02661289983349059,0.0,0.0,0.0,0.20704821033286863,0.008259432675382622,0.003619855971876745,14.943642487599572,0.33446411316150537,0.14658536064040836,11.844445427197206,0.27497068018989296,0.12051121401389527,0.20704821033286863,0.008259432675382622,0.003619855971876745,0.0,0.0,0.0,300.0,0.0,0.0,0.0,0.0,0.0,0.0,0.0,0.0,0.0,0.0,0.0,0.0,0.0,0.0,1.0,0.0,0.0,0.0,0.0,0.0,0.0,0.0,0.0,0.0,0.0,0.0,0.0,0.0,0.0,1.0,0.0,0.0,17.8125,0.38461475371068354,0.16856484795149987,0.0,0.0,0.0,0.0,0.0,0.0,0.0,0.0,0.0,0.0,0.0,0.0,0.0,0.0,0.0,,,,0.0,0.0,0.0,0.0,0.0,0.0
7519e64bff0716c8133dd9b82ddd5d5f9c39c5cd8c2a0fc181c493edbd8cafe2,60,current,Optimized Pattern Generator,dynamic_session,Dynamic Session Pattern Assignment,50,6,5,30,5.0,180,bayesian_windowed,A3) Bayesian Posterior + Hungarian + Lock,False,500,20,0.967,0.007933937762615278,0.0034772015366262288,0.967,0.007933937762615278,0.0034772015366262288,500.0,0.0,0.0,500.0,0.0,0.0,0.0,0.0,0.0,0.0,0.0,0.0,0.582911679544946,0.029886918210650964,0.013098519428370418,411.2200000000001,3.1059535361014365,1.361244155369017,41.160495691752295,1.0089854727343581,0.4422073806473819,33.07114914070553,0.834718453902949,0.36583149218010164,7.749539446247217,0.17954464369021367,0.07868890954431011,0.0,0.0,0.0,0.3362599193002097,0.010353248173430547,0.004537511073928382,41.15694850625296,1.0088997715112884,0.4421698204303163,33.07114914070553,0.834718453902949,0.36583149218010164,0.3362599193002097,0.010353248173430547,0.004537511073928382,0.0,0.0,0.0,500.0,0.0,0.0,0.0,0.0,0.0,0.0,0.0,0.0,0.0,0.0,0.0,0.0,0.0,0.0,1.0,0.0,0.0,0.0,0.0,0.0,0.0,0.0,0.0,0.0,0.0,0.0,0.0,0.0,0.0,1.0,0.0,0.0,28.980999999999995,0.6932782535476679,0.30384259124196433,0.0,0.0,0.0,0.0,0.0,0.0,0.0,0.0,0.0,0.0,0.0,0.0,0.0,0.0,0.0,,,,0.0,0.0,0.0,0.0,0.0,0.0
7519e64bff0716c8133dd9b82ddd5d5f9c39c5cd8c2a0fc181c493edbd8cafe2,60,current,Optimized Pattern Generator,dynamic_session,Dynamic Session Pattern Assignment,50,6,5,30,5.0,180,bayesian_windowed_lock_off,A3 Ablation) Lock Off,False,100,20,0.994,0.008825799501580885,0.0038680771776984494,0.994,0.008825799501580885,0.0038680771776984494,100.0,0.0,0.0,100.0,0.0,0.0,0.0,0.0,0.0,0.0,0.0,0.0,0.15064377779166713,0.028575540496303058,0.012523782804532216,407.18,10.881979309124345,4.769237711129853,1.8228260605988909,0.07606721986853031,0.03333792899914945,1.3803620163263985,0.06138188906306129,0.02690179900034176,0.36213753015035766,0.014529253594495563,0.006367726145126547,0.0,0.0,0.0,0.07969461187167326,0.00633570143650895,0.0027767435830467076,1.8221941583484296,0.07606067204555526,0.03333505928920319,1.3803620163263985,0.06138188906306129,0.02690179900034176,0.07969461187167326,0.00633570143650895,0.0027767435830467076,0.0,0.0,0.0,100.0,0.0,0.0,0.0,0.0,0.0,0.0,0.0,0.0,0.0,0.0,0.0,0.0,0.0,0.0,1.0,0.0,0.0,0.0,0.0,0.0,0.0,0.0,0.0,0.0,0.0,0.0,0.0,0.0,0.0,1.0,0.0,0.0,6.4125,0.2734742362540516,0.11985536854234377,0.0,0.0,0.0,0.0,0.0,0.0,0.0,0.0,0.0,0.0,0.0,0.0,0.0,0.0,0.0,,,,0.0,0.0,0.0,0.0,0.0,0.0
7519e64bff0716c8133dd9b82ddd5d5f9c39c5cd8c2a0fc181c493edbd8cafe2,60,current,Optimized Pattern Generator,dynamic_session,Dynamic Session Pattern Assignment,50,6,5,30,5.0,180,bayesian_windowed_lock_off,A3 Ablation) Lock Off,False,300,20,0.9780000000000001,0.008335087534664885,0.003653013175880676,0.9780000000000001,0.008335087534664885,0.003653013175880676,300.0,0.0,0.0,300.0,0.0,0.0,0.0,0.0,0.0,0.0,0.0,0.0,0.38208803703540883,0.019617994948407463,0.008597965376229767,411.11,6.822709756471593,2.990184390019417,14.957787612700486,0.33310406200975323,0.1459892919420822,11.85815869907383,0.272348077716578,0.11936180780187015,2.8923408539892987,0.05980063982263074,0.026208785965311125,0.0,0.0,0.0,0.2055951261863811,0.007596086134066393,0.0033291315319083424,14.956094679249508,0.33309560335378957,0.14598558477265455,11.85815869907383,0.272348077716578,0.11936180780187015,0.2055951261863811,0.007596086134066393,0.0033291315319083424,0.0,0.0,0.0,300.0,0.0,0.0,0.0,0.0,0.0,0.0,0.0,0.0,0.0,0.0,0.0,0.0,0.0,0.0,1.0,0.0,0.0,0.0,0.0,0.0,0.0,0.0,0.0,0.0,0.0,0.0,0.0,0.0,0.0,1.0,0.0,0.0,17.8125,0.38461475371068354,0.16856484795149987,0.0,0.0,0.0,0.0,0.0,0.0,0.0,0.0,0.0,0.0,0.0,0.0,0.0,0.0,0.0,,,,0.0,0.0,0.0,0.0,0.0,0.0
7519e64bff0716c8133dd9b82ddd5d5f9c39c5cd8c2a0fc181c493edbd8cafe2,60,current,Optimized Pattern Generator,dynamic_session,Dynamic Session Pattern Assignment,50,6,5,30,5.0,180,bayesian_windowed_lock_off,A3 Ablation) Lock Off,False,500,20,0.967,0.007933937762615278,0.0034772015366262288,0.967,0.007933937762615278,0.0034772015366262288,500.0,0.0,0.0,500.0,0.0,0.0,0.0,0.0,0.0,0.0,0.0,0.0,0.5829156994043397,0.02988481919582807,0.013097599494563782,411.2200000000001,3.1059535361014365,1.361244155369017,41.14333111030137,1.0021272297926984,0.4392016231523251,33.05941686227161,0.8134826535400431,0.35652449231915945,7.7473325029073745,0.18701657250435028,0.08196362673159407,0.0,0.0,0.0,0.3330690431699622,0.008974995643971731,0.003933465270106317,41.139818408348944,1.0019798263174438,0.4391370207309304,33.05941686227161,0.8134826535400431,0.35652449231915945,0.3330690431699622,0.008974995643971731,0.003933465270106317,0.0,0.0,0.0,500.0,0.0,0.0,0.0,0.0,0.0,0.0,0.0,0.0,0.0,0.0,0.0,0.0,0.0,0.0,1.0,0.0,0.0,0.0,0.0,0.0,0.0,0.0,0.0,0.0,0.0,0.0,0.0,0.0,0.0,1.0,0.0,0.0,28.980999999999995,0.6932782535476679,0.30384259124196433,0.0,0.0,0.0,0.0,0.0,0.0,0.0,0.0,0.0,0.0,0.0,0.0,0.0,0.0,0.0,,,,0.0,0.0,0.0,0.0,0.0,0.0
7519e64bff0716c8133dd9b82ddd5d5f9c39c5cd8c2a0fc181c493edbd8cafe2,60,current,Optimized Pattern Generator,dynamic_session,Dynamic Session Pattern Assignment,50,6,5,30,10.0,60,bayesian_windowed,A3) Bayesian Posterior + Hungarian + Lock,False,100,20,0.9894999999999999,0.009986833437344559,0.004376922735390582,0.9894999999999999,0.009986833437344559,0.004376922735390582,100.0,0.0,0.0,100.0,0.0,0.0,0.0,0.0,0.0,0.0,0.0,0.0,0.1405708402731803,0.014098984326668505,0.006179152324154436,412.4750000000001,10.700756244795334,4.689813201307478,1.7193905020016245,0.07711831705766606,0.03379859265325928,1.2947011415279122,0.06118820162841028,0.026816911739369384,0.3438911393779563,0.01501748642204656,0.006581703616211736,0.0,0.0,0.0,0.0801791189936921,0.0063571382826715095,0.0027861386951142744,1.7187713998995604,0.07711628660227084,0.03379770276694664,1.2947011415279122,0.06118820162841028,0.026816911739369384,0.0801791189936921,0.0063571382826715095,0.0027861386951142744,0.0,0.0,0.0,100.0,0.0,0.0,0.0,0.0,0.0,0.0,0.0,0.0,0.0,0.0,0.0,0.0,0.0,0.0,1.0,0.0,0.0,0.0,0.0,0.0,0.0,0.0,0.0,0.0,0.0,0.0,0.0,0.0,0.0,1.0,0.0,0.0,6.069999999999999,0.2814997429184579,0.12337270191961983,0.0,0.0,0.0,0.0,0.0,0.0,0.0,0.0,0.0,0.0,0.0,0.0,0.0,0.0,0.0,,,,0.0,0.0,0.0,0.0,0.0,0.0
7519e64bff0716c8133dd9b82ddd5d5f9c39c5cd8c2a0fc181c493edbd8cafe2,60,current,Optimized Pattern Generator,dynamic_session,Dynamic Session Pattern Assignment,50,6,5,30,10.0,60,bayesian_windowed,A3) Bayesian Posterior + Hungarian + Lock,False,300,20,0.9799999999999999,0.0066666666666666515,0.0029217954905997184,0.9799999999999999,0.0066666666666666515,0.0029217954905997184,300.0,0.0,0.0,300.0,0.0,0.0,0.0,0.0,0.0,0.0,0.0,0.0,0.3738258016209839,0.027118457848267344,0.011885188177962937,413.8950000000001,5.354238360500267,2.3465984245958618,14.158143479102,0.3683883153949401,0.1614532978065848,11.193057726135885,0.3018936454870331,0.1323107238037088,2.756714561479748,0.06633612305771457,0.02907308778208483,0.0,0.0,0.0,0.2067071185869281,0.007215451204684641,0.003162310918873491,14.15647940620256,0.368373164091141,0.16144665745491726,11.193057726135885,0.3018936454870331,0.1323107238037088,0.2067071185869281,0.007215451204684641,0.003162310918873491,0.0,0.0,0.0,300.0,0.0,0.0,0.0,0.0,0.0,0.0,0.0,0.0,0.0,0.0,0.0,0.0,0.0,0.0,1.0,0.0,0.0,0.0,0.0,0.0,0.0,0.0,0.0,0.0,0.0,0.0,0.0,0.0,0.0,1.0,0.0,0.0,16.938833333333335,0.4260704098526988,0.1867335903278388,0.0,0.0,0.0,0.0,0.0,0.0,0.0,0.0,0.0,0.0,0.0,0.0,0.0,0.0,0.0,,,,0.0,0.0,0.0,0.0,0.0,0.0
7519e64bff0716c8133dd9b82ddd5d5f9c39c5cd8c2a0fc181c493edbd8cafe2,60,current,Optimized Pattern Generator,dynamic_session,Dynamic Session Pattern Assignment,50,6,5,30,10.0,60,bayesian_windowed,A3) Bayesian Posterior + Hungarian + Lock,False,500,20,0.9593999999999999,0.009450146197699532,0.004141709181891995,0.9593999999999999,0.009450146197699532,0.004141709181891995,500.0,0.0,0.0,500.0,0.0,0.0,0.0,0.0,0.0,0.0,0.0,0.0,0.5681341791194695,0.023655303114944813,0.010367393695502308,415.3300000000001,3.094154080469198,1.3560728159303461,39.156289987450876,0.8679098490442941,0.380378262477706,31.419358887964336,0.7126879842167639,0.3123492807733723,7.403068531067402,0.15863139988687674,0.06952327632854972,0.0,0.0,0.0,0.33046484762307954,0.009209374662868988,0.0040361864041820955,39.15289226665482,0.8678343855504503,0.38034518914330334,31.419358887964336,0.7126879842167639,0.3123492807733723,0.33046484762307954,0.009209374662868988,0.0040361864041820955,0.0,0.0,0.0,500.0,0.0,0.0,0.0,0.0,0.0,0.0,0.0,0.0,0.0,0.0,0.0,0.0,0.0,0.0,1.0,0.0,0.0,0.0,0.0,0.0,0.0,0.0,0.0,0.0,0.0,0.0,0.0,0.0,0.0,1.0,0.0,0.0,27.674200000000003,0.6054610770226887,0.2653550166867817,0.0,0.0,0.0,0.0,0.0,0.0,0.0,0.0,0.0,0.0,0.0,0.0,0.0,0.0,0.0,,,,0.0,0.0,0.0,0.0,0.0,0.0
7519e64bff0716c8133dd9b82ddd5d5f9c39c5cd8c2a0fc181c493edbd8cafe2,60,current,Optimized Pattern Generator,dynamic_session,Dynamic Session Pattern Assignment,50,6,5,30,10.0,60,bayesian_windowed_lock_off,A3 Ablation) Lock Off,False,100,20,0.9894999999999999,0.009986833437344559,0.004376922735390582,0.9894999999999999,0.009986833437344559,0.004376922735390582,100.0,0.0,0.0,100.0,0.0,0.0,0.0,0.0,0.0,0.0,0.0,0.0,0.14067030178912004,0.014076914478113794,0.00616947978655663,412.4750000000001,10.700756244795334,4.689813201307478,1.7206243833512418,0.08212430695585216,0.035992564459835466,1.296441646743915,0.06468362433644952,0.028348848285282727,0.3440564571559662,0.015072557892650945,0.006605839752382624,0.0,0.0,0.0,0.07950039389979793,0.006836494594312438,0.0029962258615757217,1.7199984977996792,0.08211716506402662,0.03598943438773594,1.296441646743915,0.06468362433644952,0.028348848285282727,0.07950039389979793,0.006836494594312438,0.0029962258615757217,0.0,0.0,0.0,100.0,0.0,0.0,0.0,0.0,0.0,0.0,0.0,0.0,0.0,0.0,0.0,0.0,0.0,0.0,1.0,0.0,0.0,0.0,0.0,0.0,0.0,0.0,0.0,0.0,0.0,0.0,0.0,0.0,0.0,1.0,0.0,0.0,6.069999999999999,0.2814997429184579,0.12337270191961983,0.0,0.0,0.0,0.0,0.0,0.0,0.0,0.0,0.0,0.0,0.0,0.0,0.0,0.0,0.0,,,,0.0,0.0,0.0,0.0,0.0,0.0
7519e64bff0716c8133dd9b82ddd5d5f9c39c5cd8c2a0fc181c493edbd8cafe2,60,current,Optimized Pattern Generator,dynamic_session,Dynamic Session Pattern Assignment,50,6,5,30,10.0,60,bayesian_windowed_lock_off,A3 Ablation) Lock Off,False,300,20,0.9799999999999999,0.0066666666666666515,0.0029217954905997184,0.9799999999999999,0.0066666666666666515,0.0029217954905997184,300.0,0.0,0.0,300.0,0.0,0.0,0.0,0.0,0.0,0.0,0.0,0.0,0.37384261530693946,0.027118381393425428,0.011885154670151086,413.8950000000001,5.354238360500267,2.3465984245958618,14.159908964602801,0.3564295869571921,0.15621215398317698,11.196296717920632,0.2885666980826742,0.1264699315792815,2.7551194775369368,0.06541245218174467,0.028668271172053755,0.0,0.0,0.0,0.20684080854116474,0.008055504113083914,0.003530480338817417,14.158257003998733,0.3564057842105041,0.15620172196948645,11.196296717920632,0.2885666980826742,0.1264699315792815,0.20684080854116474,0.008055504113083914,0.003530480338817417,0.0,0.0,0.0,300.0,0.0,0.0,0.0,0.0,0.0,0.0,0.0,0.0,0.0,0.0,0.0,0.0,0.0,0.0,1.0,0.0,0.0,0.0,0.0,0.0,0.0,0.0,0.0,0.0,0.0,0.0,0.0,0.0,0.0,1.0,0.0,0.0,16.938833333333335,0.4260704098526988,0.1867335903278388,0.0,0.0,0.0,0.0,0.0,0.0,0.0,0.0,0.0,0.0,0.0,0.0,0.0,0.0,0.0,,,,0.0,0.0,0.0,0.0,0.0,0.0
7519e64bff0716c8133dd9b82ddd5d5f9c39c5cd8c2a0fc181c493edbd8cafe2,60,current,Optimized Pattern Generator,dynamic_session,Dynamic Session Pattern Assignment,50,6,5,30,10.0,60,bayesian_windowed_lock_off,A3 Ablation) Lock Off,False,500,20,0.9593999999999999,0.009450146197699532,0.004141709181891995,0.9593999999999999,0.009450146197699532,0.004141709181891995,500.0,0.0,0.0,500.0,0.0,0.0,0.0,0.0,0.0,0.0,0.0,0.0,0.5681367515417646,0.023654111380224187,0.010366871394732401,415.3300000000001,3.094154080469198,1.3560728159303461,39.157709587647695,0.8569437007957161,0.3755721361024145,31.406608342249818,0.7003002040552285,0.30692009674119514,7.409059782481927,0.155290167787871,0.06805891679656143,0.0,0.0,0.0,0.3386436460641562,0.012920455548743237,0.005662639313821828,39.1543117707959,0.8569122936927761,0.3755583713326531,31.406608342249818,0.7003002040552285,0.30692009674119514,0.3386436460641562,0.012920455548743237,0.005662639313821828,0.0,0.0,0.0,500.0,0.0,0.0,0.0,0.0,0.0,0.0,0.0,0.0,0.0,0.0,0.0,0.0,0.0,0.0,1.0,0.0,0.0,0.0,0.0,0.0,0.0,0.0,0.0,0.0,0.0,0.0,0.0,0.0,0.0,1.0,0.0,0.0,27.674200000000003,0.6054610770226887,0.2653550166867817,0.0,0.0,0.0,0.0,0.0,0.0,0.0,0.0,0.0,0.0,0.0,0.0,0.0,0.0,0.0,,,,0.0,0.0,0.0,0.0,0.0,0.0
7519e64bff0716c8133dd9b82ddd5d5f9c39c5cd8c2a0fc181c493edbd8cafe2,60,current,Optimized Pattern Generator,dynamic_session,Dynamic Session Pattern Assignment,50,6,5,30,10.0,120,bayesian_windowed,A3) Bayesian Posterior + Hungarian + Lock,False,100,20,0.9929999999999998,0.007326950970650471,0.0032111778458837736,0.9929999999999998,0.007326950970650471,0.0032111778458837736,100.0,0.0,0.0,100.0,0.0,0.0,0.0,0.0,0.0,0.0,0.0,0.0,0.1457957691144575,0.018897194355518506,0.008282060587941082,413.6,9.468840867203388,4.149902482050187,1.8065784687467386,0.09123993670286822,0.03998766534315671,1.3656252991815563,0.07387908596794565,0.03237893703461595,0.3601477934149443,0.01843737234727711,0.008080534707417349,0.0,0.0,0.0,0.08018531155394157,0.005973684833065718,0.0026180828111273076,1.8059584041504422,0.09123303596166889,0.03998464095997901,1.3656252991815563,0.07387908596794565,0.03237893703461595,0.08018531155394157,0.005973684833065718,0.0026180828111273076,0.0,0.0,0.0,100.0,0.0,0.0,0.0,0.0,0.0,0.0,0.0,0.0,0.0,0.0,0.0,0.0,0.0,0.0,1.0,0.0,0.0,0.0,0.0,0.0,0.0,0.0,0.0,0.0,0.0,0.0,0.0,0.0,0.0,1.0,0.0,0.0,6.380000000000001,0.35161282534539107,0.15410111512967886,0.0,0.0,0.0,0.0,0.0,0.0,0.0,0.0,0.0,0.0,0.0,0.0,0.0,0.0,0.0,,,,0.0,0.0,0.0,0.0,0.0,0.0
7519e64bff0716c8133dd9b82ddd5d5f9c39c5cd8c2a0fc181c493edbd8cafe2,60,current,Optimized Pattern Generator,dynamic_session,Dynamic Session Pattern Assignment,50,6,5,30,10.0,120,bayesian_windowed,A3) Bayesian Posterior + Hungarian + Lock,False,300,20,0.9810000000000001,0.008384056158019132,0.003674474621315273,0.9810000000000001,0.008384056158019132,0.003674474621315273,300.0,0.0,0.0,300.0,0.0,0.0,0.0,0.0,0.0,0.0,0.0,0.0,0.35757875870868727,0.027467521583953273,0.012038172105291794,416.43500000000006,5.549800849912008,2.432307464549914,14.45632546269917,0.32184701946356115,0.14105567551973924,11.442471756562009,0.2613597549541108,0.11454596301737552,2.8060919143710636,0.05968974782841574,0.026160185406014974,0.0,0.0,0.0,0.20608813956787345,0.006157162946780967,0.0026984956399188514,14.454651810500945,0.3218395196259157,0.14105238857096733,11.442471756562009,0.2613597549541108,0.11454596301737552,0.20608813956787345,0.006157162946780967,0.0026984956399188514,0.0,0.0,0.0,300.0,0.0,0.0,0.0,0.0,0.0,0.0,0.0,0.0,0.0,0.0,0.0,0.0,0.0,0.0,1.0,0.0,0.0,0.0,0.0,0.0,0.0,0.0,0.0,0.0,0.0,0.0,0.0,0.0,0.0,1.0,0.0,0.0,17.2615,0.3856815566732414,0.16903239496430383,0.0,0.0,0.0,0.0,0.0,0.0,0.0,0.0,0.0,0.0,0.0,0.0,0.0,0.0,0.0,,,,0.0,0.0,0.0,0.0,0.0,0.0
7519e64bff0716c8133dd9b82ddd5d5f9c39c5cd8c2a0fc181c493edbd8cafe2,60,current,Optimized Pattern Generator,dynamic_session,Dynamic Session Pattern Assignment,50,6,5,30,10.0,120,bayesian_windowed,A3) Bayesian Posterior + Hungarian + Lock,False,500,20,0.9695,0.0070150214765023755,0.00307446871747573,0.9695,0.0070150214765023755,0.00307446871747573,500.0,0.0,0.0,500.0,0.0,0.0,0.0,0.0,0.0,0.0,0.0,0.0,0.5752720719330984,0.03447305655164276,0.01510848317696687,416.035,5.791397885975733,2.5381920341269013,40.17213678745175,0.5438623957765595,0.23835820432300714,32.255401863632144,0.44437794632360555,0.1947572219535416,7.580228989692114,0.10205455547813105,0.04472738099867442,0.0,0.0,0.0,0.33305664662475465,0.008224835937730443,0.003604693283067505,40.16868749994901,0.5438202280409722,0.23833972349805396,32.255401863632144,0.44437794632360555,0.1947572219535416,0.33305664662475465,0.008224835937730443,0.003604693283067505,0.0,0.0,0.0,500.0,0.0,0.0,0.0,0.0,0.0,0.0,0.0,0.0,0.0,0.0,0.0,0.0,0.0,0.0,1.0,0.0,0.0,0.0,0.0,0.0,0.0,0.0,0.0,0.0,0.0,0.0,0.0,0.0,0.0,1.0,0.0,0.0,28.3418,0.37340927172544364,0.1636538289413293,0.0,0.0,0.0,0.0,0.0,0.0,0.0,0.0,0.0,0.0,0.0,0.0,0.0,0.0,0.0,,,,0.0,0.0,0.0,0.0,0.0,0.0
7519e64bff0716c8133dd9b82ddd5d5f9c39c5cd8c2a0fc181c493edbd8cafe2,60,current,Optimized Pattern Generator,dynamic_session,Dynamic Session Pattern Assignment,50,6,5,30,10.0,120,bayesian_windowed_lock_off,A3 Ablation) Lock Off,False,100,20,0.9929999999999998,0.007326950970650471,0.0032111778458837736,0.9929999999999998,0.007326950970650471,0.0032111778458837736,100.0,0.0,0.0,100.0,0.0,0.0,0.0,0.0,0.0,0.0,0.0,0.0,0.14586472981480597,0.01888342383065209,0.008276025389322398,413.6,9.468840867203388,4.149902482050187,1.8063138916026218,0.09486059539429802,0.04157448897879975,1.3657446108816658,0.07317704541317961,0.03207125419554593,0.36002859205182175,0.018390010121514744,0.008059777296768761,0.0,0.0,0.0,0.07990954281704035,0.007067058155050062,0.0030972747973846927,1.8056827457505278,0.09486676002973664,0.04157719074940361,1.3657446108816658,0.07317704541317961,0.03207125419554593,0.07990954281704035,0.007067058155050062,0.0030972747973846927,0.0,0.0,0.0,100.0,0.0,0.0,0.0,0.0,0.0,0.0,0.0,0.0,0.0,0.0,0.0,0.0,0.0,0.0,1.0,0.0,0.0,0.0,0.0,0.0,0.0,0.0,0.0,0.0,0.0,0.0,0.0,0.0,0.0,1.0,0.0,0.0,6.380000000000001,0.35161282534539107,0.15410111512967886,0.0,0.0,0.0,0.0,0.0,0.0,0.0,0.0,0.0,0.0,0.0,0.0,0.0,0.0,0.0,,,,0.0,0.0,0.0,0.0,0.0,0.0
7519e64bff0716c8133dd9b82ddd5d5f9c39c5cd8c2a0fc181c493edbd8cafe2,60,current,Optimized Pattern Generator,dynamic_session,Dynamic Session Pattern Assignment,50,6,5,30,10.0,120,bayesian_windowed_lock_off,A3 Ablation) Lock Off,False,300,20,0.9810000000000001,0.008384056158019132,0.003674474621315273,0.9810000000000001,0.008384056158019132,0.003674474621315273,300.0,0.0,0.0,300.0,0.0,0.0,0.0,0.0,0.0,0.0,0.0,0.0,0.35759321897411117,0.027464369620347442,0.012036790696334286,416.43500000000006,5.549800849912008,2.432307464549914,14.459962306448142,0.32164138631251593,0.14096555281772297,11.44551088376611,0.2633865797549721,0.11543425815188434,2.8058687339740573,0.06041773380108345,0.02647923932583903,0.0,0.0,0.0,0.20692882380244554,0.007989178191346522,0.0035014117219610906,14.458308441542613,0.321619861337445,0.14095611908145836,11.44551088376611,0.2633865797549721,0.11543425815188434,0.20692882380244554,0.007989178191346522,0.0035014117219610906,0.0,0.0,0.0,300.0,0.0,0.0,0.0,0.0,0.0,0.0,0.0,0.0,0.0,0.0,0.0,0.0,0.0,0.0,1.0,0.0,0.0,0.0,0.0,0.0,0.0,0.0,0.0,0.0,0.0,0.0,0.0,0.0,0.0,1.0,0.0,0.0,17.2615,0.3856815566732414,0.16903239496430383,0.0,0.0,0.0,0.0,0.0,0.0,0.0,0.0,0.0,0.0,0.0,0.0,0.0,0.0,0.0,,,,0.0,0.0,0.0,0.0,0.0,0.0
7519e64bff0716c8133dd9b82ddd5d5f9c39c5cd8c2a0fc181c493edbd8cafe2,60,current,Optimized Pattern Generator,dynamic_session,Dynamic Session Pattern Assignment,50,6,5,30,10.0,120,bayesian_windowed_lock_off,A3 Ablation) Lock Off,False,500,20,0.9695,0.0070150214765023755,0.00307446871747573,0.9695,0.0070150214765023755,0.00307446871747573,500.0,0.0,0.0,500.0,0.0,0.0,0.0,0.0,0.0,0.0,0.0,0.0,0.5752763606539257,0.03447367540919235,0.015108754403246527,416.035,5.791397885975733,2.5381920341269013,40.179635362498814,0.5239777868832775,0.22964339023349756,32.26059666882793,0.42669701373763846,0.18700821158865014,7.582611070280836,0.09739897890925306,0.042686984604911,0.0,0.0,0.0,0.332971294093295,0.00815707474029179,0.0035749956289004214,40.17617903320206,0.5239539902309005,0.2296329608907566,32.26059666882793,0.42669701373763846,0.18700821158865014,0.332971294093295,0.00815707474029179,0.0035749956289004214,0.0,0.0,0.0,500.0,0.0,0.0,0.0,0.0,0.0,0.0,0.0,0.0,0.0,0.0,0.0,0.0,0.0,0.0,1.0,0.0,0.0,0.0,0.0,0.0,0.0,0.0,0.0,0.0,0.0,0.0,0.0,0.0,0.0,1.0,0.0,0.0,28.3418,0.37340927172544364,0.1636538289413293,0.0,0.0,0.0,0.0,0.0,0.0,0.0,0.0,0.0,0.0,0.0,0.0,0.0,0.0,0.0,,,,0.0,0.0,0.0,0.0,0.0,0.0
7519e64bff0716c8133dd9b82ddd5d5f9c39c5cd8c2a0fc181c493edbd8cafe2,60,current,Optimized Pattern Generator,dynamic_session,Dynamic Session Pattern Assignment,50,6,5,30,10.0,180,bayesian_windowed,A3) Bayesian Posterior + Hungarian + Lock,False,100,20,0.9949999999999999,0.0060697697866688455,0.002660193898750123,0.9949999999999999,0.0060697697866688455,0.002660193898750123,100.0,0.0,0.0,100.0,0.0,0.0,0.0,0.0,0.0,0.0,0.0,0.0,0.14791704442587583,0.018812202695169766,0.008244811350449252,412.0200000000001,9.946678895622972,4.359324231551198,1.8499045563468826,0.08213841301871615,0.03599874671446539,1.4021881563938223,0.06623597496868676,0.029029195946847785,0.3676270859010401,0.015789526796013618,0.006920065228694416,0.0,0.0,0.0,0.07944912230450427,0.005596670551420366,0.0024528490169268453,1.8492643645993667,0.0821185838249338,0.03599005618711906,1.4021881563938223,0.06623597496868676,0.029029195946847785,0.07944912230450427,0.005596670551420366,0.0024528490169268453,0.0,0.0,0.0,100.0,0.0,0.0,0.0,0.0,0.0,0.0,0.0,0.0,0.0,0.0,0.0,0.0,0.0,0.0,1.0,0.0,0.0,0.0,0.0,0.0,0.0,0.0,0.0,0.0,0.0,0.0,0.0,0.0,0.0,1.0,0.0,0.0,6.517999999999999,0.29400322232390946,0.12885259338116806,0.0,0.0,0.0,0.0,0.0,0.0,0.0,0.0,0.0,0.0,0.0,0.0,0.0,0.0,0.0,,,,0.0,0.0,0.0,0.0,0.0,0.0
7519e64bff0716c8133dd9b82ddd5d5f9c39c5cd8c2a0fc181c493edbd8cafe2,60,current,Optimized Pattern Generator,dynamic_session,Dynamic Session Pattern Assignment,50,6,5,30,10.0,180,bayesian_windowed,A3) Bayesian Posterior + Hungarian + Lock,False,300,20,0.977,0.008439672397400184,0.0036988495129294243,0.977,0.008439672397400184,0.0036988495129294243,300.0,0.0,0.0,300.0,0.0,0.0,0.0,0.0,0.0,0.0,0.0,0.0,0.3898576311414475,0.03319204349684703,0.014547054451931638,417.01000000000005,5.914113360606575,2.5919744621873817,14.949228185451648,0.4854675199390635,0.21276552158858816,11.84295828016766,0.39654786538958214,0.17379476473533417,2.8978678020546793,0.08808679295358247,0.03860573916497534,0.0,0.0,0.0,0.20669135947682662,0.007564197658065413,0.003315155791101079,14.947517441699166,0.4854364558477861,0.21275190715031608,11.84295828016766,0.39654786538958214,0.17379476473533417,0.20669135947682662,0.007564197658065413,0.003315155791101079,0.0,0.0,0.0,300.0,0.0,0.0,0.0,0.0,0.0,0.0,0.0,0.0,0.0,0.0,0.0,0.0,0.0,0.0,1.0,0.0,0.0,0.0,0.0,0.0,0.0,0.0,0.0,0.0,0.0,0.0,0.0,0.0,0.0,1.0,0.0,0.0,17.849166666666665,0.5658909809664585,0.24801265745382797,0.0,0.0,0.0,0.0,0.0,0.0,0.0,0.0,0.0,0.0,0.0,0.0,0.0,0.0,0.0,,,,0.0,0.0,0.0,0.0,0.0,0.0
7519e64bff0716c8133dd9b82ddd5d5f9c39c5cd8c2a0fc181c493edbd8cafe2,60,current,Optimized Pattern Generator,dynamic_session,Dynamic Session Pattern Assignment,50,6,5,30,10.0,180,bayesian_windowed,A3) Bayesian Posterior + Hungarian + Lock,False,500,20,0.9683999999999999,0.00835022848726152,0.003659648990933711,0.9683999999999999,0.00835022848726152,0.003659648990933711,500.0,0.0,0.0,500.0,0.0,0.0,0.0,0.0,0.0,0.0,0.0,0.0,0.572523793685185,0.036891255852761,0.016168305748973672,414.735,4.612714122829136,2.0216110985261753,41.16354034379765,0.7917510066755542,0.34700017814736406,33.06893415407103,0.6497925746899545,0.2847841521831441,7.757110847128206,0.142260563128396,0.062348440775808735,0.0,0.0,0.0,0.3340319133509183,0.008106994534726476,0.003553047011082065,41.16007691455015,0.7917289839027419,0.34699052624162,33.06893415407103,0.6497925746899545,0.2847841521831441,0.3340319133509183,0.008106994534726476,0.003553047011082065,0.0,0.0,0.0,500.0,0.0,0.0,0.0,0.0,0.0,0.0,0.0,0.0,0.0,0.0,0.0,0.0,0.0,0.0,1.0,0.0,0.0,0.0,0.0,0.0,0.0,0.0,0.0,0.0,0.0,0.0,0.0,0.0,0.0,1.0,0.0,0.0,29.010200000000005,0.5406397380102479,0.23694581228360387,0.0,0.0,0.0,0.0,0.0,0.0,0.0,0.0,0.0,0.0,0.0,0.0,0.0,0.0,0.0,,,,0.0,0.0,0.0,0.0,0.0,0.0
7519e64bff0716c8133dd9b82ddd5d5f9c39c5cd8c2a0fc181c493edbd8cafe2,60,current,Optimized Pattern Generator,dynamic_session,Dynamic Session Pattern Assignment,50,6,5,30,10.0,180,bayesian_windowed_lock_off,A3 Ablation) Lock Off,False,100,20,0.9949999999999999,0.0060697697866688455,0.002660193898750123,0.9949999999999999,0.0060697697866688455,0.002660193898750123,100.0,0.0,0.0,100.0,0.0,0.0,0.0,0.0,0.0,0.0,0.0,0.0,0.147993474460527,0.018804683977520952,0.008241516127151042,412.0200000000001,9.946678895622972,4.359324231551198,1.8484970042001805,0.0836314787762323,0.03665311163408732,1.4013926138548414,0.06683355312359268,0.029291096120590537,0.36777155264862815,0.01589197930955877,0.006964967022505942,0.0,0.0,0.0,0.0786896375953802,0.0051635640238300185,0.0022630317120374277,1.8478538040988497,0.08362466897965291,0.03665012710914669,1.4013926138548414,0.06683355312359268,0.029291096120590537,0.0786896375953802,0.0051635640238300185,0.0022630317120374277,0.0,0.0,0.0,100.0,0.0,0.0,0.0,0.0,0.0,0.0,0.0,0.0,0.0,0.0,0.0,0.0,0.0,0.0,1.0,0.0,0.0,0.0,0.0,0.0,0.0,0.0,0.0,0.0,0.0,0.0,0.0,0.0,0.0,1.0,0.0,0.0,6.517999999999999,0.29400322232390946,0.12885259338116806,0.0,0.0,0.0,0.0,0.0,0.0,0.0,0.0,0.0,0.0,0.0,0.0,0.0,0.0,0.0,,,,0.0,0.0,0.0,0.0,0.0,0.0
7519e64bff0716c8133dd9b82ddd5d5f9c39c5cd8c2a0fc181c493edbd8cafe2,60,current,Optimized Pattern Generator,dynamic_session,Dynamic Session Pattern Assignment,50,6,5,30,10.0,180,bayesian_windowed_lock_off,A3 Ablation) Lock Off,False,300,20,0.977,0.008439672397400184,0.0036988495129294243,0.977,0.008439672397400184,0.0036988495129294243,300.0,0.0,0.0,300.0,0.0,0.0,0.0,0.0,0.0,0.0,0.0,0.0,0.3898754674197459,0.03319417803044598,0.014547989952528229,417.01000000000005,5.914113360606575,2.5919744621873817,14.955244056251832,0.4758091290197391,0.20853254513340846,11.850116530070954,0.38943609160765846,0.17067789245040568,2.89831994168635,0.08803053081454743,0.03858108119535672,0.0,0.0,0.0,0.2051145719946362,0.006741946549951686,0.0029547883541269815,14.95355104375194,0.47578902318309374,0.2085237333619817,11.850116530070954,0.38943609160765846,0.17067789245040568,0.2051145719946362,0.006741946549951686,0.0029547883541269815,0.0,0.0,0.0,300.0,0.0,0.0,0.0,0.0,0.0,0.0,0.0,0.0,0.0,0.0,0.0,0.0,0.0,0.0,1.0,0.0,0.0,0.0,0.0,0.0,0.0,0.0,0.0,0.0,0.0,0.0,0.0,0.0,0.0,1.0,0.0,0.0,17.849166666666665,0.5658909809664585,0.24801265745382797,0.0,0.0,0.0,0.0,0.0,0.0,0.0,0.0,0.0,0.0,0.0,0.0,0.0,0.0,0.0,,,,0.0,0.0,0.0,0.0,0.0,0.0
7519e64bff0716c8133dd9b82ddd5d5f9c39c5cd8c2a0fc181c493edbd8cafe2,60,current,Optimized Pattern Generator,dynamic_session,Dynamic Session Pattern Assignment,50,6,5,30,10.0,180,bayesian_windowed_lock_off,A3 Ablation) Lock Off,False,500,20,0.9683999999999999,0.00835022848726152,0.003659648990933711,0.9683999999999999,0.00835022848726152,0.003659648990933711,500.0,0.0,0.0,500.0,0.0,0.0,0.0,0.0,0.0,0.0,0.0,0.0,0.5725263156544217,0.03689179829963446,0.016168543486797984,414.735,4.612714122829136,2.0216110985261753,41.1726592563471,0.7957320420004608,0.3487449438063986,33.08053712089313,0.6574576552364252,0.28814352184950837,7.75656448584341,0.14061732522471357,0.06162826001126446,0.0,0.0,0.0,0.33202362041047306,0.00912292167107268,0.003998296709945199,41.16912522714701,0.795640491019188,0.34870481981976215,33.08053712089313,0.6574576552364252,0.28814352184950837,0.33202362041047306,0.00912292167107268,0.003998296709945199,0.0,0.0,0.0,500.0,0.0,0.0,0.0,0.0,0.0,0.0,0.0,0.0,0.0,0.0,0.0,0.0,0.0,0.0,1.0,0.0,0.0,0.0,0.0,0.0,0.0,0.0,0.0,0.0,0.0,0.0,0.0,0.0,0.0,1.0,0.0,0.0,29.010200000000005,0.5406397380102479,0.23694581228360387,0.0,0.0,0.0,0.0,0.0,0.0,0.0,0.0,0.0,0.0,0.0,0.0,0.0,0.0,0.0,,,,0.0,0.0,0.0,0.0,0.0,0.0
7519e64bff0716c8133dd9b82ddd5d5f9c39c5cd8c2a0fc181c493edbd8cafe2,60,current,Optimized Pattern Generator,dynamic_session,Dynamic Session Pattern Assignment,50,6,5,30,15.0,60,bayesian_windowed,A3) Bayesian Posterior + Hungarian + Lock,False,100,20,0.9909999999999999,0.00852241626226791,0.0037351136106162216,0.9909999999999999,0.00852241626226791,0.0037351136106162216,100.0,0.0,0.0,100.0,0.0,0.0,0.0,0.0,0.0,0.0,0.0,0.0,0.15087090685325746,0.024172765366788754,0.010594181526601288,414.98000000000013,12.37619106442518,5.424104886425716,1.7738636499474523,0.1313722899147312,0.0575764446393932,1.338316965632839,0.10562171577946158,0.0462907579310755,0.35473397572932297,0.02583583246223662,0.011323052817607943,0.0,0.0,0.0,0.08018422119348542,0.005833093201672882,0.002556465811934361,1.7732351625556475,0.13137505365058122,0.057577655900034774,1.338316965632839,0.10562171577946158,0.0462907579310755,0.08018422119348542,0.005833093201672882,0.002556465811934361,0.0,0.0,0.0,100.0,0.0,0.0,0.0,0.0,0.0,0.0,0.0,0.0,0.0,0.0,0.0,0.0,0.0,0.0,1.0,0.0,0.0,0.0,0.0,0.0,0.0,0.0,0.0,0.0,0.0,0.0,0.0,0.0,0.0,1.0,0.0,0.0,6.278,0.4964357169388918,0.21757254586870434,0.0,0.0,0.0,0.0,0.0,0.0,0.0,0.0,0.0,0.0,0.0,0.0,0.0,0.0,0.0,,,,0.0,0.0,0.0,0.0,0.0,0.0
7519e64bff0716c8133dd9b82ddd5d5f9c39c5cd8c2a0fc181c493edbd8cafe2,60,current,Optimized Pattern Generator,dynamic_session,Dynamic Session Pattern Assignment,50,6,5,30,15.0,60,bayesian_windowed,A3) Bayesian Posterior + Hungarian + Lock,False,300,20,0.9810000000000001,0.007422110164787738,0.003252883201531679,0.9810000000000001,0.007422110164787738,0.003252883201531679,300.0,0.0,0.0,300.0,0.0,0.0,0.0,0.0,0.0,0.0,0.0,0.0,0.3661113330804348,0.029866771797204497,0.013089689873376472,421.2750000000001,5.820279881134292,2.550850126608972,14.186568252102006,0.45527974964609197,0.1995351479215985,11.213235563214402,0.37132746598267063,0.1627414373465985,2.7657540719636016,0.08512304825215625,0.037306820779387934,0.0,0.0,0.0,0.2059223001720966,0.007473400127241519,0.0032753620186832524,14.184911935350101,0.4552520111646366,0.19952299099609364,11.213235563214402,0.37132746598267063,0.1627414373465985,0.2059223001720966,0.007473400127241519,0.0032753620186832524,0.0,0.0,0.0,300.0,0.0,0.0,0.0,0.0,0.0,0.0,0.0,0.0,0.0,0.0,0.0,0.0,0.0,0.0,1.0,0.0,0.0,0.0,0.0,0.0,0.0,0.0,0.0,0.0,0.0,0.0,0.0,0.0,0.0,1.0,0.0,0.0,16.998166666666663,0.545954258735637,0.23927500368712495,0.0,0.0,0.0,0.0,0.0,0.0,0.0,0.0,0.0,0.0,0.0,0.0,0.0,0.0,0.0,,,,0.0,0.0,0.0,0.0,0.0,0.0
7519e64bff0716c8133dd9b82ddd5d5f9c39c5cd8c2a0fc181c493edbd8cafe2,60,current,Optimized Pattern Generator,dynamic_session,Dynamic Session Pattern Assignment,50,6,5,30,15.0,60,bayesian_windowed,A3) Bayesian Posterior + Hungarian + Lock,False,500,20,0.9618999999999998,0.008220001280573604,0.0036025744011455884,0.9618999999999998,0.008220001280573604,0.0036025744011455884,500.0,0.0,0.0,500.0,0.0,0.0,0.0,0.0,0.0,0.0,0.0,0.0,0.5647191803966528,0.030305036666310032,0.013281767921112596,421.21000000000004,4.106977374894429,1.7999621960942458,39.137196206249065,0.8114506163805346,0.35563391276775197,31.381558320988553,0.6621116308336286,0.29018321658649887,7.414881561476795,0.15040529437409328,0.06591802662968249,0.0,0.0,0.0,0.3373557945349603,0.009042333915689533,0.003962977568903794,39.13379567700031,0.8114389896602058,0.3556288171328979,31.381558320988553,0.6621116308336286,0.29018321658649887,0.3373557945349603,0.009042333915689533,0.003962977568903794,0.0,0.0,0.0,500.0,0.0,0.0,0.0,0.0,0.0,0.0,0.0,0.0,0.0,0.0,0.0,0.0,0.0,0.0,1.0,0.0,0.0,0.0,0.0,0.0,0.0,0.0,0.0,0.0,0.0,0.0,0.0,0.0,0.0,1.0,0.0,0.0,27.697000000000003,0.5606704633035813,0.24572466470892937,0.0,0.0,0.0,0.0,0.0,0.0,0.0,0.0,0.0,0.0,0.0,0.0,0.0,0.0,0.0,,,,0.0,0.0,0.0,0.0,0.0,0.0
7519e64bff0716c8133dd9b82ddd5d5f9c39c5cd8c2a0fc181c493edbd8cafe2,60,current,Optimized Pattern Generator,dynamic_session,Dynamic Session Pattern Assignment,50,6,5,30,15.0,60,bayesian_windowed_lock_off,A3 Ablation) Lock Off,False,100,20,0.9909999999999999,0.00852241626226791,0.0037351136106162216,0.9909999999999999,0.00852241626226791,0.0037351136106162216,100.0,0.0,0.0,100.0,0.0,0.0,0.0,0.0,0.0,0.0,0.0,0.0,0.15096441826925933,0.024171230733516007,0.010593508943914882,414.98000000000013,12.37619106442518,5.424104886425716,1.7719912959481008,0.1343020387298736,0.05886046367089414,1.3377093961069477,0.10825619398698333,0.04744536891309854,0.3545270427421201,0.026454184243696218,0.011594057434608887,0.0,0.0,0.0,0.07912615909881424,0.006026840295905217,0.0026413792198710867,1.771362597947882,0.13429106348446626,0.05885565355751324,1.3377093961069477,0.10825619398698333,0.04744536891309854,0.07912615909881424,0.006026840295905217,0.0026413792198710867,0.0,0.0,0.0,100.0,0.0,0.0,0.0,0.0,0.0,0.0,0.0,0.0,0.0,0.0,0.0,0.0,0.0,0.0,1.0,0.0,0.0,0.0,0.0,0.0,0.0,0.0,0.0,0.0,0.0,0.0,0.0,0.0,0.0,1.0,0.0,0.0,6.278,0.4964357169388918,0.21757254586870434,0.0,0.0,0.0,0.0,0.0,0.0,0.0,0.0,0.0,0.0,0.0,0.0,0.0,0.0,0.0,,,,0.0,0.0,0.0,0.0,0.0,0.0
7519e64bff0716c8133dd9b82ddd5d5f9c39c5cd8c2a0fc181c493edbd8cafe2,60,current,Optimized Pattern Generator,dynamic_session,Dynamic Session Pattern Assignment,50,6,5,30,15.0,60,bayesian_windowed_lock_off,A3 Ablation) Lock Off,False,300,20,0.9810000000000001,0.007422110164787738,0.003252883201531679,0.9810000000000001,0.007422110164787738,0.003252883201531679,300.0,0.0,0.0,300.0,0.0,0.0,0.0,0.0,0.0,0.0,0.0,0.0,0.36612963407385657,0.029862420648729387,0.013087782898477446,421.2750000000001,5.820279881134292,2.550850126608972,14.19072413540125,0.4668789386542927,0.20461871664241468,11.222396984130318,0.381246923309774,0.16708883119972753,2.763423563512333,0.08663017385477778,0.037967347697813986,0.0,0.0,0.0,0.20325775660166984,0.007103337127378467,0.0031131747580476015,14.189078304244322,0.46685697269141185,0.2046090896347209,11.222396984130318,0.381246923309774,0.16708883119972753,0.20325775660166984,0.007103337127378467,0.0031131747580476015,0.0,0.0,0.0,300.0,0.0,0.0,0.0,0.0,0.0,0.0,0.0,0.0,0.0,0.0,0.0,0.0,0.0,0.0,1.0,0.0,0.0,0.0,0.0,0.0,0.0,0.0,0.0,0.0,0.0,0.0,0.0,0.0,0.0,1.0,0.0,0.0,16.998166666666663,0.545954258735637,0.23927500368712495,0.0,0.0,0.0,0.0,0.0,0.0,0.0,0.0,0.0,0.0,0.0,0.0,0.0,0.0,0.0,,,,0.0,0.0,0.0,0.0,0.0,0.0
7519e64bff0716c8133dd9b82ddd5d5f9c39c5cd8c2a0fc181c493edbd8cafe2,60,current,Optimized Pattern Generator,dynamic_session,Dynamic Session Pattern Assignment,50,6,5,30,15.0,60,bayesian_windowed_lock_off,A3 Ablation) Lock Off,False,500,20,0.9618999999999998,0.008220001280573604,0.0036025744011455884,0.9618999999999998,0.008220001280573604,0.0036025744011455884,500.0,0.0,0.0,500.0,0.0,0.0,0.0,0.0,0.0,0.0,0.0,0.0,0.5647256977059156,0.030303958542227574,0.01328129541240023,421.21000000000004,4.106977374894429,1.7999621960942458,39.151392456401666,0.8211378696269741,0.35987953869551365,31.403809689721676,0.6699797862670048,0.29363158774618536,7.411793438953464,0.15176167654872016,0.0665124873278857,0.0,0.0,0.0,0.33242194218037185,0.007740843512485912,0.0033925742502329214,39.14802507085551,0.8211038490639162,0.35986462852635415,31.403809689721676,0.6699797862670048,0.29363158774618536,0.33242194218037185,0.007740843512485912,0.0033925742502329214,0.0,0.0,0.0,500.0,0.0,0.0,0.0,0.0,0.0,0.0,0.0,0.0,0.0,0.0,0.0,0.0,0.0,0.0,1.0,0.0,0.0,0.0,0.0,0.0,0.0,0.0,0.0,0.0,0.0,0.0,0.0,0.0,0.0,1.0,0.0,0.0,27.697000000000003,0.5606704633035813,0.24572466470892937,0.0,0.0,0.0,0.0,0.0,0.0,0.0,0.0,0.0,0.0,0.0,0.0,0.0,0.0,0.0,,,,0.0,0.0,0.0,0.0,0.0,0.0
7519e64bff0716c8133dd9b82ddd5d5f9c39c5cd8c2a0fc181c493edbd8cafe2,60,current,Optimized Pattern Generator,dynamic_session,Dynamic Session Pattern Assignment,50,6,5,30,15.0,120,bayesian_windowed,A3) Bayesian Posterior + Hungarian + Lock,False,100,20,0.9919999999999998,0.008944271909999166,0.003920000000000003,0.9919999999999998,0.008944271909999166,0.003920000000000003,100.0,0.0,0.0,100.0,0.0,0.0,0.0,0.0,0.0,0.0,0.0,0.0,0.14501556869261603,0.017145473397411275,0.007514335028513073,417.505,9.817196244614,4.3025759576768605,1.812070162400778,0.07843010150466326,0.034373507535540575,1.369717881451652,0.0660595224501507,0.028951862220903242,0.36125752799853217,0.015150968864798673,0.006640204876107839,0.0,0.0,0.0,0.08046383210312343,0.006483801478195522,0.002841651288140326,1.8114392415533076,0.07842133041114571,0.03436966343431749,1.369717881451652,0.0660595224501507,0.028951862220903242,0.08046383210312343,0.006483801478195522,0.002841651288140326,0.0,0.0,0.0,100.0,0.0,0.0,0.0,0.0,0.0,0.0,0.0,0.0,0.0,0.0,0.0,0.0,0.0,0.0,1.0,0.0,0.0,0.0,0.0,0.0,0.0,0.0,0.0,0.0,0.0,0.0,0.0,0.0,0.0,1.0,0.0,0.0,6.401999999999999,0.2850226214475653,0.12491667150966132,0.0,0.0,0.0,0.0,0.0,0.0,0.0,0.0,0.0,0.0,0.0,0.0,0.0,0.0,0.0,,,,0.0,0.0,0.0,0.0,0.0,0.0
7519e64bff0716c8133dd9b82ddd5d5f9c39c5cd8c2a0fc181c493edbd8cafe2,60,current,Optimized Pattern Generator,dynamic_session,Dynamic Session Pattern Assignment,50,6,5,30,15.0,120,bayesian_windowed,A3) Bayesian Posterior + Hungarian + Lock,False,300,20,0.9785,0.011821033884786173,0.005180796524819218,0.9785,0.011821033884786173,0.005180796524819218,300.0,0.0,0.0,300.0,0.0,0.0,0.0,0.0,0.0,0.0,0.0,0.0,0.3634717443777853,0.030941501798860894,0.013560711064244255,421.6650000000001,5.699702208287536,2.4980046314903723,14.597378916601883,0.4017872400456156,0.17609102192186835,11.555100281674822,0.32644978622850956,0.14307292699645552,2.8350391038140517,0.07236586645842245,0.031715739343734096,0.0,0.0,0.0,0.20555459166062065,0.006179364075893447,0.002708225713757911,14.595693977149494,0.4017528802340196,0.1760759630704815,11.555100281674822,0.32644978622850956,0.14307292699645552,0.20555459166062065,0.006179364075893447,0.002708225713757911,0.0,0.0,0.0,300.0,0.0,0.0,0.0,0.0,0.0,0.0,0.0,0.0,0.0,0.0,0.0,0.0,0.0,0.0,1.0,0.0,0.0,0.0,0.0,0.0,0.0,0.0,0.0,0.0,0.0,0.0,0.0,0.0,0.0,1.0,0.0,0.0,17.439500000000002,0.45924203380574313,0.20127169552012003,0.0,0.0,0.0,0.0,0.0,0.0,0.0,0.0,0.0,0.0,0.0,0.0,0.0,0.0,0.0,,,,0.0,0.0,0.0,0.0,0.0,0.0
7519e64bff0716c8133dd9b82ddd5d5f9c39c5cd8c2a0fc181c493edbd8cafe2,60,current,Optimized Pattern Generator,dynamic_session,Dynamic Session Pattern Assignment,50,6,5,30,15.0,120,bayesian_windowed,A3) Bayesian Posterior + Hungarian + Lock,False,500,20,0.9673,0.008566151257619795,0.0037542813174463014,0.9673,0.008566151257619795,0.0037542813174463014,500.0,0.0,0.0,500.0,0.0,0.0,0.0,0.0,0.0,0.0,0.0,0.0,0.5820286180825559,0.035051012590384865,0.015361783579131103,421.6650000000001,4.7268855886747465,2.071648949635605,40.420069010497535,0.982904200708675,0.43077675919832004,32.445531513962486,0.8150210425678855,0.35719872103781014,7.6366338425621505,0.17230582653359133,0.07551635804548584,0.0,0.0,0.0,0.33445935817144345,0.00971217833058789,0.00425654982753181,40.416624714696084,0.9828775392541808,0.43076507430069294,32.445531513962486,0.8150210425678855,0.35719872103781014,0.33445935817144345,0.00971217833058789,0.00425654982753181,0.0,0.0,0.0,500.0,0.0,0.0,0.0,0.0,0.0,0.0,0.0,0.0,0.0,0.0,0.0,0.0,0.0,0.0,1.0,0.0,0.0,0.0,0.0,0.0,0.0,0.0,0.0,0.0,0.0,0.0,0.0,0.0,0.0,1.0,0.0,0.0,28.5422,0.6545017872196259,0.28684805557316456,0.0,0.0,0.0,0.0,0.0,0.0,0.0,0.0,0.0,0.0,0.0,0.0,0.0,0.0,0.0,,,,0.0,0.0,0.0,0.0,0.0,0.0
7519e64bff0716c8133dd9b82ddd5d5f9c39c5cd8c2a0fc181c493edbd8cafe2,60,current,Optimized Pattern Generator,dynamic_session,Dynamic Session Pattern Assignment,50,6,5,30,15.0,120,bayesian_windowed_lock_off,A3 Ablation) Lock Off,False,100,20,0.9919999999999998,0.008944271909999166,0.003920000000000003,0.9919999999999998,0.008944271909999166,0.003920000000000003,100.0,0.0,0.0,100.0,0.0,0.0,0.0,0.0,0.0,0.0,0.0,0.0,0.14510634797046468,0.017142196613431065,0.007512898914614514,417.505,9.817196244614,4.3025759576768605,1.8132123415998649,0.07893973328299483,0.0345968635103099,1.3716545136878266,0.06444757601362036,0.028245395546501847,0.36137642946559934,0.014842035019519658,0.006504808648703361,0.0,0.0,0.0,0.0795381672491203,0.006675929094860626,0.002925854928739092,1.8125691104025463,0.07895592593302038,0.034603960252083725,1.3716545136878266,0.06444757601362036,0.028245395546501847,0.0795381672491203,0.006675929094860626,0.002925854928739092,0.0,0.0,0.0,100.0,0.0,0.0,0.0,0.0,0.0,0.0,0.0,0.0,0.0,0.0,0.0,0.0,0.0,0.0,1.0,0.0,0.0,0.0,0.0,0.0,0.0,0.0,0.0,0.0,0.0,0.0,0.0,0.0,0.0,1.0,0.0,0.0,6.401999999999999,0.2850226214475653,0.12491667150966132,0.0,0.0,0.0,0.0,0.0,0.0,0.0,0.0,0.0,0.0,0.0,0.0,0.0,0.0,0.0,,,,0.0,0.0,0.0,0.0,0.0,0.0
7519e64bff0716c8133dd9b82ddd5d5f9c39c5cd8c2a0fc181c493edbd8cafe2,60,current,Optimized Pattern Generator,dynamic_session,Dynamic Session Pattern Assignment,50,6,5,30,15.0,120,bayesian_windowed_lock_off,A3 Ablation) Lock Off,False,300,20,0.9785,0.011821033884786173,0.005180796524819218,0.9785,0.011821033884786173,0.005180796524819218,300.0,0.0,0.0,300.0,0.0,0.0,0.0,0.0,0.0,0.0,0.0,0.0,0.36349092781269354,0.0309383239990797,0.013559318332083648,421.6650000000001,5.699702208287536,2.4980046314903723,14.604363768699113,0.4027664371035988,0.1765201739541319,11.560486070894694,0.329960131483664,0.14461140363699926,2.8358723837416617,0.07219298481485739,0.03163997062274771,0.0,0.0,0.0,0.20631591401179322,0.008805317114536068,0.0038591003757828097,14.602674368648149,0.40272895688327354,0.17650374752332196,11.560486070894694,0.329960131483664,0.14461140363699926,0.20631591401179322,0.008805317114536068,0.0038591003757828097,0.0,0.0,0.0,300.0,0.0,0.0,0.0,0.0,0.0,0.0,0.0,0.0,0.0,0.0,0.0,0.0,0.0,0.0,1.0,0.0,0.0,0.0,0.0,0.0,0.0,0.0,0.0,0.0,0.0,0.0,0.0,0.0,0.0,1.0,0.0,0.0,17.439500000000002,0.45924203380574313,0.20127169552012003,0.0,0.0,0.0,0.0,0.0,0.0,0.0,0.0,0.0,0.0,0.0,0.0,0.0,0.0,0.0,,,,0.0,0.0,0.0,0.0,0.0,0.0
7519e64bff0716c8133dd9b82ddd5d5f9c39c5cd8c2a0fc181c493edbd8cafe2,60,current,Optimized Pattern Generator,dynamic_session,Dynamic Session Pattern Assignment,50,6,5,30,15.0,120,bayesian_windowed_lock_off,A3 Ablation) Lock Off,False,500,20,0.9673,0.008566151257619795,0.0037542813174463014,0.9673,0.008566151257619795,0.0037542813174463014,500.0,0.0,0.0,500.0,0.0,0.0,0.0,0.0,0.0,0.0,0.0,0.0,0.5820309945668084,0.03505088038140882,0.0153617256359926,421.6650000000001,4.7268855886747465,2.071648949635605,40.42500968954264,0.9733182891920832,0.42657554824195015,32.45193456566776,0.802104475432918,0.3515377858964636,7.634809965883323,0.1702255979893945,0.07460465768850817,0.0,0.0,0.0,0.3347819539005286,0.00920582321006054,0.004034629911361976,40.421526485451615,0.9732531657969677,0.42654700665562306,32.45193456566776,0.802104475432918,0.3515377858964636,0.3347819539005286,0.00920582321006054,0.004034629911361976,0.0,0.0,0.0,500.0,0.0,0.0,0.0,0.0,0.0,0.0,0.0,0.0,0.0,0.0,0.0,0.0,0.0,0.0,1.0,0.0,0.0,0.0,0.0,0.0,0.0,0.0,0.0,0.0,0.0,0.0,0.0,0.0,0.0,1.0,0.0,0.0,28.5422,0.6545017872196259,0.28684805557316456,0.0,0.0,0.0,0.0,0.0,0.0,0.0,0.0,0.0,0.0,0.0,0.0,0.0,0.0,0.0,,,,0.0,0.0,0.0,0.0,0.0,0.0
7519e64bff0716c8133dd9b82ddd5d5f9c39c5cd8c2a0fc181c493edbd8cafe2,60,current,Optimized Pattern Generator,dynamic_session,Dynamic Session Pattern Assignment,50,6,5,30,15.0,180,bayesian_windowed,A3) Bayesian Posterior + Hungarian + Lock,False,100,20,0.9945,0.0060480531882929995,0.0026506761798692664,0.9945,0.0060480531882929995,0.0026506761798692664,100.0,0.0,0.0,100.0,0.0,0.0,0.0,0.0,0.0,0.0,0.0,0.0,0.148939363723876,0.018488269510084875,0.008102841372533757,415.3300000000001,9.082667125094,3.9806543773077028,1.8668024917467847,0.09563460486181344,0.04191371358457996,1.4158222533238587,0.07843387016725387,0.034375159224744996,0.3711106913120602,0.01831559041016765,0.008027161420214911,0.0,0.0,0.0,0.07923962616332574,0.005402064458604043,0.0023675591362617506,1.8661725707992445,0.09562810344089757,0.04191086421123279,1.4158222533238587,0.07843387016725387,0.034375159224744996,0.07923962616332574,0.005402064458604043,0.0023675591362617506,0.0,0.0,0.0,100.0,0.0,0.0,0.0,0.0,0.0,0.0,0.0,0.0,0.0,0.0,0.0,0.0,0.0,0.0,1.0,0.0,0.0,0.0,0.0,0.0,0.0,0.0,0.0,0.0,0.0,0.0,0.0,0.0,0.0,1.0,0.0,0.0,6.585000000000001,0.3562007121952749,0.15611184519608468,0.0,0.0,0.0,0.0,0.0,0.0,0.0,0.0,0.0,0.0,0.0,0.0,0.0,0.0,0.0,,,,0.0,0.0,0.0,0.0,0.0,0.0
7519e64bff0716c8133dd9b82ddd5d5f9c39c5cd8c2a0fc181c493edbd8cafe2,60,current,Optimized Pattern Generator,dynamic_session,Dynamic Session Pattern Assignment,50,6,5,30,15.0,180,bayesian_windowed,A3) Bayesian Posterior + Hungarian + Lock,False,300,20,0.9745000000000001,0.011761519176251558,0.005154713053766099,0.9745000000000001,0.011761519176251558,0.005154713053766099,300.0,0.0,0.0,300.0,0.0,0.0,0.0,0.0,0.0,0.0,0.0,0.0,0.38279098924976596,0.0388422677143505,0.01702337439786849,420.8,5.764592467450706,2.5264440414813922,14.900166233252094,0.44090011267180884,0.19323299415141026,11.801975272549317,0.3618796117387146,0.15860073265772334,2.8893405812748822,0.08019556530315922,0.03514725616032995,0.0,0.0,0.0,0.20715441487554925,0.007004726110372909,0.0030699565743260576,14.898470268699748,0.4408844381450776,0.19322612448718215,11.801975272549317,0.3618796117387146,0.15860073265772334,0.20715441487554925,0.007004726110372909,0.0030699565743260576,0.0,0.0,0.0,300.0,0.0,0.0,0.0,0.0,0.0,0.0,0.0,0.0,0.0,0.0,0.0,0.0,0.0,0.0,1.0,0.0,0.0,0.0,0.0,0.0,0.0,0.0,0.0,0.0,0.0,0.0,0.0,0.0,0.0,1.0,0.0,0.0,17.798166666666667,0.5146036628557569,0.22553499923670775,0.0,0.0,0.0,0.0,0.0,0.0,0.0,0.0,0.0,0.0,0.0,0.0,0.0,0.0,0.0,,,,0.0,0.0,0.0,0.0,0.0,0.0
7519e64bff0716c8133dd9b82ddd5d5f9c39c5cd8c2a0fc181c493edbd8cafe2,60,current,Optimized Pattern Generator,dynamic_session,Dynamic Session Pattern Assignment,50,6,5,30,15.0,180,bayesian_windowed,A3) Bayesian Posterior + Hungarian + Lock,False,500,20,0.9625000000000001,0.0100498756211209,0.004404552190631873,0.9625000000000001,0.0100498756211209,0.004404552190631873,500.0,0.0,0.0,500.0,0.0,0.0,0.0,0.0,0.0,0.0,0.0,0.0,0.5775262920645485,0.03707570756428177,0.016249145275816886,421.43500000000006,4.5099043052048495,1.9765527092975723,41.06241436879791,1.1285101139090363,0.49459136428734063,32.97622873428772,0.9354100442217883,0.40996152736033653,7.745605467377755,0.19380311878457823,0.08493796177934153,0.0,0.0,0.0,0.33703140878351406,0.008927538662884404,0.003912666331105552,41.05886561044899,1.128394790002464,0.4945408213568135,32.97622873428772,0.9354100442217883,0.40996152736033653,0.33703140878351406,0.008927538662884404,0.003912666331105552,0.0,0.0,0.0,500.0,0.0,0.0,0.0,0.0,0.0,0.0,0.0,0.0,0.0,0.0,0.0,0.0,0.0,0.0,1.0,0.0,0.0,0.0,0.0,0.0,0.0,0.0,0.0,0.0,0.0,0.0,0.0,0.0,0.0,1.0,0.0,0.0,28.8899,0.5860858478521999,0.2568634481038311,0.0,0.0,0.0,0.0,0.0,0.0,0.0,0.0,0.0,0.0,0.0,0.0,0.0,0.0,0.0,,,,0.0,0.0,0.0,0.0,0.0,0.0
7519e64bff0716c8133dd9b82ddd5d5f9c39c5cd8c2a0fc181c493edbd8cafe2,60,current,Optimized Pattern Generator,dynamic_session,Dynamic Session Pattern Assignment,50,6,5,30,15.0,180,bayesian_windowed_lock_off,A3 Ablation) Lock Off,False,100,20,0.9945,0.0060480531882929995,0.0026506761798692664,0.9945,0.0060480531882929995,0.0026506761798692664,100.0,0.0,0.0,100.0,0.0,0.0,0.0,0.0,0.0,0.0,0.0,0.0,0.14903059852330963,0.018464263315486843,0.008092320193865308,415.3300000000001,9.082667125094,3.9806543773077028,1.8646514166539419,0.09857067921905294,0.04320050490713713,1.4138876580182114,0.07808852410790255,0.03422380464090864,0.37146154612855753,0.018829012116183975,0.008252178404027088,0.0,0.0,0.0,0.07866453760798323,0.005751768198805076,0.002520823557936536,1.8640137417547522,0.09857214942062506,0.043201149251385684,1.4138876580182114,0.07808852410790255,0.03422380464090864,0.07866453760798323,0.005751768198805076,0.002520823557936536,0.0,0.0,0.0,100.0,0.0,0.0,0.0,0.0,0.0,0.0,0.0,0.0,0.0,0.0,0.0,0.0,0.0,0.0,1.0,0.0,0.0,0.0,0.0,0.0,0.0,0.0,0.0,0.0,0.0,0.0,0.0,0.0,0.0,1.0,0.0,0.0,6.585000000000001,0.3562007121952749,0.15611184519608468,0.0,0.0,0.0,0.0,0.0,0.0,0.0,0.0,0.0,0.0,0.0,0.0,0.0,0.0,0.0,,,,0.0,0.0,0.0,0.0,0.0,0.0
7519e64bff0716c8133dd9b82ddd5d5f9c39c5cd8c2a0fc181c493edbd8cafe2,60,current,Optimized Pattern Generator,dynamic_session,Dynamic Session Pattern Assignment,50,6,5,30,15.0,180,bayesian_windowed_lock_off,A3 Ablation) Lock Off,False,300,20,0.9745000000000001,0.011761519176251558,0.005154713053766099,0.9745000000000001,0.011761519176251558,0.005154713053766099,300.0,0.0,0.0,300.0,0.0,0.0,0.0,0.0,0.0,0.0,0.0,0.0,0.38280731231095927,0.0388390722465102,0.017021973922339565,420.8,5.764592467450706,2.5264440414813922,14.91634621455014,0.4410610724833963,0.19330353789915986,11.815067759541853,0.3619188932665997,0.15861794854637914,2.8906269362181773,0.07936916909251948,0.03478507205207557,0.0,0.0,0.0,0.2089708313898882,0.00896736069754879,0.003930119107301889,14.914665527149918,0.4410276965499355,0.19328891025137782,11.815067759541853,0.3619188932665997,0.15861794854637914,0.2089708313898882,0.00896736069754879,0.003930119107301889,0.0,0.0,0.0,300.0,0.0,0.0,0.0,0.0,0.0,0.0,0.0,0.0,0.0,0.0,0.0,0.0,0.0,0.0,1.0,0.0,0.0,0.0,0.0,0.0,0.0,0.0,0.0,0.0,0.0,0.0,0.0,0.0,0.0,1.0,0.0,0.0,17.798166666666667,0.5146036628557569,0.22553499923670775,0.0,0.0,0.0,0.0,0.0,0.0,0.0,0.0,0.0,0.0,0.0,0.0,0.0,0.0,0.0,,,,0.0,0.0,0.0,0.0,0.0,0.0
7519e64bff0716c8133dd9b82ddd5d5f9c39c5cd8c2a0fc181c493edbd8cafe2,60,current,Optimized Pattern Generator,dynamic_session,Dynamic Session Pattern Assignment,50,6,5,30,15.0,180,bayesian_windowed_lock_off,A3 Ablation) Lock Off,False,500,20,0.9625000000000001,0.0100498756211209,0.004404552190631873,0.9625000000000001,0.0100498756211209,0.004404552190631873,500.0,0.0,0.0,500.0,0.0,0.0,0.0,0.0,0.0,0.0,0.0,0.0,0.5775304365580174,0.03707437211614108,0.016248559989863576,421.43500000000006,4.5099043052048495,1.9765527092975723,40.95571220845159,0.9264875815827464,0.406051085694767,32.8840438711879,0.7549533120953372,0.3308728774340225,7.731525520847936,0.16753978342834194,0.07342754755754761,0.0,0.0,0.0,0.3366471120665665,0.009957603490613618,0.004364112146408242,40.952216504102395,0.9264417102382249,0.4060309816916314,32.8840438711879,0.7549533120953372,0.3308728774340225,0.3366471120665665,0.009957603490613618,0.004364112146408242,0.0,0.0,0.0,500.0,0.0,0.0,0.0,0.0,0.0,0.0,0.0,0.0,0.0,0.0,0.0,0.0,0.0,0.0,1.0,0.0,0.0,0.0,0.0,0.0,0.0,0.0,0.0,0.0,0.0,0.0,0.0,0.0,0.0,1.0,0.0,0.0,28.8899,0.5860858478521999,0.2568634481038311,0.0,0.0,0.0,0.0,0.0,0.0,0.0,0.0,0.0,0.0,0.0,0.0,0.0,0.0,0.0,,,,0.0,0.0,0.0,0.0,0.0,0.0
