run_id,config_hash,scenario_id,scenario_seed,algo_seed,seed,repeat_idx,ev_count,evse_count,tau_s,charger_sample_s,ev_sample_s,matcher_delay_max_s,candidate_margin_s,pattern_mode,pattern_mode_label,pattern_assignment_mode,pattern_assignment_mode_label,pattern_unique_count,command_step_count,window_s,scenario_hash,ingest_seed,ingestion_signature_sha256,ingestion_signature_match_ref,algorithm_id,algorithm_label,is_current,requested_evs,admitted_evs,blocked_evs,blocked_ratio,total_evs,correct,unmatched,accuracy,accuracy_requested,avg_cost,max_cost,avg_latency_s,p90_latency_s,assignment_runtime_s,window_watermark_count,session_end_before_watermark_count,session_end_fallback_count,timeline_end_fallback_count,fallback_finalized_count,window_watermark_ratio,session_end_before_watermark_ratio,session_end_fallback_ratio,timeline_end_fallback_ratio,fallback_finalized_ratio,gt_in_candidates_ratio,avg_candidates_per_ev,no_candidate_rows_total,fallback_to_all_rows_total,gt_recovered_by_fallback_count,no_candidate_rows_ratio,fallback_to_all_rows_ratio,gt_recovered_by_fallback_ratio,candidate_query_lead_max_s,candidate_future_query_violation_count,runtime_s_candidate_build,runtime_s_assignment,runtime_s_fallback,runtime_s_other,runtime_s_total,runtime_s_cost,runtime_s_loop
20260711_164832_170489,bae7bf40726b12938559777771e8ab509aaf37f9f9bad6244622d6e70161ad2e,1,2187632392,1233724836,2187632392,1,100,50,60,5,30,10.0,120,current,Optimized Pattern Generator,dynamic_session,Dynamic Session Pattern Assignment,50,6,360,cfe39e2dc1b283972ccb70d52afae3c544f5be6666bed08a375680cb9f51068c,3699990486,76b33b052db4827419570ded1226b35fb0f48f0838e7200b5a90b517c9786254,True,single_only,A1) Refined Cost + Greedy 1:1,True,100,100,0,0.0,100,100,0,1.0,1.0,1.0046469179467448,3.390044485358018,378.1,395.1,1.8029615830018884,100,0,0,0,0,1.0,0.0,0.0,0.0,0.0,1.0,6.2,0.0,0.0,0.0,0.0,0.0,,0.0,0.0,1.3336626989912475,0.3869194578874158,0.0,0.08181125912233256,1.8023934160009958,1.3336626989912475,0.08181125912233256
20260711_164832_170489,bae7bf40726b12938559777771e8ab509aaf37f9f9bad6244622d6e70161ad2e,1,2187632392,1545686430,2187632392,1,100,50,60,5,30,10.0,120,current,Optimized Pattern Generator,dynamic_session,Dynamic Session Pattern Assignment,50,6,360,cfe39e2dc1b283972ccb70d52afae3c544f5be6666bed08a375680cb9f51068c,3699990486,76b33b052db4827419570ded1226b35fb0f48f0838e7200b5a90b517c9786254,True,single_only_dtw_off,A1 Ablation) DTW Off,False,100,100,0,0.0,100,99,0,0.99,0.99,0.7947669050666668,2.1700000500000005,378.1,395.1,1.8147412910038838,100,0,0,0,0,1.0,0.0,0.0,0.0,0.0,1.0,6.2,0.0,0.0,0.0,0.0,0.0,,0.0,0.0,1.3520087950309971,0.38525037399085704,0.0,0.07690358097897843,1.8141627500008326,1.3520087950309971,0.07690358097897843
20260711_164832_170489,bae7bf40726b12938559777771e8ab509aaf37f9f9bad6244622d6e70161ad2e,1,2187632392,866312302,2187632392,1,100,50,60,5,30,10.0,120,current,Optimized Pattern Generator,dynamic_session,Dynamic Session Pattern Assignment,50,6,360,cfe39e2dc1b283972ccb70d52afae3c544f5be6666bed08a375680cb9f51068c,3699990486,76b33b052db4827419570ded1226b35fb0f48f0838e7200b5a90b517c9786254,True,single_only_step_off,A1 Ablation) Step Signature Off,False,100,100,0,0.0,100,98,0,0.98,0.98,0.20403660305407775,1.166980272542055,378.1,395.1,1.8588790420035366,100,0,0,0,0,1.0,0.0,0.0,0.0,0.0,1.0,6.2,0.0,0.0,0.0,0.0,0.0,,0.0,0.0,1.386213749923627,0.3957817039627116,0.0,0.07629125511448365,1.8582867090008222,1.386213749923627,0.07629125511448365
20260711_164832_170489,bae7bf40726b12938559777771e8ab509aaf37f9f9bad6244622d6e70161ad2e,1,2187632392,1815193658,2187632392,1,100,50,60,5,30,10.0,120,current,Optimized Pattern Generator,dynamic_session,Dynamic Session Pattern Assignment,50,6,360,cfe39e2dc1b283972ccb70d52afae3c544f5be6666bed08a375680cb9f51068c,3699990486,76b33b052db4827419570ded1226b35fb0f48f0838e7200b5a90b517c9786254,True,single_only_all_off,A1 Ablation) All Waveform Terms Off,False,100,100,0,0.0,100,92,0,0.92,0.92,1.2360002426,7.300000460000001,378.1,395.1,1.4023207909922348,100,0,0,0,0,1.0,0.0,0.0,0.0,0.0,1.0,6.2,0.0,0.0,0.0,0.0,0.0,,0.0,0.0,1.3242313341033878,0.0024486260808771476,0.0,0.07506616481987294,1.4017461250041379,1.3242313341033878,0.07506616481987294
20260711_164832_170489,bae7bf40726b12938559777771e8ab509aaf37f9f9bad6244622d6e70161ad2e,1,2187632392,2184921377,2187632392,1,100,50,60,5,30,10.0,120,current,Optimized Pattern Generator,dynamic_session,Dynamic Session Pattern Assignment,50,6,360,cfe39e2dc1b283972ccb70d52afae3c544f5be6666bed08a375680cb9f51068c,3699990486,76b33b052db4827419570ded1226b35fb0f48f0838e7200b5a90b517c9786254,True,nomura_original_interval_hungarian,A2) Corr+DTW + Hungarian,False,100,100,0,0.0,100,98,0,0.98,0.98,0.0813810184555849,0.41771453380387785,378.1,395.1,2.3537240420118906,100,0,0,0,0,1.0,0.0,0.0,0.0,0.0,1.0,6.2,0.0,0.0,0.0,0.0,0.0,,0.0,0.0,1.3352304598956835,0.9276405809941934,0.0,0.0902440841018688,2.3531151249917457,1.3352304598956835,0.0902440841018688
20260711_164832_170489,bae7bf40726b12938559777771e8ab509aaf37f9f9bad6244622d6e70161ad2e,1,2187632392,2176353867,2187632392,1,100,50,60,5,30,10.0,120,current,Optimized Pattern Generator,dynamic_session,Dynamic Session Pattern Assignment,50,6,360,cfe39e2dc1b283972ccb70d52afae3c544f5be6666bed08a375680cb9f51068c,3699990486,76b33b052db4827419570ded1226b35fb0f48f0838e7200b5a90b517c9786254,True,nomura_original_interval_hungarian_dtw_off,A2 Ablation) DTW Off (Corr-only),False,100,100,0,0.0,100,99,0,0.99,0.99,0.08031832068694018,0.36019135011818,378.1,395.1,2.3409947920008563,100,0,0,0,0,1.0,0.0,0.0,0.0,0.0,1.0,6.2,0.0,0.0,0.0,0.0,0.0,,0.0,0.0,1.3383275449159555,0.9242604910687078,0.0,0.0778306300053373,2.3404186659900006,1.3383275449159555,0.0778306300053373
20260711_164832_170489,bae7bf40726b12938559777771e8ab509aaf37f9f9bad6244622d6e70161ad2e,1,2187632392,1055930919,2187632392,1,100,50,60,5,30,10.0,120,current,Optimized Pattern Generator,dynamic_session,Dynamic Session Pattern Assignment,50,6,360,cfe39e2dc1b283972ccb70d52afae3c544f5be6666bed08a375680cb9f51068c,3699990486,76b33b052db4827419570ded1226b35fb0f48f0838e7200b5a90b517c9786254,True,nomura_original_interval_hungarian_corr_off,A2 Ablation) Corr Off (DTW-only),False,100,100,0,0.0,100,98,0,0.98,0.98,2.439e-07,4.9e-07,378.1,395.1,2.363665583994589,100,0,0,0,0,1.0,0.0,0.0,0.0,0.0,1.0,6.2,0.0,0.0,0.0,0.0,0.0,,0.0,0.0,1.3633876270178007,0.922066569866729,0.0,0.07764451111142989,2.3630987079959596,1.3633876270178007,0.07764451111142989
20260711_164832_170489,bae7bf40726b12938559777771e8ab509aaf37f9f9bad6244622d6e70161ad2e,1,2187632392,542446156,2187632392,1,100,50,60,5,30,10.0,120,current,Optimized Pattern Generator,dynamic_session,Dynamic Session Pattern Assignment,50,6,360,cfe39e2dc1b283972ccb70d52afae3c544f5be6666bed08a375680cb9f51068c,3699990486,76b33b052db4827419570ded1226b35fb0f48f0838e7200b5a90b517c9786254,True,nomura_original_interval_hungarian_all_off,A2 Ablation) All Waveform Terms Off,False,100,100,0,0.0,100,92,0,0.92,0.92,1.2360002426,7.300000460000001,378.1,395.1,1.3944096670020372,100,0,0,0,0,1.0,0.0,0.0,0.0,0.0,1.0,6.2,0.0,0.0,0.0,0.0,0.0,,0.0,0.0,1.316164916017442,0.0023454958718502894,0.0,0.07534413010580465,1.393854541995097,1.316164916017442,0.07534413010580465
20260711_164832_170489,bae7bf40726b12938559777771e8ab509aaf37f9f9bad6244622d6e70161ad2e,1,2187632392,1367392829,2187632392,1,100,50,60,5,30,10.0,120,current,Optimized Pattern Generator,dynamic_session,Dynamic Session Pattern Assignment,50,6,360,cfe39e2dc1b283972ccb70d52afae3c544f5be6666bed08a375680cb9f51068c,3699990486,76b33b052db4827419570ded1226b35fb0f48f0838e7200b5a90b517c9786254,True,bayesian_windowed,A3) Two-Stage Bayesian Posterior + Hungarian,False,100,100,0,0.0,100,100,0,1.0,1.0,0.14093939781440415,0.8370376441255862,378.1,395.1,1.7608454579894897,100,0,0,0,0,1.0,0.0,0.0,0.0,0.0,1.0,6.2,0.0,0.0,0.0,0.0,0.0,,0.0,0.0,1.3316030430723913,0.3532568719238043,0.0,0.07541537600627635,1.760275291002472,1.3316030430723913,0.07541537600627635
20260711_164832_170489,bae7bf40726b12938559777771e8ab509aaf37f9f9bad6244622d6e70161ad2e,1,2187632392,1977915819,2187632392,1,100,50,60,5,30,10.0,120,current,Optimized Pattern Generator,dynamic_session,Dynamic Session Pattern Assignment,50,6,360,cfe39e2dc1b283972ccb70d52afae3c544f5be6666bed08a375680cb9f51068c,3699990486,76b33b052db4827419570ded1226b35fb0f48f0838e7200b5a90b517c9786254,True,bayesian_windowed_memory_off,A3 Ablation) Posterior Memory Off,False,100,100,0,0.0,100,100,0,1.0,1.0,0.2625833109760437,1.0543771758689564,378.1,395.1,1.8126183330023196,100,0,0,0,0,1.0,0.0,0.0,0.0,0.0,1.0,6.2,0.0,0.0,0.0,0.0,0.0,,0.0,0.0,1.3596064190351171,0.35843991799629293,0.0,0.09396653797011822,1.8120128750015283,1.3596064190351171,0.09396653797011822
20260711_164832_170489,bae7bf40726b12938559777771e8ab509aaf37f9f9bad6244622d6e70161ad2e,1,2187632392,2395032859,2187632392,1,100,50,60,5,30,10.0,120,current,Optimized Pattern Generator,dynamic_session,Dynamic Session Pattern Assignment,50,6,360,cfe39e2dc1b283972ccb70d52afae3c544f5be6666bed08a375680cb9f51068c,3699990486,76b33b052db4827419570ded1226b35fb0f48f0838e7200b5a90b517c9786254,True,bayesian_windowed_timeprior_off,A3 Ablation) Time Prior Off,False,100,100,0,0.0,100,100,0,1.0,1.0,0.1426315062867336,0.8370376441255862,378.1,395.1,1.8593119580036728,100,0,0,0,0,1.0,0.0,0.0,0.0,0.0,1.0,6.2,0.0,0.0,0.0,0.0,0.0,,0.0,0.0,1.4124004179175245,0.3668522911175387,0.0,0.0794690829643514,1.8587217919994146,1.4124004179175245,0.0794690829643514
20260711_164832_170489,bae7bf40726b12938559777771e8ab509aaf37f9f9bad6244622d6e70161ad2e,1,2187632392,433795949,2187632392,1,100,50,60,5,30,10.0,120,current,Optimized Pattern Generator,dynamic_session,Dynamic Session Pattern Assignment,50,6,360,cfe39e2dc1b283972ccb70d52afae3c544f5be6666bed08a375680cb9f51068c,3699990486,76b33b052db4827419570ded1226b35fb0f48f0838e7200b5a90b517c9786254,True,bayesian_windowed_all_off,A3 Ablation) Time Prior + Memory Off,False,100,100,0,0.0,100,100,0,1.0,1.0,0.263493648480995,1.0543771758689564,378.1,395.1,1.76984175000689,100,0,0,0,0,1.0,0.0,0.0,0.0,0.0,1.0,6.2,0.0,0.0,0.0,0.0,0.0,,0.0,0.0,1.3366873319464503,0.35523973693489097,0.0,0.07734468112175819,1.7692717500030994,1.3366873319464503,0.07734468112175819
20260711_164832_170489,bae7bf40726b12938559777771e8ab509aaf37f9f9bad6244622d6e70161ad2e,2,2187632393,1233724837,2187632393,2,100,50,60,5,30,10.0,120,current,Optimized Pattern Generator,dynamic_session,Dynamic Session Pattern Assignment,50,6,360,fb5c332cb7a6683e9f9251bb983c8b2a04a56e400c3818e4850e8285c92369eb,3699990487,e740e290b05b330142646c3c1c7fa0b87388e6ba654eae7d134e64af99d4ce8a,True,single_only,A1) Refined Cost + Greedy 1:1,True,100,100,0,0.0,100,98,0,0.98,0.98,1.0767641335891502,4.2454620792103235,379.16,403.6,1.8607627080054954,100,0,0,0,0,1.0,0.0,0.0,0.0,0.0,1.0,6.05,0.0,0.0,0.0,0.0,0.0,,0.0,0.0,1.3915823339048075,0.38864533495507203,0.0,0.07994866513763554,1.860176333997515,1.3915823339048075,0.07994866513763554
20260711_164832_170489,bae7bf40726b12938559777771e8ab509aaf37f9f9bad6244622d6e70161ad2e,2,2187632393,1545686431,2187632393,2,100,50,60,5,30,10.0,120,current,Optimized Pattern Generator,dynamic_session,Dynamic Session Pattern Assignment,50,6,360,fb5c332cb7a6683e9f9251bb983c8b2a04a56e400c3818e4850e8285c92369eb,3699990487,e740e290b05b330142646c3c1c7fa0b87388e6ba654eae7d134e64af99d4ce8a,True,single_only_dtw_off,A1 Ablation) DTW Off,False,100,100,0,0.0,100,99,0,0.99,0.99,0.8542002622,2.926666956666667,379.16,403.6,1.795602833997691,100,0,0,0,0,1.0,0.0,0.0,0.0,0.0,1.0,6.05,0.0,0.0,0.0,0.0,0.0,,0.0,0.0,1.3252877490303945,0.376676541971392,0.0,0.0930481260002125,1.795012417001999,1.3252877490303945,0.0930481260002125
20260711_164832_170489,bae7bf40726b12938559777771e8ab509aaf37f9f9bad6244622d6e70161ad2e,2,2187632393,866312303,2187632393,2,100,50,60,5,30,10.0,120,current,Optimized Pattern Generator,dynamic_session,Dynamic Session Pattern Assignment,50,6,360,fb5c332cb7a6683e9f9251bb983c8b2a04a56e400c3818e4850e8285c92369eb,3699990487,e740e290b05b330142646c3c1c7fa0b87388e6ba654eae7d134e64af99d4ce8a,True,single_only_step_off,A1 Ablation) Step Signature Off,False,100,100,0,0.0,100,97,0,0.97,0.97,0.21093502684962429,1.2412236044878147,379.16,403.6,1.775271167003666,100,0,0,0,0,1.0,0.0,0.0,0.0,0.0,1.0,6.05,0.0,0.0,0.0,0.0,0.0,,0.0,0.0,1.3210477500251727,0.37818266508111265,0.0,0.07546095989528112,1.7746913750015665,1.3210477500251727,0.07546095989528112
20260711_164832_170489,bae7bf40726b12938559777771e8ab509aaf37f9f9bad6244622d6e70161ad2e,2,2187632393,1815193659,2187632393,2,100,50,60,5,30,10.0,120,current,Optimized Pattern Generator,dynamic_session,Dynamic Session Pattern Assignment,50,6,360,fb5c332cb7a6683e9f9251bb983c8b2a04a56e400c3818e4850e8285c92369eb,3699990487,e740e290b05b330142646c3c1c7fa0b87388e6ba654eae7d134e64af99d4ce8a,True,single_only_all_off,A1 Ablation) All Waveform Terms Off,False,100,100,0,0.0,100,93,0,0.93,0.93,1.4160002655000001,8.00000005,379.16,403.6,1.482901875002426,100,0,0,0,0,1.0,0.0,0.0,0.0,0.0,1.0,6.05,0.0,0.0,0.0,0.0,0.0,,0.0,0.0,1.3967008360632462,0.0028930900007253513,0.0,0.08271624094049912,1.4823101670044707,1.3967008360632462,0.08271624094049912
20260711_164832_170489,bae7bf40726b12938559777771e8ab509aaf37f9f9bad6244622d6e70161ad2e,2,2187632393,2184921376,2187632393,2,100,50,60,5,30,10.0,120,current,Optimized Pattern Generator,dynamic_session,Dynamic Session Pattern Assignment,50,6,360,fb5c332cb7a6683e9f9251bb983c8b2a04a56e400c3818e4850e8285c92369eb,3699990487,e740e290b05b330142646c3c1c7fa0b87388e6ba654eae7d134e64af99d4ce8a,True,nomura_original_interval_hungarian,A2) Corr+DTW + Hungarian,False,100,100,0,0.0,100,97,0,0.97,0.97,0.09153763551977781,0.6065956661494457,379.16,403.6,2.3532093329995405,100,0,0,0,0,1.0,0.0,0.0,0.0,0.0,1.0,6.05,0.0,0.0,0.0,0.0,0.0,,0.0,0.0,1.3633732021116884,0.9104898320802022,0.0,0.07876209080859553,2.352625125000486,1.3633732021116884,0.07876209080859553
20260711_164832_170489,bae7bf40726b12938559777771e8ab509aaf37f9f9bad6244622d6e70161ad2e,2,2187632393,2176353866,2187632393,2,100,50,60,5,30,10.0,120,current,Optimized Pattern Generator,dynamic_session,Dynamic Session Pattern Assignment,50,6,360,fb5c332cb7a6683e9f9251bb983c8b2a04a56e400c3818e4850e8285c92369eb,3699990487,e740e290b05b330142646c3c1c7fa0b87388e6ba654eae7d134e64af99d4ce8a,True,nomura_original_interval_hungarian_dtw_off,A2 Ablation) DTW Off (Corr-only),False,100,100,0,0.0,100,98,0,0.98,0.98,0.08439991638824139,0.33021249008620207,379.16,403.6,2.299307207998936,100,0,0,0,0,1.0,0.0,0.0,0.0,0.0,1.0,6.05,0.0,0.0,0.0,0.0,0.0,,0.0,0.0,1.3281248680577846,0.8951193700922886,0.0,0.07547655285452493,2.298720791004598,1.3281248680577846,0.07547655285452493
20260711_164832_170489,bae7bf40726b12938559777771e8ab509aaf37f9f9bad6244622d6e70161ad2e,2,2187632393,1055930918,2187632393,2,100,50,60,5,30,10.0,120,current,Optimized Pattern Generator,dynamic_session,Dynamic Session Pattern Assignment,50,6,360,fb5c332cb7a6683e9f9251bb983c8b2a04a56e400c3818e4850e8285c92369eb,3699990487,e740e290b05b330142646c3c1c7fa0b87388e6ba654eae7d134e64af99d4ce8a,True,nomura_original_interval_hungarian_corr_off,A2 Ablation) Corr Off (DTW-only),False,100,100,0,0.0,100,92,0,0.92,0.92,2.6560000000000005e-07,4.9e-07,379.16,403.6,2.3094946249912027,100,0,0,0,0,1.0,0.0,0.0,0.0,0.0,1.0,6.05,0.0,0.0,0.0,0.0,0.0,,0.0,0.0,1.3230130420270143,0.893446749963914,0.0,0.09241037401079666,2.308870166001725,1.3230130420270143,0.09241037401079666
20260711_164832_170489,bae7bf40726b12938559777771e8ab509aaf37f9f9bad6244622d6e70161ad2e,2,2187632393,542446157,2187632393,2,100,50,60,5,30,10.0,120,current,Optimized Pattern Generator,dynamic_session,Dynamic Session Pattern Assignment,50,6,360,fb5c332cb7a6683e9f9251bb983c8b2a04a56e400c3818e4850e8285c92369eb,3699990487,e740e290b05b330142646c3c1c7fa0b87388e6ba654eae7d134e64af99d4ce8a,True,nomura_original_interval_hungarian_all_off,A2 Ablation) All Waveform Terms Off,False,100,100,0,0.0,100,93,0,0.93,0.93,1.4160002655000001,8.00000005,379.16,403.6,1.415303292000317,100,0,0,0,0,1.0,0.0,0.0,0.0,0.0,1.0,6.05,0.0,0.0,0.0,0.0,0.0,,0.0,0.0,1.335286375018768,0.0024454569502267987,0.0,0.0769713770278031,1.414703208996798,1.335286375018768,0.0769713770278031
20260711_164832_170489,bae7bf40726b12938559777771e8ab509aaf37f9f9bad6244622d6e70161ad2e,2,2187632393,1367392828,2187632393,2,100,50,60,5,30,10.0,120,current,Optimized Pattern Generator,dynamic_session,Dynamic Session Pattern Assignment,50,6,360,fb5c332cb7a6683e9f9251bb983c8b2a04a56e400c3818e4850e8285c92369eb,3699990487,e740e290b05b330142646c3c1c7fa0b87388e6ba654eae7d134e64af99d4ce8a,True,bayesian_windowed,A3) Two-Stage Bayesian Posterior + Hungarian,False,100,100,0,0.0,100,98,0,0.98,0.98,0.11210577233654835,1.2057814644851401,379.16,403.6,1.744054208000307,100,0,0,0,0,1.0,0.0,0.0,0.0,0.0,1.0,6.05,0.0,0.0,0.0,0.0,0.0,,0.0,0.0,1.31978721395717,0.3447147061669966,0.0,0.07889028787030838,1.743392207994475,1.31978721395717,0.07889028787030838
20260711_164832_170489,bae7bf40726b12938559777771e8ab509aaf37f9f9bad6244622d6e70161ad2e,2,2187632393,1977915818,2187632393,2,100,50,60,5,30,10.0,120,current,Optimized Pattern Generator,dynamic_session,Dynamic Session Pattern Assignment,50,6,360,fb5c332cb7a6683e9f9251bb983c8b2a04a56e400c3818e4850e8285c92369eb,3699990487,e740e290b05b330142646c3c1c7fa0b87388e6ba654eae7d134e64af99d4ce8a,True,bayesian_windowed_memory_off,A3 Ablation) Posterior Memory Off,False,100,100,0,0.0,100,98,0,0.98,0.98,0.21126234826947854,1.1470244917105108,379.16,403.6,1.7409703340090346,100,0,0,0,0,1.0,0.0,0.0,0.0,0.0,1.0,6.05,0.0,0.0,0.0,0.0,0.0,,0.0,0.0,1.31888724899909,0.3457570389728062,0.0,0.07573312902241014,1.7403774169943063,1.31888724899909,0.07573312902241014
20260711_164832_170489,bae7bf40726b12938559777771e8ab509aaf37f9f9bad6244622d6e70161ad2e,2,2187632393,2395032858,2187632393,2,100,50,60,5,30,10.0,120,current,Optimized Pattern Generator,dynamic_session,Dynamic Session Pattern Assignment,50,6,360,fb5c332cb7a6683e9f9251bb983c8b2a04a56e400c3818e4850e8285c92369eb,3699990487,e740e290b05b330142646c3c1c7fa0b87388e6ba654eae7d134e64af99d4ce8a,True,bayesian_windowed_timeprior_off,A3 Ablation) Time Prior Off,False,100,100,0,0.0,100,98,0,0.98,0.98,0.11256331697490761,1.2059307119648992,379.16,403.6,1.7515169169928413,100,0,0,0,0,1.0,0.0,0.0,0.0,0.0,1.0,6.05,0.0,0.0,0.0,0.0,0.0,,0.0,0.0,1.3242404120246647,0.34633028696407564,0.0,0.08034717600094154,1.7509178749896819,1.3242404120246647,0.08034717600094154
20260711_164832_170489,bae7bf40726b12938559777771e8ab509aaf37f9f9bad6244622d6e70161ad2e,2,2187632393,433795948,2187632393,2,100,50,60,5,30,10.0,120,current,Optimized Pattern Generator,dynamic_session,Dynamic Session Pattern Assignment,50,6,360,fb5c332cb7a6683e9f9251bb983c8b2a04a56e400c3818e4850e8285c92369eb,3699990487,e740e290b05b330142646c3c1c7fa0b87388e6ba654eae7d134e64af99d4ce8a,True,bayesian_windowed_all_off,A3 Ablation) Time Prior + Memory Off,False,100,100,0,0.0,100,98,0,0.98,0.98,0.2116001267170108,1.1470244917105108,379.16,403.6,1.7580917909945128,100,0,0,0,0,1.0,0.0,0.0,0.0,0.0,1.0,6.05,0.0,0.0,0.0,0.0,0.0,,0.0,0.0,1.3179137069673743,0.345991746042273,0.0,0.09356346398999449,1.7574689169996418,1.3179137069673743,0.09356346398999449
20260711_164832_170489,bae7bf40726b12938559777771e8ab509aaf37f9f9bad6244622d6e70161ad2e,3,2187632394,1233724838,2187632394,3,100,50,60,5,30,10.0,120,current,Optimized Pattern Generator,dynamic_session,Dynamic Session Pattern Assignment,50,6,360,f158a0532f4501fc4af0d48bcbae361b7048badf47a02bd413c7848fdde59d64,3699990484,751d13603e49923dd2ea880bc926f5562612defa30054cd18805c3ae225ccda3,True,single_only,A1) Refined Cost + Greedy 1:1,True,100,100,0,0.0,100,98,0,0.98,0.98,1.2400341287848642,9.638460103456573,382.71,420.1,1.7435270410060184,100,0,0,0,0,1.0,0.0,0.0,0.0,0.0,1.0,5.99,0.0,0.0,0.0,0.0,0.0,,0.0,0.0,1.2979817460145568,0.369424832999357,0.0,0.07554954597435426,1.7429561249882681,1.2979817460145568,0.07554954597435426
20260711_164832_170489,bae7bf40726b12938559777771e8ab509aaf37f9f9bad6244622d6e70161ad2e,3,2187632394,1545686428,2187632394,3,100,50,60,5,30,10.0,120,current,Optimized Pattern Generator,dynamic_session,Dynamic Session Pattern Assignment,50,6,360,f158a0532f4501fc4af0d48bcbae361b7048badf47a02bd413c7848fdde59d64,3699990484,751d13603e49923dd2ea880bc926f5562612defa30054cd18805c3ae225ccda3,True,single_only_dtw_off,A1 Ablation) DTW Off,False,100,100,0,0.0,100,99,0,0.99,0.99,0.9493335893333333,7.393333363333334,382.71,420.1,1.742251457995735,100,0,0,0,0,1.0,0.0,0.0,0.0,0.0,1.0,5.99,0.0,0.0,0.0,0.0,0.0,,0.0,0.0,1.2947342070110608,0.3699274620594224,0.0,0.07701074791839346,1.7416724169888766,1.2947342070110608,0.07701074791839346
20260711_164832_170489,bae7bf40726b12938559777771e8ab509aaf37f9f9bad6244622d6e70161ad2e,3,2187632394,866312300,2187632394,3,100,50,60,5,30,10.0,120,current,Optimized Pattern Generator,dynamic_session,Dynamic Session Pattern Assignment,50,6,360,f158a0532f4501fc4af0d48bcbae361b7048badf47a02bd413c7848fdde59d64,3699990484,751d13603e49923dd2ea880bc926f5562612defa30054cd18805c3ae225ccda3,True,single_only_step_off,A1 Ablation) Step Signature Off,False,100,100,0,0.0,100,91,0,0.91,0.91,0.2478552675204731,1.4912996046023024,382.71,420.1,1.7531264580029529,100,0,0,0,0,1.0,0.0,0.0,0.0,0.0,1.0,5.99,0.0,0.0,0.0,0.0,0.0,,0.0,0.0,1.3035598379792646,0.37283675296930596,0.0,0.07615074205386918,1.7525473330024397,1.3035598379792646,0.07615074205386918
20260711_164832_170489,bae7bf40726b12938559777771e8ab509aaf37f9f9bad6244622d6e70161ad2e,3,2187632394,1815193656,2187632394,3,100,50,60,5,30,10.0,120,current,Optimized Pattern Generator,dynamic_session,Dynamic Session Pattern Assignment,50,6,360,f158a0532f4501fc4af0d48bcbae361b7048badf47a02bd413c7848fdde59d64,3699990484,751d13603e49923dd2ea880bc926f5562612defa30054cd18805c3ae225ccda3,True,single_only_all_off,A1 Ablation) All Waveform Terms Off,False,100,100,0,0.0,100,94,0,0.94,0.94,1.6790002506,7.800000390000001,382.71,420.1,1.4216076670127222,100,0,0,0,0,1.0,0.0,0.0,0.0,0.0,1.0,5.99,0.0,0.0,0.0,0.0,0.0,,0.0,0.0,1.3261097549257101,0.0024580830795457587,0.0,0.09243570399121381,1.4210035419964697,1.3261097549257101,0.09243570399121381
20260711_164832_170489,bae7bf40726b12938559777771e8ab509aaf37f9f9bad6244622d6e70161ad2e,3,2187632394,2184921379,2187632394,3,100,50,60,5,30,10.0,120,current,Optimized Pattern Generator,dynamic_session,Dynamic Session Pattern Assignment,50,6,360,f158a0532f4501fc4af0d48bcbae361b7048badf47a02bd413c7848fdde59d64,3699990484,751d13603e49923dd2ea880bc926f5562612defa30054cd18805c3ae225ccda3,True,nomura_original_interval_hungarian,A2) Corr+DTW + Hungarian,False,100,100,0,0.0,100,94,0,0.94,0.94,0.09886028011072538,0.43057976415988897,382.71,420.1,2.270169416005956,100,0,0,0,0,1.0,0.0,0.0,0.0,0.0,1.0,5.99,0.0,0.0,0.0,0.0,0.0,,0.0,0.0,1.3048715810436988,0.8870315430540359,0.0,0.07761950089479797,2.2695226249925327,1.3048715810436988,0.07761950089479797
20260711_164832_170489,bae7bf40726b12938559777771e8ab509aaf37f9f9bad6244622d6e70161ad2e,3,2187632394,2176353865,2187632394,3,100,50,60,5,30,10.0,120,current,Optimized Pattern Generator,dynamic_session,Dynamic Session Pattern Assignment,50,6,360,f158a0532f4501fc4af0d48bcbae361b7048badf47a02bd413c7848fdde59d64,3699990484,751d13603e49923dd2ea880bc926f5562612defa30054cd18805c3ae225ccda3,True,nomura_original_interval_hungarian_dtw_off,A2 Ablation) DTW Off (Corr-only),False,100,100,0,0.0,100,92,0,0.92,0.92,0.09271726000075764,0.39927913655709113,382.71,420.1,2.28462308300368,100,0,0,0,0,1.0,0.0,0.0,0.0,0.0,1.0,5.99,0.0,0.0,0.0,0.0,0.0,,0.0,0.0,1.311691254915786,0.8916094140149653,0.0,0.08073137307655998,2.2840320420073112,1.311691254915786,0.08073137307655998
20260711_164832_170489,bae7bf40726b12938559777771e8ab509aaf37f9f9bad6244622d6e70161ad2e,3,2187632394,1055930917,2187632394,3,100,50,60,5,30,10.0,120,current,Optimized Pattern Generator,dynamic_session,Dynamic Session Pattern Assignment,50,6,360,f158a0532f4501fc4af0d48bcbae361b7048badf47a02bd413c7848fdde59d64,3699990484,751d13603e49923dd2ea880bc926f5562612defa30054cd18805c3ae225ccda3,True,nomura_original_interval_hungarian_corr_off,A2 Ablation) Corr Off (DTW-only),False,100,100,0,0.0,100,92,0,0.92,0.92,2.5749999999999997e-07,4.9e-07,382.71,420.1,2.2937399170041317,100,0,0,0,0,1.0,0.0,0.0,0.0,0.0,1.0,5.99,0.0,0.0,0.0,0.0,0.0,,0.0,0.0,1.3218720429140376,0.8912617910391418,0.0,0.08002233204024378,2.293156165993423,1.3218720429140376,0.08002233204024378
20260711_164832_170489,bae7bf40726b12938559777771e8ab509aaf37f9f9bad6244622d6e70161ad2e,3,2187632394,542446158,2187632394,3,100,50,60,5,30,10.0,120,current,Optimized Pattern Generator,dynamic_session,Dynamic Session Pattern Assignment,50,6,360,f158a0532f4501fc4af0d48bcbae361b7048badf47a02bd413c7848fdde59d64,3699990484,751d13603e49923dd2ea880bc926f5562612defa30054cd18805c3ae225ccda3,True,nomura_original_interval_hungarian_all_off,A2 Ablation) All Waveform Terms Off,False,100,100,0,0.0,100,94,0,0.94,0.94,1.6790002506,7.800000390000001,382.71,420.1,1.4006282080081291,100,0,0,0,0,1.0,0.0,0.0,0.0,0.0,1.0,5.99,0.0,0.0,0.0,0.0,0.0,,0.0,0.0,1.3201485399913508,0.0025070439733099192,0.0,0.07736800002749078,1.4000235839921515,1.3201485399913508,0.07736800002749078
20260711_164832_170489,bae7bf40726b12938559777771e8ab509aaf37f9f9bad6244622d6e70161ad2e,3,2187632394,1367392831,2187632394,3,100,50,60,5,30,10.0,120,current,Optimized Pattern Generator,dynamic_session,Dynamic Session Pattern Assignment,50,6,360,f158a0532f4501fc4af0d48bcbae361b7048badf47a02bd413c7848fdde59d64,3699990484,751d13603e49923dd2ea880bc926f5562612defa30054cd18805c3ae225ccda3,True,bayesian_windowed,A3) Two-Stage Bayesian Posterior + Hungarian,False,100,100,0,0.0,100,99,0,0.99,0.99,0.12332413427576075,0.6247597409259096,382.71,420.1,1.737633333003032,100,0,0,0,0,1.0,0.0,0.0,0.0,0.0,1.0,5.99,0.0,0.0,0.0,0.0,0.0,,0.0,0.0,1.3187547029956477,0.34077216999139637,0.0,0.07750183501048014,1.7370287079975242,1.3187547029956477,0.07750183501048014
20260711_164832_170489,bae7bf40726b12938559777771e8ab509aaf37f9f9bad6244622d6e70161ad2e,3,2187632394,1977915817,2187632394,3,100,50,60,5,30,10.0,120,current,Optimized Pattern Generator,dynamic_session,Dynamic Session Pattern Assignment,50,6,360,f158a0532f4501fc4af0d48bcbae361b7048badf47a02bd413c7848fdde59d64,3699990484,751d13603e49923dd2ea880bc926f5562612defa30054cd18805c3ae225ccda3,True,bayesian_windowed_memory_off,A3 Ablation) Posterior Memory Off,False,100,100,0,0.0,100,98,0,0.98,0.98,0.2468431727923259,1.0169486942571282,382.71,420.1,1.720107207991532,100,0,0,0,0,1.0,0.0,0.0,0.0,0.0,1.0,5.99,0.0,0.0,0.0,0.0,0.0,,0.0,0.0,1.3024076279689325,0.33995941017929,0.0,0.07714946185296867,1.7195165000011912,1.3024076279689325,0.07714946185296867
20260711_164832_170489,bae7bf40726b12938559777771e8ab509aaf37f9f9bad6244622d6e70161ad2e,3,2187632394,2395032857,2187632394,3,100,50,60,5,30,10.0,120,current,Optimized Pattern Generator,dynamic_session,Dynamic Session Pattern Assignment,50,6,360,f158a0532f4501fc4af0d48bcbae361b7048badf47a02bd413c7848fdde59d64,3699990484,751d13603e49923dd2ea880bc926f5562612defa30054cd18805c3ae225ccda3,True,bayesian_windowed_timeprior_off,A3 Ablation) Time Prior Off,False,100,100,0,0.0,100,99,0,0.99,0.99,0.12454937914778405,0.6247597409259096,382.71,420.1,1.7526270840025973,100,0,0,0,0,1.0,0.0,0.0,0.0,0.0,1.0,5.99,0.0,0.0,0.0,0.0,0.0,,0.0,0.0,1.3271902099513682,0.3472546688863076,0.0,0.07759124616859481,1.7520361250062706,1.3271902099513682,0.07759124616859481
20260711_164832_170489,bae7bf40726b12938559777771e8ab509aaf37f9f9bad6244622d6e70161ad2e,3,2187632394,433795951,2187632394,3,100,50,60,5,30,10.0,120,current,Optimized Pattern Generator,dynamic_session,Dynamic Session Pattern Assignment,50,6,360,f158a0532f4501fc4af0d48bcbae361b7048badf47a02bd413c7848fdde59d64,3699990484,751d13603e49923dd2ea880bc926f5562612defa30054cd18805c3ae225ccda3,True,bayesian_windowed_all_off,A3 Ablation) Time Prior + Memory Off,False,100,100,0,0.0,100,98,0,0.98,0.98,0.247437434968272,1.0169486942571282,382.71,420.1,1.7767328750051092,100,0,0,0,0,1.0,0.0,0.0,0.0,0.0,1.0,5.99,0.0,0.0,0.0,0.0,0.0,,0.0,0.0,1.3559531260252697,0.34505441498185974,0.0,0.07513837599253748,1.776145916999667,1.3559531260252697,0.07513837599253748
20260711_164832_170489,bae7bf40726b12938559777771e8ab509aaf37f9f9bad6244622d6e70161ad2e,4,2187632395,1233724839,2187632395,4,100,50,60,5,30,10.0,120,current,Optimized Pattern Generator,dynamic_session,Dynamic Session Pattern Assignment,50,6,360,fc01609f1ee07cd675d73dc59d228932c8e71b0ad3da1c17291e0da91440a8a7,3699990485,e8f2617c2f2b4d4273ff9d2d6340a6204f901054585dc0359005a89cd9e89c43,True,single_only,A1) Refined Cost + Greedy 1:1,True,100,100,0,0.0,100,99,0,0.99,0.99,1.131238413988562,4.736022554720403,377.98,405.2000000000001,2.034978499999852,100,0,0,0,0,1.0,0.0,0.0,0.0,0.0,1.0,6.09,0.0,0.0,0.0,0.0,0.0,,0.0,0.0,1.5396061249630293,0.41322562386631034,0.0,0.08148750117106829,2.034319250000408,1.5396061249630293,0.08148750117106829
20260711_164832_170489,bae7bf40726b12938559777771e8ab509aaf37f9f9bad6244622d6e70161ad2e,4,2187632395,1545686429,2187632395,4,100,50,60,5,30,10.0,120,current,Optimized Pattern Generator,dynamic_session,Dynamic Session Pattern Assignment,50,6,360,fc01609f1ee07cd675d73dc59d228932c8e71b0ad3da1c17291e0da91440a8a7,3699990485,e8f2617c2f2b4d4273ff9d2d6340a6204f901054585dc0359005a89cd9e89c43,True,single_only_dtw_off,A1 Ablation) DTW Off,False,100,100,0,0.0,100,99,0,0.99,0.99,0.9400002648,3.203333423333333,377.98,405.2000000000001,1.7864399579993915,100,0,0,0,0,1.0,0.0,0.0,0.0,0.0,1.0,6.09,0.0,0.0,0.0,0.0,0.0,,0.0,0.0,1.3145425859984243,0.3772604149999097,0.0,0.09388262400170788,1.785685625000042,1.3145425859984243,0.09388262400170788
20260711_164832_170489,bae7bf40726b12938559777771e8ab509aaf37f9f9bad6244622d6e70161ad2e,4,2187632395,866312301,2187632395,4,100,50,60,5,30,10.0,120,current,Optimized Pattern Generator,dynamic_session,Dynamic Session Pattern Assignment,50,6,360,fc01609f1ee07cd675d73dc59d228932c8e71b0ad3da1c17291e0da91440a8a7,3699990485,e8f2617c2f2b4d4273ff9d2d6340a6204f901054585dc0359005a89cd9e89c43,True,single_only_step_off,A1 Ablation) Step Signature Off,False,100,100,0,0.0,100,98,0,0.98,0.98,0.18327281400492307,1.5326892213870698,377.98,405.2000000000001,1.873079625001992,100,0,0,0,0,1.0,0.0,0.0,0.0,0.0,1.0,6.09,0.0,0.0,0.0,0.0,0.0,,0.0,0.0,1.3947890380077297,0.39837200101464987,0.0,0.0792741699697217,1.8724352089921013,1.3947890380077297,0.0792741699697217
20260711_164832_170489,bae7bf40726b12938559777771e8ab509aaf37f9f9bad6244622d6e70161ad2e,4,2187632395,1815193657,2187632395,4,100,50,60,5,30,10.0,120,current,Optimized Pattern Generator,dynamic_session,Dynamic Session Pattern Assignment,50,6,360,fc01609f1ee07cd675d73dc59d228932c8e71b0ad3da1c17291e0da91440a8a7,3699990485,e8f2617c2f2b4d4273ff9d2d6340a6204f901054585dc0359005a89cd9e89c43,True,single_only_all_off,A1 Ablation) All Waveform Terms Off,False,100,100,0,0.0,100,95,0,0.95,0.95,1.4870002542,8.00000018,377.98,405.2000000000001,1.4297717090084916,100,0,0,0,0,1.0,0.0,0.0,0.0,0.0,1.0,6.09,0.0,0.0,0.0,0.0,0.0,,0.0,0.0,1.338621002054424,0.002578990999609232,0.0,0.08798592393577565,1.429185916989809,1.338621002054424,0.08798592393577565
20260711_164832_170489,bae7bf40726b12938559777771e8ab509aaf37f9f9bad6244622d6e70161ad2e,4,2187632395,2184921378,2187632395,4,100,50,60,5,30,10.0,120,current,Optimized Pattern Generator,dynamic_session,Dynamic Session Pattern Assignment,50,6,360,fc01609f1ee07cd675d73dc59d228932c8e71b0ad3da1c17291e0da91440a8a7,3699990485,e8f2617c2f2b4d4273ff9d2d6340a6204f901054585dc0359005a89cd9e89c43,True,nomura_original_interval_hungarian,A2) Corr+DTW + Hungarian,False,100,100,0,0.0,100,98,0,0.98,0.98,0.07988708038193412,0.5834265549539026,377.98,405.2000000000001,2.3434869999910006,100,0,0,0,0,1.0,0.0,0.0,0.0,0.0,1.0,6.09,0.0,0.0,0.0,0.0,0.0,,0.0,0.0,1.3611294580477988,0.9052529120381223,0.0,0.07648492191219702,2.342867291998118,1.3611294580477988,0.07648492191219702
20260711_164832_170489,bae7bf40726b12938559777771e8ab509aaf37f9f9bad6244622d6e70161ad2e,4,2187632395,2176353864,2187632395,4,100,50,60,5,30,10.0,120,current,Optimized Pattern Generator,dynamic_session,Dynamic Session Pattern Assignment,50,6,360,fc01609f1ee07cd675d73dc59d228932c8e71b0ad3da1c17291e0da91440a8a7,3699990485,e8f2617c2f2b4d4273ff9d2d6340a6204f901054585dc0359005a89cd9e89c43,True,nomura_original_interval_hungarian_dtw_off,A2 Ablation) DTW Off (Corr-only),False,100,100,0,0.0,100,99,0,0.99,0.99,0.07727648918265573,0.44259466104525924,377.98,405.2000000000001,2.5052968340023654,100,0,0,0,0,1.0,0.0,0.0,0.0,0.0,1.0,6.09,0.0,0.0,0.0,0.0,0.0,,0.0,0.0,1.425400998981786,0.9348767159535782,0.0,0.1443932850670535,2.5046710000024177,1.425400998981786,0.1443932850670535
20260711_164832_170489,bae7bf40726b12938559777771e8ab509aaf37f9f9bad6244622d6e70161ad2e,4,2187632395,1055930916,2187632395,4,100,50,60,5,30,10.0,120,current,Optimized Pattern Generator,dynamic_session,Dynamic Session Pattern Assignment,50,6,360,fc01609f1ee07cd675d73dc59d228932c8e71b0ad3da1c17291e0da91440a8a7,3699990485,e8f2617c2f2b4d4273ff9d2d6340a6204f901054585dc0359005a89cd9e89c43,True,nomura_original_interval_hungarian_corr_off,A2 Ablation) Corr Off (DTW-only),False,100,100,0,0.0,100,95,0,0.95,0.95,2.5417209935431097e-05,0.0025150209935431095,377.98,405.2000000000001,2.4727524170011748,100,0,0,0,0,1.0,0.0,0.0,0.0,0.0,1.0,6.09,0.0,0.0,0.0,0.0,0.0,,0.0,0.0,1.4528720790403895,0.9418429989309516,0.0,0.0774046720325714,2.4721197500039125,1.4528720790403895,0.0774046720325714
20260711_164832_170489,bae7bf40726b12938559777771e8ab509aaf37f9f9bad6244622d6e70161ad2e,4,2187632395,542446159,2187632395,4,100,50,60,5,30,10.0,120,current,Optimized Pattern Generator,dynamic_session,Dynamic Session Pattern Assignment,50,6,360,fc01609f1ee07cd675d73dc59d228932c8e71b0ad3da1c17291e0da91440a8a7,3699990485,e8f2617c2f2b4d4273ff9d2d6340a6204f901054585dc0359005a89cd9e89c43,True,nomura_original_interval_hungarian_all_off,A2 Ablation) All Waveform Terms Off,False,100,100,0,0.0,100,95,0,0.95,0.95,1.4870002542,8.00000018,377.98,405.2000000000001,1.3927010830084328,100,0,0,0,0,1.0,0.0,0.0,0.0,0.0,1.0,6.09,0.0,0.0,0.0,0.0,0.0,,0.0,0.0,1.3114887940901099,0.002527370015741326,0.0,0.07805541988636833,1.3920715839922195,1.3114887940901099,0.07805541988636833
20260711_164832_170489,bae7bf40726b12938559777771e8ab509aaf37f9f9bad6244622d6e70161ad2e,4,2187632395,1367392830,2187632395,4,100,50,60,5,30,10.0,120,current,Optimized Pattern Generator,dynamic_session,Dynamic Session Pattern Assignment,50,6,360,fc01609f1ee07cd675d73dc59d228932c8e71b0ad3da1c17291e0da91440a8a7,3699990485,e8f2617c2f2b4d4273ff9d2d6340a6204f901054585dc0359005a89cd9e89c43,True,bayesian_windowed,A3) Two-Stage Bayesian Posterior + Hungarian,False,100,100,0,0.0,100,99,0,0.99,0.99,0.14284091678390304,0.8149562107417329,377.98,405.2000000000001,1.7643881249969127,100,0,0,0,0,1.0,0.0,0.0,0.0,0.0,1.0,6.09,0.0,0.0,0.0,0.0,0.0,,0.0,0.0,1.3354446238372475,0.35012937102874275,0.0,0.07815767114516348,1.7637316660111537,1.3354446238372475,0.07815767114516348
20260711_164832_170489,bae7bf40726b12938559777771e8ab509aaf37f9f9bad6244622d6e70161ad2e,4,2187632395,1977915816,2187632395,4,100,50,60,5,30,10.0,120,current,Optimized Pattern Generator,dynamic_session,Dynamic Session Pattern Assignment,50,6,360,fc01609f1ee07cd675d73dc59d228932c8e71b0ad3da1c17291e0da91440a8a7,3699990485,e8f2617c2f2b4d4273ff9d2d6340a6204f901054585dc0359005a89cd9e89c43,True,bayesian_windowed_memory_off,A3 Ablation) Posterior Memory Off,False,100,100,0,0.0,100,99,0,0.99,0.99,0.2924354443490472,1.0948342408131773,377.98,405.2000000000001,1.754442499994184,100,0,0,0,0,1.0,0.0,0.0,0.0,0.0,1.0,6.09,0.0,0.0,0.0,0.0,0.0,,0.0,0.0,1.326876835009898,0.3481572071032133,0.0,0.07878179088584147,1.7538158329989528,1.326876835009898,0.07878179088584147
20260711_164832_170489,bae7bf40726b12938559777771e8ab509aaf37f9f9bad6244622d6e70161ad2e,4,2187632395,2395032856,2187632395,4,100,50,60,5,30,10.0,120,current,Optimized Pattern Generator,dynamic_session,Dynamic Session Pattern Assignment,50,6,360,fc01609f1ee07cd675d73dc59d228932c8e71b0ad3da1c17291e0da91440a8a7,3699990485,e8f2617c2f2b4d4273ff9d2d6340a6204f901054585dc0359005a89cd9e89c43,True,bayesian_windowed_timeprior_off,A3 Ablation) Time Prior Off,False,100,100,0,0.0,100,99,0,0.99,0.99,0.14399903157275198,0.8164102099944844,377.98,405.2000000000001,1.8044965419976506,100,0,0,0,0,1.0,0.0,0.0,0.0,0.0,1.0,6.09,0.0,0.0,0.0,0.0,0.0,,0.0,0.0,1.3547250028932467,0.35292524998658337,0.0,0.09622624712937977,1.8038765000092098,1.3547250028932467,0.09622624712937977
20260711_164832_170489,bae7bf40726b12938559777771e8ab509aaf37f9f9bad6244622d6e70161ad2e,4,2187632395,433795950,2187632395,4,100,50,60,5,30,10.0,120,current,Optimized Pattern Generator,dynamic_session,Dynamic Session Pattern Assignment,50,6,360,fc01609f1ee07cd675d73dc59d228932c8e71b0ad3da1c17291e0da91440a8a7,3699990485,e8f2617c2f2b4d4273ff9d2d6340a6204f901054585dc0359005a89cd9e89c43,True,bayesian_windowed_all_off,A3 Ablation) Time Prior + Memory Off,False,100,100,0,0.0,100,99,0,0.99,0.99,0.29309124480617177,1.0963705609986099,377.98,405.2000000000001,1.7931188750080764,100,0,0,0,0,1.0,0.0,0.0,0.0,0.0,1.0,6.09,0.0,0.0,0.0,0.0,0.0,,0.0,0.0,1.357503083141637,0.3589797440072289,0.0,0.07603113184450194,1.7925139589933679,1.357503083141637,0.07603113184450194
20260711_164832_170489,bae7bf40726b12938559777771e8ab509aaf37f9f9bad6244622d6e70161ad2e,5,2187632396,1233724832,2187632396,5,100,50,60,5,30,10.0,120,current,Optimized Pattern Generator,dynamic_session,Dynamic Session Pattern Assignment,50,6,360,90b0b75738c015d10d9c61451d600301cbd7985fd74d339426f513377a2d0dc7,3699990482,e8b4d753be914ef661e17c0424e12131bb9bb4d1a700cce7ee979c71df365034,True,single_only,A1) Refined Cost + Greedy 1:1,True,100,100,0,0.0,100,99,0,0.99,0.99,1.1352719828037032,7.568825856647726,381.81,411.70000000000005,1.7177592080115573,100,0,0,0,0,1.0,0.0,0.0,0.0,0.0,1.0,5.86,0.0,0.0,0.0,0.0,0.0,,0.0,0.0,1.2750708399398718,0.3645147059141891,0.0,0.07757716214109678,1.7171627079951577,1.2750708399398718,0.07757716214109678
20260711_164832_170489,bae7bf40726b12938559777771e8ab509aaf37f9f9bad6244622d6e70161ad2e,5,2187632396,1545686426,2187632396,5,100,50,60,5,30,10.0,120,current,Optimized Pattern Generator,dynamic_session,Dynamic Session Pattern Assignment,50,6,360,90b0b75738c015d10d9c61451d600301cbd7985fd74d339426f513377a2d0dc7,3699990482,e8b4d753be914ef661e17c0424e12131bb9bb4d1a700cce7ee979c71df365034,True,single_only_dtw_off,A1 Ablation) DTW Off,False,100,100,0,0.0,100,100,0,1.0,1.0,0.877500259,5.483333373333334,381.81,411.70000000000005,1.7530105000041658,100,0,0,0,0,1.0,0.0,0.0,0.0,0.0,1.0,5.86,0.0,0.0,0.0,0.0,0.0,,0.0,0.0,1.297875586009468,0.3760089980205521,0.0,0.07849070796510205,1.752375291995122,1.297875586009468,0.07849070796510205
20260711_164832_170489,bae7bf40726b12938559777771e8ab509aaf37f9f9bad6244622d6e70161ad2e,5,2187632396,866312298,2187632396,5,100,50,60,5,30,10.0,120,current,Optimized Pattern Generator,dynamic_session,Dynamic Session Pattern Assignment,50,6,360,90b0b75738c015d10d9c61451d600301cbd7985fd74d339426f513377a2d0dc7,3699990482,e8b4d753be914ef661e17c0424e12131bb9bb4d1a700cce7ee979c71df365034,True,single_only_step_off,A1 Ablation) Step Signature Off,False,100,100,0,0.0,100,98,0,0.98,0.98,0.23411776129075032,1.6131437971235882,381.81,411.70000000000005,1.8952863329905085,100,0,0,0,0,1.0,0.0,0.0,0.0,0.0,1.0,5.86,0.0,0.0,0.0,0.0,0.0,,0.0,0.0,1.3966988740576198,0.38608342106454074,0.0,0.11180907986999955,1.8945913749921601,1.3966988740576198,0.11180907986999955
20260711_164832_170489,bae7bf40726b12938559777771e8ab509aaf37f9f9bad6244622d6e70161ad2e,5,2187632396,1815193662,2187632396,5,100,50,60,5,30,10.0,120,current,Optimized Pattern Generator,dynamic_session,Dynamic Session Pattern Assignment,50,6,360,90b0b75738c015d10d9c61451d600301cbd7985fd74d339426f513377a2d0dc7,3699990482,e8b4d753be914ef661e17c0424e12131bb9bb4d1a700cce7ee979c71df365034,True,single_only_all_off,A1 Ablation) All Waveform Terms Off,False,100,100,0,0.0,100,94,0,0.94,0.94,1.5840002613000002,7.600000260000001,381.81,411.70000000000005,1.4227527079929132,100,0,0,0,0,1.0,0.0,0.0,0.0,0.0,1.0,5.86,0.0,0.0,0.0,0.0,0.0,,0.0,0.0,1.3294575399486348,0.0028694259090116248,0.0,0.08982670113618951,1.422153666993836,1.3294575399486348,0.08982670113618951
20260711_164832_170489,bae7bf40726b12938559777771e8ab509aaf37f9f9bad6244622d6e70161ad2e,5,2187632396,2184921381,2187632396,5,100,50,60,5,30,10.0,120,current,Optimized Pattern Generator,dynamic_session,Dynamic Session Pattern Assignment,50,6,360,90b0b75738c015d10d9c61451d600301cbd7985fd74d339426f513377a2d0dc7,3699990482,e8b4d753be914ef661e17c0424e12131bb9bb4d1a700cce7ee979c71df365034,True,nomura_original_interval_hungarian,A2) Corr+DTW + Hungarian,False,100,100,0,0.0,100,97,0,0.97,0.97,0.09148225353139054,0.5544907027641341,381.81,411.70000000000005,2.2725710829981836,100,0,0,0,0,1.0,0.0,0.0,0.0,0.0,1.0,5.86,0.0,0.0,0.0,0.0,0.0,,0.0,0.0,1.315212132045417,0.8798366640257882,0.0,0.07687745393195655,2.271926250003162,1.315212132045417,0.07687745393195655
20260711_164832_170489,bae7bf40726b12938559777771e8ab509aaf37f9f9bad6244622d6e70161ad2e,5,2187632396,2176353871,2187632396,5,100,50,60,5,30,10.0,120,current,Optimized Pattern Generator,dynamic_session,Dynamic Session Pattern Assignment,50,6,360,90b0b75738c015d10d9c61451d600301cbd7985fd74d339426f513377a2d0dc7,3699990482,e8b4d753be914ef661e17c0424e12131bb9bb4d1a700cce7ee979c71df365034,True,nomura_original_interval_hungarian_dtw_off,A2 Ablation) DTW Off (Corr-only),False,100,100,0,0.0,100,97,0,0.97,0.97,0.08688652931646634,0.4457078325564444,381.81,411.70000000000005,2.412793124996824,100,0,0,0,0,1.0,0.0,0.0,0.0,0.0,1.0,5.86,0.0,0.0,0.0,0.0,0.0,,0.0,0.0,1.4311544549564132,0.9027129509922815,0.0,0.07826413505245,2.412131541001145,1.4311544549564132,0.07826413505245
20260711_164832_170489,bae7bf40726b12938559777771e8ab509aaf37f9f9bad6244622d6e70161ad2e,5,2187632396,1055930915,2187632396,5,100,50,60,5,30,10.0,120,current,Optimized Pattern Generator,dynamic_session,Dynamic Session Pattern Assignment,50,6,360,90b0b75738c015d10d9c61451d600301cbd7985fd74d339426f513377a2d0dc7,3699990482,e8b4d753be914ef661e17c0424e12131bb9bb4d1a700cce7ee979c71df365034,True,nomura_original_interval_hungarian_corr_off,A2 Ablation) Corr Off (DTW-only),False,100,100,0,0.0,100,93,0,0.93,0.93,2.564e-07,4.9e-07,381.81,411.70000000000005,2.5365740419947542,100,0,0,0,0,1.0,0.0,0.0,0.0,0.0,1.0,5.86,0.0,0.0,0.0,0.0,0.0,,0.0,0.0,1.5214085390762193,0.9329562049533706,0.0,0.08160121495893691,2.535965958988527,1.5214085390762193,0.08160121495893691
20260711_164832_170489,bae7bf40726b12938559777771e8ab509aaf37f9f9bad6244622d6e70161ad2e,5,2187632396,542446152,2187632396,5,100,50,60,5,30,10.0,120,current,Optimized Pattern Generator,dynamic_session,Dynamic Session Pattern Assignment,50,6,360,90b0b75738c015d10d9c61451d600301cbd7985fd74d339426f513377a2d0dc7,3699990482,e8b4d753be914ef661e17c0424e12131bb9bb4d1a700cce7ee979c71df365034,True,nomura_original_interval_hungarian_all_off,A2 Ablation) All Waveform Terms Off,False,100,100,0,0.0,100,94,0,0.94,0.94,1.5840002613000002,7.600000260000001,381.81,411.70000000000005,1.4318078750075074,100,0,0,0,0,1.0,0.0,0.0,0.0,0.0,1.0,5.86,0.0,0.0,0.0,0.0,0.0,,0.0,0.0,1.345599871914601,0.002842742993379943,0.0,0.0827377600944601,1.431180375002441,1.345599871914601,0.0827377600944601
20260711_164832_170489,bae7bf40726b12938559777771e8ab509aaf37f9f9bad6244622d6e70161ad2e,5,2187632396,1367392825,2187632396,5,100,50,60,5,30,10.0,120,current,Optimized Pattern Generator,dynamic_session,Dynamic Session Pattern Assignment,50,6,360,90b0b75738c015d10d9c61451d600301cbd7985fd74d339426f513377a2d0dc7,3699990482,e8b4d753be914ef661e17c0424e12131bb9bb4d1a700cce7ee979c71df365034,True,bayesian_windowed,A3) Two-Stage Bayesian Posterior + Hungarian,False,100,100,0,0.0,100,100,0,1.0,1.0,0.13137464514819963,0.7030798204996745,381.81,411.70000000000005,1.807583625006373,100,0,0,0,0,1.0,0.0,0.0,0.0,0.0,1.0,5.86,0.0,0.0,0.0,0.0,0.0,,0.0,0.0,1.3606582880020142,0.3513056259980658,0.0,0.09501141899090726,1.8069753329909872,1.3606582880020142,0.09501141899090726
20260711_164832_170489,bae7bf40726b12938559777771e8ab509aaf37f9f9bad6244622d6e70161ad2e,5,2187632396,1977915823,2187632396,5,100,50,60,5,30,10.0,120,current,Optimized Pattern Generator,dynamic_session,Dynamic Session Pattern Assignment,50,6,360,90b0b75738c015d10d9c61451d600301cbd7985fd74d339426f513377a2d0dc7,3699990482,e8b4d753be914ef661e17c0424e12131bb9bb4d1a700cce7ee979c71df365034,True,bayesian_windowed_memory_off,A3 Ablation) Posterior Memory Off,False,100,100,0,0.0,100,99,0,0.99,0.99,0.26751177695096556,1.1715481079923138,381.81,411.70000000000005,1.6825159590080148,100,0,0,0,0,1.0,0.0,0.0,0.0,0.0,1.0,5.86,0.0,0.0,0.0,0.0,0.0,,0.0,0.0,1.2699708310392452,0.33380529705027584,0.0,0.07813128791167401,1.681907416001195,1.2699708310392452,0.07813128791167401
20260711_164832_170489,bae7bf40726b12938559777771e8ab509aaf37f9f9bad6244622d6e70161ad2e,5,2187632396,2395032863,2187632396,5,100,50,60,5,30,10.0,120,current,Optimized Pattern Generator,dynamic_session,Dynamic Session Pattern Assignment,50,6,360,90b0b75738c015d10d9c61451d600301cbd7985fd74d339426f513377a2d0dc7,3699990482,e8b4d753be914ef661e17c0424e12131bb9bb4d1a700cce7ee979c71df365034,True,bayesian_windowed_timeprior_off,A3 Ablation) Time Prior Off,False,100,100,0,0.0,100,100,0,1.0,1.0,0.13160365706509494,0.7030798204996745,381.81,411.70000000000005,2.0731901669932995,100,0,0,0,0,1.0,0.0,0.0,0.0,0.0,1.0,5.86,0.0,0.0,0.0,0.0,0.0,,0.0,0.0,1.5892436270805774,0.4037949190387735,0.0,0.07944520388264209,2.072483750001993,1.5892436270805774,0.07944520388264209
20260711_164832_170489,bae7bf40726b12938559777771e8ab509aaf37f9f9bad6244622d6e70161ad2e,5,2187632396,433795945,2187632396,5,100,50,60,5,30,10.0,120,current,Optimized Pattern Generator,dynamic_session,Dynamic Session Pattern Assignment,50,6,360,90b0b75738c015d10d9c61451d600301cbd7985fd74d339426f513377a2d0dc7,3699990482,e8b4d753be914ef661e17c0424e12131bb9bb4d1a700cce7ee979c71df365034,True,bayesian_windowed_all_off,A3 Ablation) Time Prior + Memory Off,False,100,100,0,0.0,100,99,0,0.99,0.99,0.2678736559008177,1.1716593039362027,381.81,411.70000000000005,2.0378042080119485,100,0,0,0,0,1.0,0.0,0.0,0.0,0.0,1.0,5.86,0.0,0.0,0.0,0.0,0.0,,0.0,0.0,1.534586042049341,0.3714111719164066,0.0,0.1311820780247217,2.037179291990469,1.534586042049341,0.1311820780247217
20260711_164832_170489,bae7bf40726b12938559777771e8ab509aaf37f9f9bad6244622d6e70161ad2e,6,2187632397,1233724833,2187632397,6,100,50,60,5,30,10.0,120,current,Optimized Pattern Generator,dynamic_session,Dynamic Session Pattern Assignment,50,6,360,0da71054f5d16856a133bafcb63dfd41dc2ffb40d254414ca1a78425a1c004fe,3699990483,3652664f6b65bef8a464a359e0285618591914d27d73a19a377abdc48e26c252,True,single_only,A1) Refined Cost + Greedy 1:1,True,100,100,0,0.0,100,98,0,0.98,0.98,1.122655213843466,3.3374837791970253,383.32,423.3,1.7145410840021214,100,0,0,0,0,1.0,0.0,0.0,0.0,0.0,1.0,5.89,0.0,0.0,0.0,0.0,0.0,,0.0,0.0,1.2578241229930427,0.36557036911835894,0.0,0.09055604989407584,1.7139505420054775,1.2578241229930427,0.09055604989407584
20260711_164832_170489,bae7bf40726b12938559777771e8ab509aaf37f9f9bad6244622d6e70161ad2e,6,2187632397,1545686427,2187632397,6,100,50,60,5,30,10.0,120,current,Optimized Pattern Generator,dynamic_session,Dynamic Session Pattern Assignment,50,6,360,0da71054f5d16856a133bafcb63dfd41dc2ffb40d254414ca1a78425a1c004fe,3699990483,3652664f6b65bef8a464a359e0285618591914d27d73a19a377abdc48e26c252,True,single_only_dtw_off,A1 Ablation) DTW Off,False,100,100,0,0.0,100,96,0,0.96,0.96,0.8894336081333333,2.4933334333333335,383.32,423.3,1.7788763340067817,100,0,0,0,0,1.0,0.0,0.0,0.0,0.0,1.0,5.89,0.0,0.0,0.0,0.0,0.0,,0.0,0.0,1.2780845840170514,0.3685072470543673,0.0,0.13168041892640758,1.7782722499978263,1.2780845840170514,0.13168041892640758
20260711_164832_170489,bae7bf40726b12938559777771e8ab509aaf37f9f9bad6244622d6e70161ad2e,6,2187632397,866312299,2187632397,6,100,50,60,5,30,10.0,120,current,Optimized Pattern Generator,dynamic_session,Dynamic Session Pattern Assignment,50,6,360,0da71054f5d16856a133bafcb63dfd41dc2ffb40d254414ca1a78425a1c004fe,3699990483,3652664f6b65bef8a464a359e0285618591914d27d73a19a377abdc48e26c252,True,single_only_step_off,A1 Ablation) Step Signature Off,False,100,100,0,0.0,100,92,0,0.92,0.92,0.21180736944112463,0.8441504458636918,383.32,423.3,1.691822749999119,100,0,0,0,0,1.0,0.0,0.0,0.0,0.0,1.0,5.89,0.0,0.0,0.0,0.0,0.0,,0.0,0.0,1.2516595009656157,0.362139415985439,0.0,0.07746816605504137,1.691267083006096,1.2516595009656157,0.07746816605504137
20260711_164832_170489,bae7bf40726b12938559777771e8ab509aaf37f9f9bad6244622d6e70161ad2e,6,2187632397,1815193663,2187632397,6,100,50,60,5,30,10.0,120,current,Optimized Pattern Generator,dynamic_session,Dynamic Session Pattern Assignment,50,6,360,0da71054f5d16856a133bafcb63dfd41dc2ffb40d254414ca1a78425a1c004fe,3699990483,3652664f6b65bef8a464a359e0285618591914d27d73a19a377abdc48e26c252,True,single_only_all_off,A1 Ablation) All Waveform Terms Off,False,100,100,0,0.0,100,90,0,0.9,0.9,1.6610002641,8.30000029,383.32,423.3,1.3276891249988694,100,0,0,0,0,1.0,0.0,0.0,0.0,0.0,1.0,5.89,0.0,0.0,0.0,0.0,0.0,,0.0,0.0,1.2498094589391258,0.002240960980998352,0.0,0.07507733008242212,1.3271277500025462,1.2498094589391258,0.07507733008242212
20260711_164832_170489,bae7bf40726b12938559777771e8ab509aaf37f9f9bad6244622d6e70161ad2e,6,2187632397,2184921380,2187632397,6,100,50,60,5,30,10.0,120,current,Optimized Pattern Generator,dynamic_session,Dynamic Session Pattern Assignment,50,6,360,0da71054f5d16856a133bafcb63dfd41dc2ffb40d254414ca1a78425a1c004fe,3699990483,3652664f6b65bef8a464a359e0285618591914d27d73a19a377abdc48e26c252,True,nomura_original_interval_hungarian,A2) Corr+DTW + Hungarian,False,100,100,0,0.0,100,95,0,0.95,0.95,0.09056858284212094,0.36555956207065576,383.32,423.3,2.213069458011887,100,0,0,0,0,1.0,0.0,0.0,0.0,0.0,1.0,5.89,0.0,0.0,0.0,0.0,0.0,,0.0,0.0,1.258915673068259,0.8784374090319034,0.0,0.07510212590568699,2.2124552080058493,1.258915673068259,0.07510212590568699
20260711_164832_170489,bae7bf40726b12938559777771e8ab509aaf37f9f9bad6244622d6e70161ad2e,6,2187632397,2176353870,2187632397,6,100,50,60,5,30,10.0,120,current,Optimized Pattern Generator,dynamic_session,Dynamic Session Pattern Assignment,50,6,360,0da71054f5d16856a133bafcb63dfd41dc2ffb40d254414ca1a78425a1c004fe,3699990483,3652664f6b65bef8a464a359e0285618591914d27d73a19a377abdc48e26c252,True,nomura_original_interval_hungarian_dtw_off,A2 Ablation) DTW Off (Corr-only),False,100,100,0,0.0,100,92,0,0.92,0.92,0.0854180462401947,0.24231536909494641,383.32,423.3,2.2126447909977287,100,0,0,0,0,1.0,0.0,0.0,0.0,0.0,1.0,5.89,0.0,0.0,0.0,0.0,0.0,,0.0,0.0,1.2504552489990601,0.8687638740229886,0.0,0.09278400198672898,2.2120031250087777,1.2504552489990601,0.09278400198672898
20260711_164832_170489,bae7bf40726b12938559777771e8ab509aaf37f9f9bad6244622d6e70161ad2e,6,2187632397,1055930914,2187632397,6,100,50,60,5,30,10.0,120,current,Optimized Pattern Generator,dynamic_session,Dynamic Session Pattern Assignment,50,6,360,0da71054f5d16856a133bafcb63dfd41dc2ffb40d254414ca1a78425a1c004fe,3699990483,3652664f6b65bef8a464a359e0285618591914d27d73a19a377abdc48e26c252,True,nomura_original_interval_hungarian_corr_off,A2 Ablation) Corr Off (DTW-only),False,100,100,0,0.0,100,92,0,0.92,0.92,0.0023864307242532903,0.19585359818407802,383.32,423.3,2.201885582995601,100,0,0,0,0,1.0,0.0,0.0,0.0,0.0,1.0,5.89,0.0,0.0,0.0,0.0,0.0,,0.0,0.0,1.252382539008977,0.8715147489565425,0.0,0.07740967003337573,2.201306957998895,1.252382539008977,0.07740967003337573
20260711_164832_170489,bae7bf40726b12938559777771e8ab509aaf37f9f9bad6244622d6e70161ad2e,6,2187632397,542446153,2187632397,6,100,50,60,5,30,10.0,120,current,Optimized Pattern Generator,dynamic_session,Dynamic Session Pattern Assignment,50,6,360,0da71054f5d16856a133bafcb63dfd41dc2ffb40d254414ca1a78425a1c004fe,3699990483,3652664f6b65bef8a464a359e0285618591914d27d73a19a377abdc48e26c252,True,nomura_original_interval_hungarian_all_off,A2 Ablation) All Waveform Terms Off,False,100,100,0,0.0,100,90,0,0.9,0.9,1.6610002641,8.30000029,383.32,423.3,1.3237892909965012,100,0,0,0,0,1.0,0.0,0.0,0.0,0.0,1.0,5.89,0.0,0.0,0.0,0.0,0.0,,0.0,0.0,1.244374999034335,0.002217043991549872,0.0,0.07663445697107818,1.323226499996963,1.244374999034335,0.07663445697107818
20260711_164832_170489,bae7bf40726b12938559777771e8ab509aaf37f9f9bad6244622d6e70161ad2e,6,2187632397,1367392824,2187632397,6,100,50,60,5,30,10.0,120,current,Optimized Pattern Generator,dynamic_session,Dynamic Session Pattern Assignment,50,6,360,0da71054f5d16856a133bafcb63dfd41dc2ffb40d254414ca1a78425a1c004fe,3699990483,3652664f6b65bef8a464a359e0285618591914d27d73a19a377abdc48e26c252,True,bayesian_windowed,A3) Two-Stage Bayesian Posterior + Hungarian,False,100,100,0,0.0,100,98,0,0.98,0.98,0.15146470399771186,0.9475791803098645,383.32,423.3,1.6694836249953369,100,0,0,0,0,1.0,0.0,0.0,0.0,0.0,1.0,5.89,0.0,0.0,0.0,0.0,0.0,,0.0,0.0,1.2586856188136153,0.334647537994897,0.0,0.07553030118288007,1.6688634579913924,1.2586856188136153,0.07553030118288007
20260711_164832_170489,bae7bf40726b12938559777771e8ab509aaf37f9f9bad6244622d6e70161ad2e,6,2187632397,1977915822,2187632397,6,100,50,60,5,30,10.0,120,current,Optimized Pattern Generator,dynamic_session,Dynamic Session Pattern Assignment,50,6,360,0da71054f5d16856a133bafcb63dfd41dc2ffb40d254414ca1a78425a1c004fe,3699990483,3652664f6b65bef8a464a359e0285618591914d27d73a19a377abdc48e26c252,True,bayesian_windowed_memory_off,A3 Ablation) Posterior Memory Off,False,100,100,0,0.0,100,98,0,0.98,0.98,0.2987831583241168,1.3680845142897613,383.32,423.3,1.709828834005748,100,0,0,0,0,1.0,0.0,0.0,0.0,0.0,1.0,5.89,0.0,0.0,0.0,0.0,0.0,,0.0,0.0,1.28513137093978,0.3450984949740814,0.0,0.07903267609071918,1.7092625420045806,1.28513137093978,0.07903267609071918
20260711_164832_170489,bae7bf40726b12938559777771e8ab509aaf37f9f9bad6244622d6e70161ad2e,6,2187632397,2395032862,2187632397,6,100,50,60,5,30,10.0,120,current,Optimized Pattern Generator,dynamic_session,Dynamic Session Pattern Assignment,50,6,360,0da71054f5d16856a133bafcb63dfd41dc2ffb40d254414ca1a78425a1c004fe,3699990483,3652664f6b65bef8a464a359e0285618591914d27d73a19a377abdc48e26c252,True,bayesian_windowed_timeprior_off,A3 Ablation) Time Prior Off,False,100,100,0,0.0,100,98,0,0.98,0.98,0.15342657870999485,0.9475791803098645,383.32,423.3,1.7080100839957595,100,0,0,0,0,1.0,0.0,0.0,0.0,0.0,1.0,5.89,0.0,0.0,0.0,0.0,0.0,,0.0,0.0,1.272777079953812,0.3404420438600937,0.0,0.0941992511798162,1.707418374993722,1.272777079953812,0.0941992511798162
20260711_164832_170489,bae7bf40726b12938559777771e8ab509aaf37f9f9bad6244622d6e70161ad2e,6,2187632397,433795944,2187632397,6,100,50,60,5,30,10.0,120,current,Optimized Pattern Generator,dynamic_session,Dynamic Session Pattern Assignment,50,6,360,0da71054f5d16856a133bafcb63dfd41dc2ffb40d254414ca1a78425a1c004fe,3699990483,3652664f6b65bef8a464a359e0285618591914d27d73a19a377abdc48e26c252,True,bayesian_windowed_all_off,A3 Ablation) Time Prior + Memory Off,False,100,100,0,0.0,100,98,0,0.98,0.98,0.2999969082348309,1.3680845142897613,383.32,423.3,1.6744532919983612,100,0,0,0,0,1.0,0.0,0.0,0.0,0.0,1.0,5.89,0.0,0.0,0.0,0.0,0.0,,0.0,0.0,1.261689751976519,0.3349673350312514,0.0,0.07726099700084887,1.6739180840086192,1.261689751976519,0.07726099700084887
20260711_164832_170489,bae7bf40726b12938559777771e8ab509aaf37f9f9bad6244622d6e70161ad2e,7,2187632398,1233724834,2187632398,7,100,50,60,5,30,10.0,120,current,Optimized Pattern Generator,dynamic_session,Dynamic Session Pattern Assignment,50,6,360,a8428bdd906ebddabc4de154a782abfdebc22701ba206985e5ba696371ff7b9a,3699990480,f1d0cb5dc101d55de85f7f9c58023d70745c34c13f56607e720389496e189532,True,single_only,A1) Refined Cost + Greedy 1:1,True,100,100,0,0.0,100,96,0,0.96,0.96,1.2580078997287019,7.415504657019006,379.81,415.1,1.765260500003933,100,0,0,0,0,1.0,0.0,0.0,0.0,0.0,1.0,6.1,0.0,0.0,0.0,0.0,0.0,,0.0,0.0,1.3129708689957624,0.37610316697100643,0.0,0.07556258903059643,1.7646366249973653,1.3129708689957624,0.07556258903059643
20260711_164832_170489,bae7bf40726b12938559777771e8ab509aaf37f9f9bad6244622d6e70161ad2e,7,2187632398,1545686424,2187632398,7,100,50,60,5,30,10.0,120,current,Optimized Pattern Generator,dynamic_session,Dynamic Session Pattern Assignment,50,6,360,a8428bdd906ebddabc4de154a782abfdebc22701ba206985e5ba696371ff7b9a,3699990480,f1d0cb5dc101d55de85f7f9c58023d70745c34c13f56607e720389496e189532,True,single_only_dtw_off,A1 Ablation) DTW Off,False,100,100,0,0.0,100,94,0,0.94,0.94,1.0098335882333331,5.00000014,379.81,415.1,1.8027829579950776,100,0,0,0,0,1.0,0.0,0.0,0.0,0.0,1.0,6.1,0.0,0.0,0.0,0.0,0.0,,0.0,0.0,1.344874493064708,0.38110674906056374,0.0,0.07620859087910503,1.8021898330043769,1.344874493064708,0.07620859087910503
20260711_164832_170489,bae7bf40726b12938559777771e8ab509aaf37f9f9bad6244622d6e70161ad2e,7,2187632398,866312296,2187632398,7,100,50,60,5,30,10.0,120,current,Optimized Pattern Generator,dynamic_session,Dynamic Session Pattern Assignment,50,6,360,a8428bdd906ebddabc4de154a782abfdebc22701ba206985e5ba696371ff7b9a,3699990480,f1d0cb5dc101d55de85f7f9c58023d70745c34c13f56607e720389496e189532,True,single_only_step_off,A1 Ablation) Step Signature Off,False,100,100,0,0.0,100,94,0,0.94,0.94,0.20881354076657174,1.1711095515142524,379.81,415.1,1.8210031249909662,100,0,0,0,0,1.0,0.0,0.0,0.0,0.0,1.0,6.1,0.0,0.0,0.0,0.0,0.0,,0.0,0.0,1.3372088780015474,0.38277120418206323,0.0,0.10040116781601682,1.8203812499996275,1.3372088780015474,0.10040116781601682
20260711_164832_170489,bae7bf40726b12938559777771e8ab509aaf37f9f9bad6244622d6e70161ad2e,7,2187632398,1815193660,2187632398,7,100,50,60,5,30,10.0,120,current,Optimized Pattern Generator,dynamic_session,Dynamic Session Pattern Assignment,50,6,360,a8428bdd906ebddabc4de154a782abfdebc22701ba206985e5ba696371ff7b9a,3699990480,f1d0cb5dc101d55de85f7f9c58023d70745c34c13f56607e720389496e189532,True,single_only_all_off,A1 Ablation) All Waveform Terms Off,False,100,100,0,0.0,100,95,0,0.95,0.95,1.5590002505000005,8.40000042,379.81,415.1,1.411269958000048,100,0,0,0,0,1.0,0.0,0.0,0.0,0.0,1.0,6.1,0.0,0.0,0.0,0.0,0.0,,0.0,0.0,1.3299079159623943,0.0025723769795149565,0.0,0.07817508204607293,1.4106553749879822,1.3299079159623943,0.07817508204607293
20260711_164832_170489,bae7bf40726b12938559777771e8ab509aaf37f9f9bad6244622d6e70161ad2e,7,2187632398,2184921383,2187632398,7,100,50,60,5,30,10.0,120,current,Optimized Pattern Generator,dynamic_session,Dynamic Session Pattern Assignment,50,6,360,a8428bdd906ebddabc4de154a782abfdebc22701ba206985e5ba696371ff7b9a,3699990480,f1d0cb5dc101d55de85f7f9c58023d70745c34c13f56607e720389496e189532,True,nomura_original_interval_hungarian,A2) Corr+DTW + Hungarian,False,100,100,0,0.0,100,95,0,0.95,0.95,0.0930789558383261,0.5053251408381025,379.81,415.1,2.3000578329956625,100,0,0,0,0,1.0,0.0,0.0,0.0,0.0,1.0,6.1,0.0,0.0,0.0,0.0,0.0,,0.0,0.0,1.3198910419887397,0.9011929139669519,0.0,0.07836062804562971,2.2994445840013213,1.3198910419887397,0.07836062804562971
20260711_164832_170489,bae7bf40726b12938559777771e8ab509aaf37f9f9bad6244622d6e70161ad2e,7,2187632398,2176353869,2187632398,7,100,50,60,5,30,10.0,120,current,Optimized Pattern Generator,dynamic_session,Dynamic Session Pattern Assignment,50,6,360,a8428bdd906ebddabc4de154a782abfdebc22701ba206985e5ba696371ff7b9a,3699990480,f1d0cb5dc101d55de85f7f9c58023d70745c34c13f56607e720389496e189532,True,nomura_original_interval_hungarian_dtw_off,A2 Ablation) DTW Off (Corr-only),False,100,100,0,0.0,100,95,0,0.95,0.95,0.08800776975376301,0.34039441333413323,379.81,415.1,2.288261958005023,100,0,0,0,0,1.0,0.0,0.0,0.0,0.0,1.0,6.1,0.0,0.0,0.0,0.0,0.0,,0.0,0.0,1.3076382440049201,0.9038356250239303,0.0,0.07613846396270674,2.287612332991557,1.3076382440049201,0.07613846396270674
20260711_164832_170489,bae7bf40726b12938559777771e8ab509aaf37f9f9bad6244622d6e70161ad2e,7,2187632398,1055930913,2187632398,7,100,50,60,5,30,10.0,120,current,Optimized Pattern Generator,dynamic_session,Dynamic Session Pattern Assignment,50,6,360,a8428bdd906ebddabc4de154a782abfdebc22701ba206985e5ba696371ff7b9a,3699990480,f1d0cb5dc101d55de85f7f9c58023d70745c34c13f56607e720389496e189532,True,nomura_original_interval_hungarian_corr_off,A2 Ablation) Corr Off (DTW-only),False,100,100,0,0.0,100,93,0,0.93,0.93,2.4689999999999997e-07,4.9e-07,379.81,415.1,2.2875970419991063,100,0,0,0,0,1.0,0.0,0.0,0.0,0.0,1.0,6.1,0.0,0.0,0.0,0.0,0.0,,0.0,0.0,1.310089788021287,0.9001540811150335,0.0,0.07672833887045272,2.286972208006773,1.310089788021287,0.07672833887045272
20260711_164832_170489,bae7bf40726b12938559777771e8ab509aaf37f9f9bad6244622d6e70161ad2e,7,2187632398,542446154,2187632398,7,100,50,60,5,30,10.0,120,current,Optimized Pattern Generator,dynamic_session,Dynamic Session Pattern Assignment,50,6,360,a8428bdd906ebddabc4de154a782abfdebc22701ba206985e5ba696371ff7b9a,3699990480,f1d0cb5dc101d55de85f7f9c58023d70745c34c13f56607e720389496e189532,True,nomura_original_interval_hungarian_all_off,A2 Ablation) All Waveform Terms Off,False,100,100,0,0.0,100,95,0,0.95,0.95,1.5590002505000005,8.40000042,379.81,415.1,1.4472059999970952,100,0,0,0,0,1.0,0.0,0.0,0.0,0.0,1.0,6.1,0.0,0.0,0.0,0.0,0.0,,0.0,0.0,1.3490318349940935,0.0025844519113888964,0.0,0.09499046309792902,1.4466067500034114,1.3490318349940935,0.09499046309792902
20260711_164832_170489,bae7bf40726b12938559777771e8ab509aaf37f9f9bad6244622d6e70161ad2e,7,2187632398,1367392827,2187632398,7,100,50,60,5,30,10.0,120,current,Optimized Pattern Generator,dynamic_session,Dynamic Session Pattern Assignment,50,6,360,a8428bdd906ebddabc4de154a782abfdebc22701ba206985e5ba696371ff7b9a,3699990480,f1d0cb5dc101d55de85f7f9c58023d70745c34c13f56607e720389496e189532,True,bayesian_windowed,A3) Two-Stage Bayesian Posterior + Hungarian,False,100,100,0,0.0,100,99,0,0.99,0.99,0.12020480602181434,0.819528630946516,379.81,415.1,1.7385676660051104,100,0,0,0,0,1.0,0.0,0.0,0.0,0.0,1.0,6.1,0.0,0.0,0.0,0.0,0.0,,0.0,0.0,1.3144901659397874,0.34776445185707416,0.0,0.07567579920578282,1.7379304170026444,1.3144901659397874,0.07567579920578282
20260711_164832_170489,bae7bf40726b12938559777771e8ab509aaf37f9f9bad6244622d6e70161ad2e,7,2187632398,1977915821,2187632398,7,100,50,60,5,30,10.0,120,current,Optimized Pattern Generator,dynamic_session,Dynamic Session Pattern Assignment,50,6,360,a8428bdd906ebddabc4de154a782abfdebc22701ba206985e5ba696371ff7b9a,3699990480,f1d0cb5dc101d55de85f7f9c58023d70745c34c13f56607e720389496e189532,True,bayesian_windowed_memory_off,A3 Ablation) Posterior Memory Off,False,100,100,0,0.0,100,96,0,0.96,0.96,0.23136899530625119,0.9539404883771097,379.81,415.1,1.7576352500036592,100,0,0,0,0,1.0,0.0,0.0,0.0,0.0,1.0,6.1,0.0,0.0,0.0,0.0,0.0,,0.0,0.0,1.327646418940276,0.3512625779694645,0.0,0.0780971700878581,1.7570061669975985,1.327646418940276,0.0780971700878581
20260711_164832_170489,bae7bf40726b12938559777771e8ab509aaf37f9f9bad6244622d6e70161ad2e,7,2187632398,2395032861,2187632398,7,100,50,60,5,30,10.0,120,current,Optimized Pattern Generator,dynamic_session,Dynamic Session Pattern Assignment,50,6,360,a8428bdd906ebddabc4de154a782abfdebc22701ba206985e5ba696371ff7b9a,3699990480,f1d0cb5dc101d55de85f7f9c58023d70745c34c13f56607e720389496e189532,True,bayesian_windowed_timeprior_off,A3 Ablation) Time Prior Off,False,100,100,0,0.0,100,99,0,0.99,0.99,0.1206359102663683,0.819528630946516,379.81,415.1,1.821037667003111,100,0,0,0,0,1.0,0.0,0.0,0.0,0.0,1.0,6.1,0.0,0.0,0.0,0.0,0.0,,0.0,0.0,1.3864106249529868,0.35710732100415044,0.0,0.07682084605039563,1.820338792007533,1.3864106249529868,0.07682084605039563
20260711_164832_170489,bae7bf40726b12938559777771e8ab509aaf37f9f9bad6244622d6e70161ad2e,7,2187632398,433795947,2187632398,7,100,50,60,5,30,10.0,120,current,Optimized Pattern Generator,dynamic_session,Dynamic Session Pattern Assignment,50,6,360,a8428bdd906ebddabc4de154a782abfdebc22701ba206985e5ba696371ff7b9a,3699990480,f1d0cb5dc101d55de85f7f9c58023d70745c34c13f56607e720389496e189532,True,bayesian_windowed_all_off,A3 Ablation) Time Prior + Memory Off,False,100,100,0,0.0,100,96,0,0.96,0.96,0.23173819055050443,0.9539404883771097,379.81,415.1,1.849144542007707,100,0,0,0,0,1.0,0.0,0.0,0.0,0.0,1.0,6.1,0.0,0.0,0.0,0.0,0.0,,0.0,0.0,1.404803245968651,0.3605049200850772,0.0,0.0831683759461157,1.848476541999844,1.404803245968651,0.0831683759461157
20260711_164832_170489,bae7bf40726b12938559777771e8ab509aaf37f9f9bad6244622d6e70161ad2e,8,2187632399,1233724835,2187632399,8,100,50,60,5,30,10.0,120,current,Optimized Pattern Generator,dynamic_session,Dynamic Session Pattern Assignment,50,6,360,ef643c860c353bf82e13213f461ae069eb982a580f5c594aad376f677a707110,3699990481,41e12a92ebc777de1d35951acf88d0d1edb31961b9156c5f8d01b74ee5a677e9,True,single_only,A1) Refined Cost + Greedy 1:1,True,100,100,0,0.0,100,97,0,0.97,0.97,1.0952752613017307,4.9498310499095695,381.72,411.3,1.8951781659998232,100,0,0,0,0,1.0,0.0,0.0,0.0,0.0,1.0,6.49,0.0,0.0,0.0,0.0,0.0,,0.0,0.0,1.4144484960270347,0.404170288995374,0.0,0.0759673809807282,1.894586166003137,1.4144484960270347,0.0759673809807282
20260711_164832_170489,bae7bf40726b12938559777771e8ab509aaf37f9f9bad6244622d6e70161ad2e,8,2187632399,1545686425,2187632399,8,100,50,60,5,30,10.0,120,current,Optimized Pattern Generator,dynamic_session,Dynamic Session Pattern Assignment,50,6,360,ef643c860c353bf82e13213f461ae069eb982a580f5c594aad376f677a707110,3699990481,41e12a92ebc777de1d35951acf88d0d1edb31961b9156c5f8d01b74ee5a677e9,True,single_only_dtw_off,A1 Ablation) DTW Off,False,100,100,0,0.0,100,98,0,0.98,0.98,0.8492669148666667,3.886666926666667,381.72,411.3,1.9131232499930775,100,0,0,0,0,1.0,0.0,0.0,0.0,0.0,1.0,6.49,0.0,0.0,0.0,0.0,0.0,,0.0,0.0,1.4299463330680737,0.40643604009528644,0.0,0.07614675183140207,1.9125291249947622,1.4299463330680737,0.07614675183140207
20260711_164832_170489,bae7bf40726b12938559777771e8ab509aaf37f9f9bad6244622d6e70161ad2e,8,2187632399,866312297,2187632399,8,100,50,60,5,30,10.0,120,current,Optimized Pattern Generator,dynamic_session,Dynamic Session Pattern Assignment,50,6,360,ef643c860c353bf82e13213f461ae069eb982a580f5c594aad376f677a707110,3699990481,41e12a92ebc777de1d35951acf88d0d1edb31961b9156c5f8d01b74ee5a677e9,True,single_only_step_off,A1 Ablation) Step Signature Off,False,100,100,0,0.0,100,95,0,0.95,0.95,0.22553824399577965,0.9883184926500854,381.72,411.3,1.912305790989194,100,0,0,0,0,1.0,0.0,0.0,0.0,0.0,1.0,6.49,0.0,0.0,0.0,0.0,0.0,,0.0,0.0,1.4313029529876076,0.40401415900851134,0.0,0.07636397100577597,1.9116810830018949,1.4313029529876076,0.07636397100577597
20260711_164832_170489,bae7bf40726b12938559777771e8ab509aaf37f9f9bad6244622d6e70161ad2e,8,2187632399,1815193661,2187632399,8,100,50,60,5,30,10.0,120,current,Optimized Pattern Generator,dynamic_session,Dynamic Session Pattern Assignment,50,6,360,ef643c860c353bf82e13213f461ae069eb982a580f5c594aad376f677a707110,3699990481,41e12a92ebc777de1d35951acf88d0d1edb31961b9156c5f8d01b74ee5a677e9,True,single_only_all_off,A1 Ablation) All Waveform Terms Off,False,100,100,0,0.0,100,92,0,0.92,0.92,1.66900025,7.800000140000001,381.72,411.3,1.6668101669929456,100,0,0,0,0,1.0,0.0,0.0,0.0,0.0,1.0,6.49,0.0,0.0,0.0,0.0,0.0,,0.0,0.0,1.5832105849694926,0.003325166049762629,0.0,0.07964904097025283,1.666184791989508,1.5832105849694926,0.07964904097025283
20260711_164832_170489,bae7bf40726b12938559777771e8ab509aaf37f9f9bad6244622d6e70161ad2e,8,2187632399,2184921382,2187632399,8,100,50,60,5,30,10.0,120,current,Optimized Pattern Generator,dynamic_session,Dynamic Session Pattern Assignment,50,6,360,ef643c860c353bf82e13213f461ae069eb982a580f5c594aad376f677a707110,3699990481,41e12a92ebc777de1d35951acf88d0d1edb31961b9156c5f8d01b74ee5a677e9,True,nomura_original_interval_hungarian,A2) Corr+DTW + Hungarian,False,100,100,0,0.0,100,94,0,0.94,0.94,0.09376089207888853,0.44909357206654305,381.72,411.3,2.6515513330086833,100,0,0,0,0,1.0,0.0,0.0,0.0,0.0,1.0,6.49,0.0,0.0,0.0,0.0,0.0,,0.0,0.0,1.541431285935687,0.9998301250452641,0.0,0.10966617200756446,2.6509275829885155,1.541431285935687,0.10966617200756446
20260711_164832_170489,bae7bf40726b12938559777771e8ab509aaf37f9f9bad6244622d6e70161ad2e,8,2187632399,2176353868,2187632399,8,100,50,60,5,30,10.0,120,current,Optimized Pattern Generator,dynamic_session,Dynamic Session Pattern Assignment,50,6,360,ef643c860c353bf82e13213f461ae069eb982a580f5c594aad376f677a707110,3699990481,41e12a92ebc777de1d35951acf88d0d1edb31961b9156c5f8d01b74ee5a677e9,True,nomura_original_interval_hungarian_dtw_off,A2 Ablation) DTW Off (Corr-only),False,100,100,0,0.0,100,95,0,0.95,0.95,0.08757629484493121,0.329414386008752,381.72,411.3,2.8968112919974374,100,0,0,0,0,1.0,0.0,0.0,0.0,0.0,1.0,6.49,0.0,0.0,0.0,0.0,0.0,,0.0,0.0,1.7441568769863807,1.072794622159563,0.0,0.07927337585715577,2.8962248750030994,1.7441568769863807,0.07927337585715577
20260711_164832_170489,bae7bf40726b12938559777771e8ab509aaf37f9f9bad6244622d6e70161ad2e,8,2187632399,1055930912,2187632399,8,100,50,60,5,30,10.0,120,current,Optimized Pattern Generator,dynamic_session,Dynamic Session Pattern Assignment,50,6,360,ef643c860c353bf82e13213f461ae069eb982a580f5c594aad376f677a707110,3699990481,41e12a92ebc777de1d35951acf88d0d1edb31961b9156c5f8d01b74ee5a677e9,True,nomura_original_interval_hungarian_corr_off,A2 Ablation) Corr Off (DTW-only),False,100,100,0,0.0,100,94,0,0.94,0.94,0.0029483197657916614,0.2948071365791662,381.72,411.3,2.5489843749965075,100,0,0,0,0,1.0,0.0,0.0,0.0,0.0,1.0,6.49,0.0,0.0,0.0,0.0,0.0,,0.0,0.0,1.4865517109574284,0.985338291968219,0.0,0.07648333006363828,2.5483733329892857,1.4865517109574284,0.07648333006363828
20260711_164832_170489,bae7bf40726b12938559777771e8ab509aaf37f9f9bad6244622d6e70161ad2e,8,2187632399,542446155,2187632399,8,100,50,60,5,30,10.0,120,current,Optimized Pattern Generator,dynamic_session,Dynamic Session Pattern Assignment,50,6,360,ef643c860c353bf82e13213f461ae069eb982a580f5c594aad376f677a707110,3699990481,41e12a92ebc777de1d35951acf88d0d1edb31961b9156c5f8d01b74ee5a677e9,True,nomura_original_interval_hungarian_all_off,A2 Ablation) All Waveform Terms Off,False,100,100,0,0.0,100,92,0,0.92,0.92,1.66900025,7.800000140000001,381.72,411.3,1.5368166249973,100,0,0,0,0,1.0,0.0,0.0,0.0,0.0,1.0,6.49,0.0,0.0,0.0,0.0,0.0,,0.0,0.0,1.4556115859450074,0.00259937702503521,0.0,0.07800745303393342,1.536218416003976,1.4556115859450074,0.07800745303393342
20260711_164832_170489,bae7bf40726b12938559777771e8ab509aaf37f9f9bad6244622d6e70161ad2e,8,2187632399,1367392826,2187632399,8,100,50,60,5,30,10.0,120,current,Optimized Pattern Generator,dynamic_session,Dynamic Session Pattern Assignment,50,6,360,ef643c860c353bf82e13213f461ae069eb982a580f5c594aad376f677a707110,3699990481,41e12a92ebc777de1d35951acf88d0d1edb31961b9156c5f8d01b74ee5a677e9,True,bayesian_windowed,A3) Two-Stage Bayesian Posterior + Hungarian,False,100,100,0,0.0,100,99,0,0.99,0.99,0.1475889999411413,0.9662858992008276,381.72,411.3,1.8743267919926438,100,0,0,0,0,1.0,0.0,0.0,0.0,0.0,1.0,6.49,0.0,0.0,0.0,0.0,0.0,,0.0,0.0,1.425112708020606,0.37308212503558025,0.0,0.07554220894235186,1.8737370419985382,1.425112708020606,0.07554220894235186
20260711_164832_170489,bae7bf40726b12938559777771e8ab509aaf37f9f9bad6244622d6e70161ad2e,8,2187632399,1977915820,2187632399,8,100,50,60,5,30,10.0,120,current,Optimized Pattern Generator,dynamic_session,Dynamic Session Pattern Assignment,50,6,360,ef643c860c353bf82e13213f461ae069eb982a580f5c594aad376f677a707110,3699990481,41e12a92ebc777de1d35951acf88d0d1edb31961b9156c5f8d01b74ee5a677e9,True,bayesian_windowed_memory_off,A3 Ablation) Posterior Memory Off,False,100,100,0,0.0,100,97,0,0.97,0.97,0.27735391235541146,1.4217560573508308,381.72,411.3,1.8603723330015782,100,0,0,0,0,1.0,0.0,0.0,0.0,0.0,1.0,6.49,0.0,0.0,0.0,0.0,0.0,,0.0,0.0,1.399280208934215,0.36874449807510246,0.0,0.09172537599806674,1.859750083007384,1.399280208934215,0.09172537599806674
20260711_164832_170489,bae7bf40726b12938559777771e8ab509aaf37f9f9bad6244622d6e70161ad2e,8,2187632399,2395032860,2187632399,8,100,50,60,5,30,10.0,120,current,Optimized Pattern Generator,dynamic_session,Dynamic Session Pattern Assignment,50,6,360,ef643c860c353bf82e13213f461ae069eb982a580f5c594aad376f677a707110,3699990481,41e12a92ebc777de1d35951acf88d0d1edb31961b9156c5f8d01b74ee5a677e9,True,bayesian_windowed_timeprior_off,A3 Ablation) Time Prior Off,False,100,100,0,0.0,100,99,0,0.99,0.99,0.14861956296795323,0.9663832769075036,381.72,411.3,1.9609259999997448,100,0,0,0,0,1.0,0.0,0.0,0.0,0.0,1.0,6.49,0.0,0.0,0.0,0.0,0.0,,0.0,0.0,1.4985876309656305,0.38489012407080736,0.0,0.076766369966208,1.9602441250026459,1.4985876309656305,0.076766369966208
20260711_164832_170489,bae7bf40726b12938559777771e8ab509aaf37f9f9bad6244622d6e70161ad2e,8,2187632399,433795946,2187632399,8,100,50,60,5,30,10.0,120,current,Optimized Pattern Generator,dynamic_session,Dynamic Session Pattern Assignment,50,6,360,ef643c860c353bf82e13213f461ae069eb982a580f5c594aad376f677a707110,3699990481,41e12a92ebc777de1d35951acf88d0d1edb31961b9156c5f8d01b74ee5a677e9,True,bayesian_windowed_all_off,A3 Ablation) Time Prior + Memory Off,False,100,100,0,0.0,100,97,0,0.97,0.97,0.2782106242836977,1.4220316897409384,381.72,411.3,1.930499708003481,100,0,0,0,0,1.0,0.0,0.0,0.0,0.0,1.0,6.49,0.0,0.0,0.0,0.0,0.0,,0.0,0.0,1.4595067530317465,0.3792355379409855,0.0,0.09114516702538822,1.9298874579981202,1.4595067530317465,0.09114516702538822
20260711_164832_170489,bae7bf40726b12938559777771e8ab509aaf37f9f9bad6244622d6e70161ad2e,9,2187632400,1233724860,2187632400,9,100,50,60,5,30,10.0,120,current,Optimized Pattern Generator,dynamic_session,Dynamic Session Pattern Assignment,50,6,360,c1040e400467ceb49f5ad847acf1bee48185264b691affa09337a53c2df8c357,3699990478,088d7b0f253f5395ee7611e32144c4caac3f064aefbf34890ec2b332f8a34b82,True,single_only,A1) Refined Cost + Greedy 1:1,True,100,100,0,0.0,100,99,0,0.99,0.99,1.1756573324171482,5.151628951008598,380.97,406.0,1.8941849999973783,100,0,0,0,0,1.0,0.0,0.0,0.0,0.0,1.0,6.26,0.0,0.0,0.0,0.0,0.0,,0.0,0.0,1.4196947049931623,0.39754225306387525,0.0,0.07631012493220624,1.8935470829892438,1.4196947049931623,0.07631012493220624
20260711_164832_170489,bae7bf40726b12938559777771e8ab509aaf37f9f9bad6244622d6e70161ad2e,9,2187632400,1545686406,2187632400,9,100,50,60,5,30,10.0,120,current,Optimized Pattern Generator,dynamic_session,Dynamic Session Pattern Assignment,50,6,360,c1040e400467ceb49f5ad847acf1bee48185264b691affa09337a53c2df8c357,3699990478,088d7b0f253f5395ee7611e32144c4caac3f064aefbf34890ec2b332f8a34b82,True,single_only_dtw_off,A1 Ablation) DTW Off,False,100,100,0,0.0,100,95,0,0.95,0.95,0.9070669316666666,4.213333773333334,380.97,406.0,1.8305521669972222,100,0,0,0,0,1.0,0.0,0.0,0.0,0.0,1.0,6.26,0.0,0.0,0.0,0.0,0.0,,0.0,0.0,1.3495470840134658,0.3842697079962818,0.0,0.09616016598010901,1.8299769579898566,1.3495470840134658,0.09616016598010901
20260711_164832_170489,bae7bf40726b12938559777771e8ab509aaf37f9f9bad6244622d6e70161ad2e,9,2187632400,866312310,2187632400,9,100,50,60,5,30,10.0,120,current,Optimized Pattern Generator,dynamic_session,Dynamic Session Pattern Assignment,50,6,360,c1040e400467ceb49f5ad847acf1bee48185264b691affa09337a53c2df8c357,3699990478,088d7b0f253f5395ee7611e32144c4caac3f064aefbf34890ec2b332f8a34b82,True,single_only_step_off,A1 Ablation) Step Signature Off,False,100,100,0,0.0,100,93,0,0.93,0.93,0.25575354369403075,1.877544847592201,380.97,406.0,1.8288162920071045,100,0,0,0,0,1.0,0.0,0.0,0.0,0.0,1.0,6.26,0.0,0.0,0.0,0.0,0.0,,0.0,0.0,1.3643829980719602,0.38851546103251167,0.0,0.07533729089482222,1.828235749999294,1.3643829980719602,0.07533729089482222
20260711_164832_170489,bae7bf40726b12938559777771e8ab509aaf37f9f9bad6244622d6e70161ad2e,9,2187632400,1815193634,2187632400,9,100,50,60,5,30,10.0,120,current,Optimized Pattern Generator,dynamic_session,Dynamic Session Pattern Assignment,50,6,360,c1040e400467ceb49f5ad847acf1bee48185264b691affa09337a53c2df8c357,3699990478,088d7b0f253f5395ee7611e32144c4caac3f064aefbf34890ec2b332f8a34b82,True,single_only_all_off,A1 Ablation) All Waveform Terms Off,False,100,100,0,0.0,100,88,0,0.88,0.88,1.5400002576000003,8.50000037,380.97,406.0,1.429642083006911,100,0,0,0,0,1.0,0.0,0.0,0.0,0.0,1.0,6.26,0.0,0.0,0.0,0.0,0.0,,0.0,0.0,1.3517148720711702,0.0022973709710640833,0.0,0.07506879795982968,1.429081041002064,1.3517148720711702,0.07506879795982968
20260711_164832_170489,bae7bf40726b12938559777771e8ab509aaf37f9f9bad6244622d6e70161ad2e,9,2187632400,2184921401,2187632400,9,100,50,60,5,30,10.0,120,current,Optimized Pattern Generator,dynamic_session,Dynamic Session Pattern Assignment,50,6,360,c1040e400467ceb49f5ad847acf1bee48185264b691affa09337a53c2df8c357,3699990478,088d7b0f253f5395ee7611e32144c4caac3f064aefbf34890ec2b332f8a34b82,True,nomura_original_interval_hungarian,A2) Corr+DTW + Hungarian,False,100,100,0,0.0,100,93,0,0.93,0.93,0.10511452617077076,0.6267828137374534,380.97,406.0,2.3547140000009676,100,0,0,0,0,1.0,0.0,0.0,0.0,0.0,1.0,6.26,0.0,0.0,0.0,0.0,0.0,,0.0,0.0,1.3555712159868563,0.9238625809375662,0.0,0.07470016207662411,2.3541339590010466,1.3555712159868563,0.07470016207662411
20260711_164832_170489,bae7bf40726b12938559777771e8ab509aaf37f9f9bad6244622d6e70161ad2e,9,2187632400,2176353875,2187632400,9,100,50,60,5,30,10.0,120,current,Optimized Pattern Generator,dynamic_session,Dynamic Session Pattern Assignment,50,6,360,c1040e400467ceb49f5ad847acf1bee48185264b691affa09337a53c2df8c357,3699990478,088d7b0f253f5395ee7611e32144c4caac3f064aefbf34890ec2b332f8a34b82,True,nomura_original_interval_hungarian_dtw_off,A2 Ablation) DTW Off (Corr-only),False,100,100,0,0.0,100,94,0,0.94,0.94,0.09768742330494526,0.49435162142722916,380.97,406.0,2.4122426670073764,100,0,0,0,0,1.0,0.0,0.0,0.0,0.0,1.0,6.26,0.0,0.0,0.0,0.0,0.0,,0.0,0.0,1.3996784980263328,0.9365668720856775,0.0,0.07536175489076413,2.4116071250027744,1.3996784980263328,0.07536175489076413
20260711_164832_170489,bae7bf40726b12938559777771e8ab509aaf37f9f9bad6244622d6e70161ad2e,9,2187632400,1055930943,2187632400,9,100,50,60,5,30,10.0,120,current,Optimized Pattern Generator,dynamic_session,Dynamic Session Pattern Assignment,50,6,360,c1040e400467ceb49f5ad847acf1bee48185264b691affa09337a53c2df8c357,3699990478,088d7b0f253f5395ee7611e32144c4caac3f064aefbf34890ec2b332f8a34b82,True,nomura_original_interval_hungarian_corr_off,A2 Ablation) Corr Off (DTW-only),False,100,100,0,0.0,100,92,0,0.92,0.92,0.00033976271357934976,0.03395054135793498,380.97,406.0,2.5653538330079755,100,0,0,0,0,1.0,0.0,0.0,0.0,0.0,1.0,6.26,0.0,0.0,0.0,0.0,0.0,,0.0,0.0,1.49046866610297,0.9705434521165444,0.0,0.10365534077573102,2.5646674589952454,1.49046866610297,0.10365534077573102
20260711_164832_170489,bae7bf40726b12938559777771e8ab509aaf37f9f9bad6244622d6e70161ad2e,9,2187632400,542446164,2187632400,9,100,50,60,5,30,10.0,120,current,Optimized Pattern Generator,dynamic_session,Dynamic Session Pattern Assignment,50,6,360,c1040e400467ceb49f5ad847acf1bee48185264b691affa09337a53c2df8c357,3699990478,088d7b0f253f5395ee7611e32144c4caac3f064aefbf34890ec2b332f8a34b82,True,nomura_original_interval_hungarian_all_off,A2 Ablation) All Waveform Terms Off,False,100,100,0,0.0,100,88,0,0.88,0.88,1.5400002576000003,8.50000037,380.97,406.0,1.6277295830077492,100,0,0,0,0,1.0,0.0,0.0,0.0,0.0,1.0,6.26,0.0,0.0,0.0,0.0,0.0,,0.0,0.0,1.5440783319063485,0.0033106269547715783,0.0,0.07971383313997649,1.6271027920010965,1.5440783319063485,0.07971383313997649
20260711_164832_170489,bae7bf40726b12938559777771e8ab509aaf37f9f9bad6244622d6e70161ad2e,9,2187632400,1367392805,2187632400,9,100,50,60,5,30,10.0,120,current,Optimized Pattern Generator,dynamic_session,Dynamic Session Pattern Assignment,50,6,360,c1040e400467ceb49f5ad847acf1bee48185264b691affa09337a53c2df8c357,3699990478,088d7b0f253f5395ee7611e32144c4caac3f064aefbf34890ec2b332f8a34b82,True,bayesian_windowed,A3) Two-Stage Bayesian Posterior + Hungarian,False,100,100,0,0.0,100,99,0,0.99,0.99,0.14091496723498065,1.2539230067048766,380.97,406.0,1.9062372499902267,100,0,0,0,0,1.0,0.0,0.0,0.0,0.0,1.0,6.26,0.0,0.0,0.0,0.0,0.0,,0.0,0.0,1.4465566250582924,0.37241995899239555,0.0,0.08666774895391427,1.9056443330046022,1.4465566250582924,0.08666774895391427
20260711_164832_170489,bae7bf40726b12938559777771e8ab509aaf37f9f9bad6244622d6e70161ad2e,9,2187632400,1977915827,2187632400,9,100,50,60,5,30,10.0,120,current,Optimized Pattern Generator,dynamic_session,Dynamic Session Pattern Assignment,50,6,360,c1040e400467ceb49f5ad847acf1bee48185264b691affa09337a53c2df8c357,3699990478,088d7b0f253f5395ee7611e32144c4caac3f064aefbf34890ec2b332f8a34b82,True,bayesian_windowed_memory_off,A3 Ablation) Posterior Memory Off,False,100,100,0,0.0,100,99,0,0.99,0.99,0.25293935832699005,1.4819416456837005,380.97,406.0,2.1384115830005612,100,0,0,0,0,1.0,0.0,0.0,0.0,0.0,1.0,6.26,0.0,0.0,0.0,0.0,0.0,,0.0,0.0,1.6561553770588944,0.40101204108214006,0.0,0.08058012285619043,2.137747540997225,1.6561553770588944,0.08058012285619043
20260711_164832_170489,bae7bf40726b12938559777771e8ab509aaf37f9f9bad6244622d6e70161ad2e,9,2187632400,2395032835,2187632400,9,100,50,60,5,30,10.0,120,current,Optimized Pattern Generator,dynamic_session,Dynamic Session Pattern Assignment,50,6,360,c1040e400467ceb49f5ad847acf1bee48185264b691affa09337a53c2df8c357,3699990478,088d7b0f253f5395ee7611e32144c4caac3f064aefbf34890ec2b332f8a34b82,True,bayesian_windowed_timeprior_off,A3 Ablation) Time Prior Off,False,100,100,0,0.0,100,99,0,0.99,0.99,0.14240207176562833,1.2539230067048766,380.97,406.0,1.9824210420047166,100,0,0,0,0,1.0,0.0,0.0,0.0,0.0,1.0,6.26,0.0,0.0,0.0,0.0,0.0,,0.0,0.0,1.511619622935541,0.38292408002598677,0.0,0.0872680890315678,1.9818117919930955,1.511619622935541,0.0872680890315678
20260711_164832_170489,bae7bf40726b12938559777771e8ab509aaf37f9f9bad6244622d6e70161ad2e,9,2187632400,433795957,2187632400,9,100,50,60,5,30,10.0,120,current,Optimized Pattern Generator,dynamic_session,Dynamic Session Pattern Assignment,50,6,360,c1040e400467ceb49f5ad847acf1bee48185264b691affa09337a53c2df8c357,3699990478,088d7b0f253f5395ee7611e32144c4caac3f064aefbf34890ec2b332f8a34b82,True,bayesian_windowed_all_off,A3 Ablation) Time Prior + Memory Off,False,100,100,0,0.0,100,99,0,0.99,0.99,0.25372704334175006,1.4819416456837005,380.97,406.0,1.8965819169970928,100,0,0,0,0,1.0,0.0,0.0,0.0,0.0,1.0,6.26,0.0,0.0,0.0,0.0,0.0,,0.0,0.0,1.433651246043155,0.3684580450790236,0.0,0.09381883387686685,1.8959281249990454,1.433651246043155,0.09381883387686685
20260711_164832_170489,bae7bf40726b12938559777771e8ab509aaf37f9f9bad6244622d6e70161ad2e,10,2187632401,1233724861,2187632401,10,100,50,60,5,30,10.0,120,current,Optimized Pattern Generator,dynamic_session,Dynamic Session Pattern Assignment,50,6,360,0c74724d9f0bddd6fa05d5949979d5548e8a8327c7984b0ba4bc2644b8b85eb8,3699990479,9ff90e202e3dd3c5e5d30047de8f1a0e8623f0f637ca6c941f92b1aaa5aa4210,True,single_only,A1) Refined Cost + Greedy 1:1,True,100,100,0,0.0,100,100,0,1.0,1.0,1.1036766074341393,5.423709486519197,379.93,416.1,1.9732749169925228,100,0,0,0,0,1.0,0.0,0.0,0.0,0.0,1.0,6.2,0.0,0.0,0.0,0.0,0.0,,0.0,0.0,1.4769313769356813,0.41129599802661687,0.0,0.08439912504400127,1.9726265000062995,1.4769313769356813,0.08439912504400127
20260711_164832_170489,bae7bf40726b12938559777771e8ab509aaf37f9f9bad6244622d6e70161ad2e,10,2187632401,1545686407,2187632401,10,100,50,60,5,30,10.0,120,current,Optimized Pattern Generator,dynamic_session,Dynamic Session Pattern Assignment,50,6,360,0c74724d9f0bddd6fa05d5949979d5548e8a8327c7984b0ba4bc2644b8b85eb8,3699990479,9ff90e202e3dd3c5e5d30047de8f1a0e8623f0f637ca6c941f92b1aaa5aa4210,True,single_only_dtw_off,A1 Ablation) DTW Off,False,100,100,0,0.0,100,97,0,0.97,0.97,0.8989669229666666,3.0533333833333334,379.93,416.1,1.9471205000008922,100,0,0,0,0,1.0,0.0,0.0,0.0,0.0,1.0,6.2,0.0,0.0,0.0,0.0,0.0,,0.0,0.0,1.455331702993135,0.4124406209157314,0.0,0.07875755109125748,1.9465298750001239,1.455331702993135,0.07875755109125748
20260711_164832_170489,bae7bf40726b12938559777771e8ab509aaf37f9f9bad6244622d6e70161ad2e,10,2187632401,866312311,2187632401,10,100,50,60,5,30,10.0,120,current,Optimized Pattern Generator,dynamic_session,Dynamic Session Pattern Assignment,50,6,360,0c74724d9f0bddd6fa05d5949979d5548e8a8327c7984b0ba4bc2644b8b85eb8,3699990479,9ff90e202e3dd3c5e5d30047de8f1a0e8623f0f637ca6c941f92b1aaa5aa4210,True,single_only_step_off,A1 Ablation) Step Signature Off,False,100,100,0,0.0,100,98,0,0.98,0.98,0.18836740255656725,1.4811964622476796,379.93,416.1,1.9062514170072973,100,0,0,0,0,1.0,0.0,0.0,0.0,0.0,1.0,6.2,0.0,0.0,0.0,0.0,0.0,,0.0,0.0,1.4265256659709848,0.40242691698949784,0.0,0.07667966703593265,1.9056322499964153,1.4265256659709848,0.07667966703593265
20260711_164832_170489,bae7bf40726b12938559777771e8ab509aaf37f9f9bad6244622d6e70161ad2e,10,2187632401,1815193635,2187632401,10,100,50,60,5,30,10.0,120,current,Optimized Pattern Generator,dynamic_session,Dynamic Session Pattern Assignment,50,6,360,0c74724d9f0bddd6fa05d5949979d5548e8a8327c7984b0ba4bc2644b8b85eb8,3699990479,9ff90e202e3dd3c5e5d30047de8f1a0e8623f0f637ca6c941f92b1aaa5aa4210,True,single_only_all_off,A1 Ablation) All Waveform Terms Off,False,100,100,0,0.0,100,85,0,0.85,0.85,1.6680002494000001,7.900000090000001,379.93,416.1,1.5053699169948231,100,0,0,0,0,1.0,0.0,0.0,0.0,0.0,1.0,6.2,0.0,0.0,0.0,0.0,0.0,,0.0,0.0,1.4003640859154984,0.0028288699104450643,0.0,0.10158562718424946,1.504778583010193,1.4003640859154984,0.10158562718424946
20260711_164832_170489,bae7bf40726b12938559777771e8ab509aaf37f9f9bad6244622d6e70161ad2e,10,2187632401,2184921400,2187632401,10,100,50,60,5,30,10.0,120,current,Optimized Pattern Generator,dynamic_session,Dynamic Session Pattern Assignment,50,6,360,0c74724d9f0bddd6fa05d5949979d5548e8a8327c7984b0ba4bc2644b8b85eb8,3699990479,9ff90e202e3dd3c5e5d30047de8f1a0e8623f0f637ca6c941f92b1aaa5aa4210,True,nomura_original_interval_hungarian,A2) Corr+DTW + Hungarian,False,100,100,0,0.0,100,97,0,0.97,0.97,0.08216706552066075,0.45181346551695395,379.93,416.1,2.541459832995315,100,0,0,0,0,1.0,0.0,0.0,0.0,0.0,1.0,6.2,0.0,0.0,0.0,0.0,0.0,,0.0,0.0,1.4934787070233142,0.9683281241595978,0.0,0.07900446082931012,2.540811292012222,1.4934787070233142,0.07900446082931012
20260711_164832_170489,bae7bf40726b12938559777771e8ab509aaf37f9f9bad6244622d6e70161ad2e,10,2187632401,2176353874,2187632401,10,100,50,60,5,30,10.0,120,current,Optimized Pattern Generator,dynamic_session,Dynamic Session Pattern Assignment,50,6,360,0c74724d9f0bddd6fa05d5949979d5548e8a8327c7984b0ba4bc2644b8b85eb8,3699990479,9ff90e202e3dd3c5e5d30047de8f1a0e8623f0f637ca6c941f92b1aaa5aa4210,True,nomura_original_interval_hungarian_dtw_off,A2 Ablation) DTW Off (Corr-only),False,100,100,0,0.0,100,98,0,0.98,0.98,0.07818927121114416,0.45181346551695395,379.93,416.1,3.2174111250060378,100,0,0,0,0,1.0,0.0,0.0,0.0,0.0,1.0,6.2,0.0,0.0,0.0,0.0,0.0,,0.0,0.0,2.0300331641046796,1.0978265460435068,0.0,0.08876428985968232,3.2166240000078687,2.0300331641046796,0.08876428985968232
20260711_164832_170489,bae7bf40726b12938559777771e8ab509aaf37f9f9bad6244622d6e70161ad2e,10,2187632401,1055930942,2187632401,10,100,50,60,5,30,10.0,120,current,Optimized Pattern Generator,dynamic_session,Dynamic Session Pattern Assignment,50,6,360,0c74724d9f0bddd6fa05d5949979d5548e8a8327c7984b0ba4bc2644b8b85eb8,3699990479,9ff90e202e3dd3c5e5d30047de8f1a0e8623f0f637ca6c941f92b1aaa5aa4210,True,nomura_original_interval_hungarian_corr_off,A2 Ablation) Corr Off (DTW-only),False,100,100,0,0.0,100,93,0,0.93,0.93,0.0013583728557705523,0.12750920287724501,379.93,416.1,2.9198610419989564,100,0,0,0,0,1.0,0.0,0.0,0.0,0.0,1.0,6.2,0.0,0.0,0.0,0.0,0.0,,0.0,0.0,1.7456325069942977,1.066849170034402,0.0,0.10642898897640407,2.918910666005104,1.7456325069942977,0.10642898897640407
20260711_164832_170489,bae7bf40726b12938559777771e8ab509aaf37f9f9bad6244622d6e70161ad2e,10,2187632401,542446165,2187632401,10,100,50,60,5,30,10.0,120,current,Optimized Pattern Generator,dynamic_session,Dynamic Session Pattern Assignment,50,6,360,0c74724d9f0bddd6fa05d5949979d5548e8a8327c7984b0ba4bc2644b8b85eb8,3699990479,9ff90e202e3dd3c5e5d30047de8f1a0e8623f0f637ca6c941f92b1aaa5aa4210,True,nomura_original_interval_hungarian_all_off,A2 Ablation) All Waveform Terms Off,False,100,100,0,0.0,100,85,0,0.85,0.85,1.6680002494000001,7.900000090000001,379.93,416.1,1.5127582909917692,100,0,0,0,0,1.0,0.0,0.0,0.0,0.0,1.0,6.2,0.0,0.0,0.0,0.0,0.0,,0.0,0.0,1.425152963900473,0.0028134200401837006,0.0,0.08419757404772099,1.5121639579883777,1.425152963900473,0.08419757404772099
20260711_164832_170489,bae7bf40726b12938559777771e8ab509aaf37f9f9bad6244622d6e70161ad2e,10,2187632401,1367392804,2187632401,10,100,50,60,5,30,10.0,120,current,Optimized Pattern Generator,dynamic_session,Dynamic Session Pattern Assignment,50,6,360,0c74724d9f0bddd6fa05d5949979d5548e8a8327c7984b0ba4bc2644b8b85eb8,3699990479,9ff90e202e3dd3c5e5d30047de8f1a0e8623f0f637ca6c941f92b1aaa5aa4210,True,bayesian_windowed,A3) Two-Stage Bayesian Posterior + Hungarian,False,100,100,0,0.0,100,100,0,1.0,1.0,0.1512164234234206,0.9519394138233483,379.93,416.1,1.908318583999062,100,0,0,0,0,1.0,0.0,0.0,0.0,0.0,1.0,6.2,0.0,0.0,0.0,0.0,0.0,,0.0,0.0,1.4422961258824216,0.3691704100056086,0.0,0.0962322971172398,1.90769883300527,1.4422961258824216,0.0962322971172398
20260711_164832_170489,bae7bf40726b12938559777771e8ab509aaf37f9f9bad6244622d6e70161ad2e,10,2187632401,1977915826,2187632401,10,100,50,60,5,30,10.0,120,current,Optimized Pattern Generator,dynamic_session,Dynamic Session Pattern Assignment,50,6,360,0c74724d9f0bddd6fa05d5949979d5548e8a8327c7984b0ba4bc2644b8b85eb8,3699990479,9ff90e202e3dd3c5e5d30047de8f1a0e8623f0f637ca6c941f92b1aaa5aa4210,True,bayesian_windowed_memory_off,A3 Ablation) Posterior Memory Off,False,100,100,0,0.0,100,100,0,1.0,1.0,0.28773889725900753,1.0837335010802296,379.93,416.1,1.7739069590024883,100,0,0,0,0,1.0,0.0,0.0,0.0,0.0,1.0,6.2,0.0,0.0,0.0,0.0,0.0,,0.0,0.0,1.342784042994026,0.3529673730081413,0.0,0.07757324998965487,1.7733246659918223,1.342784042994026,0.07757324998965487
20260711_164832_170489,bae7bf40726b12938559777771e8ab509aaf37f9f9bad6244622d6e70161ad2e,10,2187632401,2395032834,2187632401,10,100,50,60,5,30,10.0,120,current,Optimized Pattern Generator,dynamic_session,Dynamic Session Pattern Assignment,50,6,360,0c74724d9f0bddd6fa05d5949979d5548e8a8327c7984b0ba4bc2644b8b85eb8,3699990479,9ff90e202e3dd3c5e5d30047de8f1a0e8623f0f637ca6c941f92b1aaa5aa4210,True,bayesian_windowed_timeprior_off,A3 Ablation) Time Prior Off,False,100,100,0,0.0,100,100,0,1.0,1.0,0.1524422258776535,0.9775831560362169,379.93,416.1,1.964086166000925,100,0,0,0,0,1.0,0.0,0.0,0.0,0.0,1.0,6.2,0.0,0.0,0.0,0.0,0.0,,0.0,0.0,1.5005171660304768,0.3861202868865803,0.0,0.07678150507854298,1.9634189579956,1.5005171660304768,0.07678150507854298
20260711_164832_170489,bae7bf40726b12938559777771e8ab509aaf37f9f9bad6244622d6e70161ad2e,10,2187632401,433795956,2187632401,10,100,50,60,5,30,10.0,120,current,Optimized Pattern Generator,dynamic_session,Dynamic Session Pattern Assignment,50,6,360,0c74724d9f0bddd6fa05d5949979d5548e8a8327c7984b0ba4bc2644b8b85eb8,3699990479,9ff90e202e3dd3c5e5d30047de8f1a0e8623f0f637ca6c941f92b1aaa5aa4210,True,bayesian_windowed_all_off,A3 Ablation) Time Prior + Memory Off,False,100,100,0,0.0,100,100,0,1.0,1.0,0.28858777315053225,1.0837335010802296,379.93,416.1,1.991431125003146,100,0,0,0,0,1.0,0.0,0.0,0.0,0.0,1.0,6.2,0.0,0.0,0.0,0.0,0.0,,0.0,0.0,1.5180701700155623,0.3862241999740945,0.0,0.08654600501176901,1.9908403750014259,1.5180701700155623,0.08654600501176901
20260711_164832_170489,bae7bf40726b12938559777771e8ab509aaf37f9f9bad6244622d6e70161ad2e,11,2187632402,1233724862,2187632402,11,100,50,60,5,30,10.0,120,current,Optimized Pattern Generator,dynamic_session,Dynamic Session Pattern Assignment,50,6,360,72d7afc4b3808817c835ee3f5bea44df8bfbc48b315e7e459e3d1cf7ae08a10a,3699990476,331d1845689cfb09cb9fee8a2abf620148f2d9d109541ab719e10d4b1f73af29,True,single_only,A1) Refined Cost + Greedy 1:1,True,100,100,0,0.0,100,97,0,0.97,0.97,1.2255460400665406,5.69455897051021,382.04,423.3,2.463876584006357,100,0,0,0,0,1.0,0.0,0.0,0.0,0.0,1.0,6.75,0.0,0.0,0.0,0.0,0.0,,0.0,0.0,1.8645606200880138,0.4767559549800353,0.0,0.12194592494051903,2.463262500008568,1.8645606200880138,0.12194592494051903
20260711_164832_170489,bae7bf40726b12938559777771e8ab509aaf37f9f9bad6244622d6e70161ad2e,11,2187632402,1545686404,2187632402,11,100,50,60,5,30,10.0,120,current,Optimized Pattern Generator,dynamic_session,Dynamic Session Pattern Assignment,50,6,360,72d7afc4b3808817c835ee3f5bea44df8bfbc48b315e7e459e3d1cf7ae08a10a,3699990476,331d1845689cfb09cb9fee8a2abf620148f2d9d109541ab719e10d4b1f73af29,True,single_only_dtw_off,A1 Ablation) DTW Off,False,100,100,0,0.0,100,96,0,0.96,0.96,0.9746335758333332,4.3000003499999995,382.04,423.3,2.1893715420010267,100,0,0,0,0,1.0,0.0,0.0,0.0,0.0,1.0,6.75,0.0,0.0,0.0,0.0,0.0,,0.0,0.0,1.6703077938291244,0.43925270305771846,0.0,0.07924671111686621,2.188807208003709,1.6703077938291244,0.07924671111686621
20260711_164832_170489,bae7bf40726b12938559777771e8ab509aaf37f9f9bad6244622d6e70161ad2e,11,2187632402,866312308,2187632402,11,100,50,60,5,30,10.0,120,current,Optimized Pattern Generator,dynamic_session,Dynamic Session Pattern Assignment,50,6,360,72d7afc4b3808817c835ee3f5bea44df8bfbc48b315e7e459e3d1cf7ae08a10a,3699990476,331d1845689cfb09cb9fee8a2abf620148f2d9d109541ab719e10d4b1f73af29,True,single_only_step_off,A1 Ablation) Step Signature Off,False,100,100,0,0.0,100,92,0,0.92,0.92,0.22920253899937953,1.1974731315068539,382.04,423.3,2.034219334003865,100,0,0,0,0,1.0,0.0,0.0,0.0,0.0,1.0,6.75,0.0,0.0,0.0,0.0,0.0,,0.0,0.0,1.515363419035566,0.4237768689636141,0.0,0.09452941999188624,2.0336697079910664,1.515363419035566,0.09452941999188624
20260711_164832_170489,bae7bf40726b12938559777771e8ab509aaf37f9f9bad6244622d6e70161ad2e,11,2187632402,1815193632,2187632402,11,100,50,60,5,30,10.0,120,current,Optimized Pattern Generator,dynamic_session,Dynamic Session Pattern Assignment,50,6,360,72d7afc4b3808817c835ee3f5bea44df8bfbc48b315e7e459e3d1cf7ae08a10a,3699990476,331d1845689cfb09cb9fee8a2abf620148f2d9d109541ab719e10d4b1f73af29,True,single_only_all_off,A1 Ablation) All Waveform Terms Off,False,100,100,0,0.0,100,89,0,0.89,0.89,1.5660002416999999,7.50000027,382.04,423.3,1.533721499989042,100,0,0,0,0,1.0,0.0,0.0,0.0,0.0,1.0,6.75,0.0,0.0,0.0,0.0,0.0,,0.0,0.0,1.4561060030100634,0.002413299953332171,0.0,0.07461011403938755,1.5331294170027832,1.4561060030100634,0.07461011403938755
20260711_164832_170489,bae7bf40726b12938559777771e8ab509aaf37f9f9bad6244622d6e70161ad2e,11,2187632402,2184921403,2187632402,11,100,50,60,5,30,10.0,120,current,Optimized Pattern Generator,dynamic_session,Dynamic Session Pattern Assignment,50,6,360,72d7afc4b3808817c835ee3f5bea44df8bfbc48b315e7e459e3d1cf7ae08a10a,3699990476,331d1845689cfb09cb9fee8a2abf620148f2d9d109541ab719e10d4b1f73af29,True,nomura_original_interval_hungarian,A2) Corr+DTW + Hungarian,False,100,100,0,0.0,100,95,0,0.95,0.95,0.09503054082027282,0.4032796067774582,382.04,423.3,2.604857083002571,100,0,0,0,0,1.0,0.0,0.0,0.0,0.0,1.0,6.75,0.0,0.0,0.0,0.0,0.0,,0.0,0.0,1.5166904130019248,1.0116825910663465,0.0,0.07586824592726771,2.604241249995539,1.5166904130019248,0.07586824592726771
20260711_164832_170489,bae7bf40726b12938559777771e8ab509aaf37f9f9bad6244622d6e70161ad2e,11,2187632402,2176353873,2187632402,11,100,50,60,5,30,10.0,120,current,Optimized Pattern Generator,dynamic_session,Dynamic Session Pattern Assignment,50,6,360,72d7afc4b3808817c835ee3f5bea44df8bfbc48b315e7e459e3d1cf7ae08a10a,3699990476,331d1845689cfb09cb9fee8a2abf620148f2d9d109541ab719e10d4b1f73af29,True,nomura_original_interval_hungarian_dtw_off,A2 Ablation) DTW Off (Corr-only),False,100,100,0,0.0,100,95,0,0.95,0.95,0.08797228902724333,0.35350938161683254,382.04,423.3,2.530799667001702,100,0,0,0,0,1.0,0.0,0.0,0.0,0.0,1.0,6.75,0.0,0.0,0.0,0.0,0.0,,0.0,0.0,1.4464557130268076,0.9921760759752942,0.0,0.09155796100094449,2.5301897500030464,1.4464557130268076,0.09155796100094449
20260711_164832_170489,bae7bf40726b12938559777771e8ab509aaf37f9f9bad6244622d6e70161ad2e,11,2187632402,1055930941,2187632402,11,100,50,60,5,30,10.0,120,current,Optimized Pattern Generator,dynamic_session,Dynamic Session Pattern Assignment,50,6,360,72d7afc4b3808817c835ee3f5bea44df8bfbc48b315e7e459e3d1cf7ae08a10a,3699990476,331d1845689cfb09cb9fee8a2abf620148f2d9d109541ab719e10d4b1f73af29,True,nomura_original_interval_hungarian_corr_off,A2 Ablation) Corr Off (DTW-only),False,100,100,0,0.0,100,91,0,0.91,0.91,2.363e-07,4.8e-07,382.04,423.3,2.521031625001342,100,0,0,0,0,1.0,0.0,0.0,0.0,0.0,1.0,6.75,0.0,0.0,0.0,0.0,0.0,,0.0,0.0,1.4534444950404577,0.9928464150143554,0.0,0.07414463094028179,2.520435540995095,1.4534444950404577,0.07414463094028179
20260711_164832_170489,bae7bf40726b12938559777771e8ab509aaf37f9f9bad6244622d6e70161ad2e,11,2187632402,542446166,2187632402,11,100,50,60,5,30,10.0,120,current,Optimized Pattern Generator,dynamic_session,Dynamic Session Pattern Assignment,50,6,360,72d7afc4b3808817c835ee3f5bea44df8bfbc48b315e7e459e3d1cf7ae08a10a,3699990476,331d1845689cfb09cb9fee8a2abf620148f2d9d109541ab719e10d4b1f73af29,True,nomura_original_interval_hungarian_all_off,A2 Ablation) All Waveform Terms Off,False,100,100,0,0.0,100,89,0,0.89,0.89,1.5660002416999999,7.50000027,382.04,423.3,1.5493754579947563,100,0,0,0,0,1.0,0.0,0.0,0.0,0.0,1.0,6.75,0.0,0.0,0.0,0.0,0.0,,0.0,0.0,1.472259583970299,0.0023547889868495986,0.0,0.07419871003367007,1.5488130829908187,1.472259583970299,0.07419871003367007
20260711_164832_170489,bae7bf40726b12938559777771e8ab509aaf37f9f9bad6244622d6e70161ad2e,11,2187632402,1367392807,2187632402,11,100,50,60,5,30,10.0,120,current,Optimized Pattern Generator,dynamic_session,Dynamic Session Pattern Assignment,50,6,360,72d7afc4b3808817c835ee3f5bea44df8bfbc48b315e7e459e3d1cf7ae08a10a,3699990476,331d1845689cfb09cb9fee8a2abf620148f2d9d109541ab719e10d4b1f73af29,True,bayesian_windowed,A3) Two-Stage Bayesian Posterior + Hungarian,False,100,100,0,0.0,100,99,0,0.99,0.99,0.17451688368558643,1.338788690180128,382.04,423.3,1.9155294579977635,100,0,0,0,0,1.0,0.0,0.0,0.0,0.0,1.0,6.75,0.0,0.0,0.0,0.0,0.0,,0.0,0.0,1.4579598370182794,0.38252099805686157,0.0,0.0744286239205394,1.9149094589956803,1.4579598370182794,0.0744286239205394
20260711_164832_170489,bae7bf40726b12938559777771e8ab509aaf37f9f9bad6244622d6e70161ad2e,11,2187632402,1977915825,2187632402,11,100,50,60,5,30,10.0,120,current,Optimized Pattern Generator,dynamic_session,Dynamic Session Pattern Assignment,50,6,360,72d7afc4b3808817c835ee3f5bea44df8bfbc48b315e7e459e3d1cf7ae08a10a,3699990476,331d1845689cfb09cb9fee8a2abf620148f2d9d109541ab719e10d4b1f73af29,True,bayesian_windowed_memory_off,A3 Ablation) Posterior Memory Off,False,100,100,0,0.0,100,97,0,0.97,0.97,0.3178469988065885,1.3585252776324495,382.04,423.3,1.9217046660050983,100,0,0,0,0,1.0,0.0,0.0,0.0,0.0,1.0,6.75,0.0,0.0,0.0,0.0,0.0,,0.0,0.0,1.4641592940606643,0.3804203310282901,0.0,0.07653954190027434,1.9211191669892287,1.4641592940606643,0.07653954190027434
20260711_164832_170489,bae7bf40726b12938559777771e8ab509aaf37f9f9bad6244622d6e70161ad2e,11,2187632402,2395032833,2187632402,11,100,50,60,5,30,10.0,120,current,Optimized Pattern Generator,dynamic_session,Dynamic Session Pattern Assignment,50,6,360,72d7afc4b3808817c835ee3f5bea44df8bfbc48b315e7e459e3d1cf7ae08a10a,3699990476,331d1845689cfb09cb9fee8a2abf620148f2d9d109541ab719e10d4b1f73af29,True,bayesian_windowed_timeprior_off,A3 Ablation) Time Prior Off,False,100,100,0,0.0,100,99,0,0.99,0.99,0.17560638122745098,1.3553737945581938,382.04,423.3,1.9260797500028275,100,0,0,0,0,1.0,0.0,0.0,0.0,0.0,1.0,6.75,0.0,0.0,0.0,0.0,0.0,,0.0,0.0,1.4562114551081322,0.38018561591161415,0.0,0.0891201789927436,1.92551725001249,1.4562114551081322,0.0891201789927436
20260711_164832_170489,bae7bf40726b12938559777771e8ab509aaf37f9f9bad6244622d6e70161ad2e,11,2187632402,433795959,2187632402,11,100,50,60,5,30,10.0,120,current,Optimized Pattern Generator,dynamic_session,Dynamic Session Pattern Assignment,50,6,360,72d7afc4b3808817c835ee3f5bea44df8bfbc48b315e7e459e3d1cf7ae08a10a,3699990476,331d1845689cfb09cb9fee8a2abf620148f2d9d109541ab719e10d4b1f73af29,True,bayesian_windowed_all_off,A3 Ablation) Time Prior + Memory Off,False,100,100,0,0.0,100,97,0,0.97,0.97,0.3184126828070585,1.3635930759912276,382.04,423.3,1.9182174589950591,100,0,0,0,0,1.0,0.0,0.0,0.0,0.0,1.0,6.75,0.0,0.0,0.0,0.0,0.0,,0.0,0.0,1.4574556630395819,0.38441962585784495,0.0,0.0757732531055808,1.9176485420030076,1.4574556630395819,0.0757732531055808
20260711_164832_170489,bae7bf40726b12938559777771e8ab509aaf37f9f9bad6244622d6e70161ad2e,12,2187632403,1233724863,2187632403,12,100,50,60,5,30,10.0,120,current,Optimized Pattern Generator,dynamic_session,Dynamic Session Pattern Assignment,50,6,360,c53d0d3a6694ab87f0145b9394ed74b92272bfec31571701447ad339fd6d75ea,3699990477,96af1976dcd6d0e9cd7beb9dfb745ca45f8fb799c2a2e241457af54bc70c6f4e,True,single_only,A1) Refined Cost + Greedy 1:1,True,100,100,0,0.0,100,97,0,0.97,0.97,1.0681422583452853,5.029014739013638,378.63,395.3,1.943325125001138,100,0,0,0,0,1.0,0.0,0.0,0.0,0.0,1.0,6.73,0.0,0.0,0.0,0.0,0.0,,0.0,0.0,1.4482291260210332,0.41970457904972136,0.0,0.0748141279182164,1.942747832988971,1.4482291260210332,0.0748141279182164
20260711_164832_170489,bae7bf40726b12938559777771e8ab509aaf37f9f9bad6244622d6e70161ad2e,12,2187632403,1545686405,2187632403,12,100,50,60,5,30,10.0,120,current,Optimized Pattern Generator,dynamic_session,Dynamic Session Pattern Assignment,50,6,360,c53d0d3a6694ab87f0145b9394ed74b92272bfec31571701447ad339fd6d75ea,3699990477,96af1976dcd6d0e9cd7beb9dfb745ca45f8fb799c2a2e241457af54bc70c6f4e,True,single_only_dtw_off,A1 Ablation) DTW Off,False,100,100,0,0.0,100,96,0,0.96,0.96,0.8456335965333333,3.3433336133333333,378.63,395.3,1.922464041999774,100,0,0,0,0,1.0,0.0,0.0,0.0,0.0,1.0,6.73,0.0,0.0,0.0,0.0,0.0,,0.0,0.0,1.4321036728215404,0.41300457884790376,0.0,0.07682954032497946,1.9219377919944236,1.4321036728215404,0.07682954032497946
20260711_164832_170489,bae7bf40726b12938559777771e8ab509aaf37f9f9bad6244622d6e70161ad2e,12,2187632403,866312309,2187632403,12,100,50,60,5,30,10.0,120,current,Optimized Pattern Generator,dynamic_session,Dynamic Session Pattern Assignment,50,6,360,c53d0d3a6694ab87f0145b9394ed74b92272bfec31571701447ad339fd6d75ea,3699990477,96af1976dcd6d0e9cd7beb9dfb745ca45f8fb799c2a2e241457af54bc70c6f4e,True,single_only_step_off,A1 Ablation) Step Signature Off,False,100,100,0,0.0,100,96,0,0.96,0.96,0.1912083708794106,1.2770008271767819,378.63,395.3,1.9313168339867843,100,0,0,0,0,1.0,0.0,0.0,0.0,0.0,1.0,6.73,0.0,0.0,0.0,0.0,0.0,,0.0,0.0,1.4299824989575427,0.4116244940669276,0.0,0.0891635909647448,1.930770583989215,1.4299824989575427,0.0891635909647448
20260711_164832_170489,bae7bf40726b12938559777771e8ab509aaf37f9f9bad6244622d6e70161ad2e,12,2187632403,1815193633,2187632403,12,100,50,60,5,30,10.0,120,current,Optimized Pattern Generator,dynamic_session,Dynamic Session Pattern Assignment,50,6,360,c53d0d3a6694ab87f0145b9394ed74b92272bfec31571701447ad339fd6d75ea,3699990477,96af1976dcd6d0e9cd7beb9dfb745ca45f8fb799c2a2e241457af54bc70c6f4e,True,single_only_all_off,A1 Ablation) All Waveform Terms Off,False,100,100,0,0.0,100,91,0,0.91,0.91,1.3160002571999998,8.700000170000001,378.63,395.3,1.5119737079949118,100,0,0,0,0,1.0,0.0,0.0,0.0,0.0,1.0,6.73,0.0,0.0,0.0,0.0,0.0,,0.0,0.0,1.432339839026099,0.0023723769845673814,0.0,0.07671236699388828,1.5114245830045547,1.432339839026099,0.07671236699388828
20260711_164832_170489,bae7bf40726b12938559777771e8ab509aaf37f9f9bad6244622d6e70161ad2e,12,2187632403,2184921402,2187632403,12,100,50,60,5,30,10.0,120,current,Optimized Pattern Generator,dynamic_session,Dynamic Session Pattern Assignment,50,6,360,c53d0d3a6694ab87f0145b9394ed74b92272bfec31571701447ad339fd6d75ea,3699990477,96af1976dcd6d0e9cd7beb9dfb745ca45f8fb799c2a2e241457af54bc70c6f4e,True,nomura_original_interval_hungarian,A2) Corr+DTW + Hungarian,False,100,100,0,0.0,100,96,0,0.96,0.96,0.08092917662017024,0.37998551598542823,378.63,395.3,2.499755249998998,100,0,0,0,0,1.0,0.0,0.0,0.0,0.0,1.0,6.73,0.0,0.0,0.0,0.0,0.0,,0.0,0.0,1.4380627870123135,0.9867830809816951,0.0,0.07436450700333808,2.4992103749973467,1.4380627870123135,0.07436450700333808
20260711_164832_170489,bae7bf40726b12938559777771e8ab509aaf37f9f9bad6244622d6e70161ad2e,12,2187632403,2176353872,2187632403,12,100,50,60,5,30,10.0,120,current,Optimized Pattern Generator,dynamic_session,Dynamic Session Pattern Assignment,50,6,360,c53d0d3a6694ab87f0145b9394ed74b92272bfec31571701447ad339fd6d75ea,3699990477,96af1976dcd6d0e9cd7beb9dfb745ca45f8fb799c2a2e241457af54bc70c6f4e,True,nomura_original_interval_hungarian_dtw_off,A2 Ablation) DTW Off (Corr-only),False,100,100,0,0.0,100,96,0,0.96,0.96,0.07849991147762032,0.3403161088650673,378.63,395.3,2.494972208995023,100,0,0,0,0,1.0,0.0,0.0,0.0,0.0,1.0,6.73,0.0,0.0,0.0,0.0,0.0,,0.0,0.0,1.43073303795245,0.9890514140861342,0.0,0.0746100069663953,2.4943944590049796,1.43073303795245,0.0746100069663953
20260711_164832_170489,bae7bf40726b12938559777771e8ab509aaf37f9f9bad6244622d6e70161ad2e,12,2187632403,1055930940,2187632403,12,100,50,60,5,30,10.0,120,current,Optimized Pattern Generator,dynamic_session,Dynamic Session Pattern Assignment,50,6,360,c53d0d3a6694ab87f0145b9394ed74b92272bfec31571701447ad339fd6d75ea,3699990477,96af1976dcd6d0e9cd7beb9dfb745ca45f8fb799c2a2e241457af54bc70c6f4e,True,nomura_original_interval_hungarian_corr_off,A2 Ablation) Corr Off (DTW-only),False,100,100,0,0.0,100,91,0,0.91,0.91,2.5709999999999994e-07,4.9e-07,378.63,395.3,2.495399624996935,100,0,0,0,0,1.0,0.0,0.0,0.0,0.0,1.0,6.73,0.0,0.0,0.0,0.0,0.0,,0.0,0.0,1.4308287919702707,0.9871578339807456,0.0,0.07682120804383885,2.494807833994855,1.4308287919702707,0.07682120804383885
20260711_164832_170489,bae7bf40726b12938559777771e8ab509aaf37f9f9bad6244622d6e70161ad2e,12,2187632403,542446167,2187632403,12,100,50,60,5,30,10.0,120,current,Optimized Pattern Generator,dynamic_session,Dynamic Session Pattern Assignment,50,6,360,c53d0d3a6694ab87f0145b9394ed74b92272bfec31571701447ad339fd6d75ea,3699990477,96af1976dcd6d0e9cd7beb9dfb745ca45f8fb799c2a2e241457af54bc70c6f4e,True,nomura_original_interval_hungarian_all_off,A2 Ablation) All Waveform Terms Off,False,100,100,0,0.0,100,91,0,0.91,0.91,1.3160002571999998,8.700000170000001,378.63,395.3,1.517871959003969,100,0,0,0,0,1.0,0.0,0.0,0.0,0.0,1.0,6.73,0.0,0.0,0.0,0.0,0.0,,0.0,0.0,1.4229487079428509,0.0022896690934430808,0.0,0.09206228995753918,1.5173006669938331,1.4229487079428509,0.09206228995753918
20260711_164832_170489,bae7bf40726b12938559777771e8ab509aaf37f9f9bad6244622d6e70161ad2e,12,2187632403,1367392806,2187632403,12,100,50,60,5,30,10.0,120,current,Optimized Pattern Generator,dynamic_session,Dynamic Session Pattern Assignment,50,6,360,c53d0d3a6694ab87f0145b9394ed74b92272bfec31571701447ad339fd6d75ea,3699990477,96af1976dcd6d0e9cd7beb9dfb745ca45f8fb799c2a2e241457af54bc70c6f4e,True,bayesian_windowed,A3) Two-Stage Bayesian Posterior + Hungarian,False,100,100,0,0.0,100,98,0,0.98,0.98,0.14818981220352764,0.7998933211357002,378.63,395.3,1.895502999992459,100,0,0,0,0,1.0,0.0,0.0,0.0,0.0,1.0,6.73,0.0,0.0,0.0,0.0,0.0,,0.0,0.0,1.4390752540057292,0.3792631560645532,0.0,0.07661075693613384,1.8949491670064162,1.4390752540057292,0.07661075693613384
20260711_164832_170489,bae7bf40726b12938559777771e8ab509aaf37f9f9bad6244622d6e70161ad2e,12,2187632403,1977915824,2187632403,12,100,50,60,5,30,10.0,120,current,Optimized Pattern Generator,dynamic_session,Dynamic Session Pattern Assignment,50,6,360,c53d0d3a6694ab87f0145b9394ed74b92272bfec31571701447ad339fd6d75ea,3699990477,96af1976dcd6d0e9cd7beb9dfb745ca45f8fb799c2a2e241457af54bc70c6f4e,True,bayesian_windowed_memory_off,A3 Ablation) Posterior Memory Off,False,100,100,0,0.0,100,97,0,0.97,0.97,0.28611521858635763,1.3374071000555812,378.63,395.3,1.890828125004191,100,0,0,0,0,1.0,0.0,0.0,0.0,0.0,1.0,6.73,0.0,0.0,0.0,0.0,0.0,,0.0,0.0,1.4366232500906335,0.378809538015048,0.0,0.07484504589228891,1.8902778339979704,1.4366232500906335,0.07484504589228891
20260711_164832_170489,bae7bf40726b12938559777771e8ab509aaf37f9f9bad6244622d6e70161ad2e,12,2187632403,2395032832,2187632403,12,100,50,60,5,30,10.0,120,current,Optimized Pattern Generator,dynamic_session,Dynamic Session Pattern Assignment,50,6,360,c53d0d3a6694ab87f0145b9394ed74b92272bfec31571701447ad339fd6d75ea,3699990477,96af1976dcd6d0e9cd7beb9dfb745ca45f8fb799c2a2e241457af54bc70c6f4e,True,bayesian_windowed_timeprior_off,A3 Ablation) Time Prior Off,False,100,100,0,0.0,100,98,0,0.98,0.98,0.14798757897412593,0.7998933211357002,378.63,395.3,1.8936227499943925,100,0,0,0,0,1.0,0.0,0.0,0.0,0.0,1.0,6.73,0.0,0.0,0.0,0.0,0.0,,0.0,0.0,1.437929750958574,0.3800779630546458,0.0,0.0749781199847348,1.8929858339979546,1.437929750958574,0.0749781199847348
20260711_164832_170489,bae7bf40726b12938559777771e8ab509aaf37f9f9bad6244622d6e70161ad2e,12,2187632403,433795958,2187632403,12,100,50,60,5,30,10.0,120,current,Optimized Pattern Generator,dynamic_session,Dynamic Session Pattern Assignment,50,6,360,c53d0d3a6694ab87f0145b9394ed74b92272bfec31571701447ad339fd6d75ea,3699990477,96af1976dcd6d0e9cd7beb9dfb745ca45f8fb799c2a2e241457af54bc70c6f4e,True,bayesian_windowed_all_off,A3 Ablation) Time Prior + Memory Off,False,100,100,0,0.0,100,97,0,0.97,0.97,0.2866146223212531,1.338777215036742,378.63,395.3,1.9063932499993825,100,0,0,0,0,1.0,0.0,0.0,0.0,0.0,1.0,6.73,0.0,0.0,0.0,0.0,0.0,,0.0,0.0,1.4456162059505004,0.3806118808570318,0.0,0.07962053819210269,1.905848624999635,1.4456162059505004,0.07962053819210269
20260711_164832_170489,bae7bf40726b12938559777771e8ab509aaf37f9f9bad6244622d6e70161ad2e,13,2187632404,1233724856,2187632404,13,100,50,60,5,30,10.0,120,current,Optimized Pattern Generator,dynamic_session,Dynamic Session Pattern Assignment,50,6,360,c3c7f417412cb39d8c9d9757c3b1a620bb3ad4c095f2a6d6aec734ff47a0bad3,3699990474,5465f1d7d0135daeddd151bd8b6b898f2b855f6e6652e0e083d2a6cd7525c550,True,single_only,A1) Refined Cost + Greedy 1:1,True,100,100,0,0.0,100,99,0,0.99,0.99,1.1173175489671128,4.148735741313714,378.26,410.1,1.943068291991949,100,0,0,0,0,1.0,0.0,0.0,0.0,0.0,1.0,6.84,0.0,0.0,0.0,0.0,0.0,,0.0,0.0,1.4463087450130843,0.42133120297512505,0.0,0.07489151001209393,1.9425314580003032,1.4463087450130843,0.07489151001209393
20260711_164832_170489,bae7bf40726b12938559777771e8ab509aaf37f9f9bad6244622d6e70161ad2e,13,2187632404,1545686402,2187632404,13,100,50,60,5,30,10.0,120,current,Optimized Pattern Generator,dynamic_session,Dynamic Session Pattern Assignment,50,6,360,c3c7f417412cb39d8c9d9757c3b1a620bb3ad4c095f2a6d6aec734ff47a0bad3,3699990474,5465f1d7d0135daeddd151bd8b6b898f2b855f6e6652e0e083d2a6cd7525c550,True,single_only_dtw_off,A1 Ablation) DTW Off,False,100,100,0,0.0,100,97,0,0.97,0.97,0.9216002601,3.1600001,378.26,410.1,1.9528482080058893,100,0,0,0,0,1.0,0.0,0.0,0.0,0.0,1.0,6.84,0.0,0.0,0.0,0.0,0.0,,0.0,0.0,1.4527406241249992,0.42269304108049255,0.0,0.07686170979286544,1.9522953749983571,1.4527406241249992,0.07686170979286544
20260711_164832_170489,bae7bf40726b12938559777771e8ab509aaf37f9f9bad6244622d6e70161ad2e,13,2187632404,866312306,2187632404,13,100,50,60,5,30,10.0,120,current,Optimized Pattern Generator,dynamic_session,Dynamic Session Pattern Assignment,50,6,360,c3c7f417412cb39d8c9d9757c3b1a620bb3ad4c095f2a6d6aec734ff47a0bad3,3699990474,5465f1d7d0135daeddd151bd8b6b898f2b855f6e6652e0e083d2a6cd7525c550,True,single_only_step_off,A1 Ablation) Step Signature Off,False,100,100,0,0.0,100,97,0,0.97,0.97,0.18320502289320983,1.183703722082434,378.26,410.1,1.9531092079996597,100,0,0,0,0,1.0,0.0,0.0,0.0,0.0,1.0,6.84,0.0,0.0,0.0,0.0,0.0,,0.0,0.0,1.4551185879827244,0.42091245895426255,0.0,0.0765051610651426,1.9525362080021296,1.4551185879827244,0.0765051610651426
20260711_164832_170489,bae7bf40726b12938559777771e8ab509aaf37f9f9bad6244622d6e70161ad2e,13,2187632404,1815193638,2187632404,13,100,50,60,5,30,10.0,120,current,Optimized Pattern Generator,dynamic_session,Dynamic Session Pattern Assignment,50,6,360,c3c7f417412cb39d8c9d9757c3b1a620bb3ad4c095f2a6d6aec734ff47a0bad3,3699990474,5465f1d7d0135daeddd151bd8b6b898f2b855f6e6652e0e083d2a6cd7525c550,True,single_only_all_off,A1 Ablation) All Waveform Terms Off,False,100,100,0,0.0,100,91,0,0.91,0.91,1.4640002621000006,7.30000035,378.26,410.1,1.5253255419956986,100,0,0,0,0,1.0,0.0,0.0,0.0,0.0,1.0,6.84,0.0,0.0,0.0,0.0,0.0,,0.0,0.0,1.4456750470999395,0.00230042303155642,0.0,0.07682357187150046,1.5247990420029964,1.4456750470999395,0.07682357187150046
20260711_164832_170489,bae7bf40726b12938559777771e8ab509aaf37f9f9bad6244622d6e70161ad2e,13,2187632404,2184921405,2187632404,13,100,50,60,5,30,10.0,120,current,Optimized Pattern Generator,dynamic_session,Dynamic Session Pattern Assignment,50,6,360,c3c7f417412cb39d8c9d9757c3b1a620bb3ad4c095f2a6d6aec734ff47a0bad3,3699990474,5465f1d7d0135daeddd151bd8b6b898f2b855f6e6652e0e083d2a6cd7525c550,True,nomura_original_interval_hungarian,A2) Corr+DTW + Hungarian,False,100,100,0,0.0,100,98,0,0.98,0.98,0.08577448403028981,0.5813368579449131,378.26,410.1,2.5628532499977155,100,0,0,0,0,1.0,0.0,0.0,0.0,0.0,1.0,6.84,0.0,0.0,0.0,0.0,0.0,,0.0,0.0,1.4617567949608201,1.0079128720244626,0.0,0.09259712501079775,2.5622667919960804,1.4617567949608201,0.09259712501079775
20260711_164832_170489,bae7bf40726b12938559777771e8ab509aaf37f9f9bad6244622d6e70161ad2e,13,2187632404,2176353879,2187632404,13,100,50,60,5,30,10.0,120,current,Optimized Pattern Generator,dynamic_session,Dynamic Session Pattern Assignment,50,6,360,c3c7f417412cb39d8c9d9757c3b1a620bb3ad4c095f2a6d6aec734ff47a0bad3,3699990474,5465f1d7d0135daeddd151bd8b6b898f2b855f6e6652e0e083d2a6cd7525c550,True,nomura_original_interval_hungarian_dtw_off,A2 Ablation) DTW Off (Corr-only),False,100,100,0,0.0,100,98,0,0.98,0.98,0.07845247354641124,0.4318541803650809,378.26,410.1,2.5766255000053206,100,0,0,0,0,1.0,0.0,0.0,0.0,0.0,1.0,6.84,0.0,0.0,0.0,0.0,0.0,,0.0,0.0,1.4730235859606182,1.0276879089797148,0.0,0.07533096306724474,2.576042458007578,1.4730235859606182,0.07533096306724474
20260711_164832_170489,bae7bf40726b12938559777771e8ab509aaf37f9f9bad6244622d6e70161ad2e,13,2187632404,1055930939,2187632404,13,100,50,60,5,30,10.0,120,current,Optimized Pattern Generator,dynamic_session,Dynamic Session Pattern Assignment,50,6,360,c3c7f417412cb39d8c9d9757c3b1a620bb3ad4c095f2a6d6aec734ff47a0bad3,3699990474,5465f1d7d0135daeddd151bd8b6b898f2b855f6e6652e0e083d2a6cd7525c550,True,nomura_original_interval_hungarian_corr_off,A2 Ablation) Corr Off (DTW-only),False,100,100,0,0.0,100,91,0,0.91,0.91,0.005755940827042308,0.44666740290678136,378.26,410.1,2.5523095420066966,100,0,0,0,0,1.0,0.0,0.0,0.0,0.0,1.0,6.84,0.0,0.0,0.0,0.0,0.0,,0.0,0.0,1.4563742089667358,1.0182617489626864,0.0,0.07708383408316877,2.551719792012591,1.4563742089667358,0.07708383408316877
20260711_164832_170489,bae7bf40726b12938559777771e8ab509aaf37f9f9bad6244622d6e70161ad2e,13,2187632404,542446160,2187632404,13,100,50,60,5,30,10.0,120,current,Optimized Pattern Generator,dynamic_session,Dynamic Session Pattern Assignment,50,6,360,c3c7f417412cb39d8c9d9757c3b1a620bb3ad4c095f2a6d6aec734ff47a0bad3,3699990474,5465f1d7d0135daeddd151bd8b6b898f2b855f6e6652e0e083d2a6cd7525c550,True,nomura_original_interval_hungarian_all_off,A2 Ablation) All Waveform Terms Off,False,100,100,0,0.0,100,91,0,0.91,0.91,1.4640002621000006,7.30000035,378.26,410.1,1.53973595899879,100,0,0,0,0,1.0,0.0,0.0,0.0,0.0,1.0,6.84,0.0,0.0,0.0,0.0,0.0,,0.0,0.0,1.461024868011009,0.0024353309854632244,0.0,0.0756722170044668,1.539132416000939,1.461024868011009,0.0756722170044668
20260711_164832_170489,bae7bf40726b12938559777771e8ab509aaf37f9f9bad6244622d6e70161ad2e,13,2187632404,1367392801,2187632404,13,100,50,60,5,30,10.0,120,current,Optimized Pattern Generator,dynamic_session,Dynamic Session Pattern Assignment,50,6,360,c3c7f417412cb39d8c9d9757c3b1a620bb3ad4c095f2a6d6aec734ff47a0bad3,3699990474,5465f1d7d0135daeddd151bd8b6b898f2b855f6e6652e0e083d2a6cd7525c550,True,bayesian_windowed,A3) Two-Stage Bayesian Posterior + Hungarian,False,100,100,0,0.0,100,100,0,1.0,1.0,0.14157416610164095,0.7220977657228626,378.26,410.1,1.926772750011878,100,0,0,0,0,1.0,0.0,0.0,0.0,0.0,1.0,6.84,0.0,0.0,0.0,0.0,0.0,,0.0,0.0,1.4640511700854404,0.3846991570026148,0.0,0.07740029791602865,1.9261506250040838,1.4640511700854404,0.07740029791602865
20260711_164832_170489,bae7bf40726b12938559777771e8ab509aaf37f9f9bad6244622d6e70161ad2e,13,2187632404,1977915831,2187632404,13,100,50,60,5,30,10.0,120,current,Optimized Pattern Generator,dynamic_session,Dynamic Session Pattern Assignment,50,6,360,c3c7f417412cb39d8c9d9757c3b1a620bb3ad4c095f2a6d6aec734ff47a0bad3,3699990474,5465f1d7d0135daeddd151bd8b6b898f2b855f6e6652e0e083d2a6cd7525c550,True,bayesian_windowed_memory_off,A3 Ablation) Posterior Memory Off,False,100,100,0,0.0,100,99,0,0.99,0.99,0.2881916824921835,1.1473836714742822,378.26,410.1,1.9319931249920046,100,0,0,0,0,1.0,0.0,0.0,0.0,0.0,1.0,6.84,0.0,0.0,0.0,0.0,0.0,,0.0,0.0,1.455670206938521,0.3852891260175966,0.0,0.09041758405510336,1.931376917011221,1.455670206938521,0.09041758405510336
20260711_164832_170489,bae7bf40726b12938559777771e8ab509aaf37f9f9bad6244622d6e70161ad2e,13,2187632404,2395032839,2187632404,13,100,50,60,5,30,10.0,120,current,Optimized Pattern Generator,dynamic_session,Dynamic Session Pattern Assignment,50,6,360,c3c7f417412cb39d8c9d9757c3b1a620bb3ad4c095f2a6d6aec734ff47a0bad3,3699990474,5465f1d7d0135daeddd151bd8b6b898f2b855f6e6652e0e083d2a6cd7525c550,True,bayesian_windowed_timeprior_off,A3 Ablation) Time Prior Off,False,100,100,0,0.0,100,100,0,1.0,1.0,0.1435813147906245,0.7220977657228626,378.26,410.1,1.9248383329977514,100,0,0,0,0,1.0,0.0,0.0,0.0,0.0,1.0,6.84,0.0,0.0,0.0,0.0,0.0,,0.0,0.0,1.4643915790511528,0.38426899901241995,0.0,0.0755295049311826,1.9241900829947554,1.4643915790511528,0.0755295049311826
20260711_164832_170489,bae7bf40726b12938559777771e8ab509aaf37f9f9bad6244622d6e70161ad2e,13,2187632404,433795953,2187632404,13,100,50,60,5,30,10.0,120,current,Optimized Pattern Generator,dynamic_session,Dynamic Session Pattern Assignment,50,6,360,c3c7f417412cb39d8c9d9757c3b1a620bb3ad4c095f2a6d6aec734ff47a0bad3,3699990474,5465f1d7d0135daeddd151bd8b6b898f2b855f6e6652e0e083d2a6cd7525c550,True,bayesian_windowed_all_off,A3 Ablation) Time Prior + Memory Off,False,100,100,0,0.0,100,99,0,0.99,0.99,0.2890811201084319,1.1473836714742822,378.26,410.1,1.922638709002058,100,0,0,0,0,1.0,0.0,0.0,0.0,0.0,1.0,6.84,0.0,0.0,0.0,0.0,0.0,,0.0,0.0,1.460397165021277,0.38413621198560577,0.0,0.07750066499284003,1.9220340419997228,1.460397165021277,0.07750066499284003
20260711_164832_170489,bae7bf40726b12938559777771e8ab509aaf37f9f9bad6244622d6e70161ad2e,14,2187632405,1233724857,2187632405,14,100,50,60,5,30,10.0,120,current,Optimized Pattern Generator,dynamic_session,Dynamic Session Pattern Assignment,50,6,360,9755460d6201729f27e370093b921794fda87dd822f9bf959d1d554d73b92aaf,3699990475,0854a1225d3f0f2ff01733e8d5e2cbb19f2936157194afea3fa082c901fe5bb7,True,single_only,A1) Refined Cost + Greedy 1:1,True,100,100,0,0.0,100,98,0,0.98,0.98,1.2624694961708718,8.889420875452155,381.83,414.6,2.0059576250059763,100,0,0,0,0,1.0,0.0,0.0,0.0,0.0,1.0,6.96,0.0,0.0,0.0,0.0,0.0,,0.0,0.0,1.5013123359822202,0.4284890808776254,0.0,0.07555850014614407,2.0053599170059897,1.5013123359822202,0.07555850014614407
20260711_164832_170489,bae7bf40726b12938559777771e8ab509aaf37f9f9bad6244622d6e70161ad2e,14,2187632405,1545686403,2187632405,14,100,50,60,5,30,10.0,120,current,Optimized Pattern Generator,dynamic_session,Dynamic Session Pattern Assignment,50,6,360,9755460d6201729f27e370093b921794fda87dd822f9bf959d1d554d73b92aaf,3699990475,0854a1225d3f0f2ff01733e8d5e2cbb19f2936157194afea3fa082c901fe5bb7,True,single_only_dtw_off,A1 Ablation) DTW Off,False,100,100,0,0.0,100,100,0,1.0,1.0,1.0141669208666666,6.173333633333333,381.83,414.6,2.0276208750001388,100,0,0,0,0,1.0,0.0,0.0,0.0,0.0,1.0,6.96,0.0,0.0,0.0,0.0,0.0,,0.0,0.0,1.5028690381586784,0.43261561908002477,0.0,0.09153517676168121,2.0270198340003844,1.5028690381586784,0.09153517676168121
20260711_164832_170489,bae7bf40726b12938559777771e8ab509aaf37f9f9bad6244622d6e70161ad2e,14,2187632405,866312307,2187632405,14,100,50,60,5,30,10.0,120,current,Optimized Pattern Generator,dynamic_session,Dynamic Session Pattern Assignment,50,6,360,9755460d6201729f27e370093b921794fda87dd822f9bf959d1d554d73b92aaf,3699990475,0854a1225d3f0f2ff01733e8d5e2cbb19f2936157194afea3fa082c901fe5bb7,True,single_only_step_off,A1 Ablation) Step Signature Off,False,100,100,0,0.0,100,94,0,0.94,0.94,0.20177948107967583,0.9507561871307594,381.83,414.6,1.989726250001695,100,0,0,0,0,1.0,0.0,0.0,0.0,0.0,1.0,6.96,0.0,0.0,0.0,0.0,0.0,,0.0,0.0,1.4836168339970754,0.4287598710216116,0.0,0.0767853369761724,1.9891620419948595,1.4836168339970754,0.0767853369761724
20260711_164832_170489,bae7bf40726b12938559777771e8ab509aaf37f9f9bad6244622d6e70161ad2e,14,2187632405,1815193639,2187632405,14,100,50,60,5,30,10.0,120,current,Optimized Pattern Generator,dynamic_session,Dynamic Session Pattern Assignment,50,6,360,9755460d6201729f27e370093b921794fda87dd822f9bf959d1d554d73b92aaf,3699990475,0854a1225d3f0f2ff01733e8d5e2cbb19f2936157194afea3fa082c901fe5bb7,True,single_only_all_off,A1 Ablation) All Waveform Terms Off,False,100,100,0,0.0,100,87,0,0.87,0.87,1.5860002620999998,7.4000003,381.83,414.6,1.5514420830004383,100,0,0,0,0,1.0,0.0,0.0,0.0,0.0,1.0,6.96,0.0,0.0,0.0,0.0,0.0,,0.0,0.0,1.4739552490063943,0.00230578392802272,0.0,0.07459780106728431,1.5508588340017013,1.4739552490063943,0.07459780106728431
20260711_164832_170489,bae7bf40726b12938559777771e8ab509aaf37f9f9bad6244622d6e70161ad2e,14,2187632405,2184921404,2187632405,14,100,50,60,5,30,10.0,120,current,Optimized Pattern Generator,dynamic_session,Dynamic Session Pattern Assignment,50,6,360,9755460d6201729f27e370093b921794fda87dd822f9bf959d1d554d73b92aaf,3699990475,0854a1225d3f0f2ff01733e8d5e2cbb19f2936157194afea3fa082c901fe5bb7,True,nomura_original_interval_hungarian,A2) Corr+DTW + Hungarian,False,100,100,0,0.0,100,93,0,0.93,0.93,0.08534277955264584,0.35382142539309824,381.83,414.6,2.593437167000957,100,0,0,0,0,1.0,0.0,0.0,0.0,0.0,1.0,6.96,0.0,0.0,0.0,0.0,0.0,,0.0,0.0,1.4840749600552954,1.0342698299646145,0.0,0.07451679397490807,2.592861583994818,1.4840749600552954,0.07451679397490807
20260711_164832_170489,bae7bf40726b12938559777771e8ab509aaf37f9f9bad6244622d6e70161ad2e,14,2187632405,2176353878,2187632405,14,100,50,60,5,30,10.0,120,current,Optimized Pattern Generator,dynamic_session,Dynamic Session Pattern Assignment,50,6,360,9755460d6201729f27e370093b921794fda87dd822f9bf959d1d554d73b92aaf,3699990475,0854a1225d3f0f2ff01733e8d5e2cbb19f2936157194afea3fa082c901fe5bb7,True,nomura_original_interval_hungarian_dtw_off,A2 Ablation) DTW Off (Corr-only),False,100,100,0,0.0,100,93,0,0.93,0.93,0.08182980435981632,0.28198041310216226,381.83,414.6,2.5701469170016935,100,0,0,0,0,1.0,0.0,0.0,0.0,0.0,1.0,6.96,0.0,0.0,0.0,0.0,0.0,,0.0,0.0,1.4698785469372524,1.0232077880209545,0.0,0.0764704560424434,2.5695567910006503,1.4698785469372524,0.0764704560424434
20260711_164832_170489,bae7bf40726b12938559777771e8ab509aaf37f9f9bad6244622d6e70161ad2e,14,2187632405,1055930938,2187632405,14,100,50,60,5,30,10.0,120,current,Optimized Pattern Generator,dynamic_session,Dynamic Session Pattern Assignment,50,6,360,9755460d6201729f27e370093b921794fda87dd822f9bf959d1d554d73b92aaf,3699990475,0854a1225d3f0f2ff01733e8d5e2cbb19f2936157194afea3fa082c901fe5bb7,True,nomura_original_interval_hungarian_corr_off,A2 Ablation) Corr Off (DTW-only),False,100,100,0,0.0,100,91,0,0.91,0.91,2.621e-07,4.9e-07,381.83,414.6,2.592081541006337,100,0,0,0,0,1.0,0.0,0.0,0.0,0.0,1.0,6.96,0.0,0.0,0.0,0.0,0.0,,0.0,0.0,1.4788300469372189,1.0233304149151081,0.0,0.0893484131374862,2.591508874989813,1.4788300469372189,0.0893484131374862
20260711_164832_170489,bae7bf40726b12938559777771e8ab509aaf37f9f9bad6244622d6e70161ad2e,14,2187632405,542446161,2187632405,14,100,50,60,5,30,10.0,120,current,Optimized Pattern Generator,dynamic_session,Dynamic Session Pattern Assignment,50,6,360,9755460d6201729f27e370093b921794fda87dd822f9bf959d1d554d73b92aaf,3699990475,0854a1225d3f0f2ff01733e8d5e2cbb19f2936157194afea3fa082c901fe5bb7,True,nomura_original_interval_hungarian_all_off,A2 Ablation) All Waveform Terms Off,False,100,100,0,0.0,100,87,0,0.87,0.87,1.5860002620999998,7.4000003,381.83,414.6,1.5498577499965904,100,0,0,0,0,1.0,0.0,0.0,0.0,0.0,1.0,6.96,0.0,0.0,0.0,0.0,0.0,,0.0,0.0,1.472550962032983,0.002257418993394822,0.0,0.0745162439707201,1.549324624997098,1.472550962032983,0.0745162439707201
20260711_164832_170489,bae7bf40726b12938559777771e8ab509aaf37f9f9bad6244622d6e70161ad2e,14,2187632405,1367392800,2187632405,14,100,50,60,5,30,10.0,120,current,Optimized Pattern Generator,dynamic_session,Dynamic Session Pattern Assignment,50,6,360,9755460d6201729f27e370093b921794fda87dd822f9bf959d1d554d73b92aaf,3699990475,0854a1225d3f0f2ff01733e8d5e2cbb19f2936157194afea3fa082c901fe5bb7,True,bayesian_windowed,A3) Two-Stage Bayesian Posterior + Hungarian,False,100,100,0,0.0,100,100,0,1.0,1.0,0.16482631852426927,0.7446576506926913,381.83,414.6,1.960872208001092,100,0,0,0,0,1.0,0.0,0.0,0.0,0.0,1.0,6.96,0.0,0.0,0.0,0.0,0.0,,0.0,0.0,1.4949601660482585,0.3910876189911505,0.0,0.07424421496398281,1.9602920000033919,1.4949601660482585,0.07424421496398281
20260711_164832_170489,bae7bf40726b12938559777771e8ab509aaf37f9f9bad6244622d6e70161ad2e,14,2187632405,1977915830,2187632405,14,100,50,60,5,30,10.0,120,current,Optimized Pattern Generator,dynamic_session,Dynamic Session Pattern Assignment,50,6,360,9755460d6201729f27e370093b921794fda87dd822f9bf959d1d554d73b92aaf,3699990475,0854a1225d3f0f2ff01733e8d5e2cbb19f2936157194afea3fa082c901fe5bb7,True,bayesian_windowed_memory_off,A3 Ablation) Posterior Memory Off,False,100,100,0,0.0,100,98,0,0.98,0.98,0.3228134044700946,1.2631642204899858,381.83,414.6,1.9420119999995222,100,0,0,0,0,1.0,0.0,0.0,0.0,0.0,1.0,6.96,0.0,0.0,0.0,0.0,0.0,,0.0,0.0,1.477784495029482,0.3890927940083202,0.0,0.07455383596243337,1.9414311250002356,1.477784495029482,0.07455383596243337
20260711_164832_170489,bae7bf40726b12938559777771e8ab509aaf37f9f9bad6244622d6e70161ad2e,14,2187632405,2395032838,2187632405,14,100,50,60,5,30,10.0,120,current,Optimized Pattern Generator,dynamic_session,Dynamic Session Pattern Assignment,50,6,360,9755460d6201729f27e370093b921794fda87dd822f9bf959d1d554d73b92aaf,3699990475,0854a1225d3f0f2ff01733e8d5e2cbb19f2936157194afea3fa082c901fe5bb7,True,bayesian_windowed_timeprior_off,A3 Ablation) Time Prior Off,False,100,100,0,0.0,100,100,0,1.0,1.0,0.16605737401160298,0.7457504100340835,381.83,414.6,1.9739121249876916,100,0,0,0,0,1.0,0.0,0.0,0.0,0.0,1.0,6.96,0.0,0.0,0.0,0.0,0.0,,0.0,0.0,1.503085664982791,0.3932077929493971,0.0,0.07704037606890779,1.973333834001096,1.503085664982791,0.07704037606890779
20260711_164832_170489,bae7bf40726b12938559777771e8ab509aaf37f9f9bad6244622d6e70161ad2e,14,2187632405,433795952,2187632405,14,100,50,60,5,30,10.0,120,current,Optimized Pattern Generator,dynamic_session,Dynamic Session Pattern Assignment,50,6,360,9755460d6201729f27e370093b921794fda87dd822f9bf959d1d554d73b92aaf,3699990475,0854a1225d3f0f2ff01733e8d5e2cbb19f2936157194afea3fa082c901fe5bb7,True,bayesian_windowed_all_off,A3 Ablation) Time Prior + Memory Off,False,100,100,0,0.0,100,98,0,0.98,0.98,0.323559614261236,1.2631642204899858,381.83,414.6,2.161006249996717,100,0,0,0,0,1.0,0.0,0.0,0.0,0.0,1.0,6.96,0.0,0.0,0.0,0.0,0.0,,0.0,0.0,1.6566503339417977,0.410016868961975,0.0,0.0934603800997138,2.1601275830034865,1.6566503339417977,0.0934603800997138
20260711_164832_170489,bae7bf40726b12938559777771e8ab509aaf37f9f9bad6244622d6e70161ad2e,15,2187632406,1233724858,2187632406,15,100,50,60,5,30,10.0,120,current,Optimized Pattern Generator,dynamic_session,Dynamic Session Pattern Assignment,50,6,360,f16d5d50b779ac751b4d0bcd6bdff38cfab180b42509f8f60c875b4e672cffbc,3699990472,9f19bc88338ca6de99361d39db9ef54483c54f0cde3d251cc846542a83bfa634,True,single_only,A1) Refined Cost + Greedy 1:1,True,100,100,0,0.0,100,99,0,0.99,0.99,1.142397413315887,4.37162047649173,382.37,418.1,1.7374573340057395,100,0,0,0,0,1.0,0.0,0.0,0.0,0.0,1.0,6.05,0.0,0.0,0.0,0.0,0.0,,0.0,0.0,1.2906512960034888,0.3711434230353916,0.0,0.07509011396905407,1.7368848330079345,1.2906512960034888,0.07509011396905407
20260711_164832_170489,bae7bf40726b12938559777771e8ab509aaf37f9f9bad6244622d6e70161ad2e,15,2187632406,1545686400,2187632406,15,100,50,60,5,30,10.0,120,current,Optimized Pattern Generator,dynamic_session,Dynamic Session Pattern Assignment,50,6,360,f16d5d50b779ac751b4d0bcd6bdff38cfab180b42509f8f60c875b4e672cffbc,3699990472,9f19bc88338ca6de99361d39db9ef54483c54f0cde3d251cc846542a83bfa634,True,single_only_dtw_off,A1 Ablation) DTW Off,False,100,100,0,0.0,100,99,0,0.99,0.99,0.8843002449999999,3.2266667966666676,382.37,418.1,1.7417209999985062,100,0,0,0,0,1.0,0.0,0.0,0.0,0.0,1.0,6.05,0.0,0.0,0.0,0.0,0.0,,0.0,0.0,1.2943079639517237,0.3719335459318245,0.0,0.07495778212614823,1.7411992920096964,1.2943079639517237,0.07495778212614823
20260711_164832_170489,bae7bf40726b12938559777771e8ab509aaf37f9f9bad6244622d6e70161ad2e,15,2187632406,866312304,2187632406,15,100,50,60,5,30,10.0,120,current,Optimized Pattern Generator,dynamic_session,Dynamic Session Pattern Assignment,50,6,360,f16d5d50b779ac751b4d0bcd6bdff38cfab180b42509f8f60c875b4e672cffbc,3699990472,9f19bc88338ca6de99361d39db9ef54483c54f0cde3d251cc846542a83bfa634,True,single_only_step_off,A1 Ablation) Step Signature Off,False,100,100,0,0.0,100,95,0,0.95,0.95,0.2193811494276227,1.5122489450166732,382.37,418.1,1.741982834006194,100,0,0,0,0,1.0,0.0,0.0,0.0,0.0,1.0,6.05,0.0,0.0,0.0,0.0,0.0,,0.0,0.0,1.2945999518997269,0.3721598269621609,0.0,0.07466197112808004,1.7414217499899678,1.2945999518997269,0.07466197112808004
20260711_164832_170489,bae7bf40726b12938559777771e8ab509aaf37f9f9bad6244622d6e70161ad2e,15,2187632406,1815193636,2187632406,15,100,50,60,5,30,10.0,120,current,Optimized Pattern Generator,dynamic_session,Dynamic Session Pattern Assignment,50,6,360,f16d5d50b779ac751b4d0bcd6bdff38cfab180b42509f8f60c875b4e672cffbc,3699990472,9f19bc88338ca6de99361d39db9ef54483c54f0cde3d251cc846542a83bfa634,True,single_only_all_off,A1 Ablation) All Waveform Terms Off,False,100,100,0,0.0,100,87,0,0.87,0.87,1.4620002513000003,8.20000012,382.37,418.1,1.38743308300036,100,0,0,0,0,1.0,0.0,0.0,0.0,0.0,1.0,6.05,0.0,0.0,0.0,0.0,0.0,,0.0,0.0,1.2927504190593027,0.0022637469082837924,0.0,0.09188262502721045,1.386896790994797,1.2927504190593027,0.09188262502721045
20260711_164832_170489,bae7bf40726b12938559777771e8ab509aaf37f9f9bad6244622d6e70161ad2e,15,2187632406,2184921407,2187632406,15,100,50,60,5,30,10.0,120,current,Optimized Pattern Generator,dynamic_session,Dynamic Session Pattern Assignment,50,6,360,f16d5d50b779ac751b4d0bcd6bdff38cfab180b42509f8f60c875b4e672cffbc,3699990472,9f19bc88338ca6de99361d39db9ef54483c54f0cde3d251cc846542a83bfa634,True,nomura_original_interval_hungarian,A2) Corr+DTW + Hungarian,False,100,100,0,0.0,100,96,0,0.96,0.96,0.09803792878093877,0.40908819877169633,382.37,418.1,2.2700842920021387,100,0,0,0,0,1.0,0.0,0.0,0.0,0.0,1.0,6.05,0.0,0.0,0.0,0.0,0.0,,0.0,0.0,1.2911516219901387,0.9017930799600435,0.0,0.07654446504602674,2.269489166996209,1.2911516219901387,0.07654446504602674
20260711_164832_170489,bae7bf40726b12938559777771e8ab509aaf37f9f9bad6244622d6e70161ad2e,15,2187632406,2176353877,2187632406,15,100,50,60,5,30,10.0,120,current,Optimized Pattern Generator,dynamic_session,Dynamic Session Pattern Assignment,50,6,360,f16d5d50b779ac751b4d0bcd6bdff38cfab180b42509f8f60c875b4e672cffbc,3699990472,9f19bc88338ca6de99361d39db9ef54483c54f0cde3d251cc846542a83bfa634,True,nomura_original_interval_hungarian_dtw_off,A2 Ablation) DTW Off (Corr-only),False,100,100,0,0.0,100,95,0,0.95,0.95,0.08573800936958116,0.40908819877169633,382.37,418.1,2.273005542010651,100,0,0,0,0,1.0,0.0,0.0,0.0,0.0,1.0,6.05,0.0,0.0,0.0,0.0,0.0,,0.0,0.0,1.2955144190200372,0.902505542995641,0.0,0.07440153798961546,2.2724215000052936,1.2955144190200372,0.07440153798961546
20260711_164832_170489,bae7bf40726b12938559777771e8ab509aaf37f9f9bad6244622d6e70161ad2e,15,2187632406,1055930937,2187632406,15,100,50,60,5,30,10.0,120,current,Optimized Pattern Generator,dynamic_session,Dynamic Session Pattern Assignment,50,6,360,f16d5d50b779ac751b4d0bcd6bdff38cfab180b42509f8f60c875b4e672cffbc,3699990472,9f19bc88338ca6de99361d39db9ef54483c54f0cde3d251cc846542a83bfa634,True,nomura_original_interval_hungarian_corr_off,A2 Ablation) Corr Off (DTW-only),False,100,100,0,0.0,100,92,0,0.92,0.92,0.005656506859988815,0.20777652966846205,382.37,418.1,2.275317040999653,100,0,0,0,0,1.0,0.0,0.0,0.0,0.0,1.0,6.05,0.0,0.0,0.0,0.0,0.0,,0.0,0.0,1.2968901671411004,0.9022373711341061,0.0,0.0756238787289476,2.274751417004154,1.2968901671411004,0.0756238787289476
20260711_164832_170489,bae7bf40726b12938559777771e8ab509aaf37f9f9bad6244622d6e70161ad2e,15,2187632406,542446162,2187632406,15,100,50,60,5,30,10.0,120,current,Optimized Pattern Generator,dynamic_session,Dynamic Session Pattern Assignment,50,6,360,f16d5d50b779ac751b4d0bcd6bdff38cfab180b42509f8f60c875b4e672cffbc,3699990472,9f19bc88338ca6de99361d39db9ef54483c54f0cde3d251cc846542a83bfa634,True,nomura_original_interval_hungarian_all_off,A2 Ablation) All Waveform Terms Off,False,100,100,0,0.0,100,87,0,0.87,0.87,1.4620002513000003,8.20000012,382.37,418.1,1.4234748750022845,100,0,0,0,0,1.0,0.0,0.0,0.0,0.0,1.0,6.05,0.0,0.0,0.0,0.0,0.0,,0.0,0.0,1.3456564620428253,0.0022659529640804976,0.0,0.07496679398173,1.4228892089886358,1.3456564620428253,0.07496679398173
20260711_164832_170489,bae7bf40726b12938559777771e8ab509aaf37f9f9bad6244622d6e70161ad2e,15,2187632406,1367392803,2187632406,15,100,50,60,5,30,10.0,120,current,Optimized Pattern Generator,dynamic_session,Dynamic Session Pattern Assignment,50,6,360,f16d5d50b779ac751b4d0bcd6bdff38cfab180b42509f8f60c875b4e672cffbc,3699990472,9f19bc88338ca6de99361d39db9ef54483c54f0cde3d251cc846542a83bfa634,True,bayesian_windowed,A3) Two-Stage Bayesian Posterior + Hungarian,False,100,100,0,0.0,100,100,0,1.0,1.0,0.11425959734876229,0.4782865581925886,382.37,418.1,1.7443139579991112,100,0,0,0,0,1.0,0.0,0.0,0.0,0.0,1.0,6.05,0.0,0.0,0.0,0.0,0.0,,0.0,0.0,1.3075211269897409,0.3459760779660428,0.0,0.090251337052905,1.7437485420086887,1.3075211269897409,0.090251337052905
20260711_164832_170489,bae7bf40726b12938559777771e8ab509aaf37f9f9bad6244622d6e70161ad2e,15,2187632406,1977915829,2187632406,15,100,50,60,5,30,10.0,120,current,Optimized Pattern Generator,dynamic_session,Dynamic Session Pattern Assignment,50,6,360,f16d5d50b779ac751b4d0bcd6bdff38cfab180b42509f8f60c875b4e672cffbc,3699990472,9f19bc88338ca6de99361d39db9ef54483c54f0cde3d251cc846542a83bfa634,True,bayesian_windowed_memory_off,A3 Ablation) Posterior Memory Off,False,100,100,0,0.0,100,99,0,0.99,0.99,0.25790060144790733,0.942033862406545,382.37,418.1,1.7093729589978466,100,0,0,0,0,1.0,0.0,0.0,0.0,0.0,1.0,6.05,0.0,0.0,0.0,0.0,0.0,,0.0,0.0,1.293490460011526,0.3408076659979997,0.0,0.07452783198095858,1.7088259579904843,1.293490460011526,0.07452783198095858
20260711_164832_170489,bae7bf40726b12938559777771e8ab509aaf37f9f9bad6244622d6e70161ad2e,15,2187632406,2395032837,2187632406,15,100,50,60,5,30,10.0,120,current,Optimized Pattern Generator,dynamic_session,Dynamic Session Pattern Assignment,50,6,360,f16d5d50b779ac751b4d0bcd6bdff38cfab180b42509f8f60c875b4e672cffbc,3699990472,9f19bc88338ca6de99361d39db9ef54483c54f0cde3d251cc846542a83bfa634,True,bayesian_windowed_timeprior_off,A3 Ablation) Time Prior Off,False,100,100,0,0.0,100,100,0,1.0,1.0,0.11463601774921874,0.4782865581925886,382.37,418.1,1.7239787080034148,100,0,0,0,0,1.0,0.0,0.0,0.0,0.0,1.0,6.05,0.0,0.0,0.0,0.0,0.0,,0.0,0.0,1.3029794550384395,0.34336608403827995,0.0,0.07705729492590763,1.723402834002627,1.3029794550384395,0.07705729492590763
20260711_164832_170489,bae7bf40726b12938559777771e8ab509aaf37f9f9bad6244622d6e70161ad2e,15,2187632406,433795955,2187632406,15,100,50,60,5,30,10.0,120,current,Optimized Pattern Generator,dynamic_session,Dynamic Session Pattern Assignment,50,6,360,f16d5d50b779ac751b4d0bcd6bdff38cfab180b42509f8f60c875b4e672cffbc,3699990472,9f19bc88338ca6de99361d39db9ef54483c54f0cde3d251cc846542a83bfa634,True,bayesian_windowed_all_off,A3 Ablation) Time Prior + Memory Off,False,100,100,0,0.0,100,99,0,0.99,0.99,0.25846759252067697,0.942033862406545,382.37,418.1,1.723782167013269,100,0,0,0,0,1.0,0.0,0.0,0.0,0.0,1.0,6.05,0.0,0.0,0.0,0.0,0.0,,0.0,0.0,1.3042141730111325,0.34403274896612857,0.0,0.07494345301529393,1.723190374992555,1.3042141730111325,0.07494345301529393
20260711_164832_170489,bae7bf40726b12938559777771e8ab509aaf37f9f9bad6244622d6e70161ad2e,16,2187632407,1233724859,2187632407,16,100,50,60,5,30,10.0,120,current,Optimized Pattern Generator,dynamic_session,Dynamic Session Pattern Assignment,50,6,360,d1523d63a88e7a716ec128c69de804a22e6ed039ced14c103725df89ac0a6678,3699990473,66ed3e7d3768f9066dfb5982010c796a13a02740fab8a6a4fce35a9a8a4ea784,True,single_only,A1) Refined Cost + Greedy 1:1,True,100,100,0,0.0,100,98,0,0.98,0.98,1.2047169125574535,5.925794012538356,379.25,423.1,1.9239175419934327,100,0,0,0,0,1.0,0.0,0.0,0.0,0.0,1.0,6.65,0.0,0.0,0.0,0.0,0.0,,0.0,0.0,1.4199189980281517,0.4104992460052017,0.0,0.09292896496481262,1.923347208998166,1.4199189980281517,0.09292896496481262
20260711_164832_170489,bae7bf40726b12938559777771e8ab509aaf37f9f9bad6244622d6e70161ad2e,16,2187632407,1545686401,2187632407,16,100,50,60,5,30,10.0,120,current,Optimized Pattern Generator,dynamic_session,Dynamic Session Pattern Assignment,50,6,360,d1523d63a88e7a716ec128c69de804a22e6ed039ced14c103725df89ac0a6678,3699990473,66ed3e7d3768f9066dfb5982010c796a13a02740fab8a6a4fce35a9a8a4ea784,True,single_only_dtw_off,A1 Ablation) DTW Off,False,100,100,0,0.0,100,98,0,0.98,0.98,1.0184335839333334,4.293333413333334,379.25,423.1,1.9025085409957683,100,0,0,0,0,1.0,0.0,0.0,0.0,0.0,1.0,6.65,0.0,0.0,0.0,0.0,0.0,,0.0,0.0,1.4154512490640627,0.41032316400378477,0.0,0.07618004594405647,1.901954459011904,1.4154512490640627,0.07618004594405647
20260711_164832_170489,bae7bf40726b12938559777771e8ab509aaf37f9f9bad6244622d6e70161ad2e,16,2187632407,866312305,2187632407,16,100,50,60,5,30,10.0,120,current,Optimized Pattern Generator,dynamic_session,Dynamic Session Pattern Assignment,50,6,360,d1523d63a88e7a716ec128c69de804a22e6ed039ced14c103725df89ac0a6678,3699990473,66ed3e7d3768f9066dfb5982010c796a13a02740fab8a6a4fce35a9a8a4ea784,True,single_only_step_off,A1 Ablation) Step Signature Off,False,100,100,0,0.0,100,96,0,0.96,0.96,0.15137336826875333,0.836473281488738,379.25,423.1,1.895307041995693,100,0,0,0,0,1.0,0.0,0.0,0.0,0.0,1.0,6.65,0.0,0.0,0.0,0.0,0.0,,0.0,0.0,1.412117123923963,0.4083235380385304,0.0,0.07431833804002963,1.894759000002523,1.412117123923963,0.07431833804002963
20260711_164832_170489,bae7bf40726b12938559777771e8ab509aaf37f9f9bad6244622d6e70161ad2e,16,2187632407,1815193637,2187632407,16,100,50,60,5,30,10.0,120,current,Optimized Pattern Generator,dynamic_session,Dynamic Session Pattern Assignment,50,6,360,d1523d63a88e7a716ec128c69de804a22e6ed039ced14c103725df89ac0a6678,3699990473,66ed3e7d3768f9066dfb5982010c796a13a02740fab8a6a4fce35a9a8a4ea784,True,single_only_all_off,A1 Ablation) All Waveform Terms Off,False,100,100,0,0.0,100,94,0,0.94,0.94,1.7830002500999997,8.80000032,379.25,423.1,1.4951486659992952,100,0,0,0,0,1.0,0.0,0.0,0.0,0.0,1.0,6.65,0.0,0.0,0.0,0.0,0.0,,0.0,0.0,1.4178790500591276,0.002386704058153555,0.0,0.0743476208881475,1.4946133750054287,1.4178790500591276,0.0743476208881475
20260711_164832_170489,bae7bf40726b12938559777771e8ab509aaf37f9f9bad6244622d6e70161ad2e,16,2187632407,2184921406,2187632407,16,100,50,60,5,30,10.0,120,current,Optimized Pattern Generator,dynamic_session,Dynamic Session Pattern Assignment,50,6,360,d1523d63a88e7a716ec128c69de804a22e6ed039ced14c103725df89ac0a6678,3699990473,66ed3e7d3768f9066dfb5982010c796a13a02740fab8a6a4fce35a9a8a4ea784,True,nomura_original_interval_hungarian,A2) Corr+DTW + Hungarian,False,100,100,0,0.0,100,97,0,0.97,0.97,0.07339602653222492,0.38043421514863307,379.25,423.1,2.4699688749969937,100,0,0,0,0,1.0,0.0,0.0,0.0,0.0,1.0,6.65,0.0,0.0,0.0,0.0,0.0,,0.0,0.0,1.4084090049145743,0.9862654119497165,0.0,0.07469791613402776,2.4693723329983186,1.4084090049145743,0.07469791613402776
20260711_164832_170489,bae7bf40726b12938559777771e8ab509aaf37f9f9bad6244622d6e70161ad2e,16,2187632407,2176353876,2187632407,16,100,50,60,5,30,10.0,120,current,Optimized Pattern Generator,dynamic_session,Dynamic Session Pattern Assignment,50,6,360,d1523d63a88e7a716ec128c69de804a22e6ed039ced14c103725df89ac0a6678,3699990473,66ed3e7d3768f9066dfb5982010c796a13a02740fab8a6a4fce35a9a8a4ea784,True,nomura_original_interval_hungarian_dtw_off,A2 Ablation) DTW Off (Corr-only),False,100,100,0,0.0,100,97,0,0.97,0.97,0.06978654663903469,0.25909230463148264,379.25,423.1,2.4983869590068934,100,0,0,0,0,1.0,0.0,0.0,0.0,0.0,1.0,6.65,0.0,0.0,0.0,0.0,0.0,,0.0,0.0,1.4155354549438925,0.989241620991379,0.0,0.09302563207165804,2.4978027080069296,1.4155354549438925,0.09302563207165804
20260711_164832_170489,bae7bf40726b12938559777771e8ab509aaf37f9f9bad6244622d6e70161ad2e,16,2187632407,1055930936,2187632407,16,100,50,60,5,30,10.0,120,current,Optimized Pattern Generator,dynamic_session,Dynamic Session Pattern Assignment,50,6,360,d1523d63a88e7a716ec128c69de804a22e6ed039ced14c103725df89ac0a6678,3699990473,66ed3e7d3768f9066dfb5982010c796a13a02740fab8a6a4fce35a9a8a4ea784,True,nomura_original_interval_hungarian_corr_off,A2 Ablation) Corr Off (DTW-only),False,100,100,0,0.0,100,94,0,0.94,0.94,2.541e-07,4.9e-07,379.25,423.1,2.4647664170042844,100,0,0,0,0,1.0,0.0,0.0,0.0,0.0,1.0,6.65,0.0,0.0,0.0,0.0,0.0,,0.0,0.0,1.4062539170699893,0.9831317050411599,0.0,0.07479104488447774,2.464176666995627,1.4062539170699893,0.07479104488447774
20260711_164832_170489,bae7bf40726b12938559777771e8ab509aaf37f9f9bad6244622d6e70161ad2e,16,2187632407,542446163,2187632407,16,100,50,60,5,30,10.0,120,current,Optimized Pattern Generator,dynamic_session,Dynamic Session Pattern Assignment,50,6,360,d1523d63a88e7a716ec128c69de804a22e6ed039ced14c103725df89ac0a6678,3699990473,66ed3e7d3768f9066dfb5982010c796a13a02740fab8a6a4fce35a9a8a4ea784,True,nomura_original_interval_hungarian_all_off,A2 Ablation) All Waveform Terms Off,False,100,100,0,0.0,100,94,0,0.94,0.94,1.7830002500999997,8.80000032,379.25,423.1,1.4704730000084965,100,0,0,0,0,1.0,0.0,0.0,0.0,0.0,1.0,6.65,0.0,0.0,0.0,0.0,0.0,,0.0,0.0,1.3932187029276974,0.0022272900823736563,0.0,0.07449829798133578,1.4699442909914069,1.3932187029276974,0.07449829798133578
20260711_164832_170489,bae7bf40726b12938559777771e8ab509aaf37f9f9bad6244622d6e70161ad2e,16,2187632407,1367392802,2187632407,16,100,50,60,5,30,10.0,120,current,Optimized Pattern Generator,dynamic_session,Dynamic Session Pattern Assignment,50,6,360,d1523d63a88e7a716ec128c69de804a22e6ed039ced14c103725df89ac0a6678,3699990473,66ed3e7d3768f9066dfb5982010c796a13a02740fab8a6a4fce35a9a8a4ea784,True,bayesian_windowed,A3) Two-Stage Bayesian Posterior + Hungarian,False,100,100,0,0.0,100,100,0,1.0,1.0,0.16953681928937261,0.8168847554742031,379.25,423.1,1.867819666993455,100,0,0,0,0,1.0,0.0,0.0,0.0,0.0,1.0,6.65,0.0,0.0,0.0,0.0,0.0,,0.0,0.0,1.4175181639293442,0.3737671239505289,0.0,0.07594750412681606,1.8672327920066891,1.4175181639293442,0.07594750412681606
20260711_164832_170489,bae7bf40726b12938559777771e8ab509aaf37f9f9bad6244622d6e70161ad2e,16,2187632407,1977915828,2187632407,16,100,50,60,5,30,10.0,120,current,Optimized Pattern Generator,dynamic_session,Dynamic Session Pattern Assignment,50,6,360,d1523d63a88e7a716ec128c69de804a22e6ed039ced14c103725df89ac0a6678,3699990473,66ed3e7d3768f9066dfb5982010c796a13a02740fab8a6a4fce35a9a8a4ea784,True,bayesian_windowed_memory_off,A3 Ablation) Posterior Memory Off,False,100,100,0,0.0,100,98,0,0.98,0.98,0.31610131968967997,1.1978354847389316,379.25,423.1,1.8715824999962933,100,0,0,0,0,1.0,0.0,0.0,0.0,0.0,1.0,6.65,0.0,0.0,0.0,0.0,0.0,,0.0,0.0,1.4192199588869698,0.37503362499410287,0.0,0.07675279110844713,1.8710063749895198,1.4192199588869698,0.07675279110844713
20260711_164832_170489,bae7bf40726b12938559777771e8ab509aaf37f9f9bad6244622d6e70161ad2e,16,2187632407,2395032836,2187632407,16,100,50,60,5,30,10.0,120,current,Optimized Pattern Generator,dynamic_session,Dynamic Session Pattern Assignment,50,6,360,d1523d63a88e7a716ec128c69de804a22e6ed039ced14c103725df89ac0a6678,3699990473,66ed3e7d3768f9066dfb5982010c796a13a02740fab8a6a4fce35a9a8a4ea784,True,bayesian_windowed_timeprior_off,A3 Ablation) Time Prior Off,False,100,100,0,0.0,100,100,0,1.0,1.0,0.17036784497899732,0.8168847554742031,379.25,423.1,1.8716328330046963,100,0,0,0,0,1.0,0.0,0.0,0.0,0.0,1.0,6.65,0.0,0.0,0.0,0.0,0.0,,0.0,0.0,1.4193182130111381,0.37515687293489464,0.0,0.07657662205747329,1.871051708003506,1.4193182130111381,0.07657662205747329
20260711_164832_170489,bae7bf40726b12938559777771e8ab509aaf37f9f9bad6244622d6e70161ad2e,16,2187632407,433795954,2187632407,16,100,50,60,5,30,10.0,120,current,Optimized Pattern Generator,dynamic_session,Dynamic Session Pattern Assignment,50,6,360,d1523d63a88e7a716ec128c69de804a22e6ed039ced14c103725df89ac0a6678,3699990473,66ed3e7d3768f9066dfb5982010c796a13a02740fab8a6a4fce35a9a8a4ea784,True,bayesian_windowed_all_off,A3 Ablation) Time Prior + Memory Off,False,100,100,0,0.0,100,98,0,0.98,0.98,0.316820496908892,1.1978354847389316,379.25,423.1,1.9024291249952512,100,0,0,0,0,1.0,0.0,0.0,0.0,0.0,1.0,6.65,0.0,0.0,0.0,0.0,0.0,,0.0,0.0,1.4343904209672473,0.37652079298277386,0.0,0.0909430360479746,1.9018542499979958,1.4343904209672473,0.0909430360479746
20260711_164832_170489,bae7bf40726b12938559777771e8ab509aaf37f9f9bad6244622d6e70161ad2e,17,2187632408,1233724852,2187632408,17,100,50,60,5,30,10.0,120,current,Optimized Pattern Generator,dynamic_session,Dynamic Session Pattern Assignment,50,6,360,f97a3a958a9880d4b306762c2150b8fd0e5e86fdf4f0c5a9fdb5619c318c4df6,3699990470,14de31eb4db5f51697991ecbc4e28153932eef173c463716075651b0f9255e62,True,single_only,A1) Refined Cost + Greedy 1:1,True,100,100,0,0.0,100,99,0,0.99,0.99,1.0387114768892831,4.883157042300454,379.92,411.0000000000001,1.8948877500079107,100,0,0,0,0,1.0,0.0,0.0,0.0,0.0,1.0,6.59,0.0,0.0,0.0,0.0,0.0,,0.0,0.0,1.4108213399449596,0.40689649897103664,0.0,0.07659341108228546,1.8943112499982817,1.4108213399449596,0.07659341108228546
20260711_164832_170489,bae7bf40726b12938559777771e8ab509aaf37f9f9bad6244622d6e70161ad2e,17,2187632408,1545686414,2187632408,17,100,50,60,5,30,10.0,120,current,Optimized Pattern Generator,dynamic_session,Dynamic Session Pattern Assignment,50,6,360,f97a3a958a9880d4b306762c2150b8fd0e5e86fdf4f0c5a9fdb5619c318c4df6,3699990470,14de31eb4db5f51697991ecbc4e28153932eef173c463716075651b0f9255e62,True,single_only_dtw_off,A1 Ablation) DTW Off,False,100,100,0,0.0,100,99,0,0.99,0.99,0.8120002531999999,3.1233337533333336,379.92,411.0000000000001,1.883463666003081,100,0,0,0,0,1.0,0.0,0.0,0.0,0.0,1.0,6.59,0.0,0.0,0.0,0.0,0.0,,0.0,0.0,1.4019860420376062,0.40504378895275295,0.0,0.07589816901599988,1.882928000006359,1.4019860420376062,0.07589816901599988
20260711_164832_170489,bae7bf40726b12938559777771e8ab509aaf37f9f9bad6244622d6e70161ad2e,17,2187632408,866312318,2187632408,17,100,50,60,5,30,10.0,120,current,Optimized Pattern Generator,dynamic_session,Dynamic Session Pattern Assignment,50,6,360,f97a3a958a9880d4b306762c2150b8fd0e5e86fdf4f0c5a9fdb5619c318c4df6,3699990470,14de31eb4db5f51697991ecbc4e28153932eef173c463716075651b0f9255e62,True,single_only_step_off,A1 Ablation) Step Signature Off,False,100,100,0,0.0,100,94,0,0.94,0.94,0.20735339532724759,1.2757778707818852,379.92,411.0000000000001,1.88848920899909,100,0,0,0,0,1.0,0.0,0.0,0.0,0.0,1.0,6.59,0.0,0.0,0.0,0.0,0.0,,0.0,0.0,1.4093831290083472,0.40463441706378944,0.0,0.07393228693399578,1.8879498330061324,1.4093831290083472,0.07393228693399578
20260711_164832_170489,bae7bf40726b12938559777771e8ab509aaf37f9f9bad6244622d6e70161ad2e,17,2187632408,1815193642,2187632408,17,100,50,60,5,30,10.0,120,current,Optimized Pattern Generator,dynamic_session,Dynamic Session Pattern Assignment,50,6,360,f97a3a958a9880d4b306762c2150b8fd0e5e86fdf4f0c5a9fdb5619c318c4df6,3699990470,14de31eb4db5f51697991ecbc4e28153932eef173c463716075651b0f9255e62,True,single_only_all_off,A1 Ablation) All Waveform Terms Off,False,100,100,0,0.0,100,94,0,0.94,0.94,1.540000257,7.70000048,379.92,411.0000000000001,1.4968508339952677,100,0,0,0,0,1.0,0.0,0.0,0.0,0.0,1.0,6.59,0.0,0.0,0.0,0.0,0.0,,0.0,0.0,1.4039982119429624,0.00227766994794365,0.0,0.0899842841172358,1.4962601660081418,1.4039982119429624,0.0899842841172358
20260711_164832_170489,bae7bf40726b12938559777771e8ab509aaf37f9f9bad6244622d6e70161ad2e,17,2187632408,2184921393,2187632408,17,100,50,60,5,30,10.0,120,current,Optimized Pattern Generator,dynamic_session,Dynamic Session Pattern Assignment,50,6,360,f97a3a958a9880d4b306762c2150b8fd0e5e86fdf4f0c5a9fdb5619c318c4df6,3699990470,14de31eb4db5f51697991ecbc4e28153932eef173c463716075651b0f9255e62,True,nomura_original_interval_hungarian,A2) Corr+DTW + Hungarian,False,100,100,0,0.0,100,96,0,0.96,0.96,0.08750911639033143,0.46351987199852446,379.92,411.0000000000001,2.4413389999972424,100,0,0,0,0,1.0,0.0,0.0,0.0,0.0,1.0,6.59,0.0,0.0,0.0,0.0,0.0,,0.0,0.0,1.4018083269620547,0.9653937050607055,0.0,0.07357159297680482,2.440773624999565,1.4018083269620547,0.07357159297680482
20260711_164832_170489,bae7bf40726b12938559777771e8ab509aaf37f9f9bad6244622d6e70161ad2e,17,2187632408,2176353883,2187632408,17,100,50,60,5,30,10.0,120,current,Optimized Pattern Generator,dynamic_session,Dynamic Session Pattern Assignment,50,6,360,f97a3a958a9880d4b306762c2150b8fd0e5e86fdf4f0c5a9fdb5619c318c4df6,3699990470,14de31eb4db5f51697991ecbc4e28153932eef173c463716075651b0f9255e62,True,nomura_original_interval_hungarian_dtw_off,A2 Ablation) DTW Off (Corr-only),False,100,100,0,0.0,100,96,0,0.96,0.96,0.0808059077536351,0.3410423437732173,379.92,411.0000000000001,2.4538504169904627,100,0,0,0,0,1.0,0.0,0.0,0.0,0.0,1.0,6.59,0.0,0.0,0.0,0.0,0.0,,0.0,0.0,1.4007556268916233,0.9765319160942454,0.0,0.07597491501655895,2.4532624580024276,1.4007556268916233,0.07597491501655895
20260711_164832_170489,bae7bf40726b12938559777771e8ab509aaf37f9f9bad6244622d6e70161ad2e,17,2187632408,1055930935,2187632408,17,100,50,60,5,30,10.0,120,current,Optimized Pattern Generator,dynamic_session,Dynamic Session Pattern Assignment,50,6,360,f97a3a958a9880d4b306762c2150b8fd0e5e86fdf4f0c5a9fdb5619c318c4df6,3699990470,14de31eb4db5f51697991ecbc4e28153932eef173c463716075651b0f9255e62,True,nomura_original_interval_hungarian_corr_off,A2 Ablation) Corr Off (DTW-only),False,100,100,0,0.0,100,92,0,0.92,0.92,0.0009073006080553355,0.07854716899418696,379.92,411.0000000000001,2.454505458998028,100,0,0,0,0,1.0,0.0,0.0,0.0,0.0,1.0,6.59,0.0,0.0,0.0,0.0,0.0,,0.0,0.0,1.4019644650252303,0.97814403801749,0.0,0.07383945594483521,2.4539479589875555,1.4019644650252303,0.07383945594483521
20260711_164832_170489,bae7bf40726b12938559777771e8ab509aaf37f9f9bad6244622d6e70161ad2e,17,2187632408,542446172,2187632408,17,100,50,60,5,30,10.0,120,current,Optimized Pattern Generator,dynamic_session,Dynamic Session Pattern Assignment,50,6,360,f97a3a958a9880d4b306762c2150b8fd0e5e86fdf4f0c5a9fdb5619c318c4df6,3699990470,14de31eb4db5f51697991ecbc4e28153932eef173c463716075651b0f9255e62,True,nomura_original_interval_hungarian_all_off,A2 Ablation) All Waveform Terms Off,False,100,100,0,0.0,100,94,0,0.94,0.94,1.540000257,7.70000048,379.92,411.0000000000001,1.4828274169994984,100,0,0,0,0,1.0,0.0,0.0,0.0,0.0,1.0,6.59,0.0,0.0,0.0,0.0,0.0,,0.0,0.0,1.4041702940885443,0.002275253995321691,0.0,0.07583620191144291,1.482281749995309,1.4041702940885443,0.07583620191144291
20260711_164832_170489,bae7bf40726b12938559777771e8ab509aaf37f9f9bad6244622d6e70161ad2e,17,2187632408,1367392813,2187632408,17,100,50,60,5,30,10.0,120,current,Optimized Pattern Generator,dynamic_session,Dynamic Session Pattern Assignment,50,6,360,f97a3a958a9880d4b306762c2150b8fd0e5e86fdf4f0c5a9fdb5619c318c4df6,3699990470,14de31eb4db5f51697991ecbc4e28153932eef173c463716075651b0f9255e62,True,bayesian_windowed,A3) Two-Stage Bayesian Posterior + Hungarian,False,100,100,0,0.0,100,100,0,1.0,1.0,0.17461042073621422,0.9335509675879011,379.92,411.0000000000001,1.8688291250000475,100,0,0,0,0,1.0,0.0,0.0,0.0,0.0,1.0,6.59,0.0,0.0,0.0,0.0,0.0,,0.0,0.0,1.4084465769992676,0.3684732880064985,0.0,0.09135521900316235,1.8682750840089284,1.4084465769992676,0.09135521900316235
20260711_164832_170489,bae7bf40726b12938559777771e8ab509aaf37f9f9bad6244622d6e70161ad2e,17,2187632408,1977915835,2187632408,17,100,50,60,5,30,10.0,120,current,Optimized Pattern Generator,dynamic_session,Dynamic Session Pattern Assignment,50,6,360,f97a3a958a9880d4b306762c2150b8fd0e5e86fdf4f0c5a9fdb5619c318c4df6,3699990470,14de31eb4db5f51697991ecbc4e28153932eef173c463716075651b0f9255e62,True,bayesian_windowed_memory_off,A3 Ablation) Posterior Memory Off,False,100,100,0,0.0,100,99,0,0.99,0.99,0.3204822591805712,1.0863365070143711,379.92,411.0000000000001,1.8588457919977373,100,0,0,0,0,1.0,0.0,0.0,0.0,0.0,1.0,6.59,0.0,0.0,0.0,0.0,0.0,,0.0,0.0,1.4153603720624233,0.3693109569430817,0.0,0.07362162899516989,1.8582929580006748,1.4153603720624233,0.07362162899516989
20260711_164832_170489,bae7bf40726b12938559777771e8ab509aaf37f9f9bad6244622d6e70161ad2e,17,2187632408,2395032843,2187632408,17,100,50,60,5,30,10.0,120,current,Optimized Pattern Generator,dynamic_session,Dynamic Session Pattern Assignment,50,6,360,f97a3a958a9880d4b306762c2150b8fd0e5e86fdf4f0c5a9fdb5619c318c4df6,3699990470,14de31eb4db5f51697991ecbc4e28153932eef173c463716075651b0f9255e62,True,bayesian_windowed_timeprior_off,A3 Ablation) Time Prior Off,False,100,100,0,0.0,100,100,0,1.0,1.0,0.17635416106028823,0.9335509675879011,379.92,411.0000000000001,1.8526378340029623,100,0,0,0,0,1.0,0.0,0.0,0.0,0.0,1.0,6.59,0.0,0.0,0.0,0.0,0.0,,0.0,0.0,1.408238826901652,0.36783683093381114,0.0,0.07604755015927367,1.8521232079947367,1.408238826901652,0.07604755015927367
20260711_164832_170489,bae7bf40726b12938559777771e8ab509aaf37f9f9bad6244622d6e70161ad2e,17,2187632408,433795965,2187632408,17,100,50,60,5,30,10.0,120,current,Optimized Pattern Generator,dynamic_session,Dynamic Session Pattern Assignment,50,6,360,f97a3a958a9880d4b306762c2150b8fd0e5e86fdf4f0c5a9fdb5619c318c4df6,3699990470,14de31eb4db5f51697991ecbc4e28153932eef173c463716075651b0f9255e62,True,bayesian_windowed_all_off,A3 Ablation) Time Prior + Memory Off,False,100,100,0,0.0,100,99,0,0.99,0.99,0.3214217158051057,1.0863365070143711,379.92,411.0000000000001,1.8590798340010224,100,0,0,0,0,1.0,0.0,0.0,0.0,0.0,1.0,6.59,0.0,0.0,0.0,0.0,0.0,,0.0,0.0,1.4137814600835554,0.37048721095197834,0.0,0.07421412096300628,1.85848279199854,1.4137814600835554,0.07421412096300628
20260711_164832_170489,bae7bf40726b12938559777771e8ab509aaf37f9f9bad6244622d6e70161ad2e,18,2187632409,1233724853,2187632409,18,100,50,60,5,30,10.0,120,current,Optimized Pattern Generator,dynamic_session,Dynamic Session Pattern Assignment,50,6,360,061348c51ea452fb068b47aeecd0d08e05768ff2ad39c182c5fb6d8577e4b188,3699990471,85c2f0de2eccf913935f550d6d197d098a4fcf0cedd77bcf8f72c1966b756988,True,single_only,A1) Refined Cost + Greedy 1:1,True,100,100,0,0.0,100,99,0,0.99,0.99,1.1278390397651537,6.065065244452238,383.2,413.20000000000005,1.9704021659999853,100,0,0,0,0,1.0,0.0,0.0,0.0,0.0,1.0,6.84,0.0,0.0,0.0,0.0,0.0,,0.0,0.0,1.4591437561321072,0.4204343738674652,0.0,0.09019736999471206,1.9697754999942845,1.4591437561321072,0.09019736999471206
20260711_164832_170489,bae7bf40726b12938559777771e8ab509aaf37f9f9bad6244622d6e70161ad2e,18,2187632409,1545686415,2187632409,18,100,50,60,5,30,10.0,120,current,Optimized Pattern Generator,dynamic_session,Dynamic Session Pattern Assignment,50,6,360,061348c51ea452fb068b47aeecd0d08e05768ff2ad39c182c5fb6d8577e4b188,3699990471,85c2f0de2eccf913935f550d6d197d098a4fcf0cedd77bcf8f72c1966b756988,True,single_only_dtw_off,A1 Ablation) DTW Off,False,100,100,0,0.0,100,96,0,0.96,0.96,0.866600263,3.8000004900000004,383.2,413.20000000000005,1.971203915993101,100,0,0,0,0,1.0,0.0,0.0,0.0,0.0,1.0,6.84,0.0,0.0,0.0,0.0,0.0,,0.0,0.0,1.4724480879231123,0.42220995991374366,0.0,0.07594428515585605,1.970602332992712,1.4724480879231123,0.07594428515585605
20260711_164832_170489,bae7bf40726b12938559777771e8ab509aaf37f9f9bad6244622d6e70161ad2e,18,2187632409,866312319,2187632409,18,100,50,60,5,30,10.0,120,current,Optimized Pattern Generator,dynamic_session,Dynamic Session Pattern Assignment,50,6,360,061348c51ea452fb068b47aeecd0d08e05768ff2ad39c182c5fb6d8577e4b188,3699990471,85c2f0de2eccf913935f550d6d197d098a4fcf0cedd77bcf8f72c1966b756988,True,single_only_step_off,A1 Ablation) Step Signature Off,False,100,100,0,0.0,100,91,0,0.91,0.91,0.22052432239994146,1.4215689496545816,383.2,413.20000000000005,1.9643695000122534,100,0,0,0,0,1.0,0.0,0.0,0.0,0.0,1.0,6.84,0.0,0.0,0.0,0.0,0.0,,0.0,0.0,1.4665776630135952,0.42271703996811993,0.0,0.07448546402156353,1.9637801670032786,1.4665776630135952,0.07448546402156353
20260711_164832_170489,bae7bf40726b12938559777771e8ab509aaf37f9f9bad6244622d6e70161ad2e,18,2187632409,1815193643,2187632409,18,100,50,60,5,30,10.0,120,current,Optimized Pattern Generator,dynamic_session,Dynamic Session Pattern Assignment,50,6,360,061348c51ea452fb068b47aeecd0d08e05768ff2ad39c182c5fb6d8577e4b188,3699990471,85c2f0de2eccf913935f550d6d197d098a4fcf0cedd77bcf8f72c1966b756988,True,single_only_all_off,A1 Ablation) All Waveform Terms Off,False,100,100,0,0.0,100,90,0,0.9,0.9,1.40900025,6.800000270000001,383.2,413.20000000000005,1.5368099170009373,100,0,0,0,0,1.0,0.0,0.0,0.0,0.0,1.0,6.84,0.0,0.0,0.0,0.0,0.0,,0.0,0.0,1.45928829490731,0.0023100009857444093,0.0,0.07464541211083997,1.5362437080038944,1.45928829490731,0.07464541211083997
20260711_164832_170489,bae7bf40726b12938559777771e8ab509aaf37f9f9bad6244622d6e70161ad2e,18,2187632409,2184921392,2187632409,18,100,50,60,5,30,10.0,120,current,Optimized Pattern Generator,dynamic_session,Dynamic Session Pattern Assignment,50,6,360,061348c51ea452fb068b47aeecd0d08e05768ff2ad39c182c5fb6d8577e4b188,3699990471,85c2f0de2eccf913935f550d6d197d098a4fcf0cedd77bcf8f72c1966b756988,True,nomura_original_interval_hungarian,A2) Corr+DTW + Hungarian,False,100,100,0,0.0,100,96,0,0.96,0.96,0.09137319529226884,0.4871550926231629,383.2,413.20000000000005,2.564475792009034,100,0,0,0,0,1.0,0.0,0.0,0.0,0.0,1.0,6.84,0.0,0.0,0.0,0.0,0.0,,0.0,0.0,1.4742988800135208,1.0125394150236389,0.0,0.07703345495974645,2.563871749996906,1.4742988800135208,0.07703345495974645
20260711_164832_170489,bae7bf40726b12938559777771e8ab509aaf37f9f9bad6244622d6e70161ad2e,18,2187632409,2176353882,2187632409,18,100,50,60,5,30,10.0,120,current,Optimized Pattern Generator,dynamic_session,Dynamic Session Pattern Assignment,50,6,360,061348c51ea452fb068b47aeecd0d08e05768ff2ad39c182c5fb6d8577e4b188,3699990471,85c2f0de2eccf913935f550d6d197d098a4fcf0cedd77bcf8f72c1966b756988,True,nomura_original_interval_hungarian_dtw_off,A2 Ablation) DTW Off (Corr-only),False,100,100,0,0.0,100,91,0,0.91,0.91,0.08534203638349082,0.4566077238656193,383.2,413.20000000000005,2.5669837500026915,100,0,0,0,0,1.0,0.0,0.0,0.0,0.0,1.0,6.84,0.0,0.0,0.0,0.0,0.0,,0.0,0.0,1.4569012509018648,1.0169315820676275,0.0,0.09259120901697315,2.5664240419864655,1.4569012509018648,0.09259120901697315
20260711_164832_170489,bae7bf40726b12938559777771e8ab509aaf37f9f9bad6244622d6e70161ad2e,18,2187632409,1055930934,2187632409,18,100,50,60,5,30,10.0,120,current,Optimized Pattern Generator,dynamic_session,Dynamic Session Pattern Assignment,50,6,360,061348c51ea452fb068b47aeecd0d08e05768ff2ad39c182c5fb6d8577e4b188,3699990471,85c2f0de2eccf913935f550d6d197d098a4fcf0cedd77bcf8f72c1966b756988,True,nomura_original_interval_hungarian_corr_off,A2 Ablation) Corr Off (DTW-only),False,100,100,0,0.0,100,92,0,0.92,0.92,2.543e-07,4.9e-07,383.2,413.20000000000005,2.5611392080027144,100,0,0,0,0,1.0,0.0,0.0,0.0,0.0,1.0,6.84,0.0,0.0,0.0,0.0,0.0,,0.0,0.0,1.4650802049582126,1.0210624130122596,0.0,0.07441063203441445,2.5605532500048866,1.4650802049582126,0.07441063203441445
20260711_164832_170489,bae7bf40726b12938559777771e8ab509aaf37f9f9bad6244622d6e70161ad2e,18,2187632409,542446173,2187632409,18,100,50,60,5,30,10.0,120,current,Optimized Pattern Generator,dynamic_session,Dynamic Session Pattern Assignment,50,6,360,061348c51ea452fb068b47aeecd0d08e05768ff2ad39c182c5fb6d8577e4b188,3699990471,85c2f0de2eccf913935f550d6d197d098a4fcf0cedd77bcf8f72c1966b756988,True,nomura_original_interval_hungarian_all_off,A2 Ablation) All Waveform Terms Off,False,100,100,0,0.0,100,90,0,0.9,0.9,1.40900025,6.800000270000001,383.2,413.20000000000005,1.5262467910069972,100,0,0,0,0,1.0,0.0,0.0,0.0,0.0,1.0,6.84,0.0,0.0,0.0,0.0,0.0,,0.0,0.0,1.4490749980031978,0.0022504179942188784,0.0,0.07438958399870899,1.5257149999961257,1.4490749980031978,0.07438958399870899
20260711_164832_170489,bae7bf40726b12938559777771e8ab509aaf37f9f9bad6244622d6e70161ad2e,18,2187632409,1367392812,2187632409,18,100,50,60,5,30,10.0,120,current,Optimized Pattern Generator,dynamic_session,Dynamic Session Pattern Assignment,50,6,360,061348c51ea452fb068b47aeecd0d08e05768ff2ad39c182c5fb6d8577e4b188,3699990471,85c2f0de2eccf913935f550d6d197d098a4fcf0cedd77bcf8f72c1966b756988,True,bayesian_windowed,A3) Two-Stage Bayesian Posterior + Hungarian,False,100,100,0,0.0,100,100,0,1.0,1.0,0.16866337645003127,0.8265310849045053,383.2,413.20000000000005,1.9326639580103802,100,0,0,0,0,1.0,0.0,0.0,0.0,0.0,1.0,6.84,0.0,0.0,0.0,0.0,0.0,,0.0,0.0,1.4703651269956026,0.3847436669457238,0.0,0.0769931230606744,1.9321019170020008,1.4703651269956026,0.0769931230606744
20260711_164832_170489,bae7bf40726b12938559777771e8ab509aaf37f9f9bad6244622d6e70161ad2e,18,2187632409,1977915834,2187632409,18,100,50,60,5,30,10.0,120,current,Optimized Pattern Generator,dynamic_session,Dynamic Session Pattern Assignment,50,6,360,061348c51ea452fb068b47aeecd0d08e05768ff2ad39c182c5fb6d8577e4b188,3699990471,85c2f0de2eccf913935f550d6d197d098a4fcf0cedd77bcf8f72c1966b756988,True,bayesian_windowed_memory_off,A3 Ablation) Posterior Memory Off,False,100,100,0,0.0,100,99,0,0.99,0.99,0.33868728754614025,1.2859180270473791,383.2,413.20000000000005,1.9259835419943556,100,0,0,0,0,1.0,0.0,0.0,0.0,0.0,1.0,6.84,0.0,0.0,0.0,0.0,0.0,,0.0,0.0,1.4647816739452537,0.383524631979526,0.0,0.07707452708564233,1.925380833010422,1.4647816739452537,0.07707452708564233
20260711_164832_170489,bae7bf40726b12938559777771e8ab509aaf37f9f9bad6244622d6e70161ad2e,18,2187632409,2395032842,2187632409,18,100,50,60,5,30,10.0,120,current,Optimized Pattern Generator,dynamic_session,Dynamic Session Pattern Assignment,50,6,360,061348c51ea452fb068b47aeecd0d08e05768ff2ad39c182c5fb6d8577e4b188,3699990471,85c2f0de2eccf913935f550d6d197d098a4fcf0cedd77bcf8f72c1966b756988,True,bayesian_windowed_timeprior_off,A3 Ablation) Time Prior Off,False,100,100,0,0.0,100,100,0,1.0,1.0,0.17010737536838005,0.8328150498841074,383.2,413.20000000000005,1.9438029159937287,100,0,0,0,0,1.0,0.0,0.0,0.0,0.0,1.0,6.84,0.0,0.0,0.0,0.0,0.0,,0.0,0.0,1.467330290019163,0.3855856670998037,0.0,0.09028341788507532,1.943199375004042,1.467330290019163,0.09028341788507532
20260711_164832_170489,bae7bf40726b12938559777771e8ab509aaf37f9f9bad6244622d6e70161ad2e,18,2187632409,433795964,2187632409,18,100,50,60,5,30,10.0,120,current,Optimized Pattern Generator,dynamic_session,Dynamic Session Pattern Assignment,50,6,360,061348c51ea452fb068b47aeecd0d08e05768ff2ad39c182c5fb6d8577e4b188,3699990471,85c2f0de2eccf913935f550d6d197d098a4fcf0cedd77bcf8f72c1966b756988,True,bayesian_windowed_all_off,A3 Ablation) Time Prior + Memory Off,False,100,100,0,0.0,100,99,0,0.99,0.99,0.339568159866424,1.2859180270473791,383.2,413.20000000000005,1.928844541995204,100,0,0,0,0,1.0,0.0,0.0,0.0,0.0,1.0,6.84,0.0,0.0,0.0,0.0,0.0,,0.0,0.0,1.4678452520020073,0.38366800200310536,0.0,0.0767433299915865,1.9282565839966992,1.4678452520020073,0.0767433299915865
20260711_164832_170489,bae7bf40726b12938559777771e8ab509aaf37f9f9bad6244622d6e70161ad2e,19,2187632410,1233724854,2187632410,19,100,50,60,5,30,10.0,120,current,Optimized Pattern Generator,dynamic_session,Dynamic Session Pattern Assignment,50,6,360,98ae7f851facf81ef86e190dceb469daa15641399ef81e2f857457dd33728c0f,3699990468,a3907fb4064f27403542d1b4da583362c67321fab5ec2ea2c1123e885203636f,True,single_only,A1) Refined Cost + Greedy 1:1,True,100,100,0,0.0,100,97,0,0.97,0.97,1.270368725830656,6.077423921448032,383.12,430.20000000000005,1.838679583001067,100,0,0,0,0,1.0,0.0,0.0,0.0,0.0,1.0,6.4,0.0,0.0,0.0,0.0,0.0,,0.0,0.0,1.3674849600356538,0.3933453719946556,0.0,0.07726983496104367,1.838100166991353,1.3674849600356538,0.07726983496104367
20260711_164832_170489,bae7bf40726b12938559777771e8ab509aaf37f9f9bad6244622d6e70161ad2e,19,2187632410,1545686412,2187632410,19,100,50,60,5,30,10.0,120,current,Optimized Pattern Generator,dynamic_session,Dynamic Session Pattern Assignment,50,6,360,98ae7f851facf81ef86e190dceb469daa15641399ef81e2f857457dd33728c0f,3699990468,a3907fb4064f27403542d1b4da583362c67321fab5ec2ea2c1123e885203636f,True,single_only_dtw_off,A1 Ablation) DTW Off,False,100,100,0,0.0,100,97,0,0.97,0.97,0.9657002458000002,3.69000038,383.12,430.20000000000005,1.8365757089923136,100,0,0,0,0,1.0,0.0,0.0,0.0,0.0,1.0,6.4,0.0,0.0,0.0,0.0,0.0,,0.0,0.0,1.368901251888019,0.3926248819625471,0.0,0.07446286614867859,1.8359889999992447,1.368901251888019,0.07446286614867859
20260711_164832_170489,bae7bf40726b12938559777771e8ab509aaf37f9f9bad6244622d6e70161ad2e,19,2187632410,866312316,2187632410,19,100,50,60,5,30,10.0,120,current,Optimized Pattern Generator,dynamic_session,Dynamic Session Pattern Assignment,50,6,360,98ae7f851facf81ef86e190dceb469daa15641399ef81e2f857457dd33728c0f,3699990468,a3907fb4064f27403542d1b4da583362c67321fab5ec2ea2c1123e885203636f,True,single_only_step_off,A1 Ablation) Step Signature Off,False,100,100,0,0.0,100,90,0,0.9,0.9,0.2665290620026685,1.4159358139484912,383.12,430.20000000000005,1.8620362499932526,100,0,0,0,0,1.0,0.0,0.0,0.0,0.0,1.0,6.4,0.0,0.0,0.0,0.0,0.0,,0.0,0.0,1.3759140889596893,0.3955166260129772,0.0,0.09004153503337875,1.8614722500060452,1.3759140889596893,0.09004153503337875
20260711_164832_170489,bae7bf40726b12938559777771e8ab509aaf37f9f9bad6244622d6e70161ad2e,19,2187632410,1815193640,2187632410,19,100,50,60,5,30,10.0,120,current,Optimized Pattern Generator,dynamic_session,Dynamic Session Pattern Assignment,50,6,360,98ae7f851facf81ef86e190dceb469daa15641399ef81e2f857457dd33728c0f,3699990468,a3907fb4064f27403542d1b4da583362c67321fab5ec2ea2c1123e885203636f,True,single_only_all_off,A1 Ablation) All Waveform Terms Off,False,100,100,0,0.0,100,95,0,0.95,0.95,1.7200002318999998,7.00000043,383.12,430.20000000000005,1.4365485419984907,100,0,0,0,0,1.0,0.0,0.0,0.0,0.0,1.0,6.4,0.0,0.0,0.0,0.0,0.0,,0.0,0.0,1.3584722950472496,0.002212001010775566,0.0,0.0752937039360404,1.4359779999940656,1.3584722950472496,0.0752937039360404
20260711_164832_170489,bae7bf40726b12938559777771e8ab509aaf37f9f9bad6244622d6e70161ad2e,19,2187632410,2184921395,2187632410,19,100,50,60,5,30,10.0,120,current,Optimized Pattern Generator,dynamic_session,Dynamic Session Pattern Assignment,50,6,360,98ae7f851facf81ef86e190dceb469daa15641399ef81e2f857457dd33728c0f,3699990468,a3907fb4064f27403542d1b4da583362c67321fab5ec2ea2c1123e885203636f,True,nomura_original_interval_hungarian,A2) Corr+DTW + Hungarian,False,100,100,0,0.0,100,95,0,0.95,0.95,0.11204694966035858,0.5013451489869704,383.12,430.20000000000005,2.398131583002396,100,0,0,0,0,1.0,0.0,0.0,0.0,0.0,1.0,6.4,0.0,0.0,0.0,0.0,0.0,,0.0,0.0,1.3732472519914154,0.9501599149807589,0.0,0.07415037501777988,2.397557541989954,1.3732472519914154,0.07415037501777988
20260711_164832_170489,bae7bf40726b12938559777771e8ab509aaf37f9f9bad6244622d6e70161ad2e,19,2187632410,2176353881,2187632410,19,100,50,60,5,30,10.0,120,current,Optimized Pattern Generator,dynamic_session,Dynamic Session Pattern Assignment,50,6,360,98ae7f851facf81ef86e190dceb469daa15641399ef81e2f857457dd33728c0f,3699990468,a3907fb4064f27403542d1b4da583362c67321fab5ec2ea2c1123e885203636f,True,nomura_original_interval_hungarian_dtw_off,A2 Ablation) DTW Off (Corr-only),False,100,100,0,0.0,100,92,0,0.92,0.92,0.1013022671456325,0.3758284815673713,383.12,430.20000000000005,2.3773666250053793,100,0,0,0,0,1.0,0.0,0.0,0.0,0.0,1.0,6.4,0.0,0.0,0.0,0.0,0.0,,0.0,0.0,1.3618039618595503,0.9410644550080178,0.0,0.07394195813685656,2.3768103750044247,1.3618039618595503,0.07394195813685656
20260711_164832_170489,bae7bf40726b12938559777771e8ab509aaf37f9f9bad6244622d6e70161ad2e,19,2187632410,1055930933,2187632410,19,100,50,60,5,30,10.0,120,current,Optimized Pattern Generator,dynamic_session,Dynamic Session Pattern Assignment,50,6,360,98ae7f851facf81ef86e190dceb469daa15641399ef81e2f857457dd33728c0f,3699990468,a3907fb4064f27403542d1b4da583362c67321fab5ec2ea2c1123e885203636f,True,nomura_original_interval_hungarian_corr_off,A2 Ablation) Corr Off (DTW-only),False,100,100,0,0.0,100,91,0,0.91,0.91,0.002645358649256253,0.26451335492562533,383.12,430.20000000000005,2.3835114169924054,100,0,0,0,0,1.0,0.0,0.0,0.0,0.0,1.0,6.4,0.0,0.0,0.0,0.0,0.0,,0.0,0.0,1.3625439640891273,0.9464241659152322,0.0,0.07396536998567171,2.382933499990031,1.3625439640891273,0.07396536998567171
20260711_164832_170489,bae7bf40726b12938559777771e8ab509aaf37f9f9bad6244622d6e70161ad2e,19,2187632410,542446174,2187632410,19,100,50,60,5,30,10.0,120,current,Optimized Pattern Generator,dynamic_session,Dynamic Session Pattern Assignment,50,6,360,98ae7f851facf81ef86e190dceb469daa15641399ef81e2f857457dd33728c0f,3699990468,a3907fb4064f27403542d1b4da583362c67321fab5ec2ea2c1123e885203636f,True,nomura_original_interval_hungarian_all_off,A2 Ablation) All Waveform Terms Off,False,100,100,0,0.0,100,95,0,0.95,0.95,1.7200002318999998,7.00000043,383.12,430.20000000000005,1.4484907080041012,100,0,0,0,0,1.0,0.0,0.0,0.0,0.0,1.0,6.4,0.0,0.0,0.0,0.0,0.0,,0.0,0.0,1.3700550440698862,0.0022795789554947987,0.0,0.0755447109695524,1.4478793339949334,1.3700550440698862,0.0755447109695524
20260711_164832_170489,bae7bf40726b12938559777771e8ab509aaf37f9f9bad6244622d6e70161ad2e,19,2187632410,1367392815,2187632410,19,100,50,60,5,30,10.0,120,current,Optimized Pattern Generator,dynamic_session,Dynamic Session Pattern Assignment,50,6,360,98ae7f851facf81ef86e190dceb469daa15641399ef81e2f857457dd33728c0f,3699990468,a3907fb4064f27403542d1b4da583362c67321fab5ec2ea2c1123e885203636f,True,bayesian_windowed,A3) Two-Stage Bayesian Posterior + Hungarian,False,100,100,0,0.0,100,99,0,0.99,0.99,0.14888190081883312,0.9081669002639581,383.12,430.20000000000005,1.8235449999920093,100,0,0,0,0,1.0,0.0,0.0,0.0,0.0,1.0,6.4,0.0,0.0,0.0,0.0,0.0,,0.0,0.0,1.3726498368923785,0.3601471240253886,0.0,0.09019820608955342,1.8229951670073206,1.3726498368923785,0.09019820608955342
20260711_164832_170489,bae7bf40726b12938559777771e8ab509aaf37f9f9bad6244622d6e70161ad2e,19,2187632410,1977915833,2187632410,19,100,50,60,5,30,10.0,120,current,Optimized Pattern Generator,dynamic_session,Dynamic Session Pattern Assignment,50,6,360,98ae7f851facf81ef86e190dceb469daa15641399ef81e2f857457dd33728c0f,3699990468,a3907fb4064f27403542d1b4da583362c67321fab5ec2ea2c1123e885203636f,True,bayesian_windowed_memory_off,A3 Ablation) Posterior Memory Off,False,100,100,0,0.0,100,97,0,0.97,0.97,0.2756298856031457,1.3671993354271001,383.12,430.20000000000005,1.8156324160081567,100,0,0,0,0,1.0,0.0,0.0,0.0,0.0,1.0,6.4,0.0,0.0,0.0,0.0,0.0,,0.0,0.0,1.379021964923595,0.36156816287257243,0.0,0.07444470521295443,1.815034833009122,1.379021964923595,0.07444470521295443
20260711_164832_170489,bae7bf40726b12938559777771e8ab509aaf37f9f9bad6244622d6e70161ad2e,19,2187632410,2395032841,2187632410,19,100,50,60,5,30,10.0,120,current,Optimized Pattern Generator,dynamic_session,Dynamic Session Pattern Assignment,50,6,360,98ae7f851facf81ef86e190dceb469daa15641399ef81e2f857457dd33728c0f,3699990468,a3907fb4064f27403542d1b4da583362c67321fab5ec2ea2c1123e885203636f,True,bayesian_windowed_timeprior_off,A3 Ablation) Time Prior Off,False,100,100,0,0.0,100,99,0,0.99,0.99,0.14987593225470688,0.9081669002639581,383.12,430.20000000000005,1.8159790830104612,100,0,0,0,0,1.0,0.0,0.0,0.0,0.0,1.0,6.4,0.0,0.0,0.0,0.0,0.0,,0.0,0.0,1.3808475000114413,0.3601622050337028,0.0,0.0743563789583277,1.8153660840034718,1.3808475000114413,0.0743563789583277
20260711_164832_170489,bae7bf40726b12938559777771e8ab509aaf37f9f9bad6244622d6e70161ad2e,19,2187632410,433795967,2187632410,19,100,50,60,5,30,10.0,120,current,Optimized Pattern Generator,dynamic_session,Dynamic Session Pattern Assignment,50,6,360,98ae7f851facf81ef86e190dceb469daa15641399ef81e2f857457dd33728c0f,3699990468,a3907fb4064f27403542d1b4da583362c67321fab5ec2ea2c1123e885203636f,True,bayesian_windowed_all_off,A3 Ablation) Time Prior + Memory Off,False,100,100,0,0.0,100,97,0,0.97,0.97,0.27613779197737703,1.3671993354271001,383.12,430.20000000000005,1.8058441249886528,100,0,0,0,0,1.0,0.0,0.0,0.0,0.0,1.0,6.4,0.0,0.0,0.0,0.0,0.0,,0.0,0.0,1.3688562919414835,0.36061724892351776,0.0,0.07577437613508664,1.805247917000088,1.3688562919414835,0.07577437613508664
20260711_164832_170489,bae7bf40726b12938559777771e8ab509aaf37f9f9bad6244622d6e70161ad2e,20,2187632411,1233724855,2187632411,20,100,50,60,5,30,10.0,120,current,Optimized Pattern Generator,dynamic_session,Dynamic Session Pattern Assignment,50,6,360,dea501249bbfaf9b2b61ab36f1dfa32654dad6c04e9cfb1a1b5d3419636e2f85,3699990469,c58c49b0f6bf7efba603fd71270c5324f90c1507d30e926ca00df75393a9a943,True,single_only,A1) Refined Cost + Greedy 1:1,True,100,100,0,0.0,100,97,0,0.97,0.97,1.1752168918109451,6.8364733375426905,384.22,425.6,1.9217467090056743,100,0,0,0,0,1.0,0.0,0.0,0.0,0.0,1.0,6.66,0.0,0.0,0.0,0.0,0.0,,0.0,0.0,1.4267526250041556,0.40649648892576806,0.0,0.08793376106768847,1.921182874997612,1.4267526250041556,0.08793376106768847
20260711_164832_170489,bae7bf40726b12938559777771e8ab509aaf37f9f9bad6244622d6e70161ad2e,20,2187632411,1545686413,2187632411,20,100,50,60,5,30,10.0,120,current,Optimized Pattern Generator,dynamic_session,Dynamic Session Pattern Assignment,50,6,360,dea501249bbfaf9b2b61ab36f1dfa32654dad6c04e9cfb1a1b5d3419636e2f85,3699990469,c58c49b0f6bf7efba603fd71270c5324f90c1507d30e926ca00df75393a9a943,True,single_only_dtw_off,A1 Ablation) DTW Off,False,100,100,0,0.0,100,97,0,0.97,0.97,0.9084335554333333,3.9733333333333327,384.22,425.6,1.9902411660004873,100,0,0,0,0,1.0,0.0,0.0,0.0,0.0,1.0,6.66,0.0,0.0,0.0,0.0,0.0,,0.0,0.0,1.4969066289777402,0.4153618700365769,0.0,0.077368291982566,1.989636790996883,1.4969066289777402,0.077368291982566
20260711_164832_170489,bae7bf40726b12938559777771e8ab509aaf37f9f9bad6244622d6e70161ad2e,20,2187632411,866312317,2187632411,20,100,50,60,5,30,10.0,120,current,Optimized Pattern Generator,dynamic_session,Dynamic Session Pattern Assignment,50,6,360,dea501249bbfaf9b2b61ab36f1dfa32654dad6c04e9cfb1a1b5d3419636e2f85,3699990469,c58c49b0f6bf7efba603fd71270c5324f90c1507d30e926ca00df75393a9a943,True,single_only_step_off,A1 Ablation) Step Signature Off,False,100,100,0,0.0,100,91,0,0.91,0.91,0.23097530231087338,1.2162549285480504,384.22,425.6,1.9200067920028232,100,0,0,0,0,1.0,0.0,0.0,0.0,0.0,1.0,6.66,0.0,0.0,0.0,0.0,0.0,,0.0,0.0,1.433891340973787,0.4089313800650416,0.0,0.07662352896295488,1.9194462500017835,1.433891340973787,0.07662352896295488
20260711_164832_170489,bae7bf40726b12938559777771e8ab509aaf37f9f9bad6244622d6e70161ad2e,20,2187632411,1815193641,2187632411,20,100,50,60,5,30,10.0,120,current,Optimized Pattern Generator,dynamic_session,Dynamic Session Pattern Assignment,50,6,360,dea501249bbfaf9b2b61ab36f1dfa32654dad6c04e9cfb1a1b5d3419636e2f85,3699990469,c58c49b0f6bf7efba603fd71270c5324f90c1507d30e926ca00df75393a9a943,True,single_only_all_off,A1 Ablation) All Waveform Terms Off,False,100,100,0,0.0,100,97,0,0.97,0.97,1.6840002232999995,7.20000004,384.22,425.6,1.5042290830024285,100,0,0,0,0,1.0,0.0,0.0,0.0,0.0,1.0,6.66,0.0,0.0,0.0,0.0,0.0,,0.0,0.0,1.426960129989311,0.002243086986709386,0.0,0.07446874103334267,1.5036719580093632,1.426960129989311,0.07446874103334267
20260711_164832_170489,bae7bf40726b12938559777771e8ab509aaf37f9f9bad6244622d6e70161ad2e,20,2187632411,2184921394,2187632411,20,100,50,60,5,30,10.0,120,current,Optimized Pattern Generator,dynamic_session,Dynamic Session Pattern Assignment,50,6,360,dea501249bbfaf9b2b61ab36f1dfa32654dad6c04e9cfb1a1b5d3419636e2f85,3699990469,c58c49b0f6bf7efba603fd71270c5324f90c1507d30e926ca00df75393a9a943,True,nomura_original_interval_hungarian,A2) Corr+DTW + Hungarian,False,100,100,0,0.0,100,93,0,0.93,0.93,0.08815197376932887,0.39985819279681073,384.22,425.6,2.4982577080081683,100,0,0,0,0,1.0,0.0,0.0,0.0,0.0,1.0,6.66,0.0,0.0,0.0,0.0,0.0,,0.0,0.0,1.4350228730327217,0.9878153350146022,0.0,0.07483712495013606,2.49767533299746,1.4350228730327217,0.07483712495013606
20260711_164832_170489,bae7bf40726b12938559777771e8ab509aaf37f9f9bad6244622d6e70161ad2e,20,2187632411,2176353880,2187632411,20,100,50,60,5,30,10.0,120,current,Optimized Pattern Generator,dynamic_session,Dynamic Session Pattern Assignment,50,6,360,dea501249bbfaf9b2b61ab36f1dfa32654dad6c04e9cfb1a1b5d3419636e2f85,3699990469,c58c49b0f6bf7efba603fd71270c5324f90c1507d30e926ca00df75393a9a943,True,nomura_original_interval_hungarian_dtw_off,A2 Ablation) DTW Off (Corr-only),False,100,100,0,0.0,100,94,0,0.94,0.94,0.08406145542159171,0.38216410199447554,384.22,425.6,2.500023250002414,100,0,0,0,0,1.0,0.0,0.0,0.0,0.0,1.0,6.66,0.0,0.0,0.0,0.0,0.0,,0.0,0.0,1.424298629979603,0.9843619489547564,0.0,0.09076171305787284,2.499422291992232,1.424298629979603,0.09076171305787284
20260711_164832_170489,bae7bf40726b12938559777771e8ab509aaf37f9f9bad6244622d6e70161ad2e,20,2187632411,1055930932,2187632411,20,100,50,60,5,30,10.0,120,current,Optimized Pattern Generator,dynamic_session,Dynamic Session Pattern Assignment,50,6,360,dea501249bbfaf9b2b61ab36f1dfa32654dad6c04e9cfb1a1b5d3419636e2f85,3699990469,c58c49b0f6bf7efba603fd71270c5324f90c1507d30e926ca00df75393a9a943,True,nomura_original_interval_hungarian_corr_off,A2 Ablation) Corr Off (DTW-only),False,100,100,0,0.0,100,91,0,0.91,0.91,2.3809999999999997e-07,4.9e-07,384.22,425.6,2.482385916999192,100,0,0,0,0,1.0,0.0,0.0,0.0,0.0,1.0,6.66,0.0,0.0,0.0,0.0,0.0,,0.0,0.0,1.4261600050376728,0.9818405040277867,0.0,0.07379461593518499,2.4817951250006445,1.4261600050376728,0.07379461593518499
20260711_164832_170489,bae7bf40726b12938559777771e8ab509aaf37f9f9bad6244622d6e70161ad2e,20,2187632411,542446175,2187632411,20,100,50,60,5,30,10.0,120,current,Optimized Pattern Generator,dynamic_session,Dynamic Session Pattern Assignment,50,6,360,dea501249bbfaf9b2b61ab36f1dfa32654dad6c04e9cfb1a1b5d3419636e2f85,3699990469,c58c49b0f6bf7efba603fd71270c5324f90c1507d30e926ca00df75393a9a943,True,nomura_original_interval_hungarian_all_off,A2 Ablation) All Waveform Terms Off,False,100,100,0,0.0,100,97,0,0.97,0.97,1.6840002232999995,7.20000004,384.22,425.6,1.492188125004759,100,0,0,0,0,1.0,0.0,0.0,0.0,0.0,1.0,6.66,0.0,0.0,0.0,0.0,0.0,,0.0,0.0,1.4150972559727961,0.0022480360057670623,0.0,0.07427037401066627,1.4916156659892295,1.4150972559727961,0.07427037401066627
20260711_164832_170489,bae7bf40726b12938559777771e8ab509aaf37f9f9bad6244622d6e70161ad2e,20,2187632411,1367392814,2187632411,20,100,50,60,5,30,10.0,120,current,Optimized Pattern Generator,dynamic_session,Dynamic Session Pattern Assignment,50,6,360,dea501249bbfaf9b2b61ab36f1dfa32654dad6c04e9cfb1a1b5d3419636e2f85,3699990469,c58c49b0f6bf7efba603fd71270c5324f90c1507d30e926ca00df75393a9a943,True,bayesian_windowed,A3) Two-Stage Bayesian Posterior + Hungarian,False,100,100,0,0.0,100,99,0,0.99,0.99,0.15026053415999754,0.689098869293245,384.22,425.6,1.875777499997639,100,0,0,0,0,1.0,0.0,0.0,0.0,0.0,1.0,6.66,0.0,0.0,0.0,0.0,0.0,,0.0,0.0,1.4282357990305172,0.37291386994183995,0.0,0.07408312203187961,1.8752327910042368,1.4282357990305172,0.07408312203187961
20260711_164832_170489,bae7bf40726b12938559777771e8ab509aaf37f9f9bad6244622d6e70161ad2e,20,2187632411,1977915832,2187632411,20,100,50,60,5,30,10.0,120,current,Optimized Pattern Generator,dynamic_session,Dynamic Session Pattern Assignment,50,6,360,dea501249bbfaf9b2b61ab36f1dfa32654dad6c04e9cfb1a1b5d3419636e2f85,3699990469,c58c49b0f6bf7efba603fd71270c5324f90c1507d30e926ca00df75393a9a943,True,bayesian_windowed_memory_off,A3 Ablation) Posterior Memory Off,False,100,100,0,0.0,100,97,0,0.97,0.97,0.30081665125186574,1.1478227553701648,384.22,425.6,1.8703238750022138,100,0,0,0,0,1.0,0.0,0.0,0.0,0.0,1.0,6.66,0.0,0.0,0.0,0.0,0.0,,0.0,0.0,1.4227433760388521,0.37247871106956154,0.0,0.07454503790359013,1.8697671250120038,1.4227433760388521,0.07454503790359013
20260711_164832_170489,bae7bf40726b12938559777771e8ab509aaf37f9f9bad6244622d6e70161ad2e,20,2187632411,2395032840,2187632411,20,100,50,60,5,30,10.0,120,current,Optimized Pattern Generator,dynamic_session,Dynamic Session Pattern Assignment,50,6,360,dea501249bbfaf9b2b61ab36f1dfa32654dad6c04e9cfb1a1b5d3419636e2f85,3699990469,c58c49b0f6bf7efba603fd71270c5324f90c1507d30e926ca00df75393a9a943,True,bayesian_windowed_timeprior_off,A3 Ablation) Time Prior Off,False,100,100,0,0.0,100,99,0,0.99,0.99,0.151311483488214,0.689098869293245,384.22,425.6,1.9060035839938791,100,0,0,0,0,1.0,0.0,0.0,0.0,0.0,1.0,6.66,0.0,0.0,0.0,0.0,0.0,,0.0,0.0,1.4387589590041898,0.3752572100056568,0.0,0.09139799798140302,1.9054141669912497,1.4387589590041898,0.09139799798140302
20260711_164832_170489,bae7bf40726b12938559777771e8ab509aaf37f9f9bad6244622d6e70161ad2e,20,2187632411,433795966,2187632411,20,100,50,60,5,30,10.0,120,current,Optimized Pattern Generator,dynamic_session,Dynamic Session Pattern Assignment,50,6,360,dea501249bbfaf9b2b61ab36f1dfa32654dad6c04e9cfb1a1b5d3419636e2f85,3699990469,c58c49b0f6bf7efba603fd71270c5324f90c1507d30e926ca00df75393a9a943,True,bayesian_windowed_all_off,A3 Ablation) Time Prior + Memory Off,False,100,100,0,0.0,100,97,0,0.97,0.97,0.3015360424448104,1.1497361940752617,384.22,425.6,1.8874827499967068,100,0,0,0,0,1.0,0.0,0.0,0.0,0.0,1.0,6.66,0.0,0.0,0.0,0.0,0.0,,0.0,0.0,1.4358761689218227,0.37660562398377806,0.0,0.07443966509890743,1.8869214580045082,1.4358761689218227,0.07443966509890743
20260711_164832_170489,bae7bf40726b12938559777771e8ab509aaf37f9f9bad6244622d6e70161ad2e,21,2187632412,1233724848,2187632412,1,300,50,60,5,30,10.0,120,current,Optimized Pattern Generator,dynamic_session,Dynamic Session Pattern Assignment,50,6,360,3f82473959c4e110d8ad1b09b89fd787895ae8664fc7571d61853219385c4c18,3699990466,f2449b30e93ade3550a5c902e4d20d8d38abd36ed76d3e79a25fc00ecb0c4464,True,single_only,A1) Refined Cost + Greedy 1:1,True,300,300,0,0.0,300,284,0,0.9466666666666667,0.9466666666666667,1.1844791446293879,10.845684798505495,381.12333333333333,417.1,15.129214040993247,300,0,0,0,0,1.0,0.0,0.0,0.0,0.0,1.0,17.713333333333335,0.0,0.0,0.0,0.0,0.0,,0.0,0.0,11.69868945403141,3.2264412049844395,0.0,0.20254867398762144,15.12767933300347,11.69868945403141,0.20254867398762144
20260711_164832_170489,bae7bf40726b12938559777771e8ab509aaf37f9f9bad6244622d6e70161ad2e,21,2187632412,1545686410,2187632412,1,300,50,60,5,30,10.0,120,current,Optimized Pattern Generator,dynamic_session,Dynamic Session Pattern Assignment,50,6,360,3f82473959c4e110d8ad1b09b89fd787895ae8664fc7571d61853219385c4c18,3699990466,f2449b30e93ade3550a5c902e4d20d8d38abd36ed76d3e79a25fc00ecb0c4464,True,single_only_dtw_off,A1 Ablation) DTW Off,False,300,300,0,0.0,300,285,0,0.95,0.95,0.9225336018666667,8.446667116666665,381.12333333333333,417.1,15.148572707999847,300,0,0,0,0,1.0,0.0,0.0,0.0,0.0,1.0,17.713333333333335,0.0,0.0,0.0,0.0,0.0,,0.0,0.0,11.713702162189293,3.221716958170873,0.0,0.21163804663228802,15.147057166992454,11.713702162189293,0.21163804663228802
20260711_164832_170489,bae7bf40726b12938559777771e8ab509aaf37f9f9bad6244622d6e70161ad2e,21,2187632412,866312314,2187632412,1,300,50,60,5,30,10.0,120,current,Optimized Pattern Generator,dynamic_session,Dynamic Session Pattern Assignment,50,6,360,3f82473959c4e110d8ad1b09b89fd787895ae8664fc7571d61853219385c4c18,3699990466,f2449b30e93ade3550a5c902e4d20d8d38abd36ed76d3e79a25fc00ecb0c4464,True,single_only_step_off,A1 Ablation) Step Signature Off,False,300,300,0,0.0,300,262,0,0.8733333333333333,0.8733333333333333,0.20062825088744657,0.9515653425119982,381.12333333333333,417.1,15.148273332990357,300,0,0,0,0,1.0,0.0,0.0,0.0,0.0,1.0,17.713333333333335,0.0,0.0,0.0,0.0,0.0,,0.0,0.0,11.724777206924045,3.2234561630466487,0.0,0.19854738003050443,15.146780750001199,11.724777206924045,0.19854738003050443
20260711_164832_170489,bae7bf40726b12938559777771e8ab509aaf37f9f9bad6244622d6e70161ad2e,21,2187632412,1815193646,2187632412,1,300,50,60,5,30,10.0,120,current,Optimized Pattern Generator,dynamic_session,Dynamic Session Pattern Assignment,50,6,360,3f82473959c4e110d8ad1b09b89fd787895ae8664fc7571d61853219385c4c18,3699990466,f2449b30e93ade3550a5c902e4d20d8d38abd36ed76d3e79a25fc00ecb0c4464,True,single_only_all_off,A1 Ablation) All Waveform Terms Off,False,300,300,0,0.0,300,224,0,0.7466666666666667,0.7466666666666667,1.2950002682666666,7.50000037,381.12333333333333,417.1,11.884139125002548,300,0,0,0,0,1.0,0.0,0.0,0.0,0.0,1.0,17.713333333333335,0.0,0.0,0.0,0.0,0.0,,0.0,0.0,11.676651249930728,0.009644918871344998,0.0,0.19638608119566925,11.882682249997742,11.676651249930728,0.19638608119566925
20260711_164832_170489,bae7bf40726b12938559777771e8ab509aaf37f9f9bad6244622d6e70161ad2e,21,2187632412,2184921397,2187632412,1,300,50,60,5,30,10.0,120,current,Optimized Pattern Generator,dynamic_session,Dynamic Session Pattern Assignment,50,6,360,3f82473959c4e110d8ad1b09b89fd787895ae8664fc7571d61853219385c4c18,3699990466,f2449b30e93ade3550a5c902e4d20d8d38abd36ed76d3e79a25fc00ecb0c4464,True,nomura_original_interval_hungarian,A2) Corr+DTW + Hungarian,False,300,300,0,0.0,300,273,0,0.91,0.91,0.08960170135124292,0.5432769555793283,381.12333333333333,417.1,19.602925416998914,300,0,0,0,0,1.0,0.0,0.0,0.0,0.0,1.0,17.713333333333335,0.0,0.0,0.0,0.0,0.0,,0.0,0.0,11.68267100105004,7.722253206040477,0.0,0.19644987590436358,19.60137408299488,11.68267100105004,0.19644987590436358
20260711_164832_170489,bae7bf40726b12938559777771e8ab509aaf37f9f9bad6244622d6e70161ad2e,21,2187632412,2176353887,2187632412,1,300,50,60,5,30,10.0,120,current,Optimized Pattern Generator,dynamic_session,Dynamic Session Pattern Assignment,50,6,360,3f82473959c4e110d8ad1b09b89fd787895ae8664fc7571d61853219385c4c18,3699990466,f2449b30e93ade3550a5c902e4d20d8d38abd36ed76d3e79a25fc00ecb0c4464,True,nomura_original_interval_hungarian_dtw_off,A2 Ablation) DTW Off (Corr-only),False,300,300,0,0.0,300,264,0,0.88,0.88,0.0779351078123782,0.2679944856356625,381.12333333333333,417.1,19.622244958998635,300,0,0,0,0,1.0,0.0,0.0,0.0,0.0,1.0,17.713333333333335,0.0,0.0,0.0,0.0,0.0,,0.0,0.0,11.686181170924101,7.723338338939357,0.0,0.21118357313389424,19.620703082997352,11.686181170924101,0.21118357313389424
20260711_164832_170489,bae7bf40726b12938559777771e8ab509aaf37f9f9bad6244622d6e70161ad2e,21,2187632412,1055930931,2187632412,1,300,50,60,5,30,10.0,120,current,Optimized Pattern Generator,dynamic_session,Dynamic Session Pattern Assignment,50,6,360,3f82473959c4e110d8ad1b09b89fd787895ae8664fc7571d61853219385c4c18,3699990466,f2449b30e93ade3550a5c902e4d20d8d38abd36ed76d3e79a25fc00ecb0c4464,True,nomura_original_interval_hungarian_corr_off,A2 Ablation) Corr Off (DTW-only),False,300,300,0,0.0,300,254,0,0.8466666666666667,0.8466666666666667,0.0017533196276310144,0.24209098528847678,381.12333333333333,417.1,19.83732412500831,300,0,0,0,0,1.0,0.0,0.0,0.0,0.0,1.0,17.713333333333335,0.0,0.0,0.0,0.0,0.0,,0.0,0.0,11.865696444088826,7.766706395923393,0.0,0.20333265999215655,19.835735500004375,11.865696444088826,0.20333265999215655
20260711_164832_170489,bae7bf40726b12938559777771e8ab509aaf37f9f9bad6244622d6e70161ad2e,21,2187632412,542446168,2187632412,1,300,50,60,5,30,10.0,120,current,Optimized Pattern Generator,dynamic_session,Dynamic Session Pattern Assignment,50,6,360,3f82473959c4e110d8ad1b09b89fd787895ae8664fc7571d61853219385c4c18,3699990466,f2449b30e93ade3550a5c902e4d20d8d38abd36ed76d3e79a25fc00ecb0c4464,True,nomura_original_interval_hungarian_all_off,A2 Ablation) All Waveform Terms Off,False,300,300,0,0.0,300,224,0,0.7466666666666667,0.7466666666666667,1.2950002682666666,7.50000037,381.12333333333333,417.1,11.867654124987894,300,0,0,0,0,1.0,0.0,0.0,0.0,0.0,1.0,17.713333333333335,0.0,0.0,0.0,0.0,0.0,,0.0,0.0,11.654557998976088,0.009700294918729924,0.0,0.2018740391067695,11.866132333001588,11.654557998976088,0.2018740391067695
20260711_164832_170489,bae7bf40726b12938559777771e8ab509aaf37f9f9bad6244622d6e70161ad2e,21,2187632412,1367392809,2187632412,1,300,50,60,5,30,10.0,120,current,Optimized Pattern Generator,dynamic_session,Dynamic Session Pattern Assignment,50,6,360,3f82473959c4e110d8ad1b09b89fd787895ae8664fc7571d61853219385c4c18,3699990466,f2449b30e93ade3550a5c902e4d20d8d38abd36ed76d3e79a25fc00ecb0c4464,True,bayesian_windowed,A3) Two-Stage Bayesian Posterior + Hungarian,False,300,300,0,0.0,300,292,0,0.9733333333333334,0.9733333333333334,0.3421840184315911,1.6845642159485867,381.12333333333333,417.1,14.807300417000079,300,0,0,0,0,1.0,0.0,0.0,0.0,0.0,1.0,17.713333333333335,0.0,0.0,0.0,0.0,0.0,,0.0,0.0,11.725734461040702,2.8789347851270577,0.0,0.20109583683370147,14.80576508300146,11.725734461040702,0.20109583683370147
20260711_164832_170489,bae7bf40726b12938559777771e8ab509aaf37f9f9bad6244622d6e70161ad2e,21,2187632412,1977915839,2187632412,1,300,50,60,5,30,10.0,120,current,Optimized Pattern Generator,dynamic_session,Dynamic Session Pattern Assignment,50,6,360,3f82473959c4e110d8ad1b09b89fd787895ae8664fc7571d61853219385c4c18,3699990466,f2449b30e93ade3550a5c902e4d20d8d38abd36ed76d3e79a25fc00ecb0c4464,True,bayesian_windowed_memory_off,A3 Ablation) Posterior Memory Off,False,300,300,0,0.0,300,284,0,0.9466666666666667,0.9466666666666667,0.6134182656922355,2.0211965917438954,381.12333333333333,417.1,14.799598666999373,300,0,0,0,0,1.0,0.0,0.0,0.0,0.0,1.0,17.713333333333335,0.0,0.0,0.0,0.0,0.0,,0.0,0.0,11.720994943985716,2.87730196013581,0.0,0.19971155386883765,14.798008457990363,11.720994943985716,0.19971155386883765
20260711_164832_170489,bae7bf40726b12938559777771e8ab509aaf37f9f9bad6244622d6e70161ad2e,21,2187632412,2395032847,2187632412,1,300,50,60,5,30,10.0,120,current,Optimized Pattern Generator,dynamic_session,Dynamic Session Pattern Assignment,50,6,360,3f82473959c4e110d8ad1b09b89fd787895ae8664fc7571d61853219385c4c18,3699990466,f2449b30e93ade3550a5c902e4d20d8d38abd36ed76d3e79a25fc00ecb0c4464,True,bayesian_windowed_timeprior_off,A3 Ablation) Time Prior Off,False,300,300,0,0.0,300,292,0,0.9733333333333334,0.9733333333333334,0.34361832956271166,1.702472800513041,381.12333333333333,417.1,14.79764645799878,300,0,0,0,0,1.0,0.0,0.0,0.0,0.0,1.0,17.713333333333335,0.0,0.0,0.0,0.0,0.0,,0.0,0.0,11.722647572125425,2.8768587770609884,0.0,0.19658210880879778,14.79608845799521,11.722647572125425,0.19658210880879778
20260711_164832_170489,bae7bf40726b12938559777771e8ab509aaf37f9f9bad6244622d6e70161ad2e,21,2187632412,433795961,2187632412,1,300,50,60,5,30,10.0,120,current,Optimized Pattern Generator,dynamic_session,Dynamic Session Pattern Assignment,50,6,360,3f82473959c4e110d8ad1b09b89fd787895ae8664fc7571d61853219385c4c18,3699990466,f2449b30e93ade3550a5c902e4d20d8d38abd36ed76d3e79a25fc00ecb0c4464,True,bayesian_windowed_all_off,A3 Ablation) Time Prior + Memory Off,False,300,300,0,0.0,300,284,0,0.9466666666666667,0.9466666666666667,0.614070296500219,1.9657541285952453,381.12333333333333,417.1,14.806185875000665,300,0,0,0,0,1.0,0.0,0.0,0.0,0.0,1.0,17.713333333333335,0.0,0.0,0.0,0.0,0.0,,0.0,0.0,11.72352826000133,2.8784426130150678,0.0,0.20265704399207607,14.804627917008474,11.72352826000133,0.20265704399207607
20260711_164832_170489,bae7bf40726b12938559777771e8ab509aaf37f9f9bad6244622d6e70161ad2e,22,2187632413,1233724849,2187632413,2,300,50,60,5,30,10.0,120,current,Optimized Pattern Generator,dynamic_session,Dynamic Session Pattern Assignment,50,6,360,98215ce2e083e5a7bdb84b003530341587191a41163cbd08d7253544970b757e,3699990467,bf5e94e4af628b2460589e2636dd4eb5a2b3554db9272ac8651c6746e85e835d,True,single_only,A1) Refined Cost + Greedy 1:1,True,300,300,0,0.0,300,287,0,0.9566666666666667,0.9566666666666667,1.0985795757474306,8.540224089873755,381.74666666666667,425.0,14.533179833000759,300,0,0,0,0,1.0,0.0,0.0,0.0,0.0,1.0,16.986666666666668,0.0,0.0,0.0,0.0,0.0,,0.0,0.0,11.248661920166342,3.0826080719853053,0.0,0.2004201328381896,14.531690124989836,11.248661920166342,0.2004201328381896
20260711_164832_170489,bae7bf40726b12938559777771e8ab509aaf37f9f9bad6244622d6e70161ad2e,22,2187632413,1545686411,2187632413,2,300,50,60,5,30,10.0,120,current,Optimized Pattern Generator,dynamic_session,Dynamic Session Pattern Assignment,50,6,360,98215ce2e083e5a7bdb84b003530341587191a41163cbd08d7253544970b757e,3699990467,bf5e94e4af628b2460589e2636dd4eb5a2b3554db9272ac8651c6746e85e835d,True,single_only_dtw_off,A1 Ablation) DTW Off,False,300,300,0,0.0,300,287,0,0.9566666666666667,0.9566666666666667,0.8430891431222224,6.6800003,381.74666666666667,425.0,14.591405707993545,300,0,0,0,0,1.0,0.0,0.0,0.0,0.0,1.0,16.986666666666668,0.0,0.0,0.0,0.0,0.0,,0.0,0.0,11.289416797982994,3.1019397972268052,0.0,0.1985223637893796,14.58987895899918,11.289416797982994,0.1985223637893796
20260711_164832_170489,bae7bf40726b12938559777771e8ab509aaf37f9f9bad6244622d6e70161ad2e,22,2187632413,866312315,2187632413,2,300,50,60,5,30,10.0,120,current,Optimized Pattern Generator,dynamic_session,Dynamic Session Pattern Assignment,50,6,360,98215ce2e083e5a7bdb84b003530341587191a41163cbd08d7253544970b757e,3699990467,bf5e94e4af628b2460589e2636dd4eb5a2b3554db9272ac8651c6746e85e835d,True,single_only_step_off,A1 Ablation) Step Signature Off,False,300,300,0,0.0,300,261,0,0.87,0.87,0.2003028517828893,1.0000004800000002,381.74666666666667,425.0,14.60979495900392,300,0,0,0,0,1.0,0.0,0.0,0.0,0.0,1.0,16.986666666666668,0.0,0.0,0.0,0.0,0.0,,0.0,0.0,11.310220330939046,3.0955388277652673,0.0,0.20254400829435326,14.608303166998667,11.310220330939046,0.20254400829435326
20260711_164832_170489,bae7bf40726b12938559777771e8ab509aaf37f9f9bad6244622d6e70161ad2e,22,2187632413,1815193647,2187632413,2,300,50,60,5,30,10.0,120,current,Optimized Pattern Generator,dynamic_session,Dynamic Session Pattern Assignment,50,6,360,98215ce2e083e5a7bdb84b003530341587191a41163cbd08d7253544970b757e,3699990467,bf5e94e4af628b2460589e2636dd4eb5a2b3554db9272ac8651c6746e85e835d,True,single_only_all_off,A1 Ablation) All Waveform Terms Off,False,300,300,0,0.0,300,249,0,0.83,0.83,1.4726669199333335,8.800000220000001,381.74666666666667,425.0,11.466132832996664,300,0,0,0,0,1.0,0.0,0.0,0.0,0.0,1.0,16.986666666666668,0.0,0.0,0.0,0.0,0.0,,0.0,0.0,11.24191899310972,0.0095085389475571,0.0,0.21321188494039234,11.46463941699767,11.24191899310972,0.21321188494039234
20260711_164832_170489,bae7bf40726b12938559777771e8ab509aaf37f9f9bad6244622d6e70161ad2e,22,2187632413,2184921396,2187632413,2,300,50,60,5,30,10.0,120,current,Optimized Pattern Generator,dynamic_session,Dynamic Session Pattern Assignment,50,6,360,98215ce2e083e5a7bdb84b003530341587191a41163cbd08d7253544970b757e,3699990467,bf5e94e4af628b2460589e2636dd4eb5a2b3554db9272ac8651c6746e85e835d,True,nomura_original_interval_hungarian,A2) Corr+DTW + Hungarian,False,300,300,0,0.0,300,268,0,0.8933333333333333,0.8933333333333333,0.08930348817916353,0.425830714705783,381.74666666666667,425.0,18.8619115420006,300,0,0,0,0,1.0,0.0,0.0,0.0,0.0,1.0,16.986666666666668,0.0,0.0,0.0,0.0,0.0,,0.0,0.0,11.268270701955771,7.395071666003787,0.0,0.19698638204135932,18.860328750000917,11.268270701955771,0.19698638204135932
20260711_164832_170489,bae7bf40726b12938559777771e8ab509aaf37f9f9bad6244622d6e70161ad2e,22,2187632413,2176353886,2187632413,2,300,50,60,5,30,10.0,120,current,Optimized Pattern Generator,dynamic_session,Dynamic Session Pattern Assignment,50,6,360,98215ce2e083e5a7bdb84b003530341587191a41163cbd08d7253544970b757e,3699990467,bf5e94e4af628b2460589e2636dd4eb5a2b3554db9272ac8651c6746e85e835d,True,nomura_original_interval_hungarian_dtw_off,A2 Ablation) DTW Off (Corr-only),False,300,300,0,0.0,300,262,0,0.8733333333333333,0.8733333333333333,0.07963111262776358,0.3336629232664636,381.74666666666667,425.0,18.885715041993535,300,0,0,0,0,1.0,0.0,0.0,0.0,0.0,1.0,16.986666666666668,0.0,0.0,0.0,0.0,0.0,,0.0,0.0,11.23631666712754,7.446110963952378,0.0,0.2018072439095704,18.884234874989488,11.23631666712754,0.2018072439095704
20260711_164832_170489,bae7bf40726b12938559777771e8ab509aaf37f9f9bad6244622d6e70161ad2e,22,2187632413,1055930930,2187632413,2,300,50,60,5,30,10.0,120,current,Optimized Pattern Generator,dynamic_session,Dynamic Session Pattern Assignment,50,6,360,98215ce2e083e5a7bdb84b003530341587191a41163cbd08d7253544970b757e,3699990467,bf5e94e4af628b2460589e2636dd4eb5a2b3554db9272ac8651c6746e85e835d,True,nomura_original_interval_hungarian_corr_off,A2 Ablation) Corr Off (DTW-only),False,300,300,0,0.0,300,251,0,0.8366666666666667,0.8366666666666667,0.00148917960335037,0.21413424270083142,381.74666666666667,425.0,18.79862499999581,300,0,0,0,0,1.0,0.0,0.0,0.0,0.0,1.0,16.986666666666668,0.0,0.0,0.0,0.0,0.0,,0.0,0.0,11.20926428695384,7.386230038915528,0.0,0.20160000813484658,18.797094334004214,11.20926428695384,0.20160000813484658
20260711_164832_170489,bae7bf40726b12938559777771e8ab509aaf37f9f9bad6244622d6e70161ad2e,22,2187632413,542446169,2187632413,2,300,50,60,5,30,10.0,120,current,Optimized Pattern Generator,dynamic_session,Dynamic Session Pattern Assignment,50,6,360,98215ce2e083e5a7bdb84b003530341587191a41163cbd08d7253544970b757e,3699990467,bf5e94e4af628b2460589e2636dd4eb5a2b3554db9272ac8651c6746e85e835d,True,nomura_original_interval_hungarian_all_off,A2 Ablation) All Waveform Terms Off,False,300,300,0,0.0,300,249,0,0.83,0.83,1.4726669199333335,8.800000220000001,381.74666666666667,425.0,11.431499957994674,300,0,0,0,0,1.0,0.0,0.0,0.0,0.0,1.0,16.986666666666668,0.0,0.0,0.0,0.0,0.0,,0.0,0.0,11.20938828002545,0.00944860810704995,0.0,0.21114261186448857,11.429979499996989,11.20938828002545,0.21114261186448857
20260711_164832_170489,bae7bf40726b12938559777771e8ab509aaf37f9f9bad6244622d6e70161ad2e,22,2187632413,1367392808,2187632413,2,300,50,60,5,30,10.0,120,current,Optimized Pattern Generator,dynamic_session,Dynamic Session Pattern Assignment,50,6,360,98215ce2e083e5a7bdb84b003530341587191a41163cbd08d7253544970b757e,3699990467,bf5e94e4af628b2460589e2636dd4eb5a2b3554db9272ac8651c6746e85e835d,True,bayesian_windowed,A3) Two-Stage Bayesian Posterior + Hungarian,False,300,300,0,0.0,300,296,0,0.9866666666666667,0.9866666666666667,0.34346319176673856,1.6114027129759014,381.74666666666667,425.0,14.252918083002442,300,0,0,0,0,1.0,0.0,0.0,0.0,0.0,1.0,16.986666666666668,0.0,0.0,0.0,0.0,0.0,,0.0,0.0,11.29773745489365,2.757380897004623,0.0,0.19627685711020604,14.251395209008479,11.29773745489365,0.19627685711020604
20260711_164832_170489,bae7bf40726b12938559777771e8ab509aaf37f9f9bad6244622d6e70161ad2e,22,2187632413,1977915838,2187632413,2,300,50,60,5,30,10.0,120,current,Optimized Pattern Generator,dynamic_session,Dynamic Session Pattern Assignment,50,6,360,98215ce2e083e5a7bdb84b003530341587191a41163cbd08d7253544970b757e,3699990467,bf5e94e4af628b2460589e2636dd4eb5a2b3554db9272ac8651c6746e85e835d,True,bayesian_windowed_memory_off,A3 Ablation) Posterior Memory Off,False,300,300,0,0.0,300,287,0,0.9566666666666667,0.9566666666666667,0.598542056926766,1.7218516762117524,381.74666666666667,425.0,14.294846791992313,300,0,0,0,0,1.0,0.0,0.0,0.0,0.0,1.0,16.986666666666668,0.0,0.0,0.0,0.0,0.0,,0.0,0.0,11.325489956900128,2.767862911976408,0.0,0.1999516721116379,14.293304540988174,11.325489956900128,0.1999516721116379
20260711_164832_170489,bae7bf40726b12938559777771e8ab509aaf37f9f9bad6244622d6e70161ad2e,22,2187632413,2395032846,2187632413,2,300,50,60,5,30,10.0,120,current,Optimized Pattern Generator,dynamic_session,Dynamic Session Pattern Assignment,50,6,360,98215ce2e083e5a7bdb84b003530341587191a41163cbd08d7253544970b757e,3699990467,bf5e94e4af628b2460589e2636dd4eb5a2b3554db9272ac8651c6746e85e835d,True,bayesian_windowed_timeprior_off,A3 Ablation) Time Prior Off,False,300,300,0,0.0,300,296,0,0.9866666666666667,0.9866666666666667,0.3451192655276751,1.6126198965113256,381.74666666666667,425.0,14.292916165999486,300,0,0,0,0,1.0,0.0,0.0,0.0,0.0,1.0,16.986666666666668,0.0,0.0,0.0,0.0,0.0,,0.0,0.0,11.311945040841238,2.7658432859752793,0.0,0.2135295481857611,14.291317875002278,11.311945040841238,0.2135295481857611
20260711_164832_170489,bae7bf40726b12938559777771e8ab509aaf37f9f9bad6244622d6e70161ad2e,22,2187632413,433795960,2187632413,2,300,50,60,5,30,10.0,120,current,Optimized Pattern Generator,dynamic_session,Dynamic Session Pattern Assignment,50,6,360,98215ce2e083e5a7bdb84b003530341587191a41163cbd08d7253544970b757e,3699990467,bf5e94e4af628b2460589e2636dd4eb5a2b3554db9272ac8651c6746e85e835d,True,bayesian_windowed_all_off,A3 Ablation) Time Prior + Memory Off,False,300,300,0,0.0,300,287,0,0.9566666666666667,0.9566666666666667,0.5994335089025098,1.7218516762117524,381.74666666666667,425.0,14.237466749997111,300,0,0,0,0,1.0,0.0,0.0,0.0,0.0,1.0,16.986666666666668,0.0,0.0,0.0,0.0,0.0,,0.0,0.0,11.277873753962922,2.7554724429210182,0.0,0.20255772011296358,14.235903916996904,11.277873753962922,0.20255772011296358
20260711_164832_170489,bae7bf40726b12938559777771e8ab509aaf37f9f9bad6244622d6e70161ad2e,23,2187632414,1233724850,2187632414,3,300,50,60,5,30,10.0,120,current,Optimized Pattern Generator,dynamic_session,Dynamic Session Pattern Assignment,50,6,360,42cdea6ffb9d8de8fbfad6cab2cc694747335b1bcb15ef24f12bf226f032b9e1,3699990464,a8299bf76285a749e175e183b845f0efdee198f2b494be80ddb3e0213f4e6670,True,single_only,A1) Refined Cost + Greedy 1:1,True,300,300,0,0.0,300,280,0,0.9333333333333333,0.9333333333333333,1.1918974471433903,5.746111313808337,382.4033333333333,421.1,15.014385832997505,300,0,0,0,0,1.0,0.0,0.0,0.0,0.0,1.0,17.563333333333333,0.0,0.0,0.0,0.0,0.0,,0.0,0.0,11.621761369999149,3.191405125937308,0.0,0.19962192006642,15.012788416002877,11.621761369999149,0.19962192006642
20260711_164832_170489,bae7bf40726b12938559777771e8ab509aaf37f9f9bad6244622d6e70161ad2e,23,2187632414,1545686408,2187632414,3,300,50,60,5,30,10.0,120,current,Optimized Pattern Generator,dynamic_session,Dynamic Session Pattern Assignment,50,6,360,42cdea6ffb9d8de8fbfad6cab2cc694747335b1bcb15ef24f12bf226f032b9e1,3699990464,a8299bf76285a749e175e183b845f0efdee198f2b494be80ddb3e0213f4e6670,True,single_only_dtw_off,A1 Ablation) DTW Off,False,300,300,0,0.0,300,276,0,0.92,0.92,0.9049224763555557,4.036667016666667,382.4033333333333,421.1,15.028551333991345,300,0,0,0,0,1.0,0.0,0.0,0.0,0.0,1.0,17.563333333333333,0.0,0.0,0.0,0.0,0.0,,0.0,0.0,11.615180916938698,3.1946272531495197,0.0,0.2172018299024785,15.027009999990696,11.615180916938698,0.2172018299024785
20260711_164832_170489,bae7bf40726b12938559777771e8ab509aaf37f9f9bad6244622d6e70161ad2e,23,2187632414,866312312,2187632414,3,300,50,60,5,30,10.0,120,current,Optimized Pattern Generator,dynamic_session,Dynamic Session Pattern Assignment,50,6,360,42cdea6ffb9d8de8fbfad6cab2cc694747335b1bcb15ef24f12bf226f032b9e1,3699990464,a8299bf76285a749e175e183b845f0efdee198f2b494be80ddb3e0213f4e6670,True,single_only_step_off,A1 Ablation) Step Signature Off,False,300,300,0,0.0,300,261,0,0.87,0.87,0.2306941900578004,1.230946307702618,382.4033333333333,421.1,15.008732583999517,300,0,0,0,0,1.0,0.0,0.0,0.0,0.0,1.0,17.563333333333333,0.0,0.0,0.0,0.0,0.0,,0.0,0.0,11.616817370973877,3.1877838669752236,0.0,0.20255422005720902,15.00715545800631,11.616817370973877,0.20255422005720902
20260711_164832_170489,bae7bf40726b12938559777771e8ab509aaf37f9f9bad6244622d6e70161ad2e,23,2187632414,1815193644,2187632414,3,300,50,60,5,30,10.0,120,current,Optimized Pattern Generator,dynamic_session,Dynamic Session Pattern Assignment,50,6,360,42cdea6ffb9d8de8fbfad6cab2cc694747335b1bcb15ef24f12bf226f032b9e1,3699990464,a8299bf76285a749e175e183b845f0efdee198f2b494be80ddb3e0213f4e6670,True,single_only_all_off,A1 Ablation) All Waveform Terms Off,False,300,300,0,0.0,300,230,0,0.7666666666666667,0.7666666666666667,1.3483335792,8.50000018,382.4033333333333,421.1,11.803275333004422,300,0,0,0,0,1.0,0.0,0.0,0.0,0.0,1.0,17.563333333333333,0.0,0.0,0.0,0.0,0.0,,0.0,0.0,11.589518669919926,0.009572778013534844,0.0,0.20261846805806272,11.801709915991523,11.589518669919926,0.20261846805806272
20260711_164832_170489,bae7bf40726b12938559777771e8ab509aaf37f9f9bad6244622d6e70161ad2e,23,2187632414,2184921399,2187632414,3,300,50,60,5,30,10.0,120,current,Optimized Pattern Generator,dynamic_session,Dynamic Session Pattern Assignment,50,6,360,42cdea6ffb9d8de8fbfad6cab2cc694747335b1bcb15ef24f12bf226f032b9e1,3699990464,a8299bf76285a749e175e183b845f0efdee198f2b494be80ddb3e0213f4e6670,True,nomura_original_interval_hungarian,A2) Corr+DTW + Hungarian,False,300,300,0,0.0,300,266,0,0.8866666666666667,0.8866666666666667,0.09909299830970425,0.4075798152416888,382.4033333333333,421.1,19.47921387500537,300,0,0,0,0,1.0,0.0,0.0,0.0,0.0,1.0,17.563333333333333,0.0,0.0,0.0,0.0,0.0,,0.0,0.0,11.62118337803986,7.653584285944817,0.0,0.20287316902249586,19.47764083300717,11.62118337803986,0.20287316902249586
20260711_164832_170489,bae7bf40726b12938559777771e8ab509aaf37f9f9bad6244622d6e70161ad2e,23,2187632414,2176353885,2187632414,3,300,50,60,5,30,10.0,120,current,Optimized Pattern Generator,dynamic_session,Dynamic Session Pattern Assignment,50,6,360,42cdea6ffb9d8de8fbfad6cab2cc694747335b1bcb15ef24f12bf226f032b9e1,3699990464,a8299bf76285a749e175e183b845f0efdee198f2b494be80ddb3e0213f4e6670,True,nomura_original_interval_hungarian_dtw_off,A2 Ablation) DTW Off (Corr-only),False,300,300,0,0.0,300,260,0,0.8666666666666667,0.8666666666666667,0.08798995811089078,0.36017589055669486,382.4033333333333,421.1,19.430626332992688,300,0,0,0,0,1.0,0.0,0.0,0.0,0.0,1.0,17.563333333333333,0.0,0.0,0.0,0.0,0.0,,0.0,0.0,11.598856459007948,7.618273119063815,0.0,0.2118693809316028,19.428998959003366,11.598856459007948,0.2118693809316028
20260711_164832_170489,bae7bf40726b12938559777771e8ab509aaf37f9f9bad6244622d6e70161ad2e,23,2187632414,1055930929,2187632414,3,300,50,60,5,30,10.0,120,current,Optimized Pattern Generator,dynamic_session,Dynamic Session Pattern Assignment,50,6,360,42cdea6ffb9d8de8fbfad6cab2cc694747335b1bcb15ef24f12bf226f032b9e1,3699990464,a8299bf76285a749e175e183b845f0efdee198f2b494be80ddb3e0213f4e6670,True,nomura_original_interval_hungarian_corr_off,A2 Ablation) Corr Off (DTW-only),False,300,300,0,0.0,300,238,0,0.7933333333333333,0.7933333333333333,0.0013550752560263775,0.14754662679455008,382.4033333333333,421.1,19.535763167004916,300,0,0,0,0,1.0,0.0,0.0,0.0,0.0,1.0,17.563333333333333,0.0,0.0,0.0,0.0,0.0,,0.0,0.0,11.690831330997753,7.644846871990012,0.0,0.19855633801489603,19.53423454100266,11.690831330997753,0.19855633801489603
20260711_164832_170489,bae7bf40726b12938559777771e8ab509aaf37f9f9bad6244622d6e70161ad2e,23,2187632414,542446170,2187632414,3,300,50,60,5,30,10.0,120,current,Optimized Pattern Generator,dynamic_session,Dynamic Session Pattern Assignment,50,6,360,42cdea6ffb9d8de8fbfad6cab2cc694747335b1bcb15ef24f12bf226f032b9e1,3699990464,a8299bf76285a749e175e183b845f0efdee198f2b494be80ddb3e0213f4e6670,True,nomura_original_interval_hungarian_all_off,A2 Ablation) All Waveform Terms Off,False,300,300,0,0.0,300,230,0,0.7666666666666667,0.7666666666666667,1.3483335792,8.50000018,382.4033333333333,421.1,11.812404582989984,300,0,0,0,0,1.0,0.0,0.0,0.0,0.0,1.0,17.563333333333333,0.0,0.0,0.0,0.0,0.0,,0.0,0.0,11.600227838105639,0.009732661972520873,0.0,0.2009185839269776,11.810879084005137,11.600227838105639,0.2009185839269776
20260711_164832_170489,bae7bf40726b12938559777771e8ab509aaf37f9f9bad6244622d6e70161ad2e,23,2187632414,1367392811,2187632414,3,300,50,60,5,30,10.0,120,current,Optimized Pattern Generator,dynamic_session,Dynamic Session Pattern Assignment,50,6,360,42cdea6ffb9d8de8fbfad6cab2cc694747335b1bcb15ef24f12bf226f032b9e1,3699990464,a8299bf76285a749e175e183b845f0efdee198f2b494be80ddb3e0213f4e6670,True,bayesian_windowed,A3) Two-Stage Bayesian Posterior + Hungarian,False,300,300,0,0.0,300,292,0,0.9733333333333334,0.9733333333333334,0.3615817818486597,1.612249185344534,382.4033333333333,421.1,14.701290832992527,300,0,0,0,0,1.0,0.0,0.0,0.0,0.0,1.0,17.563333333333333,0.0,0.0,0.0,0.0,0.0,,0.0,0.0,11.630206121917581,2.855896275039413,0.0,0.21353376904153265,14.699636165998527,11.630206121917581,0.21353376904153265
20260711_164832_170489,bae7bf40726b12938559777771e8ab509aaf37f9f9bad6244622d6e70161ad2e,23,2187632414,1977915837,2187632414,3,300,50,60,5,30,10.0,120,current,Optimized Pattern Generator,dynamic_session,Dynamic Session Pattern Assignment,50,6,360,42cdea6ffb9d8de8fbfad6cab2cc694747335b1bcb15ef24f12bf226f032b9e1,3699990464,a8299bf76285a749e175e183b845f0efdee198f2b494be80ddb3e0213f4e6670,True,bayesian_windowed_memory_off,A3 Ablation) Posterior Memory Off,False,300,300,0,0.0,300,280,0,0.9333333333333333,0.9333333333333333,0.6346788146381852,2.1033874894776416,382.4033333333333,421.1,14.728449833986815,300,0,0,0,0,1.0,0.0,0.0,0.0,0.0,1.0,17.563333333333333,0.0,0.0,0.0,0.0,0.0,,0.0,0.0,11.659949080902152,2.864434280039859,0.0,0.2025188470579451,14.726902207999956,11.659949080902152,0.2025188470579451
20260711_164832_170489,bae7bf40726b12938559777771e8ab509aaf37f9f9bad6244622d6e70161ad2e,23,2187632414,2395032845,2187632414,3,300,50,60,5,30,10.0,120,current,Optimized Pattern Generator,dynamic_session,Dynamic Session Pattern Assignment,50,6,360,42cdea6ffb9d8de8fbfad6cab2cc694747335b1bcb15ef24f12bf226f032b9e1,3699990464,a8299bf76285a749e175e183b845f0efdee198f2b494be80ddb3e0213f4e6670,True,bayesian_windowed_timeprior_off,A3 Ablation) Time Prior Off,False,300,300,0,0.0,300,292,0,0.9733333333333334,0.9733333333333334,0.3643183457471672,1.612249185344534,382.4033333333333,421.1,14.688880374989822,300,0,0,0,0,1.0,0.0,0.0,0.0,0.0,1.0,17.563333333333333,0.0,0.0,0.0,0.0,0.0,,0.0,0.0,11.639558589929948,2.8481271200435003,0.0,0.19961620602407493,14.687301915997523,11.639558589929948,0.19961620602407493
20260711_164832_170489,bae7bf40726b12938559777771e8ab509aaf37f9f9bad6244622d6e70161ad2e,23,2187632414,433795963,2187632414,3,300,50,60,5,30,10.0,120,current,Optimized Pattern Generator,dynamic_session,Dynamic Session Pattern Assignment,50,6,360,42cdea6ffb9d8de8fbfad6cab2cc694747335b1bcb15ef24f12bf226f032b9e1,3699990464,a8299bf76285a749e175e183b845f0efdee198f2b494be80ddb3e0213f4e6670,True,bayesian_windowed_all_off,A3 Ablation) Time Prior + Memory Off,False,300,300,0,0.0,300,280,0,0.9333333333333333,0.9333333333333333,0.635860829762048,2.1047405554114342,382.4033333333333,421.1,14.722129208006663,300,0,0,0,0,1.0,0.0,0.0,0.0,0.0,1.0,17.563333333333333,0.0,0.0,0.0,0.0,0.0,,0.0,0.0,11.666840576930554,2.850983534954139,0.0,0.2027063051064033,14.720530416991096,11.666840576930554,0.2027063051064033
20260711_164832_170489,bae7bf40726b12938559777771e8ab509aaf37f9f9bad6244622d6e70161ad2e,24,2187632415,1233724851,2187632415,4,300,50,60,5,30,10.0,120,current,Optimized Pattern Generator,dynamic_session,Dynamic Session Pattern Assignment,50,6,360,3b9dba3f35d5cbc93b78d256b9b1c59b286cbc0aca249f5a3ef2ef3ce7731535,3699990465,39a734729f8bcbc27e6744f14a0a9fd85e35c00ec8e986273bcfc5cbf4a01dfe,True,single_only,A1) Refined Cost + Greedy 1:1,True,300,300,0,0.0,300,285,0,0.95,0.95,1.1086896297798132,4.6649491521438,383.56666666666666,424.0,14.770571749992087,300,0,0,0,0,1.0,0.0,0.0,0.0,0.0,1.0,17.25,0.0,0.0,0.0,0.0,0.0,,0.0,0.0,11.429018126815208,3.1414942861156305,0.0,0.19853062806942035,14.769043041000259,11.429018126815208,0.19853062806942035
20260711_164832_170489,bae7bf40726b12938559777771e8ab509aaf37f9f9bad6244622d6e70161ad2e,24,2187632415,1545686409,2187632415,4,300,50,60,5,30,10.0,120,current,Optimized Pattern Generator,dynamic_session,Dynamic Session Pattern Assignment,50,6,360,3b9dba3f35d5cbc93b78d256b9b1c59b286cbc0aca249f5a3ef2ef3ce7731535,3699990465,39a734729f8bcbc27e6744f14a0a9fd85e35c00ec8e986273bcfc5cbf4a01dfe,True,single_only_dtw_off,A1 Ablation) DTW Off,False,300,300,0,0.0,300,274,0,0.9133333333333333,0.9133333333333333,0.8251558113555557,3.1366668866666667,383.56666666666666,424.0,16.30325808300404,300,0,0,0,0,1.0,0.0,0.0,0.0,0.0,1.0,17.25,0.0,0.0,0.0,0.0,0.0,,0.0,0.0,12.693231345256208,3.4046986589964945,0.0,0.20345003774855286,16.301380042001256,12.693231345256208,0.20345003774855286
20260711_164832_170489,bae7bf40726b12938559777771e8ab509aaf37f9f9bad6244622d6e70161ad2e,24,2187632415,866312313,2187632415,4,300,50,60,5,30,10.0,120,current,Optimized Pattern Generator,dynamic_session,Dynamic Session Pattern Assignment,50,6,360,3b9dba3f35d5cbc93b78d256b9b1c59b286cbc0aca249f5a3ef2ef3ce7731535,3699990465,39a734729f8bcbc27e6744f14a0a9fd85e35c00ec8e986273bcfc5cbf4a01dfe,True,single_only_step_off,A1 Ablation) Step Signature Off,False,300,300,0,0.0,300,262,0,0.8733333333333333,0.8733333333333333,0.23596530133219665,1.0483090592118605,383.56666666666666,424.0,15.976881667011185,300,0,0,0,0,1.0,0.0,0.0,0.0,0.0,1.0,17.25,0.0,0.0,0.0,0.0,0.0,,0.0,0.0,12.484726570983185,3.2813970310089644,0.0,0.20793773200421128,15.97406133399636,12.484726570983185,0.20793773200421128
20260711_164832_170489,bae7bf40726b12938559777771e8ab509aaf37f9f9bad6244622d6e70161ad2e,24,2187632415,1815193645,2187632415,4,300,50,60,5,30,10.0,120,current,Optimized Pattern Generator,dynamic_session,Dynamic Session Pattern Assignment,50,6,360,3b9dba3f35d5cbc93b78d256b9b1c59b286cbc0aca249f5a3ef2ef3ce7731535,3699990465,39a734729f8bcbc27e6744f14a0a9fd85e35c00ec8e986273bcfc5cbf4a01dfe,True,single_only_all_off,A1 Ablation) All Waveform Terms Off,False,300,300,0,0.0,300,234,0,0.78,0.78,1.4486669232,7.800000150000001,383.56666666666666,424.0,12.28201429200999,300,0,0,0,0,1.0,0.0,0.0,0.0,0.0,1.0,17.25,0.0,0.0,0.0,0.0,0.0,,0.0,0.0,12.03686936791928,0.011488531992654316,0.0,0.23213364109687973,12.280491541008814,12.03686936791928,0.23213364109687973
20260711_164832_170489,bae7bf40726b12938559777771e8ab509aaf37f9f9bad6244622d6e70161ad2e,24,2187632415,2184921398,2187632415,4,300,50,60,5,30,10.0,120,current,Optimized Pattern Generator,dynamic_session,Dynamic Session Pattern Assignment,50,6,360,3b9dba3f35d5cbc93b78d256b9b1c59b286cbc0aca249f5a3ef2ef3ce7731535,3699990465,39a734729f8bcbc27e6744f14a0a9fd85e35c00ec8e986273bcfc5cbf4a01dfe,True,nomura_original_interval_hungarian,A2) Corr+DTW + Hungarian,False,300,300,0,0.0,300,274,0,0.9133333333333333,0.9133333333333333,0.0984091498310975,0.4782653655169567,383.56666666666666,424.0,19.861362791998545,300,0,0,0,0,1.0,0.0,0.0,0.0,0.0,1.0,17.25,0.0,0.0,0.0,0.0,0.0,,0.0,0.0,12.027976492157904,7.627722827965044,0.0,0.2040100138692651,19.859709333992214,12.027976492157904,0.2040100138692651
20260711_164832_170489,bae7bf40726b12938559777771e8ab509aaf37f9f9bad6244622d6e70161ad2e,24,2187632415,2176353884,2187632415,4,300,50,60,5,30,10.0,120,current,Optimized Pattern Generator,dynamic_session,Dynamic Session Pattern Assignment,50,6,360,3b9dba3f35d5cbc93b78d256b9b1c59b286cbc0aca249f5a3ef2ef3ce7731535,3699990465,39a734729f8bcbc27e6744f14a0a9fd85e35c00ec8e986273bcfc5cbf4a01dfe,True,nomura_original_interval_hungarian_dtw_off,A2 Ablation) DTW Off (Corr-only),False,300,300,0,0.0,300,270,0,0.9,0.9,0.08883517698025171,0.3163359047812539,383.56666666666666,424.0,19.438840208007605,300,0,0,0,0,1.0,0.0,0.0,0.0,0.0,1.0,17.25,0.0,0.0,0.0,0.0,0.0,,0.0,0.0,11.63779637614789,7.571061833979911,0.0,0.22845108187175356,19.437309291999554,11.63779637614789,0.22845108187175356
20260711_164832_170489,bae7bf40726b12938559777771e8ab509aaf37f9f9bad6244622d6e70161ad2e,24,2187632415,1055930928,2187632415,4,300,50,60,5,30,10.0,120,current,Optimized Pattern Generator,dynamic_session,Dynamic Session Pattern Assignment,50,6,360,3b9dba3f35d5cbc93b78d256b9b1c59b286cbc0aca249f5a3ef2ef3ce7731535,3699990465,39a734729f8bcbc27e6744f14a0a9fd85e35c00ec8e986273bcfc5cbf4a01dfe,True,nomura_original_interval_hungarian_corr_off,A2 Ablation) Corr Off (DTW-only),False,300,300,0,0.0,300,246,0,0.82,0.82,0.0014794950328270334,0.22661733469434245,383.56666666666666,424.0,19.161780207999982,300,0,0,0,0,1.0,0.0,0.0,0.0,0.0,1.0,17.25,0.0,0.0,0.0,0.0,0.0,,0.0,0.0,11.435343713892507,7.5069488539447775,0.0,0.2179329741629772,19.160225542000262,11.435343713892507,0.2179329741629772
20260711_164832_170489,bae7bf40726b12938559777771e8ab509aaf37f9f9bad6244622d6e70161ad2e,24,2187632415,542446171,2187632415,4,300,50,60,5,30,10.0,120,current,Optimized Pattern Generator,dynamic_session,Dynamic Session Pattern Assignment,50,6,360,3b9dba3f35d5cbc93b78d256b9b1c59b286cbc0aca249f5a3ef2ef3ce7731535,3699990465,39a734729f8bcbc27e6744f14a0a9fd85e35c00ec8e986273bcfc5cbf4a01dfe,True,nomura_original_interval_hungarian_all_off,A2 Ablation) All Waveform Terms Off,False,300,300,0,0.0,300,234,0,0.78,0.78,1.4486669232,7.800000150000001,383.56666666666666,424.0,11.67745562500204,300,0,0,0,0,1.0,0.0,0.0,0.0,0.0,1.0,17.25,0.0,0.0,0.0,0.0,0.0,,0.0,0.0,11.46241812799417,0.009770581964403391,0.0,0.2037847070459975,11.67597341700457,11.46241812799417,0.2037847070459975
20260711_164832_170489,bae7bf40726b12938559777771e8ab509aaf37f9f9bad6244622d6e70161ad2e,24,2187632415,1367392810,2187632415,4,300,50,60,5,30,10.0,120,current,Optimized Pattern Generator,dynamic_session,Dynamic Session Pattern Assignment,50,6,360,3b9dba3f35d5cbc93b78d256b9b1c59b286cbc0aca249f5a3ef2ef3ce7731535,3699990465,39a734729f8bcbc27e6744f14a0a9fd85e35c00ec8e986273bcfc5cbf4a01dfe,True,bayesian_windowed,A3) Two-Stage Bayesian Posterior + Hungarian,False,300,300,0,0.0,300,294,0,0.98,0.98,0.38844160737364103,1.727499537494694,383.56666666666666,424.0,14.446731750009349,300,0,0,0,0,1.0,0.0,0.0,0.0,0.0,1.0,17.25,0.0,0.0,0.0,0.0,0.0,,0.0,0.0,11.441898239063448,2.806708448988502,0.0,0.196481895953184,14.445088584005134,11.441898239063448,0.196481895953184
20260711_164832_170489,bae7bf40726b12938559777771e8ab509aaf37f9f9bad6244622d6e70161ad2e,24,2187632415,1977915836,2187632415,4,300,50,60,5,30,10.0,120,current,Optimized Pattern Generator,dynamic_session,Dynamic Session Pattern Assignment,50,6,360,3b9dba3f35d5cbc93b78d256b9b1c59b286cbc0aca249f5a3ef2ef3ce7731535,3699990465,39a734729f8bcbc27e6744f14a0a9fd85e35c00ec8e986273bcfc5cbf4a01dfe,True,bayesian_windowed_memory_off,A3 Ablation) Posterior Memory Off,False,300,300,0,0.0,300,285,0,0.95,0.95,0.6693248334887812,2.0710990180489195,383.56666666666666,424.0,14.635668750008335,300,0,0,0,0,1.0,0.0,0.0,0.0,0.0,1.0,17.25,0.0,0.0,0.0,0.0,0.0,,0.0,0.0,11.605071031110128,2.8267596150399186,0.0,0.20226231185370125,14.634092958003748,11.605071031110128,0.20226231185370125
20260711_164832_170489,bae7bf40726b12938559777771e8ab509aaf37f9f9bad6244622d6e70161ad2e,24,2187632415,2395032844,2187632415,4,300,50,60,5,30,10.0,120,current,Optimized Pattern Generator,dynamic_session,Dynamic Session Pattern Assignment,50,6,360,3b9dba3f35d5cbc93b78d256b9b1c59b286cbc0aca249f5a3ef2ef3ce7731535,3699990465,39a734729f8bcbc27e6744f14a0a9fd85e35c00ec8e986273bcfc5cbf4a01dfe,True,bayesian_windowed_timeprior_off,A3 Ablation) Time Prior Off,False,300,300,0,0.0,300,294,0,0.98,0.98,0.39084264317173395,1.727499537494694,383.56666666666666,424.0,14.5515739590046,300,0,0,0,0,1.0,0.0,0.0,0.0,0.0,1.0,17.25,0.0,0.0,0.0,0.0,0.0,,0.0,0.0,11.52124232625647,2.8098630019667326,0.0,0.21885733878298197,14.549962667006184,11.52124232625647,0.21885733878298197
20260711_164832_170489,bae7bf40726b12938559777771e8ab509aaf37f9f9bad6244622d6e70161ad2e,24,2187632415,433795962,2187632415,4,300,50,60,5,30,10.0,120,current,Optimized Pattern Generator,dynamic_session,Dynamic Session Pattern Assignment,50,6,360,3b9dba3f35d5cbc93b78d256b9b1c59b286cbc0aca249f5a3ef2ef3ce7731535,3699990465,39a734729f8bcbc27e6744f14a0a9fd85e35c00ec8e986273bcfc5cbf4a01dfe,True,bayesian_windowed_all_off,A3 Ablation) Time Prior + Memory Off,False,300,300,0,0.0,300,285,0,0.95,0.95,0.6704701183828512,2.0710990180489195,383.56666666666666,424.0,14.545725749994745,300,0,0,0,0,1.0,0.0,0.0,0.0,0.0,1.0,17.25,0.0,0.0,0.0,0.0,0.0,,0.0,0.0,11.53695099503966,2.809075279874378,0.0,0.19814043409132864,14.544166709005367,11.53695099503966,0.19814043409132864
20260711_164832_170489,bae7bf40726b12938559777771e8ab509aaf37f9f9bad6244622d6e70161ad2e,25,2187632416,1233724812,2187632416,5,300,50,60,5,30,10.0,120,current,Optimized Pattern Generator,dynamic_session,Dynamic Session Pattern Assignment,50,6,360,c974ff1800332606385d81504b635261457467bcdbedae8b7c1b18e98faa8357,3699990526,cf49109c11cb1babfc38d25cd2dd92dc72b569d9350fc35fad07588e45262158,True,single_only,A1) Refined Cost + Greedy 1:1,True,300,300,0,0.0,300,283,0,0.9433333333333334,0.9433333333333334,1.2315489932011956,6.517744203697934,382.98333333333335,422.0,14.659785666997777,300,0,0,0,0,1.0,0.0,0.0,0.0,0.0,1.0,17.03,0.0,0.0,0.0,0.0,0.0,,0.0,0.0,11.339574010838987,3.1167363219428807,0.0,0.20197604222630616,14.658286375008174,11.339574010838987,0.20197604222630616
20260711_164832_170489,bae7bf40726b12938559777771e8ab509aaf37f9f9bad6244622d6e70161ad2e,25,2187632416,1545686454,2187632416,5,300,50,60,5,30,10.0,120,current,Optimized Pattern Generator,dynamic_session,Dynamic Session Pattern Assignment,50,6,360,c974ff1800332606385d81504b635261457467bcdbedae8b7c1b18e98faa8357,3699990526,cf49109c11cb1babfc38d25cd2dd92dc72b569d9350fc35fad07588e45262158,True,single_only_dtw_off,A1 Ablation) DTW Off,False,300,300,0,0.0,300,273,0,0.91,0.91,0.9467891317555556,4.54000012,382.98333333333335,422.0,14.648406291002175,300,0,0,0,0,1.0,0.0,0.0,0.0,0.0,1.0,17.03,0.0,0.0,0.0,0.0,0.0,,0.0,0.0,11.320430629973998,3.108469170925673,0.0,0.2179937410983257,14.646893541997997,11.320430629973998,0.2179937410983257
20260711_164832_170489,bae7bf40726b12938559777771e8ab509aaf37f9f9bad6244622d6e70161ad2e,25,2187632416,866312262,2187632416,5,300,50,60,5,30,10.0,120,current,Optimized Pattern Generator,dynamic_session,Dynamic Session Pattern Assignment,50,6,360,c974ff1800332606385d81504b635261457467bcdbedae8b7c1b18e98faa8357,3699990526,cf49109c11cb1babfc38d25cd2dd92dc72b569d9350fc35fad07588e45262158,True,single_only_step_off,A1 Ablation) Step Signature Off,False,300,300,0,0.0,300,264,0,0.88,0.88,0.219878281913546,1.0706648497379352,382.98333333333335,422.0,14.903431250000722,300,0,0,0,0,1.0,0.0,0.0,0.0,0.0,1.0,17.03,0.0,0.0,0.0,0.0,0.0,,0.0,0.0,11.558642000964028,3.1444979089137632,0.0,0.19864242312905844,14.90178233300685,11.558642000964028,0.19864242312905844
20260711_164832_170489,bae7bf40726b12938559777771e8ab509aaf37f9f9bad6244622d6e70161ad2e,25,2187632416,1815193618,2187632416,5,300,50,60,5,30,10.0,120,current,Optimized Pattern Generator,dynamic_session,Dynamic Session Pattern Assignment,50,6,360,c974ff1800332606385d81504b635261457467bcdbedae8b7c1b18e98faa8357,3699990526,cf49109c11cb1babfc38d25cd2dd92dc72b569d9350fc35fad07588e45262158,True,single_only_all_off,A1 Ablation) All Waveform Terms Off,False,300,300,0,0.0,300,240,0,0.8,0.8,1.444333573666667,8.60000011,382.98333333333335,422.0,11.881219082992175,300,0,0,0,0,1.0,0.0,0.0,0.0,0.0,1.0,17.03,0.0,0.0,0.0,0.0,0.0,,0.0,0.0,11.664553574824822,0.010751699039246887,0.0,0.20440926813171245,11.879714541995781,11.664553574824822,0.20440926813171245
20260711_164832_170489,bae7bf40726b12938559777771e8ab509aaf37f9f9bad6244622d6e70161ad2e,25,2187632416,2184921353,2187632416,5,300,50,60,5,30,10.0,120,current,Optimized Pattern Generator,dynamic_session,Dynamic Session Pattern Assignment,50,6,360,c974ff1800332606385d81504b635261457467bcdbedae8b7c1b18e98faa8357,3699990526,cf49109c11cb1babfc38d25cd2dd92dc72b569d9350fc35fad07588e45262158,True,nomura_original_interval_hungarian,A2) Corr+DTW + Hungarian,False,300,300,0,0.0,300,270,0,0.9,0.9,0.09707328672483681,0.4102712582223013,382.98333333333335,422.0,19.930878667000798,300,0,0,0,0,1.0,0.0,0.0,0.0,0.0,1.0,17.03,0.0,0.0,0.0,0.0,0.0,,0.0,0.0,12.052213259026757,7.649159372973372,0.0,0.22780415900342632,19.929176791003556,12.052213259026757,0.22780415900342632
20260711_164832_170489,bae7bf40726b12938559777771e8ab509aaf37f9f9bad6244622d6e70161ad2e,25,2187632416,2176353891,2187632416,5,300,50,60,5,30,10.0,120,current,Optimized Pattern Generator,dynamic_session,Dynamic Session Pattern Assignment,50,6,360,c974ff1800332606385d81504b635261457467bcdbedae8b7c1b18e98faa8357,3699990526,cf49109c11cb1babfc38d25cd2dd92dc72b569d9350fc35fad07588e45262158,True,nomura_original_interval_hungarian_dtw_off,A2 Ablation) DTW Off (Corr-only),False,300,300,0,0.0,300,264,0,0.88,0.88,0.08743524849522624,0.29957920327966936,382.98333333333335,422.0,19.24665787500271,300,0,0,0,0,1.0,0.0,0.0,0.0,0.0,1.0,17.03,0.0,0.0,0.0,0.0,0.0,,0.0,0.0,11.504340661136666,7.517143713936093,0.0,0.22359616692119744,19.245080541993957,11.504340661136666,0.22359616692119744
20260711_164832_170489,bae7bf40726b12938559777771e8ab509aaf37f9f9bad6244622d6e70161ad2e,25,2187632416,1055930895,2187632416,5,300,50,60,5,30,10.0,120,current,Optimized Pattern Generator,dynamic_session,Dynamic Session Pattern Assignment,50,6,360,c974ff1800332606385d81504b635261457467bcdbedae8b7c1b18e98faa8357,3699990526,cf49109c11cb1babfc38d25cd2dd92dc72b569d9350fc35fad07588e45262158,True,nomura_original_interval_hungarian_corr_off,A2 Ablation) Corr Off (DTW-only),False,300,300,0,0.0,300,252,0,0.84,0.84,2.399e-07,4.9e-07,382.98333333333335,422.0,19.109831750000012,300,0,0,0,0,1.0,0.0,0.0,0.0,0.0,1.0,17.03,0.0,0.0,0.0,0.0,0.0,,0.0,0.0,11.457981585903326,7.450596991868224,0.0,0.19961638022505213,19.108194957996602,11.457981585903326,0.19961638022505213
20260711_164832_170489,bae7bf40726b12938559777771e8ab509aaf37f9f9bad6244622d6e70161ad2e,25,2187632416,542446180,2187632416,5,300,50,60,5,30,10.0,120,current,Optimized Pattern Generator,dynamic_session,Dynamic Session Pattern Assignment,50,6,360,c974ff1800332606385d81504b635261457467bcdbedae8b7c1b18e98faa8357,3699990526,cf49109c11cb1babfc38d25cd2dd92dc72b569d9350fc35fad07588e45262158,True,nomura_original_interval_hungarian_all_off,A2 Ablation) All Waveform Terms Off,False,300,300,0,0.0,300,240,0,0.8,0.8,1.444333573666667,8.60000011,382.98333333333335,422.0,12.381667624998954,300,0,0,0,0,1.0,0.0,0.0,0.0,0.0,1.0,17.03,0.0,0.0,0.0,0.0,0.0,,0.0,0.0,12.162654959887732,0.012043565904605202,0.0,0.20543514120799955,12.380133667000337,12.162654959887732,0.20543514120799955
20260711_164832_170489,bae7bf40726b12938559777771e8ab509aaf37f9f9bad6244622d6e70161ad2e,25,2187632416,1367392789,2187632416,5,300,50,60,5,30,10.0,120,current,Optimized Pattern Generator,dynamic_session,Dynamic Session Pattern Assignment,50,6,360,c974ff1800332606385d81504b635261457467bcdbedae8b7c1b18e98faa8357,3699990526,cf49109c11cb1babfc38d25cd2dd92dc72b569d9350fc35fad07588e45262158,True,bayesian_windowed,A3) Two-Stage Bayesian Posterior + Hungarian,False,300,300,0,0.0,300,292,0,0.9733333333333334,0.9733333333333334,0.335674807425928,1.3450714752236113,382.98333333333335,422.0,14.580911750002997,300,0,0,0,0,1.0,0.0,0.0,0.0,0.0,1.0,17.03,0.0,0.0,0.0,0.0,0.0,,0.0,0.0,11.55310596099298,2.8043067790713394,0.0,0.22192284393531736,14.579335583999637,11.55310596099298,0.22192284393531736
20260711_164832_170489,bae7bf40726b12938559777771e8ab509aaf37f9f9bad6244622d6e70161ad2e,25,2187632416,1977915779,2187632416,5,300,50,60,5,30,10.0,120,current,Optimized Pattern Generator,dynamic_session,Dynamic Session Pattern Assignment,50,6,360,c974ff1800332606385d81504b635261457467bcdbedae8b7c1b18e98faa8357,3699990526,cf49109c11cb1babfc38d25cd2dd92dc72b569d9350fc35fad07588e45262158,True,bayesian_windowed_memory_off,A3 Ablation) Posterior Memory Off,False,300,300,0,0.0,300,283,0,0.9433333333333334,0.9433333333333334,0.5863416807602747,1.9083963346032804,382.98333333333335,422.0,14.356513541992172,300,0,0,0,0,1.0,0.0,0.0,0.0,0.0,1.0,17.03,0.0,0.0,0.0,0.0,0.0,,0.0,0.0,11.36725045494677,2.7845597399864346,0.0,0.20306613805587403,14.354876332989079,11.36725045494677,0.20306613805587403
20260711_164832_170489,bae7bf40726b12938559777771e8ab509aaf37f9f9bad6244622d6e70161ad2e,25,2187632416,2395032883,2187632416,5,300,50,60,5,30,10.0,120,current,Optimized Pattern Generator,dynamic_session,Dynamic Session Pattern Assignment,50,6,360,c974ff1800332606385d81504b635261457467bcdbedae8b7c1b18e98faa8357,3699990526,cf49109c11cb1babfc38d25cd2dd92dc72b569d9350fc35fad07588e45262158,True,bayesian_windowed_timeprior_off,A3 Ablation) Time Prior Off,False,300,300,0,0.0,300,292,0,0.9733333333333334,0.9733333333333334,0.3378339948212285,1.3459573638778635,382.98333333333335,422.0,14.380699500004994,300,0,0,0,0,1.0,0.0,0.0,0.0,0.0,1.0,17.03,0.0,0.0,0.0,0.0,0.0,,0.0,0.0,11.39577950508101,2.779959123887238,0.0,0.2033164960303111,14.379055124998558,11.39577950508101,0.2033164960303111
20260711_164832_170489,bae7bf40726b12938559777771e8ab509aaf37f9f9bad6244622d6e70161ad2e,25,2187632416,433795909,2187632416,5,300,50,60,5,30,10.0,120,current,Optimized Pattern Generator,dynamic_session,Dynamic Session Pattern Assignment,50,6,360,c974ff1800332606385d81504b635261457467bcdbedae8b7c1b18e98faa8357,3699990526,cf49109c11cb1babfc38d25cd2dd92dc72b569d9350fc35fad07588e45262158,True,bayesian_windowed_all_off,A3 Ablation) Time Prior + Memory Off,False,300,300,0,0.0,300,283,0,0.9433333333333334,0.9433333333333334,0.5875053903881274,1.9119549762055001,382.98333333333335,422.0,14.407546000002185,300,0,0,0,0,1.0,0.0,0.0,0.0,0.0,1.0,17.03,0.0,0.0,0.0,0.0,0.0,,0.0,0.0,11.415372028030106,2.784470705111744,0.0,0.2061456418596208,14.40598837500147,11.415372028030106,0.2061456418596208
20260711_164832_170489,bae7bf40726b12938559777771e8ab509aaf37f9f9bad6244622d6e70161ad2e,26,2187632417,1233724813,2187632417,6,300,50,60,5,30,10.0,120,current,Optimized Pattern Generator,dynamic_session,Dynamic Session Pattern Assignment,50,6,360,e4a5201567b75cd924230996d3291ed747255043ddce256bd379aaab3169c59f,3699990527,9d51ee3eea4bded674922df95d0255d9a2e8489c12466b571f3be1fa0a65ccc8,True,single_only,A1) Refined Cost + Greedy 1:1,True,300,300,0,0.0,300,289,0,0.9633333333333334,0.9633333333333334,1.0902686188582367,5.439031887638816,380.6433333333333,420.1,14.572265917013283,300,0,0,0,0,1.0,0.0,0.0,0.0,0.0,1.0,16.976666666666667,0.0,0.0,0.0,0.0,0.0,,0.0,0.0,11.270540510144201,3.099135444004787,0.0,0.20105454584700055,14.570730499995989,11.270540510144201,0.20105454584700055
20260711_164832_170489,bae7bf40726b12938559777771e8ab509aaf37f9f9bad6244622d6e70161ad2e,26,2187632417,1545686455,2187632417,6,300,50,60,5,30,10.0,120,current,Optimized Pattern Generator,dynamic_session,Dynamic Session Pattern Assignment,50,6,360,e4a5201567b75cd924230996d3291ed747255043ddce256bd379aaab3169c59f,3699990527,9d51ee3eea4bded674922df95d0255d9a2e8489c12466b571f3be1fa0a65ccc8,True,single_only_dtw_off,A1 Ablation) DTW Off,False,300,300,0,0.0,300,287,0,0.9566666666666667,0.9566666666666667,0.8462224824555555,4.386666666666667,380.6433333333333,420.1,14.691395082991221,300,0,0,0,0,1.0,0.0,0.0,0.0,0.0,1.0,16.976666666666667,0.0,0.0,0.0,0.0,0.0,,0.0,0.0,11.3703042120178,3.1163300810585497,0.0,0.20317874792090151,14.689813040997251,11.3703042120178,0.20317874792090151
20260711_164832_170489,bae7bf40726b12938559777771e8ab509aaf37f9f9bad6244622d6e70161ad2e,26,2187632417,866312263,2187632417,6,300,50,60,5,30,10.0,120,current,Optimized Pattern Generator,dynamic_session,Dynamic Session Pattern Assignment,50,6,360,e4a5201567b75cd924230996d3291ed747255043ddce256bd379aaab3169c59f,3699990527,9d51ee3eea4bded674922df95d0255d9a2e8489c12466b571f3be1fa0a65ccc8,True,single_only_step_off,A1 Ablation) Step Signature Off,False,300,300,0,0.0,300,267,0,0.89,0.89,0.19757467172117552,1.4856917706756798,380.6433333333333,420.1,15.038218249988859,300,0,0,0,0,1.0,0.0,0.0,0.0,0.0,1.0,16.976666666666667,0.0,0.0,0.0,0.0,0.0,,0.0,0.0,11.633750343025895,3.20277398887265,0.0,0.19999591809755657,15.036520249996101,11.633750343025895,0.19999591809755657
20260711_164832_170489,bae7bf40726b12938559777771e8ab509aaf37f9f9bad6244622d6e70161ad2e,26,2187632417,1815193619,2187632417,6,300,50,60,5,30,10.0,120,current,Optimized Pattern Generator,dynamic_session,Dynamic Session Pattern Assignment,50,6,360,e4a5201567b75cd924230996d3291ed747255043ddce256bd379aaab3169c59f,3699990527,9d51ee3eea4bded674922df95d0255d9a2e8489c12466b571f3be1fa0a65ccc8,True,single_only_all_off,A1 Ablation) All Waveform Terms Off,False,300,300,0,0.0,300,234,0,0.78,0.78,1.3833335941,7.600000140000001,380.6433333333333,420.1,11.820663374994183,300,0,0,0,0,1.0,0.0,0.0,0.0,0.0,1.0,16.976666666666667,0.0,0.0,0.0,0.0,0.0,,0.0,0.0,11.548692046053475,0.011177622000104748,0.0,0.2588118319399655,11.818681499993545,11.548692046053475,0.2588118319399655
20260711_164832_170489,bae7bf40726b12938559777771e8ab509aaf37f9f9bad6244622d6e70161ad2e,26,2187632417,2184921352,2187632417,6,300,50,60,5,30,10.0,120,current,Optimized Pattern Generator,dynamic_session,Dynamic Session Pattern Assignment,50,6,360,e4a5201567b75cd924230996d3291ed747255043ddce256bd379aaab3169c59f,3699990527,9d51ee3eea4bded674922df95d0255d9a2e8489c12466b571f3be1fa0a65ccc8,True,nomura_original_interval_hungarian,A2) Corr+DTW + Hungarian,False,300,300,0,0.0,300,274,0,0.9133333333333333,0.9133333333333333,0.08773116165175993,0.5180587458632174,380.6433333333333,420.1,19.4150298750028,300,0,0,0,0,1.0,0.0,0.0,0.0,0.0,1.0,16.976666666666667,0.0,0.0,0.0,0.0,0.0,,0.0,0.0,11.674149753904203,7.531577586123603,0.0,0.20773170197207946,19.413459041999886,11.674149753904203,0.20773170197207946
20260711_164832_170489,bae7bf40726b12938559777771e8ab509aaf37f9f9bad6244622d6e70161ad2e,26,2187632417,2176353890,2187632417,6,300,50,60,5,30,10.0,120,current,Optimized Pattern Generator,dynamic_session,Dynamic Session Pattern Assignment,50,6,360,e4a5201567b75cd924230996d3291ed747255043ddce256bd379aaab3169c59f,3699990527,9d51ee3eea4bded674922df95d0255d9a2e8489c12466b571f3be1fa0a65ccc8,True,nomura_original_interval_hungarian_dtw_off,A2 Ablation) DTW Off (Corr-only),False,300,300,0,0.0,300,270,0,0.9,0.9,0.07852885417337592,0.39690732041480636,380.6433333333333,420.1,19.51948491600342,300,0,0,0,0,1.0,0.0,0.0,0.0,0.0,1.0,16.976666666666667,0.0,0.0,0.0,0.0,0.0,,0.0,0.0,11.750539240892977,7.565481567959068,0.0,0.2016915661370149,19.51771237498906,11.750539240892977,0.2016915661370149
20260711_164832_170489,bae7bf40726b12938559777771e8ab509aaf37f9f9bad6244622d6e70161ad2e,26,2187632417,1055930894,2187632417,6,300,50,60,5,30,10.0,120,current,Optimized Pattern Generator,dynamic_session,Dynamic Session Pattern Assignment,50,6,360,e4a5201567b75cd924230996d3291ed747255043ddce256bd379aaab3169c59f,3699990527,9d51ee3eea4bded674922df95d0255d9a2e8489c12466b571f3be1fa0a65ccc8,True,nomura_original_interval_hungarian_corr_off,A2 Ablation) Corr Off (DTW-only),False,300,300,0,0.0,300,259,0,0.8633333333333333,0.8633333333333333,0.0011676989455520175,0.1367514892551272,380.6433333333333,420.1,21.335223417001544,300,0,0,0,0,1.0,0.0,0.0,0.0,0.0,1.0,16.976666666666667,0.0,0.0,0.0,0.0,0.0,,0.0,0.0,13.125462674084702,7.994819422994624,0.0,0.21274140292371158,21.333023500003037,13.125462674084702,0.21274140292371158
20260711_164832_170489,bae7bf40726b12938559777771e8ab509aaf37f9f9bad6244622d6e70161ad2e,26,2187632417,542446181,2187632417,6,300,50,60,5,30,10.0,120,current,Optimized Pattern Generator,dynamic_session,Dynamic Session Pattern Assignment,50,6,360,e4a5201567b75cd924230996d3291ed747255043ddce256bd379aaab3169c59f,3699990527,9d51ee3eea4bded674922df95d0255d9a2e8489c12466b571f3be1fa0a65ccc8,True,nomura_original_interval_hungarian_all_off,A2 Ablation) All Waveform Terms Off,False,300,300,0,0.0,300,234,0,0.78,0.78,1.3833335941,7.600000140000001,380.6433333333333,420.1,12.256824999989476,300,0,0,0,0,1.0,0.0,0.0,0.0,0.0,1.0,16.976666666666667,0.0,0.0,0.0,0.0,0.0,,0.0,0.0,12.000852706070873,0.011736028071027249,0.0,0.24261547485366464,12.255204208995565,12.000852706070873,0.24261547485366464
20260711_164832_170489,bae7bf40726b12938559777771e8ab509aaf37f9f9bad6244622d6e70161ad2e,26,2187632417,1367392788,2187632417,6,300,50,60,5,30,10.0,120,current,Optimized Pattern Generator,dynamic_session,Dynamic Session Pattern Assignment,50,6,360,e4a5201567b75cd924230996d3291ed747255043ddce256bd379aaab3169c59f,3699990527,9d51ee3eea4bded674922df95d0255d9a2e8489c12466b571f3be1fa0a65ccc8,True,bayesian_windowed,A3) Two-Stage Bayesian Posterior + Hungarian,False,300,300,0,0.0,300,294,0,0.98,0.98,0.36293535531677873,1.5295793554140582,380.6433333333333,420.1,15.001261584009626,300,0,0,0,0,1.0,0.0,0.0,0.0,0.0,1.0,16.976666666666667,0.0,0.0,0.0,0.0,0.0,,0.0,0.0,11.898538243796793,2.8949354070064146,0.0,0.2061834742053179,14.999657125008525,11.898538243796793,0.2061834742053179
20260711_164832_170489,bae7bf40726b12938559777771e8ab509aaf37f9f9bad6244622d6e70161ad2e,26,2187632417,1977915778,2187632417,6,300,50,60,5,30,10.0,120,current,Optimized Pattern Generator,dynamic_session,Dynamic Session Pattern Assignment,50,6,360,e4a5201567b75cd924230996d3291ed747255043ddce256bd379aaab3169c59f,3699990527,9d51ee3eea4bded674922df95d0255d9a2e8489c12466b571f3be1fa0a65ccc8,True,bayesian_windowed_memory_off,A3 Ablation) Posterior Memory Off,False,300,300,0,0.0,300,289,0,0.9633333333333334,0.9633333333333334,0.6156324977989024,1.922288152489172,380.6433333333333,420.1,14.408310583996354,300,0,0,0,0,1.0,0.0,0.0,0.0,0.0,1.0,16.976666666666667,0.0,0.0,0.0,0.0,0.0,,0.0,0.0,11.4320703750127,2.776852365976083,0.0,0.19782646701787598,14.406749208006659,11.4320703750127,0.19782646701787598
20260711_164832_170489,bae7bf40726b12938559777771e8ab509aaf37f9f9bad6244622d6e70161ad2e,26,2187632417,2395032882,2187632417,6,300,50,60,5,30,10.0,120,current,Optimized Pattern Generator,dynamic_session,Dynamic Session Pattern Assignment,50,6,360,e4a5201567b75cd924230996d3291ed747255043ddce256bd379aaab3169c59f,3699990527,9d51ee3eea4bded674922df95d0255d9a2e8489c12466b571f3be1fa0a65ccc8,True,bayesian_windowed_timeprior_off,A3 Ablation) Time Prior Off,False,300,300,0,0.0,300,294,0,0.98,0.98,0.36549827239883614,1.539360762157942,380.6433333333333,420.1,14.533505582992802,300,0,0,0,0,1.0,0.0,0.0,0.0,0.0,1.0,16.976666666666667,0.0,0.0,0.0,0.0,0.0,,0.0,0.0,11.52538237607223,2.7882033309724648,0.0,0.2182364179607248,14.53182212500542,11.52538237607223,0.2182364179607248
20260711_164832_170489,bae7bf40726b12938559777771e8ab509aaf37f9f9bad6244622d6e70161ad2e,26,2187632417,433795908,2187632417,6,300,50,60,5,30,10.0,120,current,Optimized Pattern Generator,dynamic_session,Dynamic Session Pattern Assignment,50,6,360,e4a5201567b75cd924230996d3291ed747255043ddce256bd379aaab3169c59f,3699990527,9d51ee3eea4bded674922df95d0255d9a2e8489c12466b571f3be1fa0a65ccc8,True,bayesian_windowed_all_off,A3 Ablation) Time Prior + Memory Off,False,300,300,0,0.0,300,289,0,0.9633333333333334,0.9633333333333334,0.6168852491925136,1.922288152489172,380.6433333333333,420.1,16.726224583006115,300,0,0,0,0,1.0,0.0,0.0,0.0,0.0,1.0,16.976666666666667,0.0,0.0,0.0,0.0,0.0,,0.0,0.0,13.39674157902482,3.118105665082112,0.0,0.2097723388869781,16.72461958299391,13.39674157902482,0.2097723388869781
20260711_164832_170489,bae7bf40726b12938559777771e8ab509aaf37f9f9bad6244622d6e70161ad2e,27,2187632418,1233724814,2187632418,7,300,50,60,5,30,10.0,120,current,Optimized Pattern Generator,dynamic_session,Dynamic Session Pattern Assignment,50,6,360,1c82f60e053346c1b8585e22506d9cb6eac334df866fd3dc5d4d9db6f262321e,3699990524,ad9e6bc4a4b0a732f7fe4c442244a3060cb65b3238c078ab76551d9de6c34d8c,True,single_only,A1) Refined Cost + Greedy 1:1,True,300,300,0,0.0,300,287,0,0.9566666666666667,0.9566666666666667,1.2021966410754756,7.134930613030811,381.4033333333333,415.1,14.464349208996282,300,0,0,0,0,1.0,0.0,0.0,0.0,0.0,1.0,16.783333333333335,0.0,0.0,0.0,0.0,0.0,,0.0,0.0,11.19580962084001,3.067604945928906,0.0,0.19942085022921674,14.462835416998132,11.19580962084001,0.19942085022921674
20260711_164832_170489,bae7bf40726b12938559777771e8ab509aaf37f9f9bad6244622d6e70161ad2e,27,2187632418,1545686452,2187632418,7,300,50,60,5,30,10.0,120,current,Optimized Pattern Generator,dynamic_session,Dynamic Session Pattern Assignment,50,6,360,1c82f60e053346c1b8585e22506d9cb6eac334df866fd3dc5d4d9db6f262321e,3699990524,ad9e6bc4a4b0a732f7fe4c442244a3060cb65b3238c078ab76551d9de6c34d8c,True,single_only_dtw_off,A1 Ablation) DTW Off,False,300,300,0,0.0,300,279,0,0.93,0.93,0.9259447201444446,5.850000220000001,381.4033333333333,415.1,14.502140374999726,300,0,0,0,0,1.0,0.0,0.0,0.0,0.0,1.0,16.783333333333335,0.0,0.0,0.0,0.0,0.0,,0.0,0.0,11.211963664041832,3.0721974379266612,0.0,0.2164777310390491,14.500638833007542,11.211963664041832,0.2164777310390491
20260711_164832_170489,bae7bf40726b12938559777771e8ab509aaf37f9f9bad6244622d6e70161ad2e,27,2187632418,866312260,2187632418,7,300,50,60,5,30,10.0,120,current,Optimized Pattern Generator,dynamic_session,Dynamic Session Pattern Assignment,50,6,360,1c82f60e053346c1b8585e22506d9cb6eac334df866fd3dc5d4d9db6f262321e,3699990524,ad9e6bc4a4b0a732f7fe4c442244a3060cb65b3238c078ab76551d9de6c34d8c,True,single_only_step_off,A1 Ablation) Step Signature Off,False,300,300,0,0.0,300,264,0,0.88,0.88,0.22137287234278516,1.1347514086832045,381.4033333333333,415.1,14.570413415989606,300,0,0,0,0,1.0,0.0,0.0,0.0,0.0,1.0,16.783333333333335,0.0,0.0,0.0,0.0,0.0,,0.0,0.0,11.279095655991114,3.08172494986502,0.0,0.2080988941452233,14.568919500001357,11.279095655991114,0.2080988941452233
20260711_164832_170489,bae7bf40726b12938559777771e8ab509aaf37f9f9bad6244622d6e70161ad2e,27,2187632418,1815193616,2187632418,7,300,50,60,5,30,10.0,120,current,Optimized Pattern Generator,dynamic_session,Dynamic Session Pattern Assignment,50,6,360,1c82f60e053346c1b8585e22506d9cb6eac334df866fd3dc5d4d9db6f262321e,3699990524,ad9e6bc4a4b0a732f7fe4c442244a3060cb65b3238c078ab76551d9de6c34d8c,True,single_only_all_off,A1 Ablation) All Waveform Terms Off,False,300,300,0,0.0,300,249,0,0.83,0.83,1.4470002777666666,8.800000310000001,381.4033333333333,415.1,11.343247416996746,300,0,0,0,0,1.0,0.0,0.0,0.0,0.0,1.0,16.783333333333335,0.0,0.0,0.0,0.0,0.0,,0.0,0.0,11.133747544809012,0.009896684816339985,0.0,0.1980595203640405,11.341703749989392,11.133747544809012,0.1980595203640405
20260711_164832_170489,bae7bf40726b12938559777771e8ab509aaf37f9f9bad6244622d6e70161ad2e,27,2187632418,2184921355,2187632418,7,300,50,60,5,30,10.0,120,current,Optimized Pattern Generator,dynamic_session,Dynamic Session Pattern Assignment,50,6,360,1c82f60e053346c1b8585e22506d9cb6eac334df866fd3dc5d4d9db6f262321e,3699990524,ad9e6bc4a4b0a732f7fe4c442244a3060cb65b3238c078ab76551d9de6c34d8c,True,nomura_original_interval_hungarian,A2) Corr+DTW + Hungarian,False,300,300,0,0.0,300,272,0,0.9066666666666666,0.9066666666666666,0.09850662827921099,0.4518482252364715,381.4033333333333,415.1,18.695326999993995,300,0,0,0,0,1.0,0.0,0.0,0.0,0.0,1.0,16.783333333333335,0.0,0.0,0.0,0.0,0.0,,0.0,0.0,11.194452180003282,7.2942004509677645,0.0,0.2051872860174626,18.69383991698851,11.194452180003282,0.2051872860174626
20260711_164832_170489,bae7bf40726b12938559777771e8ab509aaf37f9f9bad6244622d6e70161ad2e,27,2187632418,2176353889,2187632418,7,300,50,60,5,30,10.0,120,current,Optimized Pattern Generator,dynamic_session,Dynamic Session Pattern Assignment,50,6,360,1c82f60e053346c1b8585e22506d9cb6eac334df866fd3dc5d4d9db6f262321e,3699990524,ad9e6bc4a4b0a732f7fe4c442244a3060cb65b3238c078ab76551d9de6c34d8c,True,nomura_original_interval_hungarian_dtw_off,A2 Ablation) DTW Off (Corr-only),False,300,300,0,0.0,300,266,0,0.8866666666666667,0.8866666666666667,0.08764787379673876,0.3449411473152837,381.4033333333333,415.1,18.822978416996193,300,0,0,0,0,1.0,0.0,0.0,0.0,0.0,1.0,16.783333333333335,0.0,0.0,0.0,0.0,0.0,,0.0,0.0,11.200266753236065,7.371625751038664,0.0,0.2495639117259998,18.82145641600073,11.200266753236065,0.2495639117259998
20260711_164832_170489,bae7bf40726b12938559777771e8ab509aaf37f9f9bad6244622d6e70161ad2e,27,2187632418,1055930893,2187632418,7,300,50,60,5,30,10.0,120,current,Optimized Pattern Generator,dynamic_session,Dynamic Session Pattern Assignment,50,6,360,1c82f60e053346c1b8585e22506d9cb6eac334df866fd3dc5d4d9db6f262321e,3699990524,ad9e6bc4a4b0a732f7fe4c442244a3060cb65b3238c078ab76551d9de6c34d8c,True,nomura_original_interval_hungarian_corr_off,A2 Ablation) Corr Off (DTW-only),False,300,300,0,0.0,300,251,0,0.8366666666666667,0.8366666666666667,0.003793373081369075,0.3682856856733322,381.4033333333333,415.1,18.672209834010573,300,0,0,0,0,1.0,0.0,0.0,0.0,0.0,1.0,16.783333333333335,0.0,0.0,0.0,0.0,0.0,,0.0,0.0,11.146604995170492,7.323597997994511,0.0,0.20041083983960561,18.67061383300461,11.146604995170492,0.20041083983960561
20260711_164832_170489,bae7bf40726b12938559777771e8ab509aaf37f9f9bad6244622d6e70161ad2e,27,2187632418,542446182,2187632418,7,300,50,60,5,30,10.0,120,current,Optimized Pattern Generator,dynamic_session,Dynamic Session Pattern Assignment,50,6,360,1c82f60e053346c1b8585e22506d9cb6eac334df866fd3dc5d4d9db6f262321e,3699990524,ad9e6bc4a4b0a732f7fe4c442244a3060cb65b3238c078ab76551d9de6c34d8c,True,nomura_original_interval_hungarian_all_off,A2 Ablation) All Waveform Terms Off,False,300,300,0,0.0,300,249,0,0.83,0.83,1.4470002777666666,8.800000310000001,381.4033333333333,415.1,11.372500957993907,300,0,0,0,0,1.0,0.0,0.0,0.0,0.0,1.0,16.783333333333335,0.0,0.0,0.0,0.0,0.0,,0.0,0.0,11.157152214087546,0.009976286135497503,0.0,0.20371683278062847,11.370845333003672,11.157152214087546,0.20371683278062847
20260711_164832_170489,bae7bf40726b12938559777771e8ab509aaf37f9f9bad6244622d6e70161ad2e,27,2187632418,1367392791,2187632418,7,300,50,60,5,30,10.0,120,current,Optimized Pattern Generator,dynamic_session,Dynamic Session Pattern Assignment,50,6,360,1c82f60e053346c1b8585e22506d9cb6eac334df866fd3dc5d4d9db6f262321e,3699990524,ad9e6bc4a4b0a732f7fe4c442244a3060cb65b3238c078ab76551d9de6c34d8c,True,bayesian_windowed,A3) Two-Stage Bayesian Posterior + Hungarian,False,300,300,0,0.0,300,291,0,0.97,0.97,0.3358342686970237,1.5848961320875543,381.4033333333333,415.1,14.189498208012083,300,0,0,0,0,1.0,0.0,0.0,0.0,0.0,1.0,16.783333333333335,0.0,0.0,0.0,0.0,0.0,,0.0,0.0,11.22073116293177,2.7379484959092224,0.0,0.22922063316218555,14.187900292003178,11.22073116293177,0.22922063316218555
20260711_164832_170489,bae7bf40726b12938559777771e8ab509aaf37f9f9bad6244622d6e70161ad2e,27,2187632418,1977915777,2187632418,7,300,50,60,5,30,10.0,120,current,Optimized Pattern Generator,dynamic_session,Dynamic Session Pattern Assignment,50,6,360,1c82f60e053346c1b8585e22506d9cb6eac334df866fd3dc5d4d9db6f262321e,3699990524,ad9e6bc4a4b0a732f7fe4c442244a3060cb65b3238c078ab76551d9de6c34d8c,True,bayesian_windowed_memory_off,A3 Ablation) Posterior Memory Off,False,300,300,0,0.0,300,288,0,0.96,0.96,0.5950247740574038,1.850253771032555,381.4033333333333,415.1,14.620889958008775,300,0,0,0,0,1.0,0.0,0.0,0.0,0.0,1.0,16.783333333333335,0.0,0.0,0.0,0.0,0.0,,0.0,0.0,11.5773045039532,2.820955045026494,0.0,0.22098157602886204,14.619241125008557,11.5773045039532,0.22098157602886204
20260711_164832_170489,bae7bf40726b12938559777771e8ab509aaf37f9f9bad6244622d6e70161ad2e,27,2187632418,2395032881,2187632418,7,300,50,60,5,30,10.0,120,current,Optimized Pattern Generator,dynamic_session,Dynamic Session Pattern Assignment,50,6,360,1c82f60e053346c1b8585e22506d9cb6eac334df866fd3dc5d4d9db6f262321e,3699990524,ad9e6bc4a4b0a732f7fe4c442244a3060cb65b3238c078ab76551d9de6c34d8c,True,bayesian_windowed_timeprior_off,A3 Ablation) Time Prior Off,False,300,300,0,0.0,300,291,0,0.97,0.97,0.3389125097557486,1.5852293667967057,381.4033333333333,415.1,15.156421042003785,300,0,0,0,0,1.0,0.0,0.0,0.0,0.0,1.0,16.783333333333335,0.0,0.0,0.0,0.0,0.0,,0.0,0.0,12.075144535803702,2.8659017420577584,0.0,0.21362218113790732,15.154668458999367,12.075144535803702,0.21362218113790732
20260711_164832_170489,bae7bf40726b12938559777771e8ab509aaf37f9f9bad6244622d6e70161ad2e,27,2187632418,433795911,2187632418,7,300,50,60,5,30,10.0,120,current,Optimized Pattern Generator,dynamic_session,Dynamic Session Pattern Assignment,50,6,360,1c82f60e053346c1b8585e22506d9cb6eac334df866fd3dc5d4d9db6f262321e,3699990524,ad9e6bc4a4b0a732f7fe4c442244a3060cb65b3238c078ab76551d9de6c34d8c,True,bayesian_windowed_all_off,A3 Ablation) Time Prior + Memory Off,False,300,300,0,0.0,300,287,0,0.9566666666666667,0.9566666666666667,0.5962427478813173,1.8507049976846015,381.4033333333333,415.1,14.267679249998764,300,0,0,0,0,1.0,0.0,0.0,0.0,0.0,1.0,16.783333333333335,0.0,0.0,0.0,0.0,0.0,,0.0,0.0,11.309872877041926,2.7508805319666862,0.0,0.20530542399501428,14.266058833003626,11.309872877041926,0.20530542399501428
20260711_164832_170489,bae7bf40726b12938559777771e8ab509aaf37f9f9bad6244622d6e70161ad2e,28,2187632419,1233724815,2187632419,8,300,50,60,5,30,10.0,120,current,Optimized Pattern Generator,dynamic_session,Dynamic Session Pattern Assignment,50,6,360,9f774c42a7462ff9a80b41fa617780757c213ed8f15474abc9195c91778a9bb9,3699990525,cf552c8f72ed7a3e77172bd15782ce08bfdcc37252a374c51130e70af5dd051a,True,single_only,A1) Refined Cost + Greedy 1:1,True,300,300,0,0.0,300,289,0,0.9633333333333334,0.9633333333333334,1.1123278412366286,5.34849714212899,382.3,417.20000000000005,15.546812457992928,300,0,0,0,0,1.0,0.0,0.0,0.0,0.0,1.0,17.843333333333334,0.0,0.0,0.0,0.0,0.0,,0.0,0.0,12.014771204907447,3.3303163338132435,0.0,0.200148461284698,15.545236000005389,12.014771204907447,0.200148461284698
20260711_164832_170489,bae7bf40726b12938559777771e8ab509aaf37f9f9bad6244622d6e70161ad2e,28,2187632419,1545686453,2187632419,8,300,50,60,5,30,10.0,120,current,Optimized Pattern Generator,dynamic_session,Dynamic Session Pattern Assignment,50,6,360,9f774c42a7462ff9a80b41fa617780757c213ed8f15474abc9195c91778a9bb9,3699990525,cf552c8f72ed7a3e77172bd15782ce08bfdcc37252a374c51130e70af5dd051a,True,single_only_dtw_off,A1 Ablation) DTW Off,False,300,300,0,0.0,300,281,0,0.9366666666666666,0.9366666666666666,0.8384780302111111,3.0866670666666662,382.3,417.20000000000005,15.67871395900147,300,0,0,0,0,1.0,0.0,0.0,0.0,0.0,1.0,17.843333333333334,0.0,0.0,0.0,0.0,0.0,,0.0,0.0,12.17046212097921,3.3014858247479424,0.0,0.205242013282259,15.67718995900941,12.17046212097921,0.205242013282259
20260711_164832_170489,bae7bf40726b12938559777771e8ab509aaf37f9f9bad6244622d6e70161ad2e,28,2187632419,866312261,2187632419,8,300,50,60,5,30,10.0,120,current,Optimized Pattern Generator,dynamic_session,Dynamic Session Pattern Assignment,50,6,360,9f774c42a7462ff9a80b41fa617780757c213ed8f15474abc9195c91778a9bb9,3699990525,cf552c8f72ed7a3e77172bd15782ce08bfdcc37252a374c51130e70af5dd051a,True,single_only_step_off,A1 Ablation) Step Signature Off,False,300,300,0,0.0,300,265,0,0.8833333333333333,0.8833333333333333,0.2069332271953207,1.0000003600000003,382.3,417.20000000000005,15.769850957993185,300,0,0,0,0,1.0,0.0,0.0,0.0,0.0,1.0,17.843333333333334,0.0,0.0,0.0,0.0,0.0,,0.0,0.0,12.227968702049111,3.3342392412014306,0.0,0.20614647374895867,15.7683544169995,12.227968702049111,0.20614647374895867
20260711_164832_170489,bae7bf40726b12938559777771e8ab509aaf37f9f9bad6244622d6e70161ad2e,28,2187632419,1815193617,2187632419,8,300,50,60,5,30,10.0,120,current,Optimized Pattern Generator,dynamic_session,Dynamic Session Pattern Assignment,50,6,360,9f774c42a7462ff9a80b41fa617780757c213ed8f15474abc9195c91778a9bb9,3699990525,cf552c8f72ed7a3e77172bd15782ce08bfdcc37252a374c51130e70af5dd051a,True,single_only_all_off,A1 Ablation) All Waveform Terms Off,False,300,300,0,0.0,300,245,0,0.8166666666666667,0.8166666666666667,1.4370002521,8.20000042,382.3,417.20000000000005,12.300828459003242,300,0,0,0,0,1.0,0.0,0.0,0.0,0.0,1.0,17.843333333333334,0.0,0.0,0.0,0.0,0.0,,0.0,0.0,12.083502166133258,0.011134826228953898,0.0,0.20453350764000788,12.29917050000222,12.083502166133258,0.20453350764000788
20260711_164832_170489,bae7bf40726b12938559777771e8ab509aaf37f9f9bad6244622d6e70161ad2e,28,2187632419,2184921354,2187632419,8,300,50,60,5,30,10.0,120,current,Optimized Pattern Generator,dynamic_session,Dynamic Session Pattern Assignment,50,6,360,9f774c42a7462ff9a80b41fa617780757c213ed8f15474abc9195c91778a9bb9,3699990525,cf552c8f72ed7a3e77172bd15782ce08bfdcc37252a374c51130e70af5dd051a,True,nomura_original_interval_hungarian,A2) Corr+DTW + Hungarian,False,300,300,0,0.0,300,271,0,0.9033333333333333,0.9033333333333333,0.08973832578666302,0.4117954395925142,382.3,417.20000000000005,20.376230334004504,300,0,0,0,0,1.0,0.0,0.0,0.0,0.0,1.0,17.843333333333334,0.0,0.0,0.0,0.0,0.0,,0.0,0.0,12.335523084911983,7.838384486924042,0.0,0.20062730315839872,20.374534874994424,12.335523084911983,0.20062730315839872
20260711_164832_170489,bae7bf40726b12938559777771e8ab509aaf37f9f9bad6244622d6e70161ad2e,28,2187632419,2176353888,2187632419,8,300,50,60,5,30,10.0,120,current,Optimized Pattern Generator,dynamic_session,Dynamic Session Pattern Assignment,50,6,360,9f774c42a7462ff9a80b41fa617780757c213ed8f15474abc9195c91778a9bb9,3699990525,cf552c8f72ed7a3e77172bd15782ce08bfdcc37252a374c51130e70af5dd051a,True,nomura_original_interval_hungarian_dtw_off,A2 Ablation) DTW Off (Corr-only),False,300,300,0,0.0,300,274,0,0.9133333333333333,0.9133333333333333,0.08030121778049218,0.29425518069862444,382.3,417.20000000000005,20.61758999999438,300,0,0,0,0,1.0,0.0,0.0,0.0,0.0,1.0,17.843333333333334,0.0,0.0,0.0,0.0,0.0,,0.0,0.0,12.462845194910187,7.922932000190485,0.0,0.2302481798978988,20.61602537499857,12.462845194910187,0.2302481798978988
20260711_164832_170489,bae7bf40726b12938559777771e8ab509aaf37f9f9bad6244622d6e70161ad2e,28,2187632419,1055930892,2187632419,8,300,50,60,5,30,10.0,120,current,Optimized Pattern Generator,dynamic_session,Dynamic Session Pattern Assignment,50,6,360,9f774c42a7462ff9a80b41fa617780757c213ed8f15474abc9195c91778a9bb9,3699990525,cf552c8f72ed7a3e77172bd15782ce08bfdcc37252a374c51130e70af5dd051a,True,nomura_original_interval_hungarian_corr_off,A2 Ablation) Corr Off (DTW-only),False,300,300,0,0.0,300,246,0,0.82,0.82,0.0010595508077343107,0.14428484078693543,382.3,417.20000000000005,20.508270082995296,300,0,0,0,0,1.0,0.0,0.0,0.0,0.0,1.0,17.843333333333334,0.0,0.0,0.0,0.0,0.0,,0.0,0.0,12.380217244892265,7.901888336855336,0.0,0.22452129326120485,20.506626875008806,12.380217244892265,0.22452129326120485
20260711_164832_170489,bae7bf40726b12938559777771e8ab509aaf37f9f9bad6244622d6e70161ad2e,28,2187632419,542446183,2187632419,8,300,50,60,5,30,10.0,120,current,Optimized Pattern Generator,dynamic_session,Dynamic Session Pattern Assignment,50,6,360,9f774c42a7462ff9a80b41fa617780757c213ed8f15474abc9195c91778a9bb9,3699990525,cf552c8f72ed7a3e77172bd15782ce08bfdcc37252a374c51130e70af5dd051a,True,nomura_original_interval_hungarian_all_off,A2 Ablation) All Waveform Terms Off,False,300,300,0,0.0,300,245,0,0.8166666666666667,0.8166666666666667,1.4370002521,8.20000042,382.3,417.20000000000005,12.10838866600534,300,0,0,0,0,1.0,0.0,0.0,0.0,0.0,1.0,17.843333333333334,0.0,0.0,0.0,0.0,0.0,,0.0,0.0,11.899526913257432,0.010197074079769664,0.0,0.19707647066388745,12.10680045800109,11.899526913257432,0.19707647066388745
20260711_164832_170489,bae7bf40726b12938559777771e8ab509aaf37f9f9bad6244622d6e70161ad2e,28,2187632419,1367392790,2187632419,8,300,50,60,5,30,10.0,120,current,Optimized Pattern Generator,dynamic_session,Dynamic Session Pattern Assignment,50,6,360,9f774c42a7462ff9a80b41fa617780757c213ed8f15474abc9195c91778a9bb9,3699990525,cf552c8f72ed7a3e77172bd15782ce08bfdcc37252a374c51130e70af5dd051a,True,bayesian_windowed,A3) Two-Stage Bayesian Posterior + Hungarian,False,300,300,0,0.0,300,297,0,0.99,0.99,0.34787087313099796,1.3972984731388056,382.3,417.20000000000005,15.218672667004284,300,0,0,0,0,1.0,0.0,0.0,0.0,0.0,1.0,17.843333333333334,0.0,0.0,0.0,0.0,0.0,,0.0,0.0,12.069371314064483,2.9502437000337522,0.0,0.19740123589872383,15.21701624999696,12.069371314064483,0.19740123589872383
20260711_164832_170489,bae7bf40726b12938559777771e8ab509aaf37f9f9bad6244622d6e70161ad2e,28,2187632419,1977915776,2187632419,8,300,50,60,5,30,10.0,120,current,Optimized Pattern Generator,dynamic_session,Dynamic Session Pattern Assignment,50,6,360,9f774c42a7462ff9a80b41fa617780757c213ed8f15474abc9195c91778a9bb9,3699990525,cf552c8f72ed7a3e77172bd15782ce08bfdcc37252a374c51130e70af5dd051a,True,bayesian_windowed_memory_off,A3 Ablation) Posterior Memory Off,False,300,300,0,0.0,300,289,0,0.9633333333333334,0.9633333333333334,0.6209464037076148,1.8450119880552152,382.3,417.20000000000005,15.422022291997564,300,0,0,0,0,1.0,0.0,0.0,0.0,0.0,1.0,17.843333333333334,0.0,0.0,0.0,0.0,0.0,,0.0,0.0,12.239550194935873,2.9761054089613026,0.0,0.2047356881084852,15.420391292005661,12.239550194935873,0.2047356881084852
20260711_164832_170489,bae7bf40726b12938559777771e8ab509aaf37f9f9bad6244622d6e70161ad2e,28,2187632419,2395032880,2187632419,8,300,50,60,5,30,10.0,120,current,Optimized Pattern Generator,dynamic_session,Dynamic Session Pattern Assignment,50,6,360,9f774c42a7462ff9a80b41fa617780757c213ed8f15474abc9195c91778a9bb9,3699990525,cf552c8f72ed7a3e77172bd15782ce08bfdcc37252a374c51130e70af5dd051a,True,bayesian_windowed_timeprior_off,A3 Ablation) Time Prior Off,False,300,300,0,0.0,300,297,0,0.99,0.99,0.35030245996473314,1.3972984731388056,382.3,417.20000000000005,15.214509874989744,300,0,0,0,0,1.0,0.0,0.0,0.0,0.0,1.0,17.843333333333334,0.0,0.0,0.0,0.0,0.0,,0.0,0.0,12.036735618064995,2.9548070750170154,0.0,0.22127597391954623,15.212818667001557,12.036735618064995,0.22127597391954623
20260711_164832_170489,bae7bf40726b12938559777771e8ab509aaf37f9f9bad6244622d6e70161ad2e,28,2187632419,433795910,2187632419,8,300,50,60,5,30,10.0,120,current,Optimized Pattern Generator,dynamic_session,Dynamic Session Pattern Assignment,50,6,360,9f774c42a7462ff9a80b41fa617780757c213ed8f15474abc9195c91778a9bb9,3699990525,cf552c8f72ed7a3e77172bd15782ce08bfdcc37252a374c51130e70af5dd051a,True,bayesian_windowed_all_off,A3 Ablation) Time Prior + Memory Off,False,300,300,0,0.0,300,289,0,0.9633333333333334,0.9633333333333334,0.6221512860125672,1.8450119880552152,382.3,417.20000000000005,15.174654083006317,300,0,0,0,0,1.0,0.0,0.0,0.0,0.0,1.0,17.843333333333334,0.0,0.0,0.0,0.0,0.0,,0.0,0.0,12.041299804099253,2.926930954825366,0.0,0.20479011606948916,15.173020874994108,12.041299804099253,0.20479011606948916
20260711_164832_170489,bae7bf40726b12938559777771e8ab509aaf37f9f9bad6244622d6e70161ad2e,29,2187632420,1233724808,2187632420,9,300,50,60,5,30,10.0,120,current,Optimized Pattern Generator,dynamic_session,Dynamic Session Pattern Assignment,50,6,360,f84ea4bb41f2353ed52ebac5e83d0ac6602110e5d60410af385c49d8f9de5ffa,3699990522,eead485780d14519c3160b624e2cee1397ef2755d94d43fa0513f6559b645beb,True,single_only,A1) Refined Cost + Greedy 1:1,True,300,300,0,0.0,300,286,0,0.9533333333333334,0.9533333333333334,1.072403176464851,4.923051897536057,382.4,424.1,15.044527750011184,300,0,0,0,0,1.0,0.0,0.0,0.0,0.0,1.0,17.6,0.0,0.0,0.0,0.0,0.0,,0.0,0.0,11.639247529907152,3.199048319045687,0.0,0.20465161005267873,15.042947459005518,11.639247529907152,0.20465161005267873
20260711_164832_170489,bae7bf40726b12938559777771e8ab509aaf37f9f9bad6244622d6e70161ad2e,29,2187632420,1545686450,2187632420,9,300,50,60,5,30,10.0,120,current,Optimized Pattern Generator,dynamic_session,Dynamic Session Pattern Assignment,50,6,360,f84ea4bb41f2353ed52ebac5e83d0ac6602110e5d60410af385c49d8f9de5ffa,3699990522,eead485780d14519c3160b624e2cee1397ef2755d94d43fa0513f6559b645beb,True,single_only_dtw_off,A1 Ablation) DTW Off,False,300,300,0,0.0,300,284,0,0.9466666666666667,0.9466666666666667,0.8393335994666667,4.3133336333333325,382.4,424.1,15.327190791998873,300,0,0,0,0,1.0,0.0,0.0,0.0,0.0,1.0,17.6,0.0,0.0,0.0,0.0,0.0,,0.0,0.0,11.832755127936252,3.2712682950805174,0.0,0.22166128498793114,15.325684708004701,11.832755127936252,0.22166128498793114
20260711_164832_170489,bae7bf40726b12938559777771e8ab509aaf37f9f9bad6244622d6e70161ad2e,29,2187632420,866312258,2187632420,9,300,50,60,5,30,10.0,120,current,Optimized Pattern Generator,dynamic_session,Dynamic Session Pattern Assignment,50,6,360,f84ea4bb41f2353ed52ebac5e83d0ac6602110e5d60410af385c49d8f9de5ffa,3699990522,eead485780d14519c3160b624e2cee1397ef2755d94d43fa0513f6559b645beb,True,single_only_step_off,A1 Ablation) Step Signature Off,False,300,300,0,0.0,300,261,0,0.87,0.87,0.19538696454932564,1.059072446626308,382.4,424.1,15.288634458993329,300,0,0,0,0,1.0,0.0,0.0,0.0,0.0,1.0,17.6,0.0,0.0,0.0,0.0,0.0,,0.0,0.0,11.847180125070736,3.2426959839795018,0.0,0.19715434894897044,15.287030457999208,11.847180125070736,0.19715434894897044
20260711_164832_170489,bae7bf40726b12938559777771e8ab509aaf37f9f9bad6244622d6e70161ad2e,29,2187632420,1815193622,2187632420,9,300,50,60,5,30,10.0,120,current,Optimized Pattern Generator,dynamic_session,Dynamic Session Pattern Assignment,50,6,360,f84ea4bb41f2353ed52ebac5e83d0ac6602110e5d60410af385c49d8f9de5ffa,3699990522,eead485780d14519c3160b624e2cee1397ef2755d94d43fa0513f6559b645beb,True,single_only_all_off,A1 Ablation) All Waveform Terms Off,False,300,300,0,0.0,300,240,0,0.8,0.8,1.433666923,8.200001170000002,382.4,424.1,11.935116291002487,300,0,0,0,0,1.0,0.0,0.0,0.0,0.0,1.0,17.6,0.0,0.0,0.0,0.0,0.0,,0.0,0.0,11.72505679295864,0.010063541776617058,0.0,0.19845708226785064,11.933577417003107,11.72505679295864,0.19845708226785064
20260711_164832_170489,bae7bf40726b12938559777771e8ab509aaf37f9f9bad6244622d6e70161ad2e,29,2187632420,2184921357,2187632420,9,300,50,60,5,30,10.0,120,current,Optimized Pattern Generator,dynamic_session,Dynamic Session Pattern Assignment,50,6,360,f84ea4bb41f2353ed52ebac5e83d0ac6602110e5d60410af385c49d8f9de5ffa,3699990522,eead485780d14519c3160b624e2cee1397ef2755d94d43fa0513f6559b645beb,True,nomura_original_interval_hungarian,A2) Corr+DTW + Hungarian,False,300,300,0,0.0,300,267,0,0.89,0.89,0.08607239166946484,0.4658793407900886,382.4,424.1,20.581725916999858,300,0,0,0,0,1.0,0.0,0.0,0.0,0.0,1.0,17.6,0.0,0.0,0.0,0.0,0.0,,0.0,0.0,12.484671368132695,7.873142619981081,0.0,0.22223530388146173,20.580049291995238,12.484671368132695,0.22223530388146173
20260711_164832_170489,bae7bf40726b12938559777771e8ab509aaf37f9f9bad6244622d6e70161ad2e,29,2187632420,2176353895,2187632420,9,300,50,60,5,30,10.0,120,current,Optimized Pattern Generator,dynamic_session,Dynamic Session Pattern Assignment,50,6,360,f84ea4bb41f2353ed52ebac5e83d0ac6602110e5d60410af385c49d8f9de5ffa,3699990522,eead485780d14519c3160b624e2cee1397ef2755d94d43fa0513f6559b645beb,True,nomura_original_interval_hungarian_dtw_off,A2 Ablation) DTW Off (Corr-only),False,300,300,0,0.0,300,264,0,0.88,0.88,0.07748140417569602,0.33359042173323467,382.4,424.1,19.50171212499845,300,0,0,0,0,1.0,0.0,0.0,0.0,0.0,1.0,17.6,0.0,0.0,0.0,0.0,0.0,,0.0,0.0,11.6731020839361,7.62485630295123,0.0,0.2020817801094381,19.50004016699677,11.6731020839361,0.2020817801094381
20260711_164832_170489,bae7bf40726b12938559777771e8ab509aaf37f9f9bad6244622d6e70161ad2e,29,2187632420,1055930891,2187632420,9,300,50,60,5,30,10.0,120,current,Optimized Pattern Generator,dynamic_session,Dynamic Session Pattern Assignment,50,6,360,f84ea4bb41f2353ed52ebac5e83d0ac6602110e5d60410af385c49d8f9de5ffa,3699990522,eead485780d14519c3160b624e2cee1397ef2755d94d43fa0513f6559b645beb,True,nomura_original_interval_hungarian_corr_off,A2 Ablation) Corr Off (DTW-only),False,300,300,0,0.0,300,246,0,0.82,0.82,0.0016641029886877796,0.3193182767526613,382.4,424.1,19.67669420898892,300,0,0,0,0,1.0,0.0,0.0,0.0,0.0,1.0,17.6,0.0,0.0,0.0,0.0,0.0,,0.0,0.0,11.787734086858109,7.684102125989739,0.0,0.20323224514140747,19.675068457989255,11.787734086858109,0.20323224514140747
20260711_164832_170489,bae7bf40726b12938559777771e8ab509aaf37f9f9bad6244622d6e70161ad2e,29,2187632420,542446176,2187632420,9,300,50,60,5,30,10.0,120,current,Optimized Pattern Generator,dynamic_session,Dynamic Session Pattern Assignment,50,6,360,f84ea4bb41f2353ed52ebac5e83d0ac6602110e5d60410af385c49d8f9de5ffa,3699990522,eead485780d14519c3160b624e2cee1397ef2755d94d43fa0513f6559b645beb,True,nomura_original_interval_hungarian_all_off,A2 Ablation) All Waveform Terms Off,False,300,300,0,0.0,300,240,0,0.8,0.8,1.433666923,8.200001170000002,382.4,424.1,12.597715374999098,300,0,0,0,0,1.0,0.0,0.0,0.0,0.0,1.0,17.6,0.0,0.0,0.0,0.0,0.0,,0.0,0.0,12.377423928730423,0.012259701048606075,0.0,0.2063247032201616,12.59600833299919,12.377423928730423,0.2063247032201616
20260711_164832_170489,bae7bf40726b12938559777771e8ab509aaf37f9f9bad6244622d6e70161ad2e,29,2187632420,1367392785,2187632420,9,300,50,60,5,30,10.0,120,current,Optimized Pattern Generator,dynamic_session,Dynamic Session Pattern Assignment,50,6,360,f84ea4bb41f2353ed52ebac5e83d0ac6602110e5d60410af385c49d8f9de5ffa,3699990522,eead485780d14519c3160b624e2cee1397ef2755d94d43fa0513f6559b645beb,True,bayesian_windowed,A3) Two-Stage Bayesian Posterior + Hungarian,False,300,300,0,0.0,300,293,0,0.9766666666666667,0.9766666666666667,0.3567268427099016,1.1872771770152826,382.4,424.1,15.231070542009547,300,0,0,0,0,1.0,0.0,0.0,0.0,0.0,1.0,17.6,0.0,0.0,0.0,0.0,0.0,,0.0,0.0,12.078992090013344,2.926786127995001,0.0,0.22366357398277614,15.229441791991121,12.078992090013344,0.22366357398277614
20260711_164832_170489,bae7bf40726b12938559777771e8ab509aaf37f9f9bad6244622d6e70161ad2e,29,2187632420,1977915783,2187632420,9,300,50,60,5,30,10.0,120,current,Optimized Pattern Generator,dynamic_session,Dynamic Session Pattern Assignment,50,6,360,f84ea4bb41f2353ed52ebac5e83d0ac6602110e5d60410af385c49d8f9de5ffa,3699990522,eead485780d14519c3160b624e2cee1397ef2755d94d43fa0513f6559b645beb,True,bayesian_windowed_memory_off,A3 Ablation) Posterior Memory Off,False,300,300,0,0.0,300,286,0,0.9533333333333334,0.9533333333333334,0.6324984328028118,1.547113215718888,382.4,424.1,14.791269665991422,300,0,0,0,0,1.0,0.0,0.0,0.0,0.0,1.0,17.6,0.0,0.0,0.0,0.0,0.0,,0.0,0.0,11.721176951032248,2.871511825142079,0.0,0.1969575578259537,14.789646334000281,11.721176951032248,0.1969575578259537
20260711_164832_170489,bae7bf40726b12938559777771e8ab509aaf37f9f9bad6244622d6e70161ad2e,29,2187632420,2395032887,2187632420,9,300,50,60,5,30,10.0,120,current,Optimized Pattern Generator,dynamic_session,Dynamic Session Pattern Assignment,50,6,360,f84ea4bb41f2353ed52ebac5e83d0ac6602110e5d60410af385c49d8f9de5ffa,3699990522,eead485780d14519c3160b624e2cee1397ef2755d94d43fa0513f6559b645beb,True,bayesian_windowed_timeprior_off,A3 Ablation) Time Prior Off,False,300,300,0,0.0,300,293,0,0.9766666666666667,0.9766666666666667,0.35938274615929117,1.1970170511869698,382.4,424.1,14.991107874986483,300,0,0,0,0,1.0,0.0,0.0,0.0,0.0,1.0,17.6,0.0,0.0,0.0,0.0,0.0,,0.0,0.0,11.892737408779794,2.8972396497556474,0.0,0.19950235847500153,14.989479417010443,11.892737408779794,0.19950235847500153
20260711_164832_170489,bae7bf40726b12938559777771e8ab509aaf37f9f9bad6244622d6e70161ad2e,29,2187632420,433795905,2187632420,9,300,50,60,5,30,10.0,120,current,Optimized Pattern Generator,dynamic_session,Dynamic Session Pattern Assignment,50,6,360,f84ea4bb41f2353ed52ebac5e83d0ac6602110e5d60410af385c49d8f9de5ffa,3699990522,eead485780d14519c3160b624e2cee1397ef2755d94d43fa0513f6559b645beb,True,bayesian_windowed_all_off,A3 Ablation) Time Prior + Memory Off,False,300,300,0,0.0,300,286,0,0.9533333333333334,0.9533333333333334,0.6337744278060938,1.547113215718888,382.4,424.1,14.764087208008277,300,0,0,0,0,1.0,0.0,0.0,0.0,0.0,1.0,17.6,0.0,0.0,0.0,0.0,0.0,,0.0,0.0,11.695008000853704,2.8652087800292065,0.0,0.2022171771241119,14.762433958007023,11.695008000853704,0.2022171771241119
20260711_164832_170489,bae7bf40726b12938559777771e8ab509aaf37f9f9bad6244622d6e70161ad2e,30,2187632421,1233724809,2187632421,10,300,50,60,5,30,10.0,120,current,Optimized Pattern Generator,dynamic_session,Dynamic Session Pattern Assignment,50,6,360,69aac4c6106025a14d27e8683e7686f59bffa3cccdcc41dc4734da4a7b04c02c,3699990523,faea11c91c22dbe268ba13215606d146850e069e24d99a3f002843556704f2fc,True,single_only,A1) Refined Cost + Greedy 1:1,True,300,300,0,0.0,300,284,0,0.9466666666666667,0.9466666666666667,1.1285329044145,4.960264303484595,381.7733333333333,422.20000000000005,14.741251458006445,300,0,0,0,0,1.0,0.0,0.0,0.0,0.0,1.0,17.14666666666667,0.0,0.0,0.0,0.0,0.0,,0.0,0.0,11.41735787500511,3.1235740430711303,0.0,0.19870420692313928,14.739636124999379,11.41735787500511,0.19870420692313928
20260711_164832_170489,bae7bf40726b12938559777771e8ab509aaf37f9f9bad6244622d6e70161ad2e,30,2187632421,1545686451,2187632421,10,300,50,60,5,30,10.0,120,current,Optimized Pattern Generator,dynamic_session,Dynamic Session Pattern Assignment,50,6,360,69aac4c6106025a14d27e8683e7686f59bffa3cccdcc41dc4734da4a7b04c02c,3699990523,faea11c91c22dbe268ba13215606d146850e069e24d99a3f002843556704f2fc,True,single_only_dtw_off,A1 Ablation) DTW Off,False,300,300,0,0.0,300,277,0,0.9233333333333333,0.9233333333333333,0.8597780461111112,3.6800001399999998,381.7733333333333,422.20000000000005,14.747707624992472,300,0,0,0,0,1.0,0.0,0.0,0.0,0.0,1.0,17.14666666666667,0.0,0.0,0.0,0.0,0.0,,0.0,0.0,11.400927037058864,3.1419523209915496,0.0,0.2032960999495117,14.746175457999925,11.400927037058864,0.2032960999495117
20260711_164832_170489,bae7bf40726b12938559777771e8ab509aaf37f9f9bad6244622d6e70161ad2e,30,2187632421,866312259,2187632421,10,300,50,60,5,30,10.0,120,current,Optimized Pattern Generator,dynamic_session,Dynamic Session Pattern Assignment,50,6,360,69aac4c6106025a14d27e8683e7686f59bffa3cccdcc41dc4734da4a7b04c02c,3699990523,faea11c91c22dbe268ba13215606d146850e069e24d99a3f002843556704f2fc,True,single_only_step_off,A1 Ablation) Step Signature Off,False,300,300,0,0.0,300,261,0,0.87,0.87,0.20977969169047597,1.2385806599774802,381.7733333333333,422.20000000000005,14.816780167006073,300,0,0,0,0,1.0,0.0,0.0,0.0,0.0,1.0,17.14666666666667,0.0,0.0,0.0,0.0,0.0,,0.0,0.0,11.455637294944609,3.137976277139387,0.0,0.22152576092048548,14.815139333004481,11.455637294944609,0.22152576092048548
20260711_164832_170489,bae7bf40726b12938559777771e8ab509aaf37f9f9bad6244622d6e70161ad2e,30,2187632421,1815193623,2187632421,10,300,50,60,5,30,10.0,120,current,Optimized Pattern Generator,dynamic_session,Dynamic Session Pattern Assignment,50,6,360,69aac4c6106025a14d27e8683e7686f59bffa3cccdcc41dc4734da4a7b04c02c,3699990523,faea11c91c22dbe268ba13215606d146850e069e24d99a3f002843556704f2fc,True,single_only_all_off,A1 Ablation) All Waveform Terms Off,False,300,300,0,0.0,300,225,0,0.75,0.75,1.393333599,7.300000140000001,381.7733333333333,422.20000000000005,12.530375333997654,300,0,0,0,0,1.0,0.0,0.0,0.0,0.0,1.0,17.14666666666667,0.0,0.0,0.0,0.0,0.0,,0.0,0.0,12.30863762984518,0.012510656844824553,0.0,0.20765550431679003,12.528803791006794,12.30863762984518,0.20765550431679003
20260711_164832_170489,bae7bf40726b12938559777771e8ab509aaf37f9f9bad6244622d6e70161ad2e,30,2187632421,2184921356,2187632421,10,300,50,60,5,30,10.0,120,current,Optimized Pattern Generator,dynamic_session,Dynamic Session Pattern Assignment,50,6,360,69aac4c6106025a14d27e8683e7686f59bffa3cccdcc41dc4734da4a7b04c02c,3699990523,faea11c91c22dbe268ba13215606d146850e069e24d99a3f002843556704f2fc,True,nomura_original_interval_hungarian,A2) Corr+DTW + Hungarian,False,300,300,0,0.0,300,275,0,0.9166666666666666,0.9166666666666666,0.09195675501097929,0.4255320315471875,381.7733333333333,422.20000000000005,19.317456374992616,300,0,0,0,0,1.0,0.0,0.0,0.0,0.0,1.0,17.14666666666667,0.0,0.0,0.0,0.0,0.0,,0.0,0.0,11.544867053060443,7.490742449139361,0.0,0.280261581792729,19.315871083992533,11.544867053060443,0.280261581792729
20260711_164832_170489,bae7bf40726b12938559777771e8ab509aaf37f9f9bad6244622d6e70161ad2e,30,2187632421,2176353894,2187632421,10,300,50,60,5,30,10.0,120,current,Optimized Pattern Generator,dynamic_session,Dynamic Session Pattern Assignment,50,6,360,69aac4c6106025a14d27e8683e7686f59bffa3cccdcc41dc4734da4a7b04c02c,3699990523,faea11c91c22dbe268ba13215606d146850e069e24d99a3f002843556704f2fc,True,nomura_original_interval_hungarian_dtw_off,A2 Ablation) DTW Off (Corr-only),False,300,300,0,0.0,300,265,0,0.8833333333333333,0.8833333333333333,0.08133070786662515,0.3588998421486487,381.7733333333333,422.20000000000005,19.174200333000044,300,0,0,0,0,1.0,0.0,0.0,0.0,0.0,1.0,17.14666666666667,0.0,0.0,0.0,0.0,0.0,,0.0,0.0,11.488811169067048,7.486036368092755,0.0,0.19779067084891722,19.17263820800872,11.488811169067048,0.19779067084891722
20260711_164832_170489,bae7bf40726b12938559777771e8ab509aaf37f9f9bad6244622d6e70161ad2e,30,2187632421,1055930890,2187632421,10,300,50,60,5,30,10.0,120,current,Optimized Pattern Generator,dynamic_session,Dynamic Session Pattern Assignment,50,6,360,69aac4c6106025a14d27e8683e7686f59bffa3cccdcc41dc4734da4a7b04c02c,3699990523,faea11c91c22dbe268ba13215606d146850e069e24d99a3f002843556704f2fc,True,nomura_original_interval_hungarian_corr_off,A2 Ablation) Corr Off (DTW-only),False,300,300,0,0.0,300,248,0,0.8266666666666667,0.8266666666666667,0.0018996049184872876,0.13058052767351855,381.7733333333333,422.20000000000005,19.606213833001675,300,0,0,0,0,1.0,0.0,0.0,0.0,0.0,1.0,17.14666666666667,0.0,0.0,0.0,0.0,0.0,,0.0,0.0,11.825961751063005,7.554302332966472,0.0,0.2243027909717057,19.604566875001183,11.825961751063005,0.2243027909717057
20260711_164832_170489,bae7bf40726b12938559777771e8ab509aaf37f9f9bad6244622d6e70161ad2e,30,2187632421,542446177,2187632421,10,300,50,60,5,30,10.0,120,current,Optimized Pattern Generator,dynamic_session,Dynamic Session Pattern Assignment,50,6,360,69aac4c6106025a14d27e8683e7686f59bffa3cccdcc41dc4734da4a7b04c02c,3699990523,faea11c91c22dbe268ba13215606d146850e069e24d99a3f002843556704f2fc,True,nomura_original_interval_hungarian_all_off,A2 Ablation) All Waveform Terms Off,False,300,300,0,0.0,300,225,0,0.75,0.75,1.393333599,7.300000140000001,381.7733333333333,422.20000000000005,11.549217416992178,300,0,0,0,0,1.0,0.0,0.0,0.0,0.0,1.0,17.14666666666667,0.0,0.0,0.0,0.0,0.0,,0.0,0.0,11.341114960203413,0.009506911024800502,0.0,0.1970362117717741,11.547658082999988,11.341114960203413,0.1970362117717741
20260711_164832_170489,bae7bf40726b12938559777771e8ab509aaf37f9f9bad6244622d6e70161ad2e,30,2187632421,1367392784,2187632421,10,300,50,60,5,30,10.0,120,current,Optimized Pattern Generator,dynamic_session,Dynamic Session Pattern Assignment,50,6,360,69aac4c6106025a14d27e8683e7686f59bffa3cccdcc41dc4734da4a7b04c02c,3699990523,faea11c91c22dbe268ba13215606d146850e069e24d99a3f002843556704f2fc,True,bayesian_windowed,A3) Two-Stage Bayesian Posterior + Hungarian,False,300,300,0,0.0,300,294,0,0.98,0.98,0.3865676422652067,1.6917549213109149,381.7733333333333,422.20000000000005,14.612275124993175,300,0,0,0,0,1.0,0.0,0.0,0.0,0.0,1.0,17.14666666666667,0.0,0.0,0.0,0.0,0.0,,0.0,0.0,11.585051095942617,2.8264921070222044,0.0,0.19911300504463725,14.610656208009459,11.585051095942617,0.19911300504463725
20260711_164832_170489,bae7bf40726b12938559777771e8ab509aaf37f9f9bad6244622d6e70161ad2e,30,2187632421,1977915782,2187632421,10,300,50,60,5,30,10.0,120,current,Optimized Pattern Generator,dynamic_session,Dynamic Session Pattern Assignment,50,6,360,69aac4c6106025a14d27e8683e7686f59bffa3cccdcc41dc4734da4a7b04c02c,3699990523,faea11c91c22dbe268ba13215606d146850e069e24d99a3f002843556704f2fc,True,bayesian_windowed_memory_off,A3 Ablation) Posterior Memory Off,False,300,300,0,0.0,300,284,0,0.9466666666666667,0.9466666666666667,0.6446713788219832,2.20165183257686,381.7733333333333,422.20000000000005,14.355301915988093,300,0,0,0,0,1.0,0.0,0.0,0.0,0.0,1.0,17.14666666666667,0.0,0.0,0.0,0.0,0.0,,0.0,0.0,11.358276753962855,2.7936151600588346,0.0,0.20182125298015308,14.353713167001843,11.358276753962855,0.20182125298015308
20260711_164832_170489,bae7bf40726b12938559777771e8ab509aaf37f9f9bad6244622d6e70161ad2e,30,2187632421,2395032886,2187632421,10,300,50,60,5,30,10.0,120,current,Optimized Pattern Generator,dynamic_session,Dynamic Session Pattern Assignment,50,6,360,69aac4c6106025a14d27e8683e7686f59bffa3cccdcc41dc4734da4a7b04c02c,3699990523,faea11c91c22dbe268ba13215606d146850e069e24d99a3f002843556704f2fc,True,bayesian_windowed_timeprior_off,A3 Ablation) Time Prior Off,False,300,300,0,0.0,300,294,0,0.98,0.98,0.3889459290627893,1.6917549213109149,381.7733333333333,422.20000000000005,14.608534209008212,300,0,0,0,0,1.0,0.0,0.0,0.0,0.0,1.0,17.14666666666667,0.0,0.0,0.0,0.0,0.0,,0.0,0.0,11.55794462095946,2.832132486772025,0.0,0.21685572527348995,14.606932833004976,11.55794462095946,0.21685572527348995
20260711_164832_170489,bae7bf40726b12938559777771e8ab509aaf37f9f9bad6244622d6e70161ad2e,30,2187632421,433795904,2187632421,10,300,50,60,5,30,10.0,120,current,Optimized Pattern Generator,dynamic_session,Dynamic Session Pattern Assignment,50,6,360,69aac4c6106025a14d27e8683e7686f59bffa3cccdcc41dc4734da4a7b04c02c,3699990523,faea11c91c22dbe268ba13215606d146850e069e24d99a3f002843556704f2fc,True,bayesian_windowed_all_off,A3 Ablation) Time Prior + Memory Off,False,300,300,0,0.0,300,284,0,0.9466666666666667,0.9466666666666667,0.6457657475201066,2.20165183257686,381.7733333333333,422.20000000000005,14.699722792007378,300,0,0,0,0,1.0,0.0,0.0,0.0,0.0,1.0,17.14666666666667,0.0,0.0,0.0,0.0,0.0,,0.0,0.0,11.680974488946958,2.8111728629737627,0.0,0.20601623108086642,14.698163583001588,11.680974488946958,0.20601623108086642
20260711_164832_170489,bae7bf40726b12938559777771e8ab509aaf37f9f9bad6244622d6e70161ad2e,31,2187632422,1233724810,2187632422,11,300,50,60,5,30,10.0,120,current,Optimized Pattern Generator,dynamic_session,Dynamic Session Pattern Assignment,50,6,360,a956784306939af60b896ff62117723efba3f81f7a8eef83aefb4bea8948e9a4,3699990520,815c5a7e0b3bf3d2088b70ab48bf3b19351e20d2f387e6d419bd6f405ce5f32d,True,single_only,A1) Refined Cost + Greedy 1:1,True,300,300,0,0.0,300,290,0,0.9666666666666667,0.9666666666666667,1.065593956351502,5.254313377849153,380.77,411.30000000000007,15.990465958995628,300,0,0,0,0,1.0,0.0,0.0,0.0,0.0,1.0,18.026666666666667,0.0,0.0,0.0,0.0,0.0,,0.0,0.0,12.393956920073833,3.393401747016469,0.0,0.20152804190001916,15.988886708990321,12.393956920073833,0.20152804190001916
20260711_164832_170489,bae7bf40726b12938559777771e8ab509aaf37f9f9bad6244622d6e70161ad2e,31,2187632422,1545686448,2187632422,11,300,50,60,5,30,10.0,120,current,Optimized Pattern Generator,dynamic_session,Dynamic Session Pattern Assignment,50,6,360,a956784306939af60b896ff62117723efba3f81f7a8eef83aefb4bea8948e9a4,3699990520,815c5a7e0b3bf3d2088b70ab48bf3b19351e20d2f387e6d419bd6f405ce5f32d,True,single_only_dtw_off,A1 Ablation) DTW Off,False,300,300,0,0.0,300,283,0,0.9433333333333334,0.9433333333333334,0.8149780355777778,3.823333453333333,380.77,411.30000000000007,16.286594167002477,300,0,0,0,0,1.0,0.0,0.0,0.0,0.0,1.0,18.026666666666667,0.0,0.0,0.0,0.0,0.0,,0.0,0.0,12.6823326593003,3.3833307018940104,0.0,0.21931705481256358,16.284980416006874,12.6823326593003,0.21931705481256358
20260711_164832_170489,bae7bf40726b12938559777771e8ab509aaf37f9f9bad6244622d6e70161ad2e,31,2187632422,866312256,2187632422,11,300,50,60,5,30,10.0,120,current,Optimized Pattern Generator,dynamic_session,Dynamic Session Pattern Assignment,50,6,360,a956784306939af60b896ff62117723efba3f81f7a8eef83aefb4bea8948e9a4,3699990520,815c5a7e0b3bf3d2088b70ab48bf3b19351e20d2f387e6d419bd6f405ce5f32d,True,single_only_step_off,A1 Ablation) Step Signature Off,False,300,300,0,0.0,300,261,0,0.87,0.87,0.21523433769423092,1.1084475266162535,380.77,411.30000000000007,16.878597792005166,300,0,0,0,0,1.0,0.0,0.0,0.0,0.0,1.0,18.026666666666667,0.0,0.0,0.0,0.0,0.0,,0.0,0.0,13.133746953055379,3.533910163969267,0.0,0.20937167397642042,16.877028791001067,13.133746953055379,0.20937167397642042
20260711_164832_170489,bae7bf40726b12938559777771e8ab509aaf37f9f9bad6244622d6e70161ad2e,31,2187632422,1815193620,2187632422,11,300,50,60,5,30,10.0,120,current,Optimized Pattern Generator,dynamic_session,Dynamic Session Pattern Assignment,50,6,360,a956784306939af60b896ff62117723efba3f81f7a8eef83aefb4bea8948e9a4,3699990520,815c5a7e0b3bf3d2088b70ab48bf3b19351e20d2f387e6d419bd6f405ce5f32d,True,single_only_all_off,A1 Ablation) All Waveform Terms Off,False,300,300,0,0.0,300,240,0,0.8,0.8,1.2970002561333334,8.50000007,380.77,411.30000000000007,12.429817750002258,300,0,0,0,0,1.0,0.0,0.0,0.0,0.0,1.0,18.026666666666667,0.0,0.0,0.0,0.0,0.0,,0.0,0.0,12.209103371875244,0.012047116993926466,0.0,0.20704909513005987,12.42819958399923,12.209103371875244,0.20704909513005987
20260711_164832_170489,bae7bf40726b12938559777771e8ab509aaf37f9f9bad6244622d6e70161ad2e,31,2187632422,2184921359,2187632422,11,300,50,60,5,30,10.0,120,current,Optimized Pattern Generator,dynamic_session,Dynamic Session Pattern Assignment,50,6,360,a956784306939af60b896ff62117723efba3f81f7a8eef83aefb4bea8948e9a4,3699990520,815c5a7e0b3bf3d2088b70ab48bf3b19351e20d2f387e6d419bd6f405ce5f32d,True,nomura_original_interval_hungarian,A2) Corr+DTW + Hungarian,False,300,300,0,0.0,300,265,0,0.8833333333333333,0.8833333333333333,0.09700942281569551,0.5501616888104919,380.77,411.30000000000007,20.468264082999667,300,0,0,0,0,1.0,0.0,0.0,0.0,0.0,1.0,18.026666666666667,0.0,0.0,0.0,0.0,0.0,,0.0,0.0,12.298277918001986,7.944871978834271,0.0,0.22349389515875373,20.46664379199501,12.298277918001986,0.22349389515875373
20260711_164832_170489,bae7bf40726b12938559777771e8ab509aaf37f9f9bad6244622d6e70161ad2e,31,2187632422,2176353893,2187632422,11,300,50,60,5,30,10.0,120,current,Optimized Pattern Generator,dynamic_session,Dynamic Session Pattern Assignment,50,6,360,a956784306939af60b896ff62117723efba3f81f7a8eef83aefb4bea8948e9a4,3699990520,815c5a7e0b3bf3d2088b70ab48bf3b19351e20d2f387e6d419bd6f405ce5f32d,True,nomura_original_interval_hungarian_dtw_off,A2 Ablation) DTW Off (Corr-only),False,300,300,0,0.0,300,261,0,0.87,0.87,0.08478461638472223,0.3395504096259144,380.77,411.30000000000007,20.370581000010134,300,0,0,0,0,1.0,0.0,0.0,0.0,0.0,1.0,18.026666666666667,0.0,0.0,0.0,0.0,0.0,,0.0,0.0,12.234400962028303,7.9288830820296425,0.0,0.20570053994015325,20.3689845839981,12.234400962028303,0.20570053994015325
20260711_164832_170489,bae7bf40726b12938559777771e8ab509aaf37f9f9bad6244622d6e70161ad2e,31,2187632422,1055930889,2187632422,11,300,50,60,5,30,10.0,120,current,Optimized Pattern Generator,dynamic_session,Dynamic Session Pattern Assignment,50,6,360,a956784306939af60b896ff62117723efba3f81f7a8eef83aefb4bea8948e9a4,3699990520,815c5a7e0b3bf3d2088b70ab48bf3b19351e20d2f387e6d419bd6f405ce5f32d,True,nomura_original_interval_hungarian_corr_off,A2 Ablation) Corr Off (DTW-only),False,300,300,0,0.0,300,239,0,0.7966666666666666,0.7966666666666666,0.0021451318120864035,0.23805469499467705,380.77,411.30000000000007,20.770925333999912,300,0,0,0,0,1.0,0.0,0.0,0.0,0.0,1.0,18.026666666666667,0.0,0.0,0.0,0.0,0.0,,0.0,0.0,12.531867915080511,7.9847295451618265,0.0,0.25269253975420725,20.769289999996545,12.531867915080511,0.25269253975420725
20260711_164832_170489,bae7bf40726b12938559777771e8ab509aaf37f9f9bad6244622d6e70161ad2e,31,2187632422,542446178,2187632422,11,300,50,60,5,30,10.0,120,current,Optimized Pattern Generator,dynamic_session,Dynamic Session Pattern Assignment,50,6,360,a956784306939af60b896ff62117723efba3f81f7a8eef83aefb4bea8948e9a4,3699990520,815c5a7e0b3bf3d2088b70ab48bf3b19351e20d2f387e6d419bd6f405ce5f32d,True,nomura_original_interval_hungarian_all_off,A2 Ablation) All Waveform Terms Off,False,300,300,0,0.0,300,240,0,0.8,0.8,1.2970002561333334,8.50000007,380.77,411.30000000000007,12.579123916002573,300,0,0,0,0,1.0,0.0,0.0,0.0,0.0,1.0,18.026666666666667,0.0,0.0,0.0,0.0,0.0,,0.0,0.0,12.366789504958433,0.01142440884723328,0.0,0.19927354418905452,12.577487457994721,12.366789504958433,0.19927354418905452
20260711_164832_170489,bae7bf40726b12938559777771e8ab509aaf37f9f9bad6244622d6e70161ad2e,31,2187632422,1367392787,2187632422,11,300,50,60,5,30,10.0,120,current,Optimized Pattern Generator,dynamic_session,Dynamic Session Pattern Assignment,50,6,360,a956784306939af60b896ff62117723efba3f81f7a8eef83aefb4bea8948e9a4,3699990520,815c5a7e0b3bf3d2088b70ab48bf3b19351e20d2f387e6d419bd6f405ce5f32d,True,bayesian_windowed,A3) Two-Stage Bayesian Posterior + Hungarian,False,300,300,0,0.0,300,295,0,0.9833333333333333,0.9833333333333333,0.376616849619773,1.5121487544436671,380.77,411.30000000000007,16.25125937499979,300,0,0,0,0,1.0,0.0,0.0,0.0,0.0,1.0,18.026666666666667,0.0,0.0,0.0,0.0,0.0,,0.0,0.0,12.931632037041709,3.093473522894783,0.0,0.22452489806164522,16.249630457998137,12.931632037041709,0.22452489806164522
20260711_164832_170489,bae7bf40726b12938559777771e8ab509aaf37f9f9bad6244622d6e70161ad2e,31,2187632422,1977915781,2187632422,11,300,50,60,5,30,10.0,120,current,Optimized Pattern Generator,dynamic_session,Dynamic Session Pattern Assignment,50,6,360,a956784306939af60b896ff62117723efba3f81f7a8eef83aefb4bea8948e9a4,3699990520,815c5a7e0b3bf3d2088b70ab48bf3b19351e20d2f387e6d419bd6f405ce5f32d,True,bayesian_windowed_memory_off,A3 Ablation) Posterior Memory Off,False,300,300,0,0.0,300,290,0,0.9666666666666667,0.9666666666666667,0.6504948158658038,1.943774288671105,380.77,411.30000000000007,15.545433499995852,300,0,0,0,0,1.0,0.0,0.0,0.0,0.0,1.0,18.026666666666667,0.0,0.0,0.0,0.0,0.0,,0.0,0.0,12.343868204014143,2.996564037966891,0.0,0.2033052990154829,15.543737540996517,12.343868204014143,0.2033052990154829
20260711_164832_170489,bae7bf40726b12938559777771e8ab509aaf37f9f9bad6244622d6e70161ad2e,31,2187632422,2395032885,2187632422,11,300,50,60,5,30,10.0,120,current,Optimized Pattern Generator,dynamic_session,Dynamic Session Pattern Assignment,50,6,360,a956784306939af60b896ff62117723efba3f81f7a8eef83aefb4bea8948e9a4,3699990520,815c5a7e0b3bf3d2088b70ab48bf3b19351e20d2f387e6d419bd6f405ce5f32d,True,bayesian_windowed_timeprior_off,A3 Ablation) Time Prior Off,False,300,300,0,0.0,300,295,0,0.9833333333333333,0.9833333333333333,0.3784152901858106,1.5121487544436671,380.77,411.30000000000007,15.982374458006234,300,0,0,0,0,1.0,0.0,0.0,0.0,0.0,1.0,18.026666666666667,0.0,0.0,0.0,0.0,0.0,,0.0,0.0,12.728540760988835,3.026240950275678,0.0,0.22596870573761407,15.980750417002128,12.728540760988835,0.22596870573761407
20260711_164832_170489,bae7bf40726b12938559777771e8ab509aaf37f9f9bad6244622d6e70161ad2e,31,2187632422,433795907,2187632422,11,300,50,60,5,30,10.0,120,current,Optimized Pattern Generator,dynamic_session,Dynamic Session Pattern Assignment,50,6,360,a956784306939af60b896ff62117723efba3f81f7a8eef83aefb4bea8948e9a4,3699990520,815c5a7e0b3bf3d2088b70ab48bf3b19351e20d2f387e6d419bd6f405ce5f32d,True,bayesian_windowed_all_off,A3 Ablation) Time Prior + Memory Off,False,300,300,0,0.0,300,290,0,0.9666666666666667,0.9666666666666667,0.6515627616982704,1.943774288671105,380.77,411.30000000000007,15.44660316700174,300,0,0,0,0,1.0,0.0,0.0,0.0,0.0,1.0,18.026666666666667,0.0,0.0,0.0,0.0,0.0,,0.0,0.0,12.25895524903899,2.988266568791005,0.0,0.19774259917903692,15.444964417009032,12.25895524903899,0.19774259917903692
20260711_164832_170489,bae7bf40726b12938559777771e8ab509aaf37f9f9bad6244622d6e70161ad2e,32,2187632423,1233724811,2187632423,12,300,50,60,5,30,10.0,120,current,Optimized Pattern Generator,dynamic_session,Dynamic Session Pattern Assignment,50,6,360,c2e3fdcac6929ac57b32f91b0624d065b32abd0cdae934b1e14cf1287bd7991a,3699990521,bc16eaf24bc720cd5d0de6897dbf349e9002883d28bfbc102158c984312f683b,True,single_only,A1) Refined Cost + Greedy 1:1,True,300,300,0,0.0,300,290,0,0.9666666666666667,0.9666666666666667,1.0404504553412743,4.76950724890577,380.1533333333333,416.0,14.951054874996771,300,0,0,0,0,1.0,0.0,0.0,0.0,0.0,1.0,17.41,0.0,0.0,0.0,0.0,0.0,,0.0,0.0,11.571941495785723,3.180105697028921,0.0,0.1974268071789993,14.949473999993643,11.571941495785723,0.1974268071789993
20260711_164832_170489,bae7bf40726b12938559777771e8ab509aaf37f9f9bad6244622d6e70161ad2e,32,2187632423,1545686449,2187632423,12,300,50,60,5,30,10.0,120,current,Optimized Pattern Generator,dynamic_session,Dynamic Session Pattern Assignment,50,6,360,c2e3fdcac6929ac57b32f91b0624d065b32abd0cdae934b1e14cf1287bd7991a,3699990521,bc16eaf24bc720cd5d0de6897dbf349e9002883d28bfbc102158c984312f683b,True,single_only_dtw_off,A1 Ablation) DTW Off,False,300,300,0,0.0,300,281,0,0.9366666666666666,0.9366666666666666,0.8278336064666667,3.1700001799999997,380.1533333333333,416.0,15.03586670900404,300,0,0,0,0,1.0,0.0,0.0,0.0,0.0,1.0,17.41,0.0,0.0,0.0,0.0,0.0,,0.0,0.0,11.604620664133108,3.226212691050023,0.0,0.2035303118173033,15.034363667000434,11.604620664133108,0.2035303118173033
20260711_164832_170489,bae7bf40726b12938559777771e8ab509aaf37f9f9bad6244622d6e70161ad2e,32,2187632423,866312257,2187632423,12,300,50,60,5,30,10.0,120,current,Optimized Pattern Generator,dynamic_session,Dynamic Session Pattern Assignment,50,6,360,c2e3fdcac6929ac57b32f91b0624d065b32abd0cdae934b1e14cf1287bd7991a,3699990521,bc16eaf24bc720cd5d0de6897dbf349e9002883d28bfbc102158c984312f683b,True,single_only_step_off,A1 Ablation) Step Signature Off,False,300,300,0,0.0,300,276,0,0.92,0.92,0.18009909979881614,1.022693291252944,380.1533333333333,416.0,15.084883374991477,300,0,0,0,0,1.0,0.0,0.0,0.0,0.0,1.0,17.41,0.0,0.0,0.0,0.0,0.0,,0.0,0.0,11.659247783914907,3.2036372461152496,0.0,0.22042913697077893,15.083314167000935,11.659247783914907,0.22042913697077893
20260711_164832_170489,bae7bf40726b12938559777771e8ab509aaf37f9f9bad6244622d6e70161ad2e,32,2187632423,1815193621,2187632423,12,300,50,60,5,30,10.0,120,current,Optimized Pattern Generator,dynamic_session,Dynamic Session Pattern Assignment,50,6,360,c2e3fdcac6929ac57b32f91b0624d065b32abd0cdae934b1e14cf1287bd7991a,3699990521,bc16eaf24bc720cd5d0de6897dbf349e9002883d28bfbc102158c984312f683b,True,single_only_all_off,A1 Ablation) All Waveform Terms Off,False,300,300,0,0.0,300,238,0,0.7933333333333333,0.7933333333333333,1.3763336034333333,8.800000220000001,380.1533333333333,416.0,11.853961708009592,300,0,0,0,0,1.0,0.0,0.0,0.0,0.0,1.0,17.41,0.0,0.0,0.0,0.0,0.0,,0.0,0.0,11.639469959831331,0.010283488998538814,0.0,0.20261638416559435,11.852369832995464,11.639469959831331,0.20261638416559435
20260711_164832_170489,bae7bf40726b12938559777771e8ab509aaf37f9f9bad6244622d6e70161ad2e,32,2187632423,2184921358,2187632423,12,300,50,60,5,30,10.0,120,current,Optimized Pattern Generator,dynamic_session,Dynamic Session Pattern Assignment,50,6,360,c2e3fdcac6929ac57b32f91b0624d065b32abd0cdae934b1e14cf1287bd7991a,3699990521,bc16eaf24bc720cd5d0de6897dbf349e9002883d28bfbc102158c984312f683b,True,nomura_original_interval_hungarian,A2) Corr+DTW + Hungarian,False,300,300,0,0.0,300,283,0,0.9433333333333334,0.9433333333333334,0.07846132995666927,0.4266686243663028,380.1533333333333,416.0,20.487807375000557,300,0,0,0,0,1.0,0.0,0.0,0.0,0.0,1.0,17.41,0.0,0.0,0.0,0.0,0.0,,0.0,0.0,12.424447037978098,7.853776114992797,0.0,0.20799559702572878,20.486218749996624,12.424447037978098,0.20799559702572878
20260711_164832_170489,bae7bf40726b12938559777771e8ab509aaf37f9f9bad6244622d6e70161ad2e,32,2187632423,2176353892,2187632423,12,300,50,60,5,30,10.0,120,current,Optimized Pattern Generator,dynamic_session,Dynamic Session Pattern Assignment,50,6,360,c2e3fdcac6929ac57b32f91b0624d065b32abd0cdae934b1e14cf1287bd7991a,3699990521,bc16eaf24bc720cd5d0de6897dbf349e9002883d28bfbc102158c984312f683b,True,nomura_original_interval_hungarian_dtw_off,A2 Ablation) DTW Off (Corr-only),False,300,300,0,0.0,300,279,0,0.93,0.93,0.0719502757452117,0.2778883718271894,380.1533333333333,416.0,19.532343500002753,300,0,0,0,0,1.0,0.0,0.0,0.0,0.0,1.0,17.41,0.0,0.0,0.0,0.0,0.0,,0.0,0.0,11.685826792017906,7.641435375029687,0.0,0.20349958294536918,19.530761749992962,11.685826792017906,0.20349958294536918
20260711_164832_170489,bae7bf40726b12938559777771e8ab509aaf37f9f9bad6244622d6e70161ad2e,32,2187632423,1055930888,2187632423,12,300,50,60,5,30,10.0,120,current,Optimized Pattern Generator,dynamic_session,Dynamic Session Pattern Assignment,50,6,360,c2e3fdcac6929ac57b32f91b0624d065b32abd0cdae934b1e14cf1287bd7991a,3699990521,bc16eaf24bc720cd5d0de6897dbf349e9002883d28bfbc102158c984312f683b,True,nomura_original_interval_hungarian_corr_off,A2 Ablation) Corr Off (DTW-only),False,300,300,0,0.0,300,263,0,0.8766666666666667,0.8766666666666667,0.0008524653148478204,0.14884687206433334,380.1533333333333,416.0,19.689383459000965,300,0,0,0,0,1.0,0.0,0.0,0.0,0.0,1.0,17.41,0.0,0.0,0.0,0.0,0.0,,0.0,0.0,11.810021456942195,7.654489121938241,0.0,0.22321212911629118,19.687722707996727,11.810021456942195,0.22321212911629118
20260711_164832_170489,bae7bf40726b12938559777771e8ab509aaf37f9f9bad6244622d6e70161ad2e,32,2187632423,542446179,2187632423,12,300,50,60,5,30,10.0,120,current,Optimized Pattern Generator,dynamic_session,Dynamic Session Pattern Assignment,50,6,360,c2e3fdcac6929ac57b32f91b0624d065b32abd0cdae934b1e14cf1287bd7991a,3699990521,bc16eaf24bc720cd5d0de6897dbf349e9002883d28bfbc102158c984312f683b,True,nomura_original_interval_hungarian_all_off,A2 Ablation) All Waveform Terms Off,False,300,300,0,0.0,300,238,0,0.7933333333333333,0.7933333333333333,1.3763336034333333,8.800000220000001,380.1533333333333,416.0,11.993058292006026,300,0,0,0,0,1.0,0.0,0.0,0.0,0.0,1.0,17.41,0.0,0.0,0.0,0.0,0.0,,0.0,0.0,11.777512245011167,0.010779154254123569,0.0,0.20324168373190332,11.991533082997194,11.777512245011167,0.20324168373190332
20260711_164832_170489,bae7bf40726b12938559777771e8ab509aaf37f9f9bad6244622d6e70161ad2e,32,2187632423,1367392786,2187632423,12,300,50,60,5,30,10.0,120,current,Optimized Pattern Generator,dynamic_session,Dynamic Session Pattern Assignment,50,6,360,c2e3fdcac6929ac57b32f91b0624d065b32abd0cdae934b1e14cf1287bd7991a,3699990521,bc16eaf24bc720cd5d0de6897dbf349e9002883d28bfbc102158c984312f683b,True,bayesian_windowed,A3) Two-Stage Bayesian Posterior + Hungarian,False,300,300,0,0.0,300,297,0,0.99,0.99,0.38057378481434434,1.352425894731746,380.1533333333333,416.0,15.176229791992228,300,0,0,0,0,1.0,0.0,0.0,0.0,0.0,1.0,17.41,0.0,0.0,0.0,0.0,0.0,,0.0,0.0,12.060967246812652,2.9117368380975677,0.0,0.20195987408806104,15.17466395899828,12.060967246812652,0.20195987408806104
20260711_164832_170489,bae7bf40726b12938559777771e8ab509aaf37f9f9bad6244622d6e70161ad2e,32,2187632423,1977915780,2187632423,12,300,50,60,5,30,10.0,120,current,Optimized Pattern Generator,dynamic_session,Dynamic Session Pattern Assignment,50,6,360,c2e3fdcac6929ac57b32f91b0624d065b32abd0cdae934b1e14cf1287bd7991a,3699990521,bc16eaf24bc720cd5d0de6897dbf349e9002883d28bfbc102158c984312f683b,True,bayesian_windowed_memory_off,A3 Ablation) Posterior Memory Off,False,300,300,0,0.0,300,291,0,0.97,0.97,0.6786212960613143,2.2857270561794394,380.1533333333333,416.0,15.281976458005374,300,0,0,0,0,1.0,0.0,0.0,0.0,0.0,1.0,17.41,0.0,0.0,0.0,0.0,0.0,,0.0,0.0,12.157613574003335,2.918015157803893,0.0,0.20482489319692831,15.280453625004156,12.157613574003335,0.20482489319692831
20260711_164832_170489,bae7bf40726b12938559777771e8ab509aaf37f9f9bad6244622d6e70161ad2e,32,2187632423,2395032884,2187632423,12,300,50,60,5,30,10.0,120,current,Optimized Pattern Generator,dynamic_session,Dynamic Session Pattern Assignment,50,6,360,c2e3fdcac6929ac57b32f91b0624d065b32abd0cdae934b1e14cf1287bd7991a,3699990521,bc16eaf24bc720cd5d0de6897dbf349e9002883d28bfbc102158c984312f683b,True,bayesian_windowed_timeprior_off,A3 Ablation) Time Prior Off,False,300,300,0,0.0,300,297,0,0.99,0.99,0.38448647226743593,1.371692526935788,380.1533333333333,416.0,14.989403583007515,300,0,0,0,0,1.0,0.0,0.0,0.0,0.0,1.0,17.41,0.0,0.0,0.0,0.0,0.0,,0.0,0.0,11.875560443062568,2.8934467421931913,0.0,0.21886235574493185,14.987869541000691,11.875560443062568,0.21886235574493185
20260711_164832_170489,bae7bf40726b12938559777771e8ab509aaf37f9f9bad6244622d6e70161ad2e,32,2187632423,433795906,2187632423,12,300,50,60,5,30,10.0,120,current,Optimized Pattern Generator,dynamic_session,Dynamic Session Pattern Assignment,50,6,360,c2e3fdcac6929ac57b32f91b0624d065b32abd0cdae934b1e14cf1287bd7991a,3699990521,bc16eaf24bc720cd5d0de6897dbf349e9002883d28bfbc102158c984312f683b,True,bayesian_windowed_all_off,A3 Ablation) Time Prior + Memory Off,False,300,300,0,0.0,300,290,0,0.9666666666666667,0.9666666666666667,0.6802707273976942,2.2861403373916422,380.1533333333333,416.0,14.84483875001024,300,0,0,0,0,1.0,0.0,0.0,0.0,0.0,1.0,17.41,0.0,0.0,0.0,0.0,0.0,,0.0,0.0,11.780360402073711,2.8655735749634914,0.0,0.1973051479581045,14.843239124995307,11.780360402073711,0.1973051479581045
20260711_164832_170489,bae7bf40726b12938559777771e8ab509aaf37f9f9bad6244622d6e70161ad2e,33,2187632424,1233724804,2187632424,13,300,50,60,5,30,10.0,120,current,Optimized Pattern Generator,dynamic_session,Dynamic Session Pattern Assignment,50,6,360,41f609b74e4f68bb480b9fea955f999aedca4336fddc51de4abe36d69cdf7cf8,3699990518,4149fda05c01771a63fb69488a87273a60aab00a883698c0820b0e4ca131f046,True,single_only,A1) Refined Cost + Greedy 1:1,True,300,300,0,0.0,300,295,0,0.9833333333333333,0.9833333333333333,1.0874539905556466,6.794237150387938,381.24333333333334,410.30000000000007,14.417482582997764,300,0,0,0,0,1.0,0.0,0.0,0.0,0.0,1.0,16.763333333333332,0.0,0.0,0.0,0.0,0.0,,0.0,0.0,11.12236604897771,3.0953849500365322,0.0,0.1982207509863656,14.415971750000608,11.12236604897771,0.1982207509863656
20260711_164832_170489,bae7bf40726b12938559777771e8ab509aaf37f9f9bad6244622d6e70161ad2e,33,2187632424,1545686462,2187632424,13,300,50,60,5,30,10.0,120,current,Optimized Pattern Generator,dynamic_session,Dynamic Session Pattern Assignment,50,6,360,41f609b74e4f68bb480b9fea955f999aedca4336fddc51de4abe36d69cdf7cf8,3699990518,4149fda05c01771a63fb69488a87273a60aab00a883698c0820b0e4ca131f046,True,single_only_dtw_off,A1 Ablation) DTW Off,False,300,300,0,0.0,300,289,0,0.9633333333333334,0.9633333333333334,0.8322891403222221,4.290000050000001,381.24333333333334,410.30000000000007,14.372429750001174,300,0,0,0,0,1.0,0.0,0.0,0.0,0.0,1.0,16.763333333333332,0.0,0.0,0.0,0.0,0.0,,0.0,0.0,11.092433743135189,3.0671268641162897,0.0,0.21127768474980257,14.370838292001281,11.092433743135189,0.21127768474980257
20260711_164832_170489,bae7bf40726b12938559777771e8ab509aaf37f9f9bad6244622d6e70161ad2e,33,2187632424,866312270,2187632424,13,300,50,60,5,30,10.0,120,current,Optimized Pattern Generator,dynamic_session,Dynamic Session Pattern Assignment,50,6,360,41f609b74e4f68bb480b9fea955f999aedca4336fddc51de4abe36d69cdf7cf8,3699990518,4149fda05c01771a63fb69488a87273a60aab00a883698c0820b0e4ca131f046,True,single_only_step_off,A1 Ablation) Step Signature Off,False,300,300,0,0.0,300,272,0,0.9066666666666666,0.9066666666666666,0.21173861902348007,1.1412634005285143,381.24333333333334,410.30000000000007,14.430413499998394,300,0,0,0,0,1.0,0.0,0.0,0.0,0.0,1.0,16.763333333333332,0.0,0.0,0.0,0.0,0.0,,0.0,0.0,11.144766364013776,3.0806298680545297,0.0,0.20343164293444715,14.428827875002753,11.144766364013776,0.20343164293444715
20260711_164832_170489,bae7bf40726b12938559777771e8ab509aaf37f9f9bad6244622d6e70161ad2e,33,2187632424,1815193626,2187632424,13,300,50,60,5,30,10.0,120,current,Optimized Pattern Generator,dynamic_session,Dynamic Session Pattern Assignment,50,6,360,41f609b74e4f68bb480b9fea955f999aedca4336fddc51de4abe36d69cdf7cf8,3699990518,4149fda05c01771a63fb69488a87273a60aab00a883698c0820b0e4ca131f046,True,single_only_all_off,A1 Ablation) All Waveform Terms Off,False,300,300,0,0.0,300,245,0,0.8166666666666667,0.8166666666666667,1.2870002562333334,7.8000004800000005,381.24333333333334,410.30000000000007,11.318279792001704,300,0,0,0,0,1.0,0.0,0.0,0.0,0.0,1.0,16.763333333333332,0.0,0.0,0.0,0.0,0.0,,0.0,0.0,11.104032118921168,0.009606111067114398,0.0,0.203144853017875,11.316783083006158,11.104032118921168,0.203144853017875
20260711_164832_170489,bae7bf40726b12938559777771e8ab509aaf37f9f9bad6244622d6e70161ad2e,33,2187632424,2184921345,2187632424,13,300,50,60,5,30,10.0,120,current,Optimized Pattern Generator,dynamic_session,Dynamic Session Pattern Assignment,50,6,360,41f609b74e4f68bb480b9fea955f999aedca4336fddc51de4abe36d69cdf7cf8,3699990518,4149fda05c01771a63fb69488a87273a60aab00a883698c0820b0e4ca131f046,True,nomura_original_interval_hungarian,A2) Corr+DTW + Hungarian,False,300,300,0,0.0,300,283,0,0.9433333333333334,0.9433333333333334,0.09185158093334397,0.4541400025024878,381.24333333333334,410.30000000000007,18.87222066700633,300,0,0,0,0,1.0,0.0,0.0,0.0,0.0,1.0,16.763333333333332,0.0,0.0,0.0,0.0,0.0,,0.0,0.0,11.2429391189944,7.4093012101366185,0.0,0.2184104208718054,18.870650750002824,11.2429391189944,0.2184104208718054
20260711_164832_170489,bae7bf40726b12938559777771e8ab509aaf37f9f9bad6244622d6e70161ad2e,33,2187632424,2176353899,2187632424,13,300,50,60,5,30,10.0,120,current,Optimized Pattern Generator,dynamic_session,Dynamic Session Pattern Assignment,50,6,360,41f609b74e4f68bb480b9fea955f999aedca4336fddc51de4abe36d69cdf7cf8,3699990518,4149fda05c01771a63fb69488a87273a60aab00a883698c0820b0e4ca131f046,True,nomura_original_interval_hungarian_dtw_off,A2 Ablation) DTW Off (Corr-only),False,300,300,0,0.0,300,277,0,0.9233333333333333,0.9233333333333333,0.08459254723258365,0.44376018205328865,381.24333333333334,410.30000000000007,18.685028082996723,300,0,0,0,0,1.0,0.0,0.0,0.0,0.0,1.0,16.763333333333332,0.0,0.0,0.0,0.0,0.0,,0.0,0.0,11.174623045968474,7.3075372881721705,0.0,0.20127683285681996,18.683437166997464,11.174623045968474,0.20127683285681996
20260711_164832_170489,bae7bf40726b12938559777771e8ab509aaf37f9f9bad6244622d6e70161ad2e,33,2187632424,1055930887,2187632424,13,300,50,60,5,30,10.0,120,current,Optimized Pattern Generator,dynamic_session,Dynamic Session Pattern Assignment,50,6,360,41f609b74e4f68bb480b9fea955f999aedca4336fddc51de4abe36d69cdf7cf8,3699990518,4149fda05c01771a63fb69488a87273a60aab00a883698c0820b0e4ca131f046,True,nomura_original_interval_hungarian_corr_off,A2 Ablation) Corr Off (DTW-only),False,300,300,0,0.0,300,260,0,0.8666666666666667,0.8666666666666667,0.0007326042892930443,0.21970534678791323,381.24333333333334,410.30000000000007,19.75713337500929,300,0,0,0,0,1.0,0.0,0.0,0.0,0.0,1.0,16.763333333333332,0.0,0.0,0.0,0.0,0.0,,0.0,0.0,12.041633004017058,7.504348322909209,0.0,0.20958521407737862,19.755566541003645,12.041633004017058,0.20958521407737862
20260711_164832_170489,bae7bf40726b12938559777771e8ab509aaf37f9f9bad6244622d6e70161ad2e,33,2187632424,542446188,2187632424,13,300,50,60,5,30,10.0,120,current,Optimized Pattern Generator,dynamic_session,Dynamic Session Pattern Assignment,50,6,360,41f609b74e4f68bb480b9fea955f999aedca4336fddc51de4abe36d69cdf7cf8,3699990518,4149fda05c01771a63fb69488a87273a60aab00a883698c0820b0e4ca131f046,True,nomura_original_interval_hungarian_all_off,A2 Ablation) All Waveform Terms Off,False,300,300,0,0.0,300,245,0,0.8166666666666667,0.8166666666666667,1.2870002562333334,7.8000004800000005,381.24333333333334,410.30000000000007,11.319007332989713,300,0,0,0,0,1.0,0.0,0.0,0.0,0.0,1.0,16.763333333333332,0.0,0.0,0.0,0.0,0.0,,0.0,0.0,11.105639240937307,0.009536358003970236,0.0,0.20229394306079485,11.317469542002073,11.105639240937307,0.20229394306079485
20260711_164832_170489,bae7bf40726b12938559777771e8ab509aaf37f9f9bad6244622d6e70161ad2e,33,2187632424,1367392797,2187632424,13,300,50,60,5,30,10.0,120,current,Optimized Pattern Generator,dynamic_session,Dynamic Session Pattern Assignment,50,6,360,41f609b74e4f68bb480b9fea955f999aedca4336fddc51de4abe36d69cdf7cf8,3699990518,4149fda05c01771a63fb69488a87273a60aab00a883698c0820b0e4ca131f046,True,bayesian_windowed,A3) Two-Stage Bayesian Posterior + Hungarian,False,300,300,0,0.0,300,295,0,0.9833333333333333,0.9833333333333333,0.29542051002499276,1.500221382400762,381.24333333333334,410.30000000000007,14.159179624999524,300,0,0,0,0,1.0,0.0,0.0,0.0,0.0,1.0,16.763333333333332,0.0,0.0,0.0,0.0,0.0,,0.0,0.0,11.193878159800079,2.7481209052348277,0.0,0.21559510196675546,14.157594167001662,11.193878159800079,0.21559510196675546
20260711_164832_170489,bae7bf40726b12938559777771e8ab509aaf37f9f9bad6244622d6e70161ad2e,33,2187632424,1977915787,2187632424,13,300,50,60,5,30,10.0,120,current,Optimized Pattern Generator,dynamic_session,Dynamic Session Pattern Assignment,50,6,360,41f609b74e4f68bb480b9fea955f999aedca4336fddc51de4abe36d69cdf7cf8,3699990518,4149fda05c01771a63fb69488a87273a60aab00a883698c0820b0e4ca131f046,True,bayesian_windowed_memory_off,A3 Ablation) Posterior Memory Off,False,300,300,0,0.0,300,295,0,0.9833333333333333,0.9833333333333333,0.5472373291684148,1.8155862004170715,381.24333333333334,410.30000000000007,14.05430229200283,300,0,0,0,0,1.0,0.0,0.0,0.0,0.0,1.0,16.763333333333332,0.0,0.0,0.0,0.0,0.0,,0.0,0.0,11.116115120035829,2.739439448909252,0.0,0.19713522205711342,14.052689791002194,11.116115120035829,0.19713522205711342
20260711_164832_170489,bae7bf40726b12938559777771e8ab509aaf37f9f9bad6244622d6e70161ad2e,33,2187632424,2395032891,2187632424,13,300,50,60,5,30,10.0,120,current,Optimized Pattern Generator,dynamic_session,Dynamic Session Pattern Assignment,50,6,360,41f609b74e4f68bb480b9fea955f999aedca4336fddc51de4abe36d69cdf7cf8,3699990518,4149fda05c01771a63fb69488a87273a60aab00a883698c0820b0e4ca131f046,True,bayesian_windowed_timeprior_off,A3 Ablation) Time Prior Off,False,300,300,0,0.0,300,295,0,0.9833333333333333,0.9833333333333333,0.2964690856140338,1.500221382400762,381.24333333333334,410.30000000000007,14.124386666997452,300,0,0,0,0,1.0,0.0,0.0,0.0,0.0,1.0,16.763333333333332,0.0,0.0,0.0,0.0,0.0,,0.0,0.0,11.173032290986157,2.750711622007657,0.0,0.19903075401089154,14.122774667004705,11.173032290986157,0.19903075401089154
20260711_164832_170489,bae7bf40726b12938559777771e8ab509aaf37f9f9bad6244622d6e70161ad2e,33,2187632424,433795917,2187632424,13,300,50,60,5,30,10.0,120,current,Optimized Pattern Generator,dynamic_session,Dynamic Session Pattern Assignment,50,6,360,41f609b74e4f68bb480b9fea955f999aedca4336fddc51de4abe36d69cdf7cf8,3699990518,4149fda05c01771a63fb69488a87273a60aab00a883698c0820b0e4ca131f046,True,bayesian_windowed_all_off,A3 Ablation) Time Prior + Memory Off,False,300,300,0,0.0,300,295,0,0.9833333333333333,0.9833333333333333,0.5480570879179756,1.8155862004170715,381.24333333333334,410.30000000000007,14.140494916995522,300,0,0,0,0,1.0,0.0,0.0,0.0,0.0,1.0,16.763333333333332,0.0,0.0,0.0,0.0,0.0,,0.0,0.0,11.188865167088807,2.7506432871014113,0.0,0.19941662981000263,14.13892508400022,11.188865167088807,0.19941662981000263
20260711_164832_170489,bae7bf40726b12938559777771e8ab509aaf37f9f9bad6244622d6e70161ad2e,34,2187632425,1233724805,2187632425,14,300,50,60,5,30,10.0,120,current,Optimized Pattern Generator,dynamic_session,Dynamic Session Pattern Assignment,50,6,360,ed8a7e4f45dae66e962cd4e298602f1b7a7af191926b7bf05786845c0d323ee6,3699990519,25112b4d332f96d748f2b0a2111ac491c901ed2d57101aa5578f7fef90967639,True,single_only,A1) Refined Cost + Greedy 1:1,True,300,300,0,0.0,300,286,0,0.9533333333333334,0.9533333333333334,1.1682351262461361,6.02687775048933,381.7266666666667,413.1,14.597136333002709,300,0,0,0,0,1.0,0.0,0.0,0.0,0.0,1.0,16.926666666666666,0.0,0.0,0.0,0.0,0.0,,0.0,0.0,11.266103127098177,3.1313323249778477,0.0,0.1980132979224436,14.595448749998468,11.266103127098177,0.1980132979224436
20260711_164832_170489,bae7bf40726b12938559777771e8ab509aaf37f9f9bad6244622d6e70161ad2e,34,2187632425,1545686463,2187632425,14,300,50,60,5,30,10.0,120,current,Optimized Pattern Generator,dynamic_session,Dynamic Session Pattern Assignment,50,6,360,ed8a7e4f45dae66e962cd4e298602f1b7a7af191926b7bf05786845c0d323ee6,3699990519,25112b4d332f96d748f2b0a2111ac491c901ed2d57101aa5578f7fef90967639,True,single_only_dtw_off,A1 Ablation) DTW Off,False,300,300,0,0.0,300,287,0,0.9566666666666667,0.9566666666666667,0.9046113636444445,4.24000032,381.7266666666667,413.1,14.706010041991249,300,0,0,0,0,1.0,0.0,0.0,0.0,0.0,1.0,16.926666666666666,0.0,0.0,0.0,0.0,0.0,,0.0,0.0,11.382927870916319,3.1075447009061463,0.0,0.2139708871691255,14.70444345899159,11.382927870916319,0.2139708871691255
20260711_164832_170489,bae7bf40726b12938559777771e8ab509aaf37f9f9bad6244622d6e70161ad2e,34,2187632425,866312271,2187632425,14,300,50,60,5,30,10.0,120,current,Optimized Pattern Generator,dynamic_session,Dynamic Session Pattern Assignment,50,6,360,ed8a7e4f45dae66e962cd4e298602f1b7a7af191926b7bf05786845c0d323ee6,3699990519,25112b4d332f96d748f2b0a2111ac491c901ed2d57101aa5578f7fef90967639,True,single_only_step_off,A1 Ablation) Step Signature Off,False,300,300,0,0.0,300,263,0,0.8766666666666667,0.8766666666666667,0.21428153143935635,1.2604945792225244,381.7266666666667,413.1,15.302794624993112,300,0,0,0,0,1.0,0.0,0.0,0.0,0.0,1.0,16.926666666666666,0.0,0.0,0.0,0.0,0.0,,0.0,0.0,11.864853753882926,3.231007701906492,0.0,0.20531837821181398,15.301179834001232,11.864853753882926,0.20531837821181398
20260711_164832_170489,bae7bf40726b12938559777771e8ab509aaf37f9f9bad6244622d6e70161ad2e,34,2187632425,1815193627,2187632425,14,300,50,60,5,30,10.0,120,current,Optimized Pattern Generator,dynamic_session,Dynamic Session Pattern Assignment,50,6,360,ed8a7e4f45dae66e962cd4e298602f1b7a7af191926b7bf05786845c0d323ee6,3699990519,25112b4d332f96d748f2b0a2111ac491c901ed2d57101aa5578f7fef90967639,True,single_only_all_off,A1 Ablation) All Waveform Terms Off,False,300,300,0,0.0,300,243,0,0.81,0.81,1.3153335900000003,7.70000108,381.7266666666667,413.1,11.718776791007258,300,0,0,0,0,1.0,0.0,0.0,0.0,0.0,1.0,16.926666666666666,0.0,0.0,0.0,0.0,0.0,,0.0,0.0,11.46230029608705,0.010576962173217908,0.0,0.24439549173985142,11.71727275000012,11.46230029608705,0.24439549173985142
20260711_164832_170489,bae7bf40726b12938559777771e8ab509aaf37f9f9bad6244622d6e70161ad2e,34,2187632425,2184921344,2187632425,14,300,50,60,5,30,10.0,120,current,Optimized Pattern Generator,dynamic_session,Dynamic Session Pattern Assignment,50,6,360,ed8a7e4f45dae66e962cd4e298602f1b7a7af191926b7bf05786845c0d323ee6,3699990519,25112b4d332f96d748f2b0a2111ac491c901ed2d57101aa5578f7fef90967639,True,nomura_original_interval_hungarian,A2) Corr+DTW + Hungarian,False,300,300,0,0.0,300,275,0,0.9166666666666666,0.9166666666666666,0.09494085555221235,0.38779237271173483,381.7266666666667,413.1,18.80248174999724,300,0,0,0,0,1.0,0.0,0.0,0.0,0.0,1.0,16.926666666666666,0.0,0.0,0.0,0.0,0.0,,0.0,0.0,11.244834881072165,7.357633453895687,0.0,0.19841358202393167,18.800881916991784,11.244834881072165,0.19841358202393167
20260711_164832_170489,bae7bf40726b12938559777771e8ab509aaf37f9f9bad6244622d6e70161ad2e,34,2187632425,2176353898,2187632425,14,300,50,60,5,30,10.0,120,current,Optimized Pattern Generator,dynamic_session,Dynamic Session Pattern Assignment,50,6,360,ed8a7e4f45dae66e962cd4e298602f1b7a7af191926b7bf05786845c0d323ee6,3699990519,25112b4d332f96d748f2b0a2111ac491c901ed2d57101aa5578f7fef90967639,True,nomura_original_interval_hungarian_dtw_off,A2 Ablation) DTW Off (Corr-only),False,300,300,0,0.0,300,267,0,0.89,0.89,0.08619661791968838,0.35983582133985437,381.7266666666667,413.1,19.034718333001365,300,0,0,0,0,1.0,0.0,0.0,0.0,0.0,1.0,16.926666666666666,0.0,0.0,0.0,0.0,0.0,,0.0,0.0,11.44359603918565,7.391409333911724,0.0,0.19807571091223508,19.03308108400961,11.44359603918565,0.19807571091223508
20260711_164832_170489,bae7bf40726b12938559777771e8ab509aaf37f9f9bad6244622d6e70161ad2e,34,2187632425,1055930886,2187632425,14,300,50,60,5,30,10.0,120,current,Optimized Pattern Generator,dynamic_session,Dynamic Session Pattern Assignment,50,6,360,ed8a7e4f45dae66e962cd4e298602f1b7a7af191926b7bf05786845c0d323ee6,3699990519,25112b4d332f96d748f2b0a2111ac491c901ed2d57101aa5578f7fef90967639,True,nomura_original_interval_hungarian_corr_off,A2 Ablation) Corr Off (DTW-only),False,300,300,0,0.0,300,251,0,0.8366666666666667,0.8366666666666667,0.0005138471278907815,0.0955647356322972,381.7266666666667,413.1,18.902378540995414,300,0,0,0,0,1.0,0.0,0.0,0.0,0.0,1.0,16.926666666666666,0.0,0.0,0.0,0.0,0.0,,0.0,0.0,11.250347781984601,7.366951654024888,0.0,0.28349114798766095,18.90079058399715,11.250347781984601,0.28349114798766095
20260711_164832_170489,bae7bf40726b12938559777771e8ab509aaf37f9f9bad6244622d6e70161ad2e,34,2187632425,542446189,2187632425,14,300,50,60,5,30,10.0,120,current,Optimized Pattern Generator,dynamic_session,Dynamic Session Pattern Assignment,50,6,360,ed8a7e4f45dae66e962cd4e298602f1b7a7af191926b7bf05786845c0d323ee6,3699990519,25112b4d332f96d748f2b0a2111ac491c901ed2d57101aa5578f7fef90967639,True,nomura_original_interval_hungarian_all_off,A2 Ablation) All Waveform Terms Off,False,300,300,0,0.0,300,243,0,0.81,0.81,1.3153335900000003,7.70000108,381.7266666666667,413.1,11.384893874987029,300,0,0,0,0,1.0,0.0,0.0,0.0,0.0,1.0,16.926666666666666,0.0,0.0,0.0,0.0,0.0,,0.0,0.0,11.176820195963955,0.009604362974641845,0.0,0.19691856605641078,11.383343124995008,11.176820195963955,0.19691856605641078
20260711_164832_170489,bae7bf40726b12938559777771e8ab509aaf37f9f9bad6244622d6e70161ad2e,34,2187632425,1367392796,2187632425,14,300,50,60,5,30,10.0,120,current,Optimized Pattern Generator,dynamic_session,Dynamic Session Pattern Assignment,50,6,360,ed8a7e4f45dae66e962cd4e298602f1b7a7af191926b7bf05786845c0d323ee6,3699990519,25112b4d332f96d748f2b0a2111ac491c901ed2d57101aa5578f7fef90967639,True,bayesian_windowed,A3) Two-Stage Bayesian Posterior + Hungarian,False,300,300,0,0.0,300,298,0,0.9933333333333333,0.9933333333333333,0.3573686455834373,1.4724761242940005,381.7266666666667,413.1,14.25424033300078,300,0,0,0,0,1.0,0.0,0.0,0.0,0.0,1.0,16.926666666666666,0.0,0.0,0.0,0.0,0.0,,0.0,0.0,11.290924333938165,2.7648719491553493,0.0,0.19681842491263524,14.25261470800615,11.290924333938165,0.19681842491263524
20260711_164832_170489,bae7bf40726b12938559777771e8ab509aaf37f9f9bad6244622d6e70161ad2e,34,2187632425,1977915786,2187632425,14,300,50,60,5,30,10.0,120,current,Optimized Pattern Generator,dynamic_session,Dynamic Session Pattern Assignment,50,6,360,ed8a7e4f45dae66e962cd4e298602f1b7a7af191926b7bf05786845c0d323ee6,3699990519,25112b4d332f96d748f2b0a2111ac491c901ed2d57101aa5578f7fef90967639,True,bayesian_windowed_memory_off,A3 Ablation) Posterior Memory Off,False,300,300,0,0.0,300,286,0,0.9533333333333334,0.9533333333333334,0.6183134818988905,1.9000824604366355,381.7266666666667,413.1,14.631277792010223,300,0,0,0,0,1.0,0.0,0.0,0.0,0.0,1.0,16.926666666666666,0.0,0.0,0.0,0.0,0.0,,0.0,0.0,11.609330629842589,2.817215781964478,0.0,0.20316288019239437,14.629709291999461,11.609330629842589,0.20316288019239437
20260711_164832_170489,bae7bf40726b12938559777771e8ab509aaf37f9f9bad6244622d6e70161ad2e,34,2187632425,2395032890,2187632425,14,300,50,60,5,30,10.0,120,current,Optimized Pattern Generator,dynamic_session,Dynamic Session Pattern Assignment,50,6,360,ed8a7e4f45dae66e962cd4e298602f1b7a7af191926b7bf05786845c0d323ee6,3699990519,25112b4d332f96d748f2b0a2111ac491c901ed2d57101aa5578f7fef90967639,True,bayesian_windowed_timeprior_off,A3 Ablation) Time Prior Off,False,300,300,0,0.0,300,298,0,0.9933333333333333,0.9933333333333333,0.35953856800860107,1.4724761242940005,381.7266666666667,413.1,14.318962416989962,300,0,0,0,0,1.0,0.0,0.0,0.0,0.0,1.0,16.926666666666666,0.0,0.0,0.0,0.0,0.0,,0.0,0.0,11.31559140792524,2.7804590488231042,0.0,0.22132983525807504,14.317380292006419,11.31559140792524,0.22132983525807504
20260711_164832_170489,bae7bf40726b12938559777771e8ab509aaf37f9f9bad6244622d6e70161ad2e,34,2187632425,433795916,2187632425,14,300,50,60,5,30,10.0,120,current,Optimized Pattern Generator,dynamic_session,Dynamic Session Pattern Assignment,50,6,360,ed8a7e4f45dae66e962cd4e298602f1b7a7af191926b7bf05786845c0d323ee6,3699990519,25112b4d332f96d748f2b0a2111ac491c901ed2d57101aa5578f7fef90967639,True,bayesian_windowed_all_off,A3 Ablation) Time Prior + Memory Off,False,300,300,0,0.0,300,286,0,0.9533333333333334,0.9533333333333334,0.6191835895090598,1.9000824604366355,381.7266666666667,413.1,14.276416624998092,300,0,0,0,0,1.0,0.0,0.0,0.0,0.0,1.0,16.926666666666666,0.0,0.0,0.0,0.0,0.0,,0.0,0.0,11.288483795942739,2.789050956052961,0.0,0.1972613310063025,14.274796083002002,11.288483795942739,0.1972613310063025
20260711_164832_170489,bae7bf40726b12938559777771e8ab509aaf37f9f9bad6244622d6e70161ad2e,35,2187632426,1233724806,2187632426,15,300,50,60,5,30,10.0,120,current,Optimized Pattern Generator,dynamic_session,Dynamic Session Pattern Assignment,50,6,360,2d7ff8045deec72fade2b4e1d2fe642bdc54e4052a786baa9c64760ebe301060,3699990516,6cb200d44a126d1de3e54c48cc3d3a6be5e48d0d059605eda99ccddebba59667,True,single_only,A1) Refined Cost + Greedy 1:1,True,300,300,0,0.0,300,288,0,0.96,0.96,1.037740309443104,4.400924765545517,380.1166666666667,405.4000000000001,15.18722708299174,300,0,0,0,0,1.0,0.0,0.0,0.0,0.0,1.0,17.626666666666665,0.0,0.0,0.0,0.0,0.0,,0.0,0.0,11.754638238810003,3.231650157904369,0.0,0.1993183532904368,15.185606750004808,11.754638238810003,0.1993183532904368
20260711_164832_170489,bae7bf40726b12938559777771e8ab509aaf37f9f9bad6244622d6e70161ad2e,35,2187632426,1545686460,2187632426,15,300,50,60,5,30,10.0,120,current,Optimized Pattern Generator,dynamic_session,Dynamic Session Pattern Assignment,50,6,360,2d7ff8045deec72fade2b4e1d2fe642bdc54e4052a786baa9c64760ebe301060,3699990516,6cb200d44a126d1de3e54c48cc3d3a6be5e48d0d059605eda99ccddebba59667,True,single_only_dtw_off,A1 Ablation) DTW Off,False,300,300,0,0.0,300,278,0,0.9266666666666666,0.9266666666666666,0.7987891564888889,3.2600000500000004,380.1166666666667,405.4000000000001,15.08553516601387,300,0,0,0,0,1.0,0.0,0.0,0.0,0.0,1.0,17.626666666666665,0.0,0.0,0.0,0.0,0.0,,0.0,0.0,11.654789819993312,3.2140613649826264,0.0,0.21504506502242293,15.08389624999836,11.654789819993312,0.21504506502242293
20260711_164832_170489,bae7bf40726b12938559777771e8ab509aaf37f9f9bad6244622d6e70161ad2e,35,2187632426,866312268,2187632426,15,300,50,60,5,30,10.0,120,current,Optimized Pattern Generator,dynamic_session,Dynamic Session Pattern Assignment,50,6,360,2d7ff8045deec72fade2b4e1d2fe642bdc54e4052a786baa9c64760ebe301060,3699990516,6cb200d44a126d1de3e54c48cc3d3a6be5e48d0d059605eda99ccddebba59667,True,single_only_step_off,A1 Ablation) Step Signature Off,False,300,300,0,0.0,300,277,0,0.9233333333333333,0.9233333333333333,0.20328551127371738,1.00000046,380.1166666666667,405.4000000000001,15.21647945800214,300,0,0,0,0,1.0,0.0,0.0,0.0,0.0,1.0,17.626666666666665,0.0,0.0,0.0,0.0,0.0,,0.0,0.0,11.780320715959533,3.234740574771422,0.0,0.19988958426984027,15.214950875000795,11.780320715959533,0.19988958426984027
20260711_164832_170489,bae7bf40726b12938559777771e8ab509aaf37f9f9bad6244622d6e70161ad2e,35,2187632426,1815193624,2187632426,15,300,50,60,5,30,10.0,120,current,Optimized Pattern Generator,dynamic_session,Dynamic Session Pattern Assignment,50,6,360,2d7ff8045deec72fade2b4e1d2fe642bdc54e4052a786baa9c64760ebe301060,3699990516,6cb200d44a126d1de3e54c48cc3d3a6be5e48d0d059605eda99ccddebba59667,True,single_only_all_off,A1 Ablation) All Waveform Terms Off,False,300,300,0,0.0,300,248,0,0.8266666666666667,0.8266666666666667,1.2840002655,7.30000049,380.1166666666667,405.4000000000001,12.417423833001521,300,0,0,0,0,1.0,0.0,0.0,0.0,0.0,1.0,17.626666666666665,0.0,0.0,0.0,0.0,0.0,,0.0,0.0,12.19553324492881,0.011803740984760225,0.0,0.20847538908128627,12.415812374994857,12.19553324492881,0.20847538908128627
20260711_164832_170489,bae7bf40726b12938559777771e8ab509aaf37f9f9bad6244622d6e70161ad2e,35,2187632426,2184921347,2187632426,15,300,50,60,5,30,10.0,120,current,Optimized Pattern Generator,dynamic_session,Dynamic Session Pattern Assignment,50,6,360,2d7ff8045deec72fade2b4e1d2fe642bdc54e4052a786baa9c64760ebe301060,3699990516,6cb200d44a126d1de3e54c48cc3d3a6be5e48d0d059605eda99ccddebba59667,True,nomura_original_interval_hungarian,A2) Corr+DTW + Hungarian,False,300,300,0,0.0,300,282,0,0.94,0.94,0.08690856977735695,0.4237661253516637,380.1166666666667,405.4000000000001,20.607695749989944,300,0,0,0,0,1.0,0.0,0.0,0.0,0.0,1.0,17.626666666666665,0.0,0.0,0.0,0.0,0.0,,0.0,0.0,12.513869925795007,7.8848638631170616,0.0,0.20716337808698881,20.605897166999057,12.513869925795007,0.20716337808698881
20260711_164832_170489,bae7bf40726b12938559777771e8ab509aaf37f9f9bad6244622d6e70161ad2e,35,2187632426,2176353897,2187632426,15,300,50,60,5,30,10.0,120,current,Optimized Pattern Generator,dynamic_session,Dynamic Session Pattern Assignment,50,6,360,2d7ff8045deec72fade2b4e1d2fe642bdc54e4052a786baa9c64760ebe301060,3699990516,6cb200d44a126d1de3e54c48cc3d3a6be5e48d0d059605eda99ccddebba59667,True,nomura_original_interval_hungarian_dtw_off,A2 Ablation) DTW Off (Corr-only),False,300,300,0,0.0,300,280,0,0.9333333333333333,0.9333333333333333,0.07958503090035386,0.3465059673739544,380.1166666666667,405.4000000000001,20.541233583004214,300,0,0,0,0,1.0,0.0,0.0,0.0,0.0,1.0,17.626666666666665,0.0,0.0,0.0,0.0,0.0,,0.0,0.0,12.404242458898807,7.924073369897087,0.0,0.21112033720419277,20.539436166000087,12.404242458898807,0.21112033720419277
20260711_164832_170489,bae7bf40726b12938559777771e8ab509aaf37f9f9bad6244622d6e70161ad2e,35,2187632426,1055930885,2187632426,15,300,50,60,5,30,10.0,120,current,Optimized Pattern Generator,dynamic_session,Dynamic Session Pattern Assignment,50,6,360,2d7ff8045deec72fade2b4e1d2fe642bdc54e4052a786baa9c64760ebe301060,3699990516,6cb200d44a126d1de3e54c48cc3d3a6be5e48d0d059605eda99ccddebba59667,True,nomura_original_interval_hungarian_corr_off,A2 Ablation) Corr Off (DTW-only),False,300,300,0,0.0,300,254,0,0.8466666666666667,0.8466666666666667,0.0001472856740108642,0.03179680903346075,380.1166666666667,405.4000000000001,20.17180675000418,300,0,0,0,0,1.0,0.0,0.0,0.0,0.0,1.0,17.626666666666665,0.0,0.0,0.0,0.0,0.0,,0.0,0.0,12.162808131062775,7.78312370198546,0.0,0.2242697919427883,20.170201624991023,12.162808131062775,0.2242697919427883
20260711_164832_170489,bae7bf40726b12938559777771e8ab509aaf37f9f9bad6244622d6e70161ad2e,35,2187632426,542446190,2187632426,15,300,50,60,5,30,10.0,120,current,Optimized Pattern Generator,dynamic_session,Dynamic Session Pattern Assignment,50,6,360,2d7ff8045deec72fade2b4e1d2fe642bdc54e4052a786baa9c64760ebe301060,3699990516,6cb200d44a126d1de3e54c48cc3d3a6be5e48d0d059605eda99ccddebba59667,True,nomura_original_interval_hungarian_all_off,A2 Ablation) All Waveform Terms Off,False,300,300,0,0.0,300,248,0,0.8266666666666667,0.8266666666666667,1.2840002655,7.30000049,380.1166666666667,405.4000000000001,12.454543041007128,300,0,0,0,0,1.0,0.0,0.0,0.0,0.0,1.0,17.626666666666665,0.0,0.0,0.0,0.0,0.0,,0.0,0.0,12.241286164091434,0.012364239955786616,0.0,0.1992853869596729,12.452935791006894,12.241286164091434,0.1992853869596729
20260711_164832_170489,bae7bf40726b12938559777771e8ab509aaf37f9f9bad6244622d6e70161ad2e,35,2187632426,1367392799,2187632426,15,300,50,60,5,30,10.0,120,current,Optimized Pattern Generator,dynamic_session,Dynamic Session Pattern Assignment,50,6,360,2d7ff8045deec72fade2b4e1d2fe642bdc54e4052a786baa9c64760ebe301060,3699990516,6cb200d44a126d1de3e54c48cc3d3a6be5e48d0d059605eda99ccddebba59667,True,bayesian_windowed,A3) Two-Stage Bayesian Posterior + Hungarian,False,300,300,0,0.0,300,296,0,0.9866666666666667,0.9866666666666667,0.35943485391766217,1.4323183289092896,380.1166666666667,405.4000000000001,15.276047959006974,300,0,0,0,0,1.0,0.0,0.0,0.0,0.0,1.0,17.626666666666665,0.0,0.0,0.0,0.0,0.0,,0.0,0.0,12.128390579964616,2.9255660419730702,0.0,0.22045592006179504,15.274412541999482,12.128390579964616,0.22045592006179504
20260711_164832_170489,bae7bf40726b12938559777771e8ab509aaf37f9f9bad6244622d6e70161ad2e,35,2187632426,1977915785,2187632426,15,300,50,60,5,30,10.0,120,current,Optimized Pattern Generator,dynamic_session,Dynamic Session Pattern Assignment,50,6,360,2d7ff8045deec72fade2b4e1d2fe642bdc54e4052a786baa9c64760ebe301060,3699990516,6cb200d44a126d1de3e54c48cc3d3a6be5e48d0d059605eda99ccddebba59667,True,bayesian_windowed_memory_off,A3 Ablation) Posterior Memory Off,False,300,300,0,0.0,300,288,0,0.96,0.96,0.6294189666425493,1.887344291241692,380.1166666666667,405.4000000000001,14.777865083000506,300,0,0,0,0,1.0,0.0,0.0,0.0,0.0,1.0,17.626666666666665,0.0,0.0,0.0,0.0,0.0,,0.0,0.0,11.698265039012767,2.880698943059542,0.0,0.1971531849267194,14.776117166999029,11.698265039012767,0.1971531849267194
20260711_164832_170489,bae7bf40726b12938559777771e8ab509aaf37f9f9bad6244622d6e70161ad2e,35,2187632426,2395032889,2187632426,15,300,50,60,5,30,10.0,120,current,Optimized Pattern Generator,dynamic_session,Dynamic Session Pattern Assignment,50,6,360,2d7ff8045deec72fade2b4e1d2fe642bdc54e4052a786baa9c64760ebe301060,3699990516,6cb200d44a126d1de3e54c48cc3d3a6be5e48d0d059605eda99ccddebba59667,True,bayesian_windowed_timeprior_off,A3 Ablation) Time Prior Off,False,300,300,0,0.0,300,296,0,0.9866666666666667,0.9866666666666667,0.3616377035613388,1.4323183289092896,380.1166666666667,405.4000000000001,16.08353150000039,300,0,0,0,0,1.0,0.0,0.0,0.0,0.0,1.0,17.626666666666665,0.0,0.0,0.0,0.0,0.0,,0.0,0.0,12.847432948052301,3.024939035967691,0.0,0.20935243199346587,16.081724416013458,12.847432948052301,0.20935243199346587
20260711_164832_170489,bae7bf40726b12938559777771e8ab509aaf37f9f9bad6244622d6e70161ad2e,35,2187632426,433795919,2187632426,15,300,50,60,5,30,10.0,120,current,Optimized Pattern Generator,dynamic_session,Dynamic Session Pattern Assignment,50,6,360,2d7ff8045deec72fade2b4e1d2fe642bdc54e4052a786baa9c64760ebe301060,3699990516,6cb200d44a126d1de3e54c48cc3d3a6be5e48d0d059605eda99ccddebba59667,True,bayesian_windowed_all_off,A3 Ablation) Time Prior + Memory Off,False,300,300,0,0.0,300,288,0,0.96,0.96,0.6305024819497559,1.8888115797442617,380.1166666666667,405.4000000000001,15.898608832998434,300,0,0,0,0,1.0,0.0,0.0,0.0,0.0,1.0,17.626666666666665,0.0,0.0,0.0,0.0,0.0,,0.0,0.0,12.67731388003449,3.0049099479801953,0.0,0.2147434219805291,15.896967249995214,12.67731388003449,0.2147434219805291
20260711_164832_170489,bae7bf40726b12938559777771e8ab509aaf37f9f9bad6244622d6e70161ad2e,36,2187632427,1233724807,2187632427,16,300,50,60,5,30,10.0,120,current,Optimized Pattern Generator,dynamic_session,Dynamic Session Pattern Assignment,50,6,360,74d8bb6dc1d3da181a1f77ea300e84a231380794b34d69231553cf3cf40de6ef,3699990517,b8d938bc6a08b4c6ff7aa93bd75c4a4a2f6926b3814e939379d49da34fdcff04,True,single_only,A1) Refined Cost + Greedy 1:1,True,300,300,0,0.0,300,292,0,0.9733333333333334,0.9733333333333334,1.1219320327202003,4.614198625181863,382.2033333333333,414.1,15.516263375000563,300,0,0,0,0,1.0,0.0,0.0,0.0,0.0,1.0,17.07,0.0,0.0,0.0,0.0,0.0,,0.0,0.0,12.038434953108663,3.2492744070041226,0.0,0.22708134888671339,15.514790708999499,12.038434953108663,0.22708134888671339
20260711_164832_170489,bae7bf40726b12938559777771e8ab509aaf37f9f9bad6244622d6e70161ad2e,36,2187632427,1545686461,2187632427,16,300,50,60,5,30,10.0,120,current,Optimized Pattern Generator,dynamic_session,Dynamic Session Pattern Assignment,50,6,360,74d8bb6dc1d3da181a1f77ea300e84a231380794b34d69231553cf3cf40de6ef,3699990517,b8d938bc6a08b4c6ff7aa93bd75c4a4a2f6926b3814e939379d49da34fdcff04,True,single_only_dtw_off,A1 Ablation) DTW Off,False,300,300,0,0.0,300,285,0,0.95,0.95,0.8573780527111112,2.9600004000000006,382.2033333333333,414.1,15.045474165992346,300,0,0,0,0,1.0,0.0,0.0,0.0,0.0,1.0,17.07,0.0,0.0,0.0,0.0,0.0,,0.0,0.0,11.674842414911836,3.1657474460516823,0.0,0.20331638904463034,15.043906250008149,11.674842414911836,0.20331638904463034
20260711_164832_170489,bae7bf40726b12938559777771e8ab509aaf37f9f9bad6244622d6e70161ad2e,36,2187632427,866312269,2187632427,16,300,50,60,5,30,10.0,120,current,Optimized Pattern Generator,dynamic_session,Dynamic Session Pattern Assignment,50,6,360,74d8bb6dc1d3da181a1f77ea300e84a231380794b34d69231553cf3cf40de6ef,3699990517,b8d938bc6a08b4c6ff7aa93bd75c4a4a2f6926b3814e939379d49da34fdcff04,True,single_only_step_off,A1 Ablation) Step Signature Off,False,300,300,0,0.0,300,263,0,0.8766666666666667,0.8766666666666667,0.21956134131640107,1.2276071135518258,382.2033333333333,414.1,14.95172683299461,300,0,0,0,0,1.0,0.0,0.0,0.0,0.0,1.0,17.07,0.0,0.0,0.0,0.0,0.0,,0.0,0.0,11.580659715851652,3.1652292421786115,0.0,0.2041743339796085,14.950063292009872,11.580659715851652,0.2041743339796085
20260711_164832_170489,bae7bf40726b12938559777771e8ab509aaf37f9f9bad6244622d6e70161ad2e,36,2187632427,1815193625,2187632427,16,300,50,60,5,30,10.0,120,current,Optimized Pattern Generator,dynamic_session,Dynamic Session Pattern Assignment,50,6,360,74d8bb6dc1d3da181a1f77ea300e84a231380794b34d69231553cf3cf40de6ef,3699990517,b8d938bc6a08b4c6ff7aa93bd75c4a4a2f6926b3814e939379d49da34fdcff04,True,single_only_all_off,A1 Ablation) All Waveform Terms Off,False,300,300,0,0.0,300,233,0,0.7766666666666666,0.7766666666666666,1.3780002716333335,8.40000015,382.2033333333333,414.1,11.700272166999639,300,0,0,0,0,1.0,0.0,0.0,0.0,0.0,1.0,17.07,0.0,0.0,0.0,0.0,0.0,,0.0,0.0,11.472039292100817,0.009843998996075243,0.0,0.21679624990792945,11.698679541004822,11.472039292100817,0.21679624990792945
20260711_164832_170489,bae7bf40726b12938559777771e8ab509aaf37f9f9bad6244622d6e70161ad2e,36,2187632427,2184921346,2187632427,16,300,50,60,5,30,10.0,120,current,Optimized Pattern Generator,dynamic_session,Dynamic Session Pattern Assignment,50,6,360,74d8bb6dc1d3da181a1f77ea300e84a231380794b34d69231553cf3cf40de6ef,3699990517,b8d938bc6a08b4c6ff7aa93bd75c4a4a2f6926b3814e939379d49da34fdcff04,True,nomura_original_interval_hungarian,A2) Corr+DTW + Hungarian,False,300,300,0,0.0,300,270,0,0.9,0.9,0.09356265936479076,0.49188925075882867,382.2033333333333,414.1,19.14241483299702,300,0,0,0,0,1.0,0.0,0.0,0.0,0.0,1.0,17.07,0.0,0.0,0.0,0.0,0.0,,0.0,0.0,11.471444338938454,7.453084918175591,0.0,0.2162932848877972,19.140822542001843,11.471444338938454,0.2162932848877972
20260711_164832_170489,bae7bf40726b12938559777771e8ab509aaf37f9f9bad6244622d6e70161ad2e,36,2187632427,2176353896,2187632427,16,300,50,60,5,30,10.0,120,current,Optimized Pattern Generator,dynamic_session,Dynamic Session Pattern Assignment,50,6,360,74d8bb6dc1d3da181a1f77ea300e84a231380794b34d69231553cf3cf40de6ef,3699990517,b8d938bc6a08b4c6ff7aa93bd75c4a4a2f6926b3814e939379d49da34fdcff04,True,nomura_original_interval_hungarian_dtw_off,A2 Ablation) DTW Off (Corr-only),False,300,300,0,0.0,300,266,0,0.8866666666666667,0.8866666666666667,0.08420254666649515,0.3384054114575587,382.2033333333333,414.1,19.011448291988927,300,0,0,0,0,1.0,0.0,0.0,0.0,0.0,1.0,17.07,0.0,0.0,0.0,0.0,0.0,,0.0,0.0,11.381838011133368,7.430851829092717,0.0,0.19711740978527814,19.009807250011363,11.381838011133368,0.19711740978527814
20260711_164832_170489,bae7bf40726b12938559777771e8ab509aaf37f9f9bad6244622d6e70161ad2e,36,2187632427,1055930884,2187632427,16,300,50,60,5,30,10.0,120,current,Optimized Pattern Generator,dynamic_session,Dynamic Session Pattern Assignment,50,6,360,74d8bb6dc1d3da181a1f77ea300e84a231380794b34d69231553cf3cf40de6ef,3699990517,b8d938bc6a08b4c6ff7aa93bd75c4a4a2f6926b3814e939379d49da34fdcff04,True,nomura_original_interval_hungarian_corr_off,A2 Ablation) Corr Off (DTW-only),False,300,300,0,0.0,300,247,0,0.8233333333333334,0.8233333333333334,0.0016713618017124509,0.20834577538548676,382.2033333333333,414.1,19.062895958006266,300,0,0,0,0,1.0,0.0,0.0,0.0,0.0,1.0,17.07,0.0,0.0,0.0,0.0,0.0,,0.0,0.0,11.379924676017254,7.465275011156336,0.0,0.21605527082283515,19.061254957996425,11.379924676017254,0.21605527082283515
20260711_164832_170489,bae7bf40726b12938559777771e8ab509aaf37f9f9bad6244622d6e70161ad2e,36,2187632427,542446191,2187632427,16,300,50,60,5,30,10.0,120,current,Optimized Pattern Generator,dynamic_session,Dynamic Session Pattern Assignment,50,6,360,74d8bb6dc1d3da181a1f77ea300e84a231380794b34d69231553cf3cf40de6ef,3699990517,b8d938bc6a08b4c6ff7aa93bd75c4a4a2f6926b3814e939379d49da34fdcff04,True,nomura_original_interval_hungarian_all_off,A2 Ablation) All Waveform Terms Off,False,300,300,0,0.0,300,233,0,0.7766666666666666,0.7766666666666666,1.3780002716333335,8.40000015,382.2033333333333,414.1,11.558215709010256,300,0,0,0,0,1.0,0.0,0.0,0.0,0.0,1.0,17.07,0.0,0.0,0.0,0.0,0.0,,0.0,0.0,11.346562741018715,0.009673742024460807,0.0,0.20039722595538478,11.556633708998561,11.346562741018715,0.20039722595538478
20260711_164832_170489,bae7bf40726b12938559777771e8ab509aaf37f9f9bad6244622d6e70161ad2e,36,2187632427,1367392798,2187632427,16,300,50,60,5,30,10.0,120,current,Optimized Pattern Generator,dynamic_session,Dynamic Session Pattern Assignment,50,6,360,74d8bb6dc1d3da181a1f77ea300e84a231380794b34d69231553cf3cf40de6ef,3699990517,b8d938bc6a08b4c6ff7aa93bd75c4a4a2f6926b3814e939379d49da34fdcff04,True,bayesian_windowed,A3) Two-Stage Bayesian Posterior + Hungarian,False,300,300,0,0.0,300,297,0,0.99,0.99,0.3637135604905858,1.3439039250237104,382.2033333333333,414.1,15.34099320799578,300,0,0,0,0,1.0,0.0,0.0,0.0,0.0,1.0,17.07,0.0,0.0,0.0,0.0,0.0,,0.0,0.0,12.205019078115583,2.914948327059392,0.0,0.2194536358147161,15.339421040989691,12.205019078115583,0.2194536358147161
20260711_164832_170489,bae7bf40726b12938559777771e8ab509aaf37f9f9bad6244622d6e70161ad2e,36,2187632427,1977915784,2187632427,16,300,50,60,5,30,10.0,120,current,Optimized Pattern Generator,dynamic_session,Dynamic Session Pattern Assignment,50,6,360,74d8bb6dc1d3da181a1f77ea300e84a231380794b34d69231553cf3cf40de6ef,3699990517,b8d938bc6a08b4c6ff7aa93bd75c4a4a2f6926b3814e939379d49da34fdcff04,True,bayesian_windowed_memory_off,A3 Ablation) Posterior Memory Off,False,300,300,0,0.0,300,292,0,0.9733333333333334,0.9733333333333334,0.6418492905669653,1.8489893272931253,382.2033333333333,414.1,14.453844542003935,300,0,0,0,0,1.0,0.0,0.0,0.0,0.0,1.0,17.07,0.0,0.0,0.0,0.0,0.0,,0.0,0.0,11.45831383294717,2.7902250708430074,0.0,0.20372897121706046,14.452267875007237,11.45831383294717,0.20372897121706046
20260711_164832_170489,bae7bf40726b12938559777771e8ab509aaf37f9f9bad6244622d6e70161ad2e,36,2187632427,2395032888,2187632427,16,300,50,60,5,30,10.0,120,current,Optimized Pattern Generator,dynamic_session,Dynamic Session Pattern Assignment,50,6,360,74d8bb6dc1d3da181a1f77ea300e84a231380794b34d69231553cf3cf40de6ef,3699990517,b8d938bc6a08b4c6ff7aa93bd75c4a4a2f6926b3814e939379d49da34fdcff04,True,bayesian_windowed_timeprior_off,A3 Ablation) Time Prior Off,False,300,300,0,0.0,300,297,0,0.99,0.99,0.3658577497943133,1.3439039250237104,382.2033333333333,414.1,14.698475375000271,300,0,0,0,0,1.0,0.0,0.0,0.0,0.0,1.0,17.07,0.0,0.0,0.0,0.0,0.0,,0.0,0.0,11.668776045058621,2.8105007870326517,0.0,0.21751683490583673,14.69679366699711,11.668776045058621,0.21751683490583673
20260711_164832_170489,bae7bf40726b12938559777771e8ab509aaf37f9f9bad6244622d6e70161ad2e,36,2187632427,433795918,2187632427,16,300,50,60,5,30,10.0,120,current,Optimized Pattern Generator,dynamic_session,Dynamic Session Pattern Assignment,50,6,360,74d8bb6dc1d3da181a1f77ea300e84a231380794b34d69231553cf3cf40de6ef,3699990517,b8d938bc6a08b4c6ff7aa93bd75c4a4a2f6926b3814e939379d49da34fdcff04,True,bayesian_windowed_all_off,A3 Ablation) Time Prior + Memory Off,False,300,300,0,0.0,300,292,0,0.9733333333333334,0.9733333333333334,0.6429149821877654,1.849593303590211,382.2033333333333,414.1,14.926792208992993,300,0,0,0,0,1.0,0.0,0.0,0.0,0.0,1.0,17.07,0.0,0.0,0.0,0.0,0.0,,0.0,0.0,11.858994498092216,2.861983288967167,0.0,0.2041644629352959,14.925142249994678,11.858994498092216,0.2041644629352959
20260711_164832_170489,bae7bf40726b12938559777771e8ab509aaf37f9f9bad6244622d6e70161ad2e,37,2187632428,1233724800,2187632428,17,300,50,60,5,30,10.0,120,current,Optimized Pattern Generator,dynamic_session,Dynamic Session Pattern Assignment,50,6,360,9b4385818f08011fbaafd3b4ce004e568f896027906007518572126bf9c2fcbb,3699990514,a0d896d7d9dddf93bef518d2e8f99ff450cc1b7936c1aee7b94b6a277de0fb8d,True,single_only,A1) Refined Cost + Greedy 1:1,True,300,300,0,0.0,300,286,0,0.9533333333333334,0.9533333333333334,1.1458038020508434,5.386107922611045,382.16,412.20000000000005,14.740931666994584,300,0,0,0,0,1.0,0.0,0.0,0.0,0.0,1.0,16.6,0.0,0.0,0.0,0.0,0.0,,0.0,0.0,11.429953216065769,3.1058469149138546,0.0,0.20354757801396772,14.739347708993591,11.429953216065769,0.20354757801396772
20260711_164832_170489,bae7bf40726b12938559777771e8ab509aaf37f9f9bad6244622d6e70161ad2e,37,2187632428,1545686458,2187632428,17,300,50,60,5,30,10.0,120,current,Optimized Pattern Generator,dynamic_session,Dynamic Session Pattern Assignment,50,6,360,9b4385818f08011fbaafd3b4ce004e568f896027906007518572126bf9c2fcbb,3699990514,a0d896d7d9dddf93bef518d2e8f99ff450cc1b7936c1aee7b94b6a277de0fb8d,True,single_only_dtw_off,A1 Ablation) DTW Off,False,300,300,0,0.0,300,283,0,0.9433333333333334,0.9433333333333334,0.8867446981777778,3.7633333333333336,382.16,412.20000000000005,14.56481941700622,300,0,0,0,0,1.0,0.0,0.0,0.0,0.0,1.0,16.6,0.0,0.0,0.0,0.0,0.0,,0.0,0.0,11.283551050029928,3.061720025871182,0.0,0.21795871609356254,14.563229791994672,11.283551050029928,0.21795871609356254
20260711_164832_170489,bae7bf40726b12938559777771e8ab509aaf37f9f9bad6244622d6e70161ad2e,37,2187632428,866312266,2187632428,17,300,50,60,5,30,10.0,120,current,Optimized Pattern Generator,dynamic_session,Dynamic Session Pattern Assignment,50,6,360,9b4385818f08011fbaafd3b4ce004e568f896027906007518572126bf9c2fcbb,3699990514,a0d896d7d9dddf93bef518d2e8f99ff450cc1b7936c1aee7b94b6a277de0fb8d,True,single_only_step_off,A1 Ablation) Step Signature Off,False,300,300,0,0.0,300,265,0,0.8833333333333333,0.8833333333333333,0.21286756038781673,0.8904683053935432,382.16,412.20000000000005,14.363379166999948,300,0,0,0,0,1.0,0.0,0.0,0.0,0.0,1.0,16.6,0.0,0.0,0.0,0.0,0.0,,0.0,0.0,11.101850218023174,3.056839370910893,0.0,0.20318916106771212,14.361878750001779,11.101850218023174,0.20318916106771212
20260711_164832_170489,bae7bf40726b12938559777771e8ab509aaf37f9f9bad6244622d6e70161ad2e,37,2187632428,1815193630,2187632428,17,300,50,60,5,30,10.0,120,current,Optimized Pattern Generator,dynamic_session,Dynamic Session Pattern Assignment,50,6,360,9b4385818f08011fbaafd3b4ce004e568f896027906007518572126bf9c2fcbb,3699990514,a0d896d7d9dddf93bef518d2e8f99ff450cc1b7936c1aee7b94b6a277de0fb8d,True,single_only_all_off,A1 Ablation) All Waveform Terms Off,False,300,300,0,0.0,300,246,0,0.82,0.82,1.4066669171333335,7.60000046,382.16,412.20000000000005,11.415580000000773,300,0,0,0,0,1.0,0.0,0.0,0.0,0.0,1.0,16.6,0.0,0.0,0.0,0.0,0.0,,0.0,0.0,11.201736300019547,0.010482997167855501,0.0,0.20172807780909352,11.413947374996496,11.201736300019547,0.20172807780909352
20260711_164832_170489,bae7bf40726b12938559777771e8ab509aaf37f9f9bad6244622d6e70161ad2e,37,2187632428,2184921349,2187632428,17,300,50,60,5,30,10.0,120,current,Optimized Pattern Generator,dynamic_session,Dynamic Session Pattern Assignment,50,6,360,9b4385818f08011fbaafd3b4ce004e568f896027906007518572126bf9c2fcbb,3699990514,a0d896d7d9dddf93bef518d2e8f99ff450cc1b7936c1aee7b94b6a277de0fb8d,True,nomura_original_interval_hungarian,A2) Corr+DTW + Hungarian,False,300,300,0,0.0,300,278,0,0.9266666666666666,0.9266666666666666,0.09142154375560908,0.3623588561227332,382.16,412.20000000000005,18.754293332996895,300,0,0,0,0,1.0,0.0,0.0,0.0,0.0,1.0,16.6,0.0,0.0,0.0,0.0,0.0,,0.0,0.0,11.220102632069029,7.29656811793393,0.0,0.23593979100405704,18.752610541007016,11.220102632069029,0.23593979100405704
20260711_164832_170489,bae7bf40726b12938559777771e8ab509aaf37f9f9bad6244622d6e70161ad2e,37,2187632428,2176353903,2187632428,17,300,50,60,5,30,10.0,120,current,Optimized Pattern Generator,dynamic_session,Dynamic Session Pattern Assignment,50,6,360,9b4385818f08011fbaafd3b4ce004e568f896027906007518572126bf9c2fcbb,3699990514,a0d896d7d9dddf93bef518d2e8f99ff450cc1b7936c1aee7b94b6a277de0fb8d,True,nomura_original_interval_hungarian_dtw_off,A2 Ablation) DTW Off (Corr-only),False,300,300,0,0.0,300,268,0,0.8933333333333333,0.8933333333333333,0.08407130069575491,0.33539623553405606,382.16,412.20000000000005,18.56649841601029,300,0,0,0,0,1.0,0.0,0.0,0.0,0.0,1.0,16.6,0.0,0.0,0.0,0.0,0.0,,0.0,0.0,11.059630206975271,7.285692653880687,0.0,0.2195838891348103,18.56490674999077,11.059630206975271,0.2195838891348103
20260711_164832_170489,bae7bf40726b12938559777771e8ab509aaf37f9f9bad6244622d6e70161ad2e,37,2187632428,1055930883,2187632428,17,300,50,60,5,30,10.0,120,current,Optimized Pattern Generator,dynamic_session,Dynamic Session Pattern Assignment,50,6,360,9b4385818f08011fbaafd3b4ce004e568f896027906007518572126bf9c2fcbb,3699990514,a0d896d7d9dddf93bef518d2e8f99ff450cc1b7936c1aee7b94b6a277de0fb8d,True,nomura_original_interval_hungarian_corr_off,A2 Ablation) Corr Off (DTW-only),False,300,300,0,0.0,300,253,0,0.8433333333333334,0.8433333333333334,0.0002293494017094229,0.04994441434514631,382.16,412.20000000000005,18.5194535000046,300,0,0,0,0,1.0,0.0,0.0,0.0,0.0,1.0,16.6,0.0,0.0,0.0,0.0,0.0,,0.0,0.0,11.086782204030897,7.215246719002607,0.0,0.21588074397004675,18.51790966700355,11.086782204030897,0.21588074397004675
20260711_164832_170489,bae7bf40726b12938559777771e8ab509aaf37f9f9bad6244622d6e70161ad2e,37,2187632428,542446184,2187632428,17,300,50,60,5,30,10.0,120,current,Optimized Pattern Generator,dynamic_session,Dynamic Session Pattern Assignment,50,6,360,9b4385818f08011fbaafd3b4ce004e568f896027906007518572126bf9c2fcbb,3699990514,a0d896d7d9dddf93bef518d2e8f99ff450cc1b7936c1aee7b94b6a277de0fb8d,True,nomura_original_interval_hungarian_all_off,A2 Ablation) All Waveform Terms Off,False,300,300,0,0.0,300,246,0,0.82,0.82,1.4066669171333335,7.60000046,382.16,412.20000000000005,11.23413970900583,300,0,0,0,0,1.0,0.0,0.0,0.0,0.0,1.0,16.6,0.0,0.0,0.0,0.0,0.0,,0.0,0.0,11.024708634038689,0.009444633964449167,0.0,0.19843094100360759,11.232584209006745,11.024708634038689,0.19843094100360759
20260711_164832_170489,bae7bf40726b12938559777771e8ab509aaf37f9f9bad6244622d6e70161ad2e,37,2187632428,1367392793,2187632428,17,300,50,60,5,30,10.0,120,current,Optimized Pattern Generator,dynamic_session,Dynamic Session Pattern Assignment,50,6,360,9b4385818f08011fbaafd3b4ce004e568f896027906007518572126bf9c2fcbb,3699990514,a0d896d7d9dddf93bef518d2e8f99ff450cc1b7936c1aee7b94b6a277de0fb8d,True,bayesian_windowed,A3) Two-Stage Bayesian Posterior + Hungarian,False,300,300,0,0.0,300,297,0,0.99,0.99,0.3335378788115909,1.6442096324006625,382.16,412.20000000000005,14.181867708000937,300,0,0,0,0,1.0,0.0,0.0,0.0,0.0,1.0,16.6,0.0,0.0,0.0,0.0,0.0,,0.0,0.0,11.213612583247595,2.7439793690427905,0.0,0.22263346471299883,14.180225417003385,11.213612583247595,0.22263346471299883
20260711_164832_170489,bae7bf40726b12938559777771e8ab509aaf37f9f9bad6244622d6e70161ad2e,37,2187632428,1977915791,2187632428,17,300,50,60,5,30,10.0,120,current,Optimized Pattern Generator,dynamic_session,Dynamic Session Pattern Assignment,50,6,360,9b4385818f08011fbaafd3b4ce004e568f896027906007518572126bf9c2fcbb,3699990514,a0d896d7d9dddf93bef518d2e8f99ff450cc1b7936c1aee7b94b6a277de0fb8d,True,bayesian_windowed_memory_off,A3 Ablation) Posterior Memory Off,False,300,300,0,0.0,300,286,0,0.9533333333333334,0.9533333333333334,0.6004230783884746,1.9073441268269544,382.16,412.20000000000005,14.383454582988634,300,0,0,0,0,1.0,0.0,0.0,0.0,0.0,1.0,16.6,0.0,0.0,0.0,0.0,0.0,,0.0,0.0,11.398572090954985,2.7664594909438165,0.0,0.21684029311290942,14.381871875011711,11.398572090954985,0.21684029311290942
20260711_164832_170489,bae7bf40726b12938559777771e8ab509aaf37f9f9bad6244622d6e70161ad2e,37,2187632428,2395032895,2187632428,17,300,50,60,5,30,10.0,120,current,Optimized Pattern Generator,dynamic_session,Dynamic Session Pattern Assignment,50,6,360,9b4385818f08011fbaafd3b4ce004e568f896027906007518572126bf9c2fcbb,3699990514,a0d896d7d9dddf93bef518d2e8f99ff450cc1b7936c1aee7b94b6a277de0fb8d,True,bayesian_windowed_timeprior_off,A3 Ablation) Time Prior Off,False,300,300,0,0.0,300,297,0,0.99,0.99,0.33595594468201384,1.6442096324006625,382.16,412.20000000000005,14.262607209006092,300,0,0,0,0,1.0,0.0,0.0,0.0,0.0,1.0,16.6,0.0,0.0,0.0,0.0,0.0,,0.0,0.0,11.319663627946284,2.7386829198803753,0.0,0.20269520218425896,14.261041750010918,11.319663627946284,0.20269520218425896
20260711_164832_170489,bae7bf40726b12938559777771e8ab509aaf37f9f9bad6244622d6e70161ad2e,37,2187632428,433795913,2187632428,17,300,50,60,5,30,10.0,120,current,Optimized Pattern Generator,dynamic_session,Dynamic Session Pattern Assignment,50,6,360,9b4385818f08011fbaafd3b4ce004e568f896027906007518572126bf9c2fcbb,3699990514,a0d896d7d9dddf93bef518d2e8f99ff450cc1b7936c1aee7b94b6a277de0fb8d,True,bayesian_windowed_all_off,A3 Ablation) Time Prior + Memory Off,False,300,300,0,0.0,300,286,0,0.9533333333333334,0.9533333333333334,0.6016476590984654,1.9073441268269544,382.16,412.20000000000005,13.969857124990085,300,0,0,0,0,1.0,0.0,0.0,0.0,0.0,1.0,16.6,0.0,0.0,0.0,0.0,0.0,,0.0,0.0,11.066287636145717,2.7050134211749537,0.0,0.19694844268087763,13.968249500001548,11.066287636145717,0.19694844268087763
20260711_164832_170489,bae7bf40726b12938559777771e8ab509aaf37f9f9bad6244622d6e70161ad2e,38,2187632429,1233724801,2187632429,18,300,50,60,5,30,10.0,120,current,Optimized Pattern Generator,dynamic_session,Dynamic Session Pattern Assignment,50,6,360,ca3a4e3a5010b6c4a9008cb480ea4c59cb0b817de95738b0b1f4880594c0ee5b,3699990515,546672b6ebcf21e6c3d19093dbd3d3e2eff00dfe4386aa33a5eab58c1d72c0fd,True,single_only,A1) Refined Cost + Greedy 1:1,True,300,300,0,0.0,300,281,0,0.9366666666666666,0.9366666666666666,1.1187471497387245,4.923727059654544,379.4033333333333,409.1,15.275431625006604,300,0,0,0,0,1.0,0.0,0.0,0.0,0.0,1.0,17.37,0.0,0.0,0.0,0.0,0.0,,0.0,0.0,11.800210075860377,3.268675074883504,0.0,0.20468576526036486,15.273570916004246,11.800210075860377,0.20468576526036486
20260711_164832_170489,bae7bf40726b12938559777771e8ab509aaf37f9f9bad6244622d6e70161ad2e,38,2187632429,1545686459,2187632429,18,300,50,60,5,30,10.0,120,current,Optimized Pattern Generator,dynamic_session,Dynamic Session Pattern Assignment,50,6,360,ca3a4e3a5010b6c4a9008cb480ea4c59cb0b817de95738b0b1f4880594c0ee5b,3699990515,546672b6ebcf21e6c3d19093dbd3d3e2eff00dfe4386aa33a5eab58c1d72c0fd,True,single_only_dtw_off,A1 Ablation) DTW Off,False,300,300,0,0.0,300,277,0,0.9233333333333333,0.9233333333333333,0.8767335829000001,3.693333803333333,379.4033333333333,409.1,15.502821000001859,300,0,0,0,0,1.0,0.0,0.0,0.0,0.0,1.0,17.37,0.0,0.0,0.0,0.0,0.0,,0.0,0.0,11.990939213996171,3.3070524380455026,0.0,0.20328776494716294,15.501279416988837,11.990939213996171,0.20328776494716294
20260711_164832_170489,bae7bf40726b12938559777771e8ab509aaf37f9f9bad6244622d6e70161ad2e,38,2187632429,866312267,2187632429,18,300,50,60,5,30,10.0,120,current,Optimized Pattern Generator,dynamic_session,Dynamic Session Pattern Assignment,50,6,360,ca3a4e3a5010b6c4a9008cb480ea4c59cb0b817de95738b0b1f4880594c0ee5b,3699990515,546672b6ebcf21e6c3d19093dbd3d3e2eff00dfe4386aa33a5eab58c1d72c0fd,True,single_only_step_off,A1 Ablation) Step Signature Off,False,300,300,0,0.0,300,266,0,0.8866666666666667,0.8866666666666667,0.1951881348961369,1.0000000800000006,379.4033333333333,409.1,15.067288834005012,300,0,0,0,0,1.0,0.0,0.0,0.0,0.0,1.0,17.37,0.0,0.0,0.0,0.0,0.0,,0.0,0.0,11.658605968026677,3.2057292920944747,0.0,0.20127478188078385,15.065610042001936,11.658605968026677,0.20127478188078385
20260711_164832_170489,bae7bf40726b12938559777771e8ab509aaf37f9f9bad6244622d6e70161ad2e,38,2187632429,1815193631,2187632429,18,300,50,60,5,30,10.0,120,current,Optimized Pattern Generator,dynamic_session,Dynamic Session Pattern Assignment,50,6,360,ca3a4e3a5010b6c4a9008cb480ea4c59cb0b817de95738b0b1f4880594c0ee5b,3699990515,546672b6ebcf21e6c3d19093dbd3d3e2eff00dfe4386aa33a5eab58c1d72c0fd,True,single_only_all_off,A1 Ablation) All Waveform Terms Off,False,300,300,0,0.0,300,245,0,0.8166666666666667,0.8166666666666667,1.2616669066333335,8.3000001,379.4033333333333,409.1,11.918201583001064,300,0,0,0,0,1.0,0.0,0.0,0.0,0.0,1.0,17.37,0.0,0.0,0.0,0.0,0.0,,0.0,0.0,11.689402209070977,0.01046257809503004,0.0,0.21668400483031292,11.91654879199632,11.689402209070977,0.21668400483031292
20260711_164832_170489,bae7bf40726b12938559777771e8ab509aaf37f9f9bad6244622d6e70161ad2e,38,2187632429,2184921348,2187632429,18,300,50,60,5,30,10.0,120,current,Optimized Pattern Generator,dynamic_session,Dynamic Session Pattern Assignment,50,6,360,ca3a4e3a5010b6c4a9008cb480ea4c59cb0b817de95738b0b1f4880594c0ee5b,3699990515,546672b6ebcf21e6c3d19093dbd3d3e2eff00dfe4386aa33a5eab58c1d72c0fd,True,nomura_original_interval_hungarian,A2) Corr+DTW + Hungarian,False,300,300,0,0.0,300,272,0,0.9066666666666666,0.9066666666666666,0.08224047160152237,0.4090313343500857,379.4033333333333,409.1,19.702937541005667,300,0,0,0,0,1.0,0.0,0.0,0.0,0.0,1.0,17.37,0.0,0.0,0.0,0.0,0.0,,0.0,0.0,11.857955539991963,7.638867734945961,0.0,0.20448555806069635,19.70130883299862,11.857955539991963,0.20448555806069635
20260711_164832_170489,bae7bf40726b12938559777771e8ab509aaf37f9f9bad6244622d6e70161ad2e,38,2187632429,2176353902,2187632429,18,300,50,60,5,30,10.0,120,current,Optimized Pattern Generator,dynamic_session,Dynamic Session Pattern Assignment,50,6,360,ca3a4e3a5010b6c4a9008cb480ea4c59cb0b817de95738b0b1f4880594c0ee5b,3699990515,546672b6ebcf21e6c3d19093dbd3d3e2eff00dfe4386aa33a5eab58c1d72c0fd,True,nomura_original_interval_hungarian_dtw_off,A2 Ablation) DTW Off (Corr-only),False,300,300,0,0.0,300,272,0,0.9066666666666666,0.9066666666666666,0.07779496504954632,0.36049238200791905,379.4033333333333,409.1,19.300569333005114,300,0,0,0,0,1.0,0.0,0.0,0.0,0.0,1.0,17.37,0.0,0.0,0.0,0.0,0.0,,0.0,0.0,11.532274203942507,7.566865827902802,0.0,0.19984838414529804,19.298988415990607,11.532274203942507,0.19984838414529804
20260711_164832_170489,bae7bf40726b12938559777771e8ab509aaf37f9f9bad6244622d6e70161ad2e,38,2187632429,1055930882,2187632429,18,300,50,60,5,30,10.0,120,current,Optimized Pattern Generator,dynamic_session,Dynamic Session Pattern Assignment,50,6,360,ca3a4e3a5010b6c4a9008cb480ea4c59cb0b817de95738b0b1f4880594c0ee5b,3699990515,546672b6ebcf21e6c3d19093dbd3d3e2eff00dfe4386aa33a5eab58c1d72c0fd,True,nomura_original_interval_hungarian_corr_off,A2 Ablation) Corr Off (DTW-only),False,300,300,0,0.0,300,260,0,0.8666666666666667,0.8666666666666667,0.0007825729714763055,0.15361460496397625,379.4033333333333,409.1,19.274952416992164,300,0,0,0,0,1.0,0.0,0.0,0.0,0.0,1.0,17.37,0.0,0.0,0.0,0.0,0.0,,0.0,0.0,11.542386706991238,7.528599334182218,0.0,0.20237329183146358,19.27335933300492,11.542386706991238,0.20237329183146358
20260711_164832_170489,bae7bf40726b12938559777771e8ab509aaf37f9f9bad6244622d6e70161ad2e,38,2187632429,542446185,2187632429,18,300,50,60,5,30,10.0,120,current,Optimized Pattern Generator,dynamic_session,Dynamic Session Pattern Assignment,50,6,360,ca3a4e3a5010b6c4a9008cb480ea4c59cb0b817de95738b0b1f4880594c0ee5b,3699990515,546672b6ebcf21e6c3d19093dbd3d3e2eff00dfe4386aa33a5eab58c1d72c0fd,True,nomura_original_interval_hungarian_all_off,A2 Ablation) All Waveform Terms Off,False,300,300,0,0.0,300,245,0,0.8166666666666667,0.8166666666666667,1.2616669066333335,8.3000001,379.4033333333333,409.1,11.918418999994174,300,0,0,0,0,1.0,0.0,0.0,0.0,0.0,1.0,17.37,0.0,0.0,0.0,0.0,0.0,,0.0,0.0,11.685310373824905,0.010826442943653092,0.0,0.2207091002346715,11.91684591700323,11.685310373824905,0.2207091002346715
20260711_164832_170489,bae7bf40726b12938559777771e8ab509aaf37f9f9bad6244622d6e70161ad2e,38,2187632429,1367392792,2187632429,18,300,50,60,5,30,10.0,120,current,Optimized Pattern Generator,dynamic_session,Dynamic Session Pattern Assignment,50,6,360,ca3a4e3a5010b6c4a9008cb480ea4c59cb0b817de95738b0b1f4880594c0ee5b,3699990515,546672b6ebcf21e6c3d19093dbd3d3e2eff00dfe4386aa33a5eab58c1d72c0fd,True,bayesian_windowed,A3) Two-Stage Bayesian Posterior + Hungarian,False,300,300,0,0.0,300,289,0,0.9633333333333334,0.9633333333333334,0.3544400538098506,1.3612170965298012,379.4033333333333,409.1,15.013842125001247,300,0,0,0,0,1.0,0.0,0.0,0.0,0.0,1.0,17.37,0.0,0.0,0.0,0.0,0.0,,0.0,0.0,11.898545716932858,2.9056493718962884,0.0,0.2080463691672776,15.012241457996424,11.898545716932858,0.2080463691672776
20260711_164832_170489,bae7bf40726b12938559777771e8ab509aaf37f9f9bad6244622d6e70161ad2e,38,2187632429,1977915790,2187632429,18,300,50,60,5,30,10.0,120,current,Optimized Pattern Generator,dynamic_session,Dynamic Session Pattern Assignment,50,6,360,ca3a4e3a5010b6c4a9008cb480ea4c59cb0b817de95738b0b1f4880594c0ee5b,3699990515,546672b6ebcf21e6c3d19093dbd3d3e2eff00dfe4386aa33a5eab58c1d72c0fd,True,bayesian_windowed_memory_off,A3 Ablation) Posterior Memory Off,False,300,300,0,0.0,300,281,0,0.9366666666666666,0.9366666666666666,0.5961722976201141,1.8973374725288181,379.4033333333333,409.1,15.481222999995225,300,0,0,0,0,1.0,0.0,0.0,0.0,0.0,1.0,17.37,0.0,0.0,0.0,0.0,0.0,,0.0,0.0,12.317661085049622,2.940898746033781,0.0,0.22094762792403344,15.479507459007436,12.317661085049622,0.22094762792403344
20260711_164832_170489,bae7bf40726b12938559777771e8ab509aaf37f9f9bad6244622d6e70161ad2e,38,2187632429,2395032894,2187632429,18,300,50,60,5,30,10.0,120,current,Optimized Pattern Generator,dynamic_session,Dynamic Session Pattern Assignment,50,6,360,ca3a4e3a5010b6c4a9008cb480ea4c59cb0b817de95738b0b1f4880594c0ee5b,3699990515,546672b6ebcf21e6c3d19093dbd3d3e2eff00dfe4386aa33a5eab58c1d72c0fd,True,bayesian_windowed_timeprior_off,A3 Ablation) Time Prior Off,False,300,300,0,0.0,300,289,0,0.9633333333333334,0.9633333333333334,0.3563055514679103,1.3632232507579796,379.4033333333333,409.1,15.314046165993204,300,0,0,0,0,1.0,0.0,0.0,0.0,0.0,1.0,17.37,0.0,0.0,0.0,0.0,0.0,,0.0,0.0,12.154925330847618,2.9160285649704747,0.0,0.241354271187447,15.31230816700554,12.154925330847618,0.241354271187447
20260711_164832_170489,bae7bf40726b12938559777771e8ab509aaf37f9f9bad6244622d6e70161ad2e,38,2187632429,433795912,2187632429,18,300,50,60,5,30,10.0,120,current,Optimized Pattern Generator,dynamic_session,Dynamic Session Pattern Assignment,50,6,360,ca3a4e3a5010b6c4a9008cb480ea4c59cb0b817de95738b0b1f4880594c0ee5b,3699990515,546672b6ebcf21e6c3d19093dbd3d3e2eff00dfe4386aa33a5eab58c1d72c0fd,True,bayesian_windowed_all_off,A3 Ablation) Time Prior + Memory Off,False,300,300,0,0.0,300,281,0,0.9366666666666666,0.9366666666666666,0.5971317330499355,1.897732452956623,379.4033333333333,409.1,14.856300667001051,300,0,0,0,0,1.0,0.0,0.0,0.0,0.0,1.0,17.37,0.0,0.0,0.0,0.0,0.0,,0.0,0.0,11.740959840084543,2.877860078107915,0.0,0.2353095408034278,14.854129458995885,11.740959840084543,0.2353095408034278
20260711_164832_170489,bae7bf40726b12938559777771e8ab509aaf37f9f9bad6244622d6e70161ad2e,39,2187632430,1233724802,2187632430,19,300,50,60,5,30,10.0,120,current,Optimized Pattern Generator,dynamic_session,Dynamic Session Pattern Assignment,50,6,360,caff67341b8c16be6d737c034c7f2debc854621714c43db038527c819eed1a76,3699990512,2b9e7a3dbac85956792b5f725c493be17ee64dc46d00328e769fccf01b53de14,True,single_only,A1) Refined Cost + Greedy 1:1,True,300,300,0,0.0,300,286,0,0.9533333333333334,0.9533333333333334,1.0699219003154432,9.181412431080208,379.35333333333335,412.1,14.688693583986606,300,0,0,0,0,1.0,0.0,0.0,0.0,0.0,1.0,17.133333333333333,0.0,0.0,0.0,0.0,0.0,,0.0,0.0,11.370558459995664,3.115709586912999,0.0,0.20083853708638344,14.687106583995046,11.370558459995664,0.20083853708638344
20260711_164832_170489,bae7bf40726b12938559777771e8ab509aaf37f9f9bad6244622d6e70161ad2e,39,2187632430,1545686456,2187632430,19,300,50,60,5,30,10.0,120,current,Optimized Pattern Generator,dynamic_session,Dynamic Session Pattern Assignment,50,6,360,caff67341b8c16be6d737c034c7f2debc854621714c43db038527c819eed1a76,3699990512,2b9e7a3dbac85956792b5f725c493be17ee64dc46d00328e769fccf01b53de14,True,single_only_dtw_off,A1 Ablation) DTW Off,False,300,300,0,0.0,300,278,0,0.9266666666666666,0.9266666666666666,0.8315224762222222,7.833333423333333,379.35333333333335,412.1,14.656896500004223,300,0,0,0,0,1.0,0.0,0.0,0.0,0.0,1.0,17.133333333333333,0.0,0.0,0.0,0.0,0.0,,0.0,0.0,11.314341534933192,3.1199466249527177,0.0,0.22109346512297634,14.655381625008886,11.314341534933192,0.22109346512297634
20260711_164832_170489,bae7bf40726b12938559777771e8ab509aaf37f9f9bad6244622d6e70161ad2e,39,2187632430,866312264,2187632430,19,300,50,60,5,30,10.0,120,current,Optimized Pattern Generator,dynamic_session,Dynamic Session Pattern Assignment,50,6,360,caff67341b8c16be6d737c034c7f2debc854621714c43db038527c819eed1a76,3699990512,2b9e7a3dbac85956792b5f725c493be17ee64dc46d00328e769fccf01b53de14,True,single_only_step_off,A1 Ablation) Step Signature Off,False,300,300,0,0.0,300,271,0,0.9033333333333333,0.9033333333333333,0.183608905477005,0.9888699310420929,379.35333333333335,412.1,14.7467999579967,300,0,0,0,0,1.0,0.0,0.0,0.0,0.0,1.0,17.133333333333333,0.0,0.0,0.0,0.0,0.0,,0.0,0.0,11.415817483808496,3.131474785026512,0.0,0.197968814172782,14.74526108300779,11.415817483808496,0.197968814172782
20260711_164832_170489,bae7bf40726b12938559777771e8ab509aaf37f9f9bad6244622d6e70161ad2e,39,2187632430,1815193628,2187632430,19,300,50,60,5,30,10.0,120,current,Optimized Pattern Generator,dynamic_session,Dynamic Session Pattern Assignment,50,6,360,caff67341b8c16be6d737c034c7f2debc854621714c43db038527c819eed1a76,3699990512,2b9e7a3dbac85956792b5f725c493be17ee64dc46d00328e769fccf01b53de14,True,single_only_all_off,A1 Ablation) All Waveform Terms Off,False,300,300,0,0.0,300,239,0,0.7966666666666666,0.7966666666666666,1.2700002523333334,8.700000440000002,379.35333333333335,412.1,11.490255915996386,300,0,0,0,0,1.0,0.0,0.0,0.0,0.0,1.0,17.133333333333333,0.0,0.0,0.0,0.0,0.0,,0.0,0.0,11.28170621409663,0.009403328935150057,0.0,0.1976279159716796,11.48873745900346,11.28170621409663,0.1976279159716796
20260711_164832_170489,bae7bf40726b12938559777771e8ab509aaf37f9f9bad6244622d6e70161ad2e,39,2187632430,2184921351,2187632430,19,300,50,60,5,30,10.0,120,current,Optimized Pattern Generator,dynamic_session,Dynamic Session Pattern Assignment,50,6,360,caff67341b8c16be6d737c034c7f2debc854621714c43db038527c819eed1a76,3699990512,2b9e7a3dbac85956792b5f725c493be17ee64dc46d00328e769fccf01b53de14,True,nomura_original_interval_hungarian,A2) Corr+DTW + Hungarian,False,300,300,0,0.0,300,272,0,0.9066666666666666,0.9066666666666666,0.08606151310547823,0.47526950628510056,379.35333333333335,412.1,19.019439124997007,300,0,0,0,0,1.0,0.0,0.0,0.0,0.0,1.0,17.133333333333333,0.0,0.0,0.0,0.0,0.0,,0.0,0.0,11.375755882108933,7.444175659067696,0.0,0.19788979183067568,19.017821333007305,11.375755882108933,0.19788979183067568
20260711_164832_170489,bae7bf40726b12938559777771e8ab509aaf37f9f9bad6244622d6e70161ad2e,39,2187632430,2176353901,2187632430,19,300,50,60,5,30,10.0,120,current,Optimized Pattern Generator,dynamic_session,Dynamic Session Pattern Assignment,50,6,360,caff67341b8c16be6d737c034c7f2debc854621714c43db038527c819eed1a76,3699990512,2b9e7a3dbac85956792b5f725c493be17ee64dc46d00328e769fccf01b53de14,True,nomura_original_interval_hungarian_dtw_off,A2 Ablation) DTW Off (Corr-only),False,300,300,0,0.0,300,273,0,0.91,0.91,0.07480873880592442,0.26376463959856017,379.35333333333335,412.1,19.453562124996097,300,0,0,0,0,1.0,0.0,0.0,0.0,0.0,1.0,17.133333333333333,0.0,0.0,0.0,0.0,0.0,,0.0,0.0,11.664804926025681,7.562900093922508,0.0,0.22428985506121535,19.451994875009404,11.664804926025681,0.22428985506121535
20260711_164832_170489,bae7bf40726b12938559777771e8ab509aaf37f9f9bad6244622d6e70161ad2e,39,2187632430,1055930881,2187632430,19,300,50,60,5,30,10.0,120,current,Optimized Pattern Generator,dynamic_session,Dynamic Session Pattern Assignment,50,6,360,caff67341b8c16be6d737c034c7f2debc854621714c43db038527c819eed1a76,3699990512,2b9e7a3dbac85956792b5f725c493be17ee64dc46d00328e769fccf01b53de14,True,nomura_original_interval_hungarian_corr_off,A2 Ablation) Corr Off (DTW-only),False,300,300,0,0.0,300,253,0,0.8433333333333334,0.8433333333333334,0.0018293274264599886,0.17973412902199085,379.35333333333335,412.1,19.208644041995285,300,0,0,0,0,1.0,0.0,0.0,0.0,0.0,1.0,17.133333333333333,0.0,0.0,0.0,0.0,0.0,,0.0,0.0,11.504544144976535,7.498194493047777,0.0,0.20427052897866815,19.20700916700298,11.504544144976535,0.20427052897866815
20260711_164832_170489,bae7bf40726b12938559777771e8ab509aaf37f9f9bad6244622d6e70161ad2e,39,2187632430,542446186,2187632430,19,300,50,60,5,30,10.0,120,current,Optimized Pattern Generator,dynamic_session,Dynamic Session Pattern Assignment,50,6,360,caff67341b8c16be6d737c034c7f2debc854621714c43db038527c819eed1a76,3699990512,2b9e7a3dbac85956792b5f725c493be17ee64dc46d00328e769fccf01b53de14,True,nomura_original_interval_hungarian_all_off,A2 Ablation) All Waveform Terms Off,False,300,300,0,0.0,300,239,0,0.7966666666666666,0.7966666666666666,1.2700002523333334,8.700000440000002,379.35333333333335,412.1,11.707072125005652,300,0,0,0,0,1.0,0.0,0.0,0.0,0.0,1.0,17.133333333333333,0.0,0.0,0.0,0.0,0.0,,0.0,0.0,11.491843287964002,0.010456698015332222,0.0,0.20318413902714383,11.705484125006478,11.491843287964002,0.20318413902714383
20260711_164832_170489,bae7bf40726b12938559777771e8ab509aaf37f9f9bad6244622d6e70161ad2e,39,2187632430,1367392795,2187632430,19,300,50,60,5,30,10.0,120,current,Optimized Pattern Generator,dynamic_session,Dynamic Session Pattern Assignment,50,6,360,caff67341b8c16be6d737c034c7f2debc854621714c43db038527c819eed1a76,3699990512,2b9e7a3dbac85956792b5f725c493be17ee64dc46d00328e769fccf01b53de14,True,bayesian_windowed,A3) Two-Stage Bayesian Posterior + Hungarian,False,300,300,0,0.0,300,291,0,0.97,0.97,0.33918139946304504,1.3899440580198184,379.35333333333335,412.1,14.361080000002403,300,0,0,0,0,1.0,0.0,0.0,0.0,0.0,1.0,17.133333333333333,0.0,0.0,0.0,0.0,0.0,,0.0,0.0,11.379417880103574,2.783692064942443,0.0,0.19633442994381767,14.359444374989835,11.379417880103574,0.19633442994381767
20260711_164832_170489,bae7bf40726b12938559777771e8ab509aaf37f9f9bad6244622d6e70161ad2e,39,2187632430,1977915789,2187632430,19,300,50,60,5,30,10.0,120,current,Optimized Pattern Generator,dynamic_session,Dynamic Session Pattern Assignment,50,6,360,caff67341b8c16be6d737c034c7f2debc854621714c43db038527c819eed1a76,3699990512,2b9e7a3dbac85956792b5f725c493be17ee64dc46d00328e769fccf01b53de14,True,bayesian_windowed_memory_off,A3 Ablation) Posterior Memory Off,False,300,300,0,0.0,300,288,0,0.96,0.96,0.6040095688999656,1.5810845578676598,379.35333333333335,412.1,15.779006333003053,300,0,0,0,0,1.0,0.0,0.0,0.0,0.0,1.0,17.133333333333333,0.0,0.0,0.0,0.0,0.0,,0.0,0.0,12.624345326956245,2.945306952984538,0.0,0.2077330950560281,15.777385374996811,12.624345326956245,0.2077330950560281
20260711_164832_170489,bae7bf40726b12938559777771e8ab509aaf37f9f9bad6244622d6e70161ad2e,39,2187632430,2395032893,2187632430,19,300,50,60,5,30,10.0,120,current,Optimized Pattern Generator,dynamic_session,Dynamic Session Pattern Assignment,50,6,360,caff67341b8c16be6d737c034c7f2debc854621714c43db038527c819eed1a76,3699990512,2b9e7a3dbac85956792b5f725c493be17ee64dc46d00328e769fccf01b53de14,True,bayesian_windowed_timeprior_off,A3 Ablation) Time Prior Off,False,300,300,0,0.0,300,291,0,0.97,0.97,0.34172683237443313,1.3932845047593256,379.35333333333335,412.1,16.395799749996513,300,0,0,0,0,1.0,0.0,0.0,0.0,0.0,1.0,17.133333333333333,0.0,0.0,0.0,0.0,0.0,,0.0,0.0,13.156206537998514,3.029823106015101,0.0,0.20816735598782543,16.39419700000144,13.156206537998514,0.20816735598782543
20260711_164832_170489,bae7bf40726b12938559777771e8ab509aaf37f9f9bad6244622d6e70161ad2e,39,2187632430,433795915,2187632430,19,300,50,60,5,30,10.0,120,current,Optimized Pattern Generator,dynamic_session,Dynamic Session Pattern Assignment,50,6,360,caff67341b8c16be6d737c034c7f2debc854621714c43db038527c819eed1a76,3699990512,2b9e7a3dbac85956792b5f725c493be17ee64dc46d00328e769fccf01b53de14,True,bayesian_windowed_all_off,A3 Ablation) Time Prior + Memory Off,False,300,300,0,0.0,300,286,0,0.9533333333333334,0.9533333333333334,0.604931435537431,1.5819468271002535,379.35333333333335,412.1,14.38991458300734,300,0,0,0,0,1.0,0.0,0.0,0.0,0.0,1.0,17.133333333333333,0.0,0.0,0.0,0.0,0.0,,0.0,0.0,11.38728978598374,2.8027398361009546,0.0,0.19830133592768107,14.388330958012375,11.38728978598374,0.19830133592768107
20260711_164832_170489,bae7bf40726b12938559777771e8ab509aaf37f9f9bad6244622d6e70161ad2e,40,2187632431,1233724803,2187632431,20,300,50,60,5,30,10.0,120,current,Optimized Pattern Generator,dynamic_session,Dynamic Session Pattern Assignment,50,6,360,82f0b3361796d285ea7dba014f4b4dbb950d8a9ef50a5a7410d8622cc0d40a1e,3699990513,529a9c1a3f8e494dbcc4a3051d2a4ea75e9e01b0c8909ba68dd484c99ab7d007,True,single_only,A1) Refined Cost + Greedy 1:1,True,300,300,0,0.0,300,290,0,0.9666666666666667,0.9666666666666667,1.0195592469013353,4.386180905410375,381.5966666666667,417.20000000000005,15.436016999999993,300,0,0,0,0,1.0,0.0,0.0,0.0,0.0,1.0,17.41,0.0,0.0,0.0,0.0,0.0,,0.0,0.0,12.00193003602908,3.2283851270913146,0.0,0.2041037958842935,15.434418959004688,12.00193003602908,0.2041037958842935
20260711_164832_170489,bae7bf40726b12938559777771e8ab509aaf37f9f9bad6244622d6e70161ad2e,40,2187632431,1545686457,2187632431,20,300,50,60,5,30,10.0,120,current,Optimized Pattern Generator,dynamic_session,Dynamic Session Pattern Assignment,50,6,360,82f0b3361796d285ea7dba014f4b4dbb950d8a9ef50a5a7410d8622cc0d40a1e,3699990513,529a9c1a3f8e494dbcc4a3051d2a4ea75e9e01b0c8909ba68dd484c99ab7d007,True,single_only_dtw_off,A1 Ablation) DTW Off,False,300,300,0,0.0,300,283,0,0.9433333333333334,0.9433333333333334,0.7827446878111112,3.42000019,381.5966666666667,417.20000000000005,15.245783207996283,300,0,0,0,0,1.0,0.0,0.0,0.0,0.0,1.0,17.41,0.0,0.0,0.0,0.0,0.0,,0.0,0.0,11.83147842308972,3.209909283235902,0.0,0.20280933566391468,15.244197041989537,11.83147842308972,0.20280933566391468
20260711_164832_170489,bae7bf40726b12938559777771e8ab509aaf37f9f9bad6244622d6e70161ad2e,40,2187632431,866312265,2187632431,20,300,50,60,5,30,10.0,120,current,Optimized Pattern Generator,dynamic_session,Dynamic Session Pattern Assignment,50,6,360,82f0b3361796d285ea7dba014f4b4dbb950d8a9ef50a5a7410d8622cc0d40a1e,3699990513,529a9c1a3f8e494dbcc4a3051d2a4ea75e9e01b0c8909ba68dd484c99ab7d007,True,single_only_step_off,A1 Ablation) Step Signature Off,False,300,300,0,0.0,300,264,0,0.88,0.88,0.18543538793255526,1.0345095413956702,381.5966666666667,417.20000000000005,15.5917579169909,300,0,0,0,0,1.0,0.0,0.0,0.0,0.0,1.0,17.41,0.0,0.0,0.0,0.0,0.0,,0.0,0.0,12.131604463997064,3.252842365152901,0.0,0.20575737884792034,15.590204207997886,12.131604463997064,0.20575737884792034
20260711_164832_170489,bae7bf40726b12938559777771e8ab509aaf37f9f9bad6244622d6e70161ad2e,40,2187632431,1815193629,2187632431,20,300,50,60,5,30,10.0,120,current,Optimized Pattern Generator,dynamic_session,Dynamic Session Pattern Assignment,50,6,360,82f0b3361796d285ea7dba014f4b4dbb950d8a9ef50a5a7410d8622cc0d40a1e,3699990513,529a9c1a3f8e494dbcc4a3051d2a4ea75e9e01b0c8909ba68dd484c99ab7d007,True,single_only_all_off,A1 Ablation) All Waveform Terms Off,False,300,300,0,0.0,300,243,0,0.81,0.81,1.2866669082333333,8.20000029,381.5966666666667,417.20000000000005,11.945225208997726,300,0,0,0,0,1.0,0.0,0.0,0.0,0.0,1.0,17.41,0.0,0.0,0.0,0.0,0.0,,0.0,0.0,11.706999087022268,0.010551072075031698,0.0,0.22613921591255348,11.943689375009853,11.706999087022268,0.22613921591255348
20260711_164832_170489,bae7bf40726b12938559777771e8ab509aaf37f9f9bad6244622d6e70161ad2e,40,2187632431,2184921350,2187632431,20,300,50,60,5,30,10.0,120,current,Optimized Pattern Generator,dynamic_session,Dynamic Session Pattern Assignment,50,6,360,82f0b3361796d285ea7dba014f4b4dbb950d8a9ef50a5a7410d8622cc0d40a1e,3699990513,529a9c1a3f8e494dbcc4a3051d2a4ea75e9e01b0c8909ba68dd484c99ab7d007,True,nomura_original_interval_hungarian,A2) Corr+DTW + Hungarian,False,300,300,0,0.0,300,279,0,0.93,0.93,0.08457075820306942,0.44109041078190053,381.5966666666667,417.20000000000005,19.796351541997865,300,0,0,0,0,1.0,0.0,0.0,0.0,0.0,1.0,17.41,0.0,0.0,0.0,0.0,0.0,,0.0,0.0,11.952975830150535,7.641950623001321,0.0,0.19975808783783577,19.794684540989692,11.952975830150535,0.19975808783783577
20260711_164832_170489,bae7bf40726b12938559777771e8ab509aaf37f9f9bad6244622d6e70161ad2e,40,2187632431,2176353900,2187632431,20,300,50,60,5,30,10.0,120,current,Optimized Pattern Generator,dynamic_session,Dynamic Session Pattern Assignment,50,6,360,82f0b3361796d285ea7dba014f4b4dbb950d8a9ef50a5a7410d8622cc0d40a1e,3699990513,529a9c1a3f8e494dbcc4a3051d2a4ea75e9e01b0c8909ba68dd484c99ab7d007,True,nomura_original_interval_hungarian_dtw_off,A2 Ablation) DTW Off (Corr-only),False,300,300,0,0.0,300,271,0,0.9033333333333333,0.9033333333333333,0.07400735299177415,0.3048748383456537,381.5966666666667,417.20000000000005,19.65980654100713,300,0,0,0,0,1.0,0.0,0.0,0.0,0.0,1.0,17.41,0.0,0.0,0.0,0.0,0.0,,0.0,0.0,11.819005789147923,7.628964665098465,0.0,0.21015712874941528,19.658127582995803,11.819005789147923,0.21015712874941528
20260711_164832_170489,bae7bf40726b12938559777771e8ab509aaf37f9f9bad6244622d6e70161ad2e,40,2187632431,1055930880,2187632431,20,300,50,60,5,30,10.0,120,current,Optimized Pattern Generator,dynamic_session,Dynamic Session Pattern Assignment,50,6,360,82f0b3361796d285ea7dba014f4b4dbb950d8a9ef50a5a7410d8622cc0d40a1e,3699990513,529a9c1a3f8e494dbcc4a3051d2a4ea75e9e01b0c8909ba68dd484c99ab7d007,True,nomura_original_interval_hungarian_corr_off,A2 Ablation) Corr Off (DTW-only),False,300,300,0,0.0,300,250,0,0.8333333333333334,0.8333333333333334,0.0007666144599809899,0.1873342136255318,381.5966666666667,417.20000000000005,19.963606499994057,300,0,0,0,0,1.0,0.0,0.0,0.0,0.0,1.0,17.41,0.0,0.0,0.0,0.0,0.0,,0.0,0.0,12.069139080864261,7.676934776987764,0.0,0.2159158511494752,19.9619897090015,12.069139080864261,0.2159158511494752
20260711_164832_170489,bae7bf40726b12938559777771e8ab509aaf37f9f9bad6244622d6e70161ad2e,40,2187632431,542446187,2187632431,20,300,50,60,5,30,10.0,120,current,Optimized Pattern Generator,dynamic_session,Dynamic Session Pattern Assignment,50,6,360,82f0b3361796d285ea7dba014f4b4dbb950d8a9ef50a5a7410d8622cc0d40a1e,3699990513,529a9c1a3f8e494dbcc4a3051d2a4ea75e9e01b0c8909ba68dd484c99ab7d007,True,nomura_original_interval_hungarian_all_off,A2 Ablation) All Waveform Terms Off,False,300,300,0,0.0,300,243,0,0.81,0.81,1.2866669082333333,8.20000029,381.5966666666667,417.20000000000005,11.956882875005249,300,0,0,0,0,1.0,0.0,0.0,0.0,0.0,1.0,17.41,0.0,0.0,0.0,0.0,0.0,,0.0,0.0,11.721511000665487,0.010301905058440752,0.0,0.22349488627514802,11.955307791999076,11.721511000665487,0.22349488627514802
20260711_164832_170489,bae7bf40726b12938559777771e8ab509aaf37f9f9bad6244622d6e70161ad2e,40,2187632431,1367392794,2187632431,20,300,50,60,5,30,10.0,120,current,Optimized Pattern Generator,dynamic_session,Dynamic Session Pattern Assignment,50,6,360,82f0b3361796d285ea7dba014f4b4dbb950d8a9ef50a5a7410d8622cc0d40a1e,3699990513,529a9c1a3f8e494dbcc4a3051d2a4ea75e9e01b0c8909ba68dd484c99ab7d007,True,bayesian_windowed,A3) Two-Stage Bayesian Posterior + Hungarian,False,300,300,0,0.0,300,296,0,0.9866666666666667,0.9866666666666667,0.4302964539804742,2.0122721448680183,381.5966666666667,417.20000000000005,14.913745875004679,300,0,0,0,0,1.0,0.0,0.0,0.0,0.0,1.0,17.41,0.0,0.0,0.0,0.0,0.0,,0.0,0.0,11.844861623161705,2.867045868872083,0.0,0.20024259196361527,14.912150083997403,11.844861623161705,0.20024259196361527
20260711_164832_170489,bae7bf40726b12938559777771e8ab509aaf37f9f9bad6244622d6e70161ad2e,40,2187632431,1977915788,2187632431,20,300,50,60,5,30,10.0,120,current,Optimized Pattern Generator,dynamic_session,Dynamic Session Pattern Assignment,50,6,360,82f0b3361796d285ea7dba014f4b4dbb950d8a9ef50a5a7410d8622cc0d40a1e,3699990513,529a9c1a3f8e494dbcc4a3051d2a4ea75e9e01b0c8909ba68dd484c99ab7d007,True,bayesian_windowed_memory_off,A3 Ablation) Posterior Memory Off,False,300,300,0,0.0,300,290,0,0.9666666666666667,0.9666666666666667,0.7202736966411932,2.118804074387287,381.5966666666667,417.20000000000005,14.633064374997048,300,0,0,0,0,1.0,0.0,0.0,0.0,0.0,1.0,17.41,0.0,0.0,0.0,0.0,0.0,,0.0,0.0,11.594288716150913,2.840529168053763,0.0,0.19664553279289976,14.631463416997576,11.594288716150913,0.19664553279289976
20260711_164832_170489,bae7bf40726b12938559777771e8ab509aaf37f9f9bad6244622d6e70161ad2e,40,2187632431,2395032892,2187632431,20,300,50,60,5,30,10.0,120,current,Optimized Pattern Generator,dynamic_session,Dynamic Session Pattern Assignment,50,6,360,82f0b3361796d285ea7dba014f4b4dbb950d8a9ef50a5a7410d8622cc0d40a1e,3699990513,529a9c1a3f8e494dbcc4a3051d2a4ea75e9e01b0c8909ba68dd484c99ab7d007,True,bayesian_windowed_timeprior_off,A3 Ablation) Time Prior Off,False,300,300,0,0.0,300,296,0,0.9866666666666667,0.9866666666666667,0.4333104343420114,2.0127251871750884,381.5966666666667,417.20000000000005,14.948025208999752,300,0,0,0,0,1.0,0.0,0.0,0.0,0.0,1.0,17.41,0.0,0.0,0.0,0.0,0.0,,0.0,0.0,11.867931747023249,2.8626287820370635,0.0,0.21578822094306815,14.94634875000338,11.867931747023249,0.21578822094306815
20260711_164832_170489,bae7bf40726b12938559777771e8ab509aaf37f9f9bad6244622d6e70161ad2e,40,2187632431,433795914,2187632431,20,300,50,60,5,30,10.0,120,current,Optimized Pattern Generator,dynamic_session,Dynamic Session Pattern Assignment,50,6,360,82f0b3361796d285ea7dba014f4b4dbb950d8a9ef50a5a7410d8622cc0d40a1e,3699990513,529a9c1a3f8e494dbcc4a3051d2a4ea75e9e01b0c8909ba68dd484c99ab7d007,True,bayesian_windowed_all_off,A3 Ablation) Time Prior + Memory Off,False,300,300,0,0.0,300,290,0,0.9666666666666667,0.9666666666666667,0.7215641856335787,2.119316401403057,381.5966666666667,417.20000000000005,15.090945499992813,300,0,0,0,0,1.0,0.0,0.0,0.0,0.0,1.0,17.41,0.0,0.0,0.0,0.0,0.0,,0.0,0.0,11.991939088067738,2.891642036891426,0.0,0.2056396250409307,15.089220750000095,11.991939088067738,0.2056396250409307
20260711_164832_170489,bae7bf40726b12938559777771e8ab509aaf37f9f9bad6244622d6e70161ad2e,41,2187632432,1233724828,2187632432,1,500,50,60,5,30,10.0,120,current,Optimized Pattern Generator,dynamic_session,Dynamic Session Pattern Assignment,50,6,360,d8c1ff54c33ca730cedaa07f0bfbe3adfebdc34c0281d1a58f3a93ce4b5ca0f9,3699990510,ab5ed49590bfa428e80eb4de1123e439b25e7babac929df47a0fbf35ac8cdf8e,True,single_only,A1) Refined Cost + Greedy 1:1,True,500,500,0,0.0,500,467,0,0.934,0.934,1.1143781589194224,8.037037156472499,383.624,422.0,41.67468662498868,500,0,0,0,0,1.0,0.0,0.0,0.0,0.0,1.0,28.756,0.0,0.0,0.0,0.0,0.0,,0.0,0.0,32.64969296379422,8.694410859927302,0.0,0.32722621827269904,41.671330041994224,32.64969296379422,0.32722621827269904
20260711_164832_170489,bae7bf40726b12938559777771e8ab509aaf37f9f9bad6244622d6e70161ad2e,41,2187632432,1545686438,2187632432,1,500,50,60,5,30,10.0,120,current,Optimized Pattern Generator,dynamic_session,Dynamic Session Pattern Assignment,50,6,360,d8c1ff54c33ca730cedaa07f0bfbe3adfebdc34c0281d1a58f3a93ce4b5ca0f9,3699990510,ab5ed49590bfa428e80eb4de1123e439b25e7babac929df47a0fbf35ac8cdf8e,True,single_only_dtw_off,A1 Ablation) DTW Off,False,500,500,0,0.0,500,450,0,0.9,0.9,0.8454869383466667,5.943333473333333,383.624,422.0,41.80598737500259,500,0,0,0,0,1.0,0.0,0.0,0.0,0.0,1.0,28.756,0.0,0.0,0.0,0.0,0.0,,0.0,0.0,32.78436216904083,8.696260782904574,0.0,0.3219672980631003,41.80259025000851,32.78436216904083,0.3219672980631003
20260711_164832_170489,bae7bf40726b12938559777771e8ab509aaf37f9f9bad6244622d6e70161ad2e,41,2187632432,866312278,2187632432,1,500,50,60,5,30,10.0,120,current,Optimized Pattern Generator,dynamic_session,Dynamic Session Pattern Assignment,50,6,360,d8c1ff54c33ca730cedaa07f0bfbe3adfebdc34c0281d1a58f3a93ce4b5ca0f9,3699990510,ab5ed49590bfa428e80eb4de1123e439b25e7babac929df47a0fbf35ac8cdf8e,True,single_only_step_off,A1 Ablation) Step Signature Off,False,500,500,0,0.0,500,434,0,0.868,0.868,0.2079168632001909,0.9458707908279061,383.624,422.0,41.84706158300105,500,0,0,0,0,1.0,0.0,0.0,0.0,0.0,1.0,28.756,0.0,0.0,0.0,0.0,0.0,,0.0,0.0,32.81265830399934,8.70866440392274,0.0,0.32220600107393693,41.84352870899602,32.81265830399934,0.32220600107393693
20260711_164832_170489,bae7bf40726b12938559777771e8ab509aaf37f9f9bad6244622d6e70161ad2e,41,2187632432,1815193602,2187632432,1,500,50,60,5,30,10.0,120,current,Optimized Pattern Generator,dynamic_session,Dynamic Session Pattern Assignment,50,6,360,d8c1ff54c33ca730cedaa07f0bfbe3adfebdc34c0281d1a58f3a93ce4b5ca0f9,3699990510,ab5ed49590bfa428e80eb4de1123e439b25e7babac929df47a0fbf35ac8cdf8e,True,single_only_all_off,A1 Ablation) All Waveform Terms Off,False,500,500,0,0.0,500,348,0,0.696,0.696,1.23440026878,7.600000100000001,383.624,422.0,32.8681013329915,500,0,0,0,0,1.0,0.0,0.0,0.0,0.0,1.0,28.756,0.0,0.0,0.0,0.0,0.0,,0.0,0.0,32.52176123802201,0.020327571022789925,0.0,0.3226667329581687,32.86475554200297,32.52176123802201,0.3226667329581687
20260711_164832_170489,bae7bf40726b12938559777771e8ab509aaf37f9f9bad6244622d6e70161ad2e,41,2187632432,2184921369,2187632432,1,500,50,60,5,30,10.0,120,current,Optimized Pattern Generator,dynamic_session,Dynamic Session Pattern Assignment,50,6,360,d8c1ff54c33ca730cedaa07f0bfbe3adfebdc34c0281d1a58f3a93ce4b5ca0f9,3699990510,ab5ed49590bfa428e80eb4de1123e439b25e7babac929df47a0fbf35ac8cdf8e,True,nomura_original_interval_hungarian,A2) Corr+DTW + Hungarian,False,500,500,0,0.0,500,450,0,0.9,0.9,0.09423522555955993,0.46603688963376,383.624,422.0,53.82946133399673,500,0,0,0,0,1.0,0.0,0.0,0.0,0.0,1.0,28.756,0.0,0.0,0.0,0.0,0.0,,0.0,0.0,32.69182620490028,20.804959197965218,0.0,0.32934001414105296,53.82612541700655,32.69182620490028,0.32934001414105296
20260711_164832_170489,bae7bf40726b12938559777771e8ab509aaf37f9f9bad6244622d6e70161ad2e,41,2187632432,2176353907,2187632432,1,500,50,60,5,30,10.0,120,current,Optimized Pattern Generator,dynamic_session,Dynamic Session Pattern Assignment,50,6,360,d8c1ff54c33ca730cedaa07f0bfbe3adfebdc34c0281d1a58f3a93ce4b5ca0f9,3699990510,ab5ed49590bfa428e80eb4de1123e439b25e7babac929df47a0fbf35ac8cdf8e,True,nomura_original_interval_hungarian_dtw_off,A2 Ablation) DTW Off (Corr-only),False,500,500,0,0.0,500,442,0,0.884,0.884,0.08285969698360869,0.322025856285162,383.624,422.0,53.7583965829981,500,0,0,0,0,1.0,0.0,0.0,0.0,0.0,1.0,28.756,0.0,0.0,0.0,0.0,0.0,,0.0,0.0,32.65125350585731,20.77885517323739,0.0,0.32471794591401704,53.75482662500872,32.65125350585731,0.32471794591401704
20260711_164832_170489,bae7bf40726b12938559777771e8ab509aaf37f9f9bad6244622d6e70161ad2e,41,2187632432,1055930911,2187632432,1,500,50,60,5,30,10.0,120,current,Optimized Pattern Generator,dynamic_session,Dynamic Session Pattern Assignment,50,6,360,d8c1ff54c33ca730cedaa07f0bfbe3adfebdc34c0281d1a58f3a93ce4b5ca0f9,3699990510,ab5ed49590bfa428e80eb4de1123e439b25e7babac929df47a0fbf35ac8cdf8e,True,nomura_original_interval_hungarian_corr_off,A2 Ablation) Corr Off (DTW-only),False,500,500,0,0.0,500,381,0,0.762,0.762,0.0018914434940897084,0.20334379536809052,383.624,422.0,53.69475683300698,500,0,0,0,0,1.0,0.0,0.0,0.0,0.0,1.0,28.756,0.0,0.0,0.0,0.0,0.0,,0.0,0.0,32.550437077952665,20.791240285907406,0.0,0.349541469142423,53.691218833002495,32.550437077952665,0.349541469142423
20260711_164832_170489,bae7bf40726b12938559777771e8ab509aaf37f9f9bad6244622d6e70161ad2e,41,2187632432,542446196,2187632432,1,500,50,60,5,30,10.0,120,current,Optimized Pattern Generator,dynamic_session,Dynamic Session Pattern Assignment,50,6,360,d8c1ff54c33ca730cedaa07f0bfbe3adfebdc34c0281d1a58f3a93ce4b5ca0f9,3699990510,ab5ed49590bfa428e80eb4de1123e439b25e7babac929df47a0fbf35ac8cdf8e,True,nomura_original_interval_hungarian_all_off,A2 Ablation) All Waveform Terms Off,False,500,500,0,0.0,500,348,0,0.696,0.696,1.23440026878,7.600000100000001,383.624,422.0,32.857980666987714,500,0,0,0,0,1.0,0.0,0.0,0.0,0.0,1.0,28.756,0.0,0.0,0.0,0.0,0.0,,0.0,0.0,32.50894813105697,0.020392410166095942,0.0,0.32531604178075213,32.854656583003816,32.50894813105697,0.32531604178075213
20260711_164832_170489,bae7bf40726b12938559777771e8ab509aaf37f9f9bad6244622d6e70161ad2e,41,2187632432,1367392773,2187632432,1,500,50,60,5,30,10.0,120,current,Optimized Pattern Generator,dynamic_session,Dynamic Session Pattern Assignment,50,6,360,d8c1ff54c33ca730cedaa07f0bfbe3adfebdc34c0281d1a58f3a93ce4b5ca0f9,3699990510,ab5ed49590bfa428e80eb4de1123e439b25e7babac929df47a0fbf35ac8cdf8e,True,bayesian_windowed,A3) Two-Stage Bayesian Posterior + Hungarian,False,500,500,0,0.0,500,484,0,0.968,0.968,0.5565367779204623,2.1002664262223445,383.624,422.0,40.67993429201306,500,0,0,0,0,1.0,0.0,0.0,0.0,0.0,1.0,28.756,0.0,0.0,0.0,0.0,0.0,,0.0,0.0,32.67030466919823,7.679418983942014,0.0,0.32669851285754703,40.67642216599779,32.67030466919823,0.32669851285754703
20260711_164832_170489,bae7bf40726b12938559777771e8ab509aaf37f9f9bad6244622d6e70161ad2e,41,2187632432,1977915795,2187632432,1,500,50,60,5,30,10.0,120,current,Optimized Pattern Generator,dynamic_session,Dynamic Session Pattern Assignment,50,6,360,d8c1ff54c33ca730cedaa07f0bfbe3adfebdc34c0281d1a58f3a93ce4b5ca0f9,3699990510,ab5ed49590bfa428e80eb4de1123e439b25e7babac929df47a0fbf35ac8cdf8e,True,bayesian_windowed_memory_off,A3 Ablation) Posterior Memory Off,False,500,500,0,0.0,500,467,0,0.934,0.934,0.9019060171339464,2.601071151453428,383.624,422.0,40.81785870900785,500,0,0,0,0,1.0,0.0,0.0,0.0,0.0,1.0,28.756,0.0,0.0,0.0,0.0,0.0,,0.0,0.0,32.77141862404824,7.701487233891385,0.0,0.3417006000527181,40.81460645799234,32.77141862404824,0.3417006000527181
20260711_164832_170489,bae7bf40726b12938559777771e8ab509aaf37f9f9bad6244622d6e70161ad2e,41,2187632432,2395032867,2187632432,1,500,50,60,5,30,10.0,120,current,Optimized Pattern Generator,dynamic_session,Dynamic Session Pattern Assignment,50,6,360,d8c1ff54c33ca730cedaa07f0bfbe3adfebdc34c0281d1a58f3a93ce4b5ca0f9,3699990510,ab5ed49590bfa428e80eb4de1123e439b25e7babac929df47a0fbf35ac8cdf8e,True,bayesian_windowed_timeprior_off,A3 Ablation) Time Prior Off,False,500,500,0,0.0,500,484,0,0.968,0.968,0.560077859825376,2.1105760579612727,383.624,422.0,40.77667604100134,500,0,0,0,0,1.0,0.0,0.0,0.0,0.0,1.0,28.756,0.0,0.0,0.0,0.0,0.0,,0.0,0.0,32.755320459997165,7.692643682064954,0.0,0.32530985794437584,40.773274000006495,32.755320459997165,0.32530985794437584
20260711_164832_170489,bae7bf40726b12938559777771e8ab509aaf37f9f9bad6244622d6e70161ad2e,41,2187632432,433795925,2187632432,1,500,50,60,5,30,10.0,120,current,Optimized Pattern Generator,dynamic_session,Dynamic Session Pattern Assignment,50,6,360,d8c1ff54c33ca730cedaa07f0bfbe3adfebdc34c0281d1a58f3a93ce4b5ca0f9,3699990510,ab5ed49590bfa428e80eb4de1123e439b25e7babac929df47a0fbf35ac8cdf8e,True,bayesian_windowed_all_off,A3 Ablation) Time Prior + Memory Off,False,500,500,0,0.0,500,467,0,0.934,0.934,0.9033975752139493,2.603324038171281,383.624,422.0,40.73681449999276,500,0,0,0,0,1.0,0.0,0.0,0.0,0.0,1.0,28.756,0.0,0.0,0.0,0.0,0.0,,0.0,0.0,32.73187586889253,7.6816611209651455,0.0,0.31993771814450156,40.73347470800218,32.73187586889253,0.31993771814450156
20260711_164832_170489,bae7bf40726b12938559777771e8ab509aaf37f9f9bad6244622d6e70161ad2e,42,2187632433,1233724829,2187632433,2,500,50,60,5,30,10.0,120,current,Optimized Pattern Generator,dynamic_session,Dynamic Session Pattern Assignment,50,6,360,47f5e4154947fed1bcb3c6871ae4f3b5d230a5c178bab938a992463975ff5c0c,3699990511,dbc7dfad9322deab14c94394d03f847bc8c4c03359672c36dcba26e993890e1a,True,single_only,A1) Refined Cost + Greedy 1:1,True,500,500,0,0.0,500,469,0,0.938,0.938,1.038206606155114,4.095752693880588,379.328,409.20000000000005,40.77809516599518,500,0,0,0,0,1.0,0.0,0.0,0.0,0.0,1.0,28.204,0.0,0.0,0.0,0.0,0.0,,0.0,0.0,31.935964725969825,8.514100958986091,0.0,0.3247160240425728,40.77478170899849,31.935964725969825,0.3247160240425728
20260711_164832_170489,bae7bf40726b12938559777771e8ab509aaf37f9f9bad6244622d6e70161ad2e,42,2187632433,1545686439,2187632433,2,500,50,60,5,30,10.0,120,current,Optimized Pattern Generator,dynamic_session,Dynamic Session Pattern Assignment,50,6,360,47f5e4154947fed1bcb3c6871ae4f3b5d230a5c178bab938a992463975ff5c0c,3699990511,dbc7dfad9322deab14c94394d03f847bc8c4c03359672c36dcba26e993890e1a,True,single_only_dtw_off,A1 Ablation) DTW Off,False,500,500,0,0.0,500,452,0,0.904,0.904,0.8197936062333334,3.006666806666667,379.328,409.20000000000005,40.91223495799932,500,0,0,0,0,1.0,0.0,0.0,0.0,0.0,1.0,28.204,0.0,0.0,0.0,0.0,0.0,,0.0,0.0,32.05087859509513,8.527514502144186,0.0,0.3305877777602291,40.90898087499954,32.05087859509513,0.3305877777602291
20260711_164832_170489,bae7bf40726b12938559777771e8ab509aaf37f9f9bad6244622d6e70161ad2e,42,2187632433,866312279,2187632433,2,500,50,60,5,30,10.0,120,current,Optimized Pattern Generator,dynamic_session,Dynamic Session Pattern Assignment,50,6,360,47f5e4154947fed1bcb3c6871ae4f3b5d230a5c178bab938a992463975ff5c0c,3699990511,dbc7dfad9322deab14c94394d03f847bc8c4c03359672c36dcba26e993890e1a,True,single_only_step_off,A1 Ablation) Step Signature Off,False,500,500,0,0.0,500,439,0,0.878,0.878,0.17120514972429846,1.0115710447710977,379.328,409.20000000000005,40.94218704200466,500,0,0,0,0,1.0,0.0,0.0,0.0,0.0,1.0,28.204,0.0,0.0,0.0,0.0,0.0,,0.0,0.0,32.0754153841699,8.539802119077649,0.0,0.32358291375567205,40.93880041700322,32.0754153841699,0.32358291375567205
20260711_164832_170489,bae7bf40726b12938559777771e8ab509aaf37f9f9bad6244622d6e70161ad2e,42,2187632433,1815193603,2187632433,2,500,50,60,5,30,10.0,120,current,Optimized Pattern Generator,dynamic_session,Dynamic Session Pattern Assignment,50,6,360,47f5e4154947fed1bcb3c6871ae4f3b5d230a5c178bab938a992463975ff5c0c,3699990511,dbc7dfad9322deab14c94394d03f847bc8c4c03359672c36dcba26e993890e1a,True,single_only_all_off,A1 Ablation) All Waveform Terms Off,False,500,500,0,0.0,500,363,0,0.726,0.726,1.2210002767,8.800000480000001,379.328,409.20000000000005,32.226549792001606,500,0,0,0,0,1.0,0.0,0.0,0.0,0.0,1.0,28.204,0.0,0.0,0.0,0.0,0.0,,0.0,0.0,31.87743574315391,0.020255775336408988,0.0,0.32560002351237927,32.2232915420027,31.87743574315391,0.32560002351237927
20260711_164832_170489,bae7bf40726b12938559777771e8ab509aaf37f9f9bad6244622d6e70161ad2e,42,2187632433,2184921368,2187632433,2,500,50,60,5,30,10.0,120,current,Optimized Pattern Generator,dynamic_session,Dynamic Session Pattern Assignment,50,6,360,47f5e4154947fed1bcb3c6871ae4f3b5d230a5c178bab938a992463975ff5c0c,3699990511,dbc7dfad9322deab14c94394d03f847bc8c4c03359672c36dcba26e993890e1a,True,nomura_original_interval_hungarian,A2) Corr+DTW + Hungarian,False,500,500,0,0.0,500,451,0,0.902,0.902,0.07880654737944151,0.4194898444672125,379.328,409.20000000000005,52.72296975000063,500,0,0,0,0,1.0,0.0,0.0,0.0,0.0,1.0,28.204,0.0,0.0,0.0,0.0,0.0,,0.0,0.0,31.99371861705731,20.377833072081557,0.0,0.34791626885998994,52.71946795799886,31.99371861705731,0.34791626885998994
20260711_164832_170489,bae7bf40726b12938559777771e8ab509aaf37f9f9bad6244622d6e70161ad2e,42,2187632433,2176353906,2187632433,2,500,50,60,5,30,10.0,120,current,Optimized Pattern Generator,dynamic_session,Dynamic Session Pattern Assignment,50,6,360,47f5e4154947fed1bcb3c6871ae4f3b5d230a5c178bab938a992463975ff5c0c,3699990511,dbc7dfad9322deab14c94394d03f847bc8c4c03359672c36dcba26e993890e1a,True,nomura_original_interval_hungarian_dtw_off,A2 Ablation) DTW Off (Corr-only),False,500,500,0,0.0,500,447,0,0.894,0.894,0.07012619607343032,0.36752914858904867,379.328,409.20000000000005,52.57166212500306,500,0,0,0,0,1.0,0.0,0.0,0.0,0.0,1.0,28.204,0.0,0.0,0.0,0.0,0.0,,0.0,0.0,31.894861674125423,20.34257312605041,0.0,0.33079861583246384,52.5682334160083,31.894861674125423,0.33079861583246384
20260711_164832_170489,bae7bf40726b12938559777771e8ab509aaf37f9f9bad6244622d6e70161ad2e,42,2187632433,1055930910,2187632433,2,500,50,60,5,30,10.0,120,current,Optimized Pattern Generator,dynamic_session,Dynamic Session Pattern Assignment,50,6,360,47f5e4154947fed1bcb3c6871ae4f3b5d230a5c178bab938a992463975ff5c0c,3699990511,dbc7dfad9322deab14c94394d03f847bc8c4c03359672c36dcba26e993890e1a,True,nomura_original_interval_hungarian_corr_off,A2 Ablation) Corr Off (DTW-only),False,500,500,0,0.0,500,394,0,0.788,0.788,0.0019359014835037104,0.20980147621303524,379.328,409.20000000000005,52.567438083002344,500,0,0,0,0,1.0,0.0,0.0,0.0,0.0,1.0,28.204,0.0,0.0,0.0,0.0,0.0,,0.0,0.0,31.936115362070268,20.306409948025248,0.0,0.3214781069109449,52.56400341700646,31.936115362070268,0.3214781069109449
20260711_164832_170489,bae7bf40726b12938559777771e8ab509aaf37f9f9bad6244622d6e70161ad2e,42,2187632433,542446197,2187632433,2,500,50,60,5,30,10.0,120,current,Optimized Pattern Generator,dynamic_session,Dynamic Session Pattern Assignment,50,6,360,47f5e4154947fed1bcb3c6871ae4f3b5d230a5c178bab938a992463975ff5c0c,3699990511,dbc7dfad9322deab14c94394d03f847bc8c4c03359672c36dcba26e993890e1a,True,nomura_original_interval_hungarian_all_off,A2 Ablation) All Waveform Terms Off,False,500,500,0,0.0,500,363,0,0.726,0.726,1.2210002767,8.800000480000001,379.328,409.20000000000005,32.27273212499858,500,0,0,0,0,1.0,0.0,0.0,0.0,0.0,1.0,28.204,0.0,0.0,0.0,0.0,0.0,,0.0,0.0,31.901912791872746,0.02013169894053135,0.0,0.34730400919215754,32.269348500005435,31.901912791872746,0.34730400919215754
20260711_164832_170489,bae7bf40726b12938559777771e8ab509aaf37f9f9bad6244622d6e70161ad2e,42,2187632433,1367392772,2187632433,2,500,50,60,5,30,10.0,120,current,Optimized Pattern Generator,dynamic_session,Dynamic Session Pattern Assignment,50,6,360,47f5e4154947fed1bcb3c6871ae4f3b5d230a5c178bab938a992463975ff5c0c,3699990511,dbc7dfad9322deab14c94394d03f847bc8c4c03359672c36dcba26e993890e1a,True,bayesian_windowed,A3) Two-Stage Bayesian Posterior + Hungarian,False,500,500,0,0.0,500,484,0,0.968,0.968,0.6202712397602202,1.9239318779122956,379.328,409.20000000000005,39.90607512499264,500,0,0,0,0,1.0,0.0,0.0,0.0,0.0,1.0,28.204,0.0,0.0,0.0,0.0,0.0,,0.0,0.0,32.04376378101006,7.539328666141955,0.0,0.31966138584539294,39.902753832997405,32.04376378101006,0.31966138584539294
20260711_164832_170489,bae7bf40726b12938559777771e8ab509aaf37f9f9bad6244622d6e70161ad2e,42,2187632433,1977915794,2187632433,2,500,50,60,5,30,10.0,120,current,Optimized Pattern Generator,dynamic_session,Dynamic Session Pattern Assignment,50,6,360,47f5e4154947fed1bcb3c6871ae4f3b5d230a5c178bab938a992463975ff5c0c,3699990511,dbc7dfad9322deab14c94394d03f847bc8c4c03359672c36dcba26e993890e1a,True,bayesian_windowed_memory_off,A3 Ablation) Posterior Memory Off,False,500,500,0,0.0,500,469,0,0.938,0.938,0.98531436383371,2.39418991517824,379.328,409.20000000000005,39.925711125004455,500,0,0,0,0,1.0,0.0,0.0,0.0,0.0,1.0,28.204,0.0,0.0,0.0,0.0,0.0,,0.0,0.0,32.05894875792728,7.535296775211464,0.0,0.3281217588664731,39.92236729200522,32.05894875792728,0.3281217588664731
20260711_164832_170489,bae7bf40726b12938559777771e8ab509aaf37f9f9bad6244622d6e70161ad2e,42,2187632433,2395032866,2187632433,2,500,50,60,5,30,10.0,120,current,Optimized Pattern Generator,dynamic_session,Dynamic Session Pattern Assignment,50,6,360,47f5e4154947fed1bcb3c6871ae4f3b5d230a5c178bab938a992463975ff5c0c,3699990511,dbc7dfad9322deab14c94394d03f847bc8c4c03359672c36dcba26e993890e1a,True,bayesian_windowed_timeprior_off,A3 Ablation) Time Prior Off,False,500,500,0,0.0,500,483,0,0.966,0.966,0.6237196023631371,1.9241324435566203,379.328,409.20000000000005,39.94938125000044,500,0,0,0,0,1.0,0.0,0.0,0.0,0.0,1.0,28.204,0.0,0.0,0.0,0.0,0.0,,0.0,0.0,32.062363853881834,7.534251441873494,0.0,0.3493051212426508,39.94592041699798,32.062363853881834,0.3493051212426508
20260711_164832_170489,bae7bf40726b12938559777771e8ab509aaf37f9f9bad6244622d6e70161ad2e,42,2187632433,433795924,2187632433,2,500,50,60,5,30,10.0,120,current,Optimized Pattern Generator,dynamic_session,Dynamic Session Pattern Assignment,50,6,360,47f5e4154947fed1bcb3c6871ae4f3b5d230a5c178bab938a992463975ff5c0c,3699990511,dbc7dfad9322deab14c94394d03f847bc8c4c03359672c36dcba26e993890e1a,True,bayesian_windowed_all_off,A3 Ablation) Time Prior + Memory Off,False,500,500,0,0.0,500,469,0,0.938,0.938,0.9866615739359015,2.394345073971037,379.328,409.20000000000005,39.97926904099586,500,0,0,0,0,1.0,0.0,0.0,0.0,0.0,1.0,28.204,0.0,0.0,0.0,0.0,0.0,,0.0,0.0,32.09214350004913,7.554453698961879,0.0,0.3292549679899821,39.975852167000994,32.09214350004913,0.3292549679899821
20260711_164832_170489,bae7bf40726b12938559777771e8ab509aaf37f9f9bad6244622d6e70161ad2e,43,2187632434,1233724830,2187632434,3,500,50,60,5,30,10.0,120,current,Optimized Pattern Generator,dynamic_session,Dynamic Session Pattern Assignment,50,6,360,aa126af81610b37cbcafa22c41302ceff39b27b86716bfec3309ddc90ae9c056,3699990508,f27416d8dad24171d516b4eb5fabca0ab90ab967139e1f740212562ef84252b4,True,single_only,A1) Refined Cost + Greedy 1:1,True,500,500,0,0.0,500,473,0,0.946,0.946,1.0724574903147555,8.056008830791864,381.73,421.1,41.518912291008746,500,0,0,0,0,1.0,0.0,0.0,0.0,0.0,1.0,28.56,0.0,0.0,0.0,0.0,0.0,,0.0,0.0,32.55263580199971,8.6252958218829,0.0,0.337649626104394,41.51558124998701,32.55263580199971,0.337649626104394
20260711_164832_170489,bae7bf40726b12938559777771e8ab509aaf37f9f9bad6244622d6e70161ad2e,43,2187632434,1545686436,2187632434,3,500,50,60,5,30,10.0,120,current,Optimized Pattern Generator,dynamic_session,Dynamic Session Pattern Assignment,50,6,360,aa126af81610b37cbcafa22c41302ceff39b27b86716bfec3309ddc90ae9c056,3699990508,f27416d8dad24171d516b4eb5fabca0ab90ab967139e1f740212562ef84252b4,True,single_only_dtw_off,A1 Ablation) DTW Off,False,500,500,0,0.0,500,461,0,0.922,0.922,0.8235536144933334,5.476666846666666,381.73,421.1,41.433132541002124,500,0,0,0,0,1.0,0.0,0.0,0.0,0.0,1.0,28.56,0.0,0.0,0.0,0.0,0.0,,0.0,0.0,32.49386280300678,8.615560620062752,0.0,0.32043186892406084,41.42985529199359,32.49386280300678,0.32043186892406084
20260711_164832_170489,bae7bf40726b12938559777771e8ab509aaf37f9f9bad6244622d6e70161ad2e,43,2187632434,866312276,2187632434,3,500,50,60,5,30,10.0,120,current,Optimized Pattern Generator,dynamic_session,Dynamic Session Pattern Assignment,50,6,360,aa126af81610b37cbcafa22c41302ceff39b27b86716bfec3309ddc90ae9c056,3699990508,f27416d8dad24171d516b4eb5fabca0ab90ab967139e1f740212562ef84252b4,True,single_only_step_off,A1 Ablation) Step Signature Off,False,500,500,0,0.0,500,431,0,0.862,0.862,0.192141619502911,1.0000000599999999,381.73,421.1,41.49606529199809,500,0,0,0,0,1.0,0.0,0.0,0.0,0.0,1.0,28.56,0.0,0.0,0.0,0.0,0.0,,0.0,0.0,32.53609141813649,8.633199615127523,0.0,0.32335063273785636,41.49264166600187,32.53609141813649,0.32335063273785636
20260711_164832_170489,bae7bf40726b12938559777771e8ab509aaf37f9f9bad6244622d6e70161ad2e,43,2187632434,1815193600,2187632434,3,500,50,60,5,30,10.0,120,current,Optimized Pattern Generator,dynamic_session,Dynamic Session Pattern Assignment,50,6,360,aa126af81610b37cbcafa22c41302ceff39b27b86716bfec3309ddc90ae9c056,3699990508,f27416d8dad24171d516b4eb5fabca0ab90ab967139e1f740212562ef84252b4,True,single_only_all_off,A1 Ablation) All Waveform Terms Off,False,500,500,0,0.0,500,360,0,0.72,0.72,1.28740027284,8.40000006,381.73,421.1,32.719443250010954,500,0,0,0,0,1.0,0.0,0.0,0.0,0.0,1.0,28.56,0.0,0.0,0.0,0.0,0.0,,0.0,0.0,32.3680210030725,0.0203479000920197,0.0,0.3277839718357427,32.71615287500026,32.3680210030725,0.3277839718357427
20260711_164832_170489,bae7bf40726b12938559777771e8ab509aaf37f9f9bad6244622d6e70161ad2e,43,2187632434,2184921371,2187632434,3,500,50,60,5,30,10.0,120,current,Optimized Pattern Generator,dynamic_session,Dynamic Session Pattern Assignment,50,6,360,aa126af81610b37cbcafa22c41302ceff39b27b86716bfec3309ddc90ae9c056,3699990508,f27416d8dad24171d516b4eb5fabca0ab90ab967139e1f740212562ef84252b4,True,nomura_original_interval_hungarian,A2) Corr+DTW + Hungarian,False,500,500,0,0.0,500,445,0,0.89,0.89,0.08470500421254852,0.4717840205567798,381.73,421.1,53.47149675000401,500,0,0,0,0,1.0,0.0,0.0,0.0,0.0,1.0,28.56,0.0,0.0,0.0,0.0,0.0,,0.0,0.0,32.50911330289091,20.636977407033555,0.0,0.3219915400695754,53.46808224999404,32.50911330289091,0.3219915400695754
20260711_164832_170489,bae7bf40726b12938559777771e8ab509aaf37f9f9bad6244622d6e70161ad2e,43,2187632434,2176353905,2187632434,3,500,50,60,5,30,10.0,120,current,Optimized Pattern Generator,dynamic_session,Dynamic Session Pattern Assignment,50,6,360,aa126af81610b37cbcafa22c41302ceff39b27b86716bfec3309ddc90ae9c056,3699990508,f27416d8dad24171d516b4eb5fabca0ab90ab967139e1f740212562ef84252b4,True,nomura_original_interval_hungarian_dtw_off,A2 Ablation) DTW Off (Corr-only),False,500,500,0,0.0,500,440,0,0.88,0.88,0.07400060121052544,0.33694569677918496,381.73,421.1,53.3296869580081,500,0,0,0,0,1.0,0.0,0.0,0.0,0.0,1.0,28.56,0.0,0.0,0.0,0.0,0.0,,0.0,0.0,32.40337717611692,20.57497057916771,0.0,0.34767541171459015,53.32602316699922,32.40337717611692,0.34767541171459015
20260711_164832_170489,bae7bf40726b12938559777771e8ab509aaf37f9f9bad6244622d6e70161ad2e,43,2187632434,1055930909,2187632434,3,500,50,60,5,30,10.0,120,current,Optimized Pattern Generator,dynamic_session,Dynamic Session Pattern Assignment,50,6,360,aa126af81610b37cbcafa22c41302ceff39b27b86716bfec3309ddc90ae9c056,3699990508,f27416d8dad24171d516b4eb5fabca0ab90ab967139e1f740212562ef84252b4,True,nomura_original_interval_hungarian_corr_off,A2 Ablation) Corr Off (DTW-only),False,500,500,0,0.0,500,386,0,0.772,0.772,0.0023826538050180034,0.23438905084722766,381.73,421.1,53.354164333999506,500,0,0,0,0,1.0,0.0,0.0,0.0,0.0,1.0,28.56,0.0,0.0,0.0,0.0,0.0,,0.0,0.0,32.43376610604173,20.595304453046992,0.0,0.32169069090741687,53.35076124999614,32.43376610604173,0.32169069090741687
20260711_164832_170489,bae7bf40726b12938559777771e8ab509aaf37f9f9bad6244622d6e70161ad2e,43,2187632434,542446198,2187632434,3,500,50,60,5,30,10.0,120,current,Optimized Pattern Generator,dynamic_session,Dynamic Session Pattern Assignment,50,6,360,aa126af81610b37cbcafa22c41302ceff39b27b86716bfec3309ddc90ae9c056,3699990508,f27416d8dad24171d516b4eb5fabca0ab90ab967139e1f740212562ef84252b4,True,nomura_original_interval_hungarian_all_off,A2 Ablation) All Waveform Terms Off,False,500,500,0,0.0,500,360,0,0.72,0.72,1.28740027284,8.40000006,381.73,421.1,32.67799312500574,500,0,0,0,0,1.0,0.0,0.0,0.0,0.0,1.0,28.56,0.0,0.0,0.0,0.0,0.0,,0.0,0.0,32.327268126929994,0.020437232044059783,0.0,0.3268930580234155,32.67459841699747,32.327268126929994,0.3268930580234155
20260711_164832_170489,bae7bf40726b12938559777771e8ab509aaf37f9f9bad6244622d6e70161ad2e,43,2187632434,1367392775,2187632434,3,500,50,60,5,30,10.0,120,current,Optimized Pattern Generator,dynamic_session,Dynamic Session Pattern Assignment,50,6,360,aa126af81610b37cbcafa22c41302ceff39b27b86716bfec3309ddc90ae9c056,3699990508,f27416d8dad24171d516b4eb5fabca0ab90ab967139e1f740212562ef84252b4,True,bayesian_windowed,A3) Two-Stage Bayesian Posterior + Hungarian,False,500,500,0,0.0,500,486,0,0.972,0.972,0.5899361824292444,1.7897567957224882,381.73,421.1,40.533027416997356,500,0,0,0,0,1.0,0.0,0.0,0.0,0.0,1.0,28.56,0.0,0.0,0.0,0.0,0.0,,0.0,0.0,32.554361835020245,7.63440153094416,0.0,0.34086371802550275,40.52962708398991,32.554361835020245,0.34086371802550275
20260711_164832_170489,bae7bf40726b12938559777771e8ab509aaf37f9f9bad6244622d6e70161ad2e,43,2187632434,1977915793,2187632434,3,500,50,60,5,30,10.0,120,current,Optimized Pattern Generator,dynamic_session,Dynamic Session Pattern Assignment,50,6,360,aa126af81610b37cbcafa22c41302ceff39b27b86716bfec3309ddc90ae9c056,3699990508,f27416d8dad24171d516b4eb5fabca0ab90ab967139e1f740212562ef84252b4,True,bayesian_windowed_memory_off,A3 Ablation) Posterior Memory Off,False,500,500,0,0.0,500,473,0,0.946,0.946,0.9482433175501611,2.4505635958674348,381.73,421.1,40.463181166007416,500,0,0,0,0,1.0,0.0,0.0,0.0,0.0,1.0,28.56,0.0,0.0,0.0,0.0,0.0,,0.0,0.0,32.5078440541547,7.621957277908223,0.0,0.330070542942849,40.459871875005774,32.5078440541547,0.330070542942849
20260711_164832_170489,bae7bf40726b12938559777771e8ab509aaf37f9f9bad6244622d6e70161ad2e,43,2187632434,2395032865,2187632434,3,500,50,60,5,30,10.0,120,current,Optimized Pattern Generator,dynamic_session,Dynamic Session Pattern Assignment,50,6,360,aa126af81610b37cbcafa22c41302ceff39b27b86716bfec3309ddc90ae9c056,3699990508,f27416d8dad24171d516b4eb5fabca0ab90ab967139e1f740212562ef84252b4,True,bayesian_windowed_timeprior_off,A3 Ablation) Time Prior Off,False,500,500,0,0.0,500,486,0,0.972,0.972,0.5934977586262562,1.8034698530431745,381.73,421.1,40.54077491699718,500,0,0,0,0,1.0,0.0,0.0,0.0,0.0,1.0,28.56,0.0,0.0,0.0,0.0,0.0,,0.0,0.0,32.5666143198614,7.6387637850421015,0.0,0.3320779360947199,40.53745604099822,32.5666143198614,0.3320779360947199
20260711_164832_170489,bae7bf40726b12938559777771e8ab509aaf37f9f9bad6244622d6e70161ad2e,43,2187632434,433795927,2187632434,3,500,50,60,5,30,10.0,120,current,Optimized Pattern Generator,dynamic_session,Dynamic Session Pattern Assignment,50,6,360,aa126af81610b37cbcafa22c41302ceff39b27b86716bfec3309ddc90ae9c056,3699990508,f27416d8dad24171d516b4eb5fabca0ab90ab967139e1f740212562ef84252b4,True,bayesian_windowed_all_off,A3 Ablation) Time Prior + Memory Off,False,500,500,0,0.0,500,473,0,0.946,0.946,0.9497277833159934,2.453428599322091,381.73,421.1,40.558273874994484,500,0,0,0,0,1.0,0.0,0.0,0.0,0.0,1.0,28.56,0.0,0.0,0.0,0.0,0.0,,0.0,0.0,32.58252904600522,7.632844160994864,0.0,0.33957287699740846,40.55494608399749,32.58252904600522,0.33957287699740846
20260711_164832_170489,bae7bf40726b12938559777771e8ab509aaf37f9f9bad6244622d6e70161ad2e,44,2187632435,1233724831,2187632435,4,500,50,60,5,30,10.0,120,current,Optimized Pattern Generator,dynamic_session,Dynamic Session Pattern Assignment,50,6,360,9e38e7aadf3bae672c4219ffcc81cfecd9d301d3757f014bfc1054b8ca74eeb7,3699990509,2b621f7b7f42b17a0b699fd8c6441d6efdedf8d2e48697321dbf1c111889eebe,True,single_only,A1) Refined Cost + Greedy 1:1,True,500,500,0,0.0,500,465,0,0.93,0.93,1.0964609600922774,11.829454075627568,381.642,414.0,41.06148866699368,500,0,0,0,0,1.0,0.0,0.0,0.0,0.0,1.0,28.252,0.0,0.0,0.0,0.0,0.0,,0.0,0.0,32.18464795604814,8.541843202110613,0.0,0.33150384183682036,41.05799499999557,32.18464795604814,0.33150384183682036
20260711_164832_170489,bae7bf40726b12938559777771e8ab509aaf37f9f9bad6244622d6e70161ad2e,44,2187632435,1545686437,2187632435,4,500,50,60,5,30,10.0,120,current,Optimized Pattern Generator,dynamic_session,Dynamic Session Pattern Assignment,50,6,360,9e38e7aadf3bae672c4219ffcc81cfecd9d301d3757f014bfc1054b8ca74eeb7,3699990509,2b621f7b7f42b17a0b699fd8c6441d6efdedf8d2e48697321dbf1c111889eebe,True,single_only_dtw_off,A1 Ablation) DTW Off,False,500,500,0,0.0,500,448,0,0.896,0.896,0.8410602619800001,11.086667056666668,381.642,414.0,41.04895366699202,500,0,0,0,0,1.0,0.0,0.0,0.0,0.0,1.0,28.252,0.0,0.0,0.0,0.0,0.0,,0.0,0.0,32.1798896798864,8.540023618843406,0.0,0.3257899102754891,41.045703209005296,32.1798896798864,0.3257899102754891
20260711_164832_170489,bae7bf40726b12938559777771e8ab509aaf37f9f9bad6244622d6e70161ad2e,44,2187632435,866312277,2187632435,4,500,50,60,5,30,10.0,120,current,Optimized Pattern Generator,dynamic_session,Dynamic Session Pattern Assignment,50,6,360,9e38e7aadf3bae672c4219ffcc81cfecd9d301d3757f014bfc1054b8ca74eeb7,3699990509,2b621f7b7f42b17a0b699fd8c6441d6efdedf8d2e48697321dbf1c111889eebe,True,single_only_step_off,A1 Ablation) Step Signature Off,False,500,500,0,0.0,500,424,0,0.848,0.848,0.20701506913570852,0.887871650168465,381.642,414.0,41.08883695800614,500,0,0,0,0,1.0,0.0,0.0,0.0,0.0,1.0,28.252,0.0,0.0,0.0,0.0,0.0,,0.0,0.0,32.20711324515287,8.557444945137831,0.0,0.32085080970136914,41.08540899999207,32.20711324515287,0.32085080970136914
20260711_164832_170489,bae7bf40726b12938559777771e8ab509aaf37f9f9bad6244622d6e70161ad2e,44,2187632435,1815193601,2187632435,4,500,50,60,5,30,10.0,120,current,Optimized Pattern Generator,dynamic_session,Dynamic Session Pattern Assignment,50,6,360,9e38e7aadf3bae672c4219ffcc81cfecd9d301d3757f014bfc1054b8ca74eeb7,3699990509,2b621f7b7f42b17a0b699fd8c6441d6efdedf8d2e48697321dbf1c111889eebe,True,single_only_all_off,A1 Ablation) All Waveform Terms Off,False,500,500,0,0.0,500,348,0,0.696,0.696,1.1508002536400002,7.40000101,381.642,414.0,32.387854166998295,500,0,0,0,0,1.0,0.0,0.0,0.0,0.0,1.0,28.252,0.0,0.0,0.0,0.0,0.0,,0.0,0.0,32.02017062698724,0.020431619093869813,0.0,0.3438502959179459,32.38445254199905,32.02017062698724,0.3438502959179459
20260711_164832_170489,bae7bf40726b12938559777771e8ab509aaf37f9f9bad6244622d6e70161ad2e,44,2187632435,2184921370,2187632435,4,500,50,60,5,30,10.0,120,current,Optimized Pattern Generator,dynamic_session,Dynamic Session Pattern Assignment,50,6,360,9e38e7aadf3bae672c4219ffcc81cfecd9d301d3757f014bfc1054b8ca74eeb7,3699990509,2b621f7b7f42b17a0b699fd8c6441d6efdedf8d2e48697321dbf1c111889eebe,True,nomura_original_interval_hungarian,A2) Corr+DTW + Hungarian,False,500,500,0,0.0,500,445,0,0.89,0.89,0.0906867324779052,0.3935202259837091,381.642,414.0,52.818136625006446,500,0,0,0,0,1.0,0.0,0.0,0.0,0.0,1.0,28.252,0.0,0.0,0.0,0.0,0.0,,0.0,0.0,32.11154946195893,20.381242575094802,0.0,0.3218051719450159,52.81459720899875,32.11154946195893,0.3218051719450159
20260711_164832_170489,bae7bf40726b12938559777771e8ab509aaf37f9f9bad6244622d6e70161ad2e,44,2187632435,2176353904,2187632435,4,500,50,60,5,30,10.0,120,current,Optimized Pattern Generator,dynamic_session,Dynamic Session Pattern Assignment,50,6,360,9e38e7aadf3bae672c4219ffcc81cfecd9d301d3757f014bfc1054b8ca74eeb7,3699990509,2b621f7b7f42b17a0b699fd8c6441d6efdedf8d2e48697321dbf1c111889eebe,True,nomura_original_interval_hungarian_dtw_off,A2 Ablation) DTW Off (Corr-only),False,500,500,0,0.0,500,437,0,0.874,0.874,0.08006070412300463,0.27352107309107626,381.642,414.0,52.83952520899766,500,0,0,0,0,1.0,0.0,0.0,0.0,0.0,1.0,28.252,0.0,0.0,0.0,0.0,0.0,,0.0,0.0,32.12855546805076,20.37995553611836,0.0,0.32766837082454003,52.83617937499366,32.12855546805076,0.32766837082454003
20260711_164832_170489,bae7bf40726b12938559777771e8ab509aaf37f9f9bad6244622d6e70161ad2e,44,2187632435,1055930908,2187632435,4,500,50,60,5,30,10.0,120,current,Optimized Pattern Generator,dynamic_session,Dynamic Session Pattern Assignment,50,6,360,9e38e7aadf3bae672c4219ffcc81cfecd9d301d3757f014bfc1054b8ca74eeb7,3699990509,2b621f7b7f42b17a0b699fd8c6441d6efdedf8d2e48697321dbf1c111889eebe,True,nomura_original_interval_hungarian_corr_off,A2 Ablation) Corr Off (DTW-only),False,500,500,0,0.0,500,385,0,0.77,0.77,0.0010127643677055,0.28641186645773076,381.642,414.0,52.898063457992976,500,0,0,0,0,1.0,0.0,0.0,0.0,0.0,1.0,28.252,0.0,0.0,0.0,0.0,0.0,,0.0,0.0,32.13166057682247,20.419242376025068,0.0,0.3438165471452521,52.89471949999279,32.13166057682247,0.3438165471452521
20260711_164832_170489,bae7bf40726b12938559777771e8ab509aaf37f9f9bad6244622d6e70161ad2e,44,2187632435,542446199,2187632435,4,500,50,60,5,30,10.0,120,current,Optimized Pattern Generator,dynamic_session,Dynamic Session Pattern Assignment,50,6,360,9e38e7aadf3bae672c4219ffcc81cfecd9d301d3757f014bfc1054b8ca74eeb7,3699990509,2b621f7b7f42b17a0b699fd8c6441d6efdedf8d2e48697321dbf1c111889eebe,True,nomura_original_interval_hungarian_all_off,A2 Ablation) All Waveform Terms Off,False,500,500,0,0.0,500,348,0,0.696,0.696,1.1508002536400002,7.40000101,381.642,414.0,32.426316458993824,500,0,0,0,0,1.0,0.0,0.0,0.0,0.0,1.0,28.252,0.0,0.0,0.0,0.0,0.0,,0.0,0.0,32.0726947299554,0.020418622094439343,0.0,0.3298831889551366,32.42299654100498,32.0726947299554,0.3298831889551366
20260711_164832_170489,bae7bf40726b12938559777771e8ab509aaf37f9f9bad6244622d6e70161ad2e,44,2187632435,1367392774,2187632435,4,500,50,60,5,30,10.0,120,current,Optimized Pattern Generator,dynamic_session,Dynamic Session Pattern Assignment,50,6,360,9e38e7aadf3bae672c4219ffcc81cfecd9d301d3757f014bfc1054b8ca74eeb7,3699990509,2b621f7b7f42b17a0b699fd8c6441d6efdedf8d2e48697321dbf1c111889eebe,True,bayesian_windowed,A3) Two-Stage Bayesian Posterior + Hungarian,False,500,500,0,0.0,500,480,0,0.96,0.96,0.579779448022621,1.8961992841657418,381.642,414.0,40.097251707993564,500,0,0,0,0,1.0,0.0,0.0,0.0,0.0,1.0,28.252,0.0,0.0,0.0,0.0,0.0,,0.0,0.0,32.199320085012005,7.570198114772211,0.0,0.32445192520390265,40.09397012498812,32.199320085012005,0.32445192520390265
20260711_164832_170489,bae7bf40726b12938559777771e8ab509aaf37f9f9bad6244622d6e70161ad2e,44,2187632435,1977915792,2187632435,4,500,50,60,5,30,10.0,120,current,Optimized Pattern Generator,dynamic_session,Dynamic Session Pattern Assignment,50,6,360,9e38e7aadf3bae672c4219ffcc81cfecd9d301d3757f014bfc1054b8ca74eeb7,3699990509,2b621f7b7f42b17a0b699fd8c6441d6efdedf8d2e48697321dbf1c111889eebe,True,bayesian_windowed_memory_off,A3 Ablation) Posterior Memory Off,False,500,500,0,0.0,500,465,0,0.93,0.93,0.9326160771894138,2.2560736541338766,381.642,414.0,40.08306883300247,500,0,0,0,0,1.0,0.0,0.0,0.0,0.0,1.0,28.252,0.0,0.0,0.0,0.0,0.0,,0.0,0.0,32.161538240892696,7.570782965194667,0.0,0.34732683590846136,40.079648041995824,32.161538240892696,0.34732683590846136
20260711_164832_170489,bae7bf40726b12938559777771e8ab509aaf37f9f9bad6244622d6e70161ad2e,44,2187632435,2395032864,2187632435,4,500,50,60,5,30,10.0,120,current,Optimized Pattern Generator,dynamic_session,Dynamic Session Pattern Assignment,50,6,360,9e38e7aadf3bae672c4219ffcc81cfecd9d301d3757f014bfc1054b8ca74eeb7,3699990509,2b621f7b7f42b17a0b699fd8c6441d6efdedf8d2e48697321dbf1c111889eebe,True,bayesian_windowed_timeprior_off,A3 Ablation) Time Prior Off,False,500,500,0,0.0,500,480,0,0.96,0.96,0.5840922271930621,1.896318989367337,381.642,414.0,40.06686662499851,500,0,0,0,0,1.0,0.0,0.0,0.0,0.0,1.0,28.252,0.0,0.0,0.0,0.0,0.0,,0.0,0.0,32.178762043855386,7.555632454677834,0.0,0.3289433354657376,40.06333783399896,32.178762043855386,0.3289433354657376
20260711_164832_170489,bae7bf40726b12938559777771e8ab509aaf37f9f9bad6244622d6e70161ad2e,44,2187632435,433795926,2187632435,4,500,50,60,5,30,10.0,120,current,Optimized Pattern Generator,dynamic_session,Dynamic Session Pattern Assignment,50,6,360,9e38e7aadf3bae672c4219ffcc81cfecd9d301d3757f014bfc1054b8ca74eeb7,3699990509,2b621f7b7f42b17a0b699fd8c6441d6efdedf8d2e48697321dbf1c111889eebe,True,bayesian_windowed_all_off,A3 Ablation) Time Prior + Memory Off,False,500,500,0,0.0,500,465,0,0.93,0.93,0.9343250931063986,2.257103780062086,381.642,414.0,40.07469716700143,500,0,0,0,0,1.0,0.0,0.0,0.0,0.0,1.0,28.252,0.0,0.0,0.0,0.0,0.0,,0.0,0.0,32.19234558123571,7.553934491996188,0.0,0.325263134756824,40.071543207988725,32.19234558123571,0.325263134756824
20260711_164832_170489,bae7bf40726b12938559777771e8ab509aaf37f9f9bad6244622d6e70161ad2e,45,2187632436,1233724824,2187632436,5,500,50,60,5,30,10.0,120,current,Optimized Pattern Generator,dynamic_session,Dynamic Session Pattern Assignment,50,6,360,c3d330be9b38672ca642d41b13a1ba8ee2318e71b5813d22821e7f0b45262257,3699990506,92cb855934bf5136b1deb87b0b91059545a7ebffee3c1299b03266f326384006,True,single_only,A1) Refined Cost + Greedy 1:1,True,500,500,0,0.0,500,474,0,0.948,0.948,1.0619582720405052,5.65211287337774,381.266,415.0,40.600045166997006,500,0,0,0,0,1.0,0.0,0.0,0.0,0.0,1.0,27.964,0.0,0.0,0.0,0.0,0.0,,0.0,0.0,31.819581958741765,8.450591570988763,0.0,0.32649492827476934,40.5966684580053,31.819581958741765,0.32649492827476934
20260711_164832_170489,bae7bf40726b12938559777771e8ab509aaf37f9f9bad6244622d6e70161ad2e,45,2187632436,1545686434,2187632436,5,500,50,60,5,30,10.0,120,current,Optimized Pattern Generator,dynamic_session,Dynamic Session Pattern Assignment,50,6,360,c3d330be9b38672ca642d41b13a1ba8ee2318e71b5813d22821e7f0b45262257,3699990506,92cb855934bf5136b1deb87b0b91059545a7ebffee3c1299b03266f326384006,True,single_only_dtw_off,A1 Ablation) DTW Off,False,500,500,0,0.0,500,460,0,0.92,0.92,0.8097869401466667,3.8300001800000003,381.266,415.0,40.70721425001102,500,0,0,0,0,1.0,0.0,0.0,0.0,0.0,1.0,27.964,0.0,0.0,0.0,0.0,0.0,,0.0,0.0,31.902367842834792,8.472443200822454,0.0,0.32911891433468554,40.70392995799193,31.902367842834792,0.32911891433468554
20260711_164832_170489,bae7bf40726b12938559777771e8ab509aaf37f9f9bad6244622d6e70161ad2e,45,2187632436,866312274,2187632436,5,500,50,60,5,30,10.0,120,current,Optimized Pattern Generator,dynamic_session,Dynamic Session Pattern Assignment,50,6,360,c3d330be9b38672ca642d41b13a1ba8ee2318e71b5813d22821e7f0b45262257,3699990506,92cb855934bf5136b1deb87b0b91059545a7ebffee3c1299b03266f326384006,True,single_only_step_off,A1 Ablation) Step Signature Off,False,500,500,0,0.0,500,433,0,0.866,0.866,0.19781122580356905,1.0070244382127607,381.266,415.0,40.826493875007145,500,0,0,0,0,1.0,0.0,0.0,0.0,0.0,1.0,27.964,0.0,0.0,0.0,0.0,0.0,,0.0,0.0,32.00363787499373,8.489215903973673,0.0,0.3301873880409403,40.82304116700834,32.00363787499373,0.3301873880409403
20260711_164832_170489,bae7bf40726b12938559777771e8ab509aaf37f9f9bad6244622d6e70161ad2e,45,2187632436,1815193606,2187632436,5,500,50,60,5,30,10.0,120,current,Optimized Pattern Generator,dynamic_session,Dynamic Session Pattern Assignment,50,6,360,c3d330be9b38672ca642d41b13a1ba8ee2318e71b5813d22821e7f0b45262257,3699990506,92cb855934bf5136b1deb87b0b91059545a7ebffee3c1299b03266f326384006,True,single_only_all_off,A1 Ablation) All Waveform Terms Off,False,500,500,0,0.0,500,357,0,0.714,0.714,1.19700027692,7.800000370000001,381.266,415.0,32.13631070799602,500,0,0,0,0,1.0,0.0,0.0,0.0,0.0,1.0,27.964,0.0,0.0,0.0,0.0,0.0,,0.0,0.0,31.79238641425036,0.020165528141660616,0.0,0.3204041826102184,32.13295612500224,31.79238641425036,0.3204041826102184
20260711_164832_170489,bae7bf40726b12938559777771e8ab509aaf37f9f9bad6244622d6e70161ad2e,45,2187632436,2184921373,2187632436,5,500,50,60,5,30,10.0,120,current,Optimized Pattern Generator,dynamic_session,Dynamic Session Pattern Assignment,50,6,360,c3d330be9b38672ca642d41b13a1ba8ee2318e71b5813d22821e7f0b45262257,3699990506,92cb855934bf5136b1deb87b0b91059545a7ebffee3c1299b03266f326384006,True,nomura_original_interval_hungarian,A2) Corr+DTW + Hungarian,False,500,500,0,0.0,500,453,0,0.906,0.906,0.08670964227606044,0.4331251663024606,381.266,415.0,52.32924279199506,500,0,0,0,0,1.0,0.0,0.0,0.0,0.0,1.0,27.964,0.0,0.0,0.0,0.0,0.0,,0.0,0.0,31.806741821899777,20.169815871078754,0.0,0.3493861410242971,52.32594383400283,31.806741821899777,0.3493861410242971
20260711_164832_170489,bae7bf40726b12938559777771e8ab509aaf37f9f9bad6244622d6e70161ad2e,45,2187632436,2176353911,2187632436,5,500,50,60,5,30,10.0,120,current,Optimized Pattern Generator,dynamic_session,Dynamic Session Pattern Assignment,50,6,360,c3d330be9b38672ca642d41b13a1ba8ee2318e71b5813d22821e7f0b45262257,3699990506,92cb855934bf5136b1deb87b0b91059545a7ebffee3c1299b03266f326384006,True,nomura_original_interval_hungarian_dtw_off,A2 Ablation) DTW Off (Corr-only),False,500,500,0,0.0,500,444,0,0.888,0.888,0.07663968658533099,0.31864557313190683,381.266,415.0,52.330611041994416,500,0,0,0,0,1.0,0.0,0.0,0.0,0.0,1.0,27.964,0.0,0.0,0.0,0.0,0.0,,0.0,0.0,31.829563875027816,20.167502368887654,0.0,0.33019146509468555,52.327257709010155,31.829563875027816,0.33019146509468555
20260711_164832_170489,bae7bf40726b12938559777771e8ab509aaf37f9f9bad6244622d6e70161ad2e,45,2187632436,1055930907,2187632436,5,500,50,60,5,30,10.0,120,current,Optimized Pattern Generator,dynamic_session,Dynamic Session Pattern Assignment,50,6,360,c3d330be9b38672ca642d41b13a1ba8ee2318e71b5813d22821e7f0b45262257,3699990506,92cb855934bf5136b1deb87b0b91059545a7ebffee3c1299b03266f326384006,True,nomura_original_interval_hungarian_corr_off,A2 Ablation) Corr Off (DTW-only),False,500,500,0,0.0,500,380,0,0.76,0.76,0.001552153013013595,0.1795095641452515,381.266,415.0,52.3184005410003,500,0,0,0,0,1.0,0.0,0.0,0.0,0.0,1.0,27.964,0.0,0.0,0.0,0.0,0.0,,0.0,0.0,31.828749045016593,20.16315475407464,0.0,0.32308840891346335,52.314992208004696,31.828749045016593,0.32308840891346335
20260711_164832_170489,bae7bf40726b12938559777771e8ab509aaf37f9f9bad6244622d6e70161ad2e,45,2187632436,542446192,2187632436,5,500,50,60,5,30,10.0,120,current,Optimized Pattern Generator,dynamic_session,Dynamic Session Pattern Assignment,50,6,360,c3d330be9b38672ca642d41b13a1ba8ee2318e71b5813d22821e7f0b45262257,3699990506,92cb855934bf5136b1deb87b0b91059545a7ebffee3c1299b03266f326384006,True,nomura_original_interval_hungarian_all_off,A2 Ablation) All Waveform Terms Off,False,500,500,0,0.0,500,357,0,0.714,0.714,1.19700027692,7.800000370000001,381.266,415.0,32.1450516670011,500,0,0,0,0,1.0,0.0,0.0,0.0,0.0,1.0,27.964,0.0,0.0,0.0,0.0,0.0,,0.0,0.0,31.77860020895605,0.020308828025008552,0.0,0.3427730880212039,32.14168212500226,31.77860020895605,0.3427730880212039
20260711_164832_170489,bae7bf40726b12938559777771e8ab509aaf37f9f9bad6244622d6e70161ad2e,45,2187632436,1367392769,2187632436,5,500,50,60,5,30,10.0,120,current,Optimized Pattern Generator,dynamic_session,Dynamic Session Pattern Assignment,50,6,360,c3d330be9b38672ca642d41b13a1ba8ee2318e71b5813d22821e7f0b45262257,3699990506,92cb855934bf5136b1deb87b0b91059545a7ebffee3c1299b03266f326384006,True,bayesian_windowed,A3) Two-Stage Bayesian Posterior + Hungarian,False,500,500,0,0.0,500,489,0,0.978,0.978,0.589485282275304,1.986247935874357,381.266,415.0,39.763702625001315,500,0,0,0,0,1.0,0.0,0.0,0.0,0.0,1.0,27.964,0.0,0.0,0.0,0.0,0.0,,0.0,0.0,31.959504552040016,7.471180827909848,0.0,0.329493078039377,39.76017845798924,31.959504552040016,0.329493078039377
20260711_164832_170489,bae7bf40726b12938559777771e8ab509aaf37f9f9bad6244622d6e70161ad2e,45,2187632436,1977915799,2187632436,5,500,50,60,5,30,10.0,120,current,Optimized Pattern Generator,dynamic_session,Dynamic Session Pattern Assignment,50,6,360,c3d330be9b38672ca642d41b13a1ba8ee2318e71b5813d22821e7f0b45262257,3699990506,92cb855934bf5136b1deb87b0b91059545a7ebffee3c1299b03266f326384006,True,bayesian_windowed_memory_off,A3 Ablation) Posterior Memory Off,False,500,500,0,0.0,500,474,0,0.948,0.948,0.9561775116695066,2.4504040883075473,381.266,415.0,39.78452937499969,500,0,0,0,0,1.0,0.0,0.0,0.0,0.0,1.0,27.964,0.0,0.0,0.0,0.0,0.0,,0.0,0.0,31.972495080030058,7.479022153871483,0.0,0.3295145571028115,39.78103179100435,31.972495080030058,0.3295145571028115
20260711_164832_170489,bae7bf40726b12938559777771e8ab509aaf37f9f9bad6244622d6e70161ad2e,45,2187632436,2395032871,2187632436,5,500,50,60,5,30,10.0,120,current,Optimized Pattern Generator,dynamic_session,Dynamic Session Pattern Assignment,50,6,360,c3d330be9b38672ca642d41b13a1ba8ee2318e71b5813d22821e7f0b45262257,3699990506,92cb855934bf5136b1deb87b0b91059545a7ebffee3c1299b03266f326384006,True,bayesian_windowed_timeprior_off,A3 Ablation) Time Prior Off,False,500,500,0,0.0,500,489,0,0.978,0.978,0.5929549127260457,1.986247935874357,381.266,415.0,39.80011008300062,500,0,0,0,0,1.0,0.0,0.0,0.0,0.0,1.0,27.964,0.0,0.0,0.0,0.0,0.0,,0.0,0.0,31.962420785916038,7.487777127927984,0.0,0.34652316915162373,39.796721082995646,31.962420785916038,0.34652316915162373
20260711_164832_170489,bae7bf40726b12938559777771e8ab509aaf37f9f9bad6244622d6e70161ad2e,45,2187632436,433795921,2187632436,5,500,50,60,5,30,10.0,120,current,Optimized Pattern Generator,dynamic_session,Dynamic Session Pattern Assignment,50,6,360,c3d330be9b38672ca642d41b13a1ba8ee2318e71b5813d22821e7f0b45262257,3699990506,92cb855934bf5136b1deb87b0b91059545a7ebffee3c1299b03266f326384006,True,bayesian_windowed_all_off,A3 Ablation) Time Prior + Memory Off,False,500,500,0,0.0,500,474,0,0.948,0.948,0.9576371340605176,2.4530507772789547,381.266,415.0,39.78330883399758,500,0,0,0,0,1.0,0.0,0.0,0.0,0.0,1.0,27.964,0.0,0.0,0.0,0.0,0.0,,0.0,0.0,31.951240114955,7.499056203203509,0.0,0.3296335978375282,39.779929915996036,31.951240114955,0.3296335978375282
20260711_164832_170489,bae7bf40726b12938559777771e8ab509aaf37f9f9bad6244622d6e70161ad2e,46,2187632437,1233724825,2187632437,6,500,50,60,5,30,10.0,120,current,Optimized Pattern Generator,dynamic_session,Dynamic Session Pattern Assignment,50,6,360,99fef08ba3fea667b4adf1aaee53e0d8aee9f0a1c27e8e965d51ee6475a7d8d0,3699990507,cc1934cb8fc5341fdb17eb0cbd30706bf8cd507ece51f384cd72c5ffb2097ac1,True,single_only,A1) Refined Cost + Greedy 1:1,True,500,500,0,0.0,500,473,0,0.946,0.946,1.0933993738954642,4.971294227624764,381.518,414.20000000000005,41.289614833003725,500,0,0,0,0,1.0,0.0,0.0,0.0,0.0,1.0,28.526,0.0,0.0,0.0,0.0,0.0,,0.0,0.0,32.35656663097325,8.598452106918558,0.0,0.331072762113763,41.28609150000557,32.35656663097325,0.331072762113763
20260711_164832_170489,bae7bf40726b12938559777771e8ab509aaf37f9f9bad6244622d6e70161ad2e,46,2187632437,1545686435,2187632437,6,500,50,60,5,30,10.0,120,current,Optimized Pattern Generator,dynamic_session,Dynamic Session Pattern Assignment,50,6,360,99fef08ba3fea667b4adf1aaee53e0d8aee9f0a1c27e8e965d51ee6475a7d8d0,3699990507,cc1934cb8fc5341fdb17eb0cbd30706bf8cd507ece51f384cd72c5ffb2097ac1,True,single_only_dtw_off,A1 Ablation) DTW Off,False,500,500,0,0.0,500,462,0,0.924,0.924,0.8293202744800001,3.806667016666667,381.518,414.20000000000005,41.50565920800727,500,0,0,0,0,1.0,0.0,0.0,0.0,0.0,1.0,28.526,0.0,0.0,0.0,0.0,0.0,,0.0,0.0,32.5263424898003,8.650058363899007,0.0,0.32574652129551396,41.50214737499482,32.5263424898003,0.32574652129551396
20260711_164832_170489,bae7bf40726b12938559777771e8ab509aaf37f9f9bad6244622d6e70161ad2e,46,2187632437,866312275,2187632437,6,500,50,60,5,30,10.0,120,current,Optimized Pattern Generator,dynamic_session,Dynamic Session Pattern Assignment,50,6,360,99fef08ba3fea667b4adf1aaee53e0d8aee9f0a1c27e8e965d51ee6475a7d8d0,3699990507,cc1934cb8fc5341fdb17eb0cbd30706bf8cd507ece51f384cd72c5ffb2097ac1,True,single_only_step_off,A1 Ablation) Step Signature Off,False,500,500,0,0.0,500,423,0,0.846,0.846,0.20453781065742196,1.2245953421159328,381.518,414.20000000000005,41.422740499998326,500,0,0,0,0,1.0,0.0,0.0,0.0,0.0,1.0,28.526,0.0,0.0,0.0,0.0,0.0,,0.0,0.0,32.47177875509078,8.622804124868708,0.0,0.3247292450396344,41.419312124999124,32.47177875509078,0.3247292450396344
20260711_164832_170489,bae7bf40726b12938559777771e8ab509aaf37f9f9bad6244622d6e70161ad2e,46,2187632437,1815193607,2187632437,6,500,50,60,5,30,10.0,120,current,Optimized Pattern Generator,dynamic_session,Dynamic Session Pattern Assignment,50,6,360,99fef08ba3fea667b4adf1aaee53e0d8aee9f0a1c27e8e965d51ee6475a7d8d0,3699990507,cc1934cb8fc5341fdb17eb0cbd30706bf8cd507ece51f384cd72c5ffb2097ac1,True,single_only_all_off,A1 Ablation) All Waveform Terms Off,False,500,500,0,0.0,500,355,0,0.71,0.71,1.14940027582,8.40000022,381.518,414.20000000000005,32.729814209000324,500,0,0,0,0,1.0,0.0,0.0,0.0,0.0,1.0,28.526,0.0,0.0,0.0,0.0,0.0,,0.0,0.0,32.38266828296764,0.02036162215517834,0.0,0.3234718448802596,32.72650175000308,32.38266828296764,0.3234718448802596
20260711_164832_170489,bae7bf40726b12938559777771e8ab509aaf37f9f9bad6244622d6e70161ad2e,46,2187632437,2184921372,2187632437,6,500,50,60,5,30,10.0,120,current,Optimized Pattern Generator,dynamic_session,Dynamic Session Pattern Assignment,50,6,360,99fef08ba3fea667b4adf1aaee53e0d8aee9f0a1c27e8e965d51ee6475a7d8d0,3699990507,cc1934cb8fc5341fdb17eb0cbd30706bf8cd507ece51f384cd72c5ffb2097ac1,True,nomura_original_interval_hungarian,A2) Corr+DTW + Hungarian,False,500,500,0,0.0,500,440,0,0.88,0.88,0.08954375500385839,0.6897570442530349,381.518,414.20000000000005,53.46726662501169,500,0,0,0,0,1.0,0.0,0.0,0.0,0.0,1.0,28.526,0.0,0.0,0.0,0.0,0.0,,0.0,0.0,32.499156838006456,20.63375303999055,0.0,0.33090770500712097,53.46381758300413,32.499156838006456,0.33090770500712097
20260711_164832_170489,bae7bf40726b12938559777771e8ab509aaf37f9f9bad6244622d6e70161ad2e,46,2187632437,2176353910,2187632437,6,500,50,60,5,30,10.0,120,current,Optimized Pattern Generator,dynamic_session,Dynamic Session Pattern Assignment,50,6,360,99fef08ba3fea667b4adf1aaee53e0d8aee9f0a1c27e8e965d51ee6475a7d8d0,3699990507,cc1934cb8fc5341fdb17eb0cbd30706bf8cd507ece51f384cd72c5ffb2097ac1,True,nomura_original_interval_hungarian_dtw_off,A2 Ablation) DTW Off (Corr-only),False,500,500,0,0.0,500,429,0,0.858,0.858,0.0788010002261135,0.32067469418864347,381.518,414.20000000000005,53.336605916992994,500,0,0,0,0,1.0,0.0,0.0,0.0,0.0,1.0,28.526,0.0,0.0,0.0,0.0,0.0,,0.0,0.0,32.37876362794486,20.605842512246454,0.0,0.34853827580809593,53.33314441599941,32.37876362794486,0.34853827580809593
20260711_164832_170489,bae7bf40726b12938559777771e8ab509aaf37f9f9bad6244622d6e70161ad2e,46,2187632437,1055930906,2187632437,6,500,50,60,5,30,10.0,120,current,Optimized Pattern Generator,dynamic_session,Dynamic Session Pattern Assignment,50,6,360,99fef08ba3fea667b4adf1aaee53e0d8aee9f0a1c27e8e965d51ee6475a7d8d0,3699990507,cc1934cb8fc5341fdb17eb0cbd30706bf8cd507ece51f384cd72c5ffb2097ac1,True,nomura_original_interval_hungarian_corr_off,A2 Ablation) Corr Off (DTW-only),False,500,500,0,0.0,500,389,0,0.778,0.778,0.0023078452679869254,0.39063475816416193,381.518,414.20000000000005,53.29233166699123,500,0,0,0,0,1.0,0.0,0.0,0.0,0.0,1.0,28.526,0.0,0.0,0.0,0.0,0.0,,0.0,0.0,32.3998087568616,20.567804243939463,0.0,0.32134195818798617,53.28895495898905,32.3998087568616,0.32134195818798617
20260711_164832_170489,bae7bf40726b12938559777771e8ab509aaf37f9f9bad6244622d6e70161ad2e,46,2187632437,542446193,2187632437,6,500,50,60,5,30,10.0,120,current,Optimized Pattern Generator,dynamic_session,Dynamic Session Pattern Assignment,50,6,360,99fef08ba3fea667b4adf1aaee53e0d8aee9f0a1c27e8e965d51ee6475a7d8d0,3699990507,cc1934cb8fc5341fdb17eb0cbd30706bf8cd507ece51f384cd72c5ffb2097ac1,True,nomura_original_interval_hungarian_all_off,A2 Ablation) All Waveform Terms Off,False,500,500,0,0.0,500,355,0,0.71,0.71,1.14940027582,8.40000022,381.518,414.20000000000005,32.58735399998841,500,0,0,0,0,1.0,0.0,0.0,0.0,0.0,1.0,28.526,0.0,0.0,0.0,0.0,0.0,,0.0,0.0,32.23526276322082,0.02018743011285551,0.0,0.3285918486653827,32.584042041999055,32.23526276322082,0.3285918486653827
20260711_164832_170489,bae7bf40726b12938559777771e8ab509aaf37f9f9bad6244622d6e70161ad2e,46,2187632437,1367392768,2187632437,6,500,50,60,5,30,10.0,120,current,Optimized Pattern Generator,dynamic_session,Dynamic Session Pattern Assignment,50,6,360,99fef08ba3fea667b4adf1aaee53e0d8aee9f0a1c27e8e965d51ee6475a7d8d0,3699990507,cc1934cb8fc5341fdb17eb0cbd30706bf8cd507ece51f384cd72c5ffb2097ac1,True,bayesian_windowed,A3) Two-Stage Bayesian Posterior + Hungarian,False,500,500,0,0.0,500,490,0,0.98,0.98,0.5534176501880802,1.5794963118682137,381.518,414.20000000000005,40.442183375009336,500,0,0,0,0,1.0,0.0,0.0,0.0,0.0,1.0,28.526,0.0,0.0,0.0,0.0,0.0,,0.0,0.0,32.476122369247605,7.616776268943795,0.0,0.34598077881673817,40.43887941700814,32.476122369247605,0.34598077881673817
20260711_164832_170489,bae7bf40726b12938559777771e8ab509aaf37f9f9bad6244622d6e70161ad2e,46,2187632437,1977915798,2187632437,6,500,50,60,5,30,10.0,120,current,Optimized Pattern Generator,dynamic_session,Dynamic Session Pattern Assignment,50,6,360,99fef08ba3fea667b4adf1aaee53e0d8aee9f0a1c27e8e965d51ee6475a7d8d0,3699990507,cc1934cb8fc5341fdb17eb0cbd30706bf8cd507ece51f384cd72c5ffb2097ac1,True,bayesian_windowed_memory_off,A3 Ablation) Posterior Memory Off,False,500,500,0,0.0,500,473,0,0.946,0.946,0.9355101955680575,2.2165264518008834,381.518,414.20000000000005,40.5065671249904,500,0,0,0,0,1.0,0.0,0.0,0.0,0.0,1.0,28.526,0.0,0.0,0.0,0.0,0.0,,0.0,0.0,32.53914216985868,7.6362218751892215,0.0,0.3276440389454365,40.503008083993336,32.53914216985868,0.3276440389454365
20260711_164832_170489,bae7bf40726b12938559777771e8ab509aaf37f9f9bad6244622d6e70161ad2e,46,2187632437,2395032870,2187632437,6,500,50,60,5,30,10.0,120,current,Optimized Pattern Generator,dynamic_session,Dynamic Session Pattern Assignment,50,6,360,99fef08ba3fea667b4adf1aaee53e0d8aee9f0a1c27e8e965d51ee6475a7d8d0,3699990507,cc1934cb8fc5341fdb17eb0cbd30706bf8cd507ece51f384cd72c5ffb2097ac1,True,bayesian_windowed_timeprior_off,A3 Ablation) Time Prior Off,False,500,500,0,0.0,500,489,0,0.978,0.978,0.5562707169560933,1.5798349982793676,381.518,414.20000000000005,40.468755499998224,500,0,0,0,0,1.0,0.0,0.0,0.0,0.0,1.0,28.526,0.0,0.0,0.0,0.0,0.0,,0.0,0.0,32.51176574602141,7.630553989962209,0.0,0.3230353890103288,40.46535512499395,32.51176574602141,0.3230353890103288
20260711_164832_170489,bae7bf40726b12938559777771e8ab509aaf37f9f9bad6244622d6e70161ad2e,46,2187632437,433795920,2187632437,6,500,50,60,5,30,10.0,120,current,Optimized Pattern Generator,dynamic_session,Dynamic Session Pattern Assignment,50,6,360,99fef08ba3fea667b4adf1aaee53e0d8aee9f0a1c27e8e965d51ee6475a7d8d0,3699990507,cc1934cb8fc5341fdb17eb0cbd30706bf8cd507ece51f384cd72c5ffb2097ac1,True,bayesian_windowed_all_off,A3 Ablation) Time Prior + Memory Off,False,500,500,0,0.0,500,473,0,0.946,0.946,0.9369023983828109,2.2167568290279087,381.518,414.20000000000005,40.49469812499592,500,0,0,0,0,1.0,0.0,0.0,0.0,0.0,1.0,28.526,0.0,0.0,0.0,0.0,0.0,,0.0,0.0,32.51843836628541,7.626350186095806,0.0,0.3466477396141272,40.49143629199534,32.51843836628541,0.3466477396141272
20260711_164832_170489,bae7bf40726b12938559777771e8ab509aaf37f9f9bad6244622d6e70161ad2e,47,2187632438,1233724826,2187632438,7,500,50,60,5,30,10.0,120,current,Optimized Pattern Generator,dynamic_session,Dynamic Session Pattern Assignment,50,6,360,d753707e72c4f87dd624e93e39d8df4435e1b422a6d25d5152a3e627dc77b674,3699990504,cb9dee967fedc54d66610c180e64e46b83ff3f12776871871ae209b153f5a1a5,True,single_only,A1) Refined Cost + Greedy 1:1,True,500,500,0,0.0,500,456,0,0.912,0.912,1.1475872029834244,6.023601681491944,382.17,418.30000000000007,41.812074540997855,500,0,0,0,0,1.0,0.0,0.0,0.0,0.0,1.0,28.892,0.0,0.0,0.0,0.0,0.0,,0.0,0.0,32.756557407803484,8.723960458723013,0.0,0.3280553834629245,41.80857324998942,32.756557407803484,0.3280553834629245
20260711_164832_170489,bae7bf40726b12938559777771e8ab509aaf37f9f9bad6244622d6e70161ad2e,47,2187632438,1545686432,2187632438,7,500,50,60,5,30,10.0,120,current,Optimized Pattern Generator,dynamic_session,Dynamic Session Pattern Assignment,50,6,360,d753707e72c4f87dd624e93e39d8df4435e1b422a6d25d5152a3e627dc77b674,3699990504,cb9dee967fedc54d66610c180e64e46b83ff3f12776871871ae209b153f5a1a5,True,single_only_dtw_off,A1 Ablation) DTW Off,False,500,500,0,0.0,500,451,0,0.902,0.902,0.8718736085533334,4.15000046,382.17,418.30000000000007,41.861641708004754,500,0,0,0,0,1.0,0.0,0.0,0.0,0.0,1.0,28.892,0.0,0.0,0.0,0.0,0.0,,0.0,0.0,32.80249686203024,8.732106211929931,0.0,0.3236497600446455,41.858252834004816,32.80249686203024,0.3236497600446455
20260711_164832_170489,bae7bf40726b12938559777771e8ab509aaf37f9f9bad6244622d6e70161ad2e,47,2187632438,866312272,2187632438,7,500,50,60,5,30,10.0,120,current,Optimized Pattern Generator,dynamic_session,Dynamic Session Pattern Assignment,50,6,360,d753707e72c4f87dd624e93e39d8df4435e1b422a6d25d5152a3e627dc77b674,3699990504,cb9dee967fedc54d66610c180e64e46b83ff3f12776871871ae209b153f5a1a5,True,single_only_step_off,A1 Ablation) Step Signature Off,False,500,500,0,0.0,500,428,0,0.856,0.856,0.21112104894020528,1.0000004000000007,382.17,418.30000000000007,41.87779675000638,500,0,0,0,0,1.0,0.0,0.0,0.0,0.0,1.0,28.892,0.0,0.0,0.0,0.0,0.0,,0.0,0.0,32.81796544592362,8.729478925961303,0.0,0.3269802121212706,41.87442458400619,32.81796544592362,0.3269802121212706
20260711_164832_170489,bae7bf40726b12938559777771e8ab509aaf37f9f9bad6244622d6e70161ad2e,47,2187632438,1815193604,2187632438,7,500,50,60,5,30,10.0,120,current,Optimized Pattern Generator,dynamic_session,Dynamic Session Pattern Assignment,50,6,360,d753707e72c4f87dd624e93e39d8df4435e1b422a6d25d5152a3e627dc77b674,3699990504,cb9dee967fedc54d66610c180e64e46b83ff3f12776871871ae209b153f5a1a5,True,single_only_all_off,A1 Ablation) All Waveform Terms Off,False,500,500,0,0.0,500,344,0,0.688,0.688,1.29400027114,8.00000032,382.17,418.30000000000007,33.00544720799371,500,0,0,0,0,1.0,0.0,0.0,0.0,0.0,1.0,28.892,0.0,0.0,0.0,0.0,0.0,,0.0,0.0,32.6280862109852,0.020620582057745196,0.0,0.3532377069495851,33.00194449999253,32.6280862109852,0.3532377069495851
20260711_164832_170489,bae7bf40726b12938559777771e8ab509aaf37f9f9bad6244622d6e70161ad2e,47,2187632438,2184921375,2187632438,7,500,50,60,5,30,10.0,120,current,Optimized Pattern Generator,dynamic_session,Dynamic Session Pattern Assignment,50,6,360,d753707e72c4f87dd624e93e39d8df4435e1b422a6d25d5152a3e627dc77b674,3699990504,cb9dee967fedc54d66610c180e64e46b83ff3f12776871871ae209b153f5a1a5,True,nomura_original_interval_hungarian,A2) Corr+DTW + Hungarian,False,500,500,0,0.0,500,436,0,0.872,0.872,0.09438536280387237,0.43137291952264667,382.17,418.30000000000007,54.04397366599005,500,0,0,0,0,1.0,0.0,0.0,0.0,0.0,1.0,28.892,0.0,0.0,0.0,0.0,0.0,,0.0,0.0,32.82435058699048,20.888571006958955,0.0,0.32759469805750996,54.04051629200694,32.82435058699048,0.32759469805750996
20260711_164832_170489,bae7bf40726b12938559777771e8ab509aaf37f9f9bad6244622d6e70161ad2e,47,2187632438,2176353909,2187632438,7,500,50,60,5,30,10.0,120,current,Optimized Pattern Generator,dynamic_session,Dynamic Session Pattern Assignment,50,6,360,d753707e72c4f87dd624e93e39d8df4435e1b422a6d25d5152a3e627dc77b674,3699990504,cb9dee967fedc54d66610c180e64e46b83ff3f12776871871ae209b153f5a1a5,True,nomura_original_interval_hungarian_dtw_off,A2 Ablation) DTW Off (Corr-only),False,500,500,0,0.0,500,431,0,0.862,0.862,0.08131649179918204,0.29723874722658916,382.17,418.30000000000007,54.01989537500776,500,0,0,0,0,1.0,0.0,0.0,0.0,0.0,1.0,28.892,0.0,0.0,0.0,0.0,0.0,,0.0,0.0,32.80119540198939,20.889369905853528,0.0,0.325874942165683,54.0164402500086,32.80119540198939,0.325874942165683
20260711_164832_170489,bae7bf40726b12938559777771e8ab509aaf37f9f9bad6244622d6e70161ad2e,47,2187632438,1055930905,2187632438,7,500,50,60,5,30,10.0,120,current,Optimized Pattern Generator,dynamic_session,Dynamic Session Pattern Assignment,50,6,360,d753707e72c4f87dd624e93e39d8df4435e1b422a6d25d5152a3e627dc77b674,3699990504,cb9dee967fedc54d66610c180e64e46b83ff3f12776871871ae209b153f5a1a5,True,nomura_original_interval_hungarian_corr_off,A2 Ablation) Corr Off (DTW-only),False,500,500,0,0.0,500,375,0,0.75,0.75,0.002060590928883834,0.1530771856314955,382.17,418.30000000000007,53.988127375007025,500,0,0,0,0,1.0,0.0,0.0,0.0,0.0,1.0,28.892,0.0,0.0,0.0,0.0,0.0,,0.0,0.0,32.78851691818272,20.856969995060354,0.0,0.3392642957624048,53.98475120900548,32.78851691818272,0.3392642957624048
20260711_164832_170489,bae7bf40726b12938559777771e8ab509aaf37f9f9bad6244622d6e70161ad2e,47,2187632438,542446194,2187632438,7,500,50,60,5,30,10.0,120,current,Optimized Pattern Generator,dynamic_session,Dynamic Session Pattern Assignment,50,6,360,d753707e72c4f87dd624e93e39d8df4435e1b422a6d25d5152a3e627dc77b674,3699990504,cb9dee967fedc54d66610c180e64e46b83ff3f12776871871ae209b153f5a1a5,True,nomura_original_interval_hungarian_all_off,A2 Ablation) All Waveform Terms Off,False,500,500,0,0.0,500,344,0,0.688,0.688,1.29400027114,8.00000032,382.17,418.30000000000007,33.03160166699672,500,0,0,0,0,1.0,0.0,0.0,0.0,0.0,1.0,28.892,0.0,0.0,0.0,0.0,0.0,,0.0,0.0,32.68191901508544,0.0202412833168637,0.0,0.32604124360659625,33.0282015420089,32.68191901508544,0.32604124360659625
20260711_164832_170489,bae7bf40726b12938559777771e8ab509aaf37f9f9bad6244622d6e70161ad2e,47,2187632438,1367392771,2187632438,7,500,50,60,5,30,10.0,120,current,Optimized Pattern Generator,dynamic_session,Dynamic Session Pattern Assignment,50,6,360,d753707e72c4f87dd624e93e39d8df4435e1b422a6d25d5152a3e627dc77b674,3699990504,cb9dee967fedc54d66610c180e64e46b83ff3f12776871871ae209b153f5a1a5,True,bayesian_windowed,A3) Two-Stage Bayesian Posterior + Hungarian,False,500,500,0,0.0,500,479,0,0.958,0.958,0.5874628978476141,1.9258944388589498,382.17,418.30000000000007,40.92474212500383,500,0,0,0,0,1.0,0.0,0.0,0.0,0.0,1.0,28.892,0.0,0.0,0.0,0.0,0.0,,0.0,0.0,32.89414395784843,7.702125816693297,0.0,0.32508130845963024,40.921351083001355,32.89414395784843,0.32508130845963024
20260711_164832_170489,bae7bf40726b12938559777771e8ab509aaf37f9f9bad6244622d6e70161ad2e,47,2187632438,1977915797,2187632438,7,500,50,60,5,30,10.0,120,current,Optimized Pattern Generator,dynamic_session,Dynamic Session Pattern Assignment,50,6,360,d753707e72c4f87dd624e93e39d8df4435e1b422a6d25d5152a3e627dc77b674,3699990504,cb9dee967fedc54d66610c180e64e46b83ff3f12776871871ae209b153f5a1a5,True,bayesian_windowed_memory_off,A3 Ablation) Posterior Memory Off,False,500,500,0,0.0,500,456,0,0.912,0.912,0.9488500006824491,2.170540390845907,382.17,418.30000000000007,40.99540170800174,500,0,0,0,0,1.0,0.0,0.0,0.0,0.0,1.0,28.892,0.0,0.0,0.0,0.0,0.0,,0.0,0.0,32.91366012420622,7.737100423037191,0.0,0.341274744758266,40.992035292001674,32.91366012420622,0.341274744758266
20260711_164832_170489,bae7bf40726b12938559777771e8ab509aaf37f9f9bad6244622d6e70161ad2e,47,2187632438,2395032869,2187632438,7,500,50,60,5,30,10.0,120,current,Optimized Pattern Generator,dynamic_session,Dynamic Session Pattern Assignment,50,6,360,d753707e72c4f87dd624e93e39d8df4435e1b422a6d25d5152a3e627dc77b674,3699990504,cb9dee967fedc54d66610c180e64e46b83ff3f12776871871ae209b153f5a1a5,True,bayesian_windowed_timeprior_off,A3 Ablation) Time Prior Off,False,500,500,0,0.0,500,479,0,0.958,0.958,0.5901894369905304,1.9356440371126082,382.17,418.30000000000007,40.95370924999588,500,0,0,0,0,1.0,0.0,0.0,0.0,0.0,1.0,28.892,0.0,0.0,0.0,0.0,0.0,,0.0,0.0,32.90429697194486,7.716014080127934,0.0,0.32986082292336505,40.95017187499616,32.90429697194486,0.32986082292336505
20260711_164832_170489,bae7bf40726b12938559777771e8ab509aaf37f9f9bad6244622d6e70161ad2e,47,2187632438,433795923,2187632438,7,500,50,60,5,30,10.0,120,current,Optimized Pattern Generator,dynamic_session,Dynamic Session Pattern Assignment,50,6,360,d753707e72c4f87dd624e93e39d8df4435e1b422a6d25d5152a3e627dc77b674,3699990504,cb9dee967fedc54d66610c180e64e46b83ff3f12776871871ae209b153f5a1a5,True,bayesian_windowed_all_off,A3 Ablation) Time Prior + Memory Off,False,500,500,0,0.0,500,456,0,0.912,0.912,0.9500212881489941,2.1727106410757115,382.17,418.30000000000007,41.114518291011336,500,0,0,0,0,1.0,0.0,0.0,0.0,0.0,1.0,28.892,0.0,0.0,0.0,0.0,0.0,,0.0,0.0,33.040939626225736,7.743413652962772,0.0,0.3266193038143683,41.11097258300288,33.040939626225736,0.3266193038143683
20260711_164832_170489,bae7bf40726b12938559777771e8ab509aaf37f9f9bad6244622d6e70161ad2e,48,2187632439,1233724827,2187632439,8,500,50,60,5,30,10.0,120,current,Optimized Pattern Generator,dynamic_session,Dynamic Session Pattern Assignment,50,6,360,ff4c4a47c2af9a95e14d74a8f98784a644f61c7392790fd9e8e1708a17e1125d,3699990505,1feb2a142332f60ed3572cadd846feff7a4f0b9c6602506fa5abb21eb08f6b79,True,single_only,A1) Refined Cost + Greedy 1:1,True,500,500,0,0.0,500,474,0,0.948,0.948,1.1336877563602303,5.619753129916973,380.332,418.20000000000005,40.88249375000305,500,0,0,0,0,1.0,0.0,0.0,0.0,0.0,1.0,28.248,0.0,0.0,0.0,0.0,0.0,,0.0,0.0,32.03168950912368,8.523925460802275,0.0,0.3233028220711276,40.87891779199708,32.03168950912368,0.3233028220711276
20260711_164832_170489,bae7bf40726b12938559777771e8ab509aaf37f9f9bad6244622d6e70161ad2e,48,2187632439,1545686433,2187632439,8,500,50,60,5,30,10.0,120,current,Optimized Pattern Generator,dynamic_session,Dynamic Session Pattern Assignment,50,6,360,ff4c4a47c2af9a95e14d74a8f98784a644f61c7392790fd9e8e1708a17e1125d,3699990505,1feb2a142332f60ed3572cadd846feff7a4f0b9c6602506fa5abb21eb08f6b79,True,single_only_dtw_off,A1 Ablation) DTW Off,False,500,500,0,0.0,500,458,0,0.916,0.916,0.8986602752999999,3.846666686666667,380.332,418.20000000000005,40.96086333299172,500,0,0,0,0,1.0,0.0,0.0,0.0,0.0,1.0,28.248,0.0,0.0,0.0,0.0,0.0,,0.0,0.0,32.058985745024984,8.549162037073984,0.0,0.3493548848928185,40.957502666991786,32.058985745024984,0.3493548848928185
20260711_164832_170489,bae7bf40726b12938559777771e8ab509aaf37f9f9bad6244622d6e70161ad2e,48,2187632439,866312273,2187632439,8,500,50,60,5,30,10.0,120,current,Optimized Pattern Generator,dynamic_session,Dynamic Session Pattern Assignment,50,6,360,ff4c4a47c2af9a95e14d74a8f98784a644f61c7392790fd9e8e1708a17e1125d,3699990505,1feb2a142332f60ed3572cadd846feff7a4f0b9c6602506fa5abb21eb08f6b79,True,single_only_step_off,A1 Ablation) Step Signature Off,False,500,500,0,0.0,500,441,0,0.882,0.882,0.17557818801489725,1.053882291860806,380.332,418.20000000000005,40.93954745899828,500,0,0,0,0,1.0,0.0,0.0,0.0,0.0,1.0,28.248,0.0,0.0,0.0,0.0,0.0,,0.0,0.0,32.0588854028465,8.547675032968982,0.0,0.32948252218193375,40.936042957997415,32.0588854028465,0.32948252218193375
20260711_164832_170489,bae7bf40726b12938559777771e8ab509aaf37f9f9bad6244622d6e70161ad2e,48,2187632439,1815193605,2187632439,8,500,50,60,5,30,10.0,120,current,Optimized Pattern Generator,dynamic_session,Dynamic Session Pattern Assignment,50,6,360,ff4c4a47c2af9a95e14d74a8f98784a644f61c7392790fd9e8e1708a17e1125d,3699990505,1feb2a142332f60ed3572cadd846feff7a4f0b9c6602506fa5abb21eb08f6b79,True,single_only_all_off,A1 Ablation) All Waveform Terms Off,False,500,500,0,0.0,500,353,0,0.706,0.706,1.2024002768800002,8.10000016,380.332,418.20000000000005,32.31389287501224,500,0,0,0,0,1.0,0.0,0.0,0.0,0.0,1.0,28.248,0.0,0.0,0.0,0.0,0.0,,0.0,0.0,31.96067312010564,0.02027536374225747,0.0,0.329444766161032,32.31039325000893,31.96067312010564,0.329444766161032
20260711_164832_170489,bae7bf40726b12938559777771e8ab509aaf37f9f9bad6244622d6e70161ad2e,48,2187632439,2184921374,2187632439,8,500,50,60,5,30,10.0,120,current,Optimized Pattern Generator,dynamic_session,Dynamic Session Pattern Assignment,50,6,360,ff4c4a47c2af9a95e14d74a8f98784a644f61c7392790fd9e8e1708a17e1125d,3699990505,1feb2a142332f60ed3572cadd846feff7a4f0b9c6602506fa5abb21eb08f6b79,True,nomura_original_interval_hungarian,A2) Corr+DTW + Hungarian,False,500,500,0,0.0,500,456,0,0.912,0.912,0.08274727252237163,0.4017915515104046,380.332,418.20000000000005,52.69560979200469,500,0,0,0,0,1.0,0.0,0.0,0.0,0.0,1.0,28.248,0.0,0.0,0.0,0.0,0.0,,0.0,0.0,31.93029305001255,20.422835779943853,0.0,0.33907087803527247,52.692199707991676,31.93029305001255,0.33907087803527247
20260711_164832_170489,bae7bf40726b12938559777771e8ab509aaf37f9f9bad6244622d6e70161ad2e,48,2187632439,2176353908,2187632439,8,500,50,60,5,30,10.0,120,current,Optimized Pattern Generator,dynamic_session,Dynamic Session Pattern Assignment,50,6,360,ff4c4a47c2af9a95e14d74a8f98784a644f61c7392790fd9e8e1708a17e1125d,3699990505,1feb2a142332f60ed3572cadd846feff7a4f0b9c6602506fa5abb21eb08f6b79,True,nomura_original_interval_hungarian_dtw_off,A2 Ablation) DTW Off (Corr-only),False,500,500,0,0.0,500,445,0,0.89,0.89,0.0722360696492919,0.29262205881041303,380.332,418.20000000000005,52.76677662500879,500,0,0,0,0,1.0,0.0,0.0,0.0,0.0,1.0,28.248,0.0,0.0,0.0,0.0,0.0,,0.0,0.0,32.01526604509854,20.425185033862363,0.0,0.32296700404549483,52.7634180830064,32.01526604509854,0.32296700404549483
20260711_164832_170489,bae7bf40726b12938559777771e8ab509aaf37f9f9bad6244622d6e70161ad2e,48,2187632439,1055930904,2187632439,8,500,50,60,5,30,10.0,120,current,Optimized Pattern Generator,dynamic_session,Dynamic Session Pattern Assignment,50,6,360,ff4c4a47c2af9a95e14d74a8f98784a644f61c7392790fd9e8e1708a17e1125d,3699990505,1feb2a142332f60ed3572cadd846feff7a4f0b9c6602506fa5abb21eb08f6b79,True,nomura_original_interval_hungarian_corr_off,A2 Ablation) Corr Off (DTW-only),False,500,500,0,0.0,500,395,0,0.79,0.79,0.0016401567661379222,0.14684210834279673,380.332,418.20000000000005,52.844499291997636,500,0,0,0,0,1.0,0.0,0.0,0.0,0.0,1.0,28.248,0.0,0.0,0.0,0.0,0.0,,0.0,0.0,32.124894784006756,20.39238162903348,0.0,0.3237511289626127,52.84102754200285,32.124894784006756,0.3237511289626127
20260711_164832_170489,bae7bf40726b12938559777771e8ab509aaf37f9f9bad6244622d6e70161ad2e,48,2187632439,542446195,2187632439,8,500,50,60,5,30,10.0,120,current,Optimized Pattern Generator,dynamic_session,Dynamic Session Pattern Assignment,50,6,360,ff4c4a47c2af9a95e14d74a8f98784a644f61c7392790fd9e8e1708a17e1125d,3699990505,1feb2a142332f60ed3572cadd846feff7a4f0b9c6602506fa5abb21eb08f6b79,True,nomura_original_interval_hungarian_all_off,A2 Ablation) All Waveform Terms Off,False,500,500,0,0.0,500,353,0,0.706,0.706,1.2024002768800002,8.10000016,380.332,418.20000000000005,32.38903633299924,500,0,0,0,0,1.0,0.0,0.0,0.0,0.0,1.0,28.248,0.0,0.0,0.0,0.0,0.0,,0.0,0.0,32.01756019813183,0.02010186515690293,0.0,0.3480633947037859,32.38572545799252,32.01756019813183,0.3480633947037859
20260711_164832_170489,bae7bf40726b12938559777771e8ab509aaf37f9f9bad6244622d6e70161ad2e,48,2187632439,1367392770,2187632439,8,500,50,60,5,30,10.0,120,current,Optimized Pattern Generator,dynamic_session,Dynamic Session Pattern Assignment,50,6,360,ff4c4a47c2af9a95e14d74a8f98784a644f61c7392790fd9e8e1708a17e1125d,3699990505,1feb2a142332f60ed3572cadd846feff7a4f0b9c6602506fa5abb21eb08f6b79,True,bayesian_windowed,A3) Two-Stage Bayesian Posterior + Hungarian,False,500,500,0,0.0,500,487,0,0.974,0.974,0.6232650220198419,1.8529689481464298,380.332,418.20000000000005,40.06833591699251,500,0,0,0,0,1.0,0.0,0.0,0.0,0.0,1.0,28.248,0.0,0.0,0.0,0.0,0.0,,0.0,0.0,32.18872850120533,7.551422622971586,0.0,0.32468129182234406,40.06483241599926,32.18872850120533,0.32468129182234406
20260711_164832_170489,bae7bf40726b12938559777771e8ab509aaf37f9f9bad6244622d6e70161ad2e,48,2187632439,1977915796,2187632439,8,500,50,60,5,30,10.0,120,current,Optimized Pattern Generator,dynamic_session,Dynamic Session Pattern Assignment,50,6,360,ff4c4a47c2af9a95e14d74a8f98784a644f61c7392790fd9e8e1708a17e1125d,3699990505,1feb2a142332f60ed3572cadd846feff7a4f0b9c6602506fa5abb21eb08f6b79,True,bayesian_windowed_memory_off,A3 Ablation) Posterior Memory Off,False,500,500,0,0.0,500,474,0,0.948,0.948,1.0031512124244246,2.245672379024165,380.332,418.20000000000005,39.97679895898909,500,0,0,0,0,1.0,0.0,0.0,0.0,0.0,1.0,28.248,0.0,0.0,0.0,0.0,0.0,,0.0,0.0,32.10771567498159,7.538941463964875,0.0,0.3267691110522719,39.97342624999874,32.10771567498159,0.3267691110522719
20260711_164832_170489,bae7bf40726b12938559777771e8ab509aaf37f9f9bad6244622d6e70161ad2e,48,2187632439,2395032868,2187632439,8,500,50,60,5,30,10.0,120,current,Optimized Pattern Generator,dynamic_session,Dynamic Session Pattern Assignment,50,6,360,ff4c4a47c2af9a95e14d74a8f98784a644f61c7392790fd9e8e1708a17e1125d,3699990505,1feb2a142332f60ed3572cadd846feff7a4f0b9c6602506fa5abb21eb08f6b79,True,bayesian_windowed_timeprior_off,A3 Ablation) Time Prior Off,False,500,500,0,0.0,500,487,0,0.974,0.974,0.6269172781834846,1.8529689481464298,380.332,418.20000000000005,40.00268574999063,500,0,0,0,0,1.0,0.0,0.0,0.0,0.0,1.0,28.248,0.0,0.0,0.0,0.0,0.0,,0.0,0.0,32.11754455308255,7.539826859196182,0.0,0.3418523797154194,39.999223791994154,32.11754455308255,0.3418523797154194
20260711_164832_170489,bae7bf40726b12938559777771e8ab509aaf37f9f9bad6244622d6e70161ad2e,48,2187632439,433795922,2187632439,8,500,50,60,5,30,10.0,120,current,Optimized Pattern Generator,dynamic_session,Dynamic Session Pattern Assignment,50,6,360,ff4c4a47c2af9a95e14d74a8f98784a644f61c7392790fd9e8e1708a17e1125d,3699990505,1feb2a142332f60ed3572cadd846feff7a4f0b9c6602506fa5abb21eb08f6b79,True,bayesian_windowed_all_off,A3 Ablation) Time Prior + Memory Off,False,500,500,0,0.0,500,474,0,0.948,0.948,1.0047775325875092,2.245672379024165,380.332,418.20000000000005,40.0004262500006,500,0,0,0,0,1.0,0.0,0.0,0.0,0.0,1.0,28.248,0.0,0.0,0.0,0.0,0.0,,0.0,0.0,32.137364214795525,7.530342290076078,0.0,0.3291658701200504,39.99687237499165,32.137364214795525,0.3291658701200504
20260711_164832_170489,bae7bf40726b12938559777771e8ab509aaf37f9f9bad6244622d6e70161ad2e,49,2187632440,1233724820,2187632440,9,500,50,60,5,30,10.0,120,current,Optimized Pattern Generator,dynamic_session,Dynamic Session Pattern Assignment,50,6,360,009402b1b61eec1684825781080091dfab9a2f8f3a2bbd53d2c52be6a9b770e7,3699990502,ea75c73b1a101462f58e0989901ad248c50e0df6d476480f2cfbab9c54cf8b8f,True,single_only,A1) Refined Cost + Greedy 1:1,True,500,500,0,0.0,500,464,0,0.928,0.928,1.0523607688191254,4.966345082525265,382.222,418.0,41.42354395800794,500,0,0,0,0,1.0,0.0,0.0,0.0,0.0,1.0,28.51,0.0,0.0,0.0,0.0,0.0,,0.0,0.0,32.49571309291059,8.592022946089855,0.0,0.33237562800059095,41.42011166700104,32.49571309291059,0.33237562800059095
20260711_164832_170489,bae7bf40726b12938559777771e8ab509aaf37f9f9bad6244622d6e70161ad2e,49,2187632440,1545686446,2187632440,9,500,50,60,5,30,10.0,120,current,Optimized Pattern Generator,dynamic_session,Dynamic Session Pattern Assignment,50,6,360,009402b1b61eec1684825781080091dfab9a2f8f3a2bbd53d2c52be6a9b770e7,3699990502,ea75c73b1a101462f58e0989901ad248c50e0df6d476480f2cfbab9c54cf8b8f,True,single_only_dtw_off,A1 Ablation) DTW Off,False,500,500,0,0.0,500,450,0,0.9,0.9,0.7972136129933333,3.166666746666667,382.222,418.0,41.52754249999998,500,0,0,0,0,1.0,0.0,0.0,0.0,0.0,1.0,28.51,0.0,0.0,0.0,0.0,0.0,,0.0,0.0,32.55939852415759,8.644641202976345,0.0,0.32001973086153157,41.52405945799546,32.55939852415759,0.32001973086153157
20260711_164832_170489,bae7bf40726b12938559777771e8ab509aaf37f9f9bad6244622d6e70161ad2e,49,2187632440,866312286,2187632440,9,500,50,60,5,30,10.0,120,current,Optimized Pattern Generator,dynamic_session,Dynamic Session Pattern Assignment,50,6,360,009402b1b61eec1684825781080091dfab9a2f8f3a2bbd53d2c52be6a9b770e7,3699990502,ea75c73b1a101462f58e0989901ad248c50e0df6d476480f2cfbab9c54cf8b8f,True,single_only_step_off,A1 Ablation) Step Signature Off,False,500,500,0,0.0,500,420,0,0.84,0.84,0.1931865722388826,1.0000000699999994,382.222,418.0,41.57280512500438,500,0,0,0,0,1.0,0.0,0.0,0.0,0.0,1.0,28.51,0.0,0.0,0.0,0.0,0.0,,0.0,0.0,32.59192944687675,8.62765862508968,0.0,0.34982276102527976,41.56941083299171,32.59192944687675,0.34982276102527976
20260711_164832_170489,bae7bf40726b12938559777771e8ab509aaf37f9f9bad6244622d6e70161ad2e,49,2187632440,1815193610,2187632440,9,500,50,60,5,30,10.0,120,current,Optimized Pattern Generator,dynamic_session,Dynamic Session Pattern Assignment,50,6,360,009402b1b61eec1684825781080091dfab9a2f8f3a2bbd53d2c52be6a9b770e7,3699990502,ea75c73b1a101462f58e0989901ad248c50e0df6d476480f2cfbab9c54cf8b8f,True,single_only_all_off,A1 Ablation) All Waveform Terms Off,False,500,500,0,0.0,500,357,0,0.714,0.714,1.2576002714999999,7.3000000300000005,382.222,418.0,32.764337999993586,500,0,0,0,0,1.0,0.0,0.0,0.0,0.0,1.0,28.51,0.0,0.0,0.0,0.0,0.0,,0.0,0.0,32.4197350320901,0.020486321940552443,0.0,0.3207188539672643,32.76094020799792,32.4197350320901,0.3207188539672643
20260711_164832_170489,bae7bf40726b12938559777771e8ab509aaf37f9f9bad6244622d6e70161ad2e,49,2187632440,2184921361,2187632440,9,500,50,60,5,30,10.0,120,current,Optimized Pattern Generator,dynamic_session,Dynamic Session Pattern Assignment,50,6,360,009402b1b61eec1684825781080091dfab9a2f8f3a2bbd53d2c52be6a9b770e7,3699990502,ea75c73b1a101462f58e0989901ad248c50e0df6d476480f2cfbab9c54cf8b8f,True,nomura_original_interval_hungarian,A2) Corr+DTW + Hungarian,False,500,500,0,0.0,500,449,0,0.898,0.898,0.08618293008104388,0.47389561984187956,382.222,418.0,53.3588635000051,500,0,0,0,0,1.0,0.0,0.0,0.0,0.0,1.0,28.51,0.0,0.0,0.0,0.0,0.0,,0.0,0.0,32.462677443021676,20.572491034094128,0.0,0.3203325648792088,53.35550104199501,32.462677443021676,0.3203325648792088
20260711_164832_170489,bae7bf40726b12938559777771e8ab509aaf37f9f9bad6244622d6e70161ad2e,49,2187632440,2176353915,2187632440,9,500,50,60,5,30,10.0,120,current,Optimized Pattern Generator,dynamic_session,Dynamic Session Pattern Assignment,50,6,360,009402b1b61eec1684825781080091dfab9a2f8f3a2bbd53d2c52be6a9b770e7,3699990502,ea75c73b1a101462f58e0989901ad248c50e0df6d476480f2cfbab9c54cf8b8f,True,nomura_original_interval_hungarian_dtw_off,A2 Ablation) DTW Off (Corr-only),False,500,500,0,0.0,500,425,0,0.85,0.85,0.07571213830754639,0.2966766948027927,382.222,418.0,53.318236000006436,500,0,0,0,0,1.0,0.0,0.0,0.0,0.0,1.0,28.51,0.0,0.0,0.0,0.0,0.0,,0.0,0.0,32.41750742601289,20.558435055150767,0.0,0.33886064382386394,53.31480312498752,32.41750742601289,0.33886064382386394
20260711_164832_170489,bae7bf40726b12938559777771e8ab509aaf37f9f9bad6244622d6e70161ad2e,49,2187632440,1055930903,2187632440,9,500,50,60,5,30,10.0,120,current,Optimized Pattern Generator,dynamic_session,Dynamic Session Pattern Assignment,50,6,360,009402b1b61eec1684825781080091dfab9a2f8f3a2bbd53d2c52be6a9b770e7,3699990502,ea75c73b1a101462f58e0989901ad248c50e0df6d476480f2cfbab9c54cf8b8f,True,nomura_original_interval_hungarian_corr_off,A2 Ablation) Corr Off (DTW-only),False,500,500,0,0.0,500,396,0,0.792,0.792,0.00283814809720216,0.2314885774798023,382.222,418.0,53.33896624999761,500,0,0,0,0,1.0,0.0,0.0,0.0,0.0,1.0,28.51,0.0,0.0,0.0,0.0,0.0,,0.0,0.0,32.44224165419291,20.562937070062617,0.0,0.3304813167487737,53.3356600410043,32.44224165419291,0.3304813167487737
20260711_164832_170489,bae7bf40726b12938559777771e8ab509aaf37f9f9bad6244622d6e70161ad2e,49,2187632440,542446204,2187632440,9,500,50,60,5,30,10.0,120,current,Optimized Pattern Generator,dynamic_session,Dynamic Session Pattern Assignment,50,6,360,009402b1b61eec1684825781080091dfab9a2f8f3a2bbd53d2c52be6a9b770e7,3699990502,ea75c73b1a101462f58e0989901ad248c50e0df6d476480f2cfbab9c54cf8b8f,True,nomura_original_interval_hungarian_all_off,A2 Ablation) All Waveform Terms Off,False,500,500,0,0.0,500,357,0,0.714,0.714,1.2576002714999999,7.3000000300000005,382.222,418.0,32.730203750004875,500,0,0,0,0,1.0,0.0,0.0,0.0,0.0,1.0,28.51,0.0,0.0,0.0,0.0,0.0,,0.0,0.0,32.38441975708702,0.020570234744809568,0.0,0.32179504916712176,32.72678504099895,32.38441975708702,0.32179504916712176
20260711_164832_170489,bae7bf40726b12938559777771e8ab509aaf37f9f9bad6244622d6e70161ad2e,49,2187632440,1367392781,2187632440,9,500,50,60,5,30,10.0,120,current,Optimized Pattern Generator,dynamic_session,Dynamic Session Pattern Assignment,50,6,360,009402b1b61eec1684825781080091dfab9a2f8f3a2bbd53d2c52be6a9b770e7,3699990502,ea75c73b1a101462f58e0989901ad248c50e0df6d476480f2cfbab9c54cf8b8f,True,bayesian_windowed,A3) Two-Stage Bayesian Posterior + Hungarian,False,500,500,0,0.0,500,484,0,0.968,0.968,0.5846676185148176,2.0002813426148256,382.222,418.0,40.507001417005085,500,0,0,0,0,1.0,0.0,0.0,0.0,0.0,1.0,28.51,0.0,0.0,0.0,0.0,0.0,,0.0,0.0,32.546426083892584,7.613727085234132,0.0,0.3432897058664821,40.5034428749932,32.546426083892584,0.3432897058664821
20260711_164832_170489,bae7bf40726b12938559777771e8ab509aaf37f9f9bad6244622d6e70161ad2e,49,2187632440,1977915803,2187632440,9,500,50,60,5,30,10.0,120,current,Optimized Pattern Generator,dynamic_session,Dynamic Session Pattern Assignment,50,6,360,009402b1b61eec1684825781080091dfab9a2f8f3a2bbd53d2c52be6a9b770e7,3699990502,ea75c73b1a101462f58e0989901ad248c50e0df6d476480f2cfbab9c54cf8b8f,True,bayesian_windowed_memory_off,A3 Ablation) Posterior Memory Off,False,500,500,0,0.0,500,464,0,0.928,0.928,0.9413714614044288,2.2023310030543635,382.222,418.0,40.47043912499794,500,0,0,0,0,1.0,0.0,0.0,0.0,0.0,1.0,28.51,0.0,0.0,0.0,0.0,0.0,,0.0,0.0,32.51923438002996,7.617821416904917,0.0,0.33010491107415874,40.46716070800903,32.51923438002996,0.33010491107415874
20260711_164832_170489,bae7bf40726b12938559777771e8ab509aaf37f9f9bad6244622d6e70161ad2e,49,2187632440,2395032875,2187632440,9,500,50,60,5,30,10.0,120,current,Optimized Pattern Generator,dynamic_session,Dynamic Session Pattern Assignment,50,6,360,009402b1b61eec1684825781080091dfab9a2f8f3a2bbd53d2c52be6a9b770e7,3699990502,ea75c73b1a101462f58e0989901ad248c50e0df6d476480f2cfbab9c54cf8b8f,True,bayesian_windowed_timeprior_off,A3 Ablation) Time Prior Off,False,500,500,0,0.0,500,483,0,0.966,0.966,0.5879460784945025,2.0002813426148256,382.222,418.0,40.5870137919992,500,0,0,0,0,1.0,0.0,0.0,0.0,0.0,1.0,28.51,0.0,0.0,0.0,0.0,0.0,,0.0,0.0,32.62070683011552,7.63780691298598,0.0,0.3251390069053741,40.58365275000688,32.62070683011552,0.3251390069053741
20260711_164832_170489,bae7bf40726b12938559777771e8ab509aaf37f9f9bad6244622d6e70161ad2e,49,2187632440,433795933,2187632440,9,500,50,60,5,30,10.0,120,current,Optimized Pattern Generator,dynamic_session,Dynamic Session Pattern Assignment,50,6,360,009402b1b61eec1684825781080091dfab9a2f8f3a2bbd53d2c52be6a9b770e7,3699990502,ea75c73b1a101462f58e0989901ad248c50e0df6d476480f2cfbab9c54cf8b8f,True,bayesian_windowed_all_off,A3 Ablation) Time Prior + Memory Off,False,500,500,0,0.0,500,464,0,0.928,0.928,0.9426397910742574,2.207721383070059,382.222,418.0,40.47548533299414,500,0,0,0,0,1.0,0.0,0.0,0.0,0.0,1.0,28.51,0.0,0.0,0.0,0.0,0.0,,0.0,0.0,32.52270374006184,7.626886739089969,0.0,0.3224467708496377,40.47203725000145,32.52270374006184,0.3224467708496377
20260711_164832_170489,bae7bf40726b12938559777771e8ab509aaf37f9f9bad6244622d6e70161ad2e,50,2187632441,1233724821,2187632441,10,500,50,60,5,30,10.0,120,current,Optimized Pattern Generator,dynamic_session,Dynamic Session Pattern Assignment,50,6,360,3522309621aa2b36b5e6ce75d5150a112e30f8e52364a43ca75cb9011027789c,3699990503,f295e61c5c1abe69192f47e1aa65f9ae218268b4c4f8102c8851eccfb4d75972,True,single_only,A1) Refined Cost + Greedy 1:1,True,500,500,0,0.0,500,467,0,0.934,0.934,1.1263673571833184,13.199365735460793,381.852,420.0,41.115671542007476,500,0,0,0,0,1.0,0.0,0.0,0.0,0.0,1.0,28.326,0.0,0.0,0.0,0.0,0.0,,0.0,0.0,32.226438691912335,8.554039961847593,0.0,0.3317467622400727,41.112225416,32.226438691912335,0.3317467622400727
20260711_164832_170489,bae7bf40726b12938559777771e8ab509aaf37f9f9bad6244622d6e70161ad2e,50,2187632441,1545686447,2187632441,10,500,50,60,5,30,10.0,120,current,Optimized Pattern Generator,dynamic_session,Dynamic Session Pattern Assignment,50,6,360,3522309621aa2b36b5e6ce75d5150a112e30f8e52364a43ca75cb9011027789c,3699990503,f295e61c5c1abe69192f47e1aa65f9ae218268b4c4f8102c8851eccfb4d75972,True,single_only_dtw_off,A1 Ablation) DTW Off,False,500,500,0,0.0,500,438,0,0.876,0.876,0.84258027116,10.133333523333333,381.852,420.0,41.22528358300042,500,0,0,0,0,1.0,0.0,0.0,0.0,0.0,1.0,28.326,0.0,0.0,0.0,0.0,0.0,,0.0,0.0,32.2872164301516,8.604528432144434,0.0,0.33023826270073187,41.22198312499677,32.2872164301516,0.33023826270073187
20260711_164832_170489,bae7bf40726b12938559777771e8ab509aaf37f9f9bad6244622d6e70161ad2e,50,2187632441,866312287,2187632441,10,500,50,60,5,30,10.0,120,current,Optimized Pattern Generator,dynamic_session,Dynamic Session Pattern Assignment,50,6,360,3522309621aa2b36b5e6ce75d5150a112e30f8e52364a43ca75cb9011027789c,3699990503,f295e61c5c1abe69192f47e1aa65f9ae218268b4c4f8102c8851eccfb4d75972,True,single_only_step_off,A1 Ablation) Step Signature Off,False,500,500,0,0.0,500,432,0,0.864,0.864,0.21222440673671264,1.0723541679386375,381.852,420.0,41.22174525000446,500,0,0,0,0,1.0,0.0,0.0,0.0,0.0,1.0,28.326,0.0,0.0,0.0,0.0,0.0,,0.0,0.0,32.335024502914166,8.563147320906864,0.0,0.31997905117168557,41.218150874992716,32.335024502914166,0.31997905117168557
20260711_164832_170489,bae7bf40726b12938559777771e8ab509aaf37f9f9bad6244622d6e70161ad2e,50,2187632441,1815193611,2187632441,10,500,50,60,5,30,10.0,120,current,Optimized Pattern Generator,dynamic_session,Dynamic Session Pattern Assignment,50,6,360,3522309621aa2b36b5e6ce75d5150a112e30f8e52364a43ca75cb9011027789c,3699990503,f295e61c5c1abe69192f47e1aa65f9ae218268b4c4f8102c8851eccfb4d75972,True,single_only_all_off,A1 Ablation) All Waveform Terms Off,False,500,500,0,0.0,500,363,0,0.726,0.726,1.2514002702000002,8.10000023,381.852,420.0,32.576532542007044,500,0,0,0,0,1.0,0.0,0.0,0.0,0.0,1.0,28.326,0.0,0.0,0.0,0.0,0.0,,0.0,0.0,32.20565058394277,0.020483577725826763,0.0,0.3471035883267177,32.573237749995315,32.20565058394277,0.3471035883267177
20260711_164832_170489,bae7bf40726b12938559777771e8ab509aaf37f9f9bad6244622d6e70161ad2e,50,2187632441,2184921360,2187632441,10,500,50,60,5,30,10.0,120,current,Optimized Pattern Generator,dynamic_session,Dynamic Session Pattern Assignment,50,6,360,3522309621aa2b36b5e6ce75d5150a112e30f8e52364a43ca75cb9011027789c,3699990503,f295e61c5c1abe69192f47e1aa65f9ae218268b4c4f8102c8851eccfb4d75972,True,nomura_original_interval_hungarian,A2) Corr+DTW + Hungarian,False,500,500,0,0.0,500,450,0,0.9,0.9,0.09463177530002335,0.4264726943194343,381.852,420.0,53.02895049999643,500,0,0,0,0,1.0,0.0,0.0,0.0,0.0,1.0,28.326,0.0,0.0,0.0,0.0,0.0,,0.0,0.0,32.23656951812154,20.460328319008113,0.0,0.3286949968605768,53.02559283399023,32.23656951812154,0.3286949968605768
20260711_164832_170489,bae7bf40726b12938559777771e8ab509aaf37f9f9bad6244622d6e70161ad2e,50,2187632441,2176353914,2187632441,10,500,50,60,5,30,10.0,120,current,Optimized Pattern Generator,dynamic_session,Dynamic Session Pattern Assignment,50,6,360,3522309621aa2b36b5e6ce75d5150a112e30f8e52364a43ca75cb9011027789c,3699990503,f295e61c5c1abe69192f47e1aa65f9ae218268b4c4f8102c8851eccfb4d75972,True,nomura_original_interval_hungarian_dtw_off,A2 Ablation) DTW Off (Corr-only),False,500,500,0,0.0,500,438,0,0.876,0.876,0.08355039506636709,0.2923719471300696,381.852,420.0,52.93193287499889,500,0,0,0,0,1.0,0.0,0.0,0.0,0.0,1.0,28.326,0.0,0.0,0.0,0.0,0.0,,0.0,0.0,32.175594243832165,20.422359782009153,0.0,0.33064414115506224,52.92859816699638,32.175594243832165,0.33064414115506224
20260711_164832_170489,bae7bf40726b12938559777771e8ab509aaf37f9f9bad6244622d6e70161ad2e,50,2187632441,1055930902,2187632441,10,500,50,60,5,30,10.0,120,current,Optimized Pattern Generator,dynamic_session,Dynamic Session Pattern Assignment,50,6,360,3522309621aa2b36b5e6ce75d5150a112e30f8e52364a43ca75cb9011027789c,3699990503,f295e61c5c1abe69192f47e1aa65f9ae218268b4c4f8102c8851eccfb4d75972,True,nomura_original_interval_hungarian_corr_off,A2 Ablation) Corr Off (DTW-only),False,500,500,0,0.0,500,387,0,0.774,0.774,0.001720050559959979,0.1424462785495302,381.852,420.0,52.9098373750021,500,0,0,0,0,1.0,0.0,0.0,0.0,0.0,1.0,28.326,0.0,0.0,0.0,0.0,0.0,,0.0,0.0,32.118736914897454,20.43953915403108,0.0,0.34815726506349165,52.90643333399203,32.118736914897454,0.34815726506349165
20260711_164832_170489,bae7bf40726b12938559777771e8ab509aaf37f9f9bad6244622d6e70161ad2e,50,2187632441,542446205,2187632441,10,500,50,60,5,30,10.0,120,current,Optimized Pattern Generator,dynamic_session,Dynamic Session Pattern Assignment,50,6,360,3522309621aa2b36b5e6ce75d5150a112e30f8e52364a43ca75cb9011027789c,3699990503,f295e61c5c1abe69192f47e1aa65f9ae218268b4c4f8102c8851eccfb4d75972,True,nomura_original_interval_hungarian_all_off,A2 Ablation) All Waveform Terms Off,False,500,500,0,0.0,500,363,0,0.726,0.726,1.2514002702000002,8.10000023,381.852,420.0,32.46557808299258,500,0,0,0,0,1.0,0.0,0.0,0.0,0.0,1.0,28.326,0.0,0.0,0.0,0.0,0.0,,0.0,0.0,32.12290638200648,0.020332245840108953,0.0,0.31895199716382194,32.46219062501041,32.12290638200648,0.31895199716382194
20260711_164832_170489,bae7bf40726b12938559777771e8ab509aaf37f9f9bad6244622d6e70161ad2e,50,2187632441,1367392780,2187632441,10,500,50,60,5,30,10.0,120,current,Optimized Pattern Generator,dynamic_session,Dynamic Session Pattern Assignment,50,6,360,3522309621aa2b36b5e6ce75d5150a112e30f8e52364a43ca75cb9011027789c,3699990503,f295e61c5c1abe69192f47e1aa65f9ae218268b4c4f8102c8851eccfb4d75972,True,bayesian_windowed,A3) Two-Stage Bayesian Posterior + Hungarian,False,500,500,0,0.0,500,479,0,0.958,0.958,0.5304842890783643,2.014924850174785,381.852,420.0,40.162080750000314,500,0,0,0,0,1.0,0.0,0.0,0.0,0.0,1.0,28.326,0.0,0.0,0.0,0.0,0.0,,0.0,0.0,32.26359179201245,7.571117900879472,0.0,0.32392484811134636,40.158634541003266,32.26359179201245,0.32392484811134636
20260711_164832_170489,bae7bf40726b12938559777771e8ab509aaf37f9f9bad6244622d6e70161ad2e,50,2187632441,1977915802,2187632441,10,500,50,60,5,30,10.0,120,current,Optimized Pattern Generator,dynamic_session,Dynamic Session Pattern Assignment,50,6,360,3522309621aa2b36b5e6ce75d5150a112e30f8e52364a43ca75cb9011027789c,3699990503,f295e61c5c1abe69192f47e1aa65f9ae218268b4c4f8102c8851eccfb4d75972,True,bayesian_windowed_memory_off,A3 Ablation) Posterior Memory Off,False,500,500,0,0.0,500,467,0,0.934,0.934,0.8716146812924968,2.404760130490406,381.852,420.0,40.23635274999833,500,0,0,0,0,1.0,0.0,0.0,0.0,0.0,1.0,28.326,0.0,0.0,0.0,0.0,0.0,,0.0,0.0,32.32489921787055,7.567985801069881,0.0,0.34004498105787206,40.232929999998305,32.32489921787055,0.34004498105787206
20260711_164832_170489,bae7bf40726b12938559777771e8ab509aaf37f9f9bad6244622d6e70161ad2e,50,2187632441,2395032874,2187632441,10,500,50,60,5,30,10.0,120,current,Optimized Pattern Generator,dynamic_session,Dynamic Session Pattern Assignment,50,6,360,3522309621aa2b36b5e6ce75d5150a112e30f8e52364a43ca75cb9011027789c,3699990503,f295e61c5c1abe69192f47e1aa65f9ae218268b4c4f8102c8851eccfb4d75972,True,bayesian_windowed_timeprior_off,A3 Ablation) Time Prior Off,False,500,500,0,0.0,500,479,0,0.958,0.958,0.533062831154864,2.014924850174785,381.852,420.0,40.28725841699634,500,0,0,0,0,1.0,0.0,0.0,0.0,0.0,1.0,28.326,0.0,0.0,0.0,0.0,0.0,,0.0,0.0,32.39664103690302,7.56623103786842,0.0,0.32094467522983905,40.28381675000128,32.39664103690302,0.32094467522983905
20260711_164832_170489,bae7bf40726b12938559777771e8ab509aaf37f9f9bad6244622d6e70161ad2e,50,2187632441,433795932,2187632441,10,500,50,60,5,30,10.0,120,current,Optimized Pattern Generator,dynamic_session,Dynamic Session Pattern Assignment,50,6,360,3522309621aa2b36b5e6ce75d5150a112e30f8e52364a43ca75cb9011027789c,3699990503,f295e61c5c1abe69192f47e1aa65f9ae218268b4c4f8102c8851eccfb4d75972,True,bayesian_windowed_all_off,A3 Ablation) Time Prior + Memory Off,False,500,500,0,0.0,500,467,0,0.934,0.934,0.872756537393095,2.405281646664701,381.852,420.0,40.23491733300034,500,0,0,0,0,1.0,0.0,0.0,0.0,0.0,1.0,28.326,0.0,0.0,0.0,0.0,0.0,,0.0,0.0,32.33726970698626,7.56652713099902,0.0,0.32772545401530806,40.23152229200059,32.33726970698626,0.32772545401530806
20260711_164832_170489,bae7bf40726b12938559777771e8ab509aaf37f9f9bad6244622d6e70161ad2e,51,2187632442,1233724822,2187632442,11,500,50,60,5,30,10.0,120,current,Optimized Pattern Generator,dynamic_session,Dynamic Session Pattern Assignment,50,6,360,8534b69413647085b8c9b5270ab08e469ab2c47f265f1fef1c2e7c2f8c0ca053,3699990500,02020fdc2651a8f1edcfe5ea2db6f2082bea6cbf74e9cafb6e045b8fb16e87e1,True,single_only,A1) Refined Cost + Greedy 1:1,True,500,500,0,0.0,500,464,0,0.928,0.928,1.1593299455840997,4.977180787505111,382.092,420.1,39.996075333998306,500,0,0,0,0,1.0,0.0,0.0,0.0,0.0,1.0,27.664,0.0,0.0,0.0,0.0,0.0,,0.0,0.0,31.31166754188598,8.355293089029146,0.0,0.3257519520848291,39.99271258299996,31.31166754188598,0.3257519520848291
20260711_164832_170489,bae7bf40726b12938559777771e8ab509aaf37f9f9bad6244622d6e70161ad2e,51,2187632442,1545686444,2187632442,11,500,50,60,5,30,10.0,120,current,Optimized Pattern Generator,dynamic_session,Dynamic Session Pattern Assignment,50,6,360,8534b69413647085b8c9b5270ab08e469ab2c47f265f1fef1c2e7c2f8c0ca053,3699990500,02020fdc2651a8f1edcfe5ea2db6f2082bea6cbf74e9cafb6e045b8fb16e87e1,True,single_only_dtw_off,A1 Ablation) DTW Off,False,500,500,0,0.0,500,456,0,0.912,0.912,0.8935536096133333,3.893333463333333,382.092,420.1,40.07190812501358,500,0,0,0,0,1.0,0.0,0.0,0.0,0.0,1.0,27.664,0.0,0.0,0.0,0.0,0.0,,0.0,0.0,31.378174121127813,8.370930584846064,0.0,0.31946016901929397,40.06856487499317,31.378174121127813,0.31946016901929397
20260711_164832_170489,bae7bf40726b12938559777771e8ab509aaf37f9f9bad6244622d6e70161ad2e,51,2187632442,866312284,2187632442,11,500,50,60,5,30,10.0,120,current,Optimized Pattern Generator,dynamic_session,Dynamic Session Pattern Assignment,50,6,360,8534b69413647085b8c9b5270ab08e469ab2c47f265f1fef1c2e7c2f8c0ca053,3699990500,02020fdc2651a8f1edcfe5ea2db6f2082bea6cbf74e9cafb6e045b8fb16e87e1,True,single_only_step_off,A1 Ablation) Step Signature Off,False,500,500,0,0.0,500,434,0,0.868,0.868,0.20490049461564502,1.0000003100000003,382.092,420.1,40.06230904099357,500,0,0,0,0,1.0,0.0,0.0,0.0,0.0,1.0,27.664,0.0,0.0,0.0,0.0,0.0,,0.0,0.0,31.38027325416624,8.353000398914446,0.0,0.325685512914788,40.058959165995475,31.38027325416624,0.325685512914788
20260711_164832_170489,bae7bf40726b12938559777771e8ab509aaf37f9f9bad6244622d6e70161ad2e,51,2187632442,1815193608,2187632442,11,500,50,60,5,30,10.0,120,current,Optimized Pattern Generator,dynamic_session,Dynamic Session Pattern Assignment,50,6,360,8534b69413647085b8c9b5270ab08e469ab2c47f265f1fef1c2e7c2f8c0ca053,3699990500,02020fdc2651a8f1edcfe5ea2db6f2082bea6cbf74e9cafb6e045b8fb16e87e1,True,single_only_all_off,A1 Ablation) All Waveform Terms Off,False,500,500,0,0.0,500,348,0,0.696,0.696,1.2740002749200001,7.50000045,382.092,420.1,31.665348417009227,500,0,0,0,0,1.0,0.0,0.0,0.0,0.0,1.0,27.664,0.0,0.0,0.0,0.0,0.0,,0.0,0.0,31.31435841890925,0.01994074124377221,0.0,0.3276225488516502,31.661921709004673,31.31435841890925,0.3276225488516502
20260711_164832_170489,bae7bf40726b12938559777771e8ab509aaf37f9f9bad6244622d6e70161ad2e,51,2187632442,2184921363,2187632442,11,500,50,60,5,30,10.0,120,current,Optimized Pattern Generator,dynamic_session,Dynamic Session Pattern Assignment,50,6,360,8534b69413647085b8c9b5270ab08e469ab2c47f265f1fef1c2e7c2f8c0ca053,3699990500,02020fdc2651a8f1edcfe5ea2db6f2082bea6cbf74e9cafb6e045b8fb16e87e1,True,nomura_original_interval_hungarian,A2) Corr+DTW + Hungarian,False,500,500,0,0.0,500,444,0,0.888,0.888,0.09517197075233617,0.5934901959004716,382.092,420.1,51.68462983399513,500,0,0,0,0,1.0,0.0,0.0,0.0,0.0,1.0,27.664,0.0,0.0,0.0,0.0,0.0,,0.0,0.0,31.336593581960187,19.99784223694587,0.0,0.3468176811002195,51.68125350000628,31.336593581960187,0.3468176811002195
20260711_164832_170489,bae7bf40726b12938559777771e8ab509aaf37f9f9bad6244622d6e70161ad2e,51,2187632442,2176353913,2187632442,11,500,50,60,5,30,10.0,120,current,Optimized Pattern Generator,dynamic_session,Dynamic Session Pattern Assignment,50,6,360,8534b69413647085b8c9b5270ab08e469ab2c47f265f1fef1c2e7c2f8c0ca053,3699990500,02020fdc2651a8f1edcfe5ea2db6f2082bea6cbf74e9cafb6e045b8fb16e87e1,True,nomura_original_interval_hungarian_dtw_off,A2 Ablation) DTW Off (Corr-only),False,500,500,0,0.0,500,440,0,0.88,0.88,0.0821492209598334,0.30986404820936936,382.092,420.1,51.64666791600757,500,0,0,0,0,1.0,0.0,0.0,0.0,0.0,1.0,27.664,0.0,0.0,0.0,0.0,0.0,,0.0,0.0,31.361575994786108,19.95868243779114,0.0,0.322984859420103,51.64324329199735,31.361575994786108,0.322984859420103
20260711_164832_170489,bae7bf40726b12938559777771e8ab509aaf37f9f9bad6244622d6e70161ad2e,51,2187632442,1055930901,2187632442,11,500,50,60,5,30,10.0,120,current,Optimized Pattern Generator,dynamic_session,Dynamic Session Pattern Assignment,50,6,360,8534b69413647085b8c9b5270ab08e469ab2c47f265f1fef1c2e7c2f8c0ca053,3699990500,02020fdc2651a8f1edcfe5ea2db6f2082bea6cbf74e9cafb6e045b8fb16e87e1,True,nomura_original_interval_hungarian_corr_off,A2 Ablation) Corr Off (DTW-only),False,500,500,0,0.0,500,385,0,0.77,0.77,0.0023601377121438057,0.3442222399160743,382.092,420.1,51.624771917006,500,0,0,0,0,1.0,0.0,0.0,0.0,0.0,1.0,27.664,0.0,0.0,0.0,0.0,0.0,,0.0,0.0,31.339770261925878,19.951187119848328,0.0,0.3304907852289034,51.62144816700311,31.339770261925878,0.3304907852289034
20260711_164832_170489,bae7bf40726b12938559777771e8ab509aaf37f9f9bad6244622d6e70161ad2e,51,2187632442,542446206,2187632442,11,500,50,60,5,30,10.0,120,current,Optimized Pattern Generator,dynamic_session,Dynamic Session Pattern Assignment,50,6,360,8534b69413647085b8c9b5270ab08e469ab2c47f265f1fef1c2e7c2f8c0ca053,3699990500,02020fdc2651a8f1edcfe5ea2db6f2082bea6cbf74e9cafb6e045b8fb16e87e1,True,nomura_original_interval_hungarian_all_off,A2 Ablation) All Waveform Terms Off,False,500,500,0,0.0,500,348,0,0.696,0.696,1.2740002749200001,7.50000045,382.092,420.1,31.580359375002445,500,0,0,0,0,1.0,0.0,0.0,0.0,0.0,1.0,27.664,0.0,0.0,0.0,0.0,0.0,,0.0,0.0,31.21091205503035,0.01991124298365321,0.0,0.34632315998896956,31.57714645800297,31.21091205503035,0.34632315998896956
20260711_164832_170489,bae7bf40726b12938559777771e8ab509aaf37f9f9bad6244622d6e70161ad2e,51,2187632442,1367392783,2187632442,11,500,50,60,5,30,10.0,120,current,Optimized Pattern Generator,dynamic_session,Dynamic Session Pattern Assignment,50,6,360,8534b69413647085b8c9b5270ab08e469ab2c47f265f1fef1c2e7c2f8c0ca053,3699990500,02020fdc2651a8f1edcfe5ea2db6f2082bea6cbf74e9cafb6e045b8fb16e87e1,True,bayesian_windowed,A3) Two-Stage Bayesian Posterior + Hungarian,False,500,500,0,0.0,500,482,0,0.964,0.964,0.5404362421574042,2.0613997530555115,382.092,420.1,39.17765833300655,500,0,0,0,0,1.0,0.0,0.0,0.0,0.0,1.0,27.664,0.0,0.0,0.0,0.0,0.0,,0.0,0.0,31.459918424850912,7.395122947011259,0.0,0.3191982951393584,39.17423966700153,31.459918424850912,0.3191982951393584
20260711_164832_170489,bae7bf40726b12938559777771e8ab509aaf37f9f9bad6244622d6e70161ad2e,51,2187632442,1977915801,2187632442,11,500,50,60,5,30,10.0,120,current,Optimized Pattern Generator,dynamic_session,Dynamic Session Pattern Assignment,50,6,360,8534b69413647085b8c9b5270ab08e469ab2c47f265f1fef1c2e7c2f8c0ca053,3699990500,02020fdc2651a8f1edcfe5ea2db6f2082bea6cbf74e9cafb6e045b8fb16e87e1,True,bayesian_windowed_memory_off,A3 Ablation) Posterior Memory Off,False,500,500,0,0.0,500,464,0,0.928,0.928,0.8968307232222835,2.2152784762966196,382.092,420.1,39.19531337500666,500,0,0,0,0,1.0,0.0,0.0,0.0,0.0,1.0,27.664,0.0,0.0,0.0,0.0,0.0,,0.0,0.0,31.461617858876707,7.400165196901071,0.0,0.33026219421299174,39.19204524999077,31.461617858876707,0.33026219421299174
20260711_164832_170489,bae7bf40726b12938559777771e8ab509aaf37f9f9bad6244622d6e70161ad2e,51,2187632442,2395032873,2187632442,11,500,50,60,5,30,10.0,120,current,Optimized Pattern Generator,dynamic_session,Dynamic Session Pattern Assignment,50,6,360,8534b69413647085b8c9b5270ab08e469ab2c47f265f1fef1c2e7c2f8c0ca053,3699990500,02020fdc2651a8f1edcfe5ea2db6f2082bea6cbf74e9cafb6e045b8fb16e87e1,True,bayesian_windowed_timeprior_off,A3 Ablation) Time Prior Off,False,500,500,0,0.0,500,482,0,0.964,0.964,0.5431101057854311,2.0613997530555115,382.092,420.1,39.244529332994716,500,0,0,0,0,1.0,0.0,0.0,0.0,0.0,1.0,27.664,0.0,0.0,0.0,0.0,0.0,,0.0,0.0,31.48463145911228,7.411615327029722,0.0,0.3449473388463957,39.2411941249884,31.48463145911228,0.3449473388463957
20260711_164832_170489,bae7bf40726b12938559777771e8ab509aaf37f9f9bad6244622d6e70161ad2e,51,2187632442,433795935,2187632442,11,500,50,60,5,30,10.0,120,current,Optimized Pattern Generator,dynamic_session,Dynamic Session Pattern Assignment,50,6,360,8534b69413647085b8c9b5270ab08e469ab2c47f265f1fef1c2e7c2f8c0ca053,3699990500,02020fdc2651a8f1edcfe5ea2db6f2082bea6cbf74e9cafb6e045b8fb16e87e1,True,bayesian_windowed_all_off,A3 Ablation) Time Prior + Memory Off,False,500,500,0,0.0,500,464,0,0.928,0.928,0.898034591480666,2.2152784762966196,382.092,420.1,39.19964524998795,500,0,0,0,0,1.0,0.0,0.0,0.0,0.0,1.0,27.664,0.0,0.0,0.0,0.0,0.0,,0.0,0.0,31.47532415702881,7.391273443965474,0.0,0.329714983003214,39.196312583997496,31.47532415702881,0.329714983003214
20260711_164832_170489,bae7bf40726b12938559777771e8ab509aaf37f9f9bad6244622d6e70161ad2e,52,2187632443,1233724823,2187632443,12,500,50,60,5,30,10.0,120,current,Optimized Pattern Generator,dynamic_session,Dynamic Session Pattern Assignment,50,6,360,10c9f7e9e5cfed703c39f682dbb2460d5a62560322539c94771de24df39fad29,3699990501,24b32a2aaf8fde4ed42f35b30dfb8dc76834b93d97c062e8bb4f7c25d07a33a2,True,single_only,A1) Refined Cost + Greedy 1:1,True,500,500,0,0.0,500,470,0,0.94,0.94,1.0885485556947028,8.632255109798693,382.004,420.1,40.95483258301101,500,0,0,0,0,1.0,0.0,0.0,0.0,0.0,1.0,28.102,0.0,0.0,0.0,0.0,0.0,,0.0,0.0,32.11772123306582,8.506312690034974,0.0,0.32736386789474636,40.95139779099554,32.11772123306582,0.32736386789474636
20260711_164832_170489,bae7bf40726b12938559777771e8ab509aaf37f9f9bad6244622d6e70161ad2e,52,2187632443,1545686445,2187632443,12,500,50,60,5,30,10.0,120,current,Optimized Pattern Generator,dynamic_session,Dynamic Session Pattern Assignment,50,6,360,10c9f7e9e5cfed703c39f682dbb2460d5a62560322539c94771de24df39fad29,3699990501,24b32a2aaf8fde4ed42f35b30dfb8dc76834b93d97c062e8bb4f7c25d07a33a2,True,single_only_dtw_off,A1 Ablation) DTW Off,False,500,500,0,0.0,500,453,0,0.906,0.906,0.8321936047133334,7.28000032,382.004,420.1,40.9822089579975,500,0,0,0,0,1.0,0.0,0.0,0.0,0.0,1.0,28.102,0.0,0.0,0.0,0.0,0.0,,0.0,0.0,32.14843994590046,8.509881953985314,0.0,0.32025985010841396,40.97858174999419,32.14843994590046,0.32025985010841396
20260711_164832_170489,bae7bf40726b12938559777771e8ab509aaf37f9f9bad6244622d6e70161ad2e,52,2187632443,866312285,2187632443,12,500,50,60,5,30,10.0,120,current,Optimized Pattern Generator,dynamic_session,Dynamic Session Pattern Assignment,50,6,360,10c9f7e9e5cfed703c39f682dbb2460d5a62560322539c94771de24df39fad29,3699990501,24b32a2aaf8fde4ed42f35b30dfb8dc76834b93d97c062e8bb4f7c25d07a33a2,True,single_only_step_off,A1 Ablation) Step Signature Off,False,500,500,0,0.0,500,434,0,0.868,0.868,0.19341463406467557,1.0000004899999995,382.004,420.1,41.00116245899699,500,0,0,0,0,1.0,0.0,0.0,0.0,0.0,1.0,28.102,0.0,0.0,0.0,0.0,0.0,,0.0,0.0,32.15469940791081,8.499906485143583,0.0,0.34331981594732497,40.99792570900172,32.15469940791081,0.34331981594732497
20260711_164832_170489,bae7bf40726b12938559777771e8ab509aaf37f9f9bad6244622d6e70161ad2e,52,2187632443,1815193609,2187632443,12,500,50,60,5,30,10.0,120,current,Optimized Pattern Generator,dynamic_session,Dynamic Session Pattern Assignment,50,6,360,10c9f7e9e5cfed703c39f682dbb2460d5a62560322539c94771de24df39fad29,3699990501,24b32a2aaf8fde4ed42f35b30dfb8dc76834b93d97c062e8bb4f7c25d07a33a2,True,single_only_all_off,A1 Ablation) All Waveform Terms Off,False,500,500,0,0.0,500,340,0,0.68,0.68,1.2812002693200002,8.30000038,382.004,420.1,32.37563474998751,500,0,0,0,0,1.0,0.0,0.0,0.0,0.0,1.0,28.102,0.0,0.0,0.0,0.0,0.0,,0.0,0.0,32.03170266195957,0.020233196177287027,0.0,0.3203758498566458,32.372311707993504,32.03170266195957,0.3203758498566458
20260711_164832_170489,bae7bf40726b12938559777771e8ab509aaf37f9f9bad6244622d6e70161ad2e,52,2187632443,2184921362,2187632443,12,500,50,60,5,30,10.0,120,current,Optimized Pattern Generator,dynamic_session,Dynamic Session Pattern Assignment,50,6,360,10c9f7e9e5cfed703c39f682dbb2460d5a62560322539c94771de24df39fad29,3699990501,24b32a2aaf8fde4ed42f35b30dfb8dc76834b93d97c062e8bb4f7c25d07a33a2,True,nomura_original_interval_hungarian,A2) Corr+DTW + Hungarian,False,500,500,0,0.0,500,446,0,0.892,0.892,0.0896754060089936,0.45574070109996523,382.004,420.1,52.76165787500213,500,0,0,0,0,1.0,0.0,0.0,0.0,0.0,1.0,28.102,0.0,0.0,0.0,0.0,0.0,,0.0,0.0,32.14926192704297,20.278036070856615,0.0,0.33087500210967846,52.758173000009265,32.14926192704297,0.33087500210967846
20260711_164832_170489,bae7bf40726b12938559777771e8ab509aaf37f9f9bad6244622d6e70161ad2e,52,2187632443,2176353912,2187632443,12,500,50,60,5,30,10.0,120,current,Optimized Pattern Generator,dynamic_session,Dynamic Session Pattern Assignment,50,6,360,10c9f7e9e5cfed703c39f682dbb2460d5a62560322539c94771de24df39fad29,3699990501,24b32a2aaf8fde4ed42f35b30dfb8dc76834b93d97c062e8bb4f7c25d07a33a2,True,nomura_original_interval_hungarian_dtw_off,A2 Ablation) DTW Off (Corr-only),False,500,500,0,0.0,500,439,0,0.878,0.878,0.07703743558851427,0.3192031523551622,382.004,420.1,52.600604958002805,500,0,0,0,0,1.0,0.0,0.0,0.0,0.0,1.0,28.102,0.0,0.0,0.0,0.0,0.0,,0.0,0.0,32.0453120880411,20.21292882481066,0.0,0.3387401701620547,52.596981083013816,32.0453120880411,0.3387401701620547
20260711_164832_170489,bae7bf40726b12938559777771e8ab509aaf37f9f9bad6244622d6e70161ad2e,52,2187632443,1055930900,2187632443,12,500,50,60,5,30,10.0,120,current,Optimized Pattern Generator,dynamic_session,Dynamic Session Pattern Assignment,50,6,360,10c9f7e9e5cfed703c39f682dbb2460d5a62560322539c94771de24df39fad29,3699990501,24b32a2aaf8fde4ed42f35b30dfb8dc76834b93d97c062e8bb4f7c25d07a33a2,True,nomura_original_interval_hungarian_corr_off,A2 Ablation) Corr Off (DTW-only),False,500,500,0,0.0,500,383,0,0.766,0.766,0.0016955597916379608,0.24411971629235124,382.004,420.1,52.743320499997935,500,0,0,0,0,1.0,0.0,0.0,0.0,0.0,1.0,28.102,0.0,0.0,0.0,0.0,0.0,,0.0,0.0,32.1034054147749,20.302947828939068,0.0,0.33350488128780853,52.739858125001774,32.1034054147749,0.33350488128780853
20260711_164832_170489,bae7bf40726b12938559777771e8ab509aaf37f9f9bad6244622d6e70161ad2e,52,2187632443,542446207,2187632443,12,500,50,60,5,30,10.0,120,current,Optimized Pattern Generator,dynamic_session,Dynamic Session Pattern Assignment,50,6,360,10c9f7e9e5cfed703c39f682dbb2460d5a62560322539c94771de24df39fad29,3699990501,24b32a2aaf8fde4ed42f35b30dfb8dc76834b93d97c062e8bb4f7c25d07a33a2,True,nomura_original_interval_hungarian_all_off,A2 Ablation) All Waveform Terms Off,False,500,500,0,0.0,500,340,0,0.68,0.68,1.2812002693200002,8.30000038,382.004,420.1,32.57645254199451,500,0,0,0,0,1.0,0.0,0.0,0.0,0.0,1.0,28.102,0.0,0.0,0.0,0.0,0.0,,0.0,0.0,32.23172790989338,0.0208911569789052,0.0,0.32065526612859685,32.57327433300088,32.23172790989338,0.32065526612859685
20260711_164832_170489,bae7bf40726b12938559777771e8ab509aaf37f9f9bad6244622d6e70161ad2e,52,2187632443,1367392782,2187632443,12,500,50,60,5,30,10.0,120,current,Optimized Pattern Generator,dynamic_session,Dynamic Session Pattern Assignment,50,6,360,10c9f7e9e5cfed703c39f682dbb2460d5a62560322539c94771de24df39fad29,3699990501,24b32a2aaf8fde4ed42f35b30dfb8dc76834b93d97c062e8bb4f7c25d07a33a2,True,bayesian_windowed,A3) Two-Stage Bayesian Posterior + Hungarian,False,500,500,0,0.0,500,485,0,0.97,0.97,0.5725778207260371,1.7764188229244182,382.004,420.1,40.02370708298986,500,0,0,0,0,1.0,0.0,0.0,0.0,0.0,1.0,28.102,0.0,0.0,0.0,0.0,0.0,,0.0,0.0,32.1781511198642,7.503166246038745,0.0,0.3389547591068549,40.0202721250098,32.1781511198642,0.3389547591068549
20260711_164832_170489,bae7bf40726b12938559777771e8ab509aaf37f9f9bad6244622d6e70161ad2e,52,2187632443,1977915800,2187632443,12,500,50,60,5,30,10.0,120,current,Optimized Pattern Generator,dynamic_session,Dynamic Session Pattern Assignment,50,6,360,10c9f7e9e5cfed703c39f682dbb2460d5a62560322539c94771de24df39fad29,3699990501,24b32a2aaf8fde4ed42f35b30dfb8dc76834b93d97c062e8bb4f7c25d07a33a2,True,bayesian_windowed_memory_off,A3 Ablation) Posterior Memory Off,False,500,500,0,0.0,500,470,0,0.94,0.94,0.9273181935311042,2.2131787069663806,382.004,420.1,40.05287104099989,500,0,0,0,0,1.0,0.0,0.0,0.0,0.0,1.0,28.102,0.0,0.0,0.0,0.0,0.0,,0.0,0.0,32.20855974484584,7.517881665247842,0.0,0.32308646489400417,40.04952787498769,32.20855974484584,0.32308646489400417
20260711_164832_170489,bae7bf40726b12938559777771e8ab509aaf37f9f9bad6244622d6e70161ad2e,52,2187632443,2395032872,2187632443,12,500,50,60,5,30,10.0,120,current,Optimized Pattern Generator,dynamic_session,Dynamic Session Pattern Assignment,50,6,360,10c9f7e9e5cfed703c39f682dbb2460d5a62560322539c94771de24df39fad29,3699990501,24b32a2aaf8fde4ed42f35b30dfb8dc76834b93d97c062e8bb4f7c25d07a33a2,True,bayesian_windowed_timeprior_off,A3 Ablation) Time Prior Off,False,500,500,0,0.0,500,484,0,0.968,0.968,0.5763366036675667,1.7807335182805268,382.004,420.1,40.02640400000382,500,0,0,0,0,1.0,0.0,0.0,0.0,0.0,1.0,28.102,0.0,0.0,0.0,0.0,0.0,,0.0,0.0,32.19505601309356,7.506715984942275,0.0,0.3213759189675329,40.02314791700337,32.19505601309356,0.3213759189675329
20260711_164832_170489,bae7bf40726b12938559777771e8ab509aaf37f9f9bad6244622d6e70161ad2e,52,2187632443,433795934,2187632443,12,500,50,60,5,30,10.0,120,current,Optimized Pattern Generator,dynamic_session,Dynamic Session Pattern Assignment,50,6,360,10c9f7e9e5cfed703c39f682dbb2460d5a62560322539c94771de24df39fad29,3699990501,24b32a2aaf8fde4ed42f35b30dfb8dc76834b93d97c062e8bb4f7c25d07a33a2,True,bayesian_windowed_all_off,A3 Ablation) Time Prior + Memory Off,False,500,500,0,0.0,500,470,0,0.94,0.94,0.9288621683318894,2.2131787069663806,382.004,420.1,39.99524091700732,500,0,0,0,0,1.0,0.0,0.0,0.0,0.0,1.0,28.102,0.0,0.0,0.0,0.0,0.0,,0.0,0.0,32.14535788477224,7.517245572133106,0.0,0.32914666809665505,39.991750125002,32.14535788477224,0.32914666809665505
20260711_164832_170489,bae7bf40726b12938559777771e8ab509aaf37f9f9bad6244622d6e70161ad2e,53,2187632444,1233724816,2187632444,13,500,50,60,5,30,10.0,120,current,Optimized Pattern Generator,dynamic_session,Dynamic Session Pattern Assignment,50,6,360,dab6a89ff6292a73f267137ee625dcc5b33e8e7943caa3e8c3f87f577fa1e0b8,3699990498,a86a101c151e2a2a82ce69979fda19e51e9f9fe0fea8279c846482c6f1269745,True,single_only,A1) Refined Cost + Greedy 1:1,True,500,500,0,0.0,500,478,0,0.956,0.956,1.0359320233954386,9.924874842027805,381.578,420.1,41.50861341599375,500,0,0,0,0,1.0,0.0,0.0,0.0,0.0,1.0,28.644,0.0,0.0,0.0,0.0,0.0,,0.0,0.0,32.556939372138004,8.624978203035425,0.0,0.323234091833001,41.50515166700643,32.556939372138004,0.323234091833001
20260711_164832_170489,bae7bf40726b12938559777771e8ab509aaf37f9f9bad6244622d6e70161ad2e,53,2187632444,1545686442,2187632444,13,500,50,60,5,30,10.0,120,current,Optimized Pattern Generator,dynamic_session,Dynamic Session Pattern Assignment,50,6,360,dab6a89ff6292a73f267137ee625dcc5b33e8e7943caa3e8c3f87f577fa1e0b8,3699990498,a86a101c151e2a2a82ce69979fda19e51e9f9fe0fea8279c846482c6f1269745,True,single_only_dtw_off,A1 Ablation) DTW Off,False,500,500,0,0.0,500,462,0,0.924,0.924,0.8174136006733335,8.05000043,381.578,420.1,41.661421292010345,500,0,0,0,0,1.0,0.0,0.0,0.0,0.0,1.0,28.644,0.0,0.0,0.0,0.0,0.0,,0.0,0.0,32.66603390905948,8.662529329143581,0.0,0.3294484288053354,41.658011667008395,32.66603390905948,0.3294484288053354
20260711_164832_170489,bae7bf40726b12938559777771e8ab509aaf37f9f9bad6244622d6e70161ad2e,53,2187632444,866312282,2187632444,13,500,50,60,5,30,10.0,120,current,Optimized Pattern Generator,dynamic_session,Dynamic Session Pattern Assignment,50,6,360,dab6a89ff6292a73f267137ee625dcc5b33e8e7943caa3e8c3f87f577fa1e0b8,3699990498,a86a101c151e2a2a82ce69979fda19e51e9f9fe0fea8279c846482c6f1269745,True,single_only_step_off,A1 Ablation) Step Signature Off,False,500,500,0,0.0,500,450,0,0.9,0.9,0.1720289901064966,0.9433171307566006,381.578,420.1,41.76958933399874,500,0,0,0,0,1.0,0.0,0.0,0.0,0.0,1.0,28.644,0.0,0.0,0.0,0.0,0.0,,0.0,0.0,32.73653682311124,8.705792204622412,0.0,0.3237752222630661,41.766104249996715,32.73653682311124,0.3237752222630661
20260711_164832_170489,bae7bf40726b12938559777771e8ab509aaf37f9f9bad6244622d6e70161ad2e,53,2187632444,1815193614,2187632444,13,500,50,60,5,30,10.0,120,current,Optimized Pattern Generator,dynamic_session,Dynamic Session Pattern Assignment,50,6,360,dab6a89ff6292a73f267137ee625dcc5b33e8e7943caa3e8c3f87f577fa1e0b8,3699990498,a86a101c151e2a2a82ce69979fda19e51e9f9fe0fea8279c846482c6f1269745,True,single_only_all_off,A1 Ablation) All Waveform Terms Off,False,500,500,0,0.0,500,357,0,0.714,0.714,1.20140027088,7.6000004400000005,381.578,420.1,32.803806958007044,500,0,0,0,0,1.0,0.0,0.0,0.0,0.0,1.0,28.644,0.0,0.0,0.0,0.0,0.0,,0.0,0.0,32.4276026180014,0.02064237392914947,0.0,0.3520817580720177,32.80032675000257,32.4276026180014,0.3520817580720177
20260711_164832_170489,bae7bf40726b12938559777771e8ab509aaf37f9f9bad6244622d6e70161ad2e,53,2187632444,2184921365,2187632444,13,500,50,60,5,30,10.0,120,current,Optimized Pattern Generator,dynamic_session,Dynamic Session Pattern Assignment,50,6,360,dab6a89ff6292a73f267137ee625dcc5b33e8e7943caa3e8c3f87f577fa1e0b8,3699990498,a86a101c151e2a2a82ce69979fda19e51e9f9fe0fea8279c846482c6f1269745,True,nomura_original_interval_hungarian,A2) Corr+DTW + Hungarian,False,500,500,0,0.0,500,469,0,0.938,0.938,0.08243399215114415,0.4221623062279825,381.578,420.1,53.63191083300626,500,0,0,0,0,1.0,0.0,0.0,0.0,0.0,1.0,28.644,0.0,0.0,0.0,0.0,0.0,,0.0,0.0,32.5595270430058,20.737164983787807,0.0,0.3318382232100703,53.62853025000368,32.5595270430058,0.3318382232100703
20260711_164832_170489,bae7bf40726b12938559777771e8ab509aaf37f9f9bad6244622d6e70161ad2e,53,2187632444,2176353919,2187632444,13,500,50,60,5,30,10.0,120,current,Optimized Pattern Generator,dynamic_session,Dynamic Session Pattern Assignment,50,6,360,dab6a89ff6292a73f267137ee625dcc5b33e8e7943caa3e8c3f87f577fa1e0b8,3699990498,a86a101c151e2a2a82ce69979fda19e51e9f9fe0fea8279c846482c6f1269745,True,nomura_original_interval_hungarian_dtw_off,A2 Ablation) DTW Off (Corr-only),False,500,500,0,0.0,500,456,0,0.912,0.912,0.07282847531865892,0.28683627235147324,381.578,420.1,53.46271529200021,500,0,0,0,0,1.0,0.0,0.0,0.0,0.0,1.0,28.644,0.0,0.0,0.0,0.0,0.0,,0.0,0.0,32.49710891902214,20.632958154848893,0.0,0.32905259312246926,53.4591196669935,32.49710891902214,0.32905259312246926
20260711_164832_170489,bae7bf40726b12938559777771e8ab509aaf37f9f9bad6244622d6e70161ad2e,53,2187632444,1055930899,2187632444,13,500,50,60,5,30,10.0,120,current,Optimized Pattern Generator,dynamic_session,Dynamic Session Pattern Assignment,50,6,360,dab6a89ff6292a73f267137ee625dcc5b33e8e7943caa3e8c3f87f577fa1e0b8,3699990498,a86a101c151e2a2a82ce69979fda19e51e9f9fe0fea8279c846482c6f1269745,True,nomura_original_interval_hungarian_corr_off,A2 Ablation) Corr Off (DTW-only),False,500,500,0,0.0,500,400,0,0.8,0.8,0.0013696394614530595,0.12427726175646855,381.578,420.1,53.51923433299817,500,0,0,0,0,1.0,0.0,0.0,0.0,0.0,1.0,28.644,0.0,0.0,0.0,0.0,0.0,,0.0,0.0,32.435419521832955,20.730551170068793,0.0,0.34987568309588823,53.515846374997636,32.435419521832955,0.34987568309588823
20260711_164832_170489,bae7bf40726b12938559777771e8ab509aaf37f9f9bad6244622d6e70161ad2e,53,2187632444,542446200,2187632444,13,500,50,60,5,30,10.0,120,current,Optimized Pattern Generator,dynamic_session,Dynamic Session Pattern Assignment,50,6,360,dab6a89ff6292a73f267137ee625dcc5b33e8e7943caa3e8c3f87f577fa1e0b8,3699990498,a86a101c151e2a2a82ce69979fda19e51e9f9fe0fea8279c846482c6f1269745,True,nomura_original_interval_hungarian_all_off,A2 Ablation) All Waveform Terms Off,False,500,500,0,0.0,500,357,0,0.714,0.714,1.20140027088,7.6000004400000005,381.578,420.1,32.73556620799354,500,0,0,0,0,1.0,0.0,0.0,0.0,0.0,1.0,28.644,0.0,0.0,0.0,0.0,0.0,,0.0,0.0,32.38232003309531,0.020645654745749198,0.0,0.3292732711561257,32.732238958997186,32.38232003309531,0.3292732711561257
20260711_164832_170489,bae7bf40726b12938559777771e8ab509aaf37f9f9bad6244622d6e70161ad2e,53,2187632444,1367392777,2187632444,13,500,50,60,5,30,10.0,120,current,Optimized Pattern Generator,dynamic_session,Dynamic Session Pattern Assignment,50,6,360,dab6a89ff6292a73f267137ee625dcc5b33e8e7943caa3e8c3f87f577fa1e0b8,3699990498,a86a101c151e2a2a82ce69979fda19e51e9f9fe0fea8279c846482c6f1269745,True,bayesian_windowed,A3) Two-Stage Bayesian Posterior + Hungarian,False,500,500,0,0.0,500,489,0,0.978,0.978,0.5703029375793115,1.862092149307938,381.578,420.1,40.58457858400652,500,0,0,0,0,1.0,0.0,0.0,0.0,0.0,1.0,28.644,0.0,0.0,0.0,0.0,0.0,,0.0,0.0,32.60396904814115,7.656450823997147,0.0,0.32088341885537375,40.581303290993674,32.60396904814115,0.32088341885537375
20260711_164832_170489,bae7bf40726b12938559777771e8ab509aaf37f9f9bad6244622d6e70161ad2e,53,2187632444,1977915807,2187632444,13,500,50,60,5,30,10.0,120,current,Optimized Pattern Generator,dynamic_session,Dynamic Session Pattern Assignment,50,6,360,dab6a89ff6292a73f267137ee625dcc5b33e8e7943caa3e8c3f87f577fa1e0b8,3699990498,a86a101c151e2a2a82ce69979fda19e51e9f9fe0fea8279c846482c6f1269745,True,bayesian_windowed_memory_off,A3 Ablation) Posterior Memory Off,False,500,500,0,0.0,500,479,0,0.958,0.958,0.9408835466720535,2.240951129287104,381.578,420.1,40.6020335409994,500,0,0,0,0,1.0,0.0,0.0,0.0,0.0,1.0,28.644,0.0,0.0,0.0,0.0,0.0,,0.0,0.0,32.606029124959605,7.655711206039996,0.0,0.3369233359990176,40.59866366699862,32.606029124959605,0.3369233359990176
20260711_164832_170489,bae7bf40726b12938559777771e8ab509aaf37f9f9bad6244622d6e70161ad2e,53,2187632444,2395032879,2187632444,13,500,50,60,5,30,10.0,120,current,Optimized Pattern Generator,dynamic_session,Dynamic Session Pattern Assignment,50,6,360,dab6a89ff6292a73f267137ee625dcc5b33e8e7943caa3e8c3f87f577fa1e0b8,3699990498,a86a101c151e2a2a82ce69979fda19e51e9f9fe0fea8279c846482c6f1269745,True,bayesian_windowed_timeprior_off,A3 Ablation) Time Prior Off,False,500,500,0,0.0,500,489,0,0.978,0.978,0.5749847733053491,1.8661296090673167,381.578,420.1,40.61395749999792,500,0,0,0,0,1.0,0.0,0.0,0.0,0.0,1.0,28.644,0.0,0.0,0.0,0.0,0.0,,0.0,0.0,32.61266188317677,7.668277450153255,0.0,0.3296729166759178,40.61061225000594,32.61266188317677,0.3296729166759178
20260711_164832_170489,bae7bf40726b12938559777771e8ab509aaf37f9f9bad6244622d6e70161ad2e,53,2187632444,433795929,2187632444,13,500,50,60,5,30,10.0,120,current,Optimized Pattern Generator,dynamic_session,Dynamic Session Pattern Assignment,50,6,360,dab6a89ff6292a73f267137ee625dcc5b33e8e7943caa3e8c3f87f577fa1e0b8,3699990498,a86a101c151e2a2a82ce69979fda19e51e9f9fe0fea8279c846482c6f1269745,True,bayesian_windowed_all_off,A3 Ablation) Time Prior + Memory Off,False,500,500,0,0.0,500,478,0,0.956,0.956,0.9426791745267871,2.2413848610548768,381.578,420.1,40.60699108400149,500,0,0,0,0,1.0,0.0,0.0,0.0,0.0,1.0,28.644,0.0,0.0,0.0,0.0,0.0,,0.0,0.0,32.628655659995275,7.654946360169561,0.0,0.32003206384251826,40.60363408400735,32.628655659995275,0.32003206384251826
20260711_164832_170489,bae7bf40726b12938559777771e8ab509aaf37f9f9bad6244622d6e70161ad2e,54,2187632445,1233724817,2187632445,14,500,50,60,5,30,10.0,120,current,Optimized Pattern Generator,dynamic_session,Dynamic Session Pattern Assignment,50,6,360,0d25ee4e95dabf20f09d67e5981c2b54c2c8d35071ffc24423cdc89b795336d7,3699990499,da2c24a876b8c096974f73a80a77b7a31efff9ebdde94d2c33b92d5b82601440,True,single_only,A1) Refined Cost + Greedy 1:1,True,500,500,0,0.0,500,463,0,0.926,0.926,1.1881125142108437,7.0043938344739,381.848,420.1,41.64667558300425,500,0,0,0,0,1.0,0.0,0.0,0.0,0.0,1.0,28.734,0.0,0.0,0.0,0.0,0.0,,0.0,0.0,32.650913463090546,8.6670962471253,0.0,0.32541795578435995,41.64342766600021,32.650913463090546,0.32541795578435995
20260711_164832_170489,bae7bf40726b12938559777771e8ab509aaf37f9f9bad6244622d6e70161ad2e,54,2187632445,1545686443,2187632445,14,500,50,60,5,30,10.0,120,current,Optimized Pattern Generator,dynamic_session,Dynamic Session Pattern Assignment,50,6,360,0d25ee4e95dabf20f09d67e5981c2b54c2c8d35071ffc24423cdc89b795336d7,3699990499,da2c24a876b8c096974f73a80a77b7a31efff9ebdde94d2c33b92d5b82601440,True,single_only_dtw_off,A1 Ablation) DTW Off,False,500,500,0,0.0,500,445,0,0.89,0.89,0.9086936073533334,6.213333543333333,381.848,420.1,41.77140058299119,500,0,0,0,0,1.0,0.0,0.0,0.0,0.0,1.0,28.734,0.0,0.0,0.0,0.0,0.0,,0.0,0.0,32.75196488689107,8.674662239005556,0.0,0.3413689990993589,41.76799612499599,32.75196488689107,0.3413689990993589
20260711_164832_170489,bae7bf40726b12938559777771e8ab509aaf37f9f9bad6244622d6e70161ad2e,54,2187632445,866312283,2187632445,14,500,50,60,5,30,10.0,120,current,Optimized Pattern Generator,dynamic_session,Dynamic Session Pattern Assignment,50,6,360,0d25ee4e95dabf20f09d67e5981c2b54c2c8d35071ffc24423cdc89b795336d7,3699990499,da2c24a876b8c096974f73a80a77b7a31efff9ebdde94d2c33b92d5b82601440,True,single_only_step_off,A1 Ablation) Step Signature Off,False,500,500,0,0.0,500,410,0,0.82,0.82,0.20386528251331884,1.0722797304332754,381.848,420.1,41.7131704170024,500,0,0,0,0,1.0,0.0,0.0,0.0,0.0,1.0,28.734,0.0,0.0,0.0,0.0,0.0,,0.0,0.0,32.700340894050896,8.683035992216901,0.0,0.3262331557343714,41.70961004200217,32.700340894050896,0.3262331557343714
20260711_164832_170489,bae7bf40726b12938559777771e8ab509aaf37f9f9bad6244622d6e70161ad2e,54,2187632445,1815193615,2187632445,14,500,50,60,5,30,10.0,120,current,Optimized Pattern Generator,dynamic_session,Dynamic Session Pattern Assignment,50,6,360,0d25ee4e95dabf20f09d67e5981c2b54c2c8d35071ffc24423cdc89b795336d7,3699990499,da2c24a876b8c096974f73a80a77b7a31efff9ebdde94d2c33b92d5b82601440,True,single_only_all_off,A1 Ablation) All Waveform Terms Off,False,500,500,0,0.0,500,353,0,0.706,0.706,1.2582002804999999,8.700000330000002,381.848,420.1,32.880640957999276,500,0,0,0,0,1.0,0.0,0.0,0.0,0.0,1.0,28.734,0.0,0.0,0.0,0.0,0.0,,0.0,0.0,32.5272526548506,0.020420658969669603,0.0,0.3294744781742338,32.8771477919945,32.5272526548506,0.3294744781742338
20260711_164832_170489,bae7bf40726b12938559777771e8ab509aaf37f9f9bad6244622d6e70161ad2e,54,2187632445,2184921364,2187632445,14,500,50,60,5,30,10.0,120,current,Optimized Pattern Generator,dynamic_session,Dynamic Session Pattern Assignment,50,6,360,0d25ee4e95dabf20f09d67e5981c2b54c2c8d35071ffc24423cdc89b795336d7,3699990499,da2c24a876b8c096974f73a80a77b7a31efff9ebdde94d2c33b92d5b82601440,True,nomura_original_interval_hungarian,A2) Corr+DTW + Hungarian,False,500,500,0,0.0,500,435,0,0.87,0.87,0.09128932303758379,0.4180493397552872,381.848,420.1,53.83593354100594,500,0,0,0,0,1.0,0.0,0.0,0.0,0.0,1.0,28.734,0.0,0.0,0.0,0.0,0.0,,0.0,0.0,32.7224669999996,20.769836084000417,0.0,0.3402077070059022,53.832510791005916,32.7224669999996,0.3402077070059022
20260711_164832_170489,bae7bf40726b12938559777771e8ab509aaf37f9f9bad6244622d6e70161ad2e,54,2187632445,2176353918,2187632445,14,500,50,60,5,30,10.0,120,current,Optimized Pattern Generator,dynamic_session,Dynamic Session Pattern Assignment,50,6,360,0d25ee4e95dabf20f09d67e5981c2b54c2c8d35071ffc24423cdc89b795336d7,3699990499,da2c24a876b8c096974f73a80a77b7a31efff9ebdde94d2c33b92d5b82601440,True,nomura_original_interval_hungarian_dtw_off,A2 Ablation) DTW Off (Corr-only),False,500,500,0,0.0,500,428,0,0.856,0.856,0.08027534820260197,0.3086079614866932,381.848,420.1,53.60150891599187,500,0,0,0,0,1.0,0.0,0.0,0.0,0.0,1.0,28.734,0.0,0.0,0.0,0.0,0.0,,0.0,0.0,32.62617930202396,20.63940094395366,0.0,0.33242500403139275,53.59800525000901,32.62617930202396,0.33242500403139275
20260711_164832_170489,bae7bf40726b12938559777771e8ab509aaf37f9f9bad6244622d6e70161ad2e,54,2187632445,1055930898,2187632445,14,500,50,60,5,30,10.0,120,current,Optimized Pattern Generator,dynamic_session,Dynamic Session Pattern Assignment,50,6,360,0d25ee4e95dabf20f09d67e5981c2b54c2c8d35071ffc24423cdc89b795336d7,3699990499,da2c24a876b8c096974f73a80a77b7a31efff9ebdde94d2c33b92d5b82601440,True,nomura_original_interval_hungarian_corr_off,A2 Ablation) Corr Off (DTW-only),False,500,500,0,0.0,500,384,0,0.768,0.768,0.0016675006606184537,0.16715693260787207,381.848,420.1,53.75345441600075,500,0,0,0,0,1.0,0.0,0.0,0.0,0.0,1.0,28.734,0.0,0.0,0.0,0.0,0.0,,0.0,0.0,32.65618083180743,20.7687731992919,0.0,0.3250495099055115,53.750003541004844,32.65618083180743,0.3250495099055115
20260711_164832_170489,bae7bf40726b12938559777771e8ab509aaf37f9f9bad6244622d6e70161ad2e,54,2187632445,542446201,2187632445,14,500,50,60,5,30,10.0,120,current,Optimized Pattern Generator,dynamic_session,Dynamic Session Pattern Assignment,50,6,360,0d25ee4e95dabf20f09d67e5981c2b54c2c8d35071ffc24423cdc89b795336d7,3699990499,da2c24a876b8c096974f73a80a77b7a31efff9ebdde94d2c33b92d5b82601440,True,nomura_original_interval_hungarian_all_off,A2 Ablation) All Waveform Terms Off,False,500,500,0,0.0,500,353,0,0.706,0.706,1.2582002804999999,8.700000330000002,381.848,420.1,32.99373091700545,500,0,0,0,0,1.0,0.0,0.0,0.0,0.0,1.0,28.734,0.0,0.0,0.0,0.0,0.0,,0.0,0.0,32.63231112599897,0.020325871257227845,0.0,0.3377712107467232,32.99040820800292,32.63231112599897,0.3377712107467232
20260711_164832_170489,bae7bf40726b12938559777771e8ab509aaf37f9f9bad6244622d6e70161ad2e,54,2187632445,1367392776,2187632445,14,500,50,60,5,30,10.0,120,current,Optimized Pattern Generator,dynamic_session,Dynamic Session Pattern Assignment,50,6,360,0d25ee4e95dabf20f09d67e5981c2b54c2c8d35071ffc24423cdc89b795336d7,3699990499,da2c24a876b8c096974f73a80a77b7a31efff9ebdde94d2c33b92d5b82601440,True,bayesian_windowed,A3) Two-Stage Bayesian Posterior + Hungarian,False,500,500,0,0.0,500,484,0,0.968,0.968,0.560509940243244,1.9230919991654798,381.848,420.1,40.692166833003284,500,0,0,0,0,1.0,0.0,0.0,0.0,0.0,1.0,28.734,0.0,0.0,0.0,0.0,0.0,,0.0,0.0,32.704413191997446,7.663152866211021,0.0,0.32119619179866277,40.68876225000713,32.704413191997446,0.32119619179866277
20260711_164832_170489,bae7bf40726b12938559777771e8ab509aaf37f9f9bad6244622d6e70161ad2e,54,2187632445,1977915806,2187632445,14,500,50,60,5,30,10.0,120,current,Optimized Pattern Generator,dynamic_session,Dynamic Session Pattern Assignment,50,6,360,0d25ee4e95dabf20f09d67e5981c2b54c2c8d35071ffc24423cdc89b795336d7,3699990499,da2c24a876b8c096974f73a80a77b7a31efff9ebdde94d2c33b92d5b82601440,True,bayesian_windowed_memory_off,A3 Ablation) Posterior Memory Off,False,500,500,0,0.0,500,463,0,0.926,0.926,0.9321409190385993,2.264682879925557,381.848,420.1,40.81183920899639,500,0,0,0,0,1.0,0.0,0.0,0.0,0.0,1.0,28.734,0.0,0.0,0.0,0.0,0.0,,0.0,0.0,32.795634475914994,7.691650771012064,0.0,0.32117021108570043,40.80845545801276,32.795634475914994,0.32117021108570043
20260711_164832_170489,bae7bf40726b12938559777771e8ab509aaf37f9f9bad6244622d6e70161ad2e,54,2187632445,2395032878,2187632445,14,500,50,60,5,30,10.0,120,current,Optimized Pattern Generator,dynamic_session,Dynamic Session Pattern Assignment,50,6,360,0d25ee4e95dabf20f09d67e5981c2b54c2c8d35071ffc24423cdc89b795336d7,3699990499,da2c24a876b8c096974f73a80a77b7a31efff9ebdde94d2c33b92d5b82601440,True,bayesian_windowed_timeprior_off,A3 Ablation) Time Prior Off,False,500,500,0,0.0,500,484,0,0.968,0.968,0.5637711933248948,1.9230919991654798,381.848,420.1,40.79043100000126,500,0,0,0,0,1.0,0.0,0.0,0.0,0.0,1.0,28.734,0.0,0.0,0.0,0.0,0.0,,0.0,0.0,32.78234570592758,7.681822563215974,0.0,0.32287785585504025,40.7870461249986,32.78234570592758,0.32287785585504025
20260711_164832_170489,bae7bf40726b12938559777771e8ab509aaf37f9f9bad6244622d6e70161ad2e,54,2187632445,433795928,2187632445,14,500,50,60,5,30,10.0,120,current,Optimized Pattern Generator,dynamic_session,Dynamic Session Pattern Assignment,50,6,360,0d25ee4e95dabf20f09d67e5981c2b54c2c8d35071ffc24423cdc89b795336d7,3699990499,da2c24a876b8c096974f73a80a77b7a31efff9ebdde94d2c33b92d5b82601440,True,bayesian_windowed_all_off,A3 Ablation) Time Prior + Memory Off,False,500,500,0,0.0,500,463,0,0.926,0.926,0.9333940718763054,2.2647139117877253,381.848,420.1,40.75932704198931,500,0,0,0,0,1.0,0.0,0.0,0.0,0.0,1.0,28.734,0.0,0.0,0.0,0.0,0.0,,0.0,0.0,32.746665576822124,7.682018105057068,0.0,0.32735961012076586,40.75604329199996,32.746665576822124,0.32735961012076586
20260711_164832_170489,bae7bf40726b12938559777771e8ab509aaf37f9f9bad6244622d6e70161ad2e,55,2187632446,1233724818,2187632446,15,500,50,60,5,30,10.0,120,current,Optimized Pattern Generator,dynamic_session,Dynamic Session Pattern Assignment,50,6,360,fb599f61ba4b4dac97f7ad544e8a43973d5cce79d41ed2b4e150b61742890a46,3699990496,733ff8628a959a56df5513a1fa4b1f5b0563400dcf0b1504ff91a14dd9b7928a,True,single_only,A1) Refined Cost + Greedy 1:1,True,500,500,0,0.0,500,470,0,0.94,0.94,1.0392112229023356,6.555753056878322,380.156,412.1,41.609250583001995,500,0,0,0,0,1.0,0.0,0.0,0.0,0.0,1.0,28.76,0.0,0.0,0.0,0.0,0.0,,0.0,0.0,32.612210947903804,8.669559239933733,0.0,0.3241944791661808,41.60596466700372,32.612210947903804,0.3241944791661808
20260711_164832_170489,bae7bf40726b12938559777771e8ab509aaf37f9f9bad6244622d6e70161ad2e,55,2187632446,1545686440,2187632446,15,500,50,60,5,30,10.0,120,current,Optimized Pattern Generator,dynamic_session,Dynamic Session Pattern Assignment,50,6,360,fb599f61ba4b4dac97f7ad544e8a43973d5cce79d41ed2b4e150b61742890a46,3699990496,733ff8628a959a56df5513a1fa4b1f5b0563400dcf0b1504ff91a14dd9b7928a,True,single_only_dtw_off,A1 Ablation) DTW Off,False,500,500,0,0.0,500,461,0,0.922,0.922,0.80798027932,4.830000490000001,380.156,412.1,41.67083125001227,500,0,0,0,0,1.0,0.0,0.0,0.0,0.0,1.0,28.76,0.0,0.0,0.0,0.0,0.0,,0.0,0.0,32.64922046713764,8.695353248986066,0.0,0.32287161688145716,41.66744533300516,32.64922046713764,0.32287161688145716
20260711_164832_170489,bae7bf40726b12938559777771e8ab509aaf37f9f9bad6244622d6e70161ad2e,55,2187632446,866312280,2187632446,15,500,50,60,5,30,10.0,120,current,Optimized Pattern Generator,dynamic_session,Dynamic Session Pattern Assignment,50,6,360,fb599f61ba4b4dac97f7ad544e8a43973d5cce79d41ed2b4e150b61742890a46,3699990496,733ff8628a959a56df5513a1fa4b1f5b0563400dcf0b1504ff91a14dd9b7928a,True,single_only_step_off,A1 Ablation) Step Signature Off,False,500,500,0,0.0,500,430,0,0.86,0.86,0.18218145370116304,0.9303882954127096,380.156,412.1,41.667903999987175,500,0,0,0,0,1.0,0.0,0.0,0.0,0.0,1.0,28.76,0.0,0.0,0.0,0.0,0.0,,0.0,0.0,32.63588504695508,8.687186829862185,0.0,0.3413044151820941,41.66437629199936,32.63588504695508,0.3413044151820941
20260711_164832_170489,bae7bf40726b12938559777771e8ab509aaf37f9f9bad6244622d6e70161ad2e,55,2187632446,1815193612,2187632446,15,500,50,60,5,30,10.0,120,current,Optimized Pattern Generator,dynamic_session,Dynamic Session Pattern Assignment,50,6,360,fb599f61ba4b4dac97f7ad544e8a43973d5cce79d41ed2b4e150b61742890a46,3699990496,733ff8628a959a56df5513a1fa4b1f5b0563400dcf0b1504ff91a14dd9b7928a,True,single_only_all_off,A1 Ablation) All Waveform Terms Off,False,500,500,0,0.0,500,363,0,0.726,0.726,1.2110002807400002,8.400000310000001,380.156,412.1,32.891621041999315,500,0,0,0,0,1.0,0.0,0.0,0.0,0.0,1.0,28.76,0.0,0.0,0.0,0.0,0.0,,0.0,0.0,32.5378459480562,0.020347929908894002,0.0,0.3301915380288847,32.88838541599398,32.5378459480562,0.3301915380288847
20260711_164832_170489,bae7bf40726b12938559777771e8ab509aaf37f9f9bad6244622d6e70161ad2e,55,2187632446,2184921367,2187632446,15,500,50,60,5,30,10.0,120,current,Optimized Pattern Generator,dynamic_session,Dynamic Session Pattern Assignment,50,6,360,fb599f61ba4b4dac97f7ad544e8a43973d5cce79d41ed2b4e150b61742890a46,3699990496,733ff8628a959a56df5513a1fa4b1f5b0563400dcf0b1504ff91a14dd9b7928a,True,nomura_original_interval_hungarian,A2) Corr+DTW + Hungarian,False,500,500,0,0.0,500,441,0,0.882,0.882,0.08231145882426408,0.3663696095521082,380.156,412.1,53.72570608300157,500,0,0,0,0,1.0,0.0,0.0,0.0,0.0,1.0,28.76,0.0,0.0,0.0,0.0,0.0,,0.0,0.0,32.614608849049546,20.78611343886587,0.0,0.32137258707371075,53.722094874989125,32.614608849049546,0.32137258707371075
20260711_164832_170489,bae7bf40726b12938559777771e8ab509aaf37f9f9bad6244622d6e70161ad2e,55,2187632446,2176353917,2187632446,15,500,50,60,5,30,10.0,120,current,Optimized Pattern Generator,dynamic_session,Dynamic Session Pattern Assignment,50,6,360,fb599f61ba4b4dac97f7ad544e8a43973d5cce79d41ed2b4e150b61742890a46,3699990496,733ff8628a959a56df5513a1fa4b1f5b0563400dcf0b1504ff91a14dd9b7928a,True,nomura_original_interval_hungarian_dtw_off,A2 Ablation) DTW Off (Corr-only),False,500,500,0,0.0,500,440,0,0.88,0.88,0.07121361427661238,0.2820566169030031,380.156,412.1,53.58594141599315,500,0,0,0,0,1.0,0.0,0.0,0.0,0.0,1.0,28.76,0.0,0.0,0.0,0.0,0.0,,0.0,0.0,32.505785002111224,20.727826361122425,0.0,0.34877309476723894,53.58238445800089,32.505785002111224,0.34877309476723894
20260711_164832_170489,bae7bf40726b12938559777771e8ab509aaf37f9f9bad6244622d6e70161ad2e,55,2187632446,1055930897,2187632446,15,500,50,60,5,30,10.0,120,current,Optimized Pattern Generator,dynamic_session,Dynamic Session Pattern Assignment,50,6,360,fb599f61ba4b4dac97f7ad544e8a43973d5cce79d41ed2b4e150b61742890a46,3699990496,733ff8628a959a56df5513a1fa4b1f5b0563400dcf0b1504ff91a14dd9b7928a,True,nomura_original_interval_hungarian_corr_off,A2 Ablation) Corr Off (DTW-only),False,500,500,0,0.0,500,388,0,0.776,0.776,0.0022056377938202126,0.1634007137110284,380.156,412.1,53.6568591670075,500,0,0,0,0,1.0,0.0,0.0,0.0,0.0,1.0,28.76,0.0,0.0,0.0,0.0,0.0,,0.0,0.0,32.58000966205145,20.744545977999223,0.0,0.3288344019529177,53.65339004200359,32.58000966205145,0.3288344019529177
20260711_164832_170489,bae7bf40726b12938559777771e8ab509aaf37f9f9bad6244622d6e70161ad2e,55,2187632446,542446202,2187632446,15,500,50,60,5,30,10.0,120,current,Optimized Pattern Generator,dynamic_session,Dynamic Session Pattern Assignment,50,6,360,fb599f61ba4b4dac97f7ad544e8a43973d5cce79d41ed2b4e150b61742890a46,3699990496,733ff8628a959a56df5513a1fa4b1f5b0563400dcf0b1504ff91a14dd9b7928a,True,nomura_original_interval_hungarian_all_off,A2 Ablation) All Waveform Terms Off,False,500,500,0,0.0,500,363,0,0.726,0.726,1.2110002807400002,8.400000310000001,380.156,412.1,32.77215750000323,500,0,0,0,0,1.0,0.0,0.0,0.0,0.0,1.0,28.76,0.0,0.0,0.0,0.0,0.0,,0.0,0.0,32.41941729075916,0.020277079951483756,0.0,0.32916646329977084,32.76886083401041,32.41941729075916,0.32916646329977084
20260711_164832_170489,bae7bf40726b12938559777771e8ab509aaf37f9f9bad6244622d6e70161ad2e,55,2187632446,1367392779,2187632446,15,500,50,60,5,30,10.0,120,current,Optimized Pattern Generator,dynamic_session,Dynamic Session Pattern Assignment,50,6,360,fb599f61ba4b4dac97f7ad544e8a43973d5cce79d41ed2b4e150b61742890a46,3699990496,733ff8628a959a56df5513a1fa4b1f5b0563400dcf0b1504ff91a14dd9b7928a,True,bayesian_windowed,A3) Two-Stage Bayesian Posterior + Hungarian,False,500,500,0,0.0,500,486,0,0.972,0.972,0.6603691807886495,2.036969663780506,380.156,412.1,40.75366254200344,500,0,0,0,0,1.0,0.0,0.0,0.0,0.0,1.0,28.76,0.0,0.0,0.0,0.0,0.0,,0.0,0.0,32.72812300709484,7.679432822129456,0.0,0.34272379578032997,40.75027962500462,32.72812300709484,0.34272379578032997
20260711_164832_170489,bae7bf40726b12938559777771e8ab509aaf37f9f9bad6244622d6e70161ad2e,55,2187632446,1977915805,2187632446,15,500,50,60,5,30,10.0,120,current,Optimized Pattern Generator,dynamic_session,Dynamic Session Pattern Assignment,50,6,360,fb599f61ba4b4dac97f7ad544e8a43973d5cce79d41ed2b4e150b61742890a46,3699990496,733ff8628a959a56df5513a1fa4b1f5b0563400dcf0b1504ff91a14dd9b7928a,True,bayesian_windowed_memory_off,A3 Ablation) Posterior Memory Off,False,500,500,0,0.0,500,470,0,0.94,0.94,1.0356617675935644,2.353483878584335,380.156,412.1,40.71408070900361,500,0,0,0,0,1.0,0.0,0.0,0.0,0.0,1.0,28.76,0.0,0.0,0.0,0.0,0.0,,0.0,0.0,32.70485637728416,7.675000874020043,0.0,0.33081341469369363,40.710670665997895,32.70485637728416,0.33081341469369363
20260711_164832_170489,bae7bf40726b12938559777771e8ab509aaf37f9f9bad6244622d6e70161ad2e,55,2187632446,2395032877,2187632446,15,500,50,60,5,30,10.0,120,current,Optimized Pattern Generator,dynamic_session,Dynamic Session Pattern Assignment,50,6,360,fb599f61ba4b4dac97f7ad544e8a43973d5cce79d41ed2b4e150b61742890a46,3699990496,733ff8628a959a56df5513a1fa4b1f5b0563400dcf0b1504ff91a14dd9b7928a,True,bayesian_windowed_timeprior_off,A3 Ablation) Time Prior Off,False,500,500,0,0.0,500,486,0,0.972,0.972,0.6645215090764574,2.0386633679202597,380.156,412.1,40.73138933299924,500,0,0,0,0,1.0,0.0,0.0,0.0,0.0,1.0,28.76,0.0,0.0,0.0,0.0,0.0,,0.0,0.0,32.693981928852736,7.691146206198027,0.0,0.34284957294585183,40.727977707996615,32.693981928852736,0.34284957294585183
20260711_164832_170489,bae7bf40726b12938559777771e8ab509aaf37f9f9bad6244622d6e70161ad2e,55,2187632446,433795931,2187632446,15,500,50,60,5,30,10.0,120,current,Optimized Pattern Generator,dynamic_session,Dynamic Session Pattern Assignment,50,6,360,fb599f61ba4b4dac97f7ad544e8a43973d5cce79d41ed2b4e150b61742890a46,3699990496,733ff8628a959a56df5513a1fa4b1f5b0563400dcf0b1504ff91a14dd9b7928a,True,bayesian_windowed_all_off,A3 Ablation) Time Prior + Memory Off,False,500,500,0,0.0,500,470,0,0.94,0.94,1.0372081885207456,2.353836678150271,380.156,412.1,40.81308666599216,500,0,0,0,0,1.0,0.0,0.0,0.0,0.0,1.0,28.76,0.0,0.0,0.0,0.0,0.0,,0.0,0.0,32.7904333720071,7.690142453066073,0.0,0.3291866339277476,40.80976245900092,32.7904333720071,0.3291866339277476
20260711_164832_170489,bae7bf40726b12938559777771e8ab509aaf37f9f9bad6244622d6e70161ad2e,56,2187632447,1233724819,2187632447,16,500,50,60,5,30,10.0,120,current,Optimized Pattern Generator,dynamic_session,Dynamic Session Pattern Assignment,50,6,360,da08701f33c67af0d64c8381f2fdaa08c2e5f80aa5369171f0752d4b1dda2843,3699990497,e4be4a482ae1aba50f19dea3127f9952e6922099dc6ed69f51643a6f1f190a3e,True,single_only,A1) Refined Cost + Greedy 1:1,True,500,500,0,0.0,500,470,0,0.94,0.94,1.0858236313068677,5.475235094765514,381.71,417.0,40.013156708999304,500,0,0,0,0,1.0,0.0,0.0,0.0,0.0,1.0,27.652,0.0,0.0,0.0,0.0,0.0,,0.0,0.0,31.30041383311618,8.35883327103511,0.0,0.3506224378506886,40.00986954200198,31.30041383311618,0.3506224378506886
20260711_164832_170489,bae7bf40726b12938559777771e8ab509aaf37f9f9bad6244622d6e70161ad2e,56,2187632447,1545686441,2187632447,16,500,50,60,5,30,10.0,120,current,Optimized Pattern Generator,dynamic_session,Dynamic Session Pattern Assignment,50,6,360,da08701f33c67af0d64c8381f2fdaa08c2e5f80aa5369171f0752d4b1dda2843,3699990497,e4be4a482ae1aba50f19dea3127f9952e6922099dc6ed69f51643a6f1f190a3e,True,single_only_dtw_off,A1 Ablation) DTW Off,False,500,500,0,0.0,500,468,0,0.936,0.936,0.8290935930533335,3.4000004300000004,381.71,417.0,40.120761375001166,500,0,0,0,0,1.0,0.0,0.0,0.0,0.0,1.0,27.652,0.0,0.0,0.0,0.0,0.0,,0.0,0.0,31.4215931968356,8.366021732028457,0.0,0.3296319461223902,40.11724687498645,31.4215931968356,0.3296319461223902
20260711_164832_170489,bae7bf40726b12938559777771e8ab509aaf37f9f9bad6244622d6e70161ad2e,56,2187632447,866312281,2187632447,16,500,50,60,5,30,10.0,120,current,Optimized Pattern Generator,dynamic_session,Dynamic Session Pattern Assignment,50,6,360,da08701f33c67af0d64c8381f2fdaa08c2e5f80aa5369171f0752d4b1dda2843,3699990497,e4be4a482ae1aba50f19dea3127f9952e6922099dc6ed69f51643a6f1f190a3e,True,single_only_step_off,A1 Ablation) Step Signature Off,False,500,500,0,0.0,500,442,0,0.884,0.884,0.2070779777327662,1.0000012500000004,381.71,417.0,40.09986300001037,500,0,0,0,0,1.0,0.0,0.0,0.0,0.0,1.0,27.652,0.0,0.0,0.0,0.0,0.0,,0.0,0.0,31.39875509191188,8.368213081004797,0.0,0.3294236190849915,40.09639179200167,31.39875509191188,0.3294236190849915
20260711_164832_170489,bae7bf40726b12938559777771e8ab509aaf37f9f9bad6244622d6e70161ad2e,56,2187632447,1815193613,2187632447,16,500,50,60,5,30,10.0,120,current,Optimized Pattern Generator,dynamic_session,Dynamic Session Pattern Assignment,50,6,360,da08701f33c67af0d64c8381f2fdaa08c2e5f80aa5369171f0752d4b1dda2843,3699990497,e4be4a482ae1aba50f19dea3127f9952e6922099dc6ed69f51643a6f1f190a3e,True,single_only_all_off,A1 Ablation) All Waveform Terms Off,False,500,500,0,0.0,500,379,0,0.758,0.758,1.2412002652,7.800000390000001,381.71,417.0,31.64699166599894,500,0,0,0,0,1.0,0.0,0.0,0.0,0.0,1.0,27.652,0.0,0.0,0.0,0.0,0.0,,0.0,0.0,31.284684915022808,0.019996198127046227,0.0,0.33899821984232403,31.64367933299218,31.284684915022808,0.33899821984232403
20260711_164832_170489,bae7bf40726b12938559777771e8ab509aaf37f9f9bad6244622d6e70161ad2e,56,2187632447,2184921366,2187632447,16,500,50,60,5,30,10.0,120,current,Optimized Pattern Generator,dynamic_session,Dynamic Session Pattern Assignment,50,6,360,da08701f33c67af0d64c8381f2fdaa08c2e5f80aa5369171f0752d4b1dda2843,3699990497,e4be4a482ae1aba50f19dea3127f9952e6922099dc6ed69f51643a6f1f190a3e,True,nomura_original_interval_hungarian,A2) Corr+DTW + Hungarian,False,500,500,0,0.0,500,461,0,0.922,0.922,0.09117299435820352,0.3747640619494869,381.71,417.0,51.74357712500205,500,0,0,0,0,1.0,0.0,0.0,0.0,0.0,1.0,27.652,0.0,0.0,0.0,0.0,0.0,,0.0,0.0,31.390775080231833,20.02858525107149,0.0,0.3208276686928002,51.740187999996124,31.390775080231833,0.3208276686928002
20260711_164832_170489,bae7bf40726b12938559777771e8ab509aaf37f9f9bad6244622d6e70161ad2e,56,2187632447,2176353916,2187632447,16,500,50,60,5,30,10.0,120,current,Optimized Pattern Generator,dynamic_session,Dynamic Session Pattern Assignment,50,6,360,da08701f33c67af0d64c8381f2fdaa08c2e5f80aa5369171f0752d4b1dda2843,3699990497,e4be4a482ae1aba50f19dea3127f9952e6922099dc6ed69f51643a6f1f190a3e,True,nomura_original_interval_hungarian_dtw_off,A2 Ablation) DTW Off (Corr-only),False,500,500,0,0.0,500,450,0,0.9,0.9,0.08039098604033304,0.3747640619494869,381.71,417.0,51.63309366699832,500,0,0,0,0,1.0,0.0,0.0,0.0,0.0,1.0,27.652,0.0,0.0,0.0,0.0,0.0,,0.0,0.0,31.359268960848567,19.944282727941754,0.0,0.3262333112215856,51.62978500001191,31.359268960848567,0.3262333112215856
20260711_164832_170489,bae7bf40726b12938559777771e8ab509aaf37f9f9bad6244622d6e70161ad2e,56,2187632447,1055930896,2187632447,16,500,50,60,5,30,10.0,120,current,Optimized Pattern Generator,dynamic_session,Dynamic Session Pattern Assignment,50,6,360,da08701f33c67af0d64c8381f2fdaa08c2e5f80aa5369171f0752d4b1dda2843,3699990497,e4be4a482ae1aba50f19dea3127f9952e6922099dc6ed69f51643a6f1f190a3e,True,nomura_original_interval_hungarian_corr_off,A2 Ablation) Corr Off (DTW-only),False,500,500,0,0.0,500,384,0,0.768,0.768,0.0008312684431133706,0.1059997757722321,381.71,417.0,51.696296791997156,500,0,0,0,0,1.0,0.0,0.0,0.0,0.0,1.0,27.652,0.0,0.0,0.0,0.0,0.0,,0.0,0.0,31.34730787794979,19.999394864877104,0.0,0.34623050717345905,51.69293325000035,31.34730787794979,0.34623050717345905
20260711_164832_170489,bae7bf40726b12938559777771e8ab509aaf37f9f9bad6244622d6e70161ad2e,56,2187632447,542446203,2187632447,16,500,50,60,5,30,10.0,120,current,Optimized Pattern Generator,dynamic_session,Dynamic Session Pattern Assignment,50,6,360,da08701f33c67af0d64c8381f2fdaa08c2e5f80aa5369171f0752d4b1dda2843,3699990497,e4be4a482ae1aba50f19dea3127f9952e6922099dc6ed69f51643a6f1f190a3e,True,nomura_original_interval_hungarian_all_off,A2 Ablation) All Waveform Terms Off,False,500,500,0,0.0,500,379,0,0.758,0.758,1.2412002652,7.800000390000001,381.71,417.0,31.580622916007997,500,0,0,0,0,1.0,0.0,0.0,0.0,0.0,1.0,27.652,0.0,0.0,0.0,0.0,0.0,,0.0,0.0,31.23075070689083,0.02003029095067177,0.0,0.326640335159027,31.57742133300053,31.23075070689083,0.326640335159027
20260711_164832_170489,bae7bf40726b12938559777771e8ab509aaf37f9f9bad6244622d6e70161ad2e,56,2187632447,1367392778,2187632447,16,500,50,60,5,30,10.0,120,current,Optimized Pattern Generator,dynamic_session,Dynamic Session Pattern Assignment,50,6,360,da08701f33c67af0d64c8381f2fdaa08c2e5f80aa5369171f0752d4b1dda2843,3699990497,e4be4a482ae1aba50f19dea3127f9952e6922099dc6ed69f51643a6f1f190a3e,True,bayesian_windowed,A3) Two-Stage Bayesian Posterior + Hungarian,False,500,500,0,0.0,500,490,0,0.98,0.98,0.5121081768881321,1.7817477107565904,381.71,417.0,39.272939291011426,500,0,0,0,0,1.0,0.0,0.0,0.0,0.0,1.0,27.652,0.0,0.0,0.0,0.0,0.0,,0.0,0.0,31.53999449116236,7.408586625766475,0.0,0.3209715500706807,39.269552666999516,31.53999449116236,0.3209715500706807
20260711_164832_170489,bae7bf40726b12938559777771e8ab509aaf37f9f9bad6244622d6e70161ad2e,56,2187632447,1977915804,2187632447,16,500,50,60,5,30,10.0,120,current,Optimized Pattern Generator,dynamic_session,Dynamic Session Pattern Assignment,50,6,360,da08701f33c67af0d64c8381f2fdaa08c2e5f80aa5369171f0752d4b1dda2843,3699990497,e4be4a482ae1aba50f19dea3127f9952e6922099dc6ed69f51643a6f1f190a3e,True,bayesian_windowed_memory_off,A3 Ablation) Posterior Memory Off,False,500,500,0,0.0,500,470,0,0.94,0.94,0.8567670306794665,2.4688033475838806,381.71,417.0,39.23695274999773,500,0,0,0,0,1.0,0.0,0.0,0.0,0.0,1.0,27.652,0.0,0.0,0.0,0.0,0.0,,0.0,0.0,31.49711811488669,7.396027030146797,0.0,0.3406208549713483,39.233766000004834,31.49711811488669,0.3406208549713483
20260711_164832_170489,bae7bf40726b12938559777771e8ab509aaf37f9f9bad6244622d6e70161ad2e,56,2187632447,2395032876,2187632447,16,500,50,60,5,30,10.0,120,current,Optimized Pattern Generator,dynamic_session,Dynamic Session Pattern Assignment,50,6,360,da08701f33c67af0d64c8381f2fdaa08c2e5f80aa5369171f0752d4b1dda2843,3699990497,e4be4a482ae1aba50f19dea3127f9952e6922099dc6ed69f51643a6f1f190a3e,True,bayesian_windowed_timeprior_off,A3 Ablation) Time Prior Off,False,500,500,0,0.0,500,490,0,0.98,0.98,0.5156160041443825,1.7817477107565904,381.71,417.0,39.21139758299978,500,0,0,0,0,1.0,0.0,0.0,0.0,0.0,1.0,27.652,0.0,0.0,0.0,0.0,0.0,,0.0,0.0,31.47266586877231,7.4143815870338585,0.0,0.32089829420147,39.20794575000764,31.47266586877231,0.32089829420147
20260711_164832_170489,bae7bf40726b12938559777771e8ab509aaf37f9f9bad6244622d6e70161ad2e,56,2187632447,433795930,2187632447,16,500,50,60,5,30,10.0,120,current,Optimized Pattern Generator,dynamic_session,Dynamic Session Pattern Assignment,50,6,360,da08701f33c67af0d64c8381f2fdaa08c2e5f80aa5369171f0752d4b1dda2843,3699990497,e4be4a482ae1aba50f19dea3127f9952e6922099dc6ed69f51643a6f1f190a3e,True,bayesian_windowed_all_off,A3 Ablation) Time Prior + Memory Off,False,500,500,0,0.0,500,470,0,0.94,0.94,0.8582891156066191,2.4704826831564644,381.71,417.0,39.21348974999273,500,0,0,0,0,1.0,0.0,0.0,0.0,0.0,1.0,27.652,0.0,0.0,0.0,0.0,0.0,,0.0,0.0,31.48452146218915,7.397451287994045,0.0,0.3281804168218514,39.210153167005046,31.48452146218915,0.3281804168218514
20260711_164832_170489,bae7bf40726b12938559777771e8ab509aaf37f9f9bad6244622d6e70161ad2e,57,2187632448,1233724908,2187632448,17,500,50,60,5,30,10.0,120,current,Optimized Pattern Generator,dynamic_session,Dynamic Session Pattern Assignment,50,6,360,576508f77d0899c67c1e00cc9330bf28eebde2c278a20da818d52e253a24aec4,3699990430,43652d22c99259ab5c3b704df92be3f279272966130e274901af3ce04b53b484,True,single_only,A1) Refined Cost + Greedy 1:1,True,500,500,0,0.0,500,479,0,0.958,0.958,1.026143828941977,4.466939927791008,378.61,396.1,41.34782829100732,500,0,0,0,0,1.0,0.0,0.0,0.0,0.0,1.0,28.548,0.0,0.0,0.0,0.0,0.0,,0.0,0.0,32.38876718110987,8.628662904986413,0.0,0.32704670590464957,41.34447679200093,32.38876718110987,0.32704670590464957
20260711_164832_170489,bae7bf40726b12938559777771e8ab509aaf37f9f9bad6244622d6e70161ad2e,57,2187632448,1545686486,2187632448,17,500,50,60,5,30,10.0,120,current,Optimized Pattern Generator,dynamic_session,Dynamic Session Pattern Assignment,50,6,360,576508f77d0899c67c1e00cc9330bf28eebde2c278a20da818d52e253a24aec4,3699990430,43652d22c99259ab5c3b704df92be3f279272966130e274901af3ce04b53b484,True,single_only_dtw_off,A1 Ablation) DTW Off,False,500,500,0,0.0,500,455,0,0.91,0.91,0.7922002717200001,2.926666676666667,378.61,396.1,41.37388225000177,500,0,0,0,0,1.0,0.0,0.0,0.0,0.0,1.0,28.548,0.0,0.0,0.0,0.0,0.0,,0.0,0.0,32.362152296860586,8.647766490001231,0.0,0.3603166301327292,41.37023541699455,32.362152296860586,0.3603166301327292
20260711_164832_170489,bae7bf40726b12938559777771e8ab509aaf37f9f9bad6244622d6e70161ad2e,57,2187632448,866312230,2187632448,17,500,50,60,5,30,10.0,120,current,Optimized Pattern Generator,dynamic_session,Dynamic Session Pattern Assignment,50,6,360,576508f77d0899c67c1e00cc9330bf28eebde2c278a20da818d52e253a24aec4,3699990430,43652d22c99259ab5c3b704df92be3f279272966130e274901af3ce04b53b484,True,single_only_step_off,A1 Ablation) Step Signature Off,False,500,500,0,0.0,500,452,0,0.904,0.904,0.1837987809473757,0.9426165362324481,378.61,396.1,41.47818829200696,500,0,0,0,0,1.0,0.0,0.0,0.0,0.0,1.0,28.548,0.0,0.0,0.0,0.0,0.0,,0.0,0.0,32.50743480079109,8.640829096155358,0.0,0.32660477005993016,41.474868667006376,32.50743480079109,0.32660477005993016
20260711_164832_170489,bae7bf40726b12938559777771e8ab509aaf37f9f9bad6244622d6e70161ad2e,57,2187632448,1815193714,2187632448,17,500,50,60,5,30,10.0,120,current,Optimized Pattern Generator,dynamic_session,Dynamic Session Pattern Assignment,50,6,360,576508f77d0899c67c1e00cc9330bf28eebde2c278a20da818d52e253a24aec4,3699990430,43652d22c99259ab5c3b704df92be3f279272966130e274901af3ce04b53b484,True,single_only_all_off,A1 Ablation) All Waveform Terms Off,False,500,500,0,0.0,500,364,0,0.728,0.728,1.0950002669,7.8000000400000005,378.61,396.1,32.60412999999244,500,0,0,0,0,1.0,0.0,0.0,0.0,0.0,1.0,28.548,0.0,0.0,0.0,0.0,0.0,,0.0,0.0,32.2515593108692,0.020573493777192198,0.0,0.3284315293567488,32.60056433400314,32.2515593108692,0.3284315293567488
20260711_164832_170489,bae7bf40726b12938559777771e8ab509aaf37f9f9bad6244622d6e70161ad2e,57,2187632448,2184921449,2187632448,17,500,50,60,5,30,10.0,120,current,Optimized Pattern Generator,dynamic_session,Dynamic Session Pattern Assignment,50,6,360,576508f77d0899c67c1e00cc9330bf28eebde2c278a20da818d52e253a24aec4,3699990430,43652d22c99259ab5c3b704df92be3f279272966130e274901af3ce04b53b484,True,nomura_original_interval_hungarian,A2) Corr+DTW + Hungarian,False,500,500,0,0.0,500,457,0,0.914,0.914,0.08753782843204752,0.4580456919689126,378.61,396.1,53.33638612499635,500,0,0,0,0,1.0,0.0,0.0,0.0,0.0,1.0,28.548,0.0,0.0,0.0,0.0,0.0,,0.0,0.0,32.39429271903646,20.5889768749621,0.0,0.34966674000315834,53.332936334001715,32.39429271903646,0.34966674000315834
20260711_164832_170489,bae7bf40726b12938559777771e8ab509aaf37f9f9bad6244622d6e70161ad2e,57,2187632448,2176353795,2187632448,17,500,50,60,5,30,10.0,120,current,Optimized Pattern Generator,dynamic_session,Dynamic Session Pattern Assignment,50,6,360,576508f77d0899c67c1e00cc9330bf28eebde2c278a20da818d52e253a24aec4,3699990430,43652d22c99259ab5c3b704df92be3f279272966130e274901af3ce04b53b484,True,nomura_original_interval_hungarian_dtw_off,A2 Ablation) DTW Off (Corr-only),False,500,500,0,0.0,500,452,0,0.904,0.904,0.07792788141187643,0.27939276878808117,378.61,396.1,53.21384795798804,500,0,0,0,0,1.0,0.0,0.0,0.0,0.0,1.0,28.548,0.0,0.0,0.0,0.0,0.0,,0.0,0.0,32.31356920476537,20.56896558807057,0.0,0.3280713731655851,53.210606166001526,32.31356920476537,0.3280713731655851
20260711_164832_170489,bae7bf40726b12938559777771e8ab509aaf37f9f9bad6244622d6e70161ad2e,57,2187632448,1055930991,2187632448,17,500,50,60,5,30,10.0,120,current,Optimized Pattern Generator,dynamic_session,Dynamic Session Pattern Assignment,50,6,360,576508f77d0899c67c1e00cc9330bf28eebde2c278a20da818d52e253a24aec4,3699990430,43652d22c99259ab5c3b704df92be3f279272966130e274901af3ce04b53b484,True,nomura_original_interval_hungarian_corr_off,A2 Ablation) Corr Off (DTW-only),False,500,500,0,0.0,500,410,0,0.82,0.82,0.0015374047145586059,0.12787325976067382,378.61,396.1,53.26849020800728,500,0,0,0,0,1.0,0.0,0.0,0.0,0.0,1.0,28.548,0.0,0.0,0.0,0.0,0.0,,0.0,0.0,32.362745855993126,20.58147698402172,0.0,0.3208097439928679,53.26503258400771,32.362745855993126,0.3208097439928679
20260711_164832_170489,bae7bf40726b12938559777771e8ab509aaf37f9f9bad6244622d6e70161ad2e,57,2187632448,542446084,2187632448,17,500,50,60,5,30,10.0,120,current,Optimized Pattern Generator,dynamic_session,Dynamic Session Pattern Assignment,50,6,360,576508f77d0899c67c1e00cc9330bf28eebde2c278a20da818d52e253a24aec4,3699990430,43652d22c99259ab5c3b704df92be3f279272966130e274901af3ce04b53b484,True,nomura_original_interval_hungarian_all_off,A2 Ablation) All Waveform Terms Off,False,500,500,0,0.0,500,364,0,0.728,0.728,1.0950002669,7.8000000400000005,378.61,396.1,32.68167891699704,500,0,0,0,0,1.0,0.0,0.0,0.0,0.0,1.0,28.548,0.0,0.0,0.0,0.0,0.0,,0.0,0.0,32.31000062280509,0.02042385896493215,0.0,0.3478682682325598,32.67829275000258,32.31000062280509,0.3478682682325598
20260711_164832_170489,bae7bf40726b12938559777771e8ab509aaf37f9f9bad6244622d6e70161ad2e,57,2187632448,1367392885,2187632448,17,500,50,60,5,30,10.0,120,current,Optimized Pattern Generator,dynamic_session,Dynamic Session Pattern Assignment,50,6,360,576508f77d0899c67c1e00cc9330bf28eebde2c278a20da818d52e253a24aec4,3699990430,43652d22c99259ab5c3b704df92be3f279272966130e274901af3ce04b53b484,True,bayesian_windowed,A3) Two-Stage Bayesian Posterior + Hungarian,False,500,500,0,0.0,500,489,0,0.978,0.978,0.5401289886794801,1.7255494313801496,378.61,396.1,40.435872624992044,500,0,0,0,0,1.0,0.0,0.0,0.0,0.0,1.0,28.548,0.0,0.0,0.0,0.0,0.0,,0.0,0.0,32.477150582009926,7.633226131045376,0.0,0.3220316199440276,40.43240833299933,32.477150582009926,0.3220316199440276
20260711_164832_170489,bae7bf40726b12938559777771e8ab509aaf37f9f9bad6244622d6e70161ad2e,57,2187632448,1977915875,2187632448,17,500,50,60,5,30,10.0,120,current,Optimized Pattern Generator,dynamic_session,Dynamic Session Pattern Assignment,50,6,360,576508f77d0899c67c1e00cc9330bf28eebde2c278a20da818d52e253a24aec4,3699990430,43652d22c99259ab5c3b704df92be3f279272966130e274901af3ce04b53b484,True,bayesian_windowed_memory_off,A3 Ablation) Posterior Memory Off,False,500,500,0,0.0,500,479,0,0.958,0.958,0.8993694540055035,2.2976799802162997,378.61,396.1,40.457567040997674,500,0,0,0,0,1.0,0.0,0.0,0.0,0.0,1.0,28.548,0.0,0.0,0.0,0.0,0.0,,0.0,0.0,32.50254700188816,7.630553615090321,0.0,0.3210102990269661,40.45411091600545,32.50254700188816,0.3210102990269661
20260711_164832_170489,bae7bf40726b12938559777771e8ab509aaf37f9f9bad6244622d6e70161ad2e,57,2187632448,2395032915,2187632448,17,500,50,60,5,30,10.0,120,current,Optimized Pattern Generator,dynamic_session,Dynamic Session Pattern Assignment,50,6,360,576508f77d0899c67c1e00cc9330bf28eebde2c278a20da818d52e253a24aec4,3699990430,43652d22c99259ab5c3b704df92be3f279272966130e274901af3ce04b53b484,True,bayesian_windowed_timeprior_off,A3 Ablation) Time Prior Off,False,500,500,0,0.0,500,488,0,0.976,0.976,0.5438532611227221,1.734564194142284,378.61,396.1,40.45955779100768,500,0,0,0,0,1.0,0.0,0.0,0.0,0.0,1.0,28.548,0.0,0.0,0.0,0.0,0.0,,0.0,0.0,32.49029483414779,7.645469413822866,0.0,0.32053258502855897,40.456296832999215,32.49029483414779,0.32053258502855897
20260711_164832_170489,bae7bf40726b12938559777771e8ab509aaf37f9f9bad6244622d6e70161ad2e,57,2187632448,433795877,2187632448,17,500,50,60,5,30,10.0,120,current,Optimized Pattern Generator,dynamic_session,Dynamic Session Pattern Assignment,50,6,360,576508f77d0899c67c1e00cc9330bf28eebde2c278a20da818d52e253a24aec4,3699990430,43652d22c99259ab5c3b704df92be3f279272966130e274901af3ce04b53b484,True,bayesian_windowed_all_off,A3 Ablation) Time Prior + Memory Off,False,500,500,0,0.0,500,479,0,0.958,0.958,0.9008295752853464,2.2978584015267676,378.61,396.1,40.419289416997344,500,0,0,0,0,1.0,0.0,0.0,0.0,0.0,1.0,28.548,0.0,0.0,0.0,0.0,0.0,,0.0,0.0,32.43919716500386,7.652125737920869,0.0,0.32468030508607626,40.41600320801081,32.43919716500386,0.32468030508607626
20260711_164832_170489,bae7bf40726b12938559777771e8ab509aaf37f9f9bad6244622d6e70161ad2e,58,2187632449,1233724909,2187632449,18,500,50,60,5,30,10.0,120,current,Optimized Pattern Generator,dynamic_session,Dynamic Session Pattern Assignment,50,6,360,3ff560f7f3edb12738d57107991f7787c1d70e765d2bae1044bdb74ae823798e,3699990431,e9b1f50d0a9386e590a790b62c134793f9381e07955a37259162737b30006999,True,single_only,A1) Refined Cost + Greedy 1:1,True,500,500,0,0.0,500,466,0,0.932,0.932,1.1236757561105706,10.55561311414216,380.498,415.0,40.171489832995576,500,0,0,0,0,1.0,0.0,0.0,0.0,0.0,1.0,27.744,0.0,0.0,0.0,0.0,0.0,,0.0,0.0,31.459372373006772,8.379976741955034,0.0,0.328762468037894,40.1681115829997,31.459372373006772,0.328762468037894
20260711_164832_170489,bae7bf40726b12938559777771e8ab509aaf37f9f9bad6244622d6e70161ad2e,58,2187632449,1545686487,2187632449,18,500,50,60,5,30,10.0,120,current,Optimized Pattern Generator,dynamic_session,Dynamic Session Pattern Assignment,50,6,360,3ff560f7f3edb12738d57107991f7787c1d70e765d2bae1044bdb74ae823798e,3699990431,e9b1f50d0a9386e590a790b62c134793f9381e07955a37259162737b30006999,True,single_only_dtw_off,A1 Ablation) DTW Off,False,500,500,0,0.0,500,451,0,0.902,0.902,0.85790027766,8.613333763333333,380.498,415.0,40.277962249994744,500,0,0,0,0,1.0,0.0,0.0,0.0,0.0,1.0,27.744,0.0,0.0,0.0,0.0,0.0,,0.0,0.0,31.54342076202738,8.402470323839225,0.0,0.3287759971281048,40.27466708299471,31.54342076202738,0.3287759971281048
20260711_164832_170489,bae7bf40726b12938559777771e8ab509aaf37f9f9bad6244622d6e70161ad2e,58,2187632449,866312231,2187632449,18,500,50,60,5,30,10.0,120,current,Optimized Pattern Generator,dynamic_session,Dynamic Session Pattern Assignment,50,6,360,3ff560f7f3edb12738d57107991f7787c1d70e765d2bae1044bdb74ae823798e,3699990431,e9b1f50d0a9386e590a790b62c134793f9381e07955a37259162737b30006999,True,single_only_step_off,A1 Ablation) Step Signature Off,False,500,500,0,0.0,500,411,0,0.822,0.822,0.19284192010684365,1.3445151120443084,380.498,415.0,40.27859324999736,500,0,0,0,0,1.0,0.0,0.0,0.0,0.0,1.0,27.744,0.0,0.0,0.0,0.0,0.0,,0.0,0.0,31.539581285149325,8.396499611000763,0.0,0.338940936839208,40.275021832989296,31.539581285149325,0.338940936839208
20260711_164832_170489,bae7bf40726b12938559777771e8ab509aaf37f9f9bad6244622d6e70161ad2e,58,2187632449,1815193715,2187632449,18,500,50,60,5,30,10.0,120,current,Optimized Pattern Generator,dynamic_session,Dynamic Session Pattern Assignment,50,6,360,3ff560f7f3edb12738d57107991f7787c1d70e765d2bae1044bdb74ae823798e,3699990431,e9b1f50d0a9386e590a790b62c134793f9381e07955a37259162737b30006999,True,single_only_all_off,A1 Ablation) All Waveform Terms Off,False,500,500,0,0.0,500,335,0,0.67,0.67,1.14480027948,7.40000049,380.498,415.0,31.820130958003574,500,0,0,0,0,1.0,0.0,0.0,0.0,0.0,1.0,27.744,0.0,0.0,0.0,0.0,0.0,,0.0,0.0,31.470091088107438,0.02005517501675058,0.0,0.3265051948837936,31.816651458007982,31.470091088107438,0.3265051948837936
20260711_164832_170489,bae7bf40726b12938559777771e8ab509aaf37f9f9bad6244622d6e70161ad2e,58,2187632449,2184921448,2187632449,18,500,50,60,5,30,10.0,120,current,Optimized Pattern Generator,dynamic_session,Dynamic Session Pattern Assignment,50,6,360,3ff560f7f3edb12738d57107991f7787c1d70e765d2bae1044bdb74ae823798e,3699990431,e9b1f50d0a9386e590a790b62c134793f9381e07955a37259162737b30006999,True,nomura_original_interval_hungarian,A2) Corr+DTW + Hungarian,False,500,500,0,0.0,500,427,0,0.854,0.854,0.08547744497956457,0.508426277643881,380.498,415.0,51.861952334002126,500,0,0,0,0,1.0,0.0,0.0,0.0,0.0,1.0,27.744,0.0,0.0,0.0,0.0,0.0,,0.0,0.0,31.50255954376189,20.03003122996597,0.0,0.32597022627305705,51.85856100000092,31.50255954376189,0.32597022627305705
20260711_164832_170489,bae7bf40726b12938559777771e8ab509aaf37f9f9bad6244622d6e70161ad2e,58,2187632449,2176353794,2187632449,18,500,50,60,5,30,10.0,120,current,Optimized Pattern Generator,dynamic_session,Dynamic Session Pattern Assignment,50,6,360,3ff560f7f3edb12738d57107991f7787c1d70e765d2bae1044bdb74ae823798e,3699990431,e9b1f50d0a9386e590a790b62c134793f9381e07955a37259162737b30006999,True,nomura_original_interval_hungarian_dtw_off,A2 Ablation) DTW Off (Corr-only),False,500,500,0,0.0,500,421,0,0.842,0.842,0.07411748792449066,0.3927129030439321,380.498,415.0,51.83165850001387,500,0,0,0,0,1.0,0.0,0.0,0.0,0.0,1.0,27.744,0.0,0.0,0.0,0.0,0.0,,0.0,0.0,31.466306967078708,20.022439407985075,0.0,0.3396712089306675,51.82841758399445,31.466306967078708,0.3396712089306675
20260711_164832_170489,bae7bf40726b12938559777771e8ab509aaf37f9f9bad6244622d6e70161ad2e,58,2187632449,1055930990,2187632449,18,500,50,60,5,30,10.0,120,current,Optimized Pattern Generator,dynamic_session,Dynamic Session Pattern Assignment,50,6,360,3ff560f7f3edb12738d57107991f7787c1d70e765d2bae1044bdb74ae823798e,3699990431,e9b1f50d0a9386e590a790b62c134793f9381e07955a37259162737b30006999,True,nomura_original_interval_hungarian_corr_off,A2 Ablation) Corr Off (DTW-only),False,500,500,0,0.0,500,377,0,0.754,0.754,0.0024447168389518247,0.2736678034949432,380.498,415.0,51.92826749999949,500,0,0,0,0,1.0,0.0,0.0,0.0,0.0,1.0,27.744,0.0,0.0,0.0,0.0,0.0,,0.0,0.0,31.495898789042258,20.098554230105947,0.0,0.3304048558638897,51.924857875012094,31.495898789042258,0.3304048558638897
20260711_164832_170489,bae7bf40726b12938559777771e8ab509aaf37f9f9bad6244622d6e70161ad2e,58,2187632449,542446085,2187632449,18,500,50,60,5,30,10.0,120,current,Optimized Pattern Generator,dynamic_session,Dynamic Session Pattern Assignment,50,6,360,3ff560f7f3edb12738d57107991f7787c1d70e765d2bae1044bdb74ae823798e,3699990431,e9b1f50d0a9386e590a790b62c134793f9381e07955a37259162737b30006999,True,nomura_original_interval_hungarian_all_off,A2 Ablation) All Waveform Terms Off,False,500,500,0,0.0,500,335,0,0.67,0.67,1.14480027948,7.40000049,380.498,415.0,31.728140167004312,500,0,0,0,0,1.0,0.0,0.0,0.0,0.0,1.0,27.744,0.0,0.0,0.0,0.0,0.0,,0.0,0.0,31.37545442166447,0.01984568702755496,0.0,0.32936022531066556,31.724660334002692,31.37545442166447,0.32936022531066556
20260711_164832_170489,bae7bf40726b12938559777771e8ab509aaf37f9f9bad6244622d6e70161ad2e,58,2187632449,1367392884,2187632449,18,500,50,60,5,30,10.0,120,current,Optimized Pattern Generator,dynamic_session,Dynamic Session Pattern Assignment,50,6,360,3ff560f7f3edb12738d57107991f7787c1d70e765d2bae1044bdb74ae823798e,3699990431,e9b1f50d0a9386e590a790b62c134793f9381e07955a37259162737b30006999,True,bayesian_windowed,A3) Two-Stage Bayesian Posterior + Hungarian,False,500,500,0,0.0,500,481,0,0.962,0.962,0.600739302465718,1.809537872769738,380.498,415.0,39.372361792004085,500,0,0,0,0,1.0,0.0,0.0,0.0,0.0,1.0,27.744,0.0,0.0,0.0,0.0,0.0,,0.0,0.0,31.60207287404046,7.420345363003435,0.0,0.3465785969601711,39.368996834004065,31.60207287404046,0.3465785969601711
20260711_164832_170489,bae7bf40726b12938559777771e8ab509aaf37f9f9bad6244622d6e70161ad2e,58,2187632449,1977915874,2187632449,18,500,50,60,5,30,10.0,120,current,Optimized Pattern Generator,dynamic_session,Dynamic Session Pattern Assignment,50,6,360,3ff560f7f3edb12738d57107991f7787c1d70e765d2bae1044bdb74ae823798e,3699990431,e9b1f50d0a9386e590a790b62c134793f9381e07955a37259162737b30006999,True,bayesian_windowed_memory_off,A3 Ablation) Posterior Memory Off,False,500,500,0,0.0,500,466,0,0.932,0.932,0.9556579340742224,2.315931228316914,380.498,415.0,39.33389429199451,500,0,0,0,0,1.0,0.0,0.0,0.0,0.0,1.0,27.744,0.0,0.0,0.0,0.0,0.0,,0.0,0.0,31.581689248036128,7.418851737093064,0.0,0.3300233898626175,39.33056437499181,31.581689248036128,0.3300233898626175
20260711_164832_170489,bae7bf40726b12938559777771e8ab509aaf37f9f9bad6244622d6e70161ad2e,58,2187632449,2395032914,2187632449,18,500,50,60,5,30,10.0,120,current,Optimized Pattern Generator,dynamic_session,Dynamic Session Pattern Assignment,50,6,360,3ff560f7f3edb12738d57107991f7787c1d70e765d2bae1044bdb74ae823798e,3699990431,e9b1f50d0a9386e590a790b62c134793f9381e07955a37259162737b30006999,True,bayesian_windowed_timeprior_off,A3 Ablation) Time Prior Off,False,500,500,0,0.0,500,480,0,0.96,0.96,0.6048091899816873,1.8102594505305314,380.498,415.0,39.37500616599573,500,0,0,0,0,1.0,0.0,0.0,0.0,0.0,1.0,27.744,0.0,0.0,0.0,0.0,0.0,,0.0,0.0,31.625752161999117,7.418445711999084,0.0,0.3275261259987019,39.3717239999969,31.625752161999117,0.3275261259987019
20260711_164832_170489,bae7bf40726b12938559777771e8ab509aaf37f9f9bad6244622d6e70161ad2e,58,2187632449,433795876,2187632449,18,500,50,60,5,30,10.0,120,current,Optimized Pattern Generator,dynamic_session,Dynamic Session Pattern Assignment,50,6,360,3ff560f7f3edb12738d57107991f7787c1d70e765d2bae1044bdb74ae823798e,3699990431,e9b1f50d0a9386e590a790b62c134793f9381e07955a37259162737b30006999,True,bayesian_windowed_all_off,A3 Ablation) Time Prior + Memory Off,False,500,500,0,0.0,500,466,0,0.932,0.932,0.9571294536436177,2.3167907159957544,380.498,415.0,39.36107295799593,500,0,0,0,0,1.0,0.0,0.0,0.0,0.0,1.0,27.744,0.0,0.0,0.0,0.0,0.0,,0.0,0.0,31.60471070604399,7.432430032960838,0.0,0.3205293030041503,39.35767004200898,31.60471070604399,0.3205293030041503
20260711_164832_170489,bae7bf40726b12938559777771e8ab509aaf37f9f9bad6244622d6e70161ad2e,59,2187632450,1233724910,2187632450,19,500,50,60,5,30,10.0,120,current,Optimized Pattern Generator,dynamic_session,Dynamic Session Pattern Assignment,50,6,360,e70745b8d612d1f30e666e6119b6bd4a5a5d4dba157784d7eb012b61525f2dbc,3699990428,f62202b378269a80a06907855e8bc91d25e17f1fdc5b5c6bfba5a3351267ed9c,True,single_only,A1) Refined Cost + Greedy 1:1,True,500,500,0,0.0,500,469,0,0.938,0.938,1.0931415604821417,4.2610756654822115,381.644,417.1,41.345389875001274,500,0,0,0,0,1.0,0.0,0.0,0.0,0.0,1.0,28.564,0.0,0.0,0.0,0.0,0.0,,0.0,0.0,32.37777000007918,8.614521273950231,0.0,0.3497848089609761,41.34207608299039,32.37777000007918,0.3497848089609761
20260711_164832_170489,bae7bf40726b12938559777771e8ab509aaf37f9f9bad6244622d6e70161ad2e,59,2187632450,1545686484,2187632450,19,500,50,60,5,30,10.0,120,current,Optimized Pattern Generator,dynamic_session,Dynamic Session Pattern Assignment,50,6,360,e70745b8d612d1f30e666e6119b6bd4a5a5d4dba157784d7eb012b61525f2dbc,3699990428,f62202b378269a80a06907855e8bc91d25e17f1fdc5b5c6bfba5a3351267ed9c,True,single_only_dtw_off,A1 Ablation) DTW Off,False,500,500,0,0.0,500,443,0,0.886,0.886,0.8541336167733333,3.2566668766666664,381.644,417.1,41.38125504099298,500,0,0,0,0,1.0,0.0,0.0,0.0,0.0,1.0,28.564,0.0,0.0,0.0,0.0,0.0,,0.0,0.0,32.42107574106194,8.631637835991569,0.0,0.32518458894628566,41.377898165999795,32.42107574106194,0.32518458894628566
20260711_164832_170489,bae7bf40726b12938559777771e8ab509aaf37f9f9bad6244622d6e70161ad2e,59,2187632450,866312228,2187632450,19,500,50,60,5,30,10.0,120,current,Optimized Pattern Generator,dynamic_session,Dynamic Session Pattern Assignment,50,6,360,e70745b8d612d1f30e666e6119b6bd4a5a5d4dba157784d7eb012b61525f2dbc,3699990428,f62202b378269a80a06907855e8bc91d25e17f1fdc5b5c6bfba5a3351267ed9c,True,single_only_step_off,A1 Ablation) Step Signature Off,False,500,500,0,0.0,500,439,0,0.878,0.878,0.1898935368779103,1.0000002500000014,381.644,417.1,41.41982624999946,500,0,0,0,0,1.0,0.0,0.0,0.0,0.0,1.0,28.564,0.0,0.0,0.0,0.0,0.0,,0.0,0.0,32.44912158390798,8.641070019672043,0.0,0.32616818841779605,41.41635979199782,32.44912158390798,0.32616818841779605
20260711_164832_170489,bae7bf40726b12938559777771e8ab509aaf37f9f9bad6244622d6e70161ad2e,59,2187632450,1815193712,2187632450,19,500,50,60,5,30,10.0,120,current,Optimized Pattern Generator,dynamic_session,Dynamic Session Pattern Assignment,50,6,360,e70745b8d612d1f30e666e6119b6bd4a5a5d4dba157784d7eb012b61525f2dbc,3699990428,f62202b378269a80a06907855e8bc91d25e17f1fdc5b5c6bfba5a3351267ed9c,True,single_only_all_off,A1 Ablation) All Waveform Terms Off,False,500,500,0,0.0,500,346,0,0.692,0.692,1.23360028952,8.50000018,381.644,417.1,32.68902412499301,500,0,0,0,0,1.0,0.0,0.0,0.0,0.0,1.0,28.564,0.0,0.0,0.0,0.0,0.0,,0.0,0.0,32.32025825708115,0.02030491219193209,0.0,0.3450969557306962,32.68566012500378,32.32025825708115,0.3450969557306962
20260711_164832_170489,bae7bf40726b12938559777771e8ab509aaf37f9f9bad6244622d6e70161ad2e,59,2187632450,2184921451,2187632450,19,500,50,60,5,30,10.0,120,current,Optimized Pattern Generator,dynamic_session,Dynamic Session Pattern Assignment,50,6,360,e70745b8d612d1f30e666e6119b6bd4a5a5d4dba157784d7eb012b61525f2dbc,3699990428,f62202b378269a80a06907855e8bc91d25e17f1fdc5b5c6bfba5a3351267ed9c,True,nomura_original_interval_hungarian,A2) Corr+DTW + Hungarian,False,500,500,0,0.0,500,451,0,0.902,0.902,0.08592024294823646,0.4414287142401874,381.644,417.1,53.45249999999942,500,0,0,0,0,1.0,0.0,0.0,0.0,0.0,1.0,28.564,0.0,0.0,0.0,0.0,0.0,,0.0,0.0,32.48269183098455,20.63941203332797,0.0,0.3269485526980134,53.449052417010535,32.48269183098455,0.3269485526980134
20260711_164832_170489,bae7bf40726b12938559777771e8ab509aaf37f9f9bad6244622d6e70161ad2e,59,2187632450,2176353793,2187632450,19,500,50,60,5,30,10.0,120,current,Optimized Pattern Generator,dynamic_session,Dynamic Session Pattern Assignment,50,6,360,e70745b8d612d1f30e666e6119b6bd4a5a5d4dba157784d7eb012b61525f2dbc,3699990428,f62202b378269a80a06907855e8bc91d25e17f1fdc5b5c6bfba5a3351267ed9c,True,nomura_original_interval_hungarian_dtw_off,A2 Ablation) DTW Off (Corr-only),False,500,500,0,0.0,500,447,0,0.894,0.894,0.0753142118565046,0.30045783435223267,381.644,417.1,53.36385754200455,500,0,0,0,0,1.0,0.0,0.0,0.0,0.0,1.0,28.564,0.0,0.0,0.0,0.0,0.0,,0.0,0.0,32.411691990157124,20.61723490289296,0.0,0.3315494819544256,53.36047637500451,32.411691990157124,0.3315494819544256
20260711_164832_170489,bae7bf40726b12938559777771e8ab509aaf37f9f9bad6244622d6e70161ad2e,59,2187632450,1055930989,2187632450,19,500,50,60,5,30,10.0,120,current,Optimized Pattern Generator,dynamic_session,Dynamic Session Pattern Assignment,50,6,360,e70745b8d612d1f30e666e6119b6bd4a5a5d4dba157784d7eb012b61525f2dbc,3699990428,f62202b378269a80a06907855e8bc91d25e17f1fdc5b5c6bfba5a3351267ed9c,True,nomura_original_interval_hungarian_corr_off,A2 Ablation) Corr Off (DTW-only),False,500,500,0,0.0,500,394,0,0.788,0.788,0.0018393224808337608,0.21075857072630297,381.644,417.1,53.32626762500149,500,0,0,0,0,1.0,0.0,0.0,0.0,0.0,1.0,28.564,0.0,0.0,0.0,0.0,0.0,,0.0,0.0,32.3709563739103,20.603659541957313,0.0,0.34816641714132857,53.322782333008945,32.3709563739103,0.34816641714132857
20260711_164832_170489,bae7bf40726b12938559777771e8ab509aaf37f9f9bad6244622d6e70161ad2e,59,2187632450,542446086,2187632450,19,500,50,60,5,30,10.0,120,current,Optimized Pattern Generator,dynamic_session,Dynamic Session Pattern Assignment,50,6,360,e70745b8d612d1f30e666e6119b6bd4a5a5d4dba157784d7eb012b61525f2dbc,3699990428,f62202b378269a80a06907855e8bc91d25e17f1fdc5b5c6bfba5a3351267ed9c,True,nomura_original_interval_hungarian_all_off,A2 Ablation) All Waveform Terms Off,False,500,500,0,0.0,500,346,0,0.692,0.692,1.23360028952,8.50000018,381.644,417.1,32.607178542006295,500,0,0,0,0,1.0,0.0,0.0,0.0,0.0,1.0,28.564,0.0,0.0,0.0,0.0,0.0,,0.0,0.0,32.263827954855515,0.020201497842208482,0.0,0.31984738030587323,32.603876833003596,32.263827954855515,0.31984738030587323
20260711_164832_170489,bae7bf40726b12938559777771e8ab509aaf37f9f9bad6244622d6e70161ad2e,59,2187632450,1367392887,2187632450,19,500,50,60,5,30,10.0,120,current,Optimized Pattern Generator,dynamic_session,Dynamic Session Pattern Assignment,50,6,360,e70745b8d612d1f30e666e6119b6bd4a5a5d4dba157784d7eb012b61525f2dbc,3699990428,f62202b378269a80a06907855e8bc91d25e17f1fdc5b5c6bfba5a3351267ed9c,True,bayesian_windowed,A3) Two-Stage Bayesian Posterior + Hungarian,False,500,500,0,0.0,500,484,0,0.968,0.968,0.5640850117115972,2.03345049308611,381.644,417.1,40.55049537499144,500,0,0,0,0,1.0,0.0,0.0,0.0,0.0,1.0,28.564,0.0,0.0,0.0,0.0,0.0,,0.0,0.0,32.5916190398857,7.626068356985343,0.0,0.32952327012026217,40.547210666991305,32.5916190398857,0.32952327012026217
20260711_164832_170489,bae7bf40726b12938559777771e8ab509aaf37f9f9bad6244622d6e70161ad2e,59,2187632450,1977915873,2187632450,19,500,50,60,5,30,10.0,120,current,Optimized Pattern Generator,dynamic_session,Dynamic Session Pattern Assignment,50,6,360,e70745b8d612d1f30e666e6119b6bd4a5a5d4dba157784d7eb012b61525f2dbc,3699990428,f62202b378269a80a06907855e8bc91d25e17f1fdc5b5c6bfba5a3351267ed9c,True,bayesian_windowed_memory_off,A3 Ablation) Posterior Memory Off,False,500,500,0,0.0,500,470,0,0.94,0.94,0.9165079840495585,2.177970346295945,381.644,417.1,40.481461625007796,500,0,0,0,0,1.0,0.0,0.0,0.0,0.0,1.0,28.564,0.0,0.0,0.0,0.0,0.0,,0.0,0.0,32.52365846589964,7.6344692921557,0.0,0.32008832595602144,40.478216084011365,32.52365846589964,0.32008832595602144
20260711_164832_170489,bae7bf40726b12938559777771e8ab509aaf37f9f9bad6244622d6e70161ad2e,59,2187632450,2395032913,2187632450,19,500,50,60,5,30,10.0,120,current,Optimized Pattern Generator,dynamic_session,Dynamic Session Pattern Assignment,50,6,360,e70745b8d612d1f30e666e6119b6bd4a5a5d4dba157784d7eb012b61525f2dbc,3699990428,f62202b378269a80a06907855e8bc91d25e17f1fdc5b5c6bfba5a3351267ed9c,True,bayesian_windowed_timeprior_off,A3 Ablation) Time Prior Off,False,500,500,0,0.0,500,482,0,0.964,0.964,0.5673669665013505,2.043557026290883,381.644,417.1,40.597818125010235,500,0,0,0,0,1.0,0.0,0.0,0.0,0.0,1.0,28.564,0.0,0.0,0.0,0.0,0.0,,0.0,0.0,32.62235182481527,7.6439373152534245,0.0,0.328091067931382,40.594380208000075,32.62235182481527,0.328091067931382
20260711_164832_170489,bae7bf40726b12938559777771e8ab509aaf37f9f9bad6244622d6e70161ad2e,59,2187632450,433795879,2187632450,19,500,50,60,5,30,10.0,120,current,Optimized Pattern Generator,dynamic_session,Dynamic Session Pattern Assignment,50,6,360,e70745b8d612d1f30e666e6119b6bd4a5a5d4dba157784d7eb012b61525f2dbc,3699990428,f62202b378269a80a06907855e8bc91d25e17f1fdc5b5c6bfba5a3351267ed9c,True,bayesian_windowed_all_off,A3 Ablation) Time Prior + Memory Off,False,500,500,0,0.0,500,469,0,0.938,0.938,0.9179313534436033,2.181475701557187,381.644,417.1,40.602265042005456,500,0,0,0,0,1.0,0.0,0.0,0.0,0.0,1.0,28.564,0.0,0.0,0.0,0.0,0.0,,0.0,0.0,32.61447049821436,7.64305729213811,0.0,0.3413380846468499,40.59886587499932,32.61447049821436,0.3413380846468499
20260711_164832_170489,bae7bf40726b12938559777771e8ab509aaf37f9f9bad6244622d6e70161ad2e,60,2187632451,1233724911,2187632451,20,500,50,60,5,30,10.0,120,current,Optimized Pattern Generator,dynamic_session,Dynamic Session Pattern Assignment,50,6,360,1460b2625c352d15f02bbdde189b4052a52e38b79d8f3c764f2777b1809b24b4,3699990429,81b6002b6fd111579ffc61dab5e63b63280d6cf6653663055822660064e67b56,True,single_only,A1) Refined Cost + Greedy 1:1,True,500,500,0,0.0,500,463,0,0.926,0.926,1.1177260964579683,6.709934252111296,380.094,413.0,40.87810637499206,500,0,0,0,0,1.0,0.0,0.0,0.0,0.0,1.0,28.186,0.0,0.0,0.0,0.0,0.0,,0.0,0.0,32.02480981576082,8.519305907087983,0.0,0.3305556111445185,40.87467133399332,32.02480981576082,0.3305556111445185
20260711_164832_170489,bae7bf40726b12938559777771e8ab509aaf37f9f9bad6244622d6e70161ad2e,60,2187632451,1545686485,2187632451,20,500,50,60,5,30,10.0,120,current,Optimized Pattern Generator,dynamic_session,Dynamic Session Pattern Assignment,50,6,360,1460b2625c352d15f02bbdde189b4052a52e38b79d8f3c764f2777b1809b24b4,3699990429,81b6002b6fd111579ffc61dab5e63b63280d6cf6653663055822660064e67b56,True,single_only_dtw_off,A1 Ablation) DTW Off,False,500,500,0,0.0,500,449,0,0.898,0.898,0.85520027548,5.026667136666666,380.094,413.0,40.84606120799435,500,0,0,0,0,1.0,0.0,0.0,0.0,0.0,1.0,28.186,0.0,0.0,0.0,0.0,0.0,,0.0,0.0,31.962870340168593,8.538150698092068,0.0,0.34158708673203364,40.842608124992694,31.962870340168593,0.34158708673203364
20260711_164832_170489,bae7bf40726b12938559777771e8ab509aaf37f9f9bad6244622d6e70161ad2e,60,2187632451,866312229,2187632451,20,500,50,60,5,30,10.0,120,current,Optimized Pattern Generator,dynamic_session,Dynamic Session Pattern Assignment,50,6,360,1460b2625c352d15f02bbdde189b4052a52e38b79d8f3c764f2777b1809b24b4,3699990429,81b6002b6fd111579ffc61dab5e63b63280d6cf6653663055822660064e67b56,True,single_only_step_off,A1 Ablation) Step Signature Off,False,500,500,0,0.0,500,425,0,0.85,0.85,0.1841261234021278,0.9420384654963677,380.094,413.0,40.89521562500158,500,0,0,0,0,1.0,0.0,0.0,0.0,0.0,1.0,28.186,0.0,0.0,0.0,0.0,0.0,,0.0,0.0,32.03014363590046,8.534519198932685,0.0,0.32709762317244895,40.89176045800559,32.03014363590046,0.32709762317244895
20260711_164832_170489,bae7bf40726b12938559777771e8ab509aaf37f9f9bad6244622d6e70161ad2e,60,2187632451,1815193713,2187632451,20,500,50,60,5,30,10.0,120,current,Optimized Pattern Generator,dynamic_session,Dynamic Session Pattern Assignment,50,6,360,1460b2625c352d15f02bbdde189b4052a52e38b79d8f3c764f2777b1809b24b4,3699990429,81b6002b6fd111579ffc61dab5e63b63280d6cf6653663055822660064e67b56,True,single_only_all_off,A1 Ablation) All Waveform Terms Off,False,500,500,0,0.0,500,388,0,0.776,0.776,1.2248002747199997,6.90000045,380.094,413.0,32.34077537500707,500,0,0,0,0,1.0,0.0,0.0,0.0,0.0,1.0,28.186,0.0,0.0,0.0,0.0,0.0,,0.0,0.0,31.995255288129556,0.02027580194408074,0.0,0.3219865349237807,32.33751762499742,31.995255288129556,0.3219865349237807
20260711_164832_170489,bae7bf40726b12938559777771e8ab509aaf37f9f9bad6244622d6e70161ad2e,60,2187632451,2184921450,2187632451,20,500,50,60,5,30,10.0,120,current,Optimized Pattern Generator,dynamic_session,Dynamic Session Pattern Assignment,50,6,360,1460b2625c352d15f02bbdde189b4052a52e38b79d8f3c764f2777b1809b24b4,3699990429,81b6002b6fd111579ffc61dab5e63b63280d6cf6653663055822660064e67b56,True,nomura_original_interval_hungarian,A2) Corr+DTW + Hungarian,False,500,500,0,0.0,500,446,0,0.892,0.892,0.08438195330235132,0.4135102599860673,380.094,413.0,52.64315783299389,500,0,0,0,0,1.0,0.0,0.0,0.0,0.0,1.0,28.186,0.0,0.0,0.0,0.0,0.0,,0.0,0.0,31.958177248903667,20.342253355993307,0.0,0.3393551451008534,52.63978574999783,31.958177248903667,0.3393551451008534
20260711_164832_170489,bae7bf40726b12938559777771e8ab509aaf37f9f9bad6244622d6e70161ad2e,60,2187632451,2176353792,2187632451,20,500,50,60,5,30,10.0,120,current,Optimized Pattern Generator,dynamic_session,Dynamic Session Pattern Assignment,50,6,360,1460b2625c352d15f02bbdde189b4052a52e38b79d8f3c764f2777b1809b24b4,3699990429,81b6002b6fd111579ffc61dab5e63b63280d6cf6653663055822660064e67b56,True,nomura_original_interval_hungarian_dtw_off,A2 Ablation) DTW Off (Corr-only),False,500,500,0,0.0,500,433,0,0.866,0.866,0.07359601114263566,0.2692704557948027,380.094,413.0,53.59866429200338,500,0,0,0,0,1.0,0.0,0.0,0.0,0.0,1.0,28.186,0.0,0.0,0.0,0.0,0.0,,0.0,0.0,32.6835670198343,20.583839491810068,0.0,0.32677707135735545,53.59418358300172,32.6835670198343,0.32677707135735545
20260711_164832_170489,bae7bf40726b12938559777771e8ab509aaf37f9f9bad6244622d6e70161ad2e,60,2187632451,1055930988,2187632451,20,500,50,60,5,30,10.0,120,current,Optimized Pattern Generator,dynamic_session,Dynamic Session Pattern Assignment,50,6,360,1460b2625c352d15f02bbdde189b4052a52e38b79d8f3c764f2777b1809b24b4,3699990429,81b6002b6fd111579ffc61dab5e63b63280d6cf6653663055822660064e67b56,True,nomura_original_interval_hungarian_corr_off,A2 Ablation) Corr Off (DTW-only),False,500,500,0,0.0,500,398,0,0.796,0.796,0.0019611290121064645,0.21518619505370895,380.094,413.0,54.20486716600135,500,0,0,0,0,1.0,0.0,0.0,0.0,0.0,1.0,28.186,0.0,0.0,0.0,0.0,0.0,,0.0,0.0,33.153386919002514,20.690675819962053,0.0,0.35743738603196107,54.20150012499653,33.153386919002514,0.35743738603196107
20260711_164832_170489,bae7bf40726b12938559777771e8ab509aaf37f9f9bad6244622d6e70161ad2e,60,2187632451,542446087,2187632451,20,500,50,60,5,30,10.0,120,current,Optimized Pattern Generator,dynamic_session,Dynamic Session Pattern Assignment,50,6,360,1460b2625c352d15f02bbdde189b4052a52e38b79d8f3c764f2777b1809b24b4,3699990429,81b6002b6fd111579ffc61dab5e63b63280d6cf6653663055822660064e67b56,True,nomura_original_interval_hungarian_all_off,A2 Ablation) All Waveform Terms Off,False,500,500,0,0.0,500,388,0,0.776,0.776,1.2248002747199997,6.90000045,380.094,413.0,32.37305608400493,500,0,0,0,0,1.0,0.0,0.0,0.0,0.0,1.0,28.186,0.0,0.0,0.0,0.0,0.0,,0.0,0.0,32.01073698405526,0.020566813080222346,0.0,0.33839111986162607,32.369694916997105,32.01073698405526,0.33839111986162607
20260711_164832_170489,bae7bf40726b12938559777771e8ab509aaf37f9f9bad6244622d6e70161ad2e,60,2187632451,1367392886,2187632451,20,500,50,60,5,30,10.0,120,current,Optimized Pattern Generator,dynamic_session,Dynamic Session Pattern Assignment,50,6,360,1460b2625c352d15f02bbdde189b4052a52e38b79d8f3c764f2777b1809b24b4,3699990429,81b6002b6fd111579ffc61dab5e63b63280d6cf6653663055822660064e67b56,True,bayesian_windowed,A3) Two-Stage Bayesian Posterior + Hungarian,False,500,500,0,0.0,500,483,0,0.966,0.966,0.5689632037823705,1.6626725683087509,380.094,413.0,40.80908225000894,500,0,0,0,0,1.0,0.0,0.0,0.0,0.0,1.0,28.186,0.0,0.0,0.0,0.0,0.0,,0.0,0.0,32.801466529926984,7.677098325875704,0.0,0.32703835218853783,40.805603207991226,32.801466529926984,0.32703835218853783
20260711_164832_170489,bae7bf40726b12938559777771e8ab509aaf37f9f9bad6244622d6e70161ad2e,60,2187632451,1977915872,2187632451,20,500,50,60,5,30,10.0,120,current,Optimized Pattern Generator,dynamic_session,Dynamic Session Pattern Assignment,50,6,360,1460b2625c352d15f02bbdde189b4052a52e38b79d8f3c764f2777b1809b24b4,3699990429,81b6002b6fd111579ffc61dab5e63b63280d6cf6653663055822660064e67b56,True,bayesian_windowed_memory_off,A3 Ablation) Posterior Memory Off,False,500,500,0,0.0,500,463,0,0.926,0.926,0.9268302349662261,2.2509275778410838,380.094,413.0,41.813103459004196,500,0,0,0,0,1.0,0.0,0.0,0.0,0.0,1.0,28.186,0.0,0.0,0.0,0.0,0.0,,0.0,0.0,33.72429262600781,7.7508362379303435,0.0,0.33428417704999447,41.80941304098815,33.72429262600781,0.33428417704999447
20260711_164832_170489,bae7bf40726b12938559777771e8ab509aaf37f9f9bad6244622d6e70161ad2e,60,2187632451,2395032912,2187632451,20,500,50,60,5,30,10.0,120,current,Optimized Pattern Generator,dynamic_session,Dynamic Session Pattern Assignment,50,6,360,1460b2625c352d15f02bbdde189b4052a52e38b79d8f3c764f2777b1809b24b4,3699990429,81b6002b6fd111579ffc61dab5e63b63280d6cf6653663055822660064e67b56,True,bayesian_windowed_timeprior_off,A3 Ablation) Time Prior Off,False,500,500,0,0.0,500,483,0,0.966,0.966,0.5724463358113084,1.663699649565423,380.094,413.0,40.00377899999148,500,0,0,0,0,1.0,0.0,0.0,0.0,0.0,1.0,28.186,0.0,0.0,0.0,0.0,0.0,,0.0,0.0,32.11333399002615,7.564093240885995,0.0,0.3229473940882599,40.000374625000404,32.11333399002615,0.3229473940882599
20260711_164832_170489,bae7bf40726b12938559777771e8ab509aaf37f9f9bad6244622d6e70161ad2e,60,2187632451,433795878,2187632451,20,500,50,60,5,30,10.0,120,current,Optimized Pattern Generator,dynamic_session,Dynamic Session Pattern Assignment,50,6,360,1460b2625c352d15f02bbdde189b4052a52e38b79d8f3c764f2777b1809b24b4,3699990429,81b6002b6fd111579ffc61dab5e63b63280d6cf6653663055822660064e67b56,True,bayesian_windowed_all_off,A3 Ablation) Time Prior + Memory Off,False,500,500,0,0.0,500,463,0,0.926,0.926,0.9281633901483182,2.251146012559999,380.094,413.0,40.93792112499068,500,0,0,0,0,1.0,0.0,0.0,0.0,0.0,1.0,28.186,0.0,0.0,0.0,0.0,0.0,,0.0,0.0,32.95982741416083,7.647214957949473,0.0,0.3274700868932996,40.9345124590036,32.95982741416083,0.3274700868932996
