run_id,config_hash,scenario_id,scenario_seed,algo_seed,seed,repeat_idx,ev_count,evse_count,tau_s,charger_sample_s,ev_sample_s,matcher_delay_max_s,candidate_margin_s,pattern_mode,pattern_mode_label,pattern_assignment_mode,pattern_assignment_mode_label,pattern_unique_count,command_step_count,window_s,scenario_hash,response_lag_min_s,response_lag_mean_s,response_lag_max_s,response_ramp_min_a_per_s,response_ramp_mean_a_per_s,response_ramp_max_a_per_s,codebook_unique_patterns,codebook_pairwise_l1_min_a,codebook_pairwise_l1_mean_a,codebook_internal_gap_min_a,codebook_consec_step_min_a,codebook_terminal_branch,codebook_ladder_rungs,codebook_setpoint_lo_a,codebook_setpoint_hi_a,ingest_seed,ingestion_signature_sha256,ingestion_signature_match_ref,algorithm_id,algorithm_label,is_current,requested_evs,admitted_evs,blocked_evs,blocked_ratio,total_evs,correct,unmatched,accuracy,accuracy_requested,avg_cost,max_cost,avg_latency_s,p90_latency_s,assignment_runtime_s,window_watermark_count,session_end_before_watermark_count,session_end_fallback_count,timeline_end_fallback_count,fallback_finalized_count,window_watermark_ratio,session_end_before_watermark_ratio,session_end_fallback_ratio,timeline_end_fallback_ratio,fallback_finalized_ratio,gt_in_candidates_ratio,avg_candidates_per_ev,no_candidate_rows_total,fallback_to_all_rows_total,gt_recovered_by_fallback_count,no_candidate_rows_ratio,fallback_to_all_rows_ratio,gt_recovered_by_fallback_ratio,candidate_query_lead_max_s,candidate_future_query_violation_count,runtime_s_candidate_build,runtime_s_assignment,runtime_s_fallback,runtime_s_other,runtime_s_total,runtime_s_cost,runtime_s_loop
20260908_170955_253072,7c10f310757afff0281c7d59102a98ab5b24d276bea06c8399a914da503ce4cd,1,2187632392,1421914756,2187632392,1,100,50,60,5,30,10.0,120,current,Optimized Pattern Generator,dynamic_session,Dynamic Session Pattern Assignment,50,6,360,20a16f36b935f410b2575b525041f5baa95ded32309117dffc319aea3cfdfa7d,2.0,17.78,30.0,1.0042435229028182,5.469237356313698,9.717273571898328,50,7.0,44.304489795918364,1.0,1.0,True,20,6,30,3699990486,aaa101860b6b017f3077e2248cdbc01f5c1c1e3b66f53e7b74789f5ef5f53053,True,time_only_baseline,A0) Time Prior + Hungarian (Baseline),False,100,100,0,0.0,100,92,0,0.92,0.92,1.2290002426,7.20000046,378.1,395.1,3.421209791995352,100,0,0,0,0,1.0,0.0,0.0,0.0,0.0,1.0,6.2,0.0,0.0,0.0,0.0,0.0,,0.0,0.0,3.236931168998126,0.005613036832073703,0.0,0.17782387815532275,3.4203680839855224,3.236931168998126,0.17782387815532275
20260908_170955_253072,7c10f310757afff0281c7d59102a98ab5b24d276bea06c8399a914da503ce4cd,1,2187632392,1233724836,2187632392,1,100,50,60,5,30,10.0,120,current,Optimized Pattern Generator,dynamic_session,Dynamic Session Pattern Assignment,50,6,360,20a16f36b935f410b2575b525041f5baa95ded32309117dffc319aea3cfdfa7d,2.0,17.78,30.0,1.0042435229028182,5.469237356313698,9.717273571898328,50,7.0,44.304489795918364,1.0,1.0,True,20,6,30,3699990486,aaa101860b6b017f3077e2248cdbc01f5c1c1e3b66f53e7b74789f5ef5f53053,True,single_only,A1) Refined Cost + Greedy 1:1,True,100,100,0,0.0,100,99,0,0.99,0.99,0.9966461003631791,2.89589344413222,378.1,395.1,4.2297921660065185,100,0,0,0,0,1.0,0.0,0.0,0.0,0.0,1.0,6.2,0.0,0.0,0.0,0.0,0.0,,0.0,0.0,3.3386376650596503,0.706661417032592,0.0,0.18371387591469102,4.229012958006933,3.3386376650596503,0.18371387591469102
20260908_170955_253072,7c10f310757afff0281c7d59102a98ab5b24d276bea06c8399a914da503ce4cd,1,2187632392,2184921377,2187632392,1,100,50,60,5,30,10.0,120,current,Optimized Pattern Generator,dynamic_session,Dynamic Session Pattern Assignment,50,6,360,20a16f36b935f410b2575b525041f5baa95ded32309117dffc319aea3cfdfa7d,2.0,17.78,30.0,1.0042435229028182,5.469237356313698,9.717273571898328,50,7.0,44.304489795918364,1.0,1.0,True,20,6,30,3699990486,aaa101860b6b017f3077e2248cdbc01f5c1c1e3b66f53e7b74789f5ef5f53053,True,nomura_original_interval_hungarian,A2) Corr+DTW + Hungarian,False,100,100,0,0.0,100,100,0,1.0,1.0,0.06703490074157531,0.2265899806692479,378.1,395.1,5.687070957996184,100,0,0,0,0,1.0,0.0,0.0,0.0,0.0,1.0,6.2,0.0,0.0,0.0,0.0,0.0,,0.0,0.0,3.6319127080205362,1.8608208750665653,0.0,0.19356324992259033,5.686296833009692,3.6319127080205362,0.19356324992259033
20260908_170955_253072,7c10f310757afff0281c7d59102a98ab5b24d276bea06c8399a914da503ce4cd,1,2187632392,1367392829,2187632392,1,100,50,60,5,30,10.0,120,current,Optimized Pattern Generator,dynamic_session,Dynamic Session Pattern Assignment,50,6,360,20a16f36b935f410b2575b525041f5baa95ded32309117dffc319aea3cfdfa7d,2.0,17.78,30.0,1.0042435229028182,5.469237356313698,9.717273571898328,50,7.0,44.304489795918364,1.0,1.0,True,20,6,30,3699990486,aaa101860b6b017f3077e2248cdbc01f5c1c1e3b66f53e7b74789f5ef5f53053,True,bayesian_windowed,A3) Two-Stage Bayesian Posterior + Hungarian,False,100,100,0,0.0,100,100,0,1.0,1.0,0.1768837656093574,0.8340718184189124,378.1,395.1,4.318316290999064,100,0,0,0,0,1.0,0.0,0.0,0.0,0.0,1.0,6.2,0.0,0.0,0.0,0.0,0.0,,0.0,0.0,3.4481897478108294,0.6787488793197554,0.0,0.1905211228877306,4.317459750018315,3.4481897478108294,0.1905211228877306
20260908_170955_253072,7c10f310757afff0281c7d59102a98ab5b24d276bea06c8399a914da503ce4cd,2,2187632393,1421914757,2187632393,2,100,50,60,5,30,10.0,120,current,Optimized Pattern Generator,dynamic_session,Dynamic Session Pattern Assignment,50,6,360,764a88e641c365542d5703a95eeac7c715349c25326f5e90b032ed5d4e880a86,2.0,16.04,30.0,1.1126030301560283,5.992606095632429,9.880029670344673,50,6.0,42.79020408163265,1.0,1.0,True,20,6,30,3699990487,2c12d0d0f7f6412da8f0e148bc8b666226b67d58a6c4583ac1dc9da1c2d9f1d0,True,time_only_baseline,A0) Time Prior + Hungarian (Baseline),False,100,100,0,0.0,100,93,0,0.93,0.93,1.3870002655000004,7.30000005,378.81,403.3,4.380210458009969,100,0,0,0,0,1.0,0.0,0.0,0.0,0.0,1.0,6.05,0.0,0.0,0.0,0.0,0.0,,0.0,0.0,4.135451284848386,0.006792002997826785,0.0,0.23713742016116157,4.379380708007375,4.135451284848386,0.23713742016116157
20260908_170955_253072,7c10f310757afff0281c7d59102a98ab5b24d276bea06c8399a914da503ce4cd,2,2187632393,1233724837,2187632393,2,100,50,60,5,30,10.0,120,current,Optimized Pattern Generator,dynamic_session,Dynamic Session Pattern Assignment,50,6,360,764a88e641c365542d5703a95eeac7c715349c25326f5e90b032ed5d4e880a86,2.0,16.04,30.0,1.1126030301560283,5.992606095632429,9.880029670344673,50,6.0,42.79020408163265,1.0,1.0,True,20,6,30,3699990487,2c12d0d0f7f6412da8f0e148bc8b666226b67d58a6c4583ac1dc9da1c2d9f1d0,True,single_only,A1) Refined Cost + Greedy 1:1,True,100,100,0,0.0,100,100,0,1.0,1.0,0.8676613914864418,2.348142729311621,378.81,403.3,5.414833834016463,100,0,0,0,0,1.0,0.0,0.0,0.0,0.0,1.0,6.05,0.0,0.0,0.0,0.0,0.0,,0.0,0.0,4.258084961824352,0.9049170870566741,0.0,0.25075253410614096,5.413754582987167,4.258084961824352,0.25075253410614096
20260908_170955_253072,7c10f310757afff0281c7d59102a98ab5b24d276bea06c8399a914da503ce4cd,2,2187632393,2184921376,2187632393,2,100,50,60,5,30,10.0,120,current,Optimized Pattern Generator,dynamic_session,Dynamic Session Pattern Assignment,50,6,360,764a88e641c365542d5703a95eeac7c715349c25326f5e90b032ed5d4e880a86,2.0,16.04,30.0,1.1126030301560283,5.992606095632429,9.880029670344673,50,6.0,42.79020408163265,1.0,1.0,True,20,6,30,3699990487,2c12d0d0f7f6412da8f0e148bc8b666226b67d58a6c4583ac1dc9da1c2d9f1d0,True,nomura_original_interval_hungarian,A2) Corr+DTW + Hungarian,False,100,100,0,0.0,100,100,0,1.0,1.0,0.06739978684925317,0.19331599072404118,378.81,403.3,6.966958250006428,100,0,0,0,0,1.0,0.0,0.0,0.0,0.0,1.0,6.05,0.0,0.0,0.0,0.0,0.0,,0.0,0.0,4.432856454979628,2.284784373245202,0.0,0.24834721279330552,6.965988041018136,4.432856454979628,0.24834721279330552
20260908_170955_253072,7c10f310757afff0281c7d59102a98ab5b24d276bea06c8399a914da503ce4cd,2,2187632393,1367392828,2187632393,2,100,50,60,5,30,10.0,120,current,Optimized Pattern Generator,dynamic_session,Dynamic Session Pattern Assignment,50,6,360,764a88e641c365542d5703a95eeac7c715349c25326f5e90b032ed5d4e880a86,2.0,16.04,30.0,1.1126030301560283,5.992606095632429,9.880029670344673,50,6.0,42.79020408163265,1.0,1.0,True,20,6,30,3699990487,2c12d0d0f7f6412da8f0e148bc8b666226b67d58a6c4583ac1dc9da1c2d9f1d0,True,bayesian_windowed,A3) Two-Stage Bayesian Posterior + Hungarian,False,100,100,0,0.0,100,100,0,1.0,1.0,0.10858987327243615,0.7262553029792432,378.81,403.3,5.524472290999256,100,0,0,0,0,1.0,0.0,0.0,0.0,0.0,1.0,6.05,0.0,0.0,0.0,0.0,0.0,,0.0,0.0,4.405126666970318,0.8596490020281635,0.0,0.25863003902486525,5.523405708023347,4.405126666970318,0.25863003902486525
20260908_170955_253072,7c10f310757afff0281c7d59102a98ab5b24d276bea06c8399a914da503ce4cd,3,2187632394,1421914758,2187632394,3,100,50,60,5,30,10.0,120,current,Optimized Pattern Generator,dynamic_session,Dynamic Session Pattern Assignment,50,6,360,0744899b5c56e053363ab6fd19cbf959cc8885c517f16095d99a5ece3e21f9a5,2.0,15.34,29.0,1.0638210279823088,5.4508253831378575,9.946266093045969,50,9.0,42.34122448979592,1.0,1.0,True,20,6,30,3699990484,0544e29b93b24bdecb16e42b131e8d5723267a02f0af8871e94bb70df0514030,True,time_only_baseline,A0) Time Prior + Hungarian (Baseline),False,100,100,0,0.0,100,94,0,0.94,0.94,1.6410002505999999,7.800000390000001,382.46,416.0,4.921380291983951,100,0,0,0,0,1.0,0.0,0.0,0.0,0.0,1.0,5.99,0.0,0.0,0.0,0.0,0.0,,0.0,0.0,4.688367290043971,0.007408952951664105,0.0,0.2246587990084663,4.920435042004101,4.688367290043971,0.2246587990084663
20260908_170955_253072,7c10f310757afff0281c7d59102a98ab5b24d276bea06c8399a914da503ce4cd,3,2187632394,1233724838,2187632394,3,100,50,60,5,30,10.0,120,current,Optimized Pattern Generator,dynamic_session,Dynamic Session Pattern Assignment,50,6,360,0744899b5c56e053363ab6fd19cbf959cc8885c517f16095d99a5ece3e21f9a5,2.0,15.34,29.0,1.0638210279823088,5.4508253831378575,9.946266093045969,50,9.0,42.34122448979592,1.0,1.0,True,20,6,30,3699990484,0544e29b93b24bdecb16e42b131e8d5723267a02f0af8871e94bb70df0514030,True,single_only,A1) Refined Cost + Greedy 1:1,True,100,100,0,0.0,100,100,0,1.0,1.0,0.8619320194326003,3.0607685966502625,382.46,416.0,5.686686667002505,100,0,0,0,0,1.0,0.0,0.0,0.0,0.0,1.0,5.99,0.0,0.0,0.0,0.0,0.0,,0.0,0.0,4.475663837045431,0.9792460388562176,0.0,0.23095562407979742,5.685865499981446,4.475663837045431,0.23095562407979742
20260908_170955_253072,7c10f310757afff0281c7d59102a98ab5b24d276bea06c8399a914da503ce4cd,3,2187632394,2184921379,2187632394,3,100,50,60,5,30,10.0,120,current,Optimized Pattern Generator,dynamic_session,Dynamic Session Pattern Assignment,50,6,360,0744899b5c56e053363ab6fd19cbf959cc8885c517f16095d99a5ece3e21f9a5,2.0,15.34,29.0,1.0638210279823088,5.4508253831378575,9.946266093045969,50,9.0,42.34122448979592,1.0,1.0,True,20,6,30,3699990484,0544e29b93b24bdecb16e42b131e8d5723267a02f0af8871e94bb70df0514030,True,nomura_original_interval_hungarian,A2) Corr+DTW + Hungarian,False,100,100,0,0.0,100,100,0,1.0,1.0,0.07162050586019598,0.21666828654851764,382.46,416.0,5.875656166987028,100,0,0,0,0,1.0,0.0,0.0,0.0,0.0,1.0,5.99,0.0,0.0,0.0,0.0,0.0,,0.0,0.0,3.651559835881926,2.0031714180950075,0.0,0.22012203803751618,5.87485329201445,3.651559835881926,0.22012203803751618
20260908_170955_253072,7c10f310757afff0281c7d59102a98ab5b24d276bea06c8399a914da503ce4cd,3,2187632394,1367392831,2187632394,3,100,50,60,5,30,10.0,120,current,Optimized Pattern Generator,dynamic_session,Dynamic Session Pattern Assignment,50,6,360,0744899b5c56e053363ab6fd19cbf959cc8885c517f16095d99a5ece3e21f9a5,2.0,15.34,29.0,1.0638210279823088,5.4508253831378575,9.946266093045969,50,9.0,42.34122448979592,1.0,1.0,True,20,6,30,3699990484,0544e29b93b24bdecb16e42b131e8d5723267a02f0af8871e94bb70df0514030,True,bayesian_windowed,A3) Two-Stage Bayesian Posterior + Hungarian,False,100,100,0,0.0,100,99,0,0.99,0.99,0.12591449558619688,1.0093688593371166,382.46,416.0,4.794697834004182,100,0,0,0,0,1.0,0.0,0.0,0.0,0.0,1.0,5.99,0.0,0.0,0.0,0.0,0.0,,0.0,0.0,3.838734624121571,0.7465188348724041,0.0,0.2085398740018718,4.793793332995847,3.838734624121571,0.2085398740018718
20260908_170955_253072,7c10f310757afff0281c7d59102a98ab5b24d276bea06c8399a914da503ce4cd,4,2187632395,1421914759,2187632395,4,100,50,60,5,30,10.0,120,current,Optimized Pattern Generator,dynamic_session,Dynamic Session Pattern Assignment,50,6,360,85bd201cb2ce5659f7a5d18f1748a5fac6a9245b8b15f416d9c01e54a559333f,2.0,15.62,30.0,1.0405939631620318,5.616109380557907,9.933820589796687,50,6.0,44.07673469387755,1.0,1.0,True,20,6,30,3699990485,c215b937d58c67d408e77cabe7c76ebdc3791c26dc0e6d07b8716f098df3aaf4,True,time_only_baseline,A0) Time Prior + Hungarian (Baseline),False,100,100,0,0.0,100,94,0,0.94,0.94,1.4790002535,8.200000160000002,378.08,405.2000000000001,3.6871112090011593,100,0,0,0,0,1.0,0.0,0.0,0.0,0.0,1.0,6.08,0.0,0.0,0.0,0.0,0.0,,0.0,0.0,3.479437085276004,0.005560455931117758,0.0,0.20127904179389589,3.6862765830010176,3.479437085276004,0.20127904179389589
20260908_170955_253072,7c10f310757afff0281c7d59102a98ab5b24d276bea06c8399a914da503ce4cd,4,2187632395,1233724839,2187632395,4,100,50,60,5,30,10.0,120,current,Optimized Pattern Generator,dynamic_session,Dynamic Session Pattern Assignment,50,6,360,85bd201cb2ce5659f7a5d18f1748a5fac6a9245b8b15f416d9c01e54a559333f,2.0,15.62,30.0,1.0405939631620318,5.616109380557907,9.933820589796687,50,6.0,44.07673469387755,1.0,1.0,True,20,6,30,3699990485,c215b937d58c67d408e77cabe7c76ebdc3791c26dc0e6d07b8716f098df3aaf4,True,single_only,A1) Refined Cost + Greedy 1:1,True,100,100,0,0.0,100,100,0,1.0,1.0,1.0243534418502132,3.367470012379628,378.08,405.2000000000001,4.472025583003415,100,0,0,0,0,1.0,0.0,0.0,0.0,0.0,1.0,6.08,0.0,0.0,0.0,0.0,0.0,,0.0,0.0,3.473942837852519,0.7922463290742598,0.0,0.20443895805510692,4.470628124981886,3.473942837852519,0.20443895805510692
20260908_170955_253072,7c10f310757afff0281c7d59102a98ab5b24d276bea06c8399a914da503ce4cd,4,2187632395,2184921378,2187632395,4,100,50,60,5,30,10.0,120,current,Optimized Pattern Generator,dynamic_session,Dynamic Session Pattern Assignment,50,6,360,85bd201cb2ce5659f7a5d18f1748a5fac6a9245b8b15f416d9c01e54a559333f,2.0,15.62,30.0,1.0405939631620318,5.616109380557907,9.933820589796687,50,6.0,44.07673469387755,1.0,1.0,True,20,6,30,3699990485,c215b937d58c67d408e77cabe7c76ebdc3791c26dc0e6d07b8716f098df3aaf4,True,nomura_original_interval_hungarian,A2) Corr+DTW + Hungarian,False,100,100,0,0.0,100,100,0,1.0,1.0,0.0633175029103556,0.1807000288730271,378.08,405.2000000000001,6.015604499989422,100,0,0,0,0,1.0,0.0,0.0,0.0,0.0,1.0,6.08,0.0,0.0,0.0,0.0,0.0,,0.0,0.0,3.7351958341896534,2.070752625906607,0.0,0.20836278991191648,6.014311250008177,3.7351958341896534,0.20836278991191648
20260908_170955_253072,7c10f310757afff0281c7d59102a98ab5b24d276bea06c8399a914da503ce4cd,4,2187632395,1367392830,2187632395,4,100,50,60,5,30,10.0,120,current,Optimized Pattern Generator,dynamic_session,Dynamic Session Pattern Assignment,50,6,360,85bd201cb2ce5659f7a5d18f1748a5fac6a9245b8b15f416d9c01e54a559333f,2.0,15.62,30.0,1.0405939631620318,5.616109380557907,9.933820589796687,50,6.0,44.07673469387755,1.0,1.0,True,20,6,30,3699990485,c215b937d58c67d408e77cabe7c76ebdc3791c26dc0e6d07b8716f098df3aaf4,True,bayesian_windowed,A3) Two-Stage Bayesian Posterior + Hungarian,False,100,100,0,0.0,100,100,0,1.0,1.0,0.15196213150409885,1.0033566404576764,378.08,405.2000000000001,4.398247750010341,100,0,0,0,0,1.0,0.0,0.0,0.0,0.0,1.0,6.08,0.0,0.0,0.0,0.0,0.0,,0.0,0.0,3.4680572850920726,0.7201464639510959,0.0,0.20899450095021166,4.39719824999338,3.4680572850920726,0.20899450095021166
20260908_170955_253072,7c10f310757afff0281c7d59102a98ab5b24d276bea06c8399a914da503ce4cd,5,2187632396,1421914752,2187632396,5,100,50,60,5,30,10.0,120,current,Optimized Pattern Generator,dynamic_session,Dynamic Session Pattern Assignment,50,6,360,741213ed8ab90e242508c64f04739c946bc2df8aa786f6d1a364be1f7a9e5d5b,2.0,16.95,30.0,1.003737082233617,5.361237890294389,9.971556343514154,50,10.0,40.31755102040816,1.0,1.0,True,20,6,30,3699990482,82169c1ae5290a700c618b423a3e1aba2b0451a12aa1ca36a52f99c5cf5a0b49,True,time_only_baseline,A0) Time Prior + Hungarian (Baseline),False,100,100,0,0.0,100,94,0,0.94,0.94,1.5620002613,8.00000003,381.46,410.1,3.4797594580159057,100,0,0,0,0,1.0,0.0,0.0,0.0,0.0,1.0,5.87,0.0,0.0,0.0,0.0,0.0,,0.0,0.0,3.2837752000486944,0.00555770902428776,0.0,0.1896878409315832,3.4790207500045653,3.2837752000486944,0.1896878409315832
20260908_170955_253072,7c10f310757afff0281c7d59102a98ab5b24d276bea06c8399a914da503ce4cd,5,2187632396,1233724832,2187632396,5,100,50,60,5,30,10.0,120,current,Optimized Pattern Generator,dynamic_session,Dynamic Session Pattern Assignment,50,6,360,741213ed8ab90e242508c64f04739c946bc2df8aa786f6d1a364be1f7a9e5d5b,2.0,16.95,30.0,1.003737082233617,5.361237890294389,9.971556343514154,50,10.0,40.31755102040816,1.0,1.0,True,20,6,30,3699990482,82169c1ae5290a700c618b423a3e1aba2b0451a12aa1ca36a52f99c5cf5a0b49,True,single_only,A1) Refined Cost + Greedy 1:1,True,100,100,0,0.0,100,100,0,1.0,1.0,0.8290054062816625,2.811945030724765,381.46,410.1,4.556767208996462,100,0,0,0,0,1.0,0.0,0.0,0.0,0.0,1.0,5.87,0.0,0.0,0.0,0.0,0.0,,0.0,0.0,3.565870791004272,0.7929906669014599,0.0,0.19709808408515528,4.555959541990887,3.565870791004272,0.19709808408515528
20260908_170955_253072,7c10f310757afff0281c7d59102a98ab5b24d276bea06c8399a914da503ce4cd,5,2187632396,2184921381,2187632396,5,100,50,60,5,30,10.0,120,current,Optimized Pattern Generator,dynamic_session,Dynamic Session Pattern Assignment,50,6,360,741213ed8ab90e242508c64f04739c946bc2df8aa786f6d1a364be1f7a9e5d5b,2.0,16.95,30.0,1.003737082233617,5.361237890294389,9.971556343514154,50,10.0,40.31755102040816,1.0,1.0,True,20,6,30,3699990482,82169c1ae5290a700c618b423a3e1aba2b0451a12aa1ca36a52f99c5cf5a0b49,True,nomura_original_interval_hungarian,A2) Corr+DTW + Hungarian,False,100,100,0,0.0,100,99,0,0.99,0.99,0.061393948865344654,0.14709390765320743,381.46,410.1,5.369841625011759,100,0,0,0,0,1.0,0.0,0.0,0.0,0.0,1.0,5.87,0.0,0.0,0.0,0.0,0.0,,0.0,0.0,3.3159646668937057,1.8496988769329619,0.0,0.20336799818323925,5.369031542009907,3.3159646668937057,0.20336799818323925
20260908_170955_253072,7c10f310757afff0281c7d59102a98ab5b24d276bea06c8399a914da503ce4cd,5,2187632396,1367392825,2187632396,5,100,50,60,5,30,10.0,120,current,Optimized Pattern Generator,dynamic_session,Dynamic Session Pattern Assignment,50,6,360,741213ed8ab90e242508c64f04739c946bc2df8aa786f6d1a364be1f7a9e5d5b,2.0,16.95,30.0,1.003737082233617,5.361237890294389,9.971556343514154,50,10.0,40.31755102040816,1.0,1.0,True,20,6,30,3699990482,82169c1ae5290a700c618b423a3e1aba2b0451a12aa1ca36a52f99c5cf5a0b49,True,bayesian_windowed,A3) Two-Stage Bayesian Posterior + Hungarian,False,100,100,0,0.0,100,100,0,1.0,1.0,0.12259087899360804,0.718360532252872,381.46,410.1,4.1803547499876,100,0,0,0,0,1.0,0.0,0.0,0.0,0.0,1.0,5.87,0.0,0.0,0.0,0.0,0.0,,0.0,0.0,3.3049002922780346,0.6722760847769678,0.0,0.20234016395988874,4.179516541014891,3.3049002922780346,0.20234016395988874
20260908_170955_253072,7c10f310757afff0281c7d59102a98ab5b24d276bea06c8399a914da503ce4cd,6,2187632397,1421914753,2187632397,6,100,50,60,5,30,10.0,120,current,Optimized Pattern Generator,dynamic_session,Dynamic Session Pattern Assignment,50,6,360,c0f7c508e189f70474c4417f98ba2007182ee3e4d4f0e6105a0de72367af86b8,2.0,16.17,29.0,1.0191797854335352,5.590279283303024,9.970919048616333,50,7.0,38.693061224489796,1.0,1.0,True,20,6,30,3699990483,ae135dd7963c1301803e49bbb51fbfee93214761377abf32f5e8d33b3aeea3ac,True,time_only_baseline,A0) Time Prior + Hungarian (Baseline),False,100,100,0,0.0,100,92,0,0.92,0.92,1.6860002611999996,8.40000029,383.22,427.20000000000005,3.4510799999989104,100,0,0,0,0,1.0,0.0,0.0,0.0,0.0,1.0,5.89,0.0,0.0,0.0,0.0,0.0,,0.0,0.0,3.253954575979151,0.00516803830396384,0.0,0.19120496872346848,3.450327583006583,3.253954575979151,0.19120496872346848
20260908_170955_253072,7c10f310757afff0281c7d59102a98ab5b24d276bea06c8399a914da503ce4cd,6,2187632397,1233724833,2187632397,6,100,50,60,5,30,10.0,120,current,Optimized Pattern Generator,dynamic_session,Dynamic Session Pattern Assignment,50,6,360,c0f7c508e189f70474c4417f98ba2007182ee3e4d4f0e6105a0de72367af86b8,2.0,16.17,29.0,1.0191797854335352,5.590279283303024,9.970919048616333,50,7.0,38.693061224489796,1.0,1.0,True,20,6,30,3699990483,ae135dd7963c1301803e49bbb51fbfee93214761377abf32f5e8d33b3aeea3ac,True,single_only,A1) Refined Cost + Greedy 1:1,True,100,100,0,0.0,100,100,0,1.0,1.0,0.879843775907101,2.498497958117811,383.22,427.20000000000005,4.131923915992957,100,0,0,0,0,1.0,0.0,0.0,0.0,0.0,1.0,5.89,0.0,0.0,0.0,0.0,0.0,,0.0,0.0,3.1954942509473767,0.74096500989981,0.0,0.19467398917186074,4.131133250019047,3.1954942509473767,0.19467398917186074
20260908_170955_253072,7c10f310757afff0281c7d59102a98ab5b24d276bea06c8399a914da503ce4cd,6,2187632397,2184921380,2187632397,6,100,50,60,5,30,10.0,120,current,Optimized Pattern Generator,dynamic_session,Dynamic Session Pattern Assignment,50,6,360,c0f7c508e189f70474c4417f98ba2007182ee3e4d4f0e6105a0de72367af86b8,2.0,16.17,29.0,1.0191797854335352,5.590279283303024,9.970919048616333,50,7.0,38.693061224489796,1.0,1.0,True,20,6,30,3699990483,ae135dd7963c1301803e49bbb51fbfee93214761377abf32f5e8d33b3aeea3ac,True,nomura_original_interval_hungarian,A2) Corr+DTW + Hungarian,False,100,100,0,0.0,100,100,0,1.0,1.0,0.06576184149386552,0.18303597735026347,383.22,427.20000000000005,5.558006999985082,100,0,0,0,0,1.0,0.0,0.0,0.0,0.0,1.0,5.89,0.0,0.0,0.0,0.0,0.0,,0.0,0.0,3.458537213038653,1.9253197491925675,0.0,0.17266245477367193,5.556519417004893,3.458537213038653,0.17266245477367193
20260908_170955_253072,7c10f310757afff0281c7d59102a98ab5b24d276bea06c8399a914da503ce4cd,6,2187632397,1367392824,2187632397,6,100,50,60,5,30,10.0,120,current,Optimized Pattern Generator,dynamic_session,Dynamic Session Pattern Assignment,50,6,360,c0f7c508e189f70474c4417f98ba2007182ee3e4d4f0e6105a0de72367af86b8,2.0,16.17,29.0,1.0191797854335352,5.590279283303024,9.970919048616333,50,7.0,38.693061224489796,1.0,1.0,True,20,6,30,3699990483,ae135dd7963c1301803e49bbb51fbfee93214761377abf32f5e8d33b3aeea3ac,True,bayesian_windowed,A3) Two-Stage Bayesian Posterior + Hungarian,False,100,100,0,0.0,100,99,0,0.99,0.99,0.13239118923239074,0.8950788117399634,383.22,427.20000000000005,4.198608209000668,100,0,0,0,0,1.0,0.0,0.0,0.0,0.0,1.0,5.89,0.0,0.0,0.0,0.0,0.0,,0.0,0.0,3.307251917052781,0.6981485049473122,0.0,0.19246153597487137,4.197861957974965,3.307251917052781,0.19246153597487137
20260908_170955_253072,7c10f310757afff0281c7d59102a98ab5b24d276bea06c8399a914da503ce4cd,7,2187632398,1421914754,2187632398,7,100,50,60,5,30,10.0,120,current,Optimized Pattern Generator,dynamic_session,Dynamic Session Pattern Assignment,50,6,360,8137633f6aa4c13ce21d4f9d647848ecde335368ccd7daffd122f5ccf01e9fbc,2.0,15.32,30.0,1.1463736601416565,5.776183191733931,9.907092795932913,50,9.0,41.437551020408165,1.0,1.0,True,20,6,30,3699990480,ca9ec708425ad6c85729cec4851de26979d4c0757b11ef027fb48da1b5473283,True,time_only_baseline,A0) Time Prior + Hungarian (Baseline),False,100,100,0,0.0,100,95,0,0.95,0.95,1.5140002505000003,7.4000004200000005,379.21,410.0,3.551974500005599,100,0,0,0,0,1.0,0.0,0.0,0.0,0.0,1.0,6.1,0.0,0.0,0.0,0.0,0.0,,0.0,0.0,3.354465083917603,0.005327380815288052,0.0,0.19141257726005279,3.5512050419929437,3.354465083917603,0.19141257726005279
20260908_170955_253072,7c10f310757afff0281c7d59102a98ab5b24d276bea06c8399a914da503ce4cd,7,2187632398,1233724834,2187632398,7,100,50,60,5,30,10.0,120,current,Optimized Pattern Generator,dynamic_session,Dynamic Session Pattern Assignment,50,6,360,8137633f6aa4c13ce21d4f9d647848ecde335368ccd7daffd122f5ccf01e9fbc,2.0,15.32,30.0,1.1463736601416565,5.776183191733931,9.907092795932913,50,9.0,41.437551020408165,1.0,1.0,True,20,6,30,3699990480,ca9ec708425ad6c85729cec4851de26979d4c0757b11ef027fb48da1b5473283,True,single_only,A1) Refined Cost + Greedy 1:1,True,100,100,0,0.0,100,98,0,0.98,0.98,0.9677049170633835,2.7861295665204695,379.21,410.0,4.595856208994519,100,0,0,0,0,1.0,0.0,0.0,0.0,0.0,1.0,6.1,0.0,0.0,0.0,0.0,0.0,,0.0,0.0,3.6158447100315243,0.8020610859675799,0.0,0.17709474501316436,4.5950005410122685,3.6158447100315243,0.17709474501316436
20260908_170955_253072,7c10f310757afff0281c7d59102a98ab5b24d276bea06c8399a914da503ce4cd,7,2187632398,2184921383,2187632398,7,100,50,60,5,30,10.0,120,current,Optimized Pattern Generator,dynamic_session,Dynamic Session Pattern Assignment,50,6,360,8137633f6aa4c13ce21d4f9d647848ecde335368ccd7daffd122f5ccf01e9fbc,2.0,15.32,30.0,1.1463736601416565,5.776183191733931,9.907092795932913,50,9.0,41.437551020408165,1.0,1.0,True,20,6,30,3699990480,ca9ec708425ad6c85729cec4851de26979d4c0757b11ef027fb48da1b5473283,True,nomura_original_interval_hungarian,A2) Corr+DTW + Hungarian,False,100,100,0,0.0,100,100,0,1.0,1.0,0.06835036220618447,0.1827447770555935,379.21,410.0,5.589356292010052,100,0,0,0,0,1.0,0.0,0.0,0.0,0.0,1.0,6.1,0.0,0.0,0.0,0.0,0.0,,0.0,0.0,3.4639548371487763,1.9438171250221785,0.0,0.1807643298234325,5.588536291994387,3.4639548371487763,0.1807643298234325
20260908_170955_253072,7c10f310757afff0281c7d59102a98ab5b24d276bea06c8399a914da503ce4cd,7,2187632398,1367392827,2187632398,7,100,50,60,5,30,10.0,120,current,Optimized Pattern Generator,dynamic_session,Dynamic Session Pattern Assignment,50,6,360,8137633f6aa4c13ce21d4f9d647848ecde335368ccd7daffd122f5ccf01e9fbc,2.0,15.32,30.0,1.1463736601416565,5.776183191733931,9.907092795932913,50,9.0,41.437551020408165,1.0,1.0,True,20,6,30,3699990480,ca9ec708425ad6c85729cec4851de26979d4c0757b11ef027fb48da1b5473283,True,bayesian_windowed,A3) Two-Stage Bayesian Posterior + Hungarian,False,100,100,0,0.0,100,98,0,0.98,0.98,0.12237429445371992,0.873805810357895,379.21,410.0,4.278990041988436,100,0,0,0,0,1.0,0.0,0.0,0.0,0.0,1.0,6.1,0.0,0.0,0.0,0.0,0.0,,0.0,0.0,3.37923787109321,0.7024479982501362,0.0,0.19655796364531852,4.2782438329886645,3.37923787109321,0.19655796364531852
20260908_170955_253072,7c10f310757afff0281c7d59102a98ab5b24d276bea06c8399a914da503ce4cd,8,2187632399,1421914755,2187632399,8,100,50,60,5,30,10.0,120,current,Optimized Pattern Generator,dynamic_session,Dynamic Session Pattern Assignment,50,6,360,28d5c709c3b75a210303a5081fbe4faf78d550a31028826895d2b6ffb7351122,2.0,16.89,30.0,1.0123630457462074,5.690092572166529,9.983586754539065,50,7.0,42.34612244897959,1.0,1.0,True,20,6,30,3699990481,add0c76ceb231bcb9813a291a63da39faf3c438d93f7033e6d200f4e158921b2,True,time_only_baseline,A0) Time Prior + Hungarian (Baseline),False,100,100,0,0.0,100,92,0,0.92,0.92,1.6680002500000004,8.90000014,381.97,411.70000000000005,4.069911166996462,100,0,0,0,0,1.0,0.0,0.0,0.0,0.0,1.0,6.49,0.0,0.0,0.0,0.0,0.0,,0.0,0.0,3.8620007889112458,0.00610758105176501,0.0,0.20095588004915044,4.069064250012161,3.8620007889112458,0.20095588004915044
20260908_170955_253072,7c10f310757afff0281c7d59102a98ab5b24d276bea06c8399a914da503ce4cd,8,2187632399,1233724835,2187632399,8,100,50,60,5,30,10.0,120,current,Optimized Pattern Generator,dynamic_session,Dynamic Session Pattern Assignment,50,6,360,28d5c709c3b75a210303a5081fbe4faf78d550a31028826895d2b6ffb7351122,2.0,16.89,30.0,1.0123630457462074,5.690092572166529,9.983586754539065,50,7.0,42.34612244897959,1.0,1.0,True,20,6,30,3699990481,add0c76ceb231bcb9813a291a63da39faf3c438d93f7033e6d200f4e158921b2,True,single_only,A1) Refined Cost + Greedy 1:1,True,100,100,0,0.0,100,97,0,0.97,0.97,0.9708136164437318,2.959971395012953,381.97,411.70000000000005,4.652320166002028,100,0,0,0,0,1.0,0.0,0.0,0.0,0.0,1.0,6.49,0.0,0.0,0.0,0.0,0.0,,0.0,0.0,3.6534181268070824,0.8211929220706224,0.0,0.17695124313468114,4.651562292012386,3.6534181268070824,0.17695124313468114
20260908_170955_253072,7c10f310757afff0281c7d59102a98ab5b24d276bea06c8399a914da503ce4cd,8,2187632399,2184921382,2187632399,8,100,50,60,5,30,10.0,120,current,Optimized Pattern Generator,dynamic_session,Dynamic Session Pattern Assignment,50,6,360,28d5c709c3b75a210303a5081fbe4faf78d550a31028826895d2b6ffb7351122,2.0,16.89,30.0,1.0123630457462074,5.690092572166529,9.983586754539065,50,7.0,42.34612244897959,1.0,1.0,True,20,6,30,3699990481,add0c76ceb231bcb9813a291a63da39faf3c438d93f7033e6d200f4e158921b2,True,nomura_original_interval_hungarian,A2) Corr+DTW + Hungarian,False,100,100,0,0.0,100,100,0,1.0,1.0,0.07123802210740653,0.20889414515197302,381.97,411.70000000000005,5.89245512499474,100,0,0,0,0,1.0,0.0,0.0,0.0,0.0,1.0,6.49,0.0,0.0,0.0,0.0,0.0,,0.0,0.0,3.6475055079208687,2.0466175470501184,0.0,0.1970136530289892,5.891136707999976,3.6475055079208687,0.1970136530289892
20260908_170955_253072,7c10f310757afff0281c7d59102a98ab5b24d276bea06c8399a914da503ce4cd,8,2187632399,1367392826,2187632399,8,100,50,60,5,30,10.0,120,current,Optimized Pattern Generator,dynamic_session,Dynamic Session Pattern Assignment,50,6,360,28d5c709c3b75a210303a5081fbe4faf78d550a31028826895d2b6ffb7351122,2.0,16.89,30.0,1.0123630457462074,5.690092572166529,9.983586754539065,50,7.0,42.34612244897959,1.0,1.0,True,20,6,30,3699990481,add0c76ceb231bcb9813a291a63da39faf3c438d93f7033e6d200f4e158921b2,True,bayesian_windowed,A3) Two-Stage Bayesian Posterior + Hungarian,False,100,100,0,0.0,100,99,0,0.99,0.99,0.17124805709007737,0.91324964308443,381.97,411.70000000000005,4.5325075419968925,100,0,0,0,0,1.0,0.0,0.0,0.0,0.0,1.0,6.49,0.0,0.0,0.0,0.0,0.0,,0.0,0.0,3.600820585008478,0.7349479999102186,0.0,0.19599249807652086,4.531761082995217,3.600820585008478,0.19599249807652086
20260908_170955_253072,7c10f310757afff0281c7d59102a98ab5b24d276bea06c8399a914da503ce4cd,9,2187632400,1421914780,2187632400,9,100,50,60,5,30,10.0,120,current,Optimized Pattern Generator,dynamic_session,Dynamic Session Pattern Assignment,50,6,360,3e3c8d518937a9acbb068f704ad6d202c56fb8248e7dea479ccbe1bedcf00fa4,2.0,15.77,29.0,1.088882436641704,5.724428256165753,9.863581865382827,50,7.0,39.89714285714286,1.0,1.0,True,20,6,30,3699990478,78c6e30d5646deacff61c7719438c4e3b28484be1a7712524c878774784c7c49,True,time_only_baseline,A0) Time Prior + Hungarian (Baseline),False,100,100,0,0.0,100,88,0,0.88,0.88,1.5390002576000004,8.300000370000001,381.02,406.0,3.637208500003908,100,0,0,0,0,1.0,0.0,0.0,0.0,0.0,1.0,6.26,0.0,0.0,0.0,0.0,0.0,,0.0,0.0,3.45583403823548,0.005323965946445242,0.0,0.17521682882215828,3.6363748330040835,3.45583403823548,0.17521682882215828
20260908_170955_253072,7c10f310757afff0281c7d59102a98ab5b24d276bea06c8399a914da503ce4cd,9,2187632400,1233724860,2187632400,9,100,50,60,5,30,10.0,120,current,Optimized Pattern Generator,dynamic_session,Dynamic Session Pattern Assignment,50,6,360,3e3c8d518937a9acbb068f704ad6d202c56fb8248e7dea479ccbe1bedcf00fa4,2.0,15.77,29.0,1.088882436641704,5.724428256165753,9.863581865382827,50,7.0,39.89714285714286,1.0,1.0,True,20,6,30,3699990478,78c6e30d5646deacff61c7719438c4e3b28484be1a7712524c878774784c7c49,True,single_only,A1) Refined Cost + Greedy 1:1,True,100,100,0,0.0,100,99,0,0.99,0.99,1.0274554864190306,2.89426000424388,381.02,406.0,4.437704124982702,100,0,0,0,0,1.0,0.0,0.0,0.0,0.0,1.0,6.26,0.0,0.0,0.0,0.0,0.0,,0.0,0.0,3.4652815760928206,0.7838558288931381,0.0,0.18782109499443322,4.436958499980392,3.4652815760928206,0.18782109499443322
20260908_170955_253072,7c10f310757afff0281c7d59102a98ab5b24d276bea06c8399a914da503ce4cd,9,2187632400,2184921401,2187632400,9,100,50,60,5,30,10.0,120,current,Optimized Pattern Generator,dynamic_session,Dynamic Session Pattern Assignment,50,6,360,3e3c8d518937a9acbb068f704ad6d202c56fb8248e7dea479ccbe1bedcf00fa4,2.0,15.77,29.0,1.088882436641704,5.724428256165753,9.863581865382827,50,7.0,39.89714285714286,1.0,1.0,True,20,6,30,3699990478,78c6e30d5646deacff61c7719438c4e3b28484be1a7712524c878774784c7c49,True,nomura_original_interval_hungarian,A2) Corr+DTW + Hungarian,False,100,100,0,0.0,100,100,0,1.0,1.0,0.07715190225610051,0.20676860112601006,381.02,406.0,5.6749796670046635,100,0,0,0,0,1.0,0.0,0.0,0.0,0.0,1.0,6.26,0.0,0.0,0.0,0.0,0.0,,0.0,0.0,3.5227123287913855,1.9584092858131044,0.0,0.1931170944008045,5.674238709005294,3.5227123287913855,0.1931170944008045
20260908_170955_253072,7c10f310757afff0281c7d59102a98ab5b24d276bea06c8399a914da503ce4cd,9,2187632400,1367392805,2187632400,9,100,50,60,5,30,10.0,120,current,Optimized Pattern Generator,dynamic_session,Dynamic Session Pattern Assignment,50,6,360,3e3c8d518937a9acbb068f704ad6d202c56fb8248e7dea479ccbe1bedcf00fa4,2.0,15.77,29.0,1.088882436641704,5.724428256165753,9.863581865382827,50,7.0,39.89714285714286,1.0,1.0,True,20,6,30,3699990478,78c6e30d5646deacff61c7719438c4e3b28484be1a7712524c878774784c7c49,True,bayesian_windowed,A3) Two-Stage Bayesian Posterior + Hungarian,False,100,100,0,0.0,100,100,0,1.0,1.0,0.13973694443338677,1.3540023984708907,381.02,406.0,4.667331041011494,100,0,0,0,0,1.0,0.0,0.0,0.0,0.0,1.0,6.26,0.0,0.0,0.0,0.0,0.0,,0.0,0.0,3.748166159115499,0.7243453788978513,0.0,0.1935156289837323,4.6660271669970825,3.748166159115499,0.1935156289837323
20260908_170955_253072,7c10f310757afff0281c7d59102a98ab5b24d276bea06c8399a914da503ce4cd,10,2187632401,1421914781,2187632401,10,100,50,60,5,30,10.0,120,current,Optimized Pattern Generator,dynamic_session,Dynamic Session Pattern Assignment,50,6,360,36a458a746b0146024b58173c7724c7bdff55ec192604b7d9e5248f977d76b43,2.0,15.57,30.0,1.0183971972991193,5.783784822006076,9.984511931524649,50,10.0,41.50693877551021,1.0,1.0,True,20,6,30,3699990479,2ab90d6aceb8d0dd5fe175b517994d1a2710f0272c898d1b413e555f6c5a32dc,True,time_only_baseline,A0) Time Prior + Hungarian (Baseline),False,100,100,0,0.0,100,85,0,0.85,0.85,1.6660002494000004,8.00000039,379.93,416.3,3.645981750014471,100,0,0,0,0,1.0,0.0,0.0,0.0,0.0,1.0,6.2,0.0,0.0,0.0,0.0,0.0,,0.0,0.0,3.445433745859191,0.005572910944465548,0.0,0.19415942617342807,3.6451660829770844,3.445433745859191,0.19415942617342807
20260908_170955_253072,7c10f310757afff0281c7d59102a98ab5b24d276bea06c8399a914da503ce4cd,10,2187632401,1233724861,2187632401,10,100,50,60,5,30,10.0,120,current,Optimized Pattern Generator,dynamic_session,Dynamic Session Pattern Assignment,50,6,360,36a458a746b0146024b58173c7724c7bdff55ec192604b7d9e5248f977d76b43,2.0,15.57,30.0,1.0183971972991193,5.783784822006076,9.984511931524649,50,10.0,41.50693877551021,1.0,1.0,True,20,6,30,3699990479,2ab90d6aceb8d0dd5fe175b517994d1a2710f0272c898d1b413e555f6c5a32dc,True,single_only,A1) Refined Cost + Greedy 1:1,True,100,100,0,0.0,100,99,0,0.99,0.99,1.0388893270629005,3.1288026607105475,379.93,416.3,4.439134667016333,100,0,0,0,0,1.0,0.0,0.0,0.0,0.0,1.0,6.2,0.0,0.0,0.0,0.0,0.0,,0.0,0.0,3.4251343750802334,0.8092622479016427,0.0,0.20398866903269663,4.438385292014573,3.4251343750802334,0.20398866903269663
20260908_170955_253072,7c10f310757afff0281c7d59102a98ab5b24d276bea06c8399a914da503ce4cd,10,2187632401,2184921400,2187632401,10,100,50,60,5,30,10.0,120,current,Optimized Pattern Generator,dynamic_session,Dynamic Session Pattern Assignment,50,6,360,36a458a746b0146024b58173c7724c7bdff55ec192604b7d9e5248f977d76b43,2.0,15.57,30.0,1.0183971972991193,5.783784822006076,9.984511931524649,50,10.0,41.50693877551021,1.0,1.0,True,20,6,30,3699990479,2ab90d6aceb8d0dd5fe175b517994d1a2710f0272c898d1b413e555f6c5a32dc,True,nomura_original_interval_hungarian,A2) Corr+DTW + Hungarian,False,100,100,0,0.0,100,100,0,1.0,1.0,0.06390716563635954,0.23118948984397644,379.93,416.3,5.853659832995618,100,0,0,0,0,1.0,0.0,0.0,0.0,0.0,1.0,6.2,0.0,0.0,0.0,0.0,0.0,,0.0,0.0,3.6076973690942395,2.0420289989560843,0.0,0.20256133994553238,5.852287707995856,3.6076973690942395,0.20256133994553238
20260908_170955_253072,7c10f310757afff0281c7d59102a98ab5b24d276bea06c8399a914da503ce4cd,10,2187632401,1367392804,2187632401,10,100,50,60,5,30,10.0,120,current,Optimized Pattern Generator,dynamic_session,Dynamic Session Pattern Assignment,50,6,360,36a458a746b0146024b58173c7724c7bdff55ec192604b7d9e5248f977d76b43,2.0,15.57,30.0,1.0183971972991193,5.783784822006076,9.984511931524649,50,10.0,41.50693877551021,1.0,1.0,True,20,6,30,3699990479,2ab90d6aceb8d0dd5fe175b517994d1a2710f0272c898d1b413e555f6c5a32dc,True,bayesian_windowed,A3) Two-Stage Bayesian Posterior + Hungarian,False,100,100,0,0.0,100,100,0,1.0,1.0,0.1576286381603523,0.934136103037598,379.93,416.3,4.3725824170105625,100,0,0,0,0,1.0,0.0,0.0,0.0,0.0,1.0,6.2,0.0,0.0,0.0,0.0,0.0,,0.0,0.0,3.4481031670293305,0.7229562101711053,0.0,0.20040870681987144,4.371468084020307,3.4481031670293305,0.20040870681987144
20260908_170955_253072,7c10f310757afff0281c7d59102a98ab5b24d276bea06c8399a914da503ce4cd,11,2187632402,1421914782,2187632402,11,100,50,60,5,30,10.0,120,current,Optimized Pattern Generator,dynamic_session,Dynamic Session Pattern Assignment,50,6,360,c2b3e73a085152dc9f69d025356c000d036d0413b02581586618ae3be268991c,2.0,16.11,30.0,1.2218309337190805,5.185325197547666,9.988352681853621,50,11.0,41.50693877551021,1.0,1.0,True,20,6,30,3699990476,ec50cb51c83bc9e49221a068d7746ba01cfe6d8a40915117f055881ea629522e,True,time_only_baseline,A0) Time Prior + Hungarian (Baseline),False,100,100,0,0.0,100,90,0,0.9,0.9,1.5470002424999998,7.9000002700000005,381.72,417.6,3.970955041993875,100,0,0,0,0,1.0,0.0,0.0,0.0,0.0,1.0,6.75,0.0,0.0,0.0,0.0,0.0,,0.0,0.0,3.7718452481203713,0.005450214026495814,0.0,0.19290224683936685,3.970197708986234,3.7718452481203713,0.19290224683936685
20260908_170955_253072,7c10f310757afff0281c7d59102a98ab5b24d276bea06c8399a914da503ce4cd,11,2187632402,1233724862,2187632402,11,100,50,60,5,30,10.0,120,current,Optimized Pattern Generator,dynamic_session,Dynamic Session Pattern Assignment,50,6,360,c2b3e73a085152dc9f69d025356c000d036d0413b02581586618ae3be268991c,2.0,16.11,30.0,1.2218309337190805,5.185325197547666,9.988352681853621,50,11.0,41.50693877551021,1.0,1.0,True,20,6,30,3699990476,ec50cb51c83bc9e49221a068d7746ba01cfe6d8a40915117f055881ea629522e,True,single_only,A1) Refined Cost + Greedy 1:1,True,100,100,0,0.0,100,99,0,0.99,0.99,0.998782421780454,2.7447684863000403,381.72,417.6,5.114958082995145,100,0,0,0,0,1.0,0.0,0.0,0.0,0.0,1.0,6.75,0.0,0.0,0.0,0.0,0.0,,0.0,0.0,4.028381747863023,0.8918642520147841,0.0,0.19389095812221058,5.114136958000017,4.028381747863023,0.19389095812221058
20260908_170955_253072,7c10f310757afff0281c7d59102a98ab5b24d276bea06c8399a914da503ce4cd,11,2187632402,2184921403,2187632402,11,100,50,60,5,30,10.0,120,current,Optimized Pattern Generator,dynamic_session,Dynamic Session Pattern Assignment,50,6,360,c2b3e73a085152dc9f69d025356c000d036d0413b02581586618ae3be268991c,2.0,16.11,30.0,1.2218309337190805,5.185325197547666,9.988352681853621,50,11.0,41.50693877551021,1.0,1.0,True,20,6,30,3699990476,ec50cb51c83bc9e49221a068d7746ba01cfe6d8a40915117f055881ea629522e,True,nomura_original_interval_hungarian,A2) Corr+DTW + Hungarian,False,100,100,0,0.0,100,100,0,1.0,1.0,0.06443482727816228,0.25268575571300966,381.72,417.6,6.19956199999433,100,0,0,0,0,1.0,0.0,0.0,0.0,0.0,1.0,6.75,0.0,0.0,0.0,0.0,0.0,,0.0,0.0,3.8540891189768445,2.1635537440888584,0.0,0.18118263690848835,6.198825499974191,3.8540891189768445,0.18118263690848835
20260908_170955_253072,7c10f310757afff0281c7d59102a98ab5b24d276bea06c8399a914da503ce4cd,11,2187632402,1367392807,2187632402,11,100,50,60,5,30,10.0,120,current,Optimized Pattern Generator,dynamic_session,Dynamic Session Pattern Assignment,50,6,360,c2b3e73a085152dc9f69d025356c000d036d0413b02581586618ae3be268991c,2.0,16.11,30.0,1.2218309337190805,5.185325197547666,9.988352681853621,50,11.0,41.50693877551021,1.0,1.0,True,20,6,30,3699990476,ec50cb51c83bc9e49221a068d7746ba01cfe6d8a40915117f055881ea629522e,True,bayesian_windowed,A3) Two-Stage Bayesian Posterior + Hungarian,False,100,100,0,0.0,100,99,0,0.99,0.99,0.1709527912564531,1.0191799901023655,381.72,417.6,4.754431583016412,100,0,0,0,0,1.0,0.0,0.0,0.0,0.0,1.0,6.75,0.0,0.0,0.0,0.0,0.0,,0.0,0.0,3.8152485850150697,0.7651441220659763,0.0,0.17330166790634394,4.75369437498739,3.8152485850150697,0.17330166790634394
20260908_170955_253072,7c10f310757afff0281c7d59102a98ab5b24d276bea06c8399a914da503ce4cd,12,2187632403,1421914783,2187632403,12,100,50,60,5,30,10.0,120,current,Optimized Pattern Generator,dynamic_session,Dynamic Session Pattern Assignment,50,6,360,bffab210460f312ef2c0654c95949486b0458d56d07f767d6a77b557449efaa3,2.0,15.76,30.0,1.0882971012571832,5.84701489455666,9.987363075884309,50,8.0,41.99836734693878,1.0,1.0,True,20,6,30,3699990477,422ff7153f366dede3ffa65d68151a8fefa3f26a7e8d5c0c6f1b961fb3eba4a2,True,time_only_baseline,A0) Time Prior + Hungarian (Baseline),False,100,100,0,0.0,100,91,0,0.91,0.91,1.3220002572,8.700000170000001,378.63,395.3,4.03125299999374,100,0,0,0,0,1.0,0.0,0.0,0.0,0.0,1.0,6.73,0.0,0.0,0.0,0.0,0.0,,0.0,0.0,3.820397540985141,0.005628621962387115,0.0,0.20430471203872003,4.030330874986248,3.820397540985141,0.20430471203872003
20260908_170955_253072,7c10f310757afff0281c7d59102a98ab5b24d276bea06c8399a914da503ce4cd,12,2187632403,1233724863,2187632403,12,100,50,60,5,30,10.0,120,current,Optimized Pattern Generator,dynamic_session,Dynamic Session Pattern Assignment,50,6,360,bffab210460f312ef2c0654c95949486b0458d56d07f767d6a77b557449efaa3,2.0,15.76,30.0,1.0882971012571832,5.84701489455666,9.987363075884309,50,8.0,41.99836734693878,1.0,1.0,True,20,6,30,3699990477,422ff7153f366dede3ffa65d68151a8fefa3f26a7e8d5c0c6f1b961fb3eba4a2,True,single_only,A1) Refined Cost + Greedy 1:1,True,100,100,0,0.0,100,98,0,0.98,0.98,0.9874247786946643,3.1804972235705553,378.63,395.3,4.821172791998833,100,0,0,0,0,1.0,0.0,0.0,0.0,0.0,1.0,6.73,0.0,0.0,0.0,0.0,0.0,,0.0,0.0,3.808901709940983,0.8378790440910961,0.0,0.17355807896819897,4.820338833000278,3.808901709940983,0.17355807896819897
20260908_170955_253072,7c10f310757afff0281c7d59102a98ab5b24d276bea06c8399a914da503ce4cd,12,2187632403,2184921402,2187632403,12,100,50,60,5,30,10.0,120,current,Optimized Pattern Generator,dynamic_session,Dynamic Session Pattern Assignment,50,6,360,bffab210460f312ef2c0654c95949486b0458d56d07f767d6a77b557449efaa3,2.0,15.76,30.0,1.0882971012571832,5.84701489455666,9.987363075884309,50,8.0,41.99836734693878,1.0,1.0,True,20,6,30,3699990477,422ff7153f366dede3ffa65d68151a8fefa3f26a7e8d5c0c6f1b961fb3eba4a2,True,nomura_original_interval_hungarian,A2) Corr+DTW + Hungarian,False,100,100,0,0.0,100,100,0,1.0,1.0,0.07270009857464424,0.2617373869542952,378.63,395.3,6.083176792017184,100,0,0,0,0,1.0,0.0,0.0,0.0,0.0,1.0,6.73,0.0,0.0,0.0,0.0,0.0,,0.0,0.0,3.7891816279443447,2.123163955140626,0.0,0.16993916692445055,6.082284750009421,3.7891816279443447,0.16993916692445055
20260908_170955_253072,7c10f310757afff0281c7d59102a98ab5b24d276bea06c8399a914da503ce4cd,12,2187632403,1367392806,2187632403,12,100,50,60,5,30,10.0,120,current,Optimized Pattern Generator,dynamic_session,Dynamic Session Pattern Assignment,50,6,360,bffab210460f312ef2c0654c95949486b0458d56d07f767d6a77b557449efaa3,2.0,15.76,30.0,1.0882971012571832,5.84701489455666,9.987363075884309,50,8.0,41.99836734693878,1.0,1.0,True,20,6,30,3699990477,422ff7153f366dede3ffa65d68151a8fefa3f26a7e8d5c0c6f1b961fb3eba4a2,True,bayesian_windowed,A3) Two-Stage Bayesian Posterior + Hungarian,False,100,100,0,0.0,100,100,0,1.0,1.0,0.15481897576682616,0.9255122231940174,378.63,395.3,4.941978792019654,100,0,0,0,0,1.0,0.0,0.0,0.0,0.0,1.0,6.73,0.0,0.0,0.0,0.0,0.0,,0.0,0.0,3.935305089893518,0.8092317891132552,0.0,0.1961193709867075,4.940656249993481,3.935305089893518,0.1961193709867075
20260908_170955_253072,7c10f310757afff0281c7d59102a98ab5b24d276bea06c8399a914da503ce4cd,13,2187632404,1421914776,2187632404,13,100,50,60,5,30,10.0,120,current,Optimized Pattern Generator,dynamic_session,Dynamic Session Pattern Assignment,50,6,360,3bd122839d39017ef33ea003f98e0d36ba5133827780114a7075c6f43dab9a98,2.0,15.45,30.0,1.0494236787557552,5.132071709573139,9.95000357698138,50,5.0,43.70612244897959,1.0,1.0,True,20,6,30,3699990474,84cd8a1d2d417d1a13edb52f53bf720afb475a7189800e3d814b158f227ceb74,True,time_only_baseline,A0) Time Prior + Hungarian (Baseline),False,100,100,0,0.0,100,92,0,0.92,0.92,1.4820002514000004,8.700000350000002,378.71,410.1,4.119005916989408,100,0,0,0,0,1.0,0.0,0.0,0.0,0.0,1.0,6.84,0.0,0.0,0.0,0.0,0.0,,0.0,0.0,3.9303449579456355,0.005624500859994441,0.0,0.18218487419653684,4.118154333002167,3.9303449579456355,0.18218487419653684
20260908_170955_253072,7c10f310757afff0281c7d59102a98ab5b24d276bea06c8399a914da503ce4cd,13,2187632404,1233724856,2187632404,13,100,50,60,5,30,10.0,120,current,Optimized Pattern Generator,dynamic_session,Dynamic Session Pattern Assignment,50,6,360,3bd122839d39017ef33ea003f98e0d36ba5133827780114a7075c6f43dab9a98,2.0,15.45,30.0,1.0494236787557552,5.132071709573139,9.95000357698138,50,5.0,43.70612244897959,1.0,1.0,True,20,6,30,3699990474,84cd8a1d2d417d1a13edb52f53bf720afb475a7189800e3d814b158f227ceb74,True,single_only,A1) Refined Cost + Greedy 1:1,True,100,100,0,0.0,100,98,0,0.98,0.98,1.0136504708889276,2.6089176034727344,378.71,410.1,4.9159745420038234,100,0,0,0,0,1.0,0.0,0.0,0.0,0.0,1.0,6.84,0.0,0.0,0.0,0.0,0.0,,0.0,0.0,3.8354970001091715,0.8835388328880072,0.0,0.1961904169875197,4.915226249984698,3.8354970001091715,0.1961904169875197
20260908_170955_253072,7c10f310757afff0281c7d59102a98ab5b24d276bea06c8399a914da503ce4cd,13,2187632404,2184921405,2187632404,13,100,50,60,5,30,10.0,120,current,Optimized Pattern Generator,dynamic_session,Dynamic Session Pattern Assignment,50,6,360,3bd122839d39017ef33ea003f98e0d36ba5133827780114a7075c6f43dab9a98,2.0,15.45,30.0,1.0494236787557552,5.132071709573139,9.95000357698138,50,5.0,43.70612244897959,1.0,1.0,True,20,6,30,3699990474,84cd8a1d2d417d1a13edb52f53bf720afb475a7189800e3d814b158f227ceb74,True,nomura_original_interval_hungarian,A2) Corr+DTW + Hungarian,False,100,100,0,0.0,100,100,0,1.0,1.0,0.07145497250512697,0.26904857779474806,378.71,410.1,6.492800540989265,100,0,0,0,0,1.0,0.0,0.0,0.0,0.0,1.0,6.84,0.0,0.0,0.0,0.0,0.0,,0.0,0.0,4.028524832014227,2.264547371858498,0.0,0.198845671111485,6.49191787498421,4.028524832014227,0.198845671111485
20260908_170955_253072,7c10f310757afff0281c7d59102a98ab5b24d276bea06c8399a914da503ce4cd,13,2187632404,1367392801,2187632404,13,100,50,60,5,30,10.0,120,current,Optimized Pattern Generator,dynamic_session,Dynamic Session Pattern Assignment,50,6,360,3bd122839d39017ef33ea003f98e0d36ba5133827780114a7075c6f43dab9a98,2.0,15.45,30.0,1.0494236787557552,5.132071709573139,9.95000357698138,50,5.0,43.70612244897959,1.0,1.0,True,20,6,30,3699990474,84cd8a1d2d417d1a13edb52f53bf720afb475a7189800e3d814b158f227ceb74,True,bayesian_windowed,A3) Two-Stage Bayesian Posterior + Hungarian,False,100,100,0,0.0,100,100,0,1.0,1.0,0.14299321132101864,0.821070107041455,378.71,410.1,4.836337165994337,100,0,0,0,0,1.0,0.0,0.0,0.0,0.0,1.0,6.84,0.0,0.0,0.0,0.0,0.0,,0.0,0.0,3.8372502941056155,0.7902830028906465,0.0,0.20746574399527162,4.8349990409915335,3.8372502941056155,0.20746574399527162
20260908_170955_253072,7c10f310757afff0281c7d59102a98ab5b24d276bea06c8399a914da503ce4cd,14,2187632405,1421914777,2187632405,14,100,50,60,5,30,10.0,120,current,Optimized Pattern Generator,dynamic_session,Dynamic Session Pattern Assignment,50,6,360,a0a5d30f72868fcb296cf1ce13ef84c8d1e5a51a6919ea7ba669445a191d622f,2.0,16.19,30.0,1.0389317619330996,5.317592715880237,9.846659574808957,50,7.0,42.35591836734694,1.0,1.0,True,20,6,30,3699990475,94478a1500b5182f78e8ac31593d3acd2bba075f2a796a7f7b12de46cdfaf151,True,time_only_baseline,A0) Time Prior + Hungarian (Baseline),False,100,100,0,0.0,100,86,0,0.86,0.86,1.5860002663000001,7.9,382.08,416.0,4.105294374981895,100,0,0,0,0,1.0,0.0,0.0,0.0,0.0,1.0,6.96,0.0,0.0,0.0,0.0,0.0,,0.0,0.0,3.9013200040208176,0.005506250745384023,0.0,0.19771195322391577,4.104538207990117,3.9013200040208176,0.19771195322391577
20260908_170955_253072,7c10f310757afff0281c7d59102a98ab5b24d276bea06c8399a914da503ce4cd,14,2187632405,1233724857,2187632405,14,100,50,60,5,30,10.0,120,current,Optimized Pattern Generator,dynamic_session,Dynamic Session Pattern Assignment,50,6,360,a0a5d30f72868fcb296cf1ce13ef84c8d1e5a51a6919ea7ba669445a191d622f,2.0,16.19,30.0,1.0389317619330996,5.317592715880237,9.846659574808957,50,7.0,42.35591836734694,1.0,1.0,True,20,6,30,3699990475,94478a1500b5182f78e8ac31593d3acd2bba075f2a796a7f7b12de46cdfaf151,True,single_only,A1) Refined Cost + Greedy 1:1,True,100,100,0,0.0,100,99,0,0.99,0.99,1.0799085810836682,2.98444016228517,382.08,416.0,5.299875875003636,100,0,0,0,0,1.0,0.0,0.0,0.0,0.0,1.0,6.96,0.0,0.0,0.0,0.0,0.0,,0.0,0.0,4.153167496115202,0.9448145030182786,0.0,0.20113691786536947,5.29911891699885,4.153167496115202,0.20113691786536947
20260908_170955_253072,7c10f310757afff0281c7d59102a98ab5b24d276bea06c8399a914da503ce4cd,14,2187632405,2184921404,2187632405,14,100,50,60,5,30,10.0,120,current,Optimized Pattern Generator,dynamic_session,Dynamic Session Pattern Assignment,50,6,360,a0a5d30f72868fcb296cf1ce13ef84c8d1e5a51a6919ea7ba669445a191d622f,2.0,16.19,30.0,1.0389317619330996,5.317592715880237,9.846659574808957,50,7.0,42.35591836734694,1.0,1.0,True,20,6,30,3699990475,94478a1500b5182f78e8ac31593d3acd2bba075f2a796a7f7b12de46cdfaf151,True,nomura_original_interval_hungarian,A2) Corr+DTW + Hungarian,False,100,100,0,0.0,100,100,0,1.0,1.0,0.07273709984149962,0.24898984323695342,382.08,416.0,6.314011542010121,100,0,0,0,0,1.0,0.0,0.0,0.0,0.0,1.0,6.96,0.0,0.0,0.0,0.0,0.0,,0.0,0.0,3.9216829650104046,2.1953476650232915,0.0,0.1961412449600175,6.313171874993714,3.9216829650104046,0.1961412449600175
20260908_170955_253072,7c10f310757afff0281c7d59102a98ab5b24d276bea06c8399a914da503ce4cd,14,2187632405,1367392800,2187632405,14,100,50,60,5,30,10.0,120,current,Optimized Pattern Generator,dynamic_session,Dynamic Session Pattern Assignment,50,6,360,a0a5d30f72868fcb296cf1ce13ef84c8d1e5a51a6919ea7ba669445a191d622f,2.0,16.19,30.0,1.0389317619330996,5.317592715880237,9.846659574808957,50,7.0,42.35591836734694,1.0,1.0,True,20,6,30,3699990475,94478a1500b5182f78e8ac31593d3acd2bba075f2a796a7f7b12de46cdfaf151,True,bayesian_windowed,A3) Two-Stage Bayesian Posterior + Hungarian,False,100,100,0,0.0,100,98,0,0.98,0.98,0.1782729897347698,0.8646520170380223,382.08,416.0,4.886373375018593,100,0,0,0,0,1.0,0.0,0.0,0.0,0.0,1.0,6.96,0.0,0.0,0.0,0.0,0.0,,0.0,0.0,3.895726756978547,0.7891500888508745,0.0,0.20063302919152193,4.885509875020944,3.895726756978547,0.20063302919152193
20260908_170955_253072,7c10f310757afff0281c7d59102a98ab5b24d276bea06c8399a914da503ce4cd,15,2187632406,1421914778,2187632406,15,100,50,60,5,30,10.0,120,current,Optimized Pattern Generator,dynamic_session,Dynamic Session Pattern Assignment,50,6,360,0e5278469d2e3030ee4a6cb7656d0134d42ea7ed4172ebe3f9aa26b7cd939d9c,3.0,16.53,30.0,1.015482622900994,5.688587152604387,9.966739741137884,50,5.0,41.68244897959184,1.0,1.0,True,20,6,30,3699990472,6f801d5fe5f9483839c99c9048034d06c7989a20e6f192a810748a6e556da13e,True,time_only_baseline,A0) Time Prior + Hungarian (Baseline),False,100,100,0,0.0,100,87,0,0.87,0.87,1.4890002513000002,8.40000012,382.77,420.20000000000005,3.622120582993375,100,0,0,0,0,1.0,0.0,0.0,0.0,0.0,1.0,6.05,0.0,0.0,0.0,0.0,0.0,,0.0,0.0,3.418513836892089,0.005136625986779109,0.0,0.19769924512365833,3.6213497080025263,3.418513836892089,0.19769924512365833
20260908_170955_253072,7c10f310757afff0281c7d59102a98ab5b24d276bea06c8399a914da503ce4cd,15,2187632406,1233724858,2187632406,15,100,50,60,5,30,10.0,120,current,Optimized Pattern Generator,dynamic_session,Dynamic Session Pattern Assignment,50,6,360,0e5278469d2e3030ee4a6cb7656d0134d42ea7ed4172ebe3f9aa26b7cd939d9c,3.0,16.53,30.0,1.015482622900994,5.688587152604387,9.966739741137884,50,5.0,41.68244897959184,1.0,1.0,True,20,6,30,3699990472,6f801d5fe5f9483839c99c9048034d06c7989a20e6f192a810748a6e556da13e,True,single_only,A1) Refined Cost + Greedy 1:1,True,100,100,0,0.0,100,99,0,0.99,0.99,0.9030977728286552,3.416171457394048,382.77,420.20000000000005,4.377719874988543,100,0,0,0,0,1.0,0.0,0.0,0.0,0.0,1.0,6.05,0.0,0.0,0.0,0.0,0.0,,0.0,0.0,3.4109912533021998,0.7705521650495939,0.0,0.19474566463031806,4.376289082982112,3.4109912533021998,0.19474566463031806
20260908_170955_253072,7c10f310757afff0281c7d59102a98ab5b24d276bea06c8399a914da503ce4cd,15,2187632406,2184921407,2187632406,15,100,50,60,5,30,10.0,120,current,Optimized Pattern Generator,dynamic_session,Dynamic Session Pattern Assignment,50,6,360,0e5278469d2e3030ee4a6cb7656d0134d42ea7ed4172ebe3f9aa26b7cd939d9c,3.0,16.53,30.0,1.015482622900994,5.688587152604387,9.966739741137884,50,5.0,41.68244897959184,1.0,1.0,True,20,6,30,3699990472,6f801d5fe5f9483839c99c9048034d06c7989a20e6f192a810748a6e556da13e,True,nomura_original_interval_hungarian,A2) Corr+DTW + Hungarian,False,100,100,0,0.0,100,100,0,1.0,1.0,0.07092128875716802,0.23528554856425368,382.77,420.20000000000005,5.506773957982659,100,0,0,0,0,1.0,0.0,0.0,0.0,0.0,1.0,6.05,0.0,0.0,0.0,0.0,0.0,,0.0,0.0,3.406847424019361,1.9012096258811653,0.0,0.19789449209929444,5.505951541999821,3.406847424019361,0.19789449209929444
20260908_170955_253072,7c10f310757afff0281c7d59102a98ab5b24d276bea06c8399a914da503ce4cd,15,2187632406,1367392803,2187632406,15,100,50,60,5,30,10.0,120,current,Optimized Pattern Generator,dynamic_session,Dynamic Session Pattern Assignment,50,6,360,0e5278469d2e3030ee4a6cb7656d0134d42ea7ed4172ebe3f9aa26b7cd939d9c,3.0,16.53,30.0,1.015482622900994,5.688587152604387,9.966739741137884,50,5.0,41.68244897959184,1.0,1.0,True,20,6,30,3699990472,6f801d5fe5f9483839c99c9048034d06c7989a20e6f192a810748a6e556da13e,True,bayesian_windowed,A3) Two-Stage Bayesian Posterior + Hungarian,False,100,100,0,0.0,100,100,0,1.0,1.0,0.10997201062488461,0.6862585499331871,382.77,420.20000000000005,4.505832541006384,100,0,0,0,0,1.0,0.0,0.0,0.0,0.0,1.0,6.05,0.0,0.0,0.0,0.0,0.0,,0.0,0.0,3.5718110850430094,0.7254545800969936,0.0,0.2071614598389715,4.5044271249789745,3.5718110850430094,0.2071614598389715
20260908_170955_253072,7c10f310757afff0281c7d59102a98ab5b24d276bea06c8399a914da503ce4cd,16,2187632407,1421914779,2187632407,16,100,50,60,5,30,10.0,120,current,Optimized Pattern Generator,dynamic_session,Dynamic Session Pattern Assignment,50,6,360,8cbd21120f6978f4f086d4624876f90749ed3c0e4543498fecb13f69a4f9b10a,2.0,15.83,30.0,1.0312820133720462,5.3083622922108376,9.780545486032933,50,5.0,41.70448979591837,1.0,1.0,True,20,6,30,3699990473,b2afa0e8b377b64cd9eef68e03504bc4bc1b0f192fac2ddc897ace8bfa8431b1,True,time_only_baseline,A0) Time Prior + Hungarian (Baseline),False,100,100,0,0.0,100,93,0,0.93,0.93,1.7780002546,10.100000320000001,379.45,423.1,3.8792206670041196,100,0,0,0,0,1.0,0.0,0.0,0.0,0.0,1.0,6.66,0.0,0.0,0.0,0.0,0.0,,0.0,0.0,3.7049265810928773,0.005231952993199229,0.0,0.16827729990473017,3.8784358339908067,3.7049265810928773,0.16827729990473017
20260908_170955_253072,7c10f310757afff0281c7d59102a98ab5b24d276bea06c8399a914da503ce4cd,16,2187632407,1233724859,2187632407,16,100,50,60,5,30,10.0,120,current,Optimized Pattern Generator,dynamic_session,Dynamic Session Pattern Assignment,50,6,360,8cbd21120f6978f4f086d4624876f90749ed3c0e4543498fecb13f69a4f9b10a,2.0,15.83,30.0,1.0312820133720462,5.3083622922108376,9.780545486032933,50,5.0,41.70448979591837,1.0,1.0,True,20,6,30,3699990473,b2afa0e8b377b64cd9eef68e03504bc4bc1b0f192fac2ddc897ace8bfa8431b1,True,single_only,A1) Refined Cost + Greedy 1:1,True,100,100,0,0.0,100,100,0,1.0,1.0,1.029780107509326,3.1865338592462096,379.45,423.1,4.754988500004401,100,0,0,0,0,1.0,0.0,0.0,0.0,0.0,1.0,6.66,0.0,0.0,0.0,0.0,0.0,,0.0,0.0,3.7281513717898633,0.8524892482382711,0.0,0.17347804698511027,4.754118667013245,3.7281513717898633,0.17347804698511027
20260908_170955_253072,7c10f310757afff0281c7d59102a98ab5b24d276bea06c8399a914da503ce4cd,16,2187632407,2184921406,2187632407,16,100,50,60,5,30,10.0,120,current,Optimized Pattern Generator,dynamic_session,Dynamic Session Pattern Assignment,50,6,360,8cbd21120f6978f4f086d4624876f90749ed3c0e4543498fecb13f69a4f9b10a,2.0,15.83,30.0,1.0312820133720462,5.3083622922108376,9.780545486032933,50,5.0,41.70448979591837,1.0,1.0,True,20,6,30,3699990473,b2afa0e8b377b64cd9eef68e03504bc4bc1b0f192fac2ddc897ace8bfa8431b1,True,nomura_original_interval_hungarian,A2) Corr+DTW + Hungarian,False,100,100,0,0.0,100,100,0,1.0,1.0,0.06109122325988754,0.21042782605550253,379.45,423.1,6.277137500001118,100,0,0,0,0,1.0,0.0,0.0,0.0,0.0,1.0,6.66,0.0,0.0,0.0,0.0,0.0,,0.0,0.0,3.897392499871785,2.181113916100003,0.0,0.1978172920353245,6.276323708007112,3.897392499871785,0.1978172920353245
20260908_170955_253072,7c10f310757afff0281c7d59102a98ab5b24d276bea06c8399a914da503ce4cd,16,2187632407,1367392802,2187632407,16,100,50,60,5,30,10.0,120,current,Optimized Pattern Generator,dynamic_session,Dynamic Session Pattern Assignment,50,6,360,8cbd21120f6978f4f086d4624876f90749ed3c0e4543498fecb13f69a4f9b10a,2.0,15.83,30.0,1.0312820133720462,5.3083622922108376,9.780545486032933,50,5.0,41.70448979591837,1.0,1.0,True,20,6,30,3699990473,b2afa0e8b377b64cd9eef68e03504bc4bc1b0f192fac2ddc897ace8bfa8431b1,True,bayesian_windowed,A3) Two-Stage Bayesian Posterior + Hungarian,False,100,100,0,0.0,100,100,0,1.0,1.0,0.17326739001425157,0.9490674890272716,379.45,423.1,4.7041364169854205,100,0,0,0,0,1.0,0.0,0.0,0.0,0.0,1.0,6.66,0.0,0.0,0.0,0.0,0.0,,0.0,0.0,3.739335584046785,0.7682546698779333,0.0,0.19573483007843606,4.703325084003154,3.739335584046785,0.19573483007843606
20260908_170955_253072,7c10f310757afff0281c7d59102a98ab5b24d276bea06c8399a914da503ce4cd,17,2187632408,1421914772,2187632408,17,100,50,60,5,30,10.0,120,current,Optimized Pattern Generator,dynamic_session,Dynamic Session Pattern Assignment,50,6,360,7fe3b461a107ff5510f8f306355dc820c49c85a2f46ce3742b9c662f0abe36b0,2.0,16.56,30.0,1.251498507791827,5.421867289948868,9.99491004686196,50,6.0,41.19265306122449,1.0,1.0,True,20,6,30,3699990470,1ea22f183c630dc2e551de6825c4d8d75ca1d210b0c4dba41f382f9f57ff31fb,True,time_only_baseline,A0) Time Prior + Hungarian (Baseline),False,100,100,0,0.0,100,94,0,0.94,0.94,1.5620002569999998,9.00000048,380.09,406.3000000000001,3.8745718330028467,100,0,0,0,0,1.0,0.0,0.0,0.0,0.0,1.0,6.6,0.0,0.0,0.0,0.0,0.0,,0.0,0.0,3.6781194609066006,0.005324166064383462,0.0,0.1903803310415242,3.8738239580125082,3.6781194609066006,0.1903803310415242
20260908_170955_253072,7c10f310757afff0281c7d59102a98ab5b24d276bea06c8399a914da503ce4cd,17,2187632408,1233724852,2187632408,17,100,50,60,5,30,10.0,120,current,Optimized Pattern Generator,dynamic_session,Dynamic Session Pattern Assignment,50,6,360,7fe3b461a107ff5510f8f306355dc820c49c85a2f46ce3742b9c662f0abe36b0,2.0,16.56,30.0,1.251498507791827,5.421867289948868,9.99491004686196,50,6.0,41.19265306122449,1.0,1.0,True,20,6,30,3699990470,1ea22f183c630dc2e551de6825c4d8d75ca1d210b0c4dba41f382f9f57ff31fb,True,single_only,A1) Refined Cost + Greedy 1:1,True,100,100,0,0.0,100,100,0,1.0,1.0,0.903657072385743,2.469196209441365,380.09,406.3000000000001,5.017083584010834,100,0,0,0,0,1.0,0.0,0.0,0.0,0.0,1.0,6.6,0.0,0.0,0.0,0.0,0.0,,0.0,0.0,3.9391196648357436,0.8834030802245252,0.0,0.19384433893719688,5.016367083997466,3.9391196648357436,0.19384433893719688
20260908_170955_253072,7c10f310757afff0281c7d59102a98ab5b24d276bea06c8399a914da503ce4cd,17,2187632408,2184921393,2187632408,17,100,50,60,5,30,10.0,120,current,Optimized Pattern Generator,dynamic_session,Dynamic Session Pattern Assignment,50,6,360,7fe3b461a107ff5510f8f306355dc820c49c85a2f46ce3742b9c662f0abe36b0,2.0,16.56,30.0,1.251498507791827,5.421867289948868,9.99491004686196,50,6.0,41.19265306122449,1.0,1.0,True,20,6,30,3699990470,1ea22f183c630dc2e551de6825c4d8d75ca1d210b0c4dba41f382f9f57ff31fb,True,nomura_original_interval_hungarian,A2) Corr+DTW + Hungarian,False,100,100,0,0.0,100,100,0,1.0,1.0,0.06620421725394146,0.26977924307158135,380.09,406.3000000000001,6.0704034579976,100,0,0,0,0,1.0,0.0,0.0,0.0,0.0,1.0,6.6,0.0,0.0,0.0,0.0,0.0,,0.0,0.0,3.7698784170497674,2.096130458812695,0.0,0.2031134991266299,6.069122374989092,3.7698784170497674,0.2031134991266299
20260908_170955_253072,7c10f310757afff0281c7d59102a98ab5b24d276bea06c8399a914da503ce4cd,17,2187632408,1367392813,2187632408,17,100,50,60,5,30,10.0,120,current,Optimized Pattern Generator,dynamic_session,Dynamic Session Pattern Assignment,50,6,360,7fe3b461a107ff5510f8f306355dc820c49c85a2f46ce3742b9c662f0abe36b0,2.0,16.56,30.0,1.251498507791827,5.421867289948868,9.99491004686196,50,6.0,41.19265306122449,1.0,1.0,True,20,6,30,3699990470,1ea22f183c630dc2e551de6825c4d8d75ca1d210b0c4dba41f382f9f57ff31fb,True,bayesian_windowed,A3) Two-Stage Bayesian Posterior + Hungarian,False,100,100,0,0.0,100,100,0,1.0,1.0,0.1758144723154038,0.9922688194123925,380.09,406.3000000000001,4.667489374987781,100,0,0,0,0,1.0,0.0,0.0,0.0,0.0,1.0,6.6,0.0,0.0,0.0,0.0,0.0,,0.0,0.0,3.725042039906839,0.7521101299207658,0.0,0.18953162216348574,4.66668379199109,3.725042039906839,0.18953162216348574
20260908_170955_253072,7c10f310757afff0281c7d59102a98ab5b24d276bea06c8399a914da503ce4cd,18,2187632409,1421914773,2187632409,18,100,50,60,5,30,10.0,120,current,Optimized Pattern Generator,dynamic_session,Dynamic Session Pattern Assignment,50,6,360,c706936de4950397acb1f46c6da5102fb9c61f284d0ed20127123958f29535a1,2.0,16.1,30.0,1.024486847419436,5.70487951719328,9.948887878990003,50,4.0,41.30285714285714,1.0,1.0,True,20,6,30,3699990471,391c6d65b55533fc6a9ab00ca5567b5ed79f277c687c90ebbe08b0971a612850,True,time_only_baseline,A0) Time Prior + Hungarian (Baseline),False,100,100,0,0.0,100,90,0,0.9,0.9,1.42600025,8.10000021,383.35,413.70000000000005,4.107136207981966,100,0,0,0,0,1.0,0.0,0.0,0.0,0.0,1.0,6.84,0.0,0.0,0.0,0.0,0.0,,0.0,0.0,3.8967210411501583,0.005737036088248715,0.0,0.20393392277765088,4.106392000016058,3.8967210411501583,0.20393392277765088
20260908_170955_253072,7c10f310757afff0281c7d59102a98ab5b24d276bea06c8399a914da503ce4cd,18,2187632409,1233724853,2187632409,18,100,50,60,5,30,10.0,120,current,Optimized Pattern Generator,dynamic_session,Dynamic Session Pattern Assignment,50,6,360,c706936de4950397acb1f46c6da5102fb9c61f284d0ed20127123958f29535a1,2.0,16.1,30.0,1.024486847419436,5.70487951719328,9.948887878990003,50,4.0,41.30285714285714,1.0,1.0,True,20,6,30,3699990471,391c6d65b55533fc6a9ab00ca5567b5ed79f277c687c90ebbe08b0971a612850,True,single_only,A1) Refined Cost + Greedy 1:1,True,100,100,0,0.0,100,99,0,0.99,0.99,0.909072457709193,2.9603518811328167,383.35,413.70000000000005,4.883543792006094,100,0,0,0,0,1.0,0.0,0.0,0.0,0.0,1.0,6.84,0.0,0.0,0.0,0.0,0.0,,0.0,0.0,3.8295157520042267,0.8497115389909595,0.0,0.20352979298331775,4.882757083978504,3.8295157520042267,0.20352979298331775
20260908_170955_253072,7c10f310757afff0281c7d59102a98ab5b24d276bea06c8399a914da503ce4cd,18,2187632409,2184921392,2187632409,18,100,50,60,5,30,10.0,120,current,Optimized Pattern Generator,dynamic_session,Dynamic Session Pattern Assignment,50,6,360,c706936de4950397acb1f46c6da5102fb9c61f284d0ed20127123958f29535a1,2.0,16.1,30.0,1.024486847419436,5.70487951719328,9.948887878990003,50,4.0,41.30285714285714,1.0,1.0,True,20,6,30,3699990471,391c6d65b55533fc6a9ab00ca5567b5ed79f277c687c90ebbe08b0971a612850,True,nomura_original_interval_hungarian,A2) Corr+DTW + Hungarian,False,100,100,0,0.0,100,99,0,0.99,0.99,0.06704356612482452,0.25968736402558235,383.35,413.70000000000005,6.24279762498918,100,0,0,0,0,1.0,0.0,0.0,0.0,0.0,1.0,6.84,0.0,0.0,0.0,0.0,0.0,,0.0,0.0,3.8672562486317474,2.1747672912606504,0.0,0.199994127091486,6.242017666983884,3.8672562486317474,0.199994127091486
20260908_170955_253072,7c10f310757afff0281c7d59102a98ab5b24d276bea06c8399a914da503ce4cd,18,2187632409,1367392812,2187632409,18,100,50,60,5,30,10.0,120,current,Optimized Pattern Generator,dynamic_session,Dynamic Session Pattern Assignment,50,6,360,c706936de4950397acb1f46c6da5102fb9c61f284d0ed20127123958f29535a1,2.0,16.1,30.0,1.024486847419436,5.70487951719328,9.948887878990003,50,4.0,41.30285714285714,1.0,1.0,True,20,6,30,3699990471,391c6d65b55533fc6a9ab00ca5567b5ed79f277c687c90ebbe08b0971a612850,True,bayesian_windowed,A3) Two-Stage Bayesian Posterior + Hungarian,False,100,100,0,0.0,100,99,0,0.99,0.99,0.16888752560946063,1.0717631158286502,383.35,413.70000000000005,5.120408124988899,100,0,0,0,0,1.0,0.0,0.0,0.0,0.0,1.0,6.84,0.0,0.0,0.0,0.0,0.0,,0.0,0.0,4.124663580878405,0.7949435819173232,0.0,0.19996737921610475,5.119574542011833,4.124663580878405,0.19996737921610475
20260908_170955_253072,7c10f310757afff0281c7d59102a98ab5b24d276bea06c8399a914da503ce4cd,19,2187632410,1421914774,2187632410,19,100,50,60,5,30,10.0,120,current,Optimized Pattern Generator,dynamic_session,Dynamic Session Pattern Assignment,50,6,360,5ece0922e7f05ac74161efae64d85efceec7e6b93fa69152cc51af40434c4107,2.0,16.77,30.0,1.0047003692726773,5.622113917322467,9.977828594155005,50,9.0,40.902857142857144,1.0,1.0,True,20,6,30,3699990468,1292c6981d523ae67f6acedf183aaa2e753a6521ac8eeb07ec14375fca01ef6c,True,time_only_baseline,A0) Time Prior + Hungarian (Baseline),False,100,100,0,0.0,100,95,0,0.95,0.95,1.7280002318999999,8.00000043,383.27,432.0,3.7859437909792177,100,0,0,0,0,1.0,0.0,0.0,0.0,0.0,1.0,6.4,0.0,0.0,0.0,0.0,0.0,,0.0,0.0,3.582064369111322,0.00551995710702613,0.0,0.19749388177297078,3.7850782079913188,3.582064369111322,0.19749388177297078
20260908_170955_253072,7c10f310757afff0281c7d59102a98ab5b24d276bea06c8399a914da503ce4cd,19,2187632410,1233724854,2187632410,19,100,50,60,5,30,10.0,120,current,Optimized Pattern Generator,dynamic_session,Dynamic Session Pattern Assignment,50,6,360,5ece0922e7f05ac74161efae64d85efceec7e6b93fa69152cc51af40434c4107,2.0,16.77,30.0,1.0047003692726773,5.622113917322467,9.977828594155005,50,9.0,40.902857142857144,1.0,1.0,True,20,6,30,3699990468,1292c6981d523ae67f6acedf183aaa2e753a6521ac8eeb07ec14375fca01ef6c,True,single_only,A1) Refined Cost + Greedy 1:1,True,100,100,0,0.0,100,99,0,0.99,0.99,0.9998675335081945,2.777036245126768,383.27,432.0,4.632194124977104,100,0,0,0,0,1.0,0.0,0.0,0.0,0.0,1.0,6.4,0.0,0.0,0.0,0.0,0.0,,0.0,0.0,3.6445721671625506,0.8151989989564754,0.0,0.17160524989594705,4.631376416014973,3.6445721671625506,0.17160524989594705
20260908_170955_253072,7c10f310757afff0281c7d59102a98ab5b24d276bea06c8399a914da503ce4cd,19,2187632410,2184921395,2187632410,19,100,50,60,5,30,10.0,120,current,Optimized Pattern Generator,dynamic_session,Dynamic Session Pattern Assignment,50,6,360,5ece0922e7f05ac74161efae64d85efceec7e6b93fa69152cc51af40434c4107,2.0,16.77,30.0,1.0047003692726773,5.622113917322467,9.977828594155005,50,9.0,40.902857142857144,1.0,1.0,True,20,6,30,3699990468,1292c6981d523ae67f6acedf183aaa2e753a6521ac8eeb07ec14375fca01ef6c,True,nomura_original_interval_hungarian,A2) Corr+DTW + Hungarian,False,100,100,0,0.0,100,100,0,1.0,1.0,0.0721674080088043,0.2534098538541203,383.27,432.0,6.133081082982244,100,0,0,0,0,1.0,0.0,0.0,0.0,0.0,1.0,6.4,0.0,0.0,0.0,0.0,0.0,,0.0,0.0,3.852152582112467,2.106988418934634,0.0,0.17310308196465485,6.132244083011756,3.852152582112467,0.17310308196465485
20260908_170955_253072,7c10f310757afff0281c7d59102a98ab5b24d276bea06c8399a914da503ce4cd,19,2187632410,1367392815,2187632410,19,100,50,60,5,30,10.0,120,current,Optimized Pattern Generator,dynamic_session,Dynamic Session Pattern Assignment,50,6,360,5ece0922e7f05ac74161efae64d85efceec7e6b93fa69152cc51af40434c4107,2.0,16.77,30.0,1.0047003692726773,5.622113917322467,9.977828594155005,50,9.0,40.902857142857144,1.0,1.0,True,20,6,30,3699990468,1292c6981d523ae67f6acedf183aaa2e753a6521ac8eeb07ec14375fca01ef6c,True,bayesian_windowed,A3) Two-Stage Bayesian Posterior + Hungarian,False,100,100,0,0.0,100,100,0,1.0,1.0,0.1301656010747657,0.59655706348337,383.27,432.0,4.557186416001059,100,0,0,0,0,1.0,0.0,0.0,0.0,0.0,1.0,6.4,0.0,0.0,0.0,0.0,0.0,,0.0,0.0,3.607276334107155,0.7512261639058124,0.0,0.19795025201165117,4.556452750024619,3.607276334107155,0.19795025201165117
20260908_170955_253072,7c10f310757afff0281c7d59102a98ab5b24d276bea06c8399a914da503ce4cd,20,2187632411,1421914775,2187632411,20,100,50,60,5,30,10.0,120,current,Optimized Pattern Generator,dynamic_session,Dynamic Session Pattern Assignment,50,6,360,5ddbd076c0b5bde51d7020c1a6df01c2f098f90352c40ebfd00e38ce3d77eeec,2.0,16.48,30.0,1.0011653160166514,5.356534719103707,9.990002823906703,50,8.0,43.10204081632653,1.0,1.0,True,20,6,30,3699990469,98ee66a23b598109f45249f1ec6c3f08833ed1454a71c7fb7c275a1c3b29afee,True,time_only_baseline,A0) Time Prior + Hungarian (Baseline),False,100,100,0,0.0,100,97,0,0.97,0.97,1.7130002233,8.00000002,384.57,428.3,3.9673362080066,100,0,0,0,0,1.0,0.0,0.0,0.0,0.0,1.0,6.66,0.0,0.0,0.0,0.0,0.0,,0.0,0.0,3.789798544050427,0.005672537023201585,0.0,0.1711087519361172,3.966579833009746,3.789798544050427,0.1711087519361172
20260908_170955_253072,7c10f310757afff0281c7d59102a98ab5b24d276bea06c8399a914da503ce4cd,20,2187632411,1233724855,2187632411,20,100,50,60,5,30,10.0,120,current,Optimized Pattern Generator,dynamic_session,Dynamic Session Pattern Assignment,50,6,360,5ddbd076c0b5bde51d7020c1a6df01c2f098f90352c40ebfd00e38ce3d77eeec,2.0,16.48,30.0,1.0011653160166514,5.356534719103707,9.990002823906703,50,8.0,43.10204081632653,1.0,1.0,True,20,6,30,3699990469,98ee66a23b598109f45249f1ec6c3f08833ed1454a71c7fb7c275a1c3b29afee,True,single_only,A1) Refined Cost + Greedy 1:1,True,100,100,0,0.0,100,100,0,1.0,1.0,0.9095967411594387,3.244514440489559,384.57,428.3,5.1652657499944326,100,0,0,0,0,1.0,0.0,0.0,0.0,0.0,1.0,6.66,0.0,0.0,0.0,0.0,0.0,,0.0,0.0,4.079772414144827,0.8843437100586016,0.0,0.20037825079634786,5.1644943749997765,4.079772414144827,0.20037825079634786
20260908_170955_253072,7c10f310757afff0281c7d59102a98ab5b24d276bea06c8399a914da503ce4cd,20,2187632411,2184921394,2187632411,20,100,50,60,5,30,10.0,120,current,Optimized Pattern Generator,dynamic_session,Dynamic Session Pattern Assignment,50,6,360,5ddbd076c0b5bde51d7020c1a6df01c2f098f90352c40ebfd00e38ce3d77eeec,2.0,16.48,30.0,1.0011653160166514,5.356534719103707,9.990002823906703,50,8.0,43.10204081632653,1.0,1.0,True,20,6,30,3699990469,98ee66a23b598109f45249f1ec6c3f08833ed1454a71c7fb7c275a1c3b29afee,True,nomura_original_interval_hungarian,A2) Corr+DTW + Hungarian,False,100,100,0,0.0,100,100,0,1.0,1.0,0.0645714569542658,0.21781448563087133,384.57,428.3,6.164758124999935,100,0,0,0,0,1.0,0.0,0.0,0.0,0.0,1.0,6.66,0.0,0.0,0.0,0.0,0.0,,0.0,0.0,3.8637552142026834,2.1056187078065705,0.0,0.19457361998502165,6.1639475419942755,3.8637552142026834,0.19457361998502165
20260908_170955_253072,7c10f310757afff0281c7d59102a98ab5b24d276bea06c8399a914da503ce4cd,20,2187632411,1367392814,2187632411,20,100,50,60,5,30,10.0,120,current,Optimized Pattern Generator,dynamic_session,Dynamic Session Pattern Assignment,50,6,360,5ddbd076c0b5bde51d7020c1a6df01c2f098f90352c40ebfd00e38ce3d77eeec,2.0,16.48,30.0,1.0011653160166514,5.356534719103707,9.990002823906703,50,8.0,43.10204081632653,1.0,1.0,True,20,6,30,3699990469,98ee66a23b598109f45249f1ec6c3f08833ed1454a71c7fb7c275a1c3b29afee,True,bayesian_windowed,A3) Two-Stage Bayesian Posterior + Hungarian,False,100,100,0,0.0,100,99,0,0.99,0.99,0.16286779608474952,1.0031908188464547,384.57,428.3,4.929136457998538,100,0,0,0,0,1.0,0.0,0.0,0.0,0.0,1.0,6.66,0.0,0.0,0.0,0.0,0.0,,0.0,0.0,3.875527837080881,0.7641697540530004,0.0,0.28866636686143465,4.928363957995316,3.875527837080881,0.28866636686143465
20260908_170955_253072,7c10f310757afff0281c7d59102a98ab5b24d276bea06c8399a914da503ce4cd,21,2187632412,1421914768,2187632412,1,300,50,60,5,30,10.0,120,current,Optimized Pattern Generator,dynamic_session,Dynamic Session Pattern Assignment,50,6,360,e9f27d5c9dca09da99da089e8f8af4584668f31588c93647731e2c09d4adc635,2.0,16.826666666666668,30.0,1.0505165087557686,5.349473445379781,9.98838507884443,50,6.0,42.59510204081633,1.0,1.0,True,20,6,30,3699990466,5a784d3fc6c5152eaa1f98790b33af9584b35e7680a1661388af3f3457243c8b,True,time_only_baseline,A0) Time Prior + Hungarian (Baseline),False,300,300,0,0.0,300,225,0,0.75,0.75,1.2930002673,7.800000370000001,381.45666666666665,420.30000000000007,31.827679499983788,300,0,0,0,0,1.0,0.0,0.0,0.0,0.0,1.0,17.71,0.0,0.0,0.0,0.0,0.0,,0.0,0.0,31.292739298951346,0.023923954169731587,0.0,0.509418663859833,31.82608191698091,31.292739298951346,0.509418663859833
20260908_170955_253072,7c10f310757afff0281c7d59102a98ab5b24d276bea06c8399a914da503ce4cd,21,2187632412,1233724848,2187632412,1,300,50,60,5,30,10.0,120,current,Optimized Pattern Generator,dynamic_session,Dynamic Session Pattern Assignment,50,6,360,e9f27d5c9dca09da99da089e8f8af4584668f31588c93647731e2c09d4adc635,2.0,16.826666666666668,30.0,1.0505165087557686,5.349473445379781,9.98838507884443,50,6.0,42.59510204081633,1.0,1.0,True,20,6,30,3699990466,5a784d3fc6c5152eaa1f98790b33af9584b35e7680a1661388af3f3457243c8b,True,single_only,A1) Refined Cost + Greedy 1:1,True,300,300,0,0.0,300,294,0,0.98,0.98,0.9177817947135882,2.764295562450686,381.45666666666665,420.30000000000007,39.87436216598144,300,0,0,0,0,1.0,0.0,0.0,0.0,0.0,1.0,17.71,0.0,0.0,0.0,0.0,0.0,,0.0,0.0,32.429854412097484,6.948355367931072,0.0,0.494358427968109,39.872568207996665,32.429854412097484,0.494358427968109
20260908_170955_253072,7c10f310757afff0281c7d59102a98ab5b24d276bea06c8399a914da503ce4cd,21,2187632412,2184921397,2187632412,1,300,50,60,5,30,10.0,120,current,Optimized Pattern Generator,dynamic_session,Dynamic Session Pattern Assignment,50,6,360,e9f27d5c9dca09da99da089e8f8af4584668f31588c93647731e2c09d4adc635,2.0,16.826666666666668,30.0,1.0505165087557686,5.349473445379781,9.98838507884443,50,6.0,42.59510204081633,1.0,1.0,True,20,6,30,3699990466,5a784d3fc6c5152eaa1f98790b33af9584b35e7680a1661388af3f3457243c8b,True,nomura_original_interval_hungarian,A2) Corr+DTW + Hungarian,False,300,300,0,0.0,300,300,0,1.0,1.0,0.06647270825692195,0.21675378602013004,381.45666666666665,420.30000000000007,52.66193283398752,300,0,0,0,0,1.0,0.0,0.0,0.0,0.0,1.0,17.71,0.0,0.0,0.0,0.0,0.0,,0.0,0.0,34.139239627926145,18.01030203999835,0.0,0.5106302070780657,52.66017187500256,34.139239627926145,0.5106302070780657
20260908_170955_253072,7c10f310757afff0281c7d59102a98ab5b24d276bea06c8399a914da503ce4cd,21,2187632412,1367392809,2187632412,1,300,50,60,5,30,10.0,120,current,Optimized Pattern Generator,dynamic_session,Dynamic Session Pattern Assignment,50,6,360,e9f27d5c9dca09da99da089e8f8af4584668f31588c93647731e2c09d4adc635,2.0,16.826666666666668,30.0,1.0505165087557686,5.349473445379781,9.98838507884443,50,6.0,42.59510204081633,1.0,1.0,True,20,6,30,3699990466,5a784d3fc6c5152eaa1f98790b33af9584b35e7680a1661388af3f3457243c8b,True,bayesian_windowed,A3) Two-Stage Bayesian Posterior + Hungarian,False,300,300,0,0.0,300,297,0,0.99,0.99,0.33714930938513904,1.5963318820111851,381.45666666666665,420.30000000000007,46.782246083021164,300,0,0,0,0,1.0,0.0,0.0,0.0,0.0,1.0,17.71,0.0,0.0,0.0,0.0,0.0,,0.0,0.0,39.084870214690454,7.082573582127225,0.0,0.6115879531716928,46.77903174998937,39.084870214690454,0.6115879531716928
20260908_170955_253072,7c10f310757afff0281c7d59102a98ab5b24d276bea06c8399a914da503ce4cd,22,2187632413,1421914769,2187632413,2,300,50,60,5,30,10.0,120,current,Optimized Pattern Generator,dynamic_session,Dynamic Session Pattern Assignment,50,6,360,78323dac3290180090b67cd270d3b89ce5782192a048be2a8a018268ea48d600,2.0,16.226666666666667,30.0,1.0119691867547114,5.521133813020589,9.954051370774307,50,5.0,40.994285714285716,1.0,1.0,True,20,6,30,3699990467,bfe2336632371f0a59592832905f7c24305f0df03e2f8c75a665d5f4cf032851,True,time_only_baseline,A0) Time Prior + Hungarian (Baseline),False,300,300,0,0.0,300,248,0,0.8266666666666667,0.8266666666666667,1.4620002499666669,9.50000033,381.66333333333336,423.1,34.83519662497565,300,0,0,0,0,1.0,0.0,0.0,0.0,0.0,1.0,16.996666666666666,0.0,0.0,0.0,0.0,0.0,,0.0,0.0,34.272247778833844,0.026900297147221863,0.0,0.5322865490161348,34.8314346249972,34.272247778833844,0.5322865490161348
20260908_170955_253072,7c10f310757afff0281c7d59102a98ab5b24d276bea06c8399a914da503ce4cd,22,2187632413,1233724849,2187632413,2,300,50,60,5,30,10.0,120,current,Optimized Pattern Generator,dynamic_session,Dynamic Session Pattern Assignment,50,6,360,78323dac3290180090b67cd270d3b89ce5782192a048be2a8a018268ea48d600,2.0,16.226666666666667,30.0,1.0119691867547114,5.521133813020589,9.954051370774307,50,5.0,40.994285714285716,1.0,1.0,True,20,6,30,3699990467,bfe2336632371f0a59592832905f7c24305f0df03e2f8c75a665d5f4cf032851,True,single_only,A1) Refined Cost + Greedy 1:1,True,300,300,0,0.0,300,292,0,0.9733333333333334,0.9733333333333334,0.8850438745567931,2.681149315696667,381.66333333333336,423.1,46.44291937499656,300,0,0,0,0,1.0,0.0,0.0,0.0,0.0,1.0,16.996666666666666,0.0,0.0,0.0,0.0,0.0,,0.0,0.0,37.9213414961705,7.7487563707109075,0.0,0.7706862161285244,46.44078408300993,37.9213414961705,0.7706862161285244
20260908_170955_253072,7c10f310757afff0281c7d59102a98ab5b24d276bea06c8399a914da503ce4cd,22,2187632413,2184921396,2187632413,2,300,50,60,5,30,10.0,120,current,Optimized Pattern Generator,dynamic_session,Dynamic Session Pattern Assignment,50,6,360,78323dac3290180090b67cd270d3b89ce5782192a048be2a8a018268ea48d600,2.0,16.226666666666667,30.0,1.0119691867547114,5.521133813020589,9.954051370774307,50,5.0,40.994285714285716,1.0,1.0,True,20,6,30,3699990467,bfe2336632371f0a59592832905f7c24305f0df03e2f8c75a665d5f4cf032851,True,nomura_original_interval_hungarian,A2) Corr+DTW + Hungarian,False,300,300,0,0.0,300,300,0,1.0,1.0,0.06967699483244151,0.25603966552675267,381.66333333333336,423.1,53.949589750001905,300,0,0,0,0,1.0,0.0,0.0,0.0,0.0,1.0,16.996666666666666,0.0,0.0,0.0,0.0,0.0,,0.0,0.0,34.92757052104571,18.480764587962767,0.0,0.5378473910095636,53.94618250001804,34.92757052104571,0.5378473910095636
20260908_170955_253072,7c10f310757afff0281c7d59102a98ab5b24d276bea06c8399a914da503ce4cd,22,2187632413,1367392808,2187632413,2,300,50,60,5,30,10.0,120,current,Optimized Pattern Generator,dynamic_session,Dynamic Session Pattern Assignment,50,6,360,78323dac3290180090b67cd270d3b89ce5782192a048be2a8a018268ea48d600,2.0,16.226666666666667,30.0,1.0119691867547114,5.521133813020589,9.954051370774307,50,5.0,40.994285714285716,1.0,1.0,True,20,6,30,3699990467,bfe2336632371f0a59592832905f7c24305f0df03e2f8c75a665d5f4cf032851,True,bayesian_windowed,A3) Two-Stage Bayesian Posterior + Hungarian,False,300,300,0,0.0,300,293,0,0.9766666666666667,0.9766666666666667,0.3394032428757522,1.278093029056736,381.66333333333336,423.1,40.62190720799845,300,0,0,0,0,1.0,0.0,0.0,0.0,0.0,1.0,16.996666666666666,0.0,0.0,0.0,0.0,0.0,,0.0,0.0,33.70590891732718,6.32442137732869,0.0,0.5898338303377386,40.62016412499361,33.70590891732718,0.5898338303377386
20260908_170955_253072,7c10f310757afff0281c7d59102a98ab5b24d276bea06c8399a914da503ce4cd,23,2187632414,1421914770,2187632414,3,300,50,60,5,30,10.0,120,current,Optimized Pattern Generator,dynamic_session,Dynamic Session Pattern Assignment,50,6,360,03ebf117663cf7fe2ea157ed3f5b9cdb55f7714aa21b3540b50c0a489093e29f,2.0,15.76,30.0,1.0065597026351392,5.354265974824469,9.950675834604667,50,7.0,43.39673469387755,1.0,1.0,True,20,6,30,3699990464,b6997e58bde487969f696f52502a605ff18458cc45c69c34cb4e6cc435253c2a,True,time_only_baseline,A0) Time Prior + Hungarian (Baseline),False,300,300,0,0.0,300,232,0,0.7733333333333333,0.7733333333333333,1.3316669209333334,7.90000018,382.4066666666667,422.0,36.08436937499209,300,0,0,0,0,1.0,0.0,0.0,0.0,0.0,1.0,17.56,0.0,0.0,0.0,0.0,0.0,,0.0,0.0,35.49846337601775,0.026853381714317948,0.0,0.557286534254672,36.08260329198674,35.49846337601775,0.557286534254672
20260908_170955_253072,7c10f310757afff0281c7d59102a98ab5b24d276bea06c8399a914da503ce4cd,23,2187632414,1233724850,2187632414,3,300,50,60,5,30,10.0,120,current,Optimized Pattern Generator,dynamic_session,Dynamic Session Pattern Assignment,50,6,360,03ebf117663cf7fe2ea157ed3f5b9cdb55f7714aa21b3540b50c0a489093e29f,2.0,15.76,30.0,1.0065597026351392,5.354265974824469,9.950675834604667,50,7.0,43.39673469387755,1.0,1.0,True,20,6,30,3699990464,b6997e58bde487969f696f52502a605ff18458cc45c69c34cb4e6cc435253c2a,True,single_only,A1) Refined Cost + Greedy 1:1,True,300,300,0,0.0,300,292,0,0.9733333333333334,0.9733333333333334,0.9431306059911371,2.762273883837315,382.4066666666667,422.0,42.64664408299723,300,0,0,0,0,1.0,0.0,0.0,0.0,0.0,1.0,17.56,0.0,0.0,0.0,0.0,0.0,,0.0,0.0,34.67077795014484,7.423913214879576,0.0,0.5498718769813422,42.64456304200576,34.67077795014484,0.5498718769813422
20260908_170955_253072,7c10f310757afff0281c7d59102a98ab5b24d276bea06c8399a914da503ce4cd,23,2187632414,2184921399,2187632414,3,300,50,60,5,30,10.0,120,current,Optimized Pattern Generator,dynamic_session,Dynamic Session Pattern Assignment,50,6,360,03ebf117663cf7fe2ea157ed3f5b9cdb55f7714aa21b3540b50c0a489093e29f,2.0,15.76,30.0,1.0065597026351392,5.354265974824469,9.950675834604667,50,7.0,43.39673469387755,1.0,1.0,True,20,6,30,3699990464,b6997e58bde487969f696f52502a605ff18458cc45c69c34cb4e6cc435253c2a,True,nomura_original_interval_hungarian,A2) Corr+DTW + Hungarian,False,300,300,0,0.0,300,300,0,1.0,1.0,0.06893288534372176,0.2731807817643975,382.4066666666667,422.0,53.630218749982305,300,0,0,0,0,1.0,0.0,0.0,0.0,0.0,1.0,17.56,0.0,0.0,0.0,0.0,0.0,,0.0,0.0,34.75966233172221,18.306527088047005,0.0,0.5620541632233653,53.62824358299258,34.75966233172221,0.5620541632233653
20260908_170955_253072,7c10f310757afff0281c7d59102a98ab5b24d276bea06c8399a914da503ce4cd,23,2187632414,1367392811,2187632414,3,300,50,60,5,30,10.0,120,current,Optimized Pattern Generator,dynamic_session,Dynamic Session Pattern Assignment,50,6,360,03ebf117663cf7fe2ea157ed3f5b9cdb55f7714aa21b3540b50c0a489093e29f,2.0,15.76,30.0,1.0065597026351392,5.354265974824469,9.950675834604667,50,7.0,43.39673469387755,1.0,1.0,True,20,6,30,3699990464,b6997e58bde487969f696f52502a605ff18458cc45c69c34cb4e6cc435253c2a,True,bayesian_windowed,A3) Two-Stage Bayesian Posterior + Hungarian,False,300,300,0,0.0,300,295,0,0.9833333333333333,0.9833333333333333,0.3586106138904415,1.7038693679709775,382.4066666666667,422.0,41.982285459002014,300,0,0,0,0,1.0,0.0,0.0,0.0,0.0,1.0,17.56,0.0,0.0,0.0,0.0,0.0,,0.0,0.0,34.95054915986839,6.4858309961273335,0.0,0.5439635110087693,41.98034366700449,34.95054915986839,0.5439635110087693
20260908_170955_253072,7c10f310757afff0281c7d59102a98ab5b24d276bea06c8399a914da503ce4cd,24,2187632415,1421914771,2187632415,4,300,50,60,5,30,10.0,120,current,Optimized Pattern Generator,dynamic_session,Dynamic Session Pattern Assignment,50,6,360,74b74bd886e728201c364e2310ed3d73d034c4c9ad889040f6261263e4813f07,2.0,16.873333333333335,30.0,1.0229833229105554,5.355795243590963,9.963423487252461,50,8.0,42.20897959183674,1.0,1.0,True,20,6,30,3699990465,1da7231085bd51638a2e2563e13302f44141552ffc5dfe4b3dfa427e62e21492,True,time_only_baseline,A0) Time Prior + Hungarian (Baseline),False,300,300,0,0.0,300,235,0,0.7833333333333333,0.7833333333333333,1.4703335942666669,8.40000015,383.6333333333333,424.1,33.97741429199232,300,0,0,0,0,1.0,0.0,0.0,0.0,0.0,1.0,17.246666666666666,0.0,0.0,0.0,0.0,0.0,,0.0,0.0,33.40430829493562,0.025582002039300278,0.0,0.5457234950445127,33.97561379201943,33.40430829493562,0.5457234950445127
20260908_170955_253072,7c10f310757afff0281c7d59102a98ab5b24d276bea06c8399a914da503ce4cd,24,2187632415,1233724851,2187632415,4,300,50,60,5,30,10.0,120,current,Optimized Pattern Generator,dynamic_session,Dynamic Session Pattern Assignment,50,6,360,74b74bd886e728201c364e2310ed3d73d034c4c9ad889040f6261263e4813f07,2.0,16.873333333333335,30.0,1.0229833229105554,5.355795243590963,9.963423487252461,50,8.0,42.20897959183674,1.0,1.0,True,20,6,30,3699990465,1da7231085bd51638a2e2563e13302f44141552ffc5dfe4b3dfa427e62e21492,True,single_only,A1) Refined Cost + Greedy 1:1,True,300,300,0,0.0,300,290,0,0.9666666666666667,0.9666666666666667,0.8893633382866107,2.620700926550704,383.6333333333333,424.1,41.63002345801215,300,0,0,0,0,1.0,0.0,0.0,0.0,0.0,1.0,17.246666666666666,0.0,0.0,0.0,0.0,0.0,,0.0,0.0,33.82963920736802,7.240031465305947,0.0,0.5585988693346735,41.62826954200864,33.82963920736802,0.5585988693346735
20260908_170955_253072,7c10f310757afff0281c7d59102a98ab5b24d276bea06c8399a914da503ce4cd,24,2187632415,2184921398,2187632415,4,300,50,60,5,30,10.0,120,current,Optimized Pattern Generator,dynamic_session,Dynamic Session Pattern Assignment,50,6,360,74b74bd886e728201c364e2310ed3d73d034c4c9ad889040f6261263e4813f07,2.0,16.873333333333335,30.0,1.0229833229105554,5.355795243590963,9.963423487252461,50,8.0,42.20897959183674,1.0,1.0,True,20,6,30,3699990465,1da7231085bd51638a2e2563e13302f44141552ffc5dfe4b3dfa427e62e21492,True,nomura_original_interval_hungarian,A2) Corr+DTW + Hungarian,False,300,300,0,0.0,300,300,0,1.0,1.0,0.07096658067082046,0.22060476073517712,383.6333333333333,424.1,52.263901541999076,300,0,0,0,0,1.0,0.0,0.0,0.0,0.0,1.0,17.246666666666666,0.0,0.0,0.0,0.0,0.0,,0.0,0.0,33.748610872164136,17.97109604603611,0.0,0.5420775818056427,52.26178450000589,33.748610872164136,0.5420775818056427
20260908_170955_253072,7c10f310757afff0281c7d59102a98ab5b24d276bea06c8399a914da503ce4cd,24,2187632415,1367392810,2187632415,4,300,50,60,5,30,10.0,120,current,Optimized Pattern Generator,dynamic_session,Dynamic Session Pattern Assignment,50,6,360,74b74bd886e728201c364e2310ed3d73d034c4c9ad889040f6261263e4813f07,2.0,16.873333333333335,30.0,1.0229833229105554,5.355795243590963,9.963423487252461,50,8.0,42.20897959183674,1.0,1.0,True,20,6,30,3699990465,1da7231085bd51638a2e2563e13302f44141552ffc5dfe4b3dfa427e62e21492,True,bayesian_windowed,A3) Two-Stage Bayesian Posterior + Hungarian,False,300,300,0,0.0,300,293,0,0.9766666666666667,0.9766666666666667,0.38072060365210947,1.5043697296791416,383.6333333333333,424.1,40.36145179098821,300,0,0,0,0,1.0,0.0,0.0,0.0,0.0,1.0,17.246666666666666,0.0,0.0,0.0,0.0,0.0,,0.0,0.0,33.53203568398021,6.297996070003137,0.0,0.5296839130169246,40.35971566700027,33.53203568398021,0.5296839130169246
20260908_170955_253072,7c10f310757afff0281c7d59102a98ab5b24d276bea06c8399a914da503ce4cd,25,2187632416,1421914796,2187632416,5,300,50,60,5,30,10.0,120,current,Optimized Pattern Generator,dynamic_session,Dynamic Session Pattern Assignment,50,6,360,9b47dde9f6a0bbed70aaf9f5c4fa5a21a5e6134844b5139c7c8c61cc27fd63ee,2.0,16.043333333333333,30.0,1.078205679922617,5.510736400720717,9.965293445430616,50,6.0,44.817959183673466,1.0,1.0,True,20,6,30,3699990526,a715c7393ba5d90feba8f4cdfcd848e4a867fed36aa8e40f8a0616eb806c82c7,True,time_only_baseline,A0) Time Prior + Hungarian (Baseline),False,300,300,0,0.0,300,242,0,0.8066666666666666,0.8066666666666666,1.4510002409000002,9.00000016,382.93333333333334,419.1,33.69527975001256,300,0,0,0,0,1.0,0.0,0.0,0.0,0.0,1.0,17.023333333333333,0.0,0.0,0.0,0.0,0.0,,0.0,0.0,33.0939224572212,0.02583819124265574,0.0,0.5734946015290916,33.693255249992944,33.0939224572212,0.5734946015290916
20260908_170955_253072,7c10f310757afff0281c7d59102a98ab5b24d276bea06c8399a914da503ce4cd,25,2187632416,1233724812,2187632416,5,300,50,60,5,30,10.0,120,current,Optimized Pattern Generator,dynamic_session,Dynamic Session Pattern Assignment,50,6,360,9b47dde9f6a0bbed70aaf9f5c4fa5a21a5e6134844b5139c7c8c61cc27fd63ee,2.0,16.043333333333333,30.0,1.078205679922617,5.510736400720717,9.965293445430616,50,6.0,44.817959183673466,1.0,1.0,True,20,6,30,3699990526,a715c7393ba5d90feba8f4cdfcd848e4a867fed36aa8e40f8a0616eb806c82c7,True,single_only,A1) Refined Cost + Greedy 1:1,True,300,300,0,0.0,300,288,0,0.96,0.96,1.0200641876832253,3.0240220854826854,382.93333333333334,419.1,43.370403875014745,300,0,0,0,0,1.0,0.0,0.0,0.0,0.0,1.0,17.023333333333333,0.0,0.0,0.0,0.0,0.0,,0.0,0.0,35.343812243052525,7.475949469371699,0.0,0.5476103295804933,43.36737204200472,35.343812243052525,0.5476103295804933
20260908_170955_253072,7c10f310757afff0281c7d59102a98ab5b24d276bea06c8399a914da503ce4cd,25,2187632416,2184921353,2187632416,5,300,50,60,5,30,10.0,120,current,Optimized Pattern Generator,dynamic_session,Dynamic Session Pattern Assignment,50,6,360,9b47dde9f6a0bbed70aaf9f5c4fa5a21a5e6134844b5139c7c8c61cc27fd63ee,2.0,16.043333333333333,30.0,1.078205679922617,5.510736400720717,9.965293445430616,50,6.0,44.817959183673466,1.0,1.0,True,20,6,30,3699990526,a715c7393ba5d90feba8f4cdfcd848e4a867fed36aa8e40f8a0616eb806c82c7,True,nomura_original_interval_hungarian,A2) Corr+DTW + Hungarian,False,300,300,0,0.0,300,298,0,0.9933333333333333,0.9933333333333333,0.0754584142172627,0.20974069085591052,382.93333333333334,419.1,52.21069062501192,300,0,0,0,0,1.0,0.0,0.0,0.0,0.0,1.0,17.023333333333333,0.0,0.0,0.0,0.0,0.0,,0.0,0.0,33.72918669896899,17.92030304481159,0.0,0.5594262562226504,52.20891600000323,33.72918669896899,0.5594262562226504
20260908_170955_253072,7c10f310757afff0281c7d59102a98ab5b24d276bea06c8399a914da503ce4cd,25,2187632416,1367392789,2187632416,5,300,50,60,5,30,10.0,120,current,Optimized Pattern Generator,dynamic_session,Dynamic Session Pattern Assignment,50,6,360,9b47dde9f6a0bbed70aaf9f5c4fa5a21a5e6134844b5139c7c8c61cc27fd63ee,2.0,16.043333333333333,30.0,1.078205679922617,5.510736400720717,9.965293445430616,50,6.0,44.817959183673466,1.0,1.0,True,20,6,30,3699990526,a715c7393ba5d90feba8f4cdfcd848e4a867fed36aa8e40f8a0616eb806c82c7,True,bayesian_windowed,A3) Two-Stage Bayesian Posterior + Hungarian,False,300,300,0,0.0,300,293,0,0.9766666666666667,0.9766666666666667,0.36173685060242716,1.6425002835815206,382.93333333333334,419.1,45.42411891699885,300,0,0,0,0,1.0,0.0,0.0,0.0,0.0,1.0,17.023333333333333,0.0,0.0,0.0,0.0,0.0,,0.0,0.0,38.01757680028095,6.8453097549208906,0.0,0.559276902815327,45.42216345801717,38.01757680028095,0.559276902815327
20260908_170955_253072,7c10f310757afff0281c7d59102a98ab5b24d276bea06c8399a914da503ce4cd,26,2187632417,1421914797,2187632417,6,300,50,60,5,30,10.0,120,current,Optimized Pattern Generator,dynamic_session,Dynamic Session Pattern Assignment,50,6,360,76b56f52a4865e8f3549201af0eaa34dfdafdf7bea382b361df3b6e23259d9d6,2.0,16.363333333333333,30.0,1.0502270616740248,5.459962302366881,9.964000225940177,50,7.0,40.204081632653065,1.0,1.0,True,20,6,30,3699990527,6c0e89589cf821be5491c21b1163b77f5e34f46dc62e106f3d8e7ae34ad07e8d,True,time_only_baseline,A0) Time Prior + Hungarian (Baseline),False,300,300,0,0.0,300,234,0,0.78,0.78,1.359333589866667,8.70000014,380.5733333333333,420.1,30.96795370799373,300,0,0,0,0,1.0,0.0,0.0,0.0,0.0,1.0,16.983333333333334,0.0,0.0,0.0,0.0,0.0,,0.0,0.0,30.445454451895785,0.02411372194183059,0.0,0.4966463261807803,30.966214500018395,30.445454451895785,0.4966463261807803
20260908_170955_253072,7c10f310757afff0281c7d59102a98ab5b24d276bea06c8399a914da503ce4cd,26,2187632417,1233724813,2187632417,6,300,50,60,5,30,10.0,120,current,Optimized Pattern Generator,dynamic_session,Dynamic Session Pattern Assignment,50,6,360,76b56f52a4865e8f3549201af0eaa34dfdafdf7bea382b361df3b6e23259d9d6,2.0,16.363333333333333,30.0,1.0502270616740248,5.459962302366881,9.964000225940177,50,7.0,40.204081632653065,1.0,1.0,True,20,6,30,3699990527,6c0e89589cf821be5491c21b1163b77f5e34f46dc62e106f3d8e7ae34ad07e8d,True,single_only,A1) Refined Cost + Greedy 1:1,True,300,300,0,0.0,300,285,0,0.95,0.95,0.8238769980157737,2.9116851251229243,380.5733333333333,420.1,37.73936054101796,300,0,0,0,0,1.0,0.0,0.0,0.0,0.0,1.0,16.983333333333334,0.0,0.0,0.0,0.0,0.0,,0.0,0.0,30.634806249727262,6.621251038828632,0.0,0.48073921143077314,37.73679649998667,30.634806249727262,0.48073921143077314
20260908_170955_253072,7c10f310757afff0281c7d59102a98ab5b24d276bea06c8399a914da503ce4cd,26,2187632417,2184921352,2187632417,6,300,50,60,5,30,10.0,120,current,Optimized Pattern Generator,dynamic_session,Dynamic Session Pattern Assignment,50,6,360,76b56f52a4865e8f3549201af0eaa34dfdafdf7bea382b361df3b6e23259d9d6,2.0,16.363333333333333,30.0,1.0502270616740248,5.459962302366881,9.964000225940177,50,7.0,40.204081632653065,1.0,1.0,True,20,6,30,3699990527,6c0e89589cf821be5491c21b1163b77f5e34f46dc62e106f3d8e7ae34ad07e8d,True,nomura_original_interval_hungarian,A2) Corr+DTW + Hungarian,False,300,300,0,0.0,300,299,0,0.9966666666666667,0.9966666666666667,0.06571301468901329,0.25533618507721584,380.5733333333333,420.1,47.40711816700059,300,0,0,0,0,1.0,0.0,0.0,0.0,0.0,1.0,16.983333333333334,0.0,0.0,0.0,0.0,0.0,,0.0,0.0,30.37742979815812,16.521173366869334,0.0,0.5066289599635638,47.40523212499102,30.37742979815812,0.5066289599635638
20260908_170955_253072,7c10f310757afff0281c7d59102a98ab5b24d276bea06c8399a914da503ce4cd,26,2187632417,1367392788,2187632417,6,300,50,60,5,30,10.0,120,current,Optimized Pattern Generator,dynamic_session,Dynamic Session Pattern Assignment,50,6,360,76b56f52a4865e8f3549201af0eaa34dfdafdf7bea382b361df3b6e23259d9d6,2.0,16.363333333333333,30.0,1.0502270616740248,5.459962302366881,9.964000225940177,50,7.0,40.204081632653065,1.0,1.0,True,20,6,30,3699990527,6c0e89589cf821be5491c21b1163b77f5e34f46dc62e106f3d8e7ae34ad07e8d,True,bayesian_windowed,A3) Two-Stage Bayesian Posterior + Hungarian,False,300,300,0,0.0,300,288,0,0.96,0.96,0.36317250174182586,1.476341529961749,380.5733333333333,420.1,36.65650241699768,300,0,0,0,0,1.0,0.0,0.0,0.0,0.0,1.0,16.983333333333334,0.0,0.0,0.0,0.0,0.0,,0.0,0.0,30.382280009333044,5.774198833067203,0.0,0.49829032461275347,36.654769167013,30.382280009333044,0.49829032461275347
20260908_170955_253072,7c10f310757afff0281c7d59102a98ab5b24d276bea06c8399a914da503ce4cd,27,2187632418,1421914798,2187632418,7,300,50,60,5,30,10.0,120,current,Optimized Pattern Generator,dynamic_session,Dynamic Session Pattern Assignment,50,6,360,064aba5caffa2d89fb78f115efaba376fbcecdb48776d01ed801f7aba0d75bd5,2.0,16.24,30.0,1.0379215160723034,5.207413877301843,9.987760419371837,50,6.0,43.93959183673469,1.0,1.0,True,20,6,30,3699990524,cf6c59207707786a2d712d362e1c4251181f4cf78bbb024ae9e9b1d72c2057f6,True,time_only_baseline,A0) Time Prior + Hungarian (Baseline),False,300,300,0,0.0,300,248,0,0.8266666666666667,0.8266666666666667,1.4316669403,8.400000310000001,381.49,416.0,29.951245000003837,300,0,0,0,0,1.0,0.0,0.0,0.0,0.0,1.0,16.786666666666665,0.0,0.0,0.0,0.0,0.0,,0.0,0.0,29.43431150604738,0.022969822864979506,0.0,0.49219162910594605,29.949472958018305,29.43431150604738,0.49219162910594605
20260908_170955_253072,7c10f310757afff0281c7d59102a98ab5b24d276bea06c8399a914da503ce4cd,27,2187632418,1233724814,2187632418,7,300,50,60,5,30,10.0,120,current,Optimized Pattern Generator,dynamic_session,Dynamic Session Pattern Assignment,50,6,360,064aba5caffa2d89fb78f115efaba376fbcecdb48776d01ed801f7aba0d75bd5,2.0,16.24,30.0,1.0379215160723034,5.207413877301843,9.987760419371837,50,6.0,43.93959183673469,1.0,1.0,True,20,6,30,3699990524,cf6c59207707786a2d712d362e1c4251181f4cf78bbb024ae9e9b1d72c2057f6,True,single_only,A1) Refined Cost + Greedy 1:1,True,300,300,0,0.0,300,290,0,0.9666666666666667,0.9666666666666667,0.9655832782207847,3.2420032350145678,381.49,416.0,36.307916749996366,300,0,0,0,0,1.0,0.0,0.0,0.0,0.0,1.0,16.786666666666665,0.0,0.0,0.0,0.0,0.0,,0.0,0.0,29.45728923904244,6.353352918726159,0.0,0.4955513832392171,36.306193541007815,29.45728923904244,0.4955513832392171
20260908_170955_253072,7c10f310757afff0281c7d59102a98ab5b24d276bea06c8399a914da503ce4cd,27,2187632418,2184921355,2187632418,7,300,50,60,5,30,10.0,120,current,Optimized Pattern Generator,dynamic_session,Dynamic Session Pattern Assignment,50,6,360,064aba5caffa2d89fb78f115efaba376fbcecdb48776d01ed801f7aba0d75bd5,2.0,16.24,30.0,1.0379215160723034,5.207413877301843,9.987760419371837,50,6.0,43.93959183673469,1.0,1.0,True,20,6,30,3699990524,cf6c59207707786a2d712d362e1c4251181f4cf78bbb024ae9e9b1d72c2057f6,True,nomura_original_interval_hungarian,A2) Corr+DTW + Hungarian,False,300,300,0,0.0,300,300,0,1.0,1.0,0.06960628899126677,0.24942158452187163,381.49,416.0,46.02221262501553,300,0,0,0,0,1.0,0.0,0.0,0.0,0.0,1.0,16.786666666666665,0.0,0.0,0.0,0.0,0.0,,0.0,0.0,29.311971242015716,16.214892793854233,0.0,0.49368292311555706,46.020546958985506,29.311971242015716,0.49368292311555706
20260908_170955_253072,7c10f310757afff0281c7d59102a98ab5b24d276bea06c8399a914da503ce4cd,27,2187632418,1367392791,2187632418,7,300,50,60,5,30,10.0,120,current,Optimized Pattern Generator,dynamic_session,Dynamic Session Pattern Assignment,50,6,360,064aba5caffa2d89fb78f115efaba376fbcecdb48776d01ed801f7aba0d75bd5,2.0,16.24,30.0,1.0379215160723034,5.207413877301843,9.987760419371837,50,6.0,43.93959183673469,1.0,1.0,True,20,6,30,3699990524,cf6c59207707786a2d712d362e1c4251181f4cf78bbb024ae9e9b1d72c2057f6,True,bayesian_windowed,A3) Two-Stage Bayesian Posterior + Hungarian,False,300,300,0,0.0,300,295,0,0.9833333333333333,0.9833333333333333,0.33913972678494836,1.549326671220305,381.49,416.0,35.45935504199588,300,0,0,0,0,1.0,0.0,0.0,0.0,0.0,1.0,16.786666666666665,0.0,0.0,0.0,0.0,0.0,,0.0,0.0,29.27514646318741,5.686971969495062,0.0,0.49559773431974463,35.45771616700222,29.27514646318741,0.49559773431974463
20260908_170955_253072,7c10f310757afff0281c7d59102a98ab5b24d276bea06c8399a914da503ce4cd,28,2187632419,1421914799,2187632419,8,300,50,60,5,30,10.0,120,current,Optimized Pattern Generator,dynamic_session,Dynamic Session Pattern Assignment,50,6,360,17d335ac1768eeb6e784c6050aeeee2e5f1d50607e6a6f35ecfee892a40073da,2.0,16.14,30.0,1.0036147583606472,5.6258186702059705,9.942674042732857,50,11.0,39.49795918367347,1.0,1.0,True,20,6,30,3699990525,92c0ed970e95d9814545dd86fa2c82b9666068e1d4829c602ffe5a5a7c821827,True,time_only_baseline,A0) Time Prior + Hungarian (Baseline),False,300,300,0,0.0,300,246,0,0.82,0.82,1.4806669216666668,8.800000220000001,382.3666666666667,416.1,31.893239082972286,300,0,0,0,0,1.0,0.0,0.0,0.0,0.0,1.0,17.84,0.0,0.0,0.0,0.0,0.0,,0.0,0.0,31.372753088216996,0.024115468986565247,0.0,0.49323923481279053,31.89010779201635,31.372753088216996,0.49323923481279053
20260908_170955_253072,7c10f310757afff0281c7d59102a98ab5b24d276bea06c8399a914da503ce4cd,28,2187632419,1233724815,2187632419,8,300,50,60,5,30,10.0,120,current,Optimized Pattern Generator,dynamic_session,Dynamic Session Pattern Assignment,50,6,360,17d335ac1768eeb6e784c6050aeeee2e5f1d50607e6a6f35ecfee892a40073da,2.0,16.14,30.0,1.0036147583606472,5.6258186702059705,9.942674042732857,50,11.0,39.49795918367347,1.0,1.0,True,20,6,30,3699990525,92c0ed970e95d9814545dd86fa2c82b9666068e1d4829c602ffe5a5a7c821827,True,single_only,A1) Refined Cost + Greedy 1:1,True,300,300,0,0.0,300,292,0,0.9733333333333334,0.9733333333333334,0.9207282182342612,2.876094375728532,382.3666666666667,416.1,38.87419691600371,300,0,0,0,0,1.0,0.0,0.0,0.0,0.0,1.0,17.84,0.0,0.0,0.0,0.0,0.0,,0.0,0.0,31.53740224984358,6.8254859228327405,0.0,0.509516452322714,38.872404624999035,31.53740224984358,0.509516452322714
20260908_170955_253072,7c10f310757afff0281c7d59102a98ab5b24d276bea06c8399a914da503ce4cd,28,2187632419,2184921354,2187632419,8,300,50,60,5,30,10.0,120,current,Optimized Pattern Generator,dynamic_session,Dynamic Session Pattern Assignment,50,6,360,17d335ac1768eeb6e784c6050aeeee2e5f1d50607e6a6f35ecfee892a40073da,2.0,16.14,30.0,1.0036147583606472,5.6258186702059705,9.942674042732857,50,11.0,39.49795918367347,1.0,1.0,True,20,6,30,3699990525,92c0ed970e95d9814545dd86fa2c82b9666068e1d4829c602ffe5a5a7c821827,True,nomura_original_interval_hungarian,A2) Corr+DTW + Hungarian,False,300,300,0,0.0,300,300,0,1.0,1.0,0.06724920909266817,0.19564806706306376,382.3666666666667,416.1,50.491142582992325,300,0,0,0,0,1.0,0.0,0.0,0.0,0.0,1.0,17.84,0.0,0.0,0.0,0.0,0.0,,0.0,0.0,32.53080699685961,17.466955944924848,0.0,0.4915209332248196,50.48928387500928,32.53080699685961,0.4915209332248196
20260908_170955_253072,7c10f310757afff0281c7d59102a98ab5b24d276bea06c8399a914da503ce4cd,28,2187632419,1367392790,2187632419,8,300,50,60,5,30,10.0,120,current,Optimized Pattern Generator,dynamic_session,Dynamic Session Pattern Assignment,50,6,360,17d335ac1768eeb6e784c6050aeeee2e5f1d50607e6a6f35ecfee892a40073da,2.0,16.14,30.0,1.0036147583606472,5.6258186702059705,9.942674042732857,50,11.0,39.49795918367347,1.0,1.0,True,20,6,30,3699990525,92c0ed970e95d9814545dd86fa2c82b9666068e1d4829c602ffe5a5a7c821827,True,bayesian_windowed,A3) Two-Stage Bayesian Posterior + Hungarian,False,300,300,0,0.0,300,298,0,0.9933333333333333,0.9933333333333333,0.37641185140497935,1.5394518039029634,382.3666666666667,416.1,40.94691679198877,300,0,0,0,0,1.0,0.0,0.0,0.0,0.0,1.0,17.84,0.0,0.0,0.0,0.0,0.0,,0.0,0.0,34.0639269608364,6.376845129998401,0.0,0.5043771591736004,40.9451492500084,34.0639269608364,0.5043771591736004
20260908_170955_253072,7c10f310757afff0281c7d59102a98ab5b24d276bea06c8399a914da503ce4cd,29,2187632420,1421914792,2187632420,9,300,50,60,5,30,10.0,120,current,Optimized Pattern Generator,dynamic_session,Dynamic Session Pattern Assignment,50,6,360,e57fd5e0b3f592acd6168a73b779d9030e7492c3f1e9dd1aba98f61e474f8ed5,2.0,16.656666666666666,30.0,1.0050676491344759,5.541680628109826,9.966966153837106,50,6.0,42.16244897959184,1.0,1.0,True,20,6,30,3699990522,d5f7a75d9b41b26f2a573be1f5923f62b8905c497b8d0d60cf75cc28e680a240,True,time_only_baseline,A0) Time Prior + Hungarian (Baseline),False,300,300,0,0.0,300,240,0,0.8,0.8,1.3896669197666667,8.2000004,382.3333333333333,420.0,34.447679792006966,300,0,0,0,0,1.0,0.0,0.0,0.0,0.0,1.0,17.596666666666668,0.0,0.0,0.0,0.0,0.0,,0.0,0.0,33.912268627318554,0.025654085795395076,0.0,0.507985953881871,34.44590866699582,33.912268627318554,0.507985953881871
20260908_170955_253072,7c10f310757afff0281c7d59102a98ab5b24d276bea06c8399a914da503ce4cd,29,2187632420,1233724808,2187632420,9,300,50,60,5,30,10.0,120,current,Optimized Pattern Generator,dynamic_session,Dynamic Session Pattern Assignment,50,6,360,e57fd5e0b3f592acd6168a73b779d9030e7492c3f1e9dd1aba98f61e474f8ed5,2.0,16.656666666666666,30.0,1.0050676491344759,5.541680628109826,9.966966153837106,50,6.0,42.16244897959184,1.0,1.0,True,20,6,30,3699990522,d5f7a75d9b41b26f2a573be1f5923f62b8905c497b8d0d60cf75cc28e680a240,True,single_only,A1) Refined Cost + Greedy 1:1,True,300,300,0,0.0,300,291,0,0.97,0.97,0.8773591594171789,3.4730563248345168,382.3333333333333,420.0,40.31053966699983,300,0,0,0,0,1.0,0.0,0.0,0.0,0.0,1.0,17.596666666666668,0.0,0.0,0.0,0.0,0.0,,0.0,0.0,32.74813296177308,7.06223958186456,0.0,0.4985128733678721,40.30888541700551,32.74813296177308,0.4985128733678721
20260908_170955_253072,7c10f310757afff0281c7d59102a98ab5b24d276bea06c8399a914da503ce4cd,29,2187632420,2184921357,2187632420,9,300,50,60,5,30,10.0,120,current,Optimized Pattern Generator,dynamic_session,Dynamic Session Pattern Assignment,50,6,360,e57fd5e0b3f592acd6168a73b779d9030e7492c3f1e9dd1aba98f61e474f8ed5,2.0,16.656666666666666,30.0,1.0050676491344759,5.541680628109826,9.966966153837106,50,6.0,42.16244897959184,1.0,1.0,True,20,6,30,3699990522,d5f7a75d9b41b26f2a573be1f5923f62b8905c497b8d0d60cf75cc28e680a240,True,nomura_original_interval_hungarian,A2) Corr+DTW + Hungarian,False,300,300,0,0.0,300,300,0,1.0,1.0,0.0659221320098453,0.23266548106908472,382.3333333333333,420.0,49.65168562499457,300,0,0,0,0,1.0,0.0,0.0,0.0,0.0,1.0,17.596666666666668,0.0,0.0,0.0,0.0,0.0,,0.0,0.0,31.798566865123576,17.332404314016458,0.0,0.517744404845871,49.648715583985904,31.798566865123576,0.517744404845871
20260908_170955_253072,7c10f310757afff0281c7d59102a98ab5b24d276bea06c8399a914da503ce4cd,29,2187632420,1367392785,2187632420,9,300,50,60,5,30,10.0,120,current,Optimized Pattern Generator,dynamic_session,Dynamic Session Pattern Assignment,50,6,360,e57fd5e0b3f592acd6168a73b779d9030e7492c3f1e9dd1aba98f61e474f8ed5,2.0,16.656666666666666,30.0,1.0050676491344759,5.541680628109826,9.966966153837106,50,6.0,42.16244897959184,1.0,1.0,True,20,6,30,3699990522,d5f7a75d9b41b26f2a573be1f5923f62b8905c497b8d0d60cf75cc28e680a240,True,bayesian_windowed,A3) Two-Stage Bayesian Posterior + Hungarian,False,300,300,0,0.0,300,295,0,0.9833333333333333,0.9833333333333333,0.3642983187590265,1.5253167023255765,382.3333333333333,420.0,38.39436379200197,300,0,0,0,0,1.0,0.0,0.0,0.0,0.0,1.0,17.596666666666668,0.0,0.0,0.0,0.0,0.0,,0.0,0.0,31.786795415042434,6.1009561262326315,0.0,0.5035279167059343,38.391279457981,31.786795415042434,0.5035279167059343
20260908_170955_253072,7c10f310757afff0281c7d59102a98ab5b24d276bea06c8399a914da503ce4cd,30,2187632421,1421914793,2187632421,10,300,50,60,5,30,10.0,120,current,Optimized Pattern Generator,dynamic_session,Dynamic Session Pattern Assignment,50,6,360,68e620cd322ff742b2e4dbfa174de2d1d1c4df17aff3fca9f659b7581ad4db61,2.0,15.546666666666667,30.0,1.0225583871872785,5.175648453255027,9.961397854813915,50,9.0,41.36244897959184,1.0,1.0,True,20,6,30,3699990523,5f1611086cb081700134e469faeaac173c8a52b22bb68b3f7babb54e01fec445,True,time_only_baseline,A0) Time Prior + Hungarian (Baseline),False,300,300,0,0.0,300,224,0,0.7466666666666667,0.7466666666666667,1.3870002604333336,7.70000015,381.6566666666667,420.20000000000005,31.184895624988712,300,0,0,0,0,1.0,0.0,0.0,0.0,0.0,1.0,17.143333333333334,0.0,0.0,0.0,0.0,0.0,,0.0,0.0,30.661903090280248,0.023959672573255375,0.0,0.4957891541416757,31.18165191699518,30.661903090280248,0.4957891541416757
20260908_170955_253072,7c10f310757afff0281c7d59102a98ab5b24d276bea06c8399a914da503ce4cd,30,2187632421,1233724809,2187632421,10,300,50,60,5,30,10.0,120,current,Optimized Pattern Generator,dynamic_session,Dynamic Session Pattern Assignment,50,6,360,68e620cd322ff742b2e4dbfa174de2d1d1c4df17aff3fca9f659b7581ad4db61,2.0,15.546666666666667,30.0,1.0225583871872785,5.175648453255027,9.961397854813915,50,9.0,41.36244897959184,1.0,1.0,True,20,6,30,3699990523,5f1611086cb081700134e469faeaac173c8a52b22bb68b3f7babb54e01fec445,True,single_only,A1) Refined Cost + Greedy 1:1,True,300,300,0,0.0,300,288,0,0.96,0.96,0.8866570788063882,2.924915622565054,381.6566666666667,420.20000000000005,38.24320279198582,300,0,0,0,0,1.0,0.0,0.0,0.0,0.0,1.0,17.143333333333334,0.0,0.0,0.0,0.0,0.0,,0.0,0.0,30.972047373099485,6.741484967700671,0.0,0.5279268262092955,38.24145916700945,30.972047373099485,0.5279268262092955
20260908_170955_253072,7c10f310757afff0281c7d59102a98ab5b24d276bea06c8399a914da503ce4cd,30,2187632421,2184921356,2187632421,10,300,50,60,5,30,10.0,120,current,Optimized Pattern Generator,dynamic_session,Dynamic Session Pattern Assignment,50,6,360,68e620cd322ff742b2e4dbfa174de2d1d1c4df17aff3fca9f659b7581ad4db61,2.0,15.546666666666667,30.0,1.0225583871872785,5.175648453255027,9.961397854813915,50,9.0,41.36244897959184,1.0,1.0,True,20,6,30,3699990523,5f1611086cb081700134e469faeaac173c8a52b22bb68b3f7babb54e01fec445,True,nomura_original_interval_hungarian,A2) Corr+DTW + Hungarian,False,300,300,0,0.0,300,300,0,1.0,1.0,0.06712180965589733,0.26463490159813785,381.6566666666667,420.20000000000005,48.23101183300605,300,0,0,0,0,1.0,0.0,0.0,0.0,0.0,1.0,17.143333333333334,0.0,0.0,0.0,0.0,0.0,,0.0,0.0,30.9346557490353,16.75662688308512,0.0,0.5378979088854976,48.22918054100592,30.9346557490353,0.5378979088854976
20260908_170955_253072,7c10f310757afff0281c7d59102a98ab5b24d276bea06c8399a914da503ce4cd,30,2187632421,1367392784,2187632421,10,300,50,60,5,30,10.0,120,current,Optimized Pattern Generator,dynamic_session,Dynamic Session Pattern Assignment,50,6,360,68e620cd322ff742b2e4dbfa174de2d1d1c4df17aff3fca9f659b7581ad4db61,2.0,15.546666666666667,30.0,1.0225583871872785,5.175648453255027,9.961397854813915,50,9.0,41.36244897959184,1.0,1.0,True,20,6,30,3699990523,5f1611086cb081700134e469faeaac173c8a52b22bb68b3f7babb54e01fec445,True,bayesian_windowed,A3) Two-Stage Bayesian Posterior + Hungarian,False,300,300,0,0.0,300,290,0,0.9666666666666667,0.9666666666666667,0.35560195122657556,1.5087310463847958,381.6566666666667,420.20000000000005,36.98474308400182,300,0,0,0,0,1.0,0.0,0.0,0.0,0.0,1.0,17.143333333333334,0.0,0.0,0.0,0.0,0.0,,0.0,0.0,30.636732701881556,5.847798871283885,0.0,0.4984548018546775,36.98298637502012,30.636732701881556,0.4984548018546775
20260908_170955_253072,7c10f310757afff0281c7d59102a98ab5b24d276bea06c8399a914da503ce4cd,31,2187632422,1421914794,2187632422,11,300,50,60,5,30,10.0,120,current,Optimized Pattern Generator,dynamic_session,Dynamic Session Pattern Assignment,50,6,360,143e5cd70808daa367dbbb565afd9fbe4ffcd58bdb95e27fd5428ccbc4b22756,2.0,15.5,30.0,1.0038514245670886,5.6797556411071355,9.972390597286347,50,4.0,40.65387755102041,1.0,1.0,True,20,6,30,3699990520,63b6a55f26bea6011f29d9128fcfea75ed25b0842549f9cc9ec552feccf24346,True,time_only_baseline,A0) Time Prior + Hungarian (Baseline),False,300,300,0,0.0,300,241,0,0.8033333333333333,0.8033333333333333,1.2740002499999998,7.50000021,380.71666666666664,410.1,32.33255791600095,300,0,0,0,0,1.0,0.0,0.0,0.0,0.0,1.0,18.023333333333333,0.0,0.0,0.0,0.0,0.0,,0.0,0.0,31.809335883095628,0.023592204845044762,0.0,0.4964819540618919,32.329410042002564,31.809335883095628,0.4964819540618919
20260908_170955_253072,7c10f310757afff0281c7d59102a98ab5b24d276bea06c8399a914da503ce4cd,31,2187632422,1233724810,2187632422,11,300,50,60,5,30,10.0,120,current,Optimized Pattern Generator,dynamic_session,Dynamic Session Pattern Assignment,50,6,360,143e5cd70808daa367dbbb565afd9fbe4ffcd58bdb95e27fd5428ccbc4b22756,2.0,15.5,30.0,1.0038514245670886,5.6797556411071355,9.972390597286347,50,4.0,40.65387755102041,1.0,1.0,True,20,6,30,3699990520,63b6a55f26bea6011f29d9128fcfea75ed25b0842549f9cc9ec552feccf24346,True,single_only,A1) Refined Cost + Greedy 1:1,True,300,300,0,0.0,300,293,0,0.9766666666666667,0.9766666666666667,0.9274940826700628,2.641381527159732,380.71666666666664,410.1,39.59181670797989,300,0,0,0,0,1.0,0.0,0.0,0.0,0.0,1.0,18.023333333333333,0.0,0.0,0.0,0.0,0.0,,0.0,0.0,32.177856626338325,6.942826328828232,0.0,0.46949658685480244,39.59017954202136,32.177856626338325,0.46949658685480244
20260908_170955_253072,7c10f310757afff0281c7d59102a98ab5b24d276bea06c8399a914da503ce4cd,31,2187632422,2184921359,2187632422,11,300,50,60,5,30,10.0,120,current,Optimized Pattern Generator,dynamic_session,Dynamic Session Pattern Assignment,50,6,360,143e5cd70808daa367dbbb565afd9fbe4ffcd58bdb95e27fd5428ccbc4b22756,2.0,15.5,30.0,1.0038514245670886,5.6797556411071355,9.972390597286347,50,4.0,40.65387755102041,1.0,1.0,True,20,6,30,3699990520,63b6a55f26bea6011f29d9128fcfea75ed25b0842549f9cc9ec552feccf24346,True,nomura_original_interval_hungarian,A2) Corr+DTW + Hungarian,False,300,300,0,0.0,300,299,0,0.9966666666666667,0.9966666666666667,0.07196111526860158,0.290952833220539,380.71666666666664,410.1,49.71825800000806,300,0,0,0,0,1.0,0.0,0.0,0.0,0.0,1.0,18.023333333333333,0.0,0.0,0.0,0.0,0.0,,0.0,0.0,31.929282791679725,17.288079252903117,0.0,0.4990994974214118,49.716461542004254,31.929282791679725,0.4990994974214118
20260908_170955_253072,7c10f310757afff0281c7d59102a98ab5b24d276bea06c8399a914da503ce4cd,31,2187632422,1367392787,2187632422,11,300,50,60,5,30,10.0,120,current,Optimized Pattern Generator,dynamic_session,Dynamic Session Pattern Assignment,50,6,360,143e5cd70808daa367dbbb565afd9fbe4ffcd58bdb95e27fd5428ccbc4b22756,2.0,15.5,30.0,1.0038514245670886,5.6797556411071355,9.972390597286347,50,4.0,40.65387755102041,1.0,1.0,True,20,6,30,3699990520,63b6a55f26bea6011f29d9128fcfea75ed25b0842549f9cc9ec552feccf24346,True,bayesian_windowed,A3) Two-Stage Bayesian Posterior + Hungarian,False,300,300,0,0.0,300,294,0,0.98,0.98,0.38379283665072045,1.570360358447599,380.71666666666664,410.1,38.87067583401222,300,0,0,0,0,1.0,0.0,0.0,0.0,0.0,1.0,18.023333333333333,0.0,0.0,0.0,0.0,0.0,,0.0,0.0,32.292719090299215,6.08308068124461,0.0,0.49306506145512685,38.86886483299895,32.292719090299215,0.49306506145512685
20260908_170955_253072,7c10f310757afff0281c7d59102a98ab5b24d276bea06c8399a914da503ce4cd,32,2187632423,1421914795,2187632423,12,300,50,60,5,30,10.0,120,current,Optimized Pattern Generator,dynamic_session,Dynamic Session Pattern Assignment,50,6,360,8e9f016fb79e29254934f57d66114862548cb6e769b61b539d7d617e95710cf4,2.0,14.51,30.0,1.038522400639156,5.683092210805689,9.914178401443802,50,8.0,41.70204081632653,1.0,1.0,True,20,6,30,3699990521,7e63a77f80a1480fbe37278735ebc667a15dfc138d8be5a0c070dad20a8fffd3,True,time_only_baseline,A0) Time Prior + Hungarian (Baseline),False,300,300,0,0.0,300,239,0,0.7966666666666666,0.7966666666666666,1.4040002802,8.10000046,379.9866666666667,415.30000000000007,31.13641079197987,300,0,0,0,0,1.0,0.0,0.0,0.0,0.0,1.0,17.413333333333334,0.0,0.0,0.0,0.0,0.0,,0.0,0.0,30.61902691127034,0.022998328873654827,0.0,0.4926685098616872,31.13469375000568,30.61902691127034,0.4926685098616872
20260908_170955_253072,7c10f310757afff0281c7d59102a98ab5b24d276bea06c8399a914da503ce4cd,32,2187632423,1233724811,2187632423,12,300,50,60,5,30,10.0,120,current,Optimized Pattern Generator,dynamic_session,Dynamic Session Pattern Assignment,50,6,360,8e9f016fb79e29254934f57d66114862548cb6e769b61b539d7d617e95710cf4,2.0,14.51,30.0,1.038522400639156,5.683092210805689,9.914178401443802,50,8.0,41.70204081632653,1.0,1.0,True,20,6,30,3699990521,7e63a77f80a1480fbe37278735ebc667a15dfc138d8be5a0c070dad20a8fffd3,True,single_only,A1) Refined Cost + Greedy 1:1,True,300,300,0,0.0,300,295,0,0.9833333333333333,0.9833333333333333,0.8731311936068308,3.520902013828068,379.9866666666667,415.30000000000007,38.087396457995055,300,0,0,0,0,1.0,0.0,0.0,0.0,0.0,1.0,17.413333333333334,0.0,0.0,0.0,0.0,0.0,,0.0,0.0,30.87679400446359,6.7393482840270735,0.0,0.4694871284882538,38.08562941697892,30.87679400446359,0.4694871284882538
20260908_170955_253072,7c10f310757afff0281c7d59102a98ab5b24d276bea06c8399a914da503ce4cd,32,2187632423,2184921358,2187632423,12,300,50,60,5,30,10.0,120,current,Optimized Pattern Generator,dynamic_session,Dynamic Session Pattern Assignment,50,6,360,8e9f016fb79e29254934f57d66114862548cb6e769b61b539d7d617e95710cf4,2.0,14.51,30.0,1.038522400639156,5.683092210805689,9.914178401443802,50,8.0,41.70204081632653,1.0,1.0,True,20,6,30,3699990521,7e63a77f80a1480fbe37278735ebc667a15dfc138d8be5a0c070dad20a8fffd3,True,nomura_original_interval_hungarian,A2) Corr+DTW + Hungarian,False,300,300,0,0.0,300,300,0,1.0,1.0,0.06316425514740694,0.20132467782246283,379.9866666666667,415.30000000000007,48.34637049998855,300,0,0,0,0,1.0,0.0,0.0,0.0,0.0,1.0,17.413333333333334,0.0,0.0,0.0,0.0,0.0,,0.0,0.0,30.962122169992654,16.88936507437029,0.0,0.4932173806591891,48.34470462502213,30.962122169992654,0.4932173806591891
20260908_170955_253072,7c10f310757afff0281c7d59102a98ab5b24d276bea06c8399a914da503ce4cd,32,2187632423,1367392786,2187632423,12,300,50,60,5,30,10.0,120,current,Optimized Pattern Generator,dynamic_session,Dynamic Session Pattern Assignment,50,6,360,8e9f016fb79e29254934f57d66114862548cb6e769b61b539d7d617e95710cf4,2.0,14.51,30.0,1.038522400639156,5.683092210805689,9.914178401443802,50,8.0,41.70204081632653,1.0,1.0,True,20,6,30,3699990521,7e63a77f80a1480fbe37278735ebc667a15dfc138d8be5a0c070dad20a8fffd3,True,bayesian_windowed,A3) Two-Stage Bayesian Posterior + Hungarian,False,300,300,0,0.0,300,297,0,0.99,0.99,0.36943602386223273,1.3858879478207093,379.9866666666667,415.30000000000007,37.316276708006626,300,0,0,0,0,1.0,0.0,0.0,0.0,0.0,1.0,17.413333333333334,0.0,0.0,0.0,0.0,0.0,,0.0,0.0,30.888014582829783,5.921857416280545,0.0,0.5048012088809628,37.31467320799129,30.888014582829783,0.5048012088809628
20260908_170955_253072,7c10f310757afff0281c7d59102a98ab5b24d276bea06c8399a914da503ce4cd,33,2187632424,1421914788,2187632424,13,300,50,60,5,30,10.0,120,current,Optimized Pattern Generator,dynamic_session,Dynamic Session Pattern Assignment,50,6,360,3046ef7403360ecdca87fbabf3b78e7094edd1f45ebcfd6fa6b162184455479a,2.0,16.30666666666667,30.0,1.0270449802866064,5.428415113537591,9.939441794496927,50,6.0,41.627755102040815,1.0,1.0,True,20,6,30,3699990518,9d5e8c6b299d59322d0a9212f6f35ac90dc4566c08aaeb3f5ccf2cf9004c22eb,True,time_only_baseline,A0) Time Prior + Hungarian (Baseline),False,300,300,0,0.0,300,245,0,0.8166666666666667,0.8166666666666667,1.3066669229,7.900000080000001,381.4,413.1,30.378841500001727,300,0,0,0,0,1.0,0.0,0.0,0.0,0.0,1.0,16.756666666666668,0.0,0.0,0.0,0.0,0.0,,0.0,0.0,29.85104824177688,0.023608423041878268,0.0,0.5025517931790091,30.377208457997767,29.85104824177688,0.5025517931790091
20260908_170955_253072,7c10f310757afff0281c7d59102a98ab5b24d276bea06c8399a914da503ce4cd,33,2187632424,1233724804,2187632424,13,300,50,60,5,30,10.0,120,current,Optimized Pattern Generator,dynamic_session,Dynamic Session Pattern Assignment,50,6,360,3046ef7403360ecdca87fbabf3b78e7094edd1f45ebcfd6fa6b162184455479a,2.0,16.30666666666667,30.0,1.0270449802866064,5.428415113537591,9.939441794496927,50,6.0,41.627755102040815,1.0,1.0,True,20,6,30,3699990518,9d5e8c6b299d59322d0a9212f6f35ac90dc4566c08aaeb3f5ccf2cf9004c22eb,True,single_only,A1) Refined Cost + Greedy 1:1,True,300,300,0,0.0,300,294,0,0.98,0.98,0.8889960685022906,3.1025870865641516,381.4,413.1,36.83323275001021,300,0,0,0,0,1.0,0.0,0.0,0.0,0.0,1.0,16.756666666666668,0.0,0.0,0.0,0.0,0.0,,0.0,0.0,29.845467868843116,6.506093829084421,0.0,0.48000613506883383,36.83156783299637,29.845467868843116,0.48000613506883383
20260908_170955_253072,7c10f310757afff0281c7d59102a98ab5b24d276bea06c8399a914da503ce4cd,33,2187632424,2184921345,2187632424,13,300,50,60,5,30,10.0,120,current,Optimized Pattern Generator,dynamic_session,Dynamic Session Pattern Assignment,50,6,360,3046ef7403360ecdca87fbabf3b78e7094edd1f45ebcfd6fa6b162184455479a,2.0,16.30666666666667,30.0,1.0270449802866064,5.428415113537591,9.939441794496927,50,6.0,41.627755102040815,1.0,1.0,True,20,6,30,3699990518,9d5e8c6b299d59322d0a9212f6f35ac90dc4566c08aaeb3f5ccf2cf9004c22eb,True,nomura_original_interval_hungarian,A2) Corr+DTW + Hungarian,False,300,300,0,0.0,300,300,0,1.0,1.0,0.071662666778205,0.24538774210492212,381.4,413.1,47.10693541698856,300,0,0,0,0,1.0,0.0,0.0,0.0,0.0,1.0,16.756666666666668,0.0,0.0,0.0,0.0,0.0,,0.0,0.0,30.09497000221745,16.4987206600199,0.0,0.511512379773194,47.105203042010544,30.09497000221745,0.511512379773194
20260908_170955_253072,7c10f310757afff0281c7d59102a98ab5b24d276bea06c8399a914da503ce4cd,33,2187632424,1367392797,2187632424,13,300,50,60,5,30,10.0,120,current,Optimized Pattern Generator,dynamic_session,Dynamic Session Pattern Assignment,50,6,360,3046ef7403360ecdca87fbabf3b78e7094edd1f45ebcfd6fa6b162184455479a,2.0,16.30666666666667,30.0,1.0270449802866064,5.428415113537591,9.939441794496927,50,6.0,41.627755102040815,1.0,1.0,True,20,6,30,3699990518,9d5e8c6b299d59322d0a9212f6f35ac90dc4566c08aaeb3f5ccf2cf9004c22eb,True,bayesian_windowed,A3) Two-Stage Bayesian Posterior + Hungarian,False,300,300,0,0.0,300,297,0,0.99,0.99,0.29119185434021744,1.2896129985030658,381.4,413.1,36.12216429199907,300,0,0,0,0,1.0,0.0,0.0,0.0,0.0,1.0,16.756666666666668,0.0,0.0,0.0,0.0,0.0,,0.0,0.0,29.88123978828662,5.739456961891847,0.0,0.4985335838282481,36.119230334006716,29.88123978828662,0.4985335838282481
20260908_170955_253072,7c10f310757afff0281c7d59102a98ab5b24d276bea06c8399a914da503ce4cd,34,2187632425,1421914789,2187632425,14,300,50,60,5,30,10.0,120,current,Optimized Pattern Generator,dynamic_session,Dynamic Session Pattern Assignment,50,6,360,b19626e13ab86f95a48d4df3c4d59597acbe215ce8f446da1e3d6ec2685b06e1,2.0,16.323333333333334,30.0,1.1537057918822504,5.319284438782551,9.99331253878628,50,7.0,38.89877551020408,1.0,1.0,True,20,6,30,3699990519,b698e4576325639c8fabbcbd2a4a210e72e33046cba0840f86d11f6df84f8215,True,time_only_baseline,A0) Time Prior + Hungarian (Baseline),False,300,300,0,0.0,300,245,0,0.8166666666666667,0.8166666666666667,1.3246669233333335,7.70000108,381.67,413.1,30.41829574998701,300,0,0,0,0,1.0,0.0,0.0,0.0,0.0,1.0,16.923333333333332,0.0,0.0,0.0,0.0,0.0,,0.0,0.0,29.879852956713876,0.023122290731407702,0.0,0.5136990855680779,30.41667433301336,29.879852956713876,0.5136990855680779
20260908_170955_253072,7c10f310757afff0281c7d59102a98ab5b24d276bea06c8399a914da503ce4cd,34,2187632425,1233724805,2187632425,14,300,50,60,5,30,10.0,120,current,Optimized Pattern Generator,dynamic_session,Dynamic Session Pattern Assignment,50,6,360,b19626e13ab86f95a48d4df3c4d59597acbe215ce8f446da1e3d6ec2685b06e1,2.0,16.323333333333334,30.0,1.1537057918822504,5.319284438782551,9.99331253878628,50,7.0,38.89877551020408,1.0,1.0,True,20,6,30,3699990519,b698e4576325639c8fabbcbd2a4a210e72e33046cba0840f86d11f6df84f8215,True,single_only,A1) Refined Cost + Greedy 1:1,True,300,300,0,0.0,300,290,0,0.9666666666666667,0.9666666666666667,0.9388926874255528,3.1953524512223055,381.67,413.1,37.259917540999595,300,0,0,0,0,1.0,0.0,0.0,0.0,0.0,1.0,16.923333333333332,0.0,0.0,0.0,0.0,0.0,,0.0,0.0,30.21034736809088,6.573127878305968,0.0,0.4748244615911972,37.258299707988044,30.21034736809088,0.4748244615911972
20260908_170955_253072,7c10f310757afff0281c7d59102a98ab5b24d276bea06c8399a914da503ce4cd,34,2187632425,2184921344,2187632425,14,300,50,60,5,30,10.0,120,current,Optimized Pattern Generator,dynamic_session,Dynamic Session Pattern Assignment,50,6,360,b19626e13ab86f95a48d4df3c4d59597acbe215ce8f446da1e3d6ec2685b06e1,2.0,16.323333333333334,30.0,1.1537057918822504,5.319284438782551,9.99331253878628,50,7.0,38.89877551020408,1.0,1.0,True,20,6,30,3699990519,b698e4576325639c8fabbcbd2a4a210e72e33046cba0840f86d11f6df84f8215,True,nomura_original_interval_hungarian,A2) Corr+DTW + Hungarian,False,300,300,0,0.0,300,300,0,1.0,1.0,0.06802879918420293,0.2859448916555181,381.67,413.1,47.297022292012116,300,0,0,0,0,1.0,0.0,0.0,0.0,0.0,1.0,16.923333333333332,0.0,0.0,0.0,0.0,0.0,,0.0,0.0,30.309805249999044,16.483067119203042,0.0,0.5023879228101578,47.295260292012244,30.309805249999044,0.5023879228101578
20260908_170955_253072,7c10f310757afff0281c7d59102a98ab5b24d276bea06c8399a914da503ce4cd,34,2187632425,1367392796,2187632425,14,300,50,60,5,30,10.0,120,current,Optimized Pattern Generator,dynamic_session,Dynamic Session Pattern Assignment,50,6,360,b19626e13ab86f95a48d4df3c4d59597acbe215ce8f446da1e3d6ec2685b06e1,2.0,16.323333333333334,30.0,1.1537057918822504,5.319284438782551,9.99331253878628,50,7.0,38.89877551020408,1.0,1.0,True,20,6,30,3699990519,b698e4576325639c8fabbcbd2a4a210e72e33046cba0840f86d11f6df84f8215,True,bayesian_windowed,A3) Two-Stage Bayesian Posterior + Hungarian,False,300,300,0,0.0,300,292,0,0.9733333333333334,0.9733333333333334,0.3473812152195535,1.4101130502186119,381.67,413.1,36.38510466599837,300,0,0,0,0,1.0,0.0,0.0,0.0,0.0,1.0,16.923333333333332,0.0,0.0,0.0,0.0,0.0,,0.0,0.0,30.09900017097243,5.784675091999816,0.0,0.4997955290018581,36.383470791974105,30.09900017097243,0.4997955290018581
20260908_170955_253072,7c10f310757afff0281c7d59102a98ab5b24d276bea06c8399a914da503ce4cd,35,2187632426,1421914790,2187632426,15,300,50,60,5,30,10.0,120,current,Optimized Pattern Generator,dynamic_session,Dynamic Session Pattern Assignment,50,6,360,41aa0cf29249e216327e6ac4e4cda3bbaa0ff5c62a5f5f124e2620c5255bc5fa,2.0,14.916666666666666,30.0,1.0610792671664577,5.494048943782349,9.986753110477226,50,8.0,42.78612244897959,1.0,1.0,True,20,6,30,3699990516,0e01be88f9ca1f0585f25b98805558b22a2c62ccdb20f361b4da4282253c6885,True,time_only_baseline,A0) Time Prior + Hungarian (Baseline),False,300,300,0,0.0,300,248,0,0.8266666666666667,0.8266666666666667,1.2993336008,7.40000049,380.0833333333333,404.1,31.52006229100516,300,0,0,0,0,1.0,0.0,0.0,0.0,0.0,1.0,17.626666666666665,0.0,0.0,0.0,0.0,0.0,,0.0,0.0,30.999974784179358,0.023696833930443972,0.0,0.4947054648946505,31.518377083004452,30.999974784179358,0.4947054648946505
20260908_170955_253072,7c10f310757afff0281c7d59102a98ab5b24d276bea06c8399a914da503ce4cd,35,2187632426,1233724806,2187632426,15,300,50,60,5,30,10.0,120,current,Optimized Pattern Generator,dynamic_session,Dynamic Session Pattern Assignment,50,6,360,41aa0cf29249e216327e6ac4e4cda3bbaa0ff5c62a5f5f124e2620c5255bc5fa,2.0,14.916666666666666,30.0,1.0610792671664577,5.494048943782349,9.986753110477226,50,8.0,42.78612244897959,1.0,1.0,True,20,6,30,3699990516,0e01be88f9ca1f0585f25b98805558b22a2c62ccdb20f361b4da4282253c6885,True,single_only,A1) Refined Cost + Greedy 1:1,True,300,300,0,0.0,300,293,0,0.9766666666666667,0.9766666666666667,0.8541999262541867,2.8586581823068435,380.0833333333333,404.1,38.86945237501641,300,0,0,0,0,1.0,0.0,0.0,0.0,0.0,1.0,17.626666666666665,0.0,0.0,0.0,0.0,0.0,,0.0,0.0,31.504948624962708,6.867637751100119,0.0,0.4951247069402598,38.86771108300309,31.504948624962708,0.4951247069402598
20260908_170955_253072,7c10f310757afff0281c7d59102a98ab5b24d276bea06c8399a914da503ce4cd,35,2187632426,2184921347,2187632426,15,300,50,60,5,30,10.0,120,current,Optimized Pattern Generator,dynamic_session,Dynamic Session Pattern Assignment,50,6,360,41aa0cf29249e216327e6ac4e4cda3bbaa0ff5c62a5f5f124e2620c5255bc5fa,2.0,14.916666666666666,30.0,1.0610792671664577,5.494048943782349,9.986753110477226,50,8.0,42.78612244897959,1.0,1.0,True,20,6,30,3699990516,0e01be88f9ca1f0585f25b98805558b22a2c62ccdb20f361b4da4282253c6885,True,nomura_original_interval_hungarian,A2) Corr+DTW + Hungarian,False,300,300,0,0.0,300,300,0,1.0,1.0,0.06682221249936718,0.26161222622549035,380.0833333333333,404.1,48.74501183300163,300,0,0,0,0,1.0,0.0,0.0,0.0,0.0,1.0,17.626666666666665,0.0,0.0,0.0,0.0,0.0,,0.0,0.0,31.180148000799818,17.06053969907225,0.0,0.5025741751305759,48.743261875002645,31.180148000799818,0.5025741751305759
20260908_170955_253072,7c10f310757afff0281c7d59102a98ab5b24d276bea06c8399a914da503ce4cd,35,2187632426,1367392799,2187632426,15,300,50,60,5,30,10.0,120,current,Optimized Pattern Generator,dynamic_session,Dynamic Session Pattern Assignment,50,6,360,41aa0cf29249e216327e6ac4e4cda3bbaa0ff5c62a5f5f124e2620c5255bc5fa,2.0,14.916666666666666,30.0,1.0610792671664577,5.494048943782349,9.986753110477226,50,8.0,42.78612244897959,1.0,1.0,True,20,6,30,3699990516,0e01be88f9ca1f0585f25b98805558b22a2c62ccdb20f361b4da4282253c6885,True,bayesian_windowed,A3) Two-Stage Bayesian Posterior + Hungarian,False,300,300,0,0.0,300,294,0,0.98,0.98,0.3522999620169984,1.5637903557383177,380.0833333333333,404.1,37.573606124991784,300,0,0,0,0,1.0,0.0,0.0,0.0,0.0,1.0,17.626666666666665,0.0,0.0,0.0,0.0,0.0,,0.0,0.0,31.124806496169185,5.950122589914827,0.0,0.4969780388928484,37.57190712497686,31.124806496169185,0.4969780388928484
20260908_170955_253072,7c10f310757afff0281c7d59102a98ab5b24d276bea06c8399a914da503ce4cd,36,2187632427,1421914791,2187632427,16,300,50,60,5,30,10.0,120,current,Optimized Pattern Generator,dynamic_session,Dynamic Session Pattern Assignment,50,6,360,3ad0f7132a00f8bc21a21c182533c0b1b57b0e4422a331b1f557e672d5bde67c,2.0,16.566666666666666,30.0,1.020450332989717,5.427883617752754,9.929643195842399,50,9.0,42.10530612244898,1.0,1.0,True,20,6,30,3699990517,978bc1d5fece725f59b9833f24f17df5a113548efac3448844ce16974a7e21f1,True,time_only_baseline,A0) Time Prior + Hungarian (Baseline),False,300,300,0,0.0,300,233,0,0.7766666666666666,0.7766666666666666,1.4063336103333335,8.80000041,382.17333333333335,413.20000000000005,31.109908832993824,300,0,0,0,0,1.0,0.0,0.0,0.0,0.0,1.0,17.07,0.0,0.0,0.0,0.0,0.0,,0.0,0.0,30.593399623030564,0.023204789322335273,0.0,0.49151583763887174,31.10812024999177,30.593399623030564,0.49151583763887174
20260908_170955_253072,7c10f310757afff0281c7d59102a98ab5b24d276bea06c8399a914da503ce4cd,36,2187632427,1233724807,2187632427,16,300,50,60,5,30,10.0,120,current,Optimized Pattern Generator,dynamic_session,Dynamic Session Pattern Assignment,50,6,360,3ad0f7132a00f8bc21a21c182533c0b1b57b0e4422a331b1f557e672d5bde67c,2.0,16.566666666666666,30.0,1.020450332989717,5.427883617752754,9.929643195842399,50,9.0,42.10530612244898,1.0,1.0,True,20,6,30,3699990517,978bc1d5fece725f59b9833f24f17df5a113548efac3448844ce16974a7e21f1,True,single_only,A1) Refined Cost + Greedy 1:1,True,300,300,0,0.0,300,294,0,0.98,0.98,0.9039455327946602,3.257296720266128,382.17333333333335,413.20000000000005,38.18849191698246,300,0,0,0,0,1.0,0.0,0.0,0.0,0.0,1.0,17.07,0.0,0.0,0.0,0.0,0.0,,0.0,0.0,30.983128880005097,6.727519374981057,0.0,0.4761184530216269,38.18676670800778,30.983128880005097,0.4761184530216269
20260908_170955_253072,7c10f310757afff0281c7d59102a98ab5b24d276bea06c8399a914da503ce4cd,36,2187632427,2184921346,2187632427,16,300,50,60,5,30,10.0,120,current,Optimized Pattern Generator,dynamic_session,Dynamic Session Pattern Assignment,50,6,360,3ad0f7132a00f8bc21a21c182533c0b1b57b0e4422a331b1f557e672d5bde67c,2.0,16.566666666666666,30.0,1.020450332989717,5.427883617752754,9.929643195842399,50,9.0,42.10530612244898,1.0,1.0,True,20,6,30,3699990517,978bc1d5fece725f59b9833f24f17df5a113548efac3448844ce16974a7e21f1,True,nomura_original_interval_hungarian,A2) Corr+DTW + Hungarian,False,300,300,0,0.0,300,300,0,1.0,1.0,0.06744431561210643,0.2436670109912952,382.17333333333335,413.20000000000005,48.31248991601751,300,0,0,0,0,1.0,0.0,0.0,0.0,0.0,1.0,17.07,0.0,0.0,0.0,0.0,0.0,,0.0,0.0,31.04558308419655,16.75214275534381,0.0,0.5124942024413031,48.310220041981665,31.04558308419655,0.5124942024413031
20260908_170955_253072,7c10f310757afff0281c7d59102a98ab5b24d276bea06c8399a914da503ce4cd,36,2187632427,1367392798,2187632427,16,300,50,60,5,30,10.0,120,current,Optimized Pattern Generator,dynamic_session,Dynamic Session Pattern Assignment,50,6,360,3ad0f7132a00f8bc21a21c182533c0b1b57b0e4422a331b1f557e672d5bde67c,2.0,16.566666666666666,30.0,1.020450332989717,5.427883617752754,9.929643195842399,50,9.0,42.10530612244898,1.0,1.0,True,20,6,30,3699990517,978bc1d5fece725f59b9833f24f17df5a113548efac3448844ce16974a7e21f1,True,bayesian_windowed,A3) Two-Stage Bayesian Posterior + Hungarian,False,300,300,0,0.0,300,293,0,0.9766666666666667,0.9766666666666667,0.3512316912005796,1.294171251256026,382.17333333333335,413.20000000000005,37.21158208299312,300,0,0,0,0,1.0,0.0,0.0,0.0,0.0,1.0,17.07,0.0,0.0,0.0,0.0,0.0,,0.0,0.0,30.862567744828993,5.8441467119555455,0.0,0.5030546272173524,37.20976908400189,30.862567744828993,0.5030546272173524
20260908_170955_253072,7c10f310757afff0281c7d59102a98ab5b24d276bea06c8399a914da503ce4cd,37,2187632428,1421914784,2187632428,17,300,50,60,5,30,10.0,120,current,Optimized Pattern Generator,dynamic_session,Dynamic Session Pattern Assignment,50,6,360,574c2496c4d5ca03e6c8d6b4743a0ae6dad58097c367f305722c573b93e4a677,2.0,16.376666666666665,30.0,1.0221049620138127,5.351028983689024,9.990567002868236,50,7.0,40.20816326530612,1.0,1.0,True,20,6,30,3699990514,f3b8da589603375ee3f512b048c7e0d4ec83b8891af48e0d003fc7ee2d015f20,True,time_only_baseline,A0) Time Prior + Hungarian (Baseline),False,300,300,0,0.0,300,247,0,0.8233333333333334,0.8233333333333334,1.4156669185666666,8.800000460000001,382.3,411.30000000000007,30.66701062498032,300,0,0,0,0,1.0,0.0,0.0,0.0,0.0,1.0,16.6,0.0,0.0,0.0,0.0,0.0,,0.0,0.0,30.13215695443796,0.023653916199691594,0.0,0.5094896703667473,30.6653005410044,30.13215695443796,0.5094896703667473
20260908_170955_253072,7c10f310757afff0281c7d59102a98ab5b24d276bea06c8399a914da503ce4cd,37,2187632428,1233724800,2187632428,17,300,50,60,5,30,10.0,120,current,Optimized Pattern Generator,dynamic_session,Dynamic Session Pattern Assignment,50,6,360,574c2496c4d5ca03e6c8d6b4743a0ae6dad58097c367f305722c573b93e4a677,2.0,16.376666666666665,30.0,1.0221049620138127,5.351028983689024,9.990567002868236,50,7.0,40.20816326530612,1.0,1.0,True,20,6,30,3699990514,f3b8da589603375ee3f512b048c7e0d4ec83b8891af48e0d003fc7ee2d015f20,True,single_only,A1) Refined Cost + Greedy 1:1,True,300,300,0,0.0,300,288,0,0.96,0.96,1.001752866676506,3.016862512523546,382.3,411.30000000000007,37.08027408400085,300,0,0,0,0,1.0,0.0,0.0,0.0,0.0,1.0,16.6,0.0,0.0,0.0,0.0,0.0,,0.0,0.0,30.043284238083288,6.561684626649367,0.0,0.473333385278238,37.07830225001089,30.043284238083288,0.473333385278238
20260908_170955_253072,7c10f310757afff0281c7d59102a98ab5b24d276bea06c8399a914da503ce4cd,37,2187632428,2184921349,2187632428,17,300,50,60,5,30,10.0,120,current,Optimized Pattern Generator,dynamic_session,Dynamic Session Pattern Assignment,50,6,360,574c2496c4d5ca03e6c8d6b4743a0ae6dad58097c367f305722c573b93e4a677,2.0,16.376666666666665,30.0,1.0221049620138127,5.351028983689024,9.990567002868236,50,7.0,40.20816326530612,1.0,1.0,True,20,6,30,3699990514,f3b8da589603375ee3f512b048c7e0d4ec83b8891af48e0d003fc7ee2d015f20,True,nomura_original_interval_hungarian,A2) Corr+DTW + Hungarian,False,300,300,0,0.0,300,300,0,1.0,1.0,0.06809284077029112,0.20805790192351223,382.3,411.30000000000007,47.09869174999767,300,0,0,0,0,1.0,0.0,0.0,0.0,0.0,1.0,16.6,0.0,0.0,0.0,0.0,0.0,,0.0,0.0,30.175480630306993,16.410863826284185,0.0,0.5106317934114486,47.096976250002626,30.175480630306993,0.5106317934114486
20260908_170955_253072,7c10f310757afff0281c7d59102a98ab5b24d276bea06c8399a914da503ce4cd,37,2187632428,1367392793,2187632428,17,300,50,60,5,30,10.0,120,current,Optimized Pattern Generator,dynamic_session,Dynamic Session Pattern Assignment,50,6,360,574c2496c4d5ca03e6c8d6b4743a0ae6dad58097c367f305722c573b93e4a677,2.0,16.376666666666665,30.0,1.0221049620138127,5.351028983689024,9.990567002868236,50,7.0,40.20816326530612,1.0,1.0,True,20,6,30,3699990514,f3b8da589603375ee3f512b048c7e0d4ec83b8891af48e0d003fc7ee2d015f20,True,bayesian_windowed,A3) Two-Stage Bayesian Posterior + Hungarian,False,300,300,0,0.0,300,296,0,0.9866666666666667,0.9866666666666667,0.3544403287844568,1.5089926576928994,382.3,411.30000000000007,36.04894787498051,300,0,0,0,0,1.0,0.0,0.0,0.0,0.0,1.0,16.6,0.0,0.0,0.0,0.0,0.0,,0.0,0.0,29.869394536915934,5.675172121817013,0.0,0.5026481322420295,36.04721479097498,29.869394536915934,0.5026481322420295
20260908_170955_253072,7c10f310757afff0281c7d59102a98ab5b24d276bea06c8399a914da503ce4cd,38,2187632429,1421914785,2187632429,18,300,50,60,5,30,10.0,120,current,Optimized Pattern Generator,dynamic_session,Dynamic Session Pattern Assignment,50,6,360,f1f14218cccaeed4286002cddabf764791f21252887333b11685278b4018184f,2.0,16.066666666666666,30.0,1.0069560917117655,5.820185237315234,9.946190233910002,50,8.0,40.58857142857143,1.0,1.0,True,20,6,30,3699990515,2153f35f0cbf6217050602b0b326538f74b9d3dc0d2c312d7836486affc0e7f9,True,time_only_baseline,A0) Time Prior + Hungarian (Baseline),False,300,300,0,0.0,300,244,0,0.8133333333333334,0.8133333333333334,1.2653335752666668,9.100000099999999,379.26666666666665,408.1,31.456768250005553,300,0,0,0,0,1.0,0.0,0.0,0.0,0.0,1.0,17.373333333333335,0.0,0.0,0.0,0.0,0.0,,0.0,0.0,30.929605033248663,0.023994511022465304,0.0,0.5013659977121279,31.454965541983256,30.929605033248663,0.5013659977121279
20260908_170955_253072,7c10f310757afff0281c7d59102a98ab5b24d276bea06c8399a914da503ce4cd,38,2187632429,1233724801,2187632429,18,300,50,60,5,30,10.0,120,current,Optimized Pattern Generator,dynamic_session,Dynamic Session Pattern Assignment,50,6,360,f1f14218cccaeed4286002cddabf764791f21252887333b11685278b4018184f,2.0,16.066666666666666,30.0,1.0069560917117655,5.820185237315234,9.946190233910002,50,8.0,40.58857142857143,1.0,1.0,True,20,6,30,3699990515,2153f35f0cbf6217050602b0b326538f74b9d3dc0d2c312d7836486affc0e7f9,True,single_only,A1) Refined Cost + Greedy 1:1,True,300,300,0,0.0,300,290,0,0.9666666666666667,0.9666666666666667,1.0006442429637552,2.926234605968738,379.26666666666665,408.1,38.080216833011946,300,0,0,0,0,1.0,0.0,0.0,0.0,0.0,1.0,17.373333333333335,0.0,0.0,0.0,0.0,0.0,,0.0,0.0,30.84513408699422,6.719689757068409,0.0,0.5135534889413975,38.07837733300403,30.84513408699422,0.5135534889413975
20260908_170955_253072,7c10f310757afff0281c7d59102a98ab5b24d276bea06c8399a914da503ce4cd,38,2187632429,2184921348,2187632429,18,300,50,60,5,30,10.0,120,current,Optimized Pattern Generator,dynamic_session,Dynamic Session Pattern Assignment,50,6,360,f1f14218cccaeed4286002cddabf764791f21252887333b11685278b4018184f,2.0,16.066666666666666,30.0,1.0069560917117655,5.820185237315234,9.946190233910002,50,8.0,40.58857142857143,1.0,1.0,True,20,6,30,3699990515,2153f35f0cbf6217050602b0b326538f74b9d3dc0d2c312d7836486affc0e7f9,True,nomura_original_interval_hungarian,A2) Corr+DTW + Hungarian,False,300,300,0,0.0,300,300,0,1.0,1.0,0.07134718691146497,0.23842373774685377,379.26666666666665,408.1,48.8637894160056,300,0,0,0,0,1.0,0.0,0.0,0.0,0.0,1.0,17.373333333333335,0.0,0.0,0.0,0.0,0.0,,0.0,0.0,31.33479302804335,17.015941875986755,0.0,0.5112990549823735,48.86203395901248,31.33479302804335,0.5112990549823735
20260908_170955_253072,7c10f310757afff0281c7d59102a98ab5b24d276bea06c8399a914da503ce4cd,38,2187632429,1367392792,2187632429,18,300,50,60,5,30,10.0,120,current,Optimized Pattern Generator,dynamic_session,Dynamic Session Pattern Assignment,50,6,360,f1f14218cccaeed4286002cddabf764791f21252887333b11685278b4018184f,2.0,16.066666666666666,30.0,1.0069560917117655,5.820185237315234,9.946190233910002,50,8.0,40.58857142857143,1.0,1.0,True,20,6,30,3699990515,2153f35f0cbf6217050602b0b326538f74b9d3dc0d2c312d7836486affc0e7f9,True,bayesian_windowed,A3) Two-Stage Bayesian Posterior + Hungarian,False,300,300,0,0.0,300,291,0,0.97,0.97,0.3581437334489282,1.479479617080647,379.26666666666665,408.1,37.506380458013155,300,0,0,0,0,1.0,0.0,0.0,0.0,0.0,1.0,17.373333333333335,0.0,0.0,0.0,0.0,0.0,,0.0,0.0,31.035775463853497,5.954811876144959,0.0,0.514010076993145,37.5045974169916,31.035775463853497,0.514010076993145
20260908_170955_253072,7c10f310757afff0281c7d59102a98ab5b24d276bea06c8399a914da503ce4cd,39,2187632430,1421914786,2187632430,19,300,50,60,5,30,10.0,120,current,Optimized Pattern Generator,dynamic_session,Dynamic Session Pattern Assignment,50,6,360,71e8069b8bdac7bf85ed00d80235011c055e0c328e17b0f7a2e20687869b8c9c,2.0,15.203333333333333,30.0,1.0378694568575901,5.433884426526316,9.933259492090441,50,5.0,41.4,1.0,1.0,True,20,6,30,3699990512,aca03dd7d5e8d49030414ffce6c6e7b249afe50c162b85b4bea9744ec19b4134,True,time_only_baseline,A0) Time Prior + Hungarian (Baseline),False,300,300,0,0.0,300,239,0,0.7966666666666666,0.7966666666666666,1.2513335801333334,9.200000440000002,379.19666666666666,409.30000000000007,30.850709874997847,300,0,0,0,0,1.0,0.0,0.0,0.0,0.0,1.0,17.123333333333335,0.0,0.0,0.0,0.0,0.0,,0.0,0.0,30.33101253694622,0.023441038967575878,0.0,0.493012591090519,30.847466167004313,30.33101253694622,0.493012591090519
20260908_170955_253072,7c10f310757afff0281c7d59102a98ab5b24d276bea06c8399a914da503ce4cd,39,2187632430,1233724802,2187632430,19,300,50,60,5,30,10.0,120,current,Optimized Pattern Generator,dynamic_session,Dynamic Session Pattern Assignment,50,6,360,71e8069b8bdac7bf85ed00d80235011c055e0c328e17b0f7a2e20687869b8c9c,2.0,15.203333333333333,30.0,1.0378694568575901,5.433884426526316,9.933259492090441,50,5.0,41.4,1.0,1.0,True,20,6,30,3699990512,aca03dd7d5e8d49030414ffce6c6e7b249afe50c162b85b4bea9744ec19b4134,True,single_only,A1) Refined Cost + Greedy 1:1,True,300,300,0,0.0,300,290,0,0.9666666666666667,0.9666666666666667,0.8735172656647442,2.5324529640968025,379.19666666666666,409.30000000000007,37.913070499984315,300,0,0,0,0,1.0,0.0,0.0,0.0,0.0,1.0,17.123333333333335,0.0,0.0,0.0,0.0,0.0,,0.0,0.0,30.783156296791276,6.660072082799161,0.0,0.46804666140815243,37.91127504099859,30.783156296791276,0.46804666140815243
20260908_170955_253072,7c10f310757afff0281c7d59102a98ab5b24d276bea06c8399a914da503ce4cd,39,2187632430,2184921351,2187632430,19,300,50,60,5,30,10.0,120,current,Optimized Pattern Generator,dynamic_session,Dynamic Session Pattern Assignment,50,6,360,71e8069b8bdac7bf85ed00d80235011c055e0c328e17b0f7a2e20687869b8c9c,2.0,15.203333333333333,30.0,1.0378694568575901,5.433884426526316,9.933259492090441,50,5.0,41.4,1.0,1.0,True,20,6,30,3699990512,aca03dd7d5e8d49030414ffce6c6e7b249afe50c162b85b4bea9744ec19b4134,True,nomura_original_interval_hungarian,A2) Corr+DTW + Hungarian,False,300,300,0,0.0,300,300,0,1.0,1.0,0.06839320793700461,0.2223542337507721,379.19666666666666,409.30000000000007,48.318628999986686,300,0,0,0,0,1.0,0.0,0.0,0.0,0.0,1.0,17.123333333333335,0.0,0.0,0.0,0.0,0.0,,0.0,0.0,30.872390708886087,16.933512247982435,0.0,0.5109294181165751,48.3168323749851,30.872390708886087,0.5109294181165751
20260908_170955_253072,7c10f310757afff0281c7d59102a98ab5b24d276bea06c8399a914da503ce4cd,39,2187632430,1367392795,2187632430,19,300,50,60,5,30,10.0,120,current,Optimized Pattern Generator,dynamic_session,Dynamic Session Pattern Assignment,50,6,360,71e8069b8bdac7bf85ed00d80235011c055e0c328e17b0f7a2e20687869b8c9c,2.0,15.203333333333333,30.0,1.0378694568575901,5.433884426526316,9.933259492090441,50,5.0,41.4,1.0,1.0,True,20,6,30,3699990512,aca03dd7d5e8d49030414ffce6c6e7b249afe50c162b85b4bea9744ec19b4134,True,bayesian_windowed,A3) Two-Stage Bayesian Posterior + Hungarian,False,300,300,0,0.0,300,293,0,0.9766666666666667,0.9766666666666667,0.3238526765479866,1.3888158606259753,379.19666666666666,409.30000000000007,37.001681582973106,300,0,0,0,0,1.0,0.0,0.0,0.0,0.0,1.0,17.123333333333335,0.0,0.0,0.0,0.0,0.0,,0.0,0.0,30.645462253247388,5.857178048143396,0.0,0.49727669861749746,36.99991700000828,30.645462253247388,0.49727669861749746
20260908_170955_253072,7c10f310757afff0281c7d59102a98ab5b24d276bea06c8399a914da503ce4cd,40,2187632431,1421914787,2187632431,20,300,50,60,5,30,10.0,120,current,Optimized Pattern Generator,dynamic_session,Dynamic Session Pattern Assignment,50,6,360,e202a2c42e05e9b51e3832956d1f1e84fb8acc87375066e1f420edab52b3ea02,2.0,16.293333333333333,30.0,1.0019643182377722,5.327653116768001,9.969668525282799,50,8.0,39.862857142857145,1.0,1.0,True,20,6,30,3699990513,ec12693a460efc66e352ecce92461a29de83f50cd0170ba34470061ecdcdd5e9,True,time_only_baseline,A0) Time Prior + Hungarian (Baseline),False,300,300,0,0.0,300,241,0,0.8033333333333333,0.8033333333333333,1.2970002440333332,9.70000029,381.68333333333334,420.20000000000005,31.733259957982227,300,0,0,0,0,1.0,0.0,0.0,0.0,0.0,1.0,17.413333333333334,0.0,0.0,0.0,0.0,0.0,,0.0,0.0,31.20275517256232,0.024041122058406472,0.0,0.5046020803856663,31.731398375006393,31.20275517256232,0.5046020803856663
20260908_170955_253072,7c10f310757afff0281c7d59102a98ab5b24d276bea06c8399a914da503ce4cd,40,2187632431,1233724803,2187632431,20,300,50,60,5,30,10.0,120,current,Optimized Pattern Generator,dynamic_session,Dynamic Session Pattern Assignment,50,6,360,e202a2c42e05e9b51e3832956d1f1e84fb8acc87375066e1f420edab52b3ea02,2.0,16.293333333333333,30.0,1.0019643182377722,5.327653116768001,9.969668525282799,50,8.0,39.862857142857145,1.0,1.0,True,20,6,30,3699990513,ec12693a460efc66e352ecce92461a29de83f50cd0170ba34470061ecdcdd5e9,True,single_only,A1) Refined Cost + Greedy 1:1,True,300,300,0,0.0,300,292,0,0.9733333333333334,0.9733333333333334,0.8230372068293454,2.5958093271505365,381.68333333333334,420.20000000000005,38.63345345799462,300,0,0,0,0,1.0,0.0,0.0,0.0,0.0,1.0,17.413333333333334,0.0,0.0,0.0,0.0,0.0,,0.0,0.0,31.399833711999236,6.750757304223953,0.0,0.4797953587840311,38.63038637500722,31.399833711999236,0.4797953587840311
20260908_170955_253072,7c10f310757afff0281c7d59102a98ab5b24d276bea06c8399a914da503ce4cd,40,2187632431,2184921350,2187632431,20,300,50,60,5,30,10.0,120,current,Optimized Pattern Generator,dynamic_session,Dynamic Session Pattern Assignment,50,6,360,e202a2c42e05e9b51e3832956d1f1e84fb8acc87375066e1f420edab52b3ea02,2.0,16.293333333333333,30.0,1.0019643182377722,5.327653116768001,9.969668525282799,50,8.0,39.862857142857145,1.0,1.0,True,20,6,30,3699990513,ec12693a460efc66e352ecce92461a29de83f50cd0170ba34470061ecdcdd5e9,True,nomura_original_interval_hungarian,A2) Corr+DTW + Hungarian,False,300,300,0,0.0,300,300,0,1.0,1.0,0.06250883378727135,0.21093250731359656,381.68333333333334,420.20000000000005,49.3042613750149,300,0,0,0,0,1.0,0.0,0.0,0.0,0.0,1.0,17.413333333333334,0.0,0.0,0.0,0.0,0.0,,0.0,0.0,31.63974634069018,17.15482095698826,0.0,0.507552785333246,49.30212008301169,31.63974634069018,0.507552785333246
20260908_170955_253072,7c10f310757afff0281c7d59102a98ab5b24d276bea06c8399a914da503ce4cd,40,2187632431,1367392794,2187632431,20,300,50,60,5,30,10.0,120,current,Optimized Pattern Generator,dynamic_session,Dynamic Session Pattern Assignment,50,6,360,e202a2c42e05e9b51e3832956d1f1e84fb8acc87375066e1f420edab52b3ea02,2.0,16.293333333333333,30.0,1.0019643182377722,5.327653116768001,9.969668525282799,50,8.0,39.862857142857145,1.0,1.0,True,20,6,30,3699990513,ec12693a460efc66e352ecce92461a29de83f50cd0170ba34470061ecdcdd5e9,True,bayesian_windowed,A3) Two-Stage Bayesian Posterior + Hungarian,False,300,300,0,0.0,300,294,0,0.98,0.98,0.43078915058964035,1.8601453566217963,381.68333333333334,420.20000000000005,37.863202958978945,300,0,0,0,0,1.0,0.0,0.0,0.0,0.0,1.0,17.413333333333334,0.0,0.0,0.0,0.0,0.0,,0.0,0.0,31.334738921636017,6.0200457120954525,0.0,0.5066598662524484,37.86144449998392,31.334738921636017,0.5066598662524484
20260908_170955_253072,7c10f310757afff0281c7d59102a98ab5b24d276bea06c8399a914da503ce4cd,41,2187632432,1421914812,2187632432,1,500,50,60,5,30,10.0,120,current,Optimized Pattern Generator,dynamic_session,Dynamic Session Pattern Assignment,50,6,360,9dd2c56632f47fca548317686489fe9a2fd283c9c6bccce6058423f888ccf389,2.0,15.818,30.0,1.0302052437209794,5.380043914235006,9.96850018574655,50,7.0,40.910204081632656,1.0,1.0,True,20,6,30,3699990510,8243f9a55d0156cf86822273438c806ceecf7f7547741b2487dcf35eacc06201,True,time_only_baseline,A0) Time Prior + Hungarian (Baseline),False,500,500,0,0.0,500,351,0,0.702,0.702,1.21160026902,7.2000001000000005,383.566,422.20000000000005,88.5824058750004,500,0,0,0,0,1.0,0.0,0.0,0.0,0.0,1.0,28.762,0.0,0.0,0.0,0.0,0.0,,0.0,0.0,87.72339553490747,0.049829169642180204,0.0,0.8060377124347724,88.57926241698442,87.72339553490747,0.8060377124347724
20260908_170955_253072,7c10f310757afff0281c7d59102a98ab5b24d276bea06c8399a914da503ce4cd,41,2187632432,1233724828,2187632432,1,500,50,60,5,30,10.0,120,current,Optimized Pattern Generator,dynamic_session,Dynamic Session Pattern Assignment,50,6,360,9dd2c56632f47fca548317686489fe9a2fd283c9c6bccce6058423f888ccf389,2.0,15.818,30.0,1.0302052437209794,5.380043914235006,9.96850018574655,50,7.0,40.910204081632656,1.0,1.0,True,20,6,30,3699990510,8243f9a55d0156cf86822273438c806ceecf7f7547741b2487dcf35eacc06201,True,single_only,A1) Refined Cost + Greedy 1:1,True,500,500,0,0.0,500,474,0,0.948,0.948,0.8894425679555389,2.7385706173886013,383.566,422.20000000000005,108.20201983299921,500,0,0,0,0,1.0,0.0,0.0,0.0,0.0,1.0,28.762,0.0,0.0,0.0,0.0,0.0,,0.0,0.0,88.75963507918641,18.631085096829338,0.0,0.8083382819604594,108.19905845797621,88.75963507918641,0.8083382819604594
20260908_170955_253072,7c10f310757afff0281c7d59102a98ab5b24d276bea06c8399a914da503ce4cd,41,2187632432,2184921369,2187632432,1,500,50,60,5,30,10.0,120,current,Optimized Pattern Generator,dynamic_session,Dynamic Session Pattern Assignment,50,6,360,9dd2c56632f47fca548317686489fe9a2fd283c9c6bccce6058423f888ccf389,2.0,15.818,30.0,1.0302052437209794,5.380043914235006,9.96850018574655,50,7.0,40.910204081632656,1.0,1.0,True,20,6,30,3699990510,8243f9a55d0156cf86822273438c806ceecf7f7547741b2487dcf35eacc06201,True,nomura_original_interval_hungarian,A2) Corr+DTW + Hungarian,False,500,500,0,0.0,500,499,0,0.998,0.998,0.07082776002743722,0.2919472845052882,383.566,422.20000000000005,136.85014933301136,500,0,0,0,0,1.0,0.0,0.0,0.0,0.0,1.0,28.762,0.0,0.0,0.0,0.0,0.0,,0.0,0.0,89.07434367094538,46.959902610542485,0.0,0.8123730095103383,136.8466192909982,89.07434367094538,0.8123730095103383
20260908_170955_253072,7c10f310757afff0281c7d59102a98ab5b24d276bea06c8399a914da503ce4cd,41,2187632432,1367392773,2187632432,1,500,50,60,5,30,10.0,120,current,Optimized Pattern Generator,dynamic_session,Dynamic Session Pattern Assignment,50,6,360,9dd2c56632f47fca548317686489fe9a2fd283c9c6bccce6058423f888ccf389,2.0,15.818,30.0,1.0302052437209794,5.380043914235006,9.96850018574655,50,7.0,40.910204081632656,1.0,1.0,True,20,6,30,3699990510,8243f9a55d0156cf86822273438c806ceecf7f7547741b2487dcf35eacc06201,True,bayesian_windowed,A3) Two-Stage Bayesian Posterior + Hungarian,False,500,500,0,0.0,500,484,0,0.968,0.968,0.5481943369092136,1.9465425854655432,383.566,422.20000000000005,104.47572758301976,500,0,0,0,0,1.0,0.0,0.0,0.0,0.0,1.0,28.762,0.0,0.0,0.0,0.0,0.0,,0.0,0.0,87.48776540989638,16.176827174960636,0.0,0.8076034571276978,104.47219604198472,87.48776540989638,0.8076034571276978
20260908_170955_253072,7c10f310757afff0281c7d59102a98ab5b24d276bea06c8399a914da503ce4cd,42,2187632433,1421914813,2187632433,2,500,50,60,5,30,10.0,120,current,Optimized Pattern Generator,dynamic_session,Dynamic Session Pattern Assignment,50,6,360,f2e2e2d4bb5ee142305edaa65b885197bf2943a620bf88e7c437379660681ccd,2.0,15.404,30.0,1.0311720131462132,5.383787216008357,9.9672964119247,50,7.0,42.4065306122449,1.0,1.0,True,20,6,30,3699990511,1757bcffb3c9d824d9b81040cff303758c287113925077db5eaaddc712468c9d,True,time_only_baseline,A0) Time Prior + Hungarian (Baseline),False,500,500,0,0.0,500,364,0,0.728,0.728,1.2380002755000001,9.10000037,379.296,409.20000000000005,86.6070330000075,500,0,0,0,0,1.0,0.0,0.0,0.0,0.0,1.0,28.214,0.0,0.0,0.0,0.0,0.0,,0.0,0.0,85.75604803225724,0.04966012833756395,0.0,0.798301714414265,86.60400987500907,85.75604803225724,0.798301714414265
20260908_170955_253072,7c10f310757afff0281c7d59102a98ab5b24d276bea06c8399a914da503ce4cd,42,2187632433,1233724829,2187632433,2,500,50,60,5,30,10.0,120,current,Optimized Pattern Generator,dynamic_session,Dynamic Session Pattern Assignment,50,6,360,f2e2e2d4bb5ee142305edaa65b885197bf2943a620bf88e7c437379660681ccd,2.0,15.404,30.0,1.0311720131462132,5.383787216008357,9.9672964119247,50,7.0,42.4065306122449,1.0,1.0,True,20,6,30,3699990511,1757bcffb3c9d824d9b81040cff303758c287113925077db5eaaddc712468c9d,True,single_only,A1) Refined Cost + Greedy 1:1,True,500,500,0,0.0,500,473,0,0.946,0.946,0.8982179936326334,2.695627047792101,379.296,409.20000000000005,105.93259224999929,500,0,0,0,0,1.0,0.0,0.0,0.0,0.0,1.0,28.214,0.0,0.0,0.0,0.0,0.0,,0.0,0.0,86.81758088327479,18.30467488488648,0.0,0.8075570648361463,105.92981283299741,86.81758088327479,0.8075570648361463
20260908_170955_253072,7c10f310757afff0281c7d59102a98ab5b24d276bea06c8399a914da503ce4cd,42,2187632433,2184921368,2187632433,2,500,50,60,5,30,10.0,120,current,Optimized Pattern Generator,dynamic_session,Dynamic Session Pattern Assignment,50,6,360,f2e2e2d4bb5ee142305edaa65b885197bf2943a620bf88e7c437379660681ccd,2.0,15.404,30.0,1.0311720131462132,5.383787216008357,9.9672964119247,50,7.0,42.4065306122449,1.0,1.0,True,20,6,30,3699990511,1757bcffb3c9d824d9b81040cff303758c287113925077db5eaaddc712468c9d,True,nomura_original_interval_hungarian,A2) Corr+DTW + Hungarian,False,500,500,0,0.0,500,500,0,1.0,1.0,0.06374511235953521,0.2683685697893573,379.296,409.20000000000005,133.32341445900965,500,0,0,0,0,1.0,0.0,0.0,0.0,0.0,1.0,28.214,0.0,0.0,0.0,0.0,0.0,,0.0,0.0,86.46635646701907,46.05180128547363,0.0,0.8020637895097025,133.3202215420024,86.46635646701907,0.8020637895097025
20260908_170955_253072,7c10f310757afff0281c7d59102a98ab5b24d276bea06c8399a914da503ce4cd,42,2187632433,1367392772,2187632433,2,500,50,60,5,30,10.0,120,current,Optimized Pattern Generator,dynamic_session,Dynamic Session Pattern Assignment,50,6,360,f2e2e2d4bb5ee142305edaa65b885197bf2943a620bf88e7c437379660681ccd,2.0,15.404,30.0,1.0311720131462132,5.383787216008357,9.9672964119247,50,7.0,42.4065306122449,1.0,1.0,True,20,6,30,3699990511,1757bcffb3c9d824d9b81040cff303758c287113925077db5eaaddc712468c9d,True,bayesian_windowed,A3) Two-Stage Bayesian Posterior + Hungarian,False,500,500,0,0.0,500,481,0,0.962,0.962,0.6071244937365656,2.0912464722175153,379.296,409.20000000000005,103.54530629198416,500,0,0,0,0,1.0,0.0,0.0,0.0,0.0,1.0,28.214,0.0,0.0,0.0,0.0,0.0,,0.0,0.0,86.79968477002694,15.92434025509283,0.0,0.8182249748788308,103.5422499999986,86.79968477002694,0.8182249748788308
20260908_170955_253072,7c10f310757afff0281c7d59102a98ab5b24d276bea06c8399a914da503ce4cd,43,2187632434,1421914814,2187632434,3,500,50,60,5,30,10.0,120,current,Optimized Pattern Generator,dynamic_session,Dynamic Session Pattern Assignment,50,6,360,0a5114230e18642cf6ddded84bf778927749f0c336492c133d67f1559688d495,2.0,16.492,30.0,1.02055701965861,5.541760095037105,9.98905364259765,50,4.0,42.96326530612245,1.0,1.0,True,20,6,30,3699990508,d81b90c085c287ab2c1e6feb7f1abd7e1cb4e3a4685a4bd3eabf293c824b240f,True,time_only_baseline,A0) Time Prior + Hungarian (Baseline),False,500,500,0,0.0,500,359,0,0.718,0.718,1.2998002765199999,9.40000006,381.87,423.0,88.19661683400045,500,0,0,0,0,1.0,0.0,0.0,0.0,0.0,1.0,28.562,0.0,0.0,0.0,0.0,0.0,,0.0,0.0,87.33561050405842,0.049486999690998346,0.0,0.808541288250126,88.19363879199955,87.33561050405842,0.808541288250126
20260908_170955_253072,7c10f310757afff0281c7d59102a98ab5b24d276bea06c8399a914da503ce4cd,43,2187632434,1233724830,2187632434,3,500,50,60,5,30,10.0,120,current,Optimized Pattern Generator,dynamic_session,Dynamic Session Pattern Assignment,50,6,360,0a5114230e18642cf6ddded84bf778927749f0c336492c133d67f1559688d495,2.0,16.492,30.0,1.02055701965861,5.541760095037105,9.98905364259765,50,4.0,42.96326530612245,1.0,1.0,True,20,6,30,3699990508,d81b90c085c287ab2c1e6feb7f1abd7e1cb4e3a4685a4bd3eabf293c824b240f,True,single_only,A1) Refined Cost + Greedy 1:1,True,500,500,0,0.0,500,478,0,0.956,0.956,0.861021638044652,2.7194572884518498,381.87,423.0,106.73235166701488,500,0,0,0,0,1.0,0.0,0.0,0.0,0.0,1.0,28.562,0.0,0.0,0.0,0.0,0.0,,0.0,0.0,87.49888599957922,18.424453341925982,0.0,0.8061520754708908,106.72949141697609,87.49888599957922,0.8061520754708908
20260908_170955_253072,7c10f310757afff0281c7d59102a98ab5b24d276bea06c8399a914da503ce4cd,43,2187632434,2184921371,2187632434,3,500,50,60,5,30,10.0,120,current,Optimized Pattern Generator,dynamic_session,Dynamic Session Pattern Assignment,50,6,360,0a5114230e18642cf6ddded84bf778927749f0c336492c133d67f1559688d495,2.0,16.492,30.0,1.02055701965861,5.541760095037105,9.98905364259765,50,4.0,42.96326530612245,1.0,1.0,True,20,6,30,3699990508,d81b90c085c287ab2c1e6feb7f1abd7e1cb4e3a4685a4bd3eabf293c824b240f,True,nomura_original_interval_hungarian,A2) Corr+DTW + Hungarian,False,500,500,0,0.0,500,500,0,1.0,1.0,0.06286708093707984,0.20056598618293486,381.87,423.0,134.31151320802746,500,0,0,0,0,1.0,0.0,0.0,0.0,0.0,1.0,28.562,0.0,0.0,0.0,0.0,0.0,,0.0,0.0,87.19282982868026,46.310231546260184,0.0,0.8056653750536498,134.3087267499941,87.19282982868026,0.8056653750536498
20260908_170955_253072,7c10f310757afff0281c7d59102a98ab5b24d276bea06c8399a914da503ce4cd,43,2187632434,1367392775,2187632434,3,500,50,60,5,30,10.0,120,current,Optimized Pattern Generator,dynamic_session,Dynamic Session Pattern Assignment,50,6,360,0a5114230e18642cf6ddded84bf778927749f0c336492c133d67f1559688d495,2.0,16.492,30.0,1.02055701965861,5.541760095037105,9.98905364259765,50,4.0,42.96326530612245,1.0,1.0,True,20,6,30,3699990508,d81b90c085c287ab2c1e6feb7f1abd7e1cb4e3a4685a4bd3eabf293c824b240f,True,bayesian_windowed,A3) Two-Stage Bayesian Posterior + Hungarian,False,500,500,0,0.0,500,484,0,0.968,0.968,0.5582783888785484,1.9432102931422541,381.87,423.0,103.9520857919997,500,0,0,0,0,1.0,0.0,0.0,0.0,0.0,1.0,28.562,0.0,0.0,0.0,0.0,0.0,,0.0,0.0,87.14982115788735,15.988547535554972,0.0,0.8107373065431602,103.94910599998548,87.14982115788735,0.8107373065431602
20260908_170955_253072,7c10f310757afff0281c7d59102a98ab5b24d276bea06c8399a914da503ce4cd,44,2187632435,1421914815,2187632435,4,500,50,60,5,30,10.0,120,current,Optimized Pattern Generator,dynamic_session,Dynamic Session Pattern Assignment,50,6,360,0f14d6d6759b427976b5c6f9c45445ee093bd16fd8496722d7009b6b8e504f7a,2.0,15.822,30.0,1.0287235375518358,5.644615512144792,9.999159364393247,50,7.0,40.2130612244898,1.0,1.0,True,20,6,30,3699990509,f47302e6f634b78592903ccdd4f0761c1eaf51ffa5bea6c7972af7ac29f1c225,True,time_only_baseline,A0) Time Prior + Hungarian (Baseline),False,500,500,0,0.0,500,349,0,0.698,0.698,1.1308002537000001,8.00000003,381.612,411.30000000000007,87.37716704199556,500,0,0,0,0,1.0,0.0,0.0,0.0,0.0,1.0,28.258,0.0,0.0,0.0,0.0,0.0,,0.0,0.0,86.52346441600821,0.049882294464623556,0.0,0.8009949555271305,87.37434166599996,86.52346441600821,0.8009949555271305
20260908_170955_253072,7c10f310757afff0281c7d59102a98ab5b24d276bea06c8399a914da503ce4cd,44,2187632435,1233724831,2187632435,4,500,50,60,5,30,10.0,120,current,Optimized Pattern Generator,dynamic_session,Dynamic Session Pattern Assignment,50,6,360,0f14d6d6759b427976b5c6f9c45445ee093bd16fd8496722d7009b6b8e504f7a,2.0,15.822,30.0,1.0287235375518358,5.644615512144792,9.999159364393247,50,7.0,40.2130612244898,1.0,1.0,True,20,6,30,3699990509,f47302e6f634b78592903ccdd4f0761c1eaf51ffa5bea6c7972af7ac29f1c225,True,single_only,A1) Refined Cost + Greedy 1:1,True,500,500,0,0.0,500,475,0,0.95,0.95,0.9017551428711175,3.671737838633697,381.612,411.30000000000007,107.4350590420072,500,0,0,0,0,1.0,0.0,0.0,0.0,0.0,1.0,28.258,0.0,0.0,0.0,0.0,0.0,,0.0,0.0,88.032177635876,18.589799960755045,0.0,0.8102511943725403,107.43222879100358,88.032177635876,0.8102511943725403
20260908_170955_253072,7c10f310757afff0281c7d59102a98ab5b24d276bea06c8399a914da503ce4cd,44,2187632435,2184921370,2187632435,4,500,50,60,5,30,10.0,120,current,Optimized Pattern Generator,dynamic_session,Dynamic Session Pattern Assignment,50,6,360,0f14d6d6759b427976b5c6f9c45445ee093bd16fd8496722d7009b6b8e504f7a,2.0,15.822,30.0,1.0287235375518358,5.644615512144792,9.999159364393247,50,7.0,40.2130612244898,1.0,1.0,True,20,6,30,3699990509,f47302e6f634b78592903ccdd4f0761c1eaf51ffa5bea6c7972af7ac29f1c225,True,nomura_original_interval_hungarian,A2) Corr+DTW + Hungarian,False,500,500,0,0.0,500,500,0,1.0,1.0,0.06714404217919116,0.26274623271898884,381.612,411.30000000000007,133.63955554098357,500,0,0,0,0,1.0,0.0,0.0,0.0,0.0,1.0,28.258,0.0,0.0,0.0,0.0,0.0,,0.0,0.0,86.83766737600672,45.95228778026649,0.0,0.8467423017427791,133.636697458016,86.83766737600672,0.8467423017427791
20260908_170955_253072,7c10f310757afff0281c7d59102a98ab5b24d276bea06c8399a914da503ce4cd,44,2187632435,1367392774,2187632435,4,500,50,60,5,30,10.0,120,current,Optimized Pattern Generator,dynamic_session,Dynamic Session Pattern Assignment,50,6,360,0f14d6d6759b427976b5c6f9c45445ee093bd16fd8496722d7009b6b8e504f7a,2.0,15.822,30.0,1.0287235375518358,5.644615512144792,9.999159364393247,50,7.0,40.2130612244898,1.0,1.0,True,20,6,30,3699990509,f47302e6f634b78592903ccdd4f0761c1eaf51ffa5bea6c7972af7ac29f1c225,True,bayesian_windowed,A3) Two-Stage Bayesian Posterior + Hungarian,False,500,500,0,0.0,500,484,0,0.968,0.968,0.5727297120979615,1.8336539007218198,381.612,411.30000000000007,102.13067954199505,500,0,0,0,0,1.0,0.0,0.0,0.0,0.0,1.0,28.258,0.0,0.0,0.0,0.0,0.0,,0.0,0.0,85.66954516922124,15.66008113490534,0.0,0.7954864878847729,102.12511279201135,85.66954516922124,0.7954864878847729
20260908_170955_253072,7c10f310757afff0281c7d59102a98ab5b24d276bea06c8399a914da503ce4cd,45,2187632436,1421914808,2187632436,5,500,50,60,5,30,10.0,120,current,Optimized Pattern Generator,dynamic_session,Dynamic Session Pattern Assignment,50,6,360,500dc248139bbe740282f7ca3f5d2be5728eff44982ea3a587c922dd6577dab6,2.0,16.304,30.0,1.0124423095654984,5.448333600628622,9.924309877501937,50,6.0,39.67836734693878,1.0,1.0,True,20,6,30,3699990506,116a9b2c96d1cf0f8643cfbf74073e3325383280cd69aa61ab183f0ad2ebaddc,True,time_only_baseline,A0) Time Prior + Hungarian (Baseline),False,500,500,0,0.0,500,359,0,0.718,0.718,1.1922002798400002,7.800000290000001,381.41,415.0,86.16180854197592,500,0,0,0,0,1.0,0.0,0.0,0.0,0.0,1.0,27.976,0.0,0.0,0.0,0.0,0.0,,0.0,0.0,85.30309222309734,0.04943628318142146,0.0,0.8048992437252309,86.15742775000399,85.30309222309734,0.8048992437252309
20260908_170955_253072,7c10f310757afff0281c7d59102a98ab5b24d276bea06c8399a914da503ce4cd,45,2187632436,1233724824,2187632436,5,500,50,60,5,30,10.0,120,current,Optimized Pattern Generator,dynamic_session,Dynamic Session Pattern Assignment,50,6,360,500dc248139bbe740282f7ca3f5d2be5728eff44982ea3a587c922dd6577dab6,2.0,16.304,30.0,1.0124423095654984,5.448333600628622,9.924309877501937,50,6.0,39.67836734693878,1.0,1.0,True,20,6,30,3699990506,116a9b2c96d1cf0f8643cfbf74073e3325383280cd69aa61ab183f0ad2ebaddc,True,single_only,A1) Refined Cost + Greedy 1:1,True,500,500,0,0.0,500,482,0,0.964,0.964,0.8754406528210358,2.8677724291458726,381.41,415.0,104.08268241601763,500,0,0,0,0,1.0,0.0,0.0,0.0,0.0,1.0,27.976,0.0,0.0,0.0,0.0,0.0,,0.0,0.0,85.30191041209036,17.976432665775064,0.0,0.8012832141248509,104.07962629199028,85.30191041209036,0.8012832141248509
20260908_170955_253072,7c10f310757afff0281c7d59102a98ab5b24d276bea06c8399a914da503ce4cd,45,2187632436,2184921373,2187632436,5,500,50,60,5,30,10.0,120,current,Optimized Pattern Generator,dynamic_session,Dynamic Session Pattern Assignment,50,6,360,500dc248139bbe740282f7ca3f5d2be5728eff44982ea3a587c922dd6577dab6,2.0,16.304,30.0,1.0124423095654984,5.448333600628622,9.924309877501937,50,6.0,39.67836734693878,1.0,1.0,True,20,6,30,3699990506,116a9b2c96d1cf0f8643cfbf74073e3325383280cd69aa61ab183f0ad2ebaddc,True,nomura_original_interval_hungarian,A2) Corr+DTW + Hungarian,False,500,500,0,0.0,500,499,0,0.998,0.998,0.06412031245401092,0.28677870264378486,381.41,415.0,132.02009949999047,500,0,0,0,0,1.0,0.0,0.0,0.0,0.0,1.0,27.976,0.0,0.0,0.0,0.0,0.0,,0.0,0.0,85.7757328346197,45.427685797796585,0.0,0.8137259505747352,132.01714458299102,85.7757328346197,0.8137259505747352
20260908_170955_253072,7c10f310757afff0281c7d59102a98ab5b24d276bea06c8399a914da503ce4cd,45,2187632436,1367392769,2187632436,5,500,50,60,5,30,10.0,120,current,Optimized Pattern Generator,dynamic_session,Dynamic Session Pattern Assignment,50,6,360,500dc248139bbe740282f7ca3f5d2be5728eff44982ea3a587c922dd6577dab6,2.0,16.304,30.0,1.0124423095654984,5.448333600628622,9.924309877501937,50,6.0,39.67836734693878,1.0,1.0,True,20,6,30,3699990506,116a9b2c96d1cf0f8643cfbf74073e3325383280cd69aa61ab183f0ad2ebaddc,True,bayesian_windowed,A3) Two-Stage Bayesian Posterior + Hungarian,False,500,500,0,0.0,500,486,0,0.972,0.972,0.5954354322170222,2.2185304357177156,381.41,415.0,101.86523737499374,500,0,0,0,0,1.0,0.0,0.0,0.0,0.0,1.0,27.976,0.0,0.0,0.0,0.0,0.0,,0.0,0.0,85.47550516697811,15.57698991833604,0.0,0.8097197476890869,101.86221483300324,85.47550516697811,0.8097197476890869
20260908_170955_253072,7c10f310757afff0281c7d59102a98ab5b24d276bea06c8399a914da503ce4cd,46,2187632437,1421914809,2187632437,6,500,50,60,5,30,10.0,120,current,Optimized Pattern Generator,dynamic_session,Dynamic Session Pattern Assignment,50,6,360,9d8eabd1eea75515d3eca8c5760a45563de8b2963b15f5f896d3223e4d460f0f,2.0,15.736,30.0,1.0097750305260138,5.3814188688184,9.997113331371498,50,8.0,42.994285714285716,1.0,1.0,True,20,6,30,3699990507,0c341c894079037ba27635a268139fc2ffd7f37486833c599d956101753ea97f,True,time_only_baseline,A0) Time Prior + Hungarian (Baseline),False,500,500,0,0.0,500,352,0,0.704,0.704,1.1384002721200002,8.700000220000002,381.792,418.1,87.50986458300031,500,0,0,0,0,1.0,0.0,0.0,0.0,0.0,1.0,28.53,0.0,0.0,0.0,0.0,0.0,,0.0,0.0,86.66057050076779,0.04866280406713486,0.0,0.7977186541538686,87.5069519589888,86.66057050076779,0.7977186541538686
20260908_170955_253072,7c10f310757afff0281c7d59102a98ab5b24d276bea06c8399a914da503ce4cd,46,2187632437,1233724825,2187632437,6,500,50,60,5,30,10.0,120,current,Optimized Pattern Generator,dynamic_session,Dynamic Session Pattern Assignment,50,6,360,9d8eabd1eea75515d3eca8c5760a45563de8b2963b15f5f896d3223e4d460f0f,2.0,15.736,30.0,1.0097750305260138,5.3814188688184,9.997113331371498,50,8.0,42.994285714285716,1.0,1.0,True,20,6,30,3699990507,0c341c894079037ba27635a268139fc2ffd7f37486833c599d956101753ea97f,True,single_only,A1) Refined Cost + Greedy 1:1,True,500,500,0,0.0,500,472,0,0.944,0.944,0.8721088563102142,3.6358201714046223,381.792,418.1,105.80852233301266,500,0,0,0,0,1.0,0.0,0.0,0.0,0.0,1.0,28.53,0.0,0.0,0.0,0.0,0.0,,0.0,0.0,86.68941405214719,18.310388222133042,0.0,0.8058507257374004,105.80565300001763,86.68941405214719,0.8058507257374004
20260908_170955_253072,7c10f310757afff0281c7d59102a98ab5b24d276bea06c8399a914da503ce4cd,46,2187632437,2184921372,2187632437,6,500,50,60,5,30,10.0,120,current,Optimized Pattern Generator,dynamic_session,Dynamic Session Pattern Assignment,50,6,360,9d8eabd1eea75515d3eca8c5760a45563de8b2963b15f5f896d3223e4d460f0f,2.0,15.736,30.0,1.0097750305260138,5.3814188688184,9.997113331371498,50,8.0,42.994285714285716,1.0,1.0,True,20,6,30,3699990507,0c341c894079037ba27635a268139fc2ffd7f37486833c599d956101753ea97f,True,nomura_original_interval_hungarian,A2) Corr+DTW + Hungarian,False,500,500,0,0.0,500,499,0,0.998,0.998,0.06638450564959789,0.2275112623412811,381.792,418.1,134.33443333301693,500,0,0,0,0,1.0,0.0,0.0,0.0,0.0,1.0,28.53,0.0,0.0,0.0,0.0,0.0,,0.0,0.0,87.25866079397383,46.25269803381525,0.0,0.8181144222035073,134.3294732499926,87.25866079397383,0.8181144222035073
20260908_170955_253072,7c10f310757afff0281c7d59102a98ab5b24d276bea06c8399a914da503ce4cd,46,2187632437,1367392768,2187632437,6,500,50,60,5,30,10.0,120,current,Optimized Pattern Generator,dynamic_session,Dynamic Session Pattern Assignment,50,6,360,9d8eabd1eea75515d3eca8c5760a45563de8b2963b15f5f896d3223e4d460f0f,2.0,15.736,30.0,1.0097750305260138,5.3814188688184,9.997113331371498,50,8.0,42.994285714285716,1.0,1.0,True,20,6,30,3699990507,0c341c894079037ba27635a268139fc2ffd7f37486833c599d956101753ea97f,True,bayesian_windowed,A3) Two-Stage Bayesian Posterior + Hungarian,False,500,500,0,0.0,500,480,0,0.96,0.96,0.538389124872091,1.7661113768991021,381.792,418.1,103.36799825000344,500,0,0,0,0,1.0,0.0,0.0,0.0,0.0,1.0,28.53,0.0,0.0,0.0,0.0,0.0,,0.0,0.0,86.65892021020409,15.91255141532747,0.0,0.7934323334775399,103.3649039590091,86.65892021020409,0.7934323334775399
20260908_170955_253072,7c10f310757afff0281c7d59102a98ab5b24d276bea06c8399a914da503ce4cd,47,2187632438,1421914810,2187632438,7,500,50,60,5,30,10.0,120,current,Optimized Pattern Generator,dynamic_session,Dynamic Session Pattern Assignment,50,6,360,c049811dfef8499b9e4cdecac74b10acb756686ced4ff2080d3ecd387edcc974,2.0,15.62,30.0,1.0907742367793545,5.55295372809234,9.995776603994253,50,7.0,40.12408163265306,1.0,1.0,True,20,6,30,3699990504,1b6dbf28f7654d355a4b5b8e8208428486a817f07f64a6eb8217def83f67cd3a,True,time_only_baseline,A0) Time Prior + Hungarian (Baseline),False,500,500,0,0.0,500,345,0,0.69,0.69,1.2968002711,9.30000032,382.318,421.20000000000005,89.67621399997734,500,0,0,0,0,1.0,0.0,0.0,0.0,0.0,1.0,28.884,0.0,0.0,0.0,0.0,0.0,,0.0,0.0,88.81538783412543,0.04980545025318861,0.0,0.8066975486290175,89.67189083300764,88.81538783412543,0.8066975486290175
20260908_170955_253072,7c10f310757afff0281c7d59102a98ab5b24d276bea06c8399a914da503ce4cd,47,2187632438,1233724826,2187632438,7,500,50,60,5,30,10.0,120,current,Optimized Pattern Generator,dynamic_session,Dynamic Session Pattern Assignment,50,6,360,c049811dfef8499b9e4cdecac74b10acb756686ced4ff2080d3ecd387edcc974,2.0,15.62,30.0,1.0907742367793545,5.55295372809234,9.995776603994253,50,7.0,40.12408163265306,1.0,1.0,True,20,6,30,3699990504,1b6dbf28f7654d355a4b5b8e8208428486a817f07f64a6eb8217def83f67cd3a,True,single_only,A1) Refined Cost + Greedy 1:1,True,500,500,0,0.0,500,482,0,0.964,0.964,0.872955350074623,3.0749906526858815,382.318,421.20000000000005,108.37772849999601,500,0,0,0,0,1.0,0.0,0.0,0.0,0.0,1.0,28.884,0.0,0.0,0.0,0.0,0.0,,0.0,0.0,88.81426479309448,18.7573350360326,0.0,0.8030416288820561,108.37464145800914,88.81426479309448,0.8030416288820561
20260908_170955_253072,7c10f310757afff0281c7d59102a98ab5b24d276bea06c8399a914da503ce4cd,47,2187632438,2184921375,2187632438,7,500,50,60,5,30,10.0,120,current,Optimized Pattern Generator,dynamic_session,Dynamic Session Pattern Assignment,50,6,360,c049811dfef8499b9e4cdecac74b10acb756686ced4ff2080d3ecd387edcc974,2.0,15.62,30.0,1.0907742367793545,5.55295372809234,9.995776603994253,50,7.0,40.12408163265306,1.0,1.0,True,20,6,30,3699990504,1b6dbf28f7654d355a4b5b8e8208428486a817f07f64a6eb8217def83f67cd3a,True,nomura_original_interval_hungarian,A2) Corr+DTW + Hungarian,False,500,500,0,0.0,500,499,0,0.998,0.998,0.06308683684956493,0.28285833042869735,382.318,421.20000000000005,136.62834770799964,500,0,0,0,0,1.0,0.0,0.0,0.0,0.0,1.0,28.884,0.0,0.0,0.0,0.0,0.0,,0.0,0.0,88.76813774343464,47.05303539079614,0.0,0.8040857817686629,136.62525891599944,88.76813774343464,0.8040857817686629
20260908_170955_253072,7c10f310757afff0281c7d59102a98ab5b24d276bea06c8399a914da503ce4cd,47,2187632438,1367392771,2187632438,7,500,50,60,5,30,10.0,120,current,Optimized Pattern Generator,dynamic_session,Dynamic Session Pattern Assignment,50,6,360,c049811dfef8499b9e4cdecac74b10acb756686ced4ff2080d3ecd387edcc974,2.0,15.62,30.0,1.0907742367793545,5.55295372809234,9.995776603994253,50,7.0,40.12408163265306,1.0,1.0,True,20,6,30,3699990504,1b6dbf28f7654d355a4b5b8e8208428486a817f07f64a6eb8217def83f67cd3a,True,bayesian_windowed,A3) Two-Stage Bayesian Posterior + Hungarian,False,500,500,0,0.0,500,490,0,0.98,0.98,0.5321347210596902,1.868793407451039,382.318,421.20000000000005,106.14741437500925,500,0,0,0,0,1.0,0.0,0.0,0.0,0.0,1.0,28.884,0.0,0.0,0.0,0.0,0.0,,0.0,0.0,88.97998480696697,16.362584223563317,0.0,0.801738594454946,106.14430762498523,88.97998480696697,0.801738594454946
20260908_170955_253072,7c10f310757afff0281c7d59102a98ab5b24d276bea06c8399a914da503ce4cd,48,2187632439,1421914811,2187632439,8,500,50,60,5,30,10.0,120,current,Optimized Pattern Generator,dynamic_session,Dynamic Session Pattern Assignment,50,6,360,300473e4c9498edeedf2cf91ebdf51486815c1b6ac8e6b4ac2061a742435a8da,2.0,16.348,30.0,1.0003199732526609,5.576481996990471,9.966349661167325,50,6.0,42.91428571428571,1.0,1.0,True,20,6,30,3699990505,15dfc8fd9365ad64427d7d5e68e355a9ebfd994b854189ffb5f86da1a01a69f9,True,time_only_baseline,A0) Time Prior + Hungarian (Baseline),False,500,500,0,0.0,500,351,0,0.702,0.702,1.21860028006,8.200001310000001,380.548,414.0,86.03344241701416,500,0,0,0,0,1.0,0.0,0.0,0.0,0.0,1.0,28.256,0.0,0.0,0.0,0.0,0.0,,0.0,0.0,85.18089499507914,0.04828554793493822,0.0,0.8012343320006039,86.03041487501469,85.18089499507914,0.8012343320006039
20260908_170955_253072,7c10f310757afff0281c7d59102a98ab5b24d276bea06c8399a914da503ce4cd,48,2187632439,1233724827,2187632439,8,500,50,60,5,30,10.0,120,current,Optimized Pattern Generator,dynamic_session,Dynamic Session Pattern Assignment,50,6,360,300473e4c9498edeedf2cf91ebdf51486815c1b6ac8e6b4ac2061a742435a8da,2.0,16.348,30.0,1.0003199732526609,5.576481996990471,9.966349661167325,50,6.0,42.91428571428571,1.0,1.0,True,20,6,30,3699990505,15dfc8fd9365ad64427d7d5e68e355a9ebfd994b854189ffb5f86da1a01a69f9,True,single_only,A1) Refined Cost + Greedy 1:1,True,500,500,0,0.0,500,481,0,0.962,0.962,0.9260509767015406,2.9509273748135385,380.548,414.0,106.10638204202405,500,0,0,0,0,1.0,0.0,0.0,0.0,0.0,1.0,28.256,0.0,0.0,0.0,0.0,0.0,,0.0,0.0,86.86623986504856,18.432036541198613,0.0,0.8045975937566254,106.1028740000038,86.86623986504856,0.8045975937566254
20260908_170955_253072,7c10f310757afff0281c7d59102a98ab5b24d276bea06c8399a914da503ce4cd,48,2187632439,2184921374,2187632439,8,500,50,60,5,30,10.0,120,current,Optimized Pattern Generator,dynamic_session,Dynamic Session Pattern Assignment,50,6,360,300473e4c9498edeedf2cf91ebdf51486815c1b6ac8e6b4ac2061a742435a8da,2.0,16.348,30.0,1.0003199732526609,5.576481996990471,9.966349661167325,50,6.0,42.91428571428571,1.0,1.0,True,20,6,30,3699990505,15dfc8fd9365ad64427d7d5e68e355a9ebfd994b854189ffb5f86da1a01a69f9,True,nomura_original_interval_hungarian,A2) Corr+DTW + Hungarian,False,500,500,0,0.0,500,500,0,1.0,1.0,0.06385336966285797,0.24101957283317524,380.548,414.0,123.400848958001,500,0,0,0,0,1.0,0.0,0.0,0.0,0.0,1.0,28.256,0.0,0.0,0.0,0.0,0.0,,0.0,0.0,79.60928913124371,42.978417949343566,0.0,0.8101342114096042,123.39784129199688,79.60928913124371,0.8101342114096042
20260908_170955_253072,7c10f310757afff0281c7d59102a98ab5b24d276bea06c8399a914da503ce4cd,48,2187632439,1367392770,2187632439,8,500,50,60,5,30,10.0,120,current,Optimized Pattern Generator,dynamic_session,Dynamic Session Pattern Assignment,50,6,360,300473e4c9498edeedf2cf91ebdf51486815c1b6ac8e6b4ac2061a742435a8da,2.0,16.348,30.0,1.0003199732526609,5.576481996990471,9.966349661167325,50,6.0,42.91428571428571,1.0,1.0,True,20,6,30,3699990505,15dfc8fd9365ad64427d7d5e68e355a9ebfd994b854189ffb5f86da1a01a69f9,True,bayesian_windowed,A3) Two-Stage Bayesian Posterior + Hungarian,False,500,500,0,0.0,500,487,0,0.974,0.974,0.609099968252908,2.0924738524679682,380.548,414.0,85.39381487498758,500,0,0,0,0,1.0,0.0,0.0,0.0,0.0,1.0,28.256,0.0,0.0,0.0,0.0,0.0,,0.0,0.0,71.2226728311507,13.468831203266745,0.0,0.6993966735899448,85.3909007080074,71.2226728311507,0.6993966735899448
20260908_170955_253072,7c10f310757afff0281c7d59102a98ab5b24d276bea06c8399a914da503ce4cd,49,2187632440,1421914804,2187632440,9,500,50,60,5,30,10.0,120,current,Optimized Pattern Generator,dynamic_session,Dynamic Session Pattern Assignment,50,6,360,9d4c29ab22f45ca12654762f80e6cbc9206323cea2ac8ac0cd3301de046f691a,2.0,16.592,30.0,1.0053196653368128,5.544892056199551,9.99218762065857,50,4.0,42.037551020408166,1.0,1.0,True,20,6,30,3699990502,8c546c0861f92f87e14539f8b3bd5f241565e1cf5231ac0d13264cb01b8710d6,True,time_only_baseline,A0) Time Prior + Hungarian (Baseline),False,500,500,0,0.0,500,357,0,0.714,0.714,1.26360026774,7.90000031,382.298,415.20000000000005,72.77021558300476,500,0,0,0,0,1.0,0.0,0.0,0.0,0.0,1.0,28.516,0.0,0.0,0.0,0.0,0.0,,0.0,0.0,72.0454778711719,0.04022137229912914,0.0,0.6812140895344783,72.7669133330055,72.0454778711719,0.6812140895344783
20260908_170955_253072,7c10f310757afff0281c7d59102a98ab5b24d276bea06c8399a914da503ce4cd,49,2187632440,1233724820,2187632440,9,500,50,60,5,30,10.0,120,current,Optimized Pattern Generator,dynamic_session,Dynamic Session Pattern Assignment,50,6,360,9d4c29ab22f45ca12654762f80e6cbc9206323cea2ac8ac0cd3301de046f691a,2.0,16.592,30.0,1.0053196653368128,5.544892056199551,9.99218762065857,50,4.0,42.037551020408166,1.0,1.0,True,20,6,30,3699990502,8c546c0861f92f87e14539f8b3bd5f241565e1cf5231ac0d13264cb01b8710d6,True,single_only,A1) Refined Cost + Greedy 1:1,True,500,500,0,0.0,500,469,0,0.938,0.938,0.8757908696794371,3.1913120532713086,382.298,415.20000000000005,88.9683550420159,500,0,0,0,0,1.0,0.0,0.0,0.0,0.0,1.0,28.516,0.0,0.0,0.0,0.0,0.0,,0.0,0.0,72.50525975643541,15.776158760301769,0.0,0.6839856082515325,88.96540412498871,72.50525975643541,0.6839856082515325
20260908_170955_253072,7c10f310757afff0281c7d59102a98ab5b24d276bea06c8399a914da503ce4cd,49,2187632440,2184921361,2187632440,9,500,50,60,5,30,10.0,120,current,Optimized Pattern Generator,dynamic_session,Dynamic Session Pattern Assignment,50,6,360,9d4c29ab22f45ca12654762f80e6cbc9206323cea2ac8ac0cd3301de046f691a,2.0,16.592,30.0,1.0053196653368128,5.544892056199551,9.99218762065857,50,4.0,42.037551020408166,1.0,1.0,True,20,6,30,3699990502,8c546c0861f92f87e14539f8b3bd5f241565e1cf5231ac0d13264cb01b8710d6,True,nomura_original_interval_hungarian,A2) Corr+DTW + Hungarian,False,500,500,0,0.0,500,500,0,1.0,1.0,0.06340786027956799,0.24032946754826223,382.298,415.20000000000005,112.95908254099777,500,0,0,0,0,1.0,0.0,0.0,0.0,0.0,1.0,28.516,0.0,0.0,0.0,0.0,0.0,,0.0,0.0,72.60927262008772,39.66748299903702,0.0,0.6794755478622392,112.95623116698698,72.60927262008772,0.6794755478622392
20260908_170955_253072,7c10f310757afff0281c7d59102a98ab5b24d276bea06c8399a914da503ce4cd,49,2187632440,1367392781,2187632440,9,500,50,60,5,30,10.0,120,current,Optimized Pattern Generator,dynamic_session,Dynamic Session Pattern Assignment,50,6,360,9d4c29ab22f45ca12654762f80e6cbc9206323cea2ac8ac0cd3301de046f691a,2.0,16.592,30.0,1.0053196653368128,5.544892056199551,9.99218762065857,50,4.0,42.037551020408166,1.0,1.0,True,20,6,30,3699990502,8c546c0861f92f87e14539f8b3bd5f241565e1cf5231ac0d13264cb01b8710d6,True,bayesian_windowed,A3) Two-Stage Bayesian Posterior + Hungarian,False,500,500,0,0.0,500,484,0,0.968,0.968,0.5809217514394622,1.9010934059098312,382.298,415.20000000000005,87.0213071659964,500,0,0,0,0,1.0,0.0,0.0,0.0,0.0,1.0,28.516,0.0,0.0,0.0,0.0,0.0,,0.0,0.0,72.65207007396384,13.673162131890422,0.0,0.6931397111329716,87.01837191698723,72.65207007396384,0.6931397111329716
20260908_170955_253072,7c10f310757afff0281c7d59102a98ab5b24d276bea06c8399a914da503ce4cd,50,2187632441,1421914805,2187632441,10,500,50,60,5,30,10.0,120,current,Optimized Pattern Generator,dynamic_session,Dynamic Session Pattern Assignment,50,6,360,5cfe9de12b0759befd7367994412b57abf0da2e0515dbbc7f2841fbc36ffc25b,2.0,16.122,30.0,1.0155008048639331,5.613358615162685,9.995163456964312,50,7.0,40.38938775510204,1.0,1.0,True,20,6,30,3699990503,a0173877417fe11f3d70bbbf761b7c552104fb1ea963f0fa08fddb63bba7616d,True,time_only_baseline,A0) Time Prior + Hungarian (Baseline),False,500,500,0,0.0,500,361,0,0.722,0.722,1.24140026828,8.40000023,381.756,416.0,72.15648191599757,500,0,0,0,0,1.0,0.0,0.0,0.0,0.0,1.0,28.322,0.0,0.0,0.0,0.0,0.0,,0.0,0.0,71.44901941996068,0.03980257795774378,0.0,0.6648138770542573,72.15363587497268,71.44901941996068,0.6648138770542573
20260908_170955_253072,7c10f310757afff0281c7d59102a98ab5b24d276bea06c8399a914da503ce4cd,50,2187632441,1233724821,2187632441,10,500,50,60,5,30,10.0,120,current,Optimized Pattern Generator,dynamic_session,Dynamic Session Pattern Assignment,50,6,360,5cfe9de12b0759befd7367994412b57abf0da2e0515dbbc7f2841fbc36ffc25b,2.0,16.122,30.0,1.0155008048639331,5.613358615162685,9.995163456964312,50,7.0,40.38938775510204,1.0,1.0,True,20,6,30,3699990503,a0173877417fe11f3d70bbbf761b7c552104fb1ea963f0fa08fddb63bba7616d,True,single_only,A1) Refined Cost + Greedy 1:1,True,500,500,0,0.0,500,458,0,0.916,0.916,0.9169839065118206,3.3341710635794493,381.756,416.0,89.0997731659736,500,0,0,0,0,1.0,0.0,0.0,0.0,0.0,1.0,28.322,0.0,0.0,0.0,0.0,0.0,,0.0,0.0,72.42303637720761,15.990877297910629,0.0,0.6829088668746408,89.09682254199288,72.42303637720761,0.6829088668746408
20260908_170955_253072,7c10f310757afff0281c7d59102a98ab5b24d276bea06c8399a914da503ce4cd,50,2187632441,2184921360,2187632441,10,500,50,60,5,30,10.0,120,current,Optimized Pattern Generator,dynamic_session,Dynamic Session Pattern Assignment,50,6,360,5cfe9de12b0759befd7367994412b57abf0da2e0515dbbc7f2841fbc36ffc25b,2.0,16.122,30.0,1.0155008048639331,5.613358615162685,9.995163456964312,50,7.0,40.38938775510204,1.0,1.0,True,20,6,30,3699990503,a0173877417fe11f3d70bbbf761b7c552104fb1ea963f0fa08fddb63bba7616d,True,nomura_original_interval_hungarian,A2) Corr+DTW + Hungarian,False,500,500,0,0.0,500,499,0,0.998,0.998,0.07186781589916515,0.23808473097455743,381.756,416.0,112.5839618750033,500,0,0,0,0,1.0,0.0,0.0,0.0,0.0,1.0,28.322,0.0,0.0,0.0,0.0,0.0,,0.0,0.0,72.41741495384485,39.47473640617682,0.0,0.6889774309820496,112.58112879100372,72.41741495384485,0.6889774309820496
20260908_170955_253072,7c10f310757afff0281c7d59102a98ab5b24d276bea06c8399a914da503ce4cd,50,2187632441,1367392780,2187632441,10,500,50,60,5,30,10.0,120,current,Optimized Pattern Generator,dynamic_session,Dynamic Session Pattern Assignment,50,6,360,5cfe9de12b0759befd7367994412b57abf0da2e0515dbbc7f2841fbc36ffc25b,2.0,16.122,30.0,1.0155008048639331,5.613358615162685,9.995163456964312,50,7.0,40.38938775510204,1.0,1.0,True,20,6,30,3699990503,a0173877417fe11f3d70bbbf761b7c552104fb1ea963f0fa08fddb63bba7616d,True,bayesian_windowed,A3) Two-Stage Bayesian Posterior + Hungarian,False,500,500,0,0.0,500,472,0,0.944,0.944,0.5304424123178553,1.8643486334188277,381.756,416.0,86.72355508300825,500,0,0,0,0,1.0,0.0,0.0,0.0,0.0,1.0,28.322,0.0,0.0,0.0,0.0,0.0,,0.0,0.0,72.41216688626446,13.630904284946155,0.0,0.6775828287936747,86.72065400000429,72.41216688626446,0.6775828287936747
20260908_170955_253072,7c10f310757afff0281c7d59102a98ab5b24d276bea06c8399a914da503ce4cd,51,2187632442,1421914806,2187632442,11,500,50,60,5,30,10.0,120,current,Optimized Pattern Generator,dynamic_session,Dynamic Session Pattern Assignment,50,6,360,fd6d0809a0fd3a22f7871d27cbd57573814f793a3c2dd6e4ba74b042691b559d,2.0,16.078,30.0,1.0018362957394058,5.4797016658257585,9.990194846039774,50,8.0,40.42448979591837,1.0,1.0,True,20,6,30,3699990500,02bf5222e578b1af2258520804322bdd9bff5dd67606f111573a05bb8ce6f987,True,time_only_baseline,A0) Time Prior + Hungarian (Baseline),False,500,500,0,0.0,500,353,0,0.706,0.706,1.26020027116,8.10000045,382.148,419.1,70.91558854200412,500,0,0,0,0,1.0,0.0,0.0,0.0,0.0,1.0,27.666,0.0,0.0,0.0,0.0,0.0,,0.0,0.0,70.21070766804041,0.03895787333021872,0.0,0.6630625836551189,70.91272812502575,70.21070766804041,0.6630625836551189
20260908_170955_253072,7c10f310757afff0281c7d59102a98ab5b24d276bea06c8399a914da503ce4cd,51,2187632442,1233724822,2187632442,11,500,50,60,5,30,10.0,120,current,Optimized Pattern Generator,dynamic_session,Dynamic Session Pattern Assignment,50,6,360,fd6d0809a0fd3a22f7871d27cbd57573814f793a3c2dd6e4ba74b042691b559d,2.0,16.078,30.0,1.0018362957394058,5.4797016658257585,9.990194846039774,50,8.0,40.42448979591837,1.0,1.0,True,20,6,30,3699990500,02bf5222e578b1af2258520804322bdd9bff5dd67606f111573a05bb8ce6f987,True,single_only,A1) Refined Cost + Greedy 1:1,True,500,500,0,0.0,500,478,0,0.956,0.956,0.9351373803946788,3.3282291470758807,382.148,419.1,85.28592766699148,500,0,0,0,0,1.0,0.0,0.0,0.0,0.0,1.0,27.666,0.0,0.0,0.0,0.0,0.0,,0.0,0.0,69.38005862411228,15.22676545084687,0.0,0.6761918410484213,85.28301591600757,69.38005862411228,0.6761918410484213
20260908_170955_253072,7c10f310757afff0281c7d59102a98ab5b24d276bea06c8399a914da503ce4cd,51,2187632442,2184921363,2187632442,11,500,50,60,5,30,10.0,120,current,Optimized Pattern Generator,dynamic_session,Dynamic Session Pattern Assignment,50,6,360,fd6d0809a0fd3a22f7871d27cbd57573814f793a3c2dd6e4ba74b042691b559d,2.0,16.078,30.0,1.0018362957394058,5.4797016658257585,9.990194846039774,50,8.0,40.42448979591837,1.0,1.0,True,20,6,30,3699990500,02bf5222e578b1af2258520804322bdd9bff5dd67606f111573a05bb8ce6f987,True,nomura_original_interval_hungarian,A2) Corr+DTW + Hungarian,False,500,500,0,0.0,500,499,0,0.998,0.998,0.07243793744606378,0.24531300226189115,382.148,419.1,109.05633770799614,500,0,0,0,0,1.0,0.0,0.0,0.0,0.0,1.0,27.666,0.0,0.0,0.0,0.0,0.0,,0.0,0.0,69.93535175919533,38.4305524569354,0.0,0.6875748248712625,109.05347904100199,69.93535175919533,0.6875748248712625
20260908_170955_253072,7c10f310757afff0281c7d59102a98ab5b24d276bea06c8399a914da503ce4cd,51,2187632442,1367392783,2187632442,11,500,50,60,5,30,10.0,120,current,Optimized Pattern Generator,dynamic_session,Dynamic Session Pattern Assignment,50,6,360,fd6d0809a0fd3a22f7871d27cbd57573814f793a3c2dd6e4ba74b042691b559d,2.0,16.078,30.0,1.0018362957394058,5.4797016658257585,9.990194846039774,50,8.0,40.42448979591837,1.0,1.0,True,20,6,30,3699990500,02bf5222e578b1af2258520804322bdd9bff5dd67606f111573a05bb8ce6f987,True,bayesian_windowed,A3) Two-Stage Bayesian Posterior + Hungarian,False,500,500,0,0.0,500,482,0,0.964,0.964,0.5100488770005607,2.0294643550638045,382.148,419.1,83.76165158298681,500,0,0,0,0,1.0,0.0,0.0,0.0,0.0,1.0,27.666,0.0,0.0,0.0,0.0,0.0,,0.0,0.0,69.86452936925343,13.230585277051432,0.0,0.6636666036793031,83.75878124998417,69.86452936925343,0.6636666036793031
20260908_170955_253072,7c10f310757afff0281c7d59102a98ab5b24d276bea06c8399a914da503ce4cd,52,2187632443,1421914807,2187632443,12,500,50,60,5,30,10.0,120,current,Optimized Pattern Generator,dynamic_session,Dynamic Session Pattern Assignment,50,6,360,412a4919722c142767e4df72069c10f8a900c051c39a10c4a03d26c07a38ac09,2.0,16.292,30.0,1.0654497287184,5.6011218957902145,9.917468099391758,50,7.0,41.46775510204082,1.0,1.0,True,20,6,30,3699990501,7d085860c84d5adf60f43fddf8baa319b51e2b826fad08a8d8c80948235a1083,True,time_only_baseline,A0) Time Prior + Hungarian (Baseline),False,500,500,0,0.0,500,340,0,0.68,0.68,1.2890002708000001,9.80000038,382.24,421.1,71.21957204199862,500,0,0,0,0,1.0,0.0,0.0,0.0,0.0,1.0,28.098,0.0,0.0,0.0,0.0,0.0,,0.0,0.0,70.48694141113083,0.03929444495588541,0.0,0.690438684890978,71.21667454097769,70.48694141113083,0.690438684890978
20260908_170955_253072,7c10f310757afff0281c7d59102a98ab5b24d276bea06c8399a914da503ce4cd,52,2187632443,1233724823,2187632443,12,500,50,60,5,30,10.0,120,current,Optimized Pattern Generator,dynamic_session,Dynamic Session Pattern Assignment,50,6,360,412a4919722c142767e4df72069c10f8a900c051c39a10c4a03d26c07a38ac09,2.0,16.292,30.0,1.0654497287184,5.6011218957902145,9.917468099391758,50,7.0,41.46775510204082,1.0,1.0,True,20,6,30,3699990501,7d085860c84d5adf60f43fddf8baa319b51e2b826fad08a8d8c80948235a1083,True,single_only,A1) Refined Cost + Greedy 1:1,True,500,500,0,0.0,500,474,0,0.948,0.948,0.8604992774727578,2.6140000662399716,382.24,421.1,88.23501108400524,500,0,0,0,0,1.0,0.0,0.0,0.0,0.0,1.0,28.098,0.0,0.0,0.0,0.0,0.0,,0.0,0.0,71.96907180198468,15.603704364708392,0.0,0.6592852083267644,88.23206137501984,71.96907180198468,0.6592852083267644
20260908_170955_253072,7c10f310757afff0281c7d59102a98ab5b24d276bea06c8399a914da503ce4cd,52,2187632443,2184921362,2187632443,12,500,50,60,5,30,10.0,120,current,Optimized Pattern Generator,dynamic_session,Dynamic Session Pattern Assignment,50,6,360,412a4919722c142767e4df72069c10f8a900c051c39a10c4a03d26c07a38ac09,2.0,16.292,30.0,1.0654497287184,5.6011218957902145,9.917468099391758,50,7.0,41.46775510204082,1.0,1.0,True,20,6,30,3699990501,7d085860c84d5adf60f43fddf8baa319b51e2b826fad08a8d8c80948235a1083,True,nomura_original_interval_hungarian,A2) Corr+DTW + Hungarian,False,500,500,0,0.0,500,500,0,1.0,1.0,0.06696857331613049,0.25805799706509536,382.24,421.1,110.59309033301543,500,0,0,0,0,1.0,0.0,0.0,0.0,0.0,1.0,28.098,0.0,0.0,0.0,0.0,0.0,,0.0,0.0,70.9115027069056,38.9996673859132,0.0,0.6791235741693527,110.59029366698815,70.9115027069056,0.6791235741693527
20260908_170955_253072,7c10f310757afff0281c7d59102a98ab5b24d276bea06c8399a914da503ce4cd,52,2187632443,1367392782,2187632443,12,500,50,60,5,30,10.0,120,current,Optimized Pattern Generator,dynamic_session,Dynamic Session Pattern Assignment,50,6,360,412a4919722c142767e4df72069c10f8a900c051c39a10c4a03d26c07a38ac09,2.0,16.292,30.0,1.0654497287184,5.6011218957902145,9.917468099391758,50,7.0,41.46775510204082,1.0,1.0,True,20,6,30,3699990501,7d085860c84d5adf60f43fddf8baa319b51e2b826fad08a8d8c80948235a1083,True,bayesian_windowed,A3) Two-Stage Bayesian Posterior + Hungarian,False,500,500,0,0.0,500,481,0,0.962,0.962,0.5623546256162354,1.9321075588528345,382.24,421.1,85.21797916700598,500,0,0,0,0,1.0,0.0,0.0,0.0,0.0,1.0,28.098,0.0,0.0,0.0,0.0,0.0,,0.0,0.0,71.21351499590673,13.331444655836094,0.0,0.670139848254621,85.21509949999745,71.21351499590673,0.670139848254621
20260908_170955_253072,7c10f310757afff0281c7d59102a98ab5b24d276bea06c8399a914da503ce4cd,53,2187632444,1421914800,2187632444,13,500,50,60,5,30,10.0,120,current,Optimized Pattern Generator,dynamic_session,Dynamic Session Pattern Assignment,50,6,360,34c6276b3e2a0733fefbd4d9fadb5a6008b1fc0993db8b871536c13564e77c1f,2.0,15.82,30.0,1.0592979909263045,5.642116928358392,9.993901422423177,50,10.0,42.62122448979592,1.0,1.0,True,20,6,30,3699990498,a7efa0e180d3f502c93774531c9ed168c8ad97f46bfca246ba8b1925fc7e5e21,True,time_only_baseline,A0) Time Prior + Hungarian (Baseline),False,500,500,0,0.0,500,354,0,0.708,0.708,1.2138002825,8.300000070000001,381.426,417.30000000000007,72.975934416987,500,0,0,0,0,1.0,0.0,0.0,0.0,0.0,1.0,28.65,0.0,0.0,0.0,0.0,0.0,,0.0,0.0,72.27363120706286,0.04025195419671945,0.0,0.6589647137443535,72.97284787500394,72.27363120706286,0.6589647137443535
20260908_170955_253072,7c10f310757afff0281c7d59102a98ab5b24d276bea06c8399a914da503ce4cd,53,2187632444,1233724816,2187632444,13,500,50,60,5,30,10.0,120,current,Optimized Pattern Generator,dynamic_session,Dynamic Session Pattern Assignment,50,6,360,34c6276b3e2a0733fefbd4d9fadb5a6008b1fc0993db8b871536c13564e77c1f,2.0,15.82,30.0,1.0592979909263045,5.642116928358392,9.993901422423177,50,10.0,42.62122448979592,1.0,1.0,True,20,6,30,3699990498,a7efa0e180d3f502c93774531c9ed168c8ad97f46bfca246ba8b1925fc7e5e21,True,single_only,A1) Refined Cost + Greedy 1:1,True,500,500,0,0.0,500,472,0,0.944,0.944,0.8734607301206488,2.73577019054634,381.426,417.30000000000007,88.84788304200629,500,0,0,0,0,1.0,0.0,0.0,0.0,0.0,1.0,28.65,0.0,0.0,0.0,0.0,0.0,,0.0,0.0,72.39241750573274,15.792137660930166,0.0,0.6604735833534505,88.84502875001635,72.39241750573274,0.6604735833534505
20260908_170955_253072,7c10f310757afff0281c7d59102a98ab5b24d276bea06c8399a914da503ce4cd,53,2187632444,2184921365,2187632444,13,500,50,60,5,30,10.0,120,current,Optimized Pattern Generator,dynamic_session,Dynamic Session Pattern Assignment,50,6,360,34c6276b3e2a0733fefbd4d9fadb5a6008b1fc0993db8b871536c13564e77c1f,2.0,15.82,30.0,1.0592979909263045,5.642116928358392,9.993901422423177,50,10.0,42.62122448979592,1.0,1.0,True,20,6,30,3699990498,a7efa0e180d3f502c93774531c9ed168c8ad97f46bfca246ba8b1925fc7e5e21,True,nomura_original_interval_hungarian,A2) Corr+DTW + Hungarian,False,500,500,0,0.0,500,499,0,0.998,0.998,0.06571858309713971,0.21769901084539708,381.426,417.30000000000007,113.44804374998785,500,0,0,0,0,1.0,0.0,0.0,0.0,0.0,1.0,28.65,0.0,0.0,0.0,0.0,0.0,,0.0,0.0,72.70160132300225,40.0706099504896,0.0,0.6728623095259536,113.4450735830178,72.70160132300225,0.6728623095259536
20260908_170955_253072,7c10f310757afff0281c7d59102a98ab5b24d276bea06c8399a914da503ce4cd,53,2187632444,1367392777,2187632444,13,500,50,60,5,30,10.0,120,current,Optimized Pattern Generator,dynamic_session,Dynamic Session Pattern Assignment,50,6,360,34c6276b3e2a0733fefbd4d9fadb5a6008b1fc0993db8b871536c13564e77c1f,2.0,15.82,30.0,1.0592979909263045,5.642116928358392,9.993901422423177,50,10.0,42.62122448979592,1.0,1.0,True,20,6,30,3699990498,a7efa0e180d3f502c93774531c9ed168c8ad97f46bfca246ba8b1925fc7e5e21,True,bayesian_windowed,A3) Two-Stage Bayesian Posterior + Hungarian,False,500,500,0,0.0,500,479,0,0.958,0.958,0.563755978211371,1.8966598055366186,381.426,417.30000000000007,87.27520233299583,500,0,0,0,0,1.0,0.0,0.0,0.0,0.0,1.0,28.65,0.0,0.0,0.0,0.0,0.0,,0.0,0.0,72.88280253528501,13.714644951338414,0.0,0.6747941803769208,87.27224166700034,72.88280253528501,0.6747941803769208
20260908_170955_253072,7c10f310757afff0281c7d59102a98ab5b24d276bea06c8399a914da503ce4cd,54,2187632445,1421914801,2187632445,14,500,50,60,5,30,10.0,120,current,Optimized Pattern Generator,dynamic_session,Dynamic Session Pattern Assignment,50,6,360,c49abb8811e92e8a28ab5d2128e2836be8c8f2c7fd769b51de6c1e4578c0fb6e,2.0,16.372,30.0,1.0502179141524395,5.351717946626221,9.990951499560719,50,10.0,43.797551020408164,1.0,1.0,True,20,6,30,3699990499,255e8d72b1bd94c8351dd9723d27c5c57103493ae8b12cca7fb109ffb9c13453,True,time_only_baseline,A0) Time Prior + Hungarian (Baseline),False,500,500,0,0.0,500,356,0,0.712,0.712,1.26740027466,8.90000026,381.894,418.0,71.83314033300849,500,0,0,0,0,1.0,0.0,0.0,0.0,0.0,1.0,28.73,0.0,0.0,0.0,0.0,0.0,,0.0,0.0,71.13731754061882,0.03866295350599103,0.0,0.6541813398653176,71.83016183399013,71.13731754061882,0.6541813398653176
20260908_170955_253072,7c10f310757afff0281c7d59102a98ab5b24d276bea06c8399a914da503ce4cd,54,2187632445,1233724817,2187632445,14,500,50,60,5,30,10.0,120,current,Optimized Pattern Generator,dynamic_session,Dynamic Session Pattern Assignment,50,6,360,c49abb8811e92e8a28ab5d2128e2836be8c8f2c7fd769b51de6c1e4578c0fb6e,2.0,16.372,30.0,1.0502179141524395,5.351717946626221,9.990951499560719,50,10.0,43.797551020408164,1.0,1.0,True,20,6,30,3699990499,255e8d72b1bd94c8351dd9723d27c5c57103493ae8b12cca7fb109ffb9c13453,True,single_only,A1) Refined Cost + Greedy 1:1,True,500,500,0,0.0,500,472,0,0.944,0.944,0.9102411148820727,2.6958821611837904,381.894,418.0,89.40271362502244,500,0,0,0,0,1.0,0.0,0.0,0.0,0.0,1.0,28.73,0.0,0.0,0.0,0.0,0.0,,0.0,0.0,72.90123304480221,15.84049691821565,0.0,0.6580480370030273,89.39977800002089,72.90123304480221,0.6580480370030273
20260908_170955_253072,7c10f310757afff0281c7d59102a98ab5b24d276bea06c8399a914da503ce4cd,54,2187632445,2184921364,2187632445,14,500,50,60,5,30,10.0,120,current,Optimized Pattern Generator,dynamic_session,Dynamic Session Pattern Assignment,50,6,360,c49abb8811e92e8a28ab5d2128e2836be8c8f2c7fd769b51de6c1e4578c0fb6e,2.0,16.372,30.0,1.0502179141524395,5.351717946626221,9.990951499560719,50,10.0,43.797551020408164,1.0,1.0,True,20,6,30,3699990499,255e8d72b1bd94c8351dd9723d27c5c57103493ae8b12cca7fb109ffb9c13453,True,nomura_original_interval_hungarian,A2) Corr+DTW + Hungarian,False,500,500,0,0.0,500,500,0,1.0,1.0,0.069081059612105,0.24034749506329578,381.894,418.0,113.91382291700575,500,0,0,0,0,1.0,0.0,0.0,0.0,0.0,1.0,28.73,0.0,0.0,0.0,0.0,0.0,,0.0,0.0,73.16652571069426,40.059355728386436,0.0,0.6849953939090483,113.91087683298974,73.16652571069426,0.6849953939090483
20260908_170955_253072,7c10f310757afff0281c7d59102a98ab5b24d276bea06c8399a914da503ce4cd,54,2187632445,1367392776,2187632445,14,500,50,60,5,30,10.0,120,current,Optimized Pattern Generator,dynamic_session,Dynamic Session Pattern Assignment,50,6,360,c49abb8811e92e8a28ab5d2128e2836be8c8f2c7fd769b51de6c1e4578c0fb6e,2.0,16.372,30.0,1.0502179141524395,5.351717946626221,9.990951499560719,50,10.0,43.797551020408164,1.0,1.0,True,20,6,30,3699990499,255e8d72b1bd94c8351dd9723d27c5c57103493ae8b12cca7fb109ffb9c13453,True,bayesian_windowed,A3) Two-Stage Bayesian Posterior + Hungarian,False,500,500,0,0.0,500,480,0,0.96,0.96,0.5300828078401003,1.7816203462790081,381.894,418.0,86.60337091700057,500,0,0,0,0,1.0,0.0,0.0,0.0,0.0,1.0,28.73,0.0,0.0,0.0,0.0,0.0,,0.0,0.0,72.28746726908139,13.633258820249466,0.0,0.6796557026682422,86.6003817919991,72.28746726908139,0.6796557026682422
20260908_170955_253072,7c10f310757afff0281c7d59102a98ab5b24d276bea06c8399a914da503ce4cd,55,2187632446,1421914802,2187632446,15,500,50,60,5,30,10.0,120,current,Optimized Pattern Generator,dynamic_session,Dynamic Session Pattern Assignment,50,6,360,2f17baaba513d0cc9cdfb58795da16c088617ea16dda395782540e943fc46c45,2.0,16.07,30.0,1.0086060662705272,5.38518982366245,9.987676154428195,50,11.0,41.926530612244896,1.0,1.0,True,20,6,30,3699990496,de4087356e30921a21cc778b9a601ae0cd91ec5e4a0bf5c7ee4db7145f76827b,True,time_only_baseline,A0) Time Prior + Hungarian (Baseline),False,500,500,0,0.0,500,365,0,0.73,0.73,1.22460027852,8.60000023,380.328,410.20000000000005,73.09553695900831,500,0,0,0,0,1.0,0.0,0.0,0.0,0.0,1.0,28.758,0.0,0.0,0.0,0.0,0.0,,0.0,0.0,72.36017821112182,0.04032953974092379,0.0,0.6921209151332732,73.09262866599602,72.36017821112182,0.6921209151332732
20260908_170955_253072,7c10f310757afff0281c7d59102a98ab5b24d276bea06c8399a914da503ce4cd,55,2187632446,1233724818,2187632446,15,500,50,60,5,30,10.0,120,current,Optimized Pattern Generator,dynamic_session,Dynamic Session Pattern Assignment,50,6,360,2f17baaba513d0cc9cdfb58795da16c088617ea16dda395782540e943fc46c45,2.0,16.07,30.0,1.0086060662705272,5.38518982366245,9.987676154428195,50,11.0,41.926530612244896,1.0,1.0,True,20,6,30,3699990496,de4087356e30921a21cc778b9a601ae0cd91ec5e4a0bf5c7ee4db7145f76827b,True,single_only,A1) Refined Cost + Greedy 1:1,True,500,500,0,0.0,500,478,0,0.956,0.956,0.9079594845622896,3.1268740137708484,380.328,410.20000000000005,90.03750679100631,500,0,0,0,0,1.0,0.0,0.0,0.0,0.0,1.0,28.758,0.0,0.0,0.0,0.0,0.0,,0.0,0.0,73.37125888795708,16.00709901735536,0.0,0.6560268446919508,90.03438475000439,73.37125888795708,0.6560268446919508
20260908_170955_253072,7c10f310757afff0281c7d59102a98ab5b24d276bea06c8399a914da503ce4cd,55,2187632446,2184921367,2187632446,15,500,50,60,5,30,10.0,120,current,Optimized Pattern Generator,dynamic_session,Dynamic Session Pattern Assignment,50,6,360,2f17baaba513d0cc9cdfb58795da16c088617ea16dda395782540e943fc46c45,2.0,16.07,30.0,1.0086060662705272,5.38518982366245,9.987676154428195,50,11.0,41.926530612244896,1.0,1.0,True,20,6,30,3699990496,de4087356e30921a21cc778b9a601ae0cd91ec5e4a0bf5c7ee4db7145f76827b,True,nomura_original_interval_hungarian,A2) Corr+DTW + Hungarian,False,500,500,0,0.0,500,500,0,1.0,1.0,0.060727650843089266,0.2042640568439917,380.328,410.20000000000005,112.81545941598597,500,0,0,0,0,1.0,0.0,0.0,0.0,0.0,1.0,28.758,0.0,0.0,0.0,0.0,0.0,,0.0,0.0,72.2792081188527,39.8492698801856,0.0,0.6838902509480249,112.81236824998632,72.2792081188527,0.6838902509480249
20260908_170955_253072,7c10f310757afff0281c7d59102a98ab5b24d276bea06c8399a914da503ce4cd,55,2187632446,1367392779,2187632446,15,500,50,60,5,30,10.0,120,current,Optimized Pattern Generator,dynamic_session,Dynamic Session Pattern Assignment,50,6,360,2f17baaba513d0cc9cdfb58795da16c088617ea16dda395782540e943fc46c45,2.0,16.07,30.0,1.0086060662705272,5.38518982366245,9.987676154428195,50,11.0,41.926530612244896,1.0,1.0,True,20,6,30,3699990496,de4087356e30921a21cc778b9a601ae0cd91ec5e4a0bf5c7ee4db7145f76827b,True,bayesian_windowed,A3) Two-Stage Bayesian Posterior + Hungarian,False,500,500,0,0.0,500,486,0,0.972,0.972,0.671629022520422,1.9877076412827004,380.328,410.20000000000005,86.42174787499243,500,0,0,0,0,1.0,0.0,0.0,0.0,0.0,1.0,28.758,0.0,0.0,0.0,0.0,0.0,,0.0,0.0,72.09782096403069,13.636944917379878,0.0,0.6840626605844591,86.41882854199503,72.09782096403069,0.6840626605844591
20260908_170955_253072,7c10f310757afff0281c7d59102a98ab5b24d276bea06c8399a914da503ce4cd,56,2187632447,1421914803,2187632447,16,500,50,60,5,30,10.0,120,current,Optimized Pattern Generator,dynamic_session,Dynamic Session Pattern Assignment,50,6,360,774157cdea6fb3d5a611c75a60242a4b1a59df81bc1ff98e0376fd332c6a403a,2.0,16.072,30.0,1.0723730022623013,5.431216643605511,9.986740538530407,50,6.0,41.31265306122449,1.0,1.0,True,20,6,30,3699990497,d88abbe284548ee341221b4a33d5b4f6e18734e0aec0e0bb57ca9cf1c1091bab,True,time_only_baseline,A0) Time Prior + Hungarian (Baseline),False,500,500,0,0.0,500,380,0,0.76,0.76,1.2294002621000002,8.800000390000001,381.682,418.1,70.75792866700795,500,0,0,0,0,1.0,0.0,0.0,0.0,0.0,1.0,27.642,0.0,0.0,0.0,0.0,0.0,,0.0,0.0,70.03813983305008,0.040038456732872874,0.0,0.6767329192080069,70.75491120899096,70.03813983305008,0.6767329192080069
20260908_170955_253072,7c10f310757afff0281c7d59102a98ab5b24d276bea06c8399a914da503ce4cd,56,2187632447,1233724819,2187632447,16,500,50,60,5,30,10.0,120,current,Optimized Pattern Generator,dynamic_session,Dynamic Session Pattern Assignment,50,6,360,774157cdea6fb3d5a611c75a60242a4b1a59df81bc1ff98e0376fd332c6a403a,2.0,16.072,30.0,1.0723730022623013,5.431216643605511,9.986740538530407,50,6.0,41.31265306122449,1.0,1.0,True,20,6,30,3699990497,d88abbe284548ee341221b4a33d5b4f6e18734e0aec0e0bb57ca9cf1c1091bab,True,single_only,A1) Refined Cost + Greedy 1:1,True,500,500,0,0.0,500,479,0,0.958,0.958,0.894513194526415,2.7203186813658573,381.682,418.1,85.82297391700558,500,0,0,0,0,1.0,0.0,0.0,0.0,0.0,1.0,27.642,0.0,0.0,0.0,0.0,0.0,,0.0,0.0,69.8330579950707,15.297263111249777,0.0,0.6896503526659217,85.8199714589864,69.8330579950707,0.6896503526659217
20260908_170955_253072,7c10f310757afff0281c7d59102a98ab5b24d276bea06c8399a914da503ce4cd,56,2187632447,2184921366,2187632447,16,500,50,60,5,30,10.0,120,current,Optimized Pattern Generator,dynamic_session,Dynamic Session Pattern Assignment,50,6,360,774157cdea6fb3d5a611c75a60242a4b1a59df81bc1ff98e0376fd332c6a403a,2.0,16.072,30.0,1.0723730022623013,5.431216643605511,9.986740538530407,50,6.0,41.31265306122449,1.0,1.0,True,20,6,30,3699990497,d88abbe284548ee341221b4a33d5b4f6e18734e0aec0e0bb57ca9cf1c1091bab,True,nomura_original_interval_hungarian,A2) Corr+DTW + Hungarian,False,500,500,0,0.0,500,500,0,1.0,1.0,0.06843012749757256,0.2293521157080872,381.682,418.1,108.6412937080022,500,0,0,0,0,1.0,0.0,0.0,0.0,0.0,1.0,27.642,0.0,0.0,0.0,0.0,0.0,,0.0,0.0,69.58413723783451,38.39273423899431,0.0,0.6613786481902935,108.63825012501911,69.58413723783451,0.6613786481902935
20260908_170955_253072,7c10f310757afff0281c7d59102a98ab5b24d276bea06c8399a914da503ce4cd,56,2187632447,1367392778,2187632447,16,500,50,60,5,30,10.0,120,current,Optimized Pattern Generator,dynamic_session,Dynamic Session Pattern Assignment,50,6,360,774157cdea6fb3d5a611c75a60242a4b1a59df81bc1ff98e0376fd332c6a403a,2.0,16.072,30.0,1.0723730022623013,5.431216643605511,9.986740538530407,50,6.0,41.31265306122449,1.0,1.0,True,20,6,30,3699990497,d88abbe284548ee341221b4a33d5b4f6e18734e0aec0e0bb57ca9cf1c1091bab,True,bayesian_windowed,A3) Two-Stage Bayesian Posterior + Hungarian,False,500,500,0,0.0,500,485,0,0.97,0.97,0.5198662672364256,1.8054223659700526,381.682,418.1,83.72992366700782,500,0,0,0,0,1.0,0.0,0.0,0.0,0.0,1.0,27.642,0.0,0.0,0.0,0.0,0.0,,0.0,0.0,69.81663524714531,13.220948285015766,0.0,0.6894160928495694,83.72699962501065,69.81663524714531,0.6894160928495694
20260908_170955_253072,7c10f310757afff0281c7d59102a98ab5b24d276bea06c8399a914da503ce4cd,57,2187632448,1421914828,2187632448,17,500,50,60,5,30,10.0,120,current,Optimized Pattern Generator,dynamic_session,Dynamic Session Pattern Assignment,50,6,360,d6652928e040d9ae4831329f107ce1f9951cfe4818d549038e27d242ad353a38,2.0,15.498,30.0,1.029537571489361,5.681693373620916,9.993781603863424,50,8.0,42.499591836734695,1.0,1.0,True,20,6,30,3699990430,0e3cfd74a734423474d2e0d3784b240f53abda87e07d21da43a2fd6a2463fff0,True,time_only_baseline,A0) Time Prior + Hungarian (Baseline),False,500,500,0,0.0,500,367,0,0.734,0.734,1.1064002672200002,8.700000160000002,378.698,396.1,72.37614129099529,500,0,0,0,0,1.0,0.0,0.0,0.0,0.0,1.0,28.55,0.0,0.0,0.0,0.0,0.0,,0.0,0.0,71.67070596074336,0.03973191507975571,0.0,0.6628000411728863,72.373237916996,71.67070596074336,0.6628000411728863
20260908_170955_253072,7c10f310757afff0281c7d59102a98ab5b24d276bea06c8399a914da503ce4cd,57,2187632448,1233724908,2187632448,17,500,50,60,5,30,10.0,120,current,Optimized Pattern Generator,dynamic_session,Dynamic Session Pattern Assignment,50,6,360,d6652928e040d9ae4831329f107ce1f9951cfe4818d549038e27d242ad353a38,2.0,15.498,30.0,1.029537571489361,5.681693373620916,9.993781603863424,50,8.0,42.499591836734695,1.0,1.0,True,20,6,30,3699990430,0e3cfd74a734423474d2e0d3784b240f53abda87e07d21da43a2fd6a2463fff0,True,single_only,A1) Refined Cost + Greedy 1:1,True,500,500,0,0.0,500,476,0,0.952,0.952,0.9178889371067797,3.1340915729760184,378.698,396.1,88.49153295799624,500,0,0,0,0,1.0,0.0,0.0,0.0,0.0,1.0,28.55,0.0,0.0,0.0,0.0,0.0,,0.0,0.0,72.09445700596552,15.729865650442662,0.0,0.664378010580549,88.48870066698873,72.09445700596552,0.664378010580549
20260908_170955_253072,7c10f310757afff0281c7d59102a98ab5b24d276bea06c8399a914da503ce4cd,57,2187632448,2184921449,2187632448,17,500,50,60,5,30,10.0,120,current,Optimized Pattern Generator,dynamic_session,Dynamic Session Pattern Assignment,50,6,360,d6652928e040d9ae4831329f107ce1f9951cfe4818d549038e27d242ad353a38,2.0,15.498,30.0,1.029537571489361,5.681693373620916,9.993781603863424,50,8.0,42.499591836734695,1.0,1.0,True,20,6,30,3699990430,0e3cfd74a734423474d2e0d3784b240f53abda87e07d21da43a2fd6a2463fff0,True,nomura_original_interval_hungarian,A2) Corr+DTW + Hungarian,False,500,500,0,0.0,500,499,0,0.998,0.998,0.07237522256217553,0.2549002827977476,378.698,396.1,112.32324304201757,500,0,0,0,0,1.0,0.0,0.0,0.0,0.0,1.0,28.55,0.0,0.0,0.0,0.0,0.0,,0.0,0.0,71.89144150086213,39.762684575194726,0.0,0.6663103399623651,112.32043641601922,71.89144150086213,0.6663103399623651
20260908_170955_253072,7c10f310757afff0281c7d59102a98ab5b24d276bea06c8399a914da503ce4cd,57,2187632448,1367392885,2187632448,17,500,50,60,5,30,10.0,120,current,Optimized Pattern Generator,dynamic_session,Dynamic Session Pattern Assignment,50,6,360,d6652928e040d9ae4831329f107ce1f9951cfe4818d549038e27d242ad353a38,2.0,15.498,30.0,1.029537571489361,5.681693373620916,9.993781603863424,50,8.0,42.499591836734695,1.0,1.0,True,20,6,30,3699990430,0e3cfd74a734423474d2e0d3784b240f53abda87e07d21da43a2fd6a2463fff0,True,bayesian_windowed,A3) Two-Stage Bayesian Posterior + Hungarian,False,500,500,0,0.0,500,484,0,0.968,0.968,0.5514691641176904,1.7699264847284588,378.698,396.1,86.63131866700132,500,0,0,0,0,1.0,0.0,0.0,0.0,0.0,1.0,28.55,0.0,0.0,0.0,0.0,0.0,,0.0,0.0,72.27525104151573,13.691295284923399,0.0,0.6618760075652972,86.62842233400443,72.27525104151573,0.6618760075652972
20260908_170955_253072,7c10f310757afff0281c7d59102a98ab5b24d276bea06c8399a914da503ce4cd,58,2187632449,1421914829,2187632449,18,500,50,60,5,30,10.0,120,current,Optimized Pattern Generator,dynamic_session,Dynamic Session Pattern Assignment,50,6,360,d91a9bd76fe146063171a1ebbcd46ef12f20fb605002b1cf9a8edf4379d64f53,2.0,15.77,30.0,1.012369715121991,5.42412494587541,9.991383400844702,50,8.0,40.55183673469388,1.0,1.0,True,20,6,30,3699990431,7d56a06cd25442852600eb14edbcf344210c461b39fab0d54215e71526fd4faf,True,time_only_baseline,A0) Time Prior + Hungarian (Baseline),False,500,500,0,0.0,500,336,0,0.672,0.672,1.15300027944,7.600000370000001,380.738,413.20000000000005,70.74111104098847,500,0,0,0,0,1.0,0.0,0.0,0.0,0.0,1.0,27.744,0.0,0.0,0.0,0.0,0.0,,0.0,0.0,70.02062069205567,0.039613620087038726,0.0,0.6778789378586225,70.73811325000133,70.02062069205567,0.6778789378586225
20260908_170955_253072,7c10f310757afff0281c7d59102a98ab5b24d276bea06c8399a914da503ce4cd,58,2187632449,1233724909,2187632449,18,500,50,60,5,30,10.0,120,current,Optimized Pattern Generator,dynamic_session,Dynamic Session Pattern Assignment,50,6,360,d91a9bd76fe146063171a1ebbcd46ef12f20fb605002b1cf9a8edf4379d64f53,2.0,15.77,30.0,1.012369715121991,5.42412494587541,9.991383400844702,50,8.0,40.55183673469388,1.0,1.0,True,20,6,30,3699990431,7d56a06cd25442852600eb14edbcf344210c461b39fab0d54215e71526fd4faf,True,single_only,A1) Refined Cost + Greedy 1:1,True,500,500,0,0.0,500,471,0,0.942,0.942,0.9031910229786105,3.274638546274292,380.738,413.20000000000005,85.928003582987,500,0,0,0,0,1.0,0.0,0.0,0.0,0.0,1.0,27.744,0.0,0.0,0.0,0.0,0.0,,0.0,0.0,69.96446145372465,15.300701790984021,0.0,0.6599533382977825,85.92511658300646,69.96446145372465,0.6599533382977825
20260908_170955_253072,7c10f310757afff0281c7d59102a98ab5b24d276bea06c8399a914da503ce4cd,58,2187632449,2184921448,2187632449,18,500,50,60,5,30,10.0,120,current,Optimized Pattern Generator,dynamic_session,Dynamic Session Pattern Assignment,50,6,360,d91a9bd76fe146063171a1ebbcd46ef12f20fb605002b1cf9a8edf4379d64f53,2.0,15.77,30.0,1.012369715121991,5.42412494587541,9.991383400844702,50,8.0,40.55183673469388,1.0,1.0,True,20,6,30,3699990431,7d56a06cd25442852600eb14edbcf344210c461b39fab0d54215e71526fd4faf,True,nomura_original_interval_hungarian,A2) Corr+DTW + Hungarian,False,500,500,0,0.0,500,500,0,1.0,1.0,0.06598171714097624,0.2393398961382933,380.738,413.20000000000005,109.93391716698534,500,0,0,0,0,1.0,0.0,0.0,0.0,0.0,1.0,27.744,0.0,0.0,0.0,0.0,0.0,,0.0,0.0,70.49922178091947,38.75456369295716,0.0,0.6773296511382796,109.93111512501491,70.49922178091947,0.6773296511382796
20260908_170955_253072,7c10f310757afff0281c7d59102a98ab5b24d276bea06c8399a914da503ce4cd,58,2187632449,1367392884,2187632449,18,500,50,60,5,30,10.0,120,current,Optimized Pattern Generator,dynamic_session,Dynamic Session Pattern Assignment,50,6,360,d91a9bd76fe146063171a1ebbcd46ef12f20fb605002b1cf9a8edf4379d64f53,2.0,15.77,30.0,1.012369715121991,5.42412494587541,9.991383400844702,50,8.0,40.55183673469388,1.0,1.0,True,20,6,30,3699990431,7d56a06cd25442852600eb14edbcf344210c461b39fab0d54215e71526fd4faf,True,bayesian_windowed,A3) Two-Stage Bayesian Posterior + Hungarian,False,500,500,0,0.0,500,479,0,0.958,0.958,0.6029614118410989,2.0458485754398903,380.738,413.20000000000005,83.0724656250095,500,0,0,0,0,1.0,0.0,0.0,0.0,0.0,1.0,27.744,0.0,0.0,0.0,0.0,0.0,,0.0,0.0,69.27390650095185,13.139298333699116,0.0,0.6562320403463673,83.06943687499734,69.27390650095185,0.6562320403463673
20260908_170955_253072,7c10f310757afff0281c7d59102a98ab5b24d276bea06c8399a914da503ce4cd,59,2187632450,1421914830,2187632450,19,500,50,60,5,30,10.0,120,current,Optimized Pattern Generator,dynamic_session,Dynamic Session Pattern Assignment,50,6,360,7bf50120f739aa200aab60e1be7fc7c2381821a24c3ba6b6f9c07bb0698829a4,2.0,16.368,30.0,1.0189027641370663,5.504408132983752,9.998429996760095,50,7.0,41.12244897959184,1.0,1.0,True,20,6,30,3699990428,de4a53f6f49f12e6ebac885d01b248d6e0b4639b053f87dfecbaf580da212b3e,True,time_only_baseline,A0) Time Prior + Hungarian (Baseline),False,500,500,0,0.0,500,346,0,0.692,0.692,1.22480029148,9.200000070000002,381.75,416.0,72.60768841701793,500,0,0,0,0,1.0,0.0,0.0,0.0,0.0,1.0,28.56,0.0,0.0,0.0,0.0,0.0,,0.0,0.0,71.89134237682447,0.04007529839873314,0.0,0.6733650747919455,72.60478275001515,71.89134237682447,0.6733650747919455
20260908_170955_253072,7c10f310757afff0281c7d59102a98ab5b24d276bea06c8399a914da503ce4cd,59,2187632450,1233724910,2187632450,19,500,50,60,5,30,10.0,120,current,Optimized Pattern Generator,dynamic_session,Dynamic Session Pattern Assignment,50,6,360,7bf50120f739aa200aab60e1be7fc7c2381821a24c3ba6b6f9c07bb0698829a4,2.0,16.368,30.0,1.0189027641370663,5.504408132983752,9.998429996760095,50,7.0,41.12244897959184,1.0,1.0,True,20,6,30,3699990428,de4a53f6f49f12e6ebac885d01b248d6e0b4639b053f87dfecbaf580da212b3e,True,single_only,A1) Refined Cost + Greedy 1:1,True,500,500,0,0.0,500,478,0,0.956,0.956,0.9439393379743427,3.105845188990416,381.75,416.0,88.40985100000398,500,0,0,0,0,1.0,0.0,0.0,0.0,0.0,1.0,28.56,0.0,0.0,0.0,0.0,0.0,,0.0,0.0,71.96350363557576,15.755760328815086,0.0,0.6875524105853401,88.40681637497619,71.96350363557576,0.6875524105853401
20260908_170955_253072,7c10f310757afff0281c7d59102a98ab5b24d276bea06c8399a914da503ce4cd,59,2187632450,2184921451,2187632450,19,500,50,60,5,30,10.0,120,current,Optimized Pattern Generator,dynamic_session,Dynamic Session Pattern Assignment,50,6,360,7bf50120f739aa200aab60e1be7fc7c2381821a24c3ba6b6f9c07bb0698829a4,2.0,16.368,30.0,1.0189027641370663,5.504408132983752,9.998429996760095,50,7.0,41.12244897959184,1.0,1.0,True,20,6,30,3699990428,de4a53f6f49f12e6ebac885d01b248d6e0b4639b053f87dfecbaf580da212b3e,True,nomura_original_interval_hungarian,A2) Corr+DTW + Hungarian,False,500,500,0,0.0,500,500,0,1.0,1.0,0.06453272544300523,0.2066694898918362,381.75,416.0,112.7065402920125,500,0,0,0,0,1.0,0.0,0.0,0.0,0.0,1.0,28.56,0.0,0.0,0.0,0.0,0.0,,0.0,0.0,72.21972737731994,39.80460033993586,0.0,0.6793034907313995,112.7036312079872,72.21972737731994,0.6793034907313995
20260908_170955_253072,7c10f310757afff0281c7d59102a98ab5b24d276bea06c8399a914da503ce4cd,59,2187632450,1367392887,2187632450,19,500,50,60,5,30,10.0,120,current,Optimized Pattern Generator,dynamic_session,Dynamic Session Pattern Assignment,50,6,360,7bf50120f739aa200aab60e1be7fc7c2381821a24c3ba6b6f9c07bb0698829a4,2.0,16.368,30.0,1.0189027641370663,5.504408132983752,9.998429996760095,50,7.0,41.12244897959184,1.0,1.0,True,20,6,30,3699990428,de4a53f6f49f12e6ebac885d01b248d6e0b4639b053f87dfecbaf580da212b3e,True,bayesian_windowed,A3) Two-Stage Bayesian Posterior + Hungarian,False,500,500,0,0.0,500,484,0,0.968,0.968,0.5777369873522751,2.1116270653265956,381.75,416.0,86.32825404198957,500,0,0,0,0,1.0,0.0,0.0,0.0,0.0,1.0,28.56,0.0,0.0,0.0,0.0,0.0,,0.0,0.0,72.03678135981318,13.611309577099746,0.0,0.6772659380803816,86.3253568749933,72.03678135981318,0.6772659380803816
20260908_170955_253072,7c10f310757afff0281c7d59102a98ab5b24d276bea06c8399a914da503ce4cd,60,2187632451,1421914831,2187632451,20,500,50,60,5,30,10.0,120,current,Optimized Pattern Generator,dynamic_session,Dynamic Session Pattern Assignment,50,6,360,b4ef2b78af2e11f5072cd6e9859ac14cb3c93f69493395fd76280d8799980c62,2.0,16.248,30.0,1.026113628338038,5.464500614719009,9.993293659760177,50,5.0,42.17632653061224,1.0,1.0,True,20,6,30,3699990429,dd798ffe7d50c45be36fc6663d24e30ed378d9950f5e367811db3ad01322bc68,True,time_only_baseline,A0) Time Prior + Hungarian (Baseline),False,500,500,0,0.0,500,388,0,0.776,0.776,1.2062002681600001,7.50000024,380.026,409.1,71.48902920799446,500,0,0,0,0,1.0,0.0,0.0,0.0,0.0,1.0,28.19,0.0,0.0,0.0,0.0,0.0,,0.0,0.0,70.7537387595221,0.03905690973624587,0.0,0.693345913750818,71.48614158300916,70.7537387595221,0.693345913750818
20260908_170955_253072,7c10f310757afff0281c7d59102a98ab5b24d276bea06c8399a914da503ce4cd,60,2187632451,1233724911,2187632451,20,500,50,60,5,30,10.0,120,current,Optimized Pattern Generator,dynamic_session,Dynamic Session Pattern Assignment,50,6,360,b4ef2b78af2e11f5072cd6e9859ac14cb3c93f69493395fd76280d8799980c62,2.0,16.248,30.0,1.026113628338038,5.464500614719009,9.993293659760177,50,5.0,42.17632653061224,1.0,1.0,True,20,6,30,3699990429,dd798ffe7d50c45be36fc6663d24e30ed378d9950f5e367811db3ad01322bc68,True,single_only,A1) Refined Cost + Greedy 1:1,True,500,500,0,0.0,500,471,0,0.942,0.942,0.9235393509056163,3.1097299357151,380.026,409.1,87.81629774998873,500,0,0,0,0,1.0,0.0,0.0,0.0,0.0,1.0,28.19,0.0,0.0,0.0,0.0,0.0,,0.0,0.0,71.55544092692435,15.584218620148022,0.0,0.6738328279170673,87.81349237498944,71.55544092692435,0.6738328279170673
20260908_170955_253072,7c10f310757afff0281c7d59102a98ab5b24d276bea06c8399a914da503ce4cd,60,2187632451,2184921450,2187632451,20,500,50,60,5,30,10.0,120,current,Optimized Pattern Generator,dynamic_session,Dynamic Session Pattern Assignment,50,6,360,b4ef2b78af2e11f5072cd6e9859ac14cb3c93f69493395fd76280d8799980c62,2.0,16.248,30.0,1.026113628338038,5.464500614719009,9.993293659760177,50,5.0,42.17632653061224,1.0,1.0,True,20,6,30,3699990429,dd798ffe7d50c45be36fc6663d24e30ed378d9950f5e367811db3ad01322bc68,True,nomura_original_interval_hungarian,A2) Corr+DTW + Hungarian,False,500,500,0,0.0,500,499,0,0.998,0.998,0.06642814458965614,0.2789056583125223,380.026,409.1,110.7470458750031,500,0,0,0,0,1.0,0.0,0.0,0.0,0.0,1.0,28.19,0.0,0.0,0.0,0.0,0.0,,0.0,0.0,71.16743941514869,38.917082122992724,0.0,0.6595722948841285,110.74409383302554,71.16743941514869,0.6595722948841285
20260908_170955_253072,7c10f310757afff0281c7d59102a98ab5b24d276bea06c8399a914da503ce4cd,60,2187632451,1367392886,2187632451,20,500,50,60,5,30,10.0,120,current,Optimized Pattern Generator,dynamic_session,Dynamic Session Pattern Assignment,50,6,360,b4ef2b78af2e11f5072cd6e9859ac14cb3c93f69493395fd76280d8799980c62,2.0,16.248,30.0,1.026113628338038,5.464500614719009,9.993293659760177,50,5.0,42.17632653061224,1.0,1.0,True,20,6,30,3699990429,dd798ffe7d50c45be36fc6663d24e30ed378d9950f5e367811db3ad01322bc68,True,bayesian_windowed,A3) Two-Stage Bayesian Posterior + Hungarian,False,500,500,0,0.0,500,478,0,0.956,0.956,0.5649848461784052,1.9619400747099738,380.026,409.1,85.48122033302207,500,0,0,0,0,1.0,0.0,0.0,0.0,0.0,1.0,28.19,0.0,0.0,0.0,0.0,0.0,,0.0,0.0,71.35336083031143,13.45549054077128,0.0,0.6695443789358251,85.47839575001854,71.35336083031143,0.6695443789358251
