run_id,config_hash,scenario_id,scenario_seed,algo_seed,seed,repeat_idx,ev_count,evse_count,tau_s,charger_sample_s,ev_sample_s,matcher_delay_max_s,candidate_margin_s,pattern_mode,pattern_mode_label,pattern_assignment_mode,pattern_assignment_mode_label,pattern_unique_count,command_step_count,window_s,scenario_hash,ingest_seed,ingestion_signature_sha256,ingestion_signature_match_ref,algorithm_id,algorithm_label,is_current,requested_evs,admitted_evs,blocked_evs,blocked_ratio,total_evs,correct,unmatched,accuracy,accuracy_requested,avg_cost,max_cost,avg_latency_s,p90_latency_s,assignment_runtime_s,window_watermark_count,session_end_before_watermark_count,session_end_fallback_count,timeline_end_fallback_count,fallback_finalized_count,window_watermark_ratio,session_end_before_watermark_ratio,session_end_fallback_ratio,timeline_end_fallback_ratio,fallback_finalized_ratio,gt_in_candidates_ratio,avg_candidates_per_ev,no_candidate_rows_total,fallback_to_all_rows_total,gt_recovered_by_fallback_count,no_candidate_rows_ratio,fallback_to_all_rows_ratio,gt_recovered_by_fallback_ratio,candidate_query_lead_max_s,candidate_future_query_violation_count,runtime_s_candidate_build,runtime_s_assignment,runtime_s_fallback,runtime_s_other,runtime_s_total,runtime_s_cost,runtime_s_loop
20260703_185002_516173,b0da4d9216a2bbfcc818675c756bd436b7c3e50f537880fa75c56fd8774d8151,1,2187632392,1233724836,2187632392,1,100,50,60,5,30,10.0,120,current,Optimized Pattern Generator,dynamic_session,Dynamic Session Pattern Assignment,50,6,360,cfe39e2dc1b283972ccb70d52afae3c544f5be6666bed08a375680cb9f51068c,3699990486,76b33b052db4827419570ded1226b35fb0f48f0838e7200b5a90b517c9786254,True,single_only,A1) Refined Cost + Greedy 1:1,True,100,100,0,0.0,100,100,0,1.0,1.0,1.0046469179467448,3.390044485358018,378.1,395.1,3.6738815830030944,100,0,0,0,0,1.0,0.0,0.0,0.0,0.0,1.0,6.2,0.0,0.0,0.0,0.0,0.0,,0.0,0.0,2.963893713982543,0.5821871220177854,0.0,0.1270092470003874,3.673090083000716,2.963893713982543,0.1270092470003874
20260703_185002_516173,b0da4d9216a2bbfcc818675c756bd436b7c3e50f537880fa75c56fd8774d8151,1,2187632392,1545686430,2187632392,1,100,50,60,5,30,10.0,120,current,Optimized Pattern Generator,dynamic_session,Dynamic Session Pattern Assignment,50,6,360,cfe39e2dc1b283972ccb70d52afae3c544f5be6666bed08a375680cb9f51068c,3699990486,76b33b052db4827419570ded1226b35fb0f48f0838e7200b5a90b517c9786254,True,single_only_dtw_off,A1 Ablation) DTW Off,False,100,100,0,0.0,100,99,0,0.99,0.99,0.7947669050666668,2.1700000500000005,378.1,395.1,3.257911665998108,100,0,0,0,0,1.0,0.0,0.0,0.0,0.0,1.0,6.2,0.0,0.0,0.0,0.0,0.0,,0.0,0.0,2.6179777559809736,0.5160460400293232,0.0,0.12318687098741066,3.2572106669977074,2.6179777559809736,0.12318687098741066
20260703_185002_516173,b0da4d9216a2bbfcc818675c756bd436b7c3e50f537880fa75c56fd8774d8151,1,2187632392,866312302,2187632392,1,100,50,60,5,30,10.0,120,current,Optimized Pattern Generator,dynamic_session,Dynamic Session Pattern Assignment,50,6,360,cfe39e2dc1b283972ccb70d52afae3c544f5be6666bed08a375680cb9f51068c,3699990486,76b33b052db4827419570ded1226b35fb0f48f0838e7200b5a90b517c9786254,True,single_only_step_off,A1 Ablation) Step Signature Off,False,100,100,0,0.0,100,98,0,0.98,0.98,0.20403660305407775,1.166980272542055,378.1,395.1,2.6838069169971277,100,0,0,0,0,1.0,0.0,0.0,0.0,0.0,1.0,6.2,0.0,0.0,0.0,0.0,0.0,,0.0,0.0,2.144255665021774,0.4362475770030869,0.0,0.10265329897083575,2.6831565409956966,2.144255665021774,0.10265329897083575
20260703_185002_516173,b0da4d9216a2bbfcc818675c756bd436b7c3e50f537880fa75c56fd8774d8151,1,2187632392,1815193658,2187632392,1,100,50,60,5,30,10.0,120,current,Optimized Pattern Generator,dynamic_session,Dynamic Session Pattern Assignment,50,6,360,cfe39e2dc1b283972ccb70d52afae3c544f5be6666bed08a375680cb9f51068c,3699990486,76b33b052db4827419570ded1226b35fb0f48f0838e7200b5a90b517c9786254,True,single_only_all_off,A1 Ablation) All Waveform Terms Off,False,100,100,0,0.0,100,92,0,0.92,0.92,1.2360002426,7.300000460000001,378.1,395.1,2.2720007919997443,100,0,0,0,0,1.0,0.0,0.0,0.0,0.0,1.0,6.2,0.0,0.0,0.0,0.0,0.0,,0.0,0.0,2.162550712986558,0.003127744988887571,0.0,0.10564979202172253,2.2713282499971683,2.162550712986558,0.10564979202172253
20260703_185002_516173,b0da4d9216a2bbfcc818675c756bd436b7c3e50f537880fa75c56fd8774d8151,1,2187632392,2184921377,2187632392,1,100,50,60,5,30,10.0,120,current,Optimized Pattern Generator,dynamic_session,Dynamic Session Pattern Assignment,50,6,360,cfe39e2dc1b283972ccb70d52afae3c544f5be6666bed08a375680cb9f51068c,3699990486,76b33b052db4827419570ded1226b35fb0f48f0838e7200b5a90b517c9786254,True,nomura_original_interval_hungarian,A2) Corr+DTW + Hungarian,False,100,100,0,0.0,100,98,0,0.98,0.98,0.0813810184555849,0.41771453380387785,378.1,395.1,3.546737625001697,100,0,0,0,0,1.0,0.0,0.0,0.0,0.0,1.0,6.2,0.0,0.0,0.0,0.0,0.0,,0.0,0.0,2.3284829600015655,1.1036761220093467,0.0,0.11389729298389284,3.546056374994805,2.3284829600015655,0.11389729298389284
20260703_185002_516173,b0da4d9216a2bbfcc818675c756bd436b7c3e50f537880fa75c56fd8774d8151,1,2187632392,2176353867,2187632392,1,100,50,60,5,30,10.0,120,current,Optimized Pattern Generator,dynamic_session,Dynamic Session Pattern Assignment,50,6,360,cfe39e2dc1b283972ccb70d52afae3c544f5be6666bed08a375680cb9f51068c,3699990486,76b33b052db4827419570ded1226b35fb0f48f0838e7200b5a90b517c9786254,True,nomura_original_interval_hungarian_dtw_off,A2 Ablation) DTW Off (Corr-only),False,100,100,0,0.0,100,99,0,0.99,0.99,0.08031832068694018,0.36019135011818,378.1,395.1,3.3452942919975612,100,0,0,0,0,1.0,0.0,0.0,0.0,0.0,1.0,6.2,0.0,0.0,0.0,0.0,0.0,,0.0,0.0,2.167353545955848,1.0798974130302668,0.0,0.09735666601773119,3.344607625003846,2.167353545955848,0.09735666601773119
20260703_185002_516173,b0da4d9216a2bbfcc818675c756bd436b7c3e50f537880fa75c56fd8774d8151,1,2187632392,1055930919,2187632392,1,100,50,60,5,30,10.0,120,current,Optimized Pattern Generator,dynamic_session,Dynamic Session Pattern Assignment,50,6,360,cfe39e2dc1b283972ccb70d52afae3c544f5be6666bed08a375680cb9f51068c,3699990486,76b33b052db4827419570ded1226b35fb0f48f0838e7200b5a90b517c9786254,True,nomura_original_interval_hungarian_corr_off,A2 Ablation) Corr Off (DTW-only),False,100,100,0,0.0,100,98,0,0.98,0.98,2.439e-07,4.9e-07,378.1,395.1,3.409534500002337,100,0,0,0,0,1.0,0.0,0.0,0.0,0.0,1.0,6.2,0.0,0.0,0.0,0.0,0.0,,0.0,0.0,2.211264662008034,1.0968096269934904,0.0,0.10077221099345479,3.4088464999949792,2.211264662008034,0.10077221099345479
20260703_185002_516173,b0da4d9216a2bbfcc818675c756bd436b7c3e50f537880fa75c56fd8774d8151,1,2187632392,542446156,2187632392,1,100,50,60,5,30,10.0,120,current,Optimized Pattern Generator,dynamic_session,Dynamic Session Pattern Assignment,50,6,360,cfe39e2dc1b283972ccb70d52afae3c544f5be6666bed08a375680cb9f51068c,3699990486,76b33b052db4827419570ded1226b35fb0f48f0838e7200b5a90b517c9786254,True,nomura_original_interval_hungarian_all_off,A2 Ablation) All Waveform Terms Off,False,100,100,0,0.0,100,92,0,0.92,0.92,1.2360002426,7.300000460000001,378.1,395.1,2.2361912920023315,100,0,0,0,0,1.0,0.0,0.0,0.0,0.0,1.0,6.2,0.0,0.0,0.0,0.0,0.0,,0.0,0.0,2.132308712010854,0.0029737499717157334,0.0,0.10020320501644164,2.2354856669990113,2.132308712010854,0.10020320501644164
20260703_185002_516173,b0da4d9216a2bbfcc818675c756bd436b7c3e50f537880fa75c56fd8774d8151,1,2187632392,1367392829,2187632392,1,100,50,60,5,30,10.0,120,current,Optimized Pattern Generator,dynamic_session,Dynamic Session Pattern Assignment,50,6,360,cfe39e2dc1b283972ccb70d52afae3c544f5be6666bed08a375680cb9f51068c,3699990486,76b33b052db4827419570ded1226b35fb0f48f0838e7200b5a90b517c9786254,True,bayesian_windowed,A3) Bayesian Posterior + Hungarian + Lock,False,100,100,0,0.0,100,100,0,1.0,1.0,0.14079649427457108,0.8370376441255862,378.1,395.1,2.6282738750014687,100,0,0,0,0,1.0,0.0,0.0,0.0,0.0,1.0,6.2,0.0,0.0,0.0,0.0,0.0,,0.0,0.0,2.131020411005011,0.3972604609662085,0.0,0.09936904502683319,2.6276499169980525,2.131020411005011,0.09936904502683319
20260703_185002_516173,b0da4d9216a2bbfcc818675c756bd436b7c3e50f537880fa75c56fd8774d8151,1,2187632392,1856414638,2187632392,1,100,50,60,5,30,10.0,120,current,Optimized Pattern Generator,dynamic_session,Dynamic Session Pattern Assignment,50,6,360,cfe39e2dc1b283972ccb70d52afae3c544f5be6666bed08a375680cb9f51068c,3699990486,76b33b052db4827419570ded1226b35fb0f48f0838e7200b5a90b517c9786254,True,bayesian_windowed_lock_off,A3 Ablation) Lock Off,False,100,100,0,0.0,100,100,0,1.0,1.0,0.14093939781440415,0.8370376441255862,378.1,395.1,2.252719458003412,100,0,0,0,0,1.0,0.0,0.0,0.0,0.0,1.0,6.2,0.0,0.0,0.0,0.0,0.0,,0.0,0.0,1.8123724150136695,0.3382468330237316,0.0,0.10148850196128478,2.252107749998686,1.8123724150136695,0.10148850196128478
20260703_185002_516173,b0da4d9216a2bbfcc818675c756bd436b7c3e50f537880fa75c56fd8774d8151,1,2187632392,1977915819,2187632392,1,100,50,60,5,30,10.0,120,current,Optimized Pattern Generator,dynamic_session,Dynamic Session Pattern Assignment,50,6,360,cfe39e2dc1b283972ccb70d52afae3c544f5be6666bed08a375680cb9f51068c,3699990486,76b33b052db4827419570ded1226b35fb0f48f0838e7200b5a90b517c9786254,True,bayesian_windowed_memory_off,A3 Ablation) Posterior Memory Off,False,100,100,0,0.0,100,100,0,1.0,1.0,0.26251448578048675,1.0543771758689564,378.1,395.1,2.413872249999258,100,0,0,0,0,1.0,0.0,0.0,0.0,0.0,1.0,6.2,0.0,0.0,0.0,0.0,0.0,,0.0,0.0,1.9751197390141897,0.3525282460395829,0.0,0.0856279729414382,2.4132759579952108,1.9751197390141897,0.0856279729414382
20260703_185002_516173,b0da4d9216a2bbfcc818675c756bd436b7c3e50f537880fa75c56fd8774d8151,1,2187632392,2395032859,2187632392,1,100,50,60,5,30,10.0,120,current,Optimized Pattern Generator,dynamic_session,Dynamic Session Pattern Assignment,50,6,360,cfe39e2dc1b283972ccb70d52afae3c544f5be6666bed08a375680cb9f51068c,3699990486,76b33b052db4827419570ded1226b35fb0f48f0838e7200b5a90b517c9786254,True,bayesian_windowed_timeprior_off,A3 Ablation) Time Prior Off,False,100,100,0,0.0,100,100,0,1.0,1.0,0.1424885826309341,0.8370376441255862,378.1,395.1,2.322447791004379,100,0,0,0,0,1.0,0.0,0.0,0.0,0.0,1.0,6.2,0.0,0.0,0.0,0.0,0.0,,0.0,0.0,1.8898340859668679,0.3485172889777459,0.0,0.08347691705421312,2.321828291998827,1.8898340859668679,0.08347691705421312
20260703_185002_516173,b0da4d9216a2bbfcc818675c756bd436b7c3e50f537880fa75c56fd8774d8151,1,2187632392,433795949,2187632392,1,100,50,60,5,30,10.0,120,current,Optimized Pattern Generator,dynamic_session,Dynamic Session Pattern Assignment,50,6,360,cfe39e2dc1b283972ccb70d52afae3c544f5be6666bed08a375680cb9f51068c,3699990486,76b33b052db4827419570ded1226b35fb0f48f0838e7200b5a90b517c9786254,True,bayesian_windowed_all_off,A3 Ablation) Time Prior + Memory + Lock Off,False,100,100,0,0.0,100,100,0,1.0,1.0,0.263493648480995,1.0543771758689564,378.1,395.1,2.317543624994869,100,0,0,0,0,1.0,0.0,0.0,0.0,0.0,1.0,6.2,0.0,0.0,0.0,0.0,0.0,,0.0,0.0,1.8752091229980579,0.3500561210239539,0.0,0.09158900597685715,2.316854249998869,1.8752091229980579,0.09158900597685715
20260703_185002_516173,b0da4d9216a2bbfcc818675c756bd436b7c3e50f537880fa75c56fd8774d8151,2,2187632393,1233724837,2187632393,2,100,50,60,5,30,10.0,120,current,Optimized Pattern Generator,dynamic_session,Dynamic Session Pattern Assignment,50,6,360,fb5c332cb7a6683e9f9251bb983c8b2a04a56e400c3818e4850e8285c92369eb,3699990487,e740e290b05b330142646c3c1c7fa0b87388e6ba654eae7d134e64af99d4ce8a,True,single_only,A1) Refined Cost + Greedy 1:1,True,100,100,0,0.0,100,98,0,0.98,0.98,1.0767641335891502,4.2454620792103235,379.16,403.6,2.49484512500203,100,0,0,0,0,1.0,0.0,0.0,0.0,0.0,1.0,6.05,0.0,0.0,0.0,0.0,0.0,,0.0,0.0,1.9950832060276298,0.3950059149719891,0.0,0.10408125400135759,2.4941703750009765,1.9950832060276298,0.10408125400135759
20260703_185002_516173,b0da4d9216a2bbfcc818675c756bd436b7c3e50f537880fa75c56fd8774d8151,2,2187632393,1545686431,2187632393,2,100,50,60,5,30,10.0,120,current,Optimized Pattern Generator,dynamic_session,Dynamic Session Pattern Assignment,50,6,360,fb5c332cb7a6683e9f9251bb983c8b2a04a56e400c3818e4850e8285c92369eb,3699990487,e740e290b05b330142646c3c1c7fa0b87388e6ba654eae7d134e64af99d4ce8a,True,single_only_dtw_off,A1 Ablation) DTW Off,False,100,100,0,0.0,100,99,0,0.99,0.99,0.8542002622,2.926666956666667,379.16,403.6,2.226405834000616,100,0,0,0,0,1.0,0.0,0.0,0.0,0.0,1.0,6.05,0.0,0.0,0.0,0.0,0.0,,0.0,0.0,1.7765421180229168,0.36039524200896267,0.0,0.08886013996379916,2.2257974999956787,1.7765421180229168,0.08886013996379916
20260703_185002_516173,b0da4d9216a2bbfcc818675c756bd436b7c3e50f537880fa75c56fd8774d8151,2,2187632393,866312303,2187632393,2,100,50,60,5,30,10.0,120,current,Optimized Pattern Generator,dynamic_session,Dynamic Session Pattern Assignment,50,6,360,fb5c332cb7a6683e9f9251bb983c8b2a04a56e400c3818e4850e8285c92369eb,3699990487,e740e290b05b330142646c3c1c7fa0b87388e6ba654eae7d134e64af99d4ce8a,True,single_only_step_off,A1 Ablation) Step Signature Off,False,100,100,0,0.0,100,97,0,0.97,0.97,0.21093502684962429,1.2412236044878147,379.16,403.6,2.221964750002371,100,0,0,0,0,1.0,0.0,0.0,0.0,0.0,1.0,6.05,0.0,0.0,0.0,0.0,0.0,,0.0,0.0,1.7785960769761004,0.3603924139897572,0.0,0.08237663403269835,2.221365124998556,1.7785960769761004,0.08237663403269835
20260703_185002_516173,b0da4d9216a2bbfcc818675c756bd436b7c3e50f537880fa75c56fd8774d8151,2,2187632393,1815193659,2187632393,2,100,50,60,5,30,10.0,120,current,Optimized Pattern Generator,dynamic_session,Dynamic Session Pattern Assignment,50,6,360,fb5c332cb7a6683e9f9251bb983c8b2a04a56e400c3818e4850e8285c92369eb,3699990487,e740e290b05b330142646c3c1c7fa0b87388e6ba654eae7d134e64af99d4ce8a,True,single_only_all_off,A1 Ablation) All Waveform Terms Off,False,100,100,0,0.0,100,93,0,0.93,0.93,1.4160002655000001,8.00000005,379.16,403.6,1.8501280000054976,100,0,0,0,0,1.0,0.0,0.0,0.0,0.0,1.0,6.05,0.0,0.0,0.0,0.0,0.0,,0.0,0.0,1.7642428339604521,0.002422880017547868,0.0,0.08280524401925504,1.849470957997255,1.7642428339604521,0.08280524401925504
20260703_185002_516173,b0da4d9216a2bbfcc818675c756bd436b7c3e50f537880fa75c56fd8774d8151,2,2187632393,2184921376,2187632393,2,100,50,60,5,30,10.0,120,current,Optimized Pattern Generator,dynamic_session,Dynamic Session Pattern Assignment,50,6,360,fb5c332cb7a6683e9f9251bb983c8b2a04a56e400c3818e4850e8285c92369eb,3699990487,e740e290b05b330142646c3c1c7fa0b87388e6ba654eae7d134e64af99d4ce8a,True,nomura_original_interval_hungarian,A2) Corr+DTW + Hungarian,False,100,100,0,0.0,100,97,0,0.97,0.97,0.09153763551977781,0.6065956661494457,379.16,403.6,2.9102567919981084,100,0,0,0,0,1.0,0.0,0.0,0.0,0.0,1.0,6.05,0.0,0.0,0.0,0.0,0.0,,0.0,0.0,1.9190825360346935,0.8869405700315838,0.0,0.10358897693367908,2.9096120829999563,1.9190825360346935,0.10358897693367908
20260703_185002_516173,b0da4d9216a2bbfcc818675c756bd436b7c3e50f537880fa75c56fd8774d8151,2,2187632393,2176353866,2187632393,2,100,50,60,5,30,10.0,120,current,Optimized Pattern Generator,dynamic_session,Dynamic Session Pattern Assignment,50,6,360,fb5c332cb7a6683e9f9251bb983c8b2a04a56e400c3818e4850e8285c92369eb,3699990487,e740e290b05b330142646c3c1c7fa0b87388e6ba654eae7d134e64af99d4ce8a,True,nomura_original_interval_hungarian_dtw_off,A2 Ablation) DTW Off (Corr-only),False,100,100,0,0.0,100,98,0,0.98,0.98,0.08439991638824139,0.33021249008620207,379.16,403.6,2.740741583002091,100,0,0,0,0,1.0,0.0,0.0,0.0,0.0,1.0,6.05,0.0,0.0,0.0,0.0,0.0,,0.0,0.0,1.7766225809464231,0.8806987470234162,0.0,0.08279592203325592,2.7401172500030953,1.7766225809464231,0.08279592203325592
20260703_185002_516173,b0da4d9216a2bbfcc818675c756bd436b7c3e50f537880fa75c56fd8774d8151,2,2187632393,1055930918,2187632393,2,100,50,60,5,30,10.0,120,current,Optimized Pattern Generator,dynamic_session,Dynamic Session Pattern Assignment,50,6,360,fb5c332cb7a6683e9f9251bb983c8b2a04a56e400c3818e4850e8285c92369eb,3699990487,e740e290b05b330142646c3c1c7fa0b87388e6ba654eae7d134e64af99d4ce8a,True,nomura_original_interval_hungarian_corr_off,A2 Ablation) Corr Off (DTW-only),False,100,100,0,0.0,100,92,0,0.92,0.92,2.6560000000000005e-07,4.9e-07,379.16,403.6,2.7329087920006714,100,0,0,0,0,1.0,0.0,0.0,0.0,0.0,1.0,6.05,0.0,0.0,0.0,0.0,0.0,,0.0,0.0,1.7738564200117253,0.8755637499780278,0.0,0.0828897880128352,2.7323099580025882,1.7738564200117253,0.0828897880128352
20260703_185002_516173,b0da4d9216a2bbfcc818675c756bd436b7c3e50f537880fa75c56fd8774d8151,2,2187632393,542446157,2187632393,2,100,50,60,5,30,10.0,120,current,Optimized Pattern Generator,dynamic_session,Dynamic Session Pattern Assignment,50,6,360,fb5c332cb7a6683e9f9251bb983c8b2a04a56e400c3818e4850e8285c92369eb,3699990487,e740e290b05b330142646c3c1c7fa0b87388e6ba654eae7d134e64af99d4ce8a,True,nomura_original_interval_hungarian_all_off,A2 Ablation) All Waveform Terms Off,False,100,100,0,0.0,100,93,0,0.93,0.93,1.4160002655000001,8.00000005,379.16,403.6,1.8506484999961685,100,0,0,0,0,1.0,0.0,0.0,0.0,0.0,1.0,6.05,0.0,0.0,0.0,0.0,0.0,,0.0,0.0,1.7630611650820356,0.0022381220260285772,0.0,0.08476358788902871,1.8500628749970929,1.7630611650820356,0.08476358788902871
20260703_185002_516173,b0da4d9216a2bbfcc818675c756bd436b7c3e50f537880fa75c56fd8774d8151,2,2187632393,1367392828,2187632393,2,100,50,60,5,30,10.0,120,current,Optimized Pattern Generator,dynamic_session,Dynamic Session Pattern Assignment,50,6,360,fb5c332cb7a6683e9f9251bb983c8b2a04a56e400c3818e4850e8285c92369eb,3699990487,e740e290b05b330142646c3c1c7fa0b87388e6ba654eae7d134e64af99d4ce8a,True,bayesian_windowed,A3) Bayesian Posterior + Hungarian + Lock,False,100,100,0,0.0,100,98,0,0.98,0.98,0.11201667616310504,1.2057814644851401,379.16,403.6,2.1890637920005247,100,0,0,0,0,1.0,0.0,0.0,0.0,0.0,1.0,6.05,0.0,0.0,0.0,0.0,0.0,,0.0,0.0,1.7781930820201524,0.32581095903151436,0.0,0.08441674994537607,2.188420790997043,1.7781930820201524,0.08441674994537607
20260703_185002_516173,b0da4d9216a2bbfcc818675c756bd436b7c3e50f537880fa75c56fd8774d8151,2,2187632393,1856414639,2187632393,2,100,50,60,5,30,10.0,120,current,Optimized Pattern Generator,dynamic_session,Dynamic Session Pattern Assignment,50,6,360,fb5c332cb7a6683e9f9251bb983c8b2a04a56e400c3818e4850e8285c92369eb,3699990487,e740e290b05b330142646c3c1c7fa0b87388e6ba654eae7d134e64af99d4ce8a,True,bayesian_windowed_lock_off,A3 Ablation) Lock Off,False,100,100,0,0.0,100,98,0,0.98,0.98,0.11210577233654835,1.2057814644851401,379.16,403.6,2.230679374995816,100,0,0,0,0,1.0,0.0,0.0,0.0,0.0,1.0,6.05,0.0,0.0,0.0,0.0,0.0,,0.0,0.0,1.799022000937839,0.33106787798169535,0.0,0.09993907908210531,2.2300289580016397,1.799022000937839,0.09993907908210531
20260703_185002_516173,b0da4d9216a2bbfcc818675c756bd436b7c3e50f537880fa75c56fd8774d8151,2,2187632393,1977915818,2187632393,2,100,50,60,5,30,10.0,120,current,Optimized Pattern Generator,dynamic_session,Dynamic Session Pattern Assignment,50,6,360,fb5c332cb7a6683e9f9251bb983c8b2a04a56e400c3818e4850e8285c92369eb,3699990487,e740e290b05b330142646c3c1c7fa0b87388e6ba654eae7d134e64af99d4ce8a,True,bayesian_windowed_memory_off,A3 Ablation) Posterior Memory Off,False,100,100,0,0.0,100,98,0,0.98,0.98,0.2111136339940978,1.1470244917105108,379.16,403.6,2.425609791003808,100,0,0,0,0,1.0,0.0,0.0,0.0,0.0,1.0,6.05,0.0,0.0,0.0,0.0,0.0,,0.0,0.0,1.9892495859894552,0.3492597959993873,0.0,0.0864762430137489,2.4249856250025914,1.9892495859894552,0.0864762430137489
20260703_185002_516173,b0da4d9216a2bbfcc818675c756bd436b7c3e50f537880fa75c56fd8774d8151,2,2187632393,2395032858,2187632393,2,100,50,60,5,30,10.0,120,current,Optimized Pattern Generator,dynamic_session,Dynamic Session Pattern Assignment,50,6,360,fb5c332cb7a6683e9f9251bb983c8b2a04a56e400c3818e4850e8285c92369eb,3699990487,e740e290b05b330142646c3c1c7fa0b87388e6ba654eae7d134e64af99d4ce8a,True,bayesian_windowed_timeprior_off,A3 Ablation) Time Prior Off,False,100,100,0,0.0,100,98,0,0.98,0.98,0.11247421323553079,1.2059307119648992,379.16,403.6,2.1866371249998338,100,0,0,0,0,1.0,0.0,0.0,0.0,0.0,1.0,6.05,0.0,0.0,0.0,0.0,0.0,,0.0,0.0,1.7758164230399416,0.3279944509777124,0.0,0.0822316669873544,2.1860425410050084,1.7758164230399416,0.0822316669873544
20260703_185002_516173,b0da4d9216a2bbfcc818675c756bd436b7c3e50f537880fa75c56fd8774d8151,2,2187632393,433795948,2187632393,2,100,50,60,5,30,10.0,120,current,Optimized Pattern Generator,dynamic_session,Dynamic Session Pattern Assignment,50,6,360,fb5c332cb7a6683e9f9251bb983c8b2a04a56e400c3818e4850e8285c92369eb,3699990487,e740e290b05b330142646c3c1c7fa0b87388e6ba654eae7d134e64af99d4ce8a,True,bayesian_windowed_all_off,A3 Ablation) Time Prior + Memory + Lock Off,False,100,100,0,0.0,100,98,0,0.98,0.98,0.2116001267170108,1.1470244917105108,379.16,403.6,2.2543832500014105,100,0,0,0,0,1.0,0.0,0.0,0.0,0.0,1.0,6.05,0.0,0.0,0.0,0.0,0.0,,0.0,0.0,1.8332008669749484,0.33509154101193417,0.0,0.08542613300960511,2.2537185409964877,1.8332008669749484,0.08542613300960511
20260703_185002_516173,b0da4d9216a2bbfcc818675c756bd436b7c3e50f537880fa75c56fd8774d8151,3,2187632394,1233724838,2187632394,3,100,50,60,5,30,10.0,120,current,Optimized Pattern Generator,dynamic_session,Dynamic Session Pattern Assignment,50,6,360,f158a0532f4501fc4af0d48bcbae361b7048badf47a02bd413c7848fdde59d64,3699990484,751d13603e49923dd2ea880bc926f5562612defa30054cd18805c3ae225ccda3,True,single_only,A1) Refined Cost + Greedy 1:1,True,100,100,0,0.0,100,98,0,0.98,0.98,1.2400341287848642,9.638460103456573,382.71,420.1,2.4689848329944653,100,0,0,0,0,1.0,0.0,0.0,0.0,0.0,1.0,5.99,0.0,0.0,0.0,0.0,0.0,,0.0,0.0,1.9844730470358627,0.3797892829970806,0.0,0.10371962797216838,2.4679819580051117,1.9844730470358627,0.10371962797216838
20260703_185002_516173,b0da4d9216a2bbfcc818675c756bd436b7c3e50f537880fa75c56fd8774d8151,3,2187632394,1545686428,2187632394,3,100,50,60,5,30,10.0,120,current,Optimized Pattern Generator,dynamic_session,Dynamic Session Pattern Assignment,50,6,360,f158a0532f4501fc4af0d48bcbae361b7048badf47a02bd413c7848fdde59d64,3699990484,751d13603e49923dd2ea880bc926f5562612defa30054cd18805c3ae225ccda3,True,single_only_dtw_off,A1 Ablation) DTW Off,False,100,100,0,0.0,100,99,0,0.99,0.99,0.9493335893333333,7.393333363333334,382.71,420.1,2.342233249997662,100,0,0,0,0,1.0,0.0,0.0,0.0,0.0,1.0,5.99,0.0,0.0,0.0,0.0,0.0,,0.0,0.0,1.8611538789846236,0.3748017899997649,0.0,0.10544074701465433,2.341396415999043,1.8611538789846236,0.10544074701465433
20260703_185002_516173,b0da4d9216a2bbfcc818675c756bd436b7c3e50f537880fa75c56fd8774d8151,3,2187632394,866312300,2187632394,3,100,50,60,5,30,10.0,120,current,Optimized Pattern Generator,dynamic_session,Dynamic Session Pattern Assignment,50,6,360,f158a0532f4501fc4af0d48bcbae361b7048badf47a02bd413c7848fdde59d64,3699990484,751d13603e49923dd2ea880bc926f5562612defa30054cd18805c3ae225ccda3,True,single_only_step_off,A1 Ablation) Step Signature Off,False,100,100,0,0.0,100,91,0,0.91,0.91,0.2478552675204731,1.4912996046023024,382.71,420.1,2.302293374996225,100,0,0,0,0,1.0,0.0,0.0,0.0,0.0,1.0,5.99,0.0,0.0,0.0,0.0,0.0,,0.0,0.0,1.849153629016655,0.3672255359997507,0.0,0.08528858498902991,2.3016677500054357,1.849153629016655,0.08528858498902991
20260703_185002_516173,b0da4d9216a2bbfcc818675c756bd436b7c3e50f537880fa75c56fd8774d8151,3,2187632394,1815193656,2187632394,3,100,50,60,5,30,10.0,120,current,Optimized Pattern Generator,dynamic_session,Dynamic Session Pattern Assignment,50,6,360,f158a0532f4501fc4af0d48bcbae361b7048badf47a02bd413c7848fdde59d64,3699990484,751d13603e49923dd2ea880bc926f5562612defa30054cd18805c3ae225ccda3,True,single_only_all_off,A1 Ablation) All Waveform Terms Off,False,100,100,0,0.0,100,94,0,0.94,0.94,1.6790002506,7.800000390000001,382.71,420.1,2.081701791001251,100,0,0,0,0,1.0,0.0,0.0,0.0,0.0,1.0,5.99,0.0,0.0,0.0,0.0,0.0,,0.0,0.0,1.9962142880249303,0.0025333759986096993,0.0,0.08234458597871708,2.081092250002257,1.9962142880249303,0.08234458597871708
20260703_185002_516173,b0da4d9216a2bbfcc818675c756bd436b7c3e50f537880fa75c56fd8774d8151,3,2187632394,2184921379,2187632394,3,100,50,60,5,30,10.0,120,current,Optimized Pattern Generator,dynamic_session,Dynamic Session Pattern Assignment,50,6,360,f158a0532f4501fc4af0d48bcbae361b7048badf47a02bd413c7848fdde59d64,3699990484,751d13603e49923dd2ea880bc926f5562612defa30054cd18805c3ae225ccda3,True,nomura_original_interval_hungarian,A2) Corr+DTW + Hungarian,False,100,100,0,0.0,100,94,0,0.94,0.94,0.09886028011072538,0.43057976415988897,382.71,420.1,2.7613922500022454,100,0,0,0,0,1.0,0.0,0.0,0.0,0.0,1.0,5.99,0.0,0.0,0.0,0.0,0.0,,0.0,0.0,1.7959949180221884,0.8823676170359249,0.0,0.08243054894410307,2.7607930840022163,1.7959949180221884,0.08243054894410307
20260703_185002_516173,b0da4d9216a2bbfcc818675c756bd436b7c3e50f537880fa75c56fd8774d8151,3,2187632394,2176353865,2187632394,3,100,50,60,5,30,10.0,120,current,Optimized Pattern Generator,dynamic_session,Dynamic Session Pattern Assignment,50,6,360,f158a0532f4501fc4af0d48bcbae361b7048badf47a02bd413c7848fdde59d64,3699990484,751d13603e49923dd2ea880bc926f5562612defa30054cd18805c3ae225ccda3,True,nomura_original_interval_hungarian_dtw_off,A2 Ablation) DTW Off (Corr-only),False,100,100,0,0.0,100,92,0,0.92,0.92,0.09271726000075764,0.39927913655709113,382.71,420.1,2.7278739999965183,100,0,0,0,0,1.0,0.0,0.0,0.0,0.0,1.0,5.99,0.0,0.0,0.0,0.0,0.0,,0.0,0.0,1.7606176209592377,0.8687955810091808,0.0,0.097790715037263,2.7272039170056814,1.7606176209592377,0.097790715037263
20260703_185002_516173,b0da4d9216a2bbfcc818675c756bd436b7c3e50f537880fa75c56fd8774d8151,3,2187632394,1055930917,2187632394,3,100,50,60,5,30,10.0,120,current,Optimized Pattern Generator,dynamic_session,Dynamic Session Pattern Assignment,50,6,360,f158a0532f4501fc4af0d48bcbae361b7048badf47a02bd413c7848fdde59d64,3699990484,751d13603e49923dd2ea880bc926f5562612defa30054cd18805c3ae225ccda3,True,nomura_original_interval_hungarian_corr_off,A2 Ablation) Corr Off (DTW-only),False,100,100,0,0.0,100,92,0,0.92,0.92,2.5749999999999997e-07,4.9e-07,382.71,420.1,2.7366062909932225,100,0,0,0,0,1.0,0.0,0.0,0.0,0.0,1.0,5.99,0.0,0.0,0.0,0.0,0.0,,0.0,0.0,1.7743221209821058,0.8773772910280968,0.0,0.08426254599180538,2.735961958002008,1.7743221209821058,0.08426254599180538
20260703_185002_516173,b0da4d9216a2bbfcc818675c756bd436b7c3e50f537880fa75c56fd8774d8151,3,2187632394,542446158,2187632394,3,100,50,60,5,30,10.0,120,current,Optimized Pattern Generator,dynamic_session,Dynamic Session Pattern Assignment,50,6,360,f158a0532f4501fc4af0d48bcbae361b7048badf47a02bd413c7848fdde59d64,3699990484,751d13603e49923dd2ea880bc926f5562612defa30054cd18805c3ae225ccda3,True,nomura_original_interval_hungarian_all_off,A2 Ablation) All Waveform Terms Off,False,100,100,0,0.0,100,94,0,0.94,0.94,1.6790002506,7.800000390000001,382.71,420.1,1.8735293749996345,100,0,0,0,0,1.0,0.0,0.0,0.0,0.0,1.0,5.99,0.0,0.0,0.0,0.0,0.0,,0.0,0.0,1.7866664979592315,0.0024525759217794985,0.0,0.0837836341233924,1.8729027080044034,1.7866664979592315,0.0837836341233924
20260703_185002_516173,b0da4d9216a2bbfcc818675c756bd436b7c3e50f537880fa75c56fd8774d8151,3,2187632394,1367392831,2187632394,3,100,50,60,5,30,10.0,120,current,Optimized Pattern Generator,dynamic_session,Dynamic Session Pattern Assignment,50,6,360,f158a0532f4501fc4af0d48bcbae361b7048badf47a02bd413c7848fdde59d64,3699990484,751d13603e49923dd2ea880bc926f5562612defa30054cd18805c3ae225ccda3,True,bayesian_windowed,A3) Bayesian Posterior + Hungarian + Lock,False,100,100,0,0.0,100,99,0,0.99,0.99,0.12325582319861564,0.6247597409259096,382.71,420.1,2.178949000001012,100,0,0,0,0,1.0,0.0,0.0,0.0,0.0,1.0,5.99,0.0,0.0,0.0,0.0,0.0,,0.0,0.0,1.7681929149694042,0.32754624703375157,0.0,0.08256012999481754,2.1782992919979733,1.7681929149694042,0.08256012999481754
20260703_185002_516173,b0da4d9216a2bbfcc818675c756bd436b7c3e50f537880fa75c56fd8774d8151,3,2187632394,1856414636,2187632394,3,100,50,60,5,30,10.0,120,current,Optimized Pattern Generator,dynamic_session,Dynamic Session Pattern Assignment,50,6,360,f158a0532f4501fc4af0d48bcbae361b7048badf47a02bd413c7848fdde59d64,3699990484,751d13603e49923dd2ea880bc926f5562612defa30054cd18805c3ae225ccda3,True,bayesian_windowed_lock_off,A3 Ablation) Lock Off,False,100,100,0,0.0,100,99,0,0.99,0.99,0.12332413427576075,0.6247597409259096,382.71,420.1,2.2264985839938163,100,0,0,0,0,1.0,0.0,0.0,0.0,0.0,1.0,5.99,0.0,0.0,0.0,0.0,0.0,,0.0,0.0,1.8055595349796931,0.32884212397038937,0.0,0.09140542404929874,2.2258070829993812,1.8055595349796931,0.09140542404929874
20260703_185002_516173,b0da4d9216a2bbfcc818675c756bd436b7c3e50f537880fa75c56fd8774d8151,3,2187632394,1977915817,2187632394,3,100,50,60,5,30,10.0,120,current,Optimized Pattern Generator,dynamic_session,Dynamic Session Pattern Assignment,50,6,360,f158a0532f4501fc4af0d48bcbae361b7048badf47a02bd413c7848fdde59d64,3699990484,751d13603e49923dd2ea880bc926f5562612defa30054cd18805c3ae225ccda3,True,bayesian_windowed_memory_off,A3 Ablation) Posterior Memory Off,False,100,100,0,0.0,100,98,0,0.98,0.98,0.24682249243819634,1.0169486942571282,382.71,420.1,2.191421415998775,100,0,0,0,0,1.0,0.0,0.0,0.0,0.0,1.0,5.99,0.0,0.0,0.0,0.0,0.0,,0.0,0.0,1.7676462940362399,0.32603374699829146,0.0,0.09708525096357334,2.1907652919981047,1.7676462940362399,0.09708525096357334
20260703_185002_516173,b0da4d9216a2bbfcc818675c756bd436b7c3e50f537880fa75c56fd8774d8151,3,2187632394,2395032857,2187632394,3,100,50,60,5,30,10.0,120,current,Optimized Pattern Generator,dynamic_session,Dynamic Session Pattern Assignment,50,6,360,f158a0532f4501fc4af0d48bcbae361b7048badf47a02bd413c7848fdde59d64,3699990484,751d13603e49923dd2ea880bc926f5562612defa30054cd18805c3ae225ccda3,True,bayesian_windowed_timeprior_off,A3 Ablation) Time Prior Off,False,100,100,0,0.0,100,99,0,0.99,0.99,0.12448095816923715,0.6247597409259096,382.71,420.1,2.1811942080021254,100,0,0,0,0,1.0,0.0,0.0,0.0,0.0,1.0,5.99,0.0,0.0,0.0,0.0,0.0,,0.0,0.0,1.77013762898423,0.3258934039477026,0.0,0.0845301340741571,2.18056116700609,1.77013762898423,0.0845301340741571
20260703_185002_516173,b0da4d9216a2bbfcc818675c756bd436b7c3e50f537880fa75c56fd8774d8151,3,2187632394,433795951,2187632394,3,100,50,60,5,30,10.0,120,current,Optimized Pattern Generator,dynamic_session,Dynamic Session Pattern Assignment,50,6,360,f158a0532f4501fc4af0d48bcbae361b7048badf47a02bd413c7848fdde59d64,3699990484,751d13603e49923dd2ea880bc926f5562612defa30054cd18805c3ae225ccda3,True,bayesian_windowed_all_off,A3 Ablation) Time Prior + Memory + Lock Off,False,100,100,0,0.0,100,98,0,0.98,0.98,0.247437434968272,1.0169486942571282,382.71,420.1,2.1776348339990363,100,0,0,0,0,1.0,0.0,0.0,0.0,0.0,1.0,5.99,0.0,0.0,0.0,0.0,0.0,,0.0,0.0,1.7673688349750591,0.32744190900120884,0.0,0.08218134002527222,2.17699208400154,1.7673688349750591,0.08218134002527222
20260703_185002_516173,b0da4d9216a2bbfcc818675c756bd436b7c3e50f537880fa75c56fd8774d8151,4,2187632395,1233724839,2187632395,4,100,50,60,5,30,10.0,120,current,Optimized Pattern Generator,dynamic_session,Dynamic Session Pattern Assignment,50,6,360,fc01609f1ee07cd675d73dc59d228932c8e71b0ad3da1c17291e0da91440a8a7,3699990485,e8f2617c2f2b4d4273ff9d2d6340a6204f901054585dc0359005a89cd9e89c43,True,single_only,A1) Refined Cost + Greedy 1:1,True,100,100,0,0.0,100,99,0,0.99,0.99,1.131238413988562,4.736022554720403,377.98,405.2000000000001,2.5213595410023117,100,0,0,0,0,1.0,0.0,0.0,0.0,0.0,1.0,6.09,0.0,0.0,0.0,0.0,0.0,,0.0,0.0,2.0404897460030043,0.38774870704946807,0.0,0.09248796294559725,2.5207264159980696,2.0404897460030043,0.09248796294559725
20260703_185002_516173,b0da4d9216a2bbfcc818675c756bd436b7c3e50f537880fa75c56fd8774d8151,4,2187632395,1545686429,2187632395,4,100,50,60,5,30,10.0,120,current,Optimized Pattern Generator,dynamic_session,Dynamic Session Pattern Assignment,50,6,360,fc01609f1ee07cd675d73dc59d228932c8e71b0ad3da1c17291e0da91440a8a7,3699990485,e8f2617c2f2b4d4273ff9d2d6340a6204f901054585dc0359005a89cd9e89c43,True,single_only_dtw_off,A1 Ablation) DTW Off,False,100,100,0,0.0,100,99,0,0.99,0.99,0.9400002648,3.203333423333333,377.98,405.2000000000001,2.463132416996814,100,0,0,0,0,1.0,0.0,0.0,0.0,0.0,1.0,6.09,0.0,0.0,0.0,0.0,0.0,,0.0,0.0,1.9515296669778763,0.38509599993994925,0.0,0.12570279108331306,2.4623284580011386,1.9515296669778763,0.12570279108331306
20260703_185002_516173,b0da4d9216a2bbfcc818675c756bd436b7c3e50f537880fa75c56fd8774d8151,4,2187632395,866312301,2187632395,4,100,50,60,5,30,10.0,120,current,Optimized Pattern Generator,dynamic_session,Dynamic Session Pattern Assignment,50,6,360,fc01609f1ee07cd675d73dc59d228932c8e71b0ad3da1c17291e0da91440a8a7,3699990485,e8f2617c2f2b4d4273ff9d2d6340a6204f901054585dc0359005a89cd9e89c43,True,single_only_step_off,A1 Ablation) Step Signature Off,False,100,100,0,0.0,100,98,0,0.98,0.98,0.18327281400492307,1.5326892213870698,377.98,405.2000000000001,2.2693899579971912,100,0,0,0,0,1.0,0.0,0.0,0.0,0.0,1.0,6.09,0.0,0.0,0.0,0.0,0.0,,0.0,0.0,1.8179560840217164,0.3648170439846581,0.0,0.08599670499097556,2.26876983299735,1.8179560840217164,0.08599670499097556
20260703_185002_516173,b0da4d9216a2bbfcc818675c756bd436b7c3e50f537880fa75c56fd8774d8151,4,2187632395,1815193657,2187632395,4,100,50,60,5,30,10.0,120,current,Optimized Pattern Generator,dynamic_session,Dynamic Session Pattern Assignment,50,6,360,fc01609f1ee07cd675d73dc59d228932c8e71b0ad3da1c17291e0da91440a8a7,3699990485,e8f2617c2f2b4d4273ff9d2d6340a6204f901054585dc0359005a89cd9e89c43,True,single_only_all_off,A1 Ablation) All Waveform Terms Off,False,100,100,0,0.0,100,95,0,0.95,0.95,1.4870002542,8.00000018,377.98,405.2000000000001,1.9063685000000987,100,0,0,0,0,1.0,0.0,0.0,0.0,0.0,1.0,6.09,0.0,0.0,0.0,0.0,0.0,,0.0,0.0,1.8177122059569228,0.0029344500071601942,0.0,0.08474471903173253,1.9053913749958156,1.8177122059569228,0.08474471903173253
20260703_185002_516173,b0da4d9216a2bbfcc818675c756bd436b7c3e50f537880fa75c56fd8774d8151,4,2187632395,2184921378,2187632395,4,100,50,60,5,30,10.0,120,current,Optimized Pattern Generator,dynamic_session,Dynamic Session Pattern Assignment,50,6,360,fc01609f1ee07cd675d73dc59d228932c8e71b0ad3da1c17291e0da91440a8a7,3699990485,e8f2617c2f2b4d4273ff9d2d6340a6204f901054585dc0359005a89cd9e89c43,True,nomura_original_interval_hungarian,A2) Corr+DTW + Hungarian,False,100,100,0,0.0,100,98,0,0.98,0.98,0.07988708038193412,0.5834265549539026,377.98,405.2000000000001,2.8033723329936038,100,0,0,0,0,1.0,0.0,0.0,0.0,0.0,1.0,6.09,0.0,0.0,0.0,0.0,0.0,,0.0,0.0,1.8143930890146294,0.8993962910171831,0.0,0.08866799496900057,2.802457375000813,1.8143930890146294,0.08866799496900057
20260703_185002_516173,b0da4d9216a2bbfcc818675c756bd436b7c3e50f537880fa75c56fd8774d8151,4,2187632395,2176353864,2187632395,4,100,50,60,5,30,10.0,120,current,Optimized Pattern Generator,dynamic_session,Dynamic Session Pattern Assignment,50,6,360,fc01609f1ee07cd675d73dc59d228932c8e71b0ad3da1c17291e0da91440a8a7,3699990485,e8f2617c2f2b4d4273ff9d2d6340a6204f901054585dc0359005a89cd9e89c43,True,nomura_original_interval_hungarian_dtw_off,A2 Ablation) DTW Off (Corr-only),False,100,100,0,0.0,100,99,0,0.99,0.99,0.07727648918265573,0.44259466104525924,377.98,405.2000000000001,2.7753269159948104,100,0,0,0,0,1.0,0.0,0.0,0.0,0.0,1.0,6.09,0.0,0.0,0.0,0.0,0.0,,0.0,0.0,1.782806581024488,0.8844600370211992,0.0,0.10748104795493418,2.7747476660006214,1.782806581024488,0.10748104795493418
20260703_185002_516173,b0da4d9216a2bbfcc818675c756bd436b7c3e50f537880fa75c56fd8774d8151,4,2187632395,1055930916,2187632395,4,100,50,60,5,30,10.0,120,current,Optimized Pattern Generator,dynamic_session,Dynamic Session Pattern Assignment,50,6,360,fc01609f1ee07cd675d73dc59d228932c8e71b0ad3da1c17291e0da91440a8a7,3699990485,e8f2617c2f2b4d4273ff9d2d6340a6204f901054585dc0359005a89cd9e89c43,True,nomura_original_interval_hungarian_corr_off,A2 Ablation) Corr Off (DTW-only),False,100,100,0,0.0,100,95,0,0.95,0.95,2.5417209935431097e-05,0.0025150209935431095,377.98,405.2000000000001,2.9558957500048564,100,0,0,0,0,1.0,0.0,0.0,0.0,0.0,1.0,6.09,0.0,0.0,0.0,0.0,0.0,,0.0,0.0,1.8986815390599077,0.9275547460420057,0.0,0.1289342988966382,2.9551705839985516,1.8986815390599077,0.1289342988966382
20260703_185002_516173,b0da4d9216a2bbfcc818675c756bd436b7c3e50f537880fa75c56fd8774d8151,4,2187632395,542446159,2187632395,4,100,50,60,5,30,10.0,120,current,Optimized Pattern Generator,dynamic_session,Dynamic Session Pattern Assignment,50,6,360,fc01609f1ee07cd675d73dc59d228932c8e71b0ad3da1c17291e0da91440a8a7,3699990485,e8f2617c2f2b4d4273ff9d2d6340a6204f901054585dc0359005a89cd9e89c43,True,nomura_original_interval_hungarian_all_off,A2 Ablation) All Waveform Terms Off,False,100,100,0,0.0,100,95,0,0.95,0.95,1.4870002542,8.00000018,377.98,405.2000000000001,1.9366111249983078,100,0,0,0,0,1.0,0.0,0.0,0.0,0.0,1.0,6.09,0.0,0.0,0.0,0.0,0.0,,0.0,0.0,1.8482285869467887,0.0025476210357737727,0.0,0.08521854201535461,1.935994749997917,1.8482285869467887,0.08521854201535461
20260703_185002_516173,b0da4d9216a2bbfcc818675c756bd436b7c3e50f537880fa75c56fd8774d8151,4,2187632395,1367392830,2187632395,4,100,50,60,5,30,10.0,120,current,Optimized Pattern Generator,dynamic_session,Dynamic Session Pattern Assignment,50,6,360,fc01609f1ee07cd675d73dc59d228932c8e71b0ad3da1c17291e0da91440a8a7,3699990485,e8f2617c2f2b4d4273ff9d2d6340a6204f901054585dc0359005a89cd9e89c43,True,bayesian_windowed,A3) Bayesian Posterior + Hungarian + Lock,False,100,100,0,0.0,100,99,0,0.99,0.99,0.1427482423375944,0.8149562107417329,377.98,405.2000000000001,2.38295599999401,100,0,0,0,0,1.0,0.0,0.0,0.0,0.0,1.0,6.09,0.0,0.0,0.0,0.0,0.0,,0.0,0.0,1.933260124962544,0.36298116898251465,0.0,0.08603412305819802,2.3822754170032567,1.933260124962544,0.08603412305819802
20260703_185002_516173,b0da4d9216a2bbfcc818675c756bd436b7c3e50f537880fa75c56fd8774d8151,4,2187632395,1856414637,2187632395,4,100,50,60,5,30,10.0,120,current,Optimized Pattern Generator,dynamic_session,Dynamic Session Pattern Assignment,50,6,360,fc01609f1ee07cd675d73dc59d228932c8e71b0ad3da1c17291e0da91440a8a7,3699990485,e8f2617c2f2b4d4273ff9d2d6340a6204f901054585dc0359005a89cd9e89c43,True,bayesian_windowed_lock_off,A3 Ablation) Lock Off,False,100,100,0,0.0,100,99,0,0.99,0.99,0.14284091678390304,0.8149562107417329,377.98,405.2000000000001,2.201737499999581,100,0,0,0,0,1.0,0.0,0.0,0.0,0.0,1.0,6.09,0.0,0.0,0.0,0.0,0.0,,0.0,0.0,1.7850932969740825,0.33191737205925165,0.0,0.0840954139639507,2.201106082997285,1.7850932969740825,0.0840954139639507
20260703_185002_516173,b0da4d9216a2bbfcc818675c756bd436b7c3e50f537880fa75c56fd8774d8151,4,2187632395,1977915816,2187632395,4,100,50,60,5,30,10.0,120,current,Optimized Pattern Generator,dynamic_session,Dynamic Session Pattern Assignment,50,6,360,fc01609f1ee07cd675d73dc59d228932c8e71b0ad3da1c17291e0da91440a8a7,3699990485,e8f2617c2f2b4d4273ff9d2d6340a6204f901054585dc0359005a89cd9e89c43,True,bayesian_windowed_memory_off,A3 Ablation) Posterior Memory Off,False,100,100,0,0.0,100,99,0,0.99,0.99,0.2923655461691052,1.0948342408131773,377.98,405.2000000000001,2.249637000000803,100,0,0,0,0,1.0,0.0,0.0,0.0,0.0,1.0,6.09,0.0,0.0,0.0,0.0,0.0,,0.0,0.0,1.806926208009827,0.33962870897812536,0.0,0.10244795800826978,2.249002874996222,1.806926208009827,0.10244795800826978
20260703_185002_516173,b0da4d9216a2bbfcc818675c756bd436b7c3e50f537880fa75c56fd8774d8151,4,2187632395,2395032856,2187632395,4,100,50,60,5,30,10.0,120,current,Optimized Pattern Generator,dynamic_session,Dynamic Session Pattern Assignment,50,6,360,fc01609f1ee07cd675d73dc59d228932c8e71b0ad3da1c17291e0da91440a8a7,3699990485,e8f2617c2f2b4d4273ff9d2d6340a6204f901054585dc0359005a89cd9e89c43,True,bayesian_windowed_timeprior_off,A3 Ablation) Time Prior Off,False,100,100,0,0.0,100,99,0,0.99,0.99,0.14390619949362526,0.8164102099944844,377.98,405.2000000000001,2.203815166998538,100,0,0,0,0,1.0,0.0,0.0,0.0,0.0,1.0,6.09,0.0,0.0,0.0,0.0,0.0,,0.0,0.0,1.786485502962023,0.3338152930009528,0.0,0.08290912003576523,2.203209915998741,1.786485502962023,0.08290912003576523
20260703_185002_516173,b0da4d9216a2bbfcc818675c756bd436b7c3e50f537880fa75c56fd8774d8151,4,2187632395,433795950,2187632395,4,100,50,60,5,30,10.0,120,current,Optimized Pattern Generator,dynamic_session,Dynamic Session Pattern Assignment,50,6,360,fc01609f1ee07cd675d73dc59d228932c8e71b0ad3da1c17291e0da91440a8a7,3699990485,e8f2617c2f2b4d4273ff9d2d6340a6204f901054585dc0359005a89cd9e89c43,True,bayesian_windowed_all_off,A3 Ablation) Time Prior + Memory + Lock Off,False,100,100,0,0.0,100,99,0,0.99,0.99,0.29309124480617177,1.0963705609986099,377.98,405.2000000000001,2.185862582999107,100,0,0,0,0,1.0,0.0,0.0,0.0,0.0,1.0,6.09,0.0,0.0,0.0,0.0,0.0,,0.0,0.0,1.7705162079873844,0.32990979199530557,0.0,0.08479462502145907,2.185220625004149,1.7705162079873844,0.08479462502145907
20260703_185002_516173,b0da4d9216a2bbfcc818675c756bd436b7c3e50f537880fa75c56fd8774d8151,5,2187632396,1233724832,2187632396,5,100,50,60,5,30,10.0,120,current,Optimized Pattern Generator,dynamic_session,Dynamic Session Pattern Assignment,50,6,360,90b0b75738c015d10d9c61451d600301cbd7985fd74d339426f513377a2d0dc7,3699990482,e8b4d753be914ef661e17c0424e12131bb9bb4d1a700cce7ee979c71df365034,True,single_only,A1) Refined Cost + Greedy 1:1,True,100,100,0,0.0,100,99,0,0.99,0.99,1.1352719828037032,7.568825856647726,381.81,411.70000000000005,2.1946112920049927,100,0,0,0,0,1.0,0.0,0.0,0.0,0.0,1.0,5.86,0.0,0.0,0.0,0.0,0.0,,0.0,0.0,1.7443291259842226,0.3626606230172911,0.0,0.0869861259998288,2.1939758750013425,1.7443291259842226,0.0869861259998288
20260703_185002_516173,b0da4d9216a2bbfcc818675c756bd436b7c3e50f537880fa75c56fd8774d8151,5,2187632396,1545686426,2187632396,5,100,50,60,5,30,10.0,120,current,Optimized Pattern Generator,dynamic_session,Dynamic Session Pattern Assignment,50,6,360,90b0b75738c015d10d9c61451d600301cbd7985fd74d339426f513377a2d0dc7,3699990482,e8b4d753be914ef661e17c0424e12131bb9bb4d1a700cce7ee979c71df365034,True,single_only_dtw_off,A1 Ablation) DTW Off,False,100,100,0,0.0,100,100,0,1.0,1.0,0.877500259,5.483333373333334,381.81,411.70000000000005,2.1831350829961593,100,0,0,0,0,1.0,0.0,0.0,0.0,0.0,1.0,5.86,0.0,0.0,0.0,0.0,0.0,,0.0,0.0,1.7318507050222252,0.35083370898792055,0.0,0.09978104499168694,2.1824654590018326,1.7318507050222252,0.09978104499168694
20260703_185002_516173,b0da4d9216a2bbfcc818675c756bd436b7c3e50f537880fa75c56fd8774d8151,5,2187632396,866312298,2187632396,5,100,50,60,5,30,10.0,120,current,Optimized Pattern Generator,dynamic_session,Dynamic Session Pattern Assignment,50,6,360,90b0b75738c015d10d9c61451d600301cbd7985fd74d339426f513377a2d0dc7,3699990482,e8b4d753be914ef661e17c0424e12131bb9bb4d1a700cce7ee979c71df365034,True,single_only_step_off,A1 Ablation) Step Signature Off,False,100,100,0,0.0,100,98,0,0.98,0.98,0.23411776129075032,1.6131437971235882,381.81,411.70000000000005,2.1567036249980447,100,0,0,0,0,1.0,0.0,0.0,0.0,0.0,1.0,5.86,0.0,0.0,0.0,0.0,0.0,,0.0,0.0,1.7217289609689033,0.3490449969758629,0.0,0.08532662505604094,2.156100583000807,1.7217289609689033,0.08532662505604094
20260703_185002_516173,b0da4d9216a2bbfcc818675c756bd436b7c3e50f537880fa75c56fd8774d8151,5,2187632396,1815193662,2187632396,5,100,50,60,5,30,10.0,120,current,Optimized Pattern Generator,dynamic_session,Dynamic Session Pattern Assignment,50,6,360,90b0b75738c015d10d9c61451d600301cbd7985fd74d339426f513377a2d0dc7,3699990482,e8b4d753be914ef661e17c0424e12131bb9bb4d1a700cce7ee979c71df365034,True,single_only_all_off,A1 Ablation) All Waveform Terms Off,False,100,100,0,0.0,100,94,0,0.94,0.94,1.5840002613000002,7.600000260000001,381.81,411.70000000000005,2.1090465420056717,100,0,0,0,0,1.0,0.0,0.0,0.0,0.0,1.0,5.86,0.0,0.0,0.0,0.0,0.0,,0.0,0.0,2.019905249988369,0.003231374008464627,0.0,0.08530933399742935,2.108445957994263,2.019905249988369,0.08530933399742935
20260703_185002_516173,b0da4d9216a2bbfcc818675c756bd436b7c3e50f537880fa75c56fd8774d8151,5,2187632396,2184921381,2187632396,5,100,50,60,5,30,10.0,120,current,Optimized Pattern Generator,dynamic_session,Dynamic Session Pattern Assignment,50,6,360,90b0b75738c015d10d9c61451d600301cbd7985fd74d339426f513377a2d0dc7,3699990482,e8b4d753be914ef661e17c0424e12131bb9bb4d1a700cce7ee979c71df365034,True,nomura_original_interval_hungarian,A2) Corr+DTW + Hungarian,False,100,100,0,0.0,100,97,0,0.97,0.97,0.09148225353139054,0.5544907027641341,381.81,411.70000000000005,2.6833792500037816,100,0,0,0,0,1.0,0.0,0.0,0.0,0.0,1.0,5.86,0.0,0.0,0.0,0.0,0.0,,0.0,0.0,1.7342391199999838,0.8648844609488151,0.0,0.08357091905781999,2.682694500006619,1.7342391199999838,0.08357091905781999
20260703_185002_516173,b0da4d9216a2bbfcc818675c756bd436b7c3e50f537880fa75c56fd8774d8151,5,2187632396,2176353871,2187632396,5,100,50,60,5,30,10.0,120,current,Optimized Pattern Generator,dynamic_session,Dynamic Session Pattern Assignment,50,6,360,90b0b75738c015d10d9c61451d600301cbd7985fd74d339426f513377a2d0dc7,3699990482,e8b4d753be914ef661e17c0424e12131bb9bb4d1a700cce7ee979c71df365034,True,nomura_original_interval_hungarian_dtw_off,A2 Ablation) DTW Off (Corr-only),False,100,100,0,0.0,100,97,0,0.97,0.97,0.08688652931646634,0.4457078325564444,381.81,411.70000000000005,2.6920703329960816,100,0,0,0,0,1.0,0.0,0.0,0.0,0.0,1.0,5.86,0.0,0.0,0.0,0.0,0.0,,0.0,0.0,1.7463340850081295,0.8616622850458953,0.0,0.08338250494853128,2.691378875002556,1.7463340850081295,0.08338250494853128
20260703_185002_516173,b0da4d9216a2bbfcc818675c756bd436b7c3e50f537880fa75c56fd8774d8151,5,2187632396,1055930915,2187632396,5,100,50,60,5,30,10.0,120,current,Optimized Pattern Generator,dynamic_session,Dynamic Session Pattern Assignment,50,6,360,90b0b75738c015d10d9c61451d600301cbd7985fd74d339426f513377a2d0dc7,3699990482,e8b4d753be914ef661e17c0424e12131bb9bb4d1a700cce7ee979c71df365034,True,nomura_original_interval_hungarian_corr_off,A2 Ablation) Corr Off (DTW-only),False,100,100,0,0.0,100,93,0,0.93,0.93,2.564e-07,4.9e-07,381.81,411.70000000000005,2.7300115000034566,100,0,0,0,0,1.0,0.0,0.0,0.0,0.0,1.0,5.86,0.0,0.0,0.0,0.0,0.0,,0.0,0.0,1.7651735769832158,0.8614497460075654,0.0,0.1027531350046047,2.729376457995386,1.7651735769832158,0.1027531350046047
20260703_185002_516173,b0da4d9216a2bbfcc818675c756bd436b7c3e50f537880fa75c56fd8774d8151,5,2187632396,542446152,2187632396,5,100,50,60,5,30,10.0,120,current,Optimized Pattern Generator,dynamic_session,Dynamic Session Pattern Assignment,50,6,360,90b0b75738c015d10d9c61451d600301cbd7985fd74d339426f513377a2d0dc7,3699990482,e8b4d753be914ef661e17c0424e12131bb9bb4d1a700cce7ee979c71df365034,True,nomura_original_interval_hungarian_all_off,A2 Ablation) All Waveform Terms Off,False,100,100,0,0.0,100,94,0,0.94,0.94,1.5840002613000002,7.600000260000001,381.81,411.70000000000005,1.7955693749972852,100,0,0,0,0,1.0,0.0,0.0,0.0,0.0,1.0,5.86,0.0,0.0,0.0,0.0,0.0,,0.0,0.0,1.7097323779962608,0.002382705992204137,0.0,0.0828132910100976,1.7949283749985625,1.7097323779962608,0.0828132910100976
20260703_185002_516173,b0da4d9216a2bbfcc818675c756bd436b7c3e50f537880fa75c56fd8774d8151,5,2187632396,1367392825,2187632396,5,100,50,60,5,30,10.0,120,current,Optimized Pattern Generator,dynamic_session,Dynamic Session Pattern Assignment,50,6,360,90b0b75738c015d10d9c61451d600301cbd7985fd74d339426f513377a2d0dc7,3699990482,e8b4d753be914ef661e17c0424e12131bb9bb4d1a700cce7ee979c71df365034,True,bayesian_windowed,A3) Bayesian Posterior + Hungarian + Lock,False,100,100,0,0.0,100,100,0,1.0,1.0,0.131214239094826,0.7030798204996745,381.81,411.70000000000005,2.1407406669968623,100,0,0,0,0,1.0,0.0,0.0,0.0,0.0,1.0,5.86,0.0,0.0,0.0,0.0,0.0,,0.0,0.0,1.732746663990838,0.321689370990498,0.0,0.08562092401552945,2.1400569589968654,1.732746663990838,0.08562092401552945
20260703_185002_516173,b0da4d9216a2bbfcc818675c756bd436b7c3e50f537880fa75c56fd8774d8151,5,2187632396,1856414634,2187632396,5,100,50,60,5,30,10.0,120,current,Optimized Pattern Generator,dynamic_session,Dynamic Session Pattern Assignment,50,6,360,90b0b75738c015d10d9c61451d600301cbd7985fd74d339426f513377a2d0dc7,3699990482,e8b4d753be914ef661e17c0424e12131bb9bb4d1a700cce7ee979c71df365034,True,bayesian_windowed_lock_off,A3 Ablation) Lock Off,False,100,100,0,0.0,100,100,0,1.0,1.0,0.13137464514819963,0.7030798204996745,381.81,411.70000000000005,2.2512300000016694,100,0,0,0,0,1.0,0.0,0.0,0.0,0.0,1.0,5.86,0.0,0.0,0.0,0.0,0.0,,0.0,0.0,1.8345368320151465,0.33116545698430855,0.0,0.08489537800051039,2.2505976669999654,1.8345368320151465,0.08489537800051039
20260703_185002_516173,b0da4d9216a2bbfcc818675c756bd436b7c3e50f537880fa75c56fd8774d8151,5,2187632396,1977915823,2187632396,5,100,50,60,5,30,10.0,120,current,Optimized Pattern Generator,dynamic_session,Dynamic Session Pattern Assignment,50,6,360,90b0b75738c015d10d9c61451d600301cbd7985fd74d339426f513377a2d0dc7,3699990482,e8b4d753be914ef661e17c0424e12131bb9bb4d1a700cce7ee979c71df365034,True,bayesian_windowed_memory_off,A3 Ablation) Posterior Memory Off,False,100,100,0,0.0,100,99,0,0.99,0.99,0.2673372427638767,1.1715481079923138,381.81,411.70000000000005,2.1507080830051564,100,0,0,0,0,1.0,0.0,0.0,0.0,0.0,1.0,5.86,0.0,0.0,0.0,0.0,0.0,,0.0,0.0,1.7409457480171113,0.3230772079623421,0.0,0.08597750202170573,2.150000458001159,1.7409457480171113,0.08597750202170573
20260703_185002_516173,b0da4d9216a2bbfcc818675c756bd436b7c3e50f537880fa75c56fd8774d8151,5,2187632396,2395032863,2187632396,5,100,50,60,5,30,10.0,120,current,Optimized Pattern Generator,dynamic_session,Dynamic Session Pattern Assignment,50,6,360,90b0b75738c015d10d9c61451d600301cbd7985fd74d339426f513377a2d0dc7,3699990482,e8b4d753be914ef661e17c0424e12131bb9bb4d1a700cce7ee979c71df365034,True,bayesian_windowed_timeprior_off,A3 Ablation) Time Prior Off,False,100,100,0,0.0,100,100,0,1.0,1.0,0.13144045822740785,0.7030798204996745,381.81,411.70000000000005,2.164259208999283,100,0,0,0,0,1.0,0.0,0.0,0.0,0.0,1.0,5.86,0.0,0.0,0.0,0.0,0.0,,0.0,0.0,1.740338708026684,0.3214736279915087,0.0,0.10179912198509555,2.163611458003288,1.740338708026684,0.10179912198509555
20260703_185002_516173,b0da4d9216a2bbfcc818675c756bd436b7c3e50f537880fa75c56fd8774d8151,5,2187632396,433795945,2187632396,5,100,50,60,5,30,10.0,120,current,Optimized Pattern Generator,dynamic_session,Dynamic Session Pattern Assignment,50,6,360,90b0b75738c015d10d9c61451d600301cbd7985fd74d339426f513377a2d0dc7,3699990482,e8b4d753be914ef661e17c0424e12131bb9bb4d1a700cce7ee979c71df365034,True,bayesian_windowed_all_off,A3 Ablation) Time Prior + Memory + Lock Off,False,100,100,0,0.0,100,99,0,0.99,0.99,0.2678736559008177,1.1716593039362027,381.81,411.70000000000005,2.1914920839990373,100,0,0,0,0,1.0,0.0,0.0,0.0,0.0,1.0,5.86,0.0,0.0,0.0,0.0,0.0,,0.0,0.0,1.7712078679905972,0.3290247949771583,0.0,0.09059783703560242,2.190830500003358,1.7712078679905972,0.09059783703560242
20260703_185002_516173,b0da4d9216a2bbfcc818675c756bd436b7c3e50f537880fa75c56fd8774d8151,6,2187632397,1233724833,2187632397,6,100,50,60,5,30,10.0,120,current,Optimized Pattern Generator,dynamic_session,Dynamic Session Pattern Assignment,50,6,360,0da71054f5d16856a133bafcb63dfd41dc2ffb40d254414ca1a78425a1c004fe,3699990483,3652664f6b65bef8a464a359e0285618591914d27d73a19a377abdc48e26c252,True,single_only,A1) Refined Cost + Greedy 1:1,True,100,100,0,0.0,100,98,0,0.98,0.98,1.122655213843466,3.3374837791970253,383.32,423.3,2.1704260839978815,100,0,0,0,0,1.0,0.0,0.0,0.0,0.0,1.0,5.89,0.0,0.0,0.0,0.0,0.0,,0.0,0.0,1.7288362519757356,0.35501911901519634,0.0,0.08596183700865367,2.1698172079995857,1.7288362519757356,0.08596183700865367
20260703_185002_516173,b0da4d9216a2bbfcc818675c756bd436b7c3e50f537880fa75c56fd8774d8151,6,2187632397,1545686427,2187632397,6,100,50,60,5,30,10.0,120,current,Optimized Pattern Generator,dynamic_session,Dynamic Session Pattern Assignment,50,6,360,0da71054f5d16856a133bafcb63dfd41dc2ffb40d254414ca1a78425a1c004fe,3699990483,3652664f6b65bef8a464a359e0285618591914d27d73a19a377abdc48e26c252,True,single_only_dtw_off,A1 Ablation) DTW Off,False,100,100,0,0.0,100,96,0,0.96,0.96,0.8894336081333333,2.4933334333333335,383.32,423.3,2.134677208996436,100,0,0,0,0,1.0,0.0,0.0,0.0,0.0,1.0,5.89,0.0,0.0,0.0,0.0,0.0,,0.0,0.0,1.6995232539775316,0.34940149996691616,0.0,0.08507753705634968,2.1340022910007974,1.6995232539775316,0.08507753705634968
20260703_185002_516173,b0da4d9216a2bbfcc818675c756bd436b7c3e50f537880fa75c56fd8774d8151,6,2187632397,866312299,2187632397,6,100,50,60,5,30,10.0,120,current,Optimized Pattern Generator,dynamic_session,Dynamic Session Pattern Assignment,50,6,360,0da71054f5d16856a133bafcb63dfd41dc2ffb40d254414ca1a78425a1c004fe,3699990483,3652664f6b65bef8a464a359e0285618591914d27d73a19a377abdc48e26c252,True,single_only_step_off,A1 Ablation) Step Signature Off,False,100,100,0,0.0,100,92,0,0.92,0.92,0.21180736944112463,0.8441504458636918,383.32,423.3,2.31315158399957,100,0,0,0,0,1.0,0.0,0.0,0.0,0.0,1.0,5.89,0.0,0.0,0.0,0.0,0.0,,0.0,0.0,1.8369401700256276,0.3743692010102677,0.0,0.10110442096629413,2.3124137920021894,1.8369401700256276,0.10110442096629413
20260703_185002_516173,b0da4d9216a2bbfcc818675c756bd436b7c3e50f537880fa75c56fd8774d8151,6,2187632397,1815193663,2187632397,6,100,50,60,5,30,10.0,120,current,Optimized Pattern Generator,dynamic_session,Dynamic Session Pattern Assignment,50,6,360,0da71054f5d16856a133bafcb63dfd41dc2ffb40d254414ca1a78425a1c004fe,3699990483,3652664f6b65bef8a464a359e0285618591914d27d73a19a377abdc48e26c252,True,single_only_all_off,A1 Ablation) All Waveform Terms Off,False,100,100,0,0.0,100,90,0,0.9,0.9,1.6610002641,8.30000029,383.32,423.3,1.805915457996889,100,0,0,0,0,1.0,0.0,0.0,0.0,0.0,1.0,5.89,0.0,0.0,0.0,0.0,0.0,,0.0,0.0,1.7108557450046646,0.002422708988888189,0.0,0.09202796201134333,1.8053064160048962,1.7108557450046646,0.09202796201134333
20260703_185002_516173,b0da4d9216a2bbfcc818675c756bd436b7c3e50f537880fa75c56fd8774d8151,6,2187632397,2184921380,2187632397,6,100,50,60,5,30,10.0,120,current,Optimized Pattern Generator,dynamic_session,Dynamic Session Pattern Assignment,50,6,360,0da71054f5d16856a133bafcb63dfd41dc2ffb40d254414ca1a78425a1c004fe,3699990483,3652664f6b65bef8a464a359e0285618591914d27d73a19a377abdc48e26c252,True,nomura_original_interval_hungarian,A2) Corr+DTW + Hungarian,False,100,100,0,0.0,100,95,0,0.95,0.95,0.09056858284212094,0.36555956207065576,383.32,423.3,2.960994666995248,100,0,0,0,0,1.0,0.0,0.0,0.0,0.0,1.0,5.89,0.0,0.0,0.0,0.0,0.0,,0.0,0.0,1.9502911660383688,0.9230441189865815,0.0,0.08698071497201454,2.960315999996965,1.9502911660383688,0.08698071497201454
20260703_185002_516173,b0da4d9216a2bbfcc818675c756bd436b7c3e50f537880fa75c56fd8774d8151,6,2187632397,2176353870,2187632397,6,100,50,60,5,30,10.0,120,current,Optimized Pattern Generator,dynamic_session,Dynamic Session Pattern Assignment,50,6,360,0da71054f5d16856a133bafcb63dfd41dc2ffb40d254414ca1a78425a1c004fe,3699990483,3652664f6b65bef8a464a359e0285618591914d27d73a19a377abdc48e26c252,True,nomura_original_interval_hungarian_dtw_off,A2 Ablation) DTW Off (Corr-only),False,100,100,0,0.0,100,92,0,0.92,0.92,0.0854180462401947,0.24231536909494641,383.32,423.3,2.8466272500008927,100,0,0,0,0,1.0,0.0,0.0,0.0,0.0,1.0,5.89,0.0,0.0,0.0,0.0,0.0,,0.0,0.0,1.8585872910625767,0.8868852020023041,0.0,0.10044546593417181,2.8459179589990526,1.8585872910625767,0.10044546593417181
20260703_185002_516173,b0da4d9216a2bbfcc818675c756bd436b7c3e50f537880fa75c56fd8774d8151,6,2187632397,1055930914,2187632397,6,100,50,60,5,30,10.0,120,current,Optimized Pattern Generator,dynamic_session,Dynamic Session Pattern Assignment,50,6,360,0da71054f5d16856a133bafcb63dfd41dc2ffb40d254414ca1a78425a1c004fe,3699990483,3652664f6b65bef8a464a359e0285618591914d27d73a19a377abdc48e26c252,True,nomura_original_interval_hungarian_corr_off,A2 Ablation) Corr Off (DTW-only),False,100,100,0,0.0,100,92,0,0.92,0.92,0.0023864307242532903,0.19585359818407802,383.32,423.3,2.7701647079957183,100,0,0,0,0,1.0,0.0,0.0,0.0,0.0,1.0,5.89,0.0,0.0,0.0,0.0,0.0,,0.0,0.0,1.7950302499884856,0.8813928719901014,0.0,0.09310958602145547,2.7695327080000425,1.7950302499884856,0.09310958602145547
20260703_185002_516173,b0da4d9216a2bbfcc818675c756bd436b7c3e50f537880fa75c56fd8774d8151,6,2187632397,542446153,2187632397,6,100,50,60,5,30,10.0,120,current,Optimized Pattern Generator,dynamic_session,Dynamic Session Pattern Assignment,50,6,360,0da71054f5d16856a133bafcb63dfd41dc2ffb40d254414ca1a78425a1c004fe,3699990483,3652664f6b65bef8a464a359e0285618591914d27d73a19a377abdc48e26c252,True,nomura_original_interval_hungarian_all_off,A2 Ablation) All Waveform Terms Off,False,100,100,0,0.0,100,90,0,0.9,0.9,1.6610002641,8.30000029,383.32,423.3,1.8249042500028736,100,0,0,0,0,1.0,0.0,0.0,0.0,0.0,1.0,5.89,0.0,0.0,0.0,0.0,0.0,,0.0,0.0,1.724859499001468,0.0023750369509798475,0.0,0.09706529704271816,1.824299832995166,1.724859499001468,0.09706529704271816
20260703_185002_516173,b0da4d9216a2bbfcc818675c756bd436b7c3e50f537880fa75c56fd8774d8151,6,2187632397,1367392824,2187632397,6,100,50,60,5,30,10.0,120,current,Optimized Pattern Generator,dynamic_session,Dynamic Session Pattern Assignment,50,6,360,0da71054f5d16856a133bafcb63dfd41dc2ffb40d254414ca1a78425a1c004fe,3699990483,3652664f6b65bef8a464a359e0285618591914d27d73a19a377abdc48e26c252,True,bayesian_windowed,A3) Bayesian Posterior + Hungarian + Lock,False,100,100,0,0.0,100,98,0,0.98,0.98,0.1513656740010252,0.9475791803098645,383.32,423.3,2.101123041997198,100,0,0,0,0,1.0,0.0,0.0,0.0,0.0,1.0,5.89,0.0,0.0,0.0,0.0,0.0,,0.0,0.0,1.698501834012859,0.31994870199559955,0.0,0.08201875599479536,2.100469292003254,1.698501834012859,0.08201875599479536
20260703_185002_516173,b0da4d9216a2bbfcc818675c756bd436b7c3e50f537880fa75c56fd8774d8151,6,2187632397,1856414635,2187632397,6,100,50,60,5,30,10.0,120,current,Optimized Pattern Generator,dynamic_session,Dynamic Session Pattern Assignment,50,6,360,0da71054f5d16856a133bafcb63dfd41dc2ffb40d254414ca1a78425a1c004fe,3699990483,3652664f6b65bef8a464a359e0285618591914d27d73a19a377abdc48e26c252,True,bayesian_windowed_lock_off,A3 Ablation) Lock Off,False,100,100,0,0.0,100,98,0,0.98,0.98,0.15146470399771186,0.9475791803098645,383.32,423.3,2.109840457997052,100,0,0,0,0,1.0,0.0,0.0,0.0,0.0,1.0,5.89,0.0,0.0,0.0,0.0,0.0,,0.0,0.0,1.7050628380384296,0.3216021230109618,0.0,0.08257820595463272,2.109243167004024,1.7050628380384296,0.08257820595463272
20260703_185002_516173,b0da4d9216a2bbfcc818675c756bd436b7c3e50f537880fa75c56fd8774d8151,6,2187632397,1977915822,2187632397,6,100,50,60,5,30,10.0,120,current,Optimized Pattern Generator,dynamic_session,Dynamic Session Pattern Assignment,50,6,360,0da71054f5d16856a133bafcb63dfd41dc2ffb40d254414ca1a78425a1c004fe,3699990483,3652664f6b65bef8a464a359e0285618591914d27d73a19a377abdc48e26c252,True,bayesian_windowed_memory_off,A3 Ablation) Posterior Memory Off,False,100,100,0,0.0,100,98,0,0.98,0.98,0.2987450719346866,1.3680845142897613,383.32,423.3,2.140750125006889,100,0,0,0,0,1.0,0.0,0.0,0.0,0.0,1.0,5.89,0.0,0.0,0.0,0.0,0.0,,0.0,0.0,1.7344131150093745,0.3214327850146219,0.0,0.08429297497059451,2.140138874994591,1.7344131150093745,0.08429297497059451
20260703_185002_516173,b0da4d9216a2bbfcc818675c756bd436b7c3e50f537880fa75c56fd8774d8151,6,2187632397,2395032862,2187632397,6,100,50,60,5,30,10.0,120,current,Optimized Pattern Generator,dynamic_session,Dynamic Session Pattern Assignment,50,6,360,0da71054f5d16856a133bafcb63dfd41dc2ffb40d254414ca1a78425a1c004fe,3699990483,3652664f6b65bef8a464a359e0285618591914d27d73a19a377abdc48e26c252,True,bayesian_windowed_timeprior_off,A3 Ablation) Time Prior Off,False,100,100,0,0.0,100,98,0,0.98,0.98,0.15332055078534013,0.9475791803098645,383.32,423.3,2.1946648329976597,100,0,0,0,0,1.0,0.0,0.0,0.0,0.0,1.0,5.89,0.0,0.0,0.0,0.0,0.0,,0.0,0.0,1.7780716220004251,0.3286665020350483,0.0,0.08732091796264285,2.1940590419981163,1.7780716220004251,0.08732091796264285
20260703_185002_516173,b0da4d9216a2bbfcc818675c756bd436b7c3e50f537880fa75c56fd8774d8151,6,2187632397,433795944,2187632397,6,100,50,60,5,30,10.0,120,current,Optimized Pattern Generator,dynamic_session,Dynamic Session Pattern Assignment,50,6,360,0da71054f5d16856a133bafcb63dfd41dc2ffb40d254414ca1a78425a1c004fe,3699990483,3652664f6b65bef8a464a359e0285618591914d27d73a19a377abdc48e26c252,True,bayesian_windowed_all_off,A3 Ablation) Time Prior + Memory + Lock Off,False,100,100,0,0.0,100,98,0,0.98,0.98,0.2999969082348309,1.3680845142897613,383.32,423.3,2.126676750005572,100,0,0,0,0,1.0,0.0,0.0,0.0,0.0,1.0,5.89,0.0,0.0,0.0,0.0,0.0,,0.0,0.0,1.708620959019754,0.3200736140352092,0.0,0.09740338494884782,2.126097958003811,1.708620959019754,0.09740338494884782
20260703_185002_516173,b0da4d9216a2bbfcc818675c756bd436b7c3e50f537880fa75c56fd8774d8151,7,2187632398,1233724834,2187632398,7,100,50,60,5,30,10.0,120,current,Optimized Pattern Generator,dynamic_session,Dynamic Session Pattern Assignment,50,6,360,a8428bdd906ebddabc4de154a782abfdebc22701ba206985e5ba696371ff7b9a,3699990480,f1d0cb5dc101d55de85f7f9c58023d70745c34c13f56607e720389496e189532,True,single_only,A1) Refined Cost + Greedy 1:1,True,100,100,0,0.0,100,96,0,0.96,0.96,1.2580078997287019,7.415504657019006,379.81,415.1,2.2332149159992696,100,0,0,0,0,1.0,0.0,0.0,0.0,0.0,1.0,6.1,0.0,0.0,0.0,0.0,0.0,,0.0,0.0,1.7833708729231148,0.364055121972342,0.0,0.08517221310466994,2.2325982080001268,1.7833708729231148,0.08517221310466994
20260703_185002_516173,b0da4d9216a2bbfcc818675c756bd436b7c3e50f537880fa75c56fd8774d8151,7,2187632398,1545686424,2187632398,7,100,50,60,5,30,10.0,120,current,Optimized Pattern Generator,dynamic_session,Dynamic Session Pattern Assignment,50,6,360,a8428bdd906ebddabc4de154a782abfdebc22701ba206985e5ba696371ff7b9a,3699990480,f1d0cb5dc101d55de85f7f9c58023d70745c34c13f56607e720389496e189532,True,single_only_dtw_off,A1 Ablation) DTW Off,False,100,100,0,0.0,100,94,0,0.94,0.94,1.0098335882333331,5.00000014,379.81,415.1,2.217806667002151,100,0,0,0,0,1.0,0.0,0.0,0.0,0.0,1.0,6.1,0.0,0.0,0.0,0.0,0.0,,0.0,0.0,1.7702978690431337,0.3622997899656184,0.0,0.08457896598702064,2.2171766249957727,1.7702978690431337,0.08457896598702064
20260703_185002_516173,b0da4d9216a2bbfcc818675c756bd436b7c3e50f537880fa75c56fd8774d8151,7,2187632398,866312296,2187632398,7,100,50,60,5,30,10.0,120,current,Optimized Pattern Generator,dynamic_session,Dynamic Session Pattern Assignment,50,6,360,a8428bdd906ebddabc4de154a782abfdebc22701ba206985e5ba696371ff7b9a,3699990480,f1d0cb5dc101d55de85f7f9c58023d70745c34c13f56607e720389496e189532,True,single_only_step_off,A1 Ablation) Step Signature Off,False,100,100,0,0.0,100,94,0,0.94,0.94,0.20881354076657174,1.1711095515142524,379.81,415.1,2.2302583749988116,100,0,0,0,0,1.0,0.0,0.0,0.0,0.0,1.0,6.1,0.0,0.0,0.0,0.0,0.0,,0.0,0.0,1.7820612909999909,0.3628952819708502,0.0,0.084668927025632,2.229625499996473,1.7820612909999909,0.084668927025632
20260703_185002_516173,b0da4d9216a2bbfcc818675c756bd436b7c3e50f537880fa75c56fd8774d8151,7,2187632398,1815193660,2187632398,7,100,50,60,5,30,10.0,120,current,Optimized Pattern Generator,dynamic_session,Dynamic Session Pattern Assignment,50,6,360,a8428bdd906ebddabc4de154a782abfdebc22701ba206985e5ba696371ff7b9a,3699990480,f1d0cb5dc101d55de85f7f9c58023d70745c34c13f56607e720389496e189532,True,single_only_all_off,A1 Ablation) All Waveform Terms Off,False,100,100,0,0.0,100,95,0,0.95,0.95,1.5590002505000005,8.40000042,379.81,415.1,1.902246917001321,100,0,0,0,0,1.0,0.0,0.0,0.0,0.0,1.0,6.1,0.0,0.0,0.0,0.0,0.0,,0.0,0.0,1.797578958045051,0.002420999044261407,0.0,0.10166129290882964,1.901661249998142,1.797578958045051,0.10166129290882964
20260703_185002_516173,b0da4d9216a2bbfcc818675c756bd436b7c3e50f537880fa75c56fd8774d8151,7,2187632398,2184921383,2187632398,7,100,50,60,5,30,10.0,120,current,Optimized Pattern Generator,dynamic_session,Dynamic Session Pattern Assignment,50,6,360,a8428bdd906ebddabc4de154a782abfdebc22701ba206985e5ba696371ff7b9a,3699990480,f1d0cb5dc101d55de85f7f9c58023d70745c34c13f56607e720389496e189532,True,nomura_original_interval_hungarian,A2) Corr+DTW + Hungarian,False,100,100,0,0.0,100,95,0,0.95,0.95,0.0930789558383261,0.5053251408381025,379.81,415.1,2.7751224169987836,100,0,0,0,0,1.0,0.0,0.0,0.0,0.0,1.0,6.1,0.0,0.0,0.0,0.0,0.0,,0.0,0.0,1.7705558760353597,0.8958497849671403,0.0,0.10809096400043927,2.7744966250029393,1.7705558760353597,0.10809096400043927
20260703_185002_516173,b0da4d9216a2bbfcc818675c756bd436b7c3e50f537880fa75c56fd8774d8151,7,2187632398,2176353869,2187632398,7,100,50,60,5,30,10.0,120,current,Optimized Pattern Generator,dynamic_session,Dynamic Session Pattern Assignment,50,6,360,a8428bdd906ebddabc4de154a782abfdebc22701ba206985e5ba696371ff7b9a,3699990480,f1d0cb5dc101d55de85f7f9c58023d70745c34c13f56607e720389496e189532,True,nomura_original_interval_hungarian_dtw_off,A2 Ablation) DTW Off (Corr-only),False,100,100,0,0.0,100,95,0,0.95,0.95,0.08800776975376301,0.34039441333413323,379.81,415.1,2.7414226659966516,100,0,0,0,0,1.0,0.0,0.0,0.0,0.0,1.0,6.1,0.0,0.0,0.0,0.0,0.0,,0.0,0.0,1.767346335000184,0.8907304110180121,0.0,0.08267562898254255,2.7407523750007385,1.767346335000184,0.08267562898254255
20260703_185002_516173,b0da4d9216a2bbfcc818675c756bd436b7c3e50f537880fa75c56fd8774d8151,7,2187632398,1055930913,2187632398,7,100,50,60,5,30,10.0,120,current,Optimized Pattern Generator,dynamic_session,Dynamic Session Pattern Assignment,50,6,360,a8428bdd906ebddabc4de154a782abfdebc22701ba206985e5ba696371ff7b9a,3699990480,f1d0cb5dc101d55de85f7f9c58023d70745c34c13f56607e720389496e189532,True,nomura_original_interval_hungarian_corr_off,A2 Ablation) Corr Off (DTW-only),False,100,100,0,0.0,100,93,0,0.93,0.93,2.4689999999999997e-07,4.9e-07,379.81,415.1,3.1727536670005065,100,0,0,0,0,1.0,0.0,0.0,0.0,0.0,1.0,6.1,0.0,0.0,0.0,0.0,0.0,,0.0,0.0,2.1074268330048653,0.9608626219487633,0.0,0.10383804504817817,3.1721275000018068,2.1074268330048653,0.10383804504817817
20260703_185002_516173,b0da4d9216a2bbfcc818675c756bd436b7c3e50f537880fa75c56fd8774d8151,7,2187632398,542446154,2187632398,7,100,50,60,5,30,10.0,120,current,Optimized Pattern Generator,dynamic_session,Dynamic Session Pattern Assignment,50,6,360,a8428bdd906ebddabc4de154a782abfdebc22701ba206985e5ba696371ff7b9a,3699990480,f1d0cb5dc101d55de85f7f9c58023d70745c34c13f56607e720389496e189532,True,nomura_original_interval_hungarian_all_off,A2 Ablation) All Waveform Terms Off,False,100,100,0,0.0,100,95,0,0.95,0.95,1.5590002505000005,8.40000042,379.81,415.1,1.8841837500003749,100,0,0,0,0,1.0,0.0,0.0,0.0,0.0,1.0,6.1,0.0,0.0,0.0,0.0,0.0,,0.0,0.0,1.780550883995602,0.002323116976185702,0.0,0.10066158202971565,1.8835355830015033,1.780550883995602,0.10066158202971565
20260703_185002_516173,b0da4d9216a2bbfcc818675c756bd436b7c3e50f537880fa75c56fd8774d8151,7,2187632398,1367392827,2187632398,7,100,50,60,5,30,10.0,120,current,Optimized Pattern Generator,dynamic_session,Dynamic Session Pattern Assignment,50,6,360,a8428bdd906ebddabc4de154a782abfdebc22701ba206985e5ba696371ff7b9a,3699990480,f1d0cb5dc101d55de85f7f9c58023d70745c34c13f56607e720389496e189532,True,bayesian_windowed,A3) Bayesian Posterior + Hungarian + Lock,False,100,100,0,0.0,100,99,0,0.99,0.99,0.1201241266964042,0.819528630946516,379.81,415.1,2.249945249997836,100,0,0,0,0,1.0,0.0,0.0,0.0,0.0,1.0,6.1,0.0,0.0,0.0,0.0,0.0,,0.0,0.0,1.82659538200096,0.3383256690140115,0.0,0.08439415798784466,2.249315209002816,1.82659538200096,0.08439415798784466
20260703_185002_516173,b0da4d9216a2bbfcc818675c756bd436b7c3e50f537880fa75c56fd8774d8151,7,2187632398,1856414632,2187632398,7,100,50,60,5,30,10.0,120,current,Optimized Pattern Generator,dynamic_session,Dynamic Session Pattern Assignment,50,6,360,a8428bdd906ebddabc4de154a782abfdebc22701ba206985e5ba696371ff7b9a,3699990480,f1d0cb5dc101d55de85f7f9c58023d70745c34c13f56607e720389496e189532,True,bayesian_windowed_lock_off,A3 Ablation) Lock Off,False,100,100,0,0.0,100,99,0,0.99,0.99,0.12020480602181434,0.819528630946516,379.81,415.1,2.2830938749975758,100,0,0,0,0,1.0,0.0,0.0,0.0,0.0,1.0,6.1,0.0,0.0,0.0,0.0,0.0,,0.0,0.0,1.8513648379957885,0.34411842103872914,0.0,0.08697111596848117,2.282454375002999,1.8513648379957885,0.08697111596848117
20260703_185002_516173,b0da4d9216a2bbfcc818675c756bd436b7c3e50f537880fa75c56fd8774d8151,7,2187632398,1977915821,2187632398,7,100,50,60,5,30,10.0,120,current,Optimized Pattern Generator,dynamic_session,Dynamic Session Pattern Assignment,50,6,360,a8428bdd906ebddabc4de154a782abfdebc22701ba206985e5ba696371ff7b9a,3699990480,f1d0cb5dc101d55de85f7f9c58023d70745c34c13f56607e720389496e189532,True,bayesian_windowed_memory_off,A3 Ablation) Posterior Memory Off,False,100,100,0,0.0,100,96,0,0.96,0.96,0.23115103405167328,0.9539404883771097,379.81,415.1,2.308639499999117,100,0,0,0,0,1.0,0.0,0.0,0.0,0.0,1.0,6.1,0.0,0.0,0.0,0.0,0.0,,0.0,0.0,1.8716260409346432,0.34522875097900396,0.0,0.09116437508782838,2.3080191670014756,1.8716260409346432,0.09116437508782838
20260703_185002_516173,b0da4d9216a2bbfcc818675c756bd436b7c3e50f537880fa75c56fd8774d8151,7,2187632398,2395032861,2187632398,7,100,50,60,5,30,10.0,120,current,Optimized Pattern Generator,dynamic_session,Dynamic Session Pattern Assignment,50,6,360,a8428bdd906ebddabc4de154a782abfdebc22701ba206985e5ba696371ff7b9a,3699990480,f1d0cb5dc101d55de85f7f9c58023d70745c34c13f56607e720389496e189532,True,bayesian_windowed_timeprior_off,A3 Ablation) Time Prior Off,False,100,100,0,0.0,100,99,0,0.99,0.99,0.12055490128303699,0.819528630946516,379.81,415.1,2.2925797079951735,100,0,0,0,0,1.0,0.0,0.0,0.0,0.0,1.0,6.1,0.0,0.0,0.0,0.0,0.0,,0.0,0.0,1.8619691660496756,0.34464754594955593,0.0,0.08538320400111843,2.29199991600035,1.8619691660496756,0.08538320400111843
20260703_185002_516173,b0da4d9216a2bbfcc818675c756bd436b7c3e50f537880fa75c56fd8774d8151,7,2187632398,433795947,2187632398,7,100,50,60,5,30,10.0,120,current,Optimized Pattern Generator,dynamic_session,Dynamic Session Pattern Assignment,50,6,360,a8428bdd906ebddabc4de154a782abfdebc22701ba206985e5ba696371ff7b9a,3699990480,f1d0cb5dc101d55de85f7f9c58023d70745c34c13f56607e720389496e189532,True,bayesian_windowed_all_off,A3 Ablation) Time Prior + Memory + Lock Off,False,100,100,0,0.0,100,96,0,0.96,0.96,0.23173819055050443,0.9539404883771097,379.81,415.1,2.3097524999975576,100,0,0,0,0,1.0,0.0,0.0,0.0,0.0,1.0,6.1,0.0,0.0,0.0,0.0,0.0,,0.0,0.0,1.8670755389975966,0.3417445359955309,0.0,0.10030334200564539,2.309123416998773,1.8670755389975966,0.10030334200564539
20260703_185002_516173,b0da4d9216a2bbfcc818675c756bd436b7c3e50f537880fa75c56fd8774d8151,8,2187632399,1233724835,2187632399,8,100,50,60,5,30,10.0,120,current,Optimized Pattern Generator,dynamic_session,Dynamic Session Pattern Assignment,50,6,360,ef643c860c353bf82e13213f461ae069eb982a580f5c594aad376f677a707110,3699990481,41e12a92ebc777de1d35951acf88d0d1edb31961b9156c5f8d01b74ee5a677e9,True,single_only,A1) Refined Cost + Greedy 1:1,True,100,100,0,0.0,100,97,0,0.97,0.97,1.0952752613017307,4.9498310499095695,381.72,411.3,2.3825529999958235,100,0,0,0,0,1.0,0.0,0.0,0.0,0.0,1.0,6.49,0.0,0.0,0.0,0.0,0.0,,0.0,0.0,1.910370500991121,0.3892490439902758,0.0,0.0822586210197187,2.3818781660011155,1.910370500991121,0.0822586210197187
20260703_185002_516173,b0da4d9216a2bbfcc818675c756bd436b7c3e50f537880fa75c56fd8774d8151,8,2187632399,1545686425,2187632399,8,100,50,60,5,30,10.0,120,current,Optimized Pattern Generator,dynamic_session,Dynamic Session Pattern Assignment,50,6,360,ef643c860c353bf82e13213f461ae069eb982a580f5c594aad376f677a707110,3699990481,41e12a92ebc777de1d35951acf88d0d1edb31961b9156c5f8d01b74ee5a677e9,True,single_only_dtw_off,A1 Ablation) DTW Off,False,100,100,0,0.0,100,98,0,0.98,0.98,0.8492669148666667,3.886666926666667,381.72,411.3,2.390634791001503,100,0,0,0,0,1.0,0.0,0.0,0.0,0.0,1.0,6.49,0.0,0.0,0.0,0.0,0.0,,0.0,0.0,1.9173715000288212,0.38906604101794073,0.0,0.08357325095857959,2.3900107920053415,1.9173715000288212,0.08357325095857959
20260703_185002_516173,b0da4d9216a2bbfcc818675c756bd436b7c3e50f537880fa75c56fd8774d8151,8,2187632399,866312297,2187632399,8,100,50,60,5,30,10.0,120,current,Optimized Pattern Generator,dynamic_session,Dynamic Session Pattern Assignment,50,6,360,ef643c860c353bf82e13213f461ae069eb982a580f5c594aad376f677a707110,3699990481,41e12a92ebc777de1d35951acf88d0d1edb31961b9156c5f8d01b74ee5a677e9,True,single_only_step_off,A1 Ablation) Step Signature Off,False,100,100,0,0.0,100,95,0,0.95,0.95,0.22553824399577965,0.9883184926500854,381.72,411.3,2.4080514590023085,100,0,0,0,0,1.0,0.0,0.0,0.0,0.0,1.0,6.49,0.0,0.0,0.0,0.0,0.0,,0.0,0.0,1.9347432030481286,0.39028074603993446,0.0,0.08241275891487021,2.4074367080029333,1.9347432030481286,0.08241275891487021
20260703_185002_516173,b0da4d9216a2bbfcc818675c756bd436b7c3e50f537880fa75c56fd8774d8151,8,2187632399,1815193661,2187632399,8,100,50,60,5,30,10.0,120,current,Optimized Pattern Generator,dynamic_session,Dynamic Session Pattern Assignment,50,6,360,ef643c860c353bf82e13213f461ae069eb982a580f5c594aad376f677a707110,3699990481,41e12a92ebc777de1d35951acf88d0d1edb31961b9156c5f8d01b74ee5a677e9,True,single_only_all_off,A1 Ablation) All Waveform Terms Off,False,100,100,0,0.0,100,92,0,0.92,0.92,1.66900025,7.800000140000001,381.72,411.3,1.9792571250000037,100,0,0,0,0,1.0,0.0,0.0,0.0,0.0,1.0,6.49,0.0,0.0,0.0,0.0,0.0,,0.0,0.0,1.8792297480249545,0.002224540992756374,0.0,0.09721600298507838,1.9786702920027892,1.8792297480249545,0.09721600298507838
20260703_185002_516173,b0da4d9216a2bbfcc818675c756bd436b7c3e50f537880fa75c56fd8774d8151,8,2187632399,2184921382,2187632399,8,100,50,60,5,30,10.0,120,current,Optimized Pattern Generator,dynamic_session,Dynamic Session Pattern Assignment,50,6,360,ef643c860c353bf82e13213f461ae069eb982a580f5c594aad376f677a707110,3699990481,41e12a92ebc777de1d35951acf88d0d1edb31961b9156c5f8d01b74ee5a677e9,True,nomura_original_interval_hungarian,A2) Corr+DTW + Hungarian,False,100,100,0,0.0,100,94,0,0.94,0.94,0.09376089207888853,0.44909357206654305,381.72,411.3,2.941413790998922,100,0,0,0,0,1.0,0.0,0.0,0.0,0.0,1.0,6.49,0.0,0.0,0.0,0.0,0.0,,0.0,0.0,1.897811290997197,0.9612070819930523,0.0,0.08178166901052464,2.940800042000774,1.897811290997197,0.08178166901052464
20260703_185002_516173,b0da4d9216a2bbfcc818675c756bd436b7c3e50f537880fa75c56fd8774d8151,8,2187632399,2176353868,2187632399,8,100,50,60,5,30,10.0,120,current,Optimized Pattern Generator,dynamic_session,Dynamic Session Pattern Assignment,50,6,360,ef643c860c353bf82e13213f461ae069eb982a580f5c594aad376f677a707110,3699990481,41e12a92ebc777de1d35951acf88d0d1edb31961b9156c5f8d01b74ee5a677e9,True,nomura_original_interval_hungarian_dtw_off,A2 Ablation) DTW Off (Corr-only),False,100,100,0,0.0,100,95,0,0.95,0.95,0.08757629484493121,0.329414386008752,381.72,411.3,2.9111585420032497,100,0,0,0,0,1.0,0.0,0.0,0.0,0.0,1.0,6.49,0.0,0.0,0.0,0.0,0.0,,0.0,0.0,1.8795654589994228,0.9472496589587536,0.0,0.08371838204038795,2.9105334999985644,1.8795654589994228,0.08371838204038795
20260703_185002_516173,b0da4d9216a2bbfcc818675c756bd436b7c3e50f537880fa75c56fd8774d8151,8,2187632399,1055930912,2187632399,8,100,50,60,5,30,10.0,120,current,Optimized Pattern Generator,dynamic_session,Dynamic Session Pattern Assignment,50,6,360,ef643c860c353bf82e13213f461ae069eb982a580f5c594aad376f677a707110,3699990481,41e12a92ebc777de1d35951acf88d0d1edb31961b9156c5f8d01b74ee5a677e9,True,nomura_original_interval_hungarian_corr_off,A2 Ablation) Corr Off (DTW-only),False,100,100,0,0.0,100,94,0,0.94,0.94,0.0029483197657916614,0.2948071365791662,381.72,411.3,2.9723241250030696,100,0,0,0,0,1.0,0.0,0.0,0.0,0.0,1.0,6.49,0.0,0.0,0.0,0.0,0.0,,0.0,0.0,1.9208134139771573,0.9664248749686521,0.0,0.08444479405443417,2.9716830830002436,1.9208134139771573,0.08444479405443417
20260703_185002_516173,b0da4d9216a2bbfcc818675c756bd436b7c3e50f537880fa75c56fd8774d8151,8,2187632399,542446155,2187632399,8,100,50,60,5,30,10.0,120,current,Optimized Pattern Generator,dynamic_session,Dynamic Session Pattern Assignment,50,6,360,ef643c860c353bf82e13213f461ae069eb982a580f5c594aad376f677a707110,3699990481,41e12a92ebc777de1d35951acf88d0d1edb31961b9156c5f8d01b74ee5a677e9,True,nomura_original_interval_hungarian_all_off,A2 Ablation) All Waveform Terms Off,False,100,100,0,0.0,100,92,0,0.92,0.92,1.66900025,7.800000140000001,381.72,411.3,2.0179483329993673,100,0,0,0,0,1.0,0.0,0.0,0.0,0.0,1.0,6.49,0.0,0.0,0.0,0.0,0.0,,0.0,0.0,1.9323083359995508,0.002464163990225643,0.0,0.08246370800770819,2.0172362079974846,1.9323083359995508,0.08246370800770819
20260703_185002_516173,b0da4d9216a2bbfcc818675c756bd436b7c3e50f537880fa75c56fd8774d8151,8,2187632399,1367392826,2187632399,8,100,50,60,5,30,10.0,120,current,Optimized Pattern Generator,dynamic_session,Dynamic Session Pattern Assignment,50,6,360,ef643c860c353bf82e13213f461ae069eb982a580f5c594aad376f677a707110,3699990481,41e12a92ebc777de1d35951acf88d0d1edb31961b9156c5f8d01b74ee5a677e9,True,bayesian_windowed,A3) Bayesian Posterior + Hungarian + Lock,False,100,100,0,0.0,100,99,0,0.99,0.99,0.14753157528667624,0.9662858992008276,381.72,411.3,2.340381084002729,100,0,0,0,0,1.0,0.0,0.0,0.0,0.0,1.0,6.49,0.0,0.0,0.0,0.0,0.0,,0.0,0.0,1.888192086968047,0.3513379940268351,0.0,0.10023662800085731,2.3397667089957395,1.888192086968047,0.10023662800085731
20260703_185002_516173,b0da4d9216a2bbfcc818675c756bd436b7c3e50f537880fa75c56fd8774d8151,8,2187632399,1856414633,2187632399,8,100,50,60,5,30,10.0,120,current,Optimized Pattern Generator,dynamic_session,Dynamic Session Pattern Assignment,50,6,360,ef643c860c353bf82e13213f461ae069eb982a580f5c594aad376f677a707110,3699990481,41e12a92ebc777de1d35951acf88d0d1edb31961b9156c5f8d01b74ee5a677e9,True,bayesian_windowed_lock_off,A3 Ablation) Lock Off,False,100,100,0,0.0,100,99,0,0.99,0.99,0.1475889999411413,0.9662858992008276,381.72,411.3,2.443812125005934,100,0,0,0,0,1.0,0.0,0.0,0.0,0.0,1.0,6.49,0.0,0.0,0.0,0.0,0.0,,0.0,0.0,1.9868748699955177,0.3706969110426144,0.0,0.08559546896140091,2.443167249999533,1.9868748699955177,0.08559546896140091
20260703_185002_516173,b0da4d9216a2bbfcc818675c756bd436b7c3e50f537880fa75c56fd8774d8151,8,2187632399,1977915820,2187632399,8,100,50,60,5,30,10.0,120,current,Optimized Pattern Generator,dynamic_session,Dynamic Session Pattern Assignment,50,6,360,ef643c860c353bf82e13213f461ae069eb982a580f5c594aad376f677a707110,3699990481,41e12a92ebc777de1d35951acf88d0d1edb31961b9156c5f8d01b74ee5a677e9,True,bayesian_windowed_memory_off,A3 Ablation) Posterior Memory Off,False,100,100,0,0.0,100,97,0,0.97,0.97,0.2772612264634201,1.4217560573508308,381.72,411.3,2.329988625002443,100,0,0,0,0,1.0,0.0,0.0,0.0,0.0,1.0,6.49,0.0,0.0,0.0,0.0,0.0,,0.0,0.0,1.8934630010116962,0.3516960390334134,0.0,0.0842097099593957,2.3293687500045053,1.8934630010116962,0.0842097099593957
20260703_185002_516173,b0da4d9216a2bbfcc818675c756bd436b7c3e50f537880fa75c56fd8774d8151,8,2187632399,2395032860,2187632399,8,100,50,60,5,30,10.0,120,current,Optimized Pattern Generator,dynamic_session,Dynamic Session Pattern Assignment,50,6,360,ef643c860c353bf82e13213f461ae069eb982a580f5c594aad376f677a707110,3699990481,41e12a92ebc777de1d35951acf88d0d1edb31961b9156c5f8d01b74ee5a677e9,True,bayesian_windowed_timeprior_off,A3 Ablation) Time Prior Off,False,100,100,0,0.0,100,99,0,0.99,0.99,0.14857947233400381,0.9663832769075036,381.72,411.3,2.3257599159987876,100,0,0,0,0,1.0,0.0,0.0,0.0,0.0,1.0,6.49,0.0,0.0,0.0,0.0,0.0,,0.0,0.0,1.8914413760066964,0.3516827849962283,0.0,0.0820075889932923,2.325131749996217,1.8914413760066964,0.0820075889932923
20260703_185002_516173,b0da4d9216a2bbfcc818675c756bd436b7c3e50f537880fa75c56fd8774d8151,8,2187632399,433795946,2187632399,8,100,50,60,5,30,10.0,120,current,Optimized Pattern Generator,dynamic_session,Dynamic Session Pattern Assignment,50,6,360,ef643c860c353bf82e13213f461ae069eb982a580f5c594aad376f677a707110,3699990481,41e12a92ebc777de1d35951acf88d0d1edb31961b9156c5f8d01b74ee5a677e9,True,bayesian_windowed_all_off,A3 Ablation) Time Prior + Memory + Lock Off,False,100,100,0,0.0,100,97,0,0.97,0.97,0.2782106242836977,1.4220316897409384,381.72,411.3,2.3722010829951614,100,0,0,0,0,1.0,0.0,0.0,0.0,0.0,1.0,6.49,0.0,0.0,0.0,0.0,0.0,,0.0,0.0,1.9291426770068938,0.3577606310136616,0.0,0.08468385897867847,2.371587166999234,1.9291426770068938,0.08468385897867847
20260703_185002_516173,b0da4d9216a2bbfcc818675c756bd436b7c3e50f537880fa75c56fd8774d8151,9,2187632400,1233724860,2187632400,9,100,50,60,5,30,10.0,120,current,Optimized Pattern Generator,dynamic_session,Dynamic Session Pattern Assignment,50,6,360,c1040e400467ceb49f5ad847acf1bee48185264b691affa09337a53c2df8c357,3699990478,088d7b0f253f5395ee7611e32144c4caac3f064aefbf34890ec2b332f8a34b82,True,single_only,A1) Refined Cost + Greedy 1:1,True,100,100,0,0.0,100,99,0,0.99,0.99,1.1756573324171482,5.151628951008598,380.97,406.0,2.2874362920047133,100,0,0,0,0,1.0,0.0,0.0,0.0,0.0,1.0,6.26,0.0,0.0,0.0,0.0,0.0,,0.0,0.0,1.831289753987221,0.3718874560217955,0.0,0.08360137299314374,2.2867785830021603,1.831289753987221,0.08360137299314374
20260703_185002_516173,b0da4d9216a2bbfcc818675c756bd436b7c3e50f537880fa75c56fd8774d8151,9,2187632400,1545686406,2187632400,9,100,50,60,5,30,10.0,120,current,Optimized Pattern Generator,dynamic_session,Dynamic Session Pattern Assignment,50,6,360,c1040e400467ceb49f5ad847acf1bee48185264b691affa09337a53c2df8c357,3699990478,088d7b0f253f5395ee7611e32144c4caac3f064aefbf34890ec2b332f8a34b82,True,single_only_dtw_off,A1 Ablation) DTW Off,False,100,100,0,0.0,100,95,0,0.95,0.95,0.9070669316666666,4.213333773333334,380.97,406.0,2.2899349159997655,100,0,0,0,0,1.0,0.0,0.0,0.0,0.0,1.0,6.26,0.0,0.0,0.0,0.0,0.0,,0.0,0.0,1.8335992909778724,0.37278217201674124,0.0,0.08293337100622011,2.289314834000834,1.8335992909778724,0.08293337100622011
20260703_185002_516173,b0da4d9216a2bbfcc818675c756bd436b7c3e50f537880fa75c56fd8774d8151,9,2187632400,866312310,2187632400,9,100,50,60,5,30,10.0,120,current,Optimized Pattern Generator,dynamic_session,Dynamic Session Pattern Assignment,50,6,360,c1040e400467ceb49f5ad847acf1bee48185264b691affa09337a53c2df8c357,3699990478,088d7b0f253f5395ee7611e32144c4caac3f064aefbf34890ec2b332f8a34b82,True,single_only_step_off,A1 Ablation) Step Signature Off,False,100,100,0,0.0,100,93,0,0.93,0.93,0.25575354369403075,1.877544847592201,380.97,406.0,2.357789915993635,100,0,0,0,0,1.0,0.0,0.0,0.0,0.0,1.0,6.26,0.0,0.0,0.0,0.0,0.0,,0.0,0.0,1.8972952530239127,0.37734720501612173,0.0,0.08218079195648897,2.3568232499965234,1.8972952530239127,0.08218079195648897
20260703_185002_516173,b0da4d9216a2bbfcc818675c756bd436b7c3e50f537880fa75c56fd8774d8151,9,2187632400,1815193634,2187632400,9,100,50,60,5,30,10.0,120,current,Optimized Pattern Generator,dynamic_session,Dynamic Session Pattern Assignment,50,6,360,c1040e400467ceb49f5ad847acf1bee48185264b691affa09337a53c2df8c357,3699990478,088d7b0f253f5395ee7611e32144c4caac3f064aefbf34890ec2b332f8a34b82,True,single_only_all_off,A1 Ablation) All Waveform Terms Off,False,100,100,0,0.0,100,88,0,0.88,0.88,1.5400002576000003,8.50000037,380.97,406.0,2.0157592499963357,100,0,0,0,0,1.0,0.0,0.0,0.0,0.0,1.0,6.26,0.0,0.0,0.0,0.0,0.0,,0.0,0.0,1.907068995955342,0.0024941609808593057,0.0,0.10546617606451036,2.0150293330007116,1.907068995955342,0.10546617606451036
20260703_185002_516173,b0da4d9216a2bbfcc818675c756bd436b7c3e50f537880fa75c56fd8774d8151,9,2187632400,2184921401,2187632400,9,100,50,60,5,30,10.0,120,current,Optimized Pattern Generator,dynamic_session,Dynamic Session Pattern Assignment,50,6,360,c1040e400467ceb49f5ad847acf1bee48185264b691affa09337a53c2df8c357,3699990478,088d7b0f253f5395ee7611e32144c4caac3f064aefbf34890ec2b332f8a34b82,True,nomura_original_interval_hungarian,A2) Corr+DTW + Hungarian,False,100,100,0,0.0,100,93,0,0.93,0.93,0.10511452617077076,0.6267828137374534,380.97,406.0,2.873561915999744,100,0,0,0,0,1.0,0.0,0.0,0.0,0.0,1.0,6.26,0.0,0.0,0.0,0.0,0.0,,0.0,0.0,1.8640007539797807,0.9173632890087902,0.0,0.09158504001243273,2.8729490830010036,1.8640007539797807,0.09158504001243273
20260703_185002_516173,b0da4d9216a2bbfcc818675c756bd436b7c3e50f537880fa75c56fd8774d8151,9,2187632400,2176353875,2187632400,9,100,50,60,5,30,10.0,120,current,Optimized Pattern Generator,dynamic_session,Dynamic Session Pattern Assignment,50,6,360,c1040e400467ceb49f5ad847acf1bee48185264b691affa09337a53c2df8c357,3699990478,088d7b0f253f5395ee7611e32144c4caac3f064aefbf34890ec2b332f8a34b82,True,nomura_original_interval_hungarian_dtw_off,A2 Ablation) DTW Off (Corr-only),False,100,100,0,0.0,100,94,0,0.94,0.94,0.09768742330494526,0.49435162142722916,380.97,406.0,2.9189574170013657,100,0,0,0,0,1.0,0.0,0.0,0.0,0.0,1.0,6.26,0.0,0.0,0.0,0.0,0.0,,0.0,0.0,1.9112145799663267,0.9230432059557643,0.0,0.08407275507488521,2.918330540996976,1.9112145799663267,0.08407275507488521
20260703_185002_516173,b0da4d9216a2bbfcc818675c756bd436b7c3e50f537880fa75c56fd8774d8151,9,2187632400,1055930943,2187632400,9,100,50,60,5,30,10.0,120,current,Optimized Pattern Generator,dynamic_session,Dynamic Session Pattern Assignment,50,6,360,c1040e400467ceb49f5ad847acf1bee48185264b691affa09337a53c2df8c357,3699990478,088d7b0f253f5395ee7611e32144c4caac3f064aefbf34890ec2b332f8a34b82,True,nomura_original_interval_hungarian_corr_off,A2 Ablation) Corr Off (DTW-only),False,100,100,0,0.0,100,92,0,0.92,0.92,0.00033976271357934976,0.03395054135793498,380.97,406.0,2.8275361670021084,100,0,0,0,0,1.0,0.0,0.0,0.0,0.0,1.0,6.26,0.0,0.0,0.0,0.0,0.0,,0.0,0.0,1.8315889199802768,0.9108147079969058,0.0,0.08453299701795913,2.8269366249951418,1.8315889199802768,0.08453299701795913
20260703_185002_516173,b0da4d9216a2bbfcc818675c756bd436b7c3e50f537880fa75c56fd8774d8151,9,2187632400,542446164,2187632400,9,100,50,60,5,30,10.0,120,current,Optimized Pattern Generator,dynamic_session,Dynamic Session Pattern Assignment,50,6,360,c1040e400467ceb49f5ad847acf1bee48185264b691affa09337a53c2df8c357,3699990478,088d7b0f253f5395ee7611e32144c4caac3f064aefbf34890ec2b332f8a34b82,True,nomura_original_interval_hungarian_all_off,A2 Ablation) All Waveform Terms Off,False,100,100,0,0.0,100,88,0,0.88,0.88,1.5400002576000003,8.50000037,380.97,406.0,1.918166832998395,100,0,0,0,0,1.0,0.0,0.0,0.0,0.0,1.0,6.26,0.0,0.0,0.0,0.0,0.0,,0.0,0.0,1.8334379619918764,0.0022049190374673344,0.0,0.08189386896992801,1.9175367499992717,1.8334379619918764,0.08189386896992801
20260703_185002_516173,b0da4d9216a2bbfcc818675c756bd436b7c3e50f537880fa75c56fd8774d8151,9,2187632400,1367392805,2187632400,9,100,50,60,5,30,10.0,120,current,Optimized Pattern Generator,dynamic_session,Dynamic Session Pattern Assignment,50,6,360,c1040e400467ceb49f5ad847acf1bee48185264b691affa09337a53c2df8c357,3699990478,088d7b0f253f5395ee7611e32144c4caac3f064aefbf34890ec2b332f8a34b82,True,bayesian_windowed,A3) Bayesian Posterior + Hungarian + Lock,False,100,100,0,0.0,100,99,0,0.99,0.99,0.14087992111447847,1.2539230067048766,380.97,406.0,2.397759749997931,100,0,0,0,0,1.0,0.0,0.0,0.0,0.0,1.0,6.26,0.0,0.0,0.0,0.0,0.0,,0.0,0.0,1.942139333987143,0.34951674901822116,0.0,0.10534812499099644,2.3970042079963605,1.942139333987143,0.10534812499099644
20260703_185002_516173,b0da4d9216a2bbfcc818675c756bd436b7c3e50f537880fa75c56fd8774d8151,9,2187632400,1856414646,2187632400,9,100,50,60,5,30,10.0,120,current,Optimized Pattern Generator,dynamic_session,Dynamic Session Pattern Assignment,50,6,360,c1040e400467ceb49f5ad847acf1bee48185264b691affa09337a53c2df8c357,3699990478,088d7b0f253f5395ee7611e32144c4caac3f064aefbf34890ec2b332f8a34b82,True,bayesian_windowed_lock_off,A3 Ablation) Lock Off,False,100,100,0,0.0,100,99,0,0.99,0.99,0.14091496723498065,1.2539230067048766,380.97,406.0,2.291673042003822,100,0,0,0,0,1.0,0.0,0.0,0.0,0.0,1.0,6.26,0.0,0.0,0.0,0.0,0.0,,0.0,0.0,1.8653988750302233,0.34043691397528164,0.0,0.0851941279906896,2.2910299169961945,1.8653988750302233,0.0851941279906896
20260703_185002_516173,b0da4d9216a2bbfcc818675c756bd436b7c3e50f537880fa75c56fd8774d8151,9,2187632400,1977915827,2187632400,9,100,50,60,5,30,10.0,120,current,Optimized Pattern Generator,dynamic_session,Dynamic Session Pattern Assignment,50,6,360,c1040e400467ceb49f5ad847acf1bee48185264b691affa09337a53c2df8c357,3699990478,088d7b0f253f5395ee7611e32144c4caac3f064aefbf34890ec2b332f8a34b82,True,bayesian_windowed_memory_off,A3 Ablation) Posterior Memory Off,False,100,100,0,0.0,100,99,0,0.99,0.99,0.2527634948921971,1.4819416456837005,380.97,406.0,2.2609416249979404,100,0,0,0,0,1.0,0.0,0.0,0.0,0.0,1.0,6.26,0.0,0.0,0.0,0.0,0.0,,0.0,0.0,1.835587002991815,0.34002554598555434,0.0,0.08467915902292589,2.2602917080002953,1.835587002991815,0.08467915902292589
20260703_185002_516173,b0da4d9216a2bbfcc818675c756bd436b7c3e50f537880fa75c56fd8774d8151,9,2187632400,2395032835,2187632400,9,100,50,60,5,30,10.0,120,current,Optimized Pattern Generator,dynamic_session,Dynamic Session Pattern Assignment,50,6,360,c1040e400467ceb49f5ad847acf1bee48185264b691affa09337a53c2df8c357,3699990478,088d7b0f253f5395ee7611e32144c4caac3f064aefbf34890ec2b332f8a34b82,True,bayesian_windowed_timeprior_off,A3 Ablation) Time Prior Off,False,100,100,0,0.0,100,99,0,0.99,0.99,0.14236693948708776,1.2539230067048766,380.97,406.0,2.3167791250016307,100,0,0,0,0,1.0,0.0,0.0,0.0,0.0,1.0,6.26,0.0,0.0,0.0,0.0,0.0,,0.0,0.0,1.8903210020289407,0.34066891296970425,0.0,0.085154168002191,2.316144083000836,1.8903210020289407,0.085154168002191
20260703_185002_516173,b0da4d9216a2bbfcc818675c756bd436b7c3e50f537880fa75c56fd8774d8151,9,2187632400,433795957,2187632400,9,100,50,60,5,30,10.0,120,current,Optimized Pattern Generator,dynamic_session,Dynamic Session Pattern Assignment,50,6,360,c1040e400467ceb49f5ad847acf1bee48185264b691affa09337a53c2df8c357,3699990478,088d7b0f253f5395ee7611e32144c4caac3f064aefbf34890ec2b332f8a34b82,True,bayesian_windowed_all_off,A3 Ablation) Time Prior + Memory + Lock Off,False,100,100,0,0.0,100,99,0,0.99,0.99,0.25372704334175006,1.4819416456837005,380.97,406.0,2.2697853749996284,100,0,0,0,0,1.0,0.0,0.0,0.0,0.0,1.0,6.26,0.0,0.0,0.0,0.0,0.0,,0.0,0.0,1.846085999000934,0.33977187200798653,0.0,0.08327616998576559,2.269134040994686,1.846085999000934,0.08327616998576559
20260703_185002_516173,b0da4d9216a2bbfcc818675c756bd436b7c3e50f537880fa75c56fd8774d8151,10,2187632401,1233724861,2187632401,10,100,50,60,5,30,10.0,120,current,Optimized Pattern Generator,dynamic_session,Dynamic Session Pattern Assignment,50,6,360,0c74724d9f0bddd6fa05d5949979d5548e8a8327c7984b0ba4bc2644b8b85eb8,3699990479,9ff90e202e3dd3c5e5d30047de8f1a0e8623f0f637ca6c941f92b1aaa5aa4210,True,single_only,A1) Refined Cost + Greedy 1:1,True,100,100,0,0.0,100,100,0,1.0,1.0,1.1036766074341393,5.423709486519197,379.93,416.1,2.2483496669956367,100,0,0,0,0,1.0,0.0,0.0,0.0,0.0,1.0,6.2,0.0,0.0,0.0,0.0,0.0,,0.0,0.0,1.7944806259765755,0.3665928679984063,0.0,0.08667533902189462,2.2477488329968764,1.7944806259765755,0.08667533902189462
20260703_185002_516173,b0da4d9216a2bbfcc818675c756bd436b7c3e50f537880fa75c56fd8774d8151,10,2187632401,1545686407,2187632401,10,100,50,60,5,30,10.0,120,current,Optimized Pattern Generator,dynamic_session,Dynamic Session Pattern Assignment,50,6,360,0c74724d9f0bddd6fa05d5949979d5548e8a8327c7984b0ba4bc2644b8b85eb8,3699990479,9ff90e202e3dd3c5e5d30047de8f1a0e8623f0f637ca6c941f92b1aaa5aa4210,True,single_only_dtw_off,A1 Ablation) DTW Off,False,100,100,0,0.0,100,97,0,0.97,0.97,0.8989669229666666,3.0533333833333334,379.93,416.1,2.340280124997662,100,0,0,0,0,1.0,0.0,0.0,0.0,0.0,1.0,6.2,0.0,0.0,0.0,0.0,0.0,,0.0,0.0,1.8803289179923013,0.37620519795746077,0.0,0.08313684305176139,2.3396709590015234,1.8803289179923013,0.08313684305176139
20260703_185002_516173,b0da4d9216a2bbfcc818675c756bd436b7c3e50f537880fa75c56fd8774d8151,10,2187632401,866312311,2187632401,10,100,50,60,5,30,10.0,120,current,Optimized Pattern Generator,dynamic_session,Dynamic Session Pattern Assignment,50,6,360,0c74724d9f0bddd6fa05d5949979d5548e8a8327c7984b0ba4bc2644b8b85eb8,3699990479,9ff90e202e3dd3c5e5d30047de8f1a0e8623f0f637ca6c941f92b1aaa5aa4210,True,single_only_step_off,A1 Ablation) Step Signature Off,False,100,100,0,0.0,100,98,0,0.98,0.98,0.18836740255656725,1.4811964622476796,379.93,416.1,2.2366385830027866,100,0,0,0,0,1.0,0.0,0.0,0.0,0.0,1.0,6.2,0.0,0.0,0.0,0.0,0.0,,0.0,0.0,1.7887284610333154,0.36513954601832666,0.0,0.08216949295456288,2.236037500006205,1.7887284610333154,0.08216949295456288
20260703_185002_516173,b0da4d9216a2bbfcc818675c756bd436b7c3e50f537880fa75c56fd8774d8151,10,2187632401,1815193635,2187632401,10,100,50,60,5,30,10.0,120,current,Optimized Pattern Generator,dynamic_session,Dynamic Session Pattern Assignment,50,6,360,0c74724d9f0bddd6fa05d5949979d5548e8a8327c7984b0ba4bc2644b8b85eb8,3699990479,9ff90e202e3dd3c5e5d30047de8f1a0e8623f0f637ca6c941f92b1aaa5aa4210,True,single_only_all_off,A1 Ablation) All Waveform Terms Off,False,100,100,0,0.0,100,85,0,0.85,0.85,1.6680002494000001,7.900000090000001,379.93,416.1,1.8707136669981992,100,0,0,0,0,1.0,0.0,0.0,0.0,0.0,1.0,6.2,0.0,0.0,0.0,0.0,0.0,,0.0,0.0,1.785857544047758,0.002210624996223487,0.0,0.08198449795600027,1.8700526669999817,1.785857544047758,0.08198449795600027
20260703_185002_516173,b0da4d9216a2bbfcc818675c756bd436b7c3e50f537880fa75c56fd8774d8151,10,2187632401,2184921400,2187632401,10,100,50,60,5,30,10.0,120,current,Optimized Pattern Generator,dynamic_session,Dynamic Session Pattern Assignment,50,6,360,0c74724d9f0bddd6fa05d5949979d5548e8a8327c7984b0ba4bc2644b8b85eb8,3699990479,9ff90e202e3dd3c5e5d30047de8f1a0e8623f0f637ca6c941f92b1aaa5aa4210,True,nomura_original_interval_hungarian,A2) Corr+DTW + Hungarian,False,100,100,0,0.0,100,97,0,0.97,0.97,0.08216706552066075,0.45181346551695395,379.93,416.1,2.8154954580022604,100,0,0,0,0,1.0,0.0,0.0,0.0,0.0,1.0,6.2,0.0,0.0,0.0,0.0,0.0,,0.0,0.0,1.8026370890074759,0.9126246579908184,0.0,0.09960025300097186,2.814861999999266,1.8026370890074759,0.09960025300097186
20260703_185002_516173,b0da4d9216a2bbfcc818675c756bd436b7c3e50f537880fa75c56fd8774d8151,10,2187632401,2176353874,2187632401,10,100,50,60,5,30,10.0,120,current,Optimized Pattern Generator,dynamic_session,Dynamic Session Pattern Assignment,50,6,360,0c74724d9f0bddd6fa05d5949979d5548e8a8327c7984b0ba4bc2644b8b85eb8,3699990479,9ff90e202e3dd3c5e5d30047de8f1a0e8623f0f637ca6c941f92b1aaa5aa4210,True,nomura_original_interval_hungarian_dtw_off,A2 Ablation) DTW Off (Corr-only),False,100,100,0,0.0,100,98,0,0.98,0.98,0.07818927121114416,0.45181346551695395,379.93,416.1,2.7859249169996474,100,0,0,0,0,1.0,0.0,0.0,0.0,0.0,1.0,6.2,0.0,0.0,0.0,0.0,0.0,,0.0,0.0,1.793772580960649,0.9067377039973508,0.0,0.08479754804284312,2.785307833000843,1.793772580960649,0.08479754804284312
20260703_185002_516173,b0da4d9216a2bbfcc818675c756bd436b7c3e50f537880fa75c56fd8774d8151,10,2187632401,1055930942,2187632401,10,100,50,60,5,30,10.0,120,current,Optimized Pattern Generator,dynamic_session,Dynamic Session Pattern Assignment,50,6,360,0c74724d9f0bddd6fa05d5949979d5548e8a8327c7984b0ba4bc2644b8b85eb8,3699990479,9ff90e202e3dd3c5e5d30047de8f1a0e8623f0f637ca6c941f92b1aaa5aa4210,True,nomura_original_interval_hungarian_corr_off,A2 Ablation) Corr Off (DTW-only),False,100,100,0,0.0,100,93,0,0.93,0.93,0.0013583728557705523,0.12750920287724501,379.93,416.1,2.774776832993666,100,0,0,0,0,1.0,0.0,0.0,0.0,0.0,1.0,6.2,0.0,0.0,0.0,0.0,0.0,,0.0,0.0,1.7869001670187572,0.9053897880221484,0.0,0.08184800295566674,2.7741379579965724,1.7869001670187572,0.08184800295566674
20260703_185002_516173,b0da4d9216a2bbfcc818675c756bd436b7c3e50f537880fa75c56fd8774d8151,10,2187632401,542446165,2187632401,10,100,50,60,5,30,10.0,120,current,Optimized Pattern Generator,dynamic_session,Dynamic Session Pattern Assignment,50,6,360,0c74724d9f0bddd6fa05d5949979d5548e8a8327c7984b0ba4bc2644b8b85eb8,3699990479,9ff90e202e3dd3c5e5d30047de8f1a0e8623f0f637ca6c941f92b1aaa5aa4210,True,nomura_original_interval_hungarian_all_off,A2 Ablation) All Waveform Terms Off,False,100,100,0,0.0,100,85,0,0.85,0.85,1.6680002494000001,7.900000090000001,379.93,416.1,1.8762875829997938,100,0,0,0,0,1.0,0.0,0.0,0.0,0.0,1.0,6.2,0.0,0.0,0.0,0.0,0.0,,0.0,0.0,1.7901223270164337,0.002181162009947002,0.0,0.08338451097370125,1.875688000000082,1.7901223270164337,0.08338451097370125
20260703_185002_516173,b0da4d9216a2bbfcc818675c756bd436b7c3e50f537880fa75c56fd8774d8151,10,2187632401,1367392804,2187632401,10,100,50,60,5,30,10.0,120,current,Optimized Pattern Generator,dynamic_session,Dynamic Session Pattern Assignment,50,6,360,0c74724d9f0bddd6fa05d5949979d5548e8a8327c7984b0ba4bc2644b8b85eb8,3699990479,9ff90e202e3dd3c5e5d30047de8f1a0e8623f0f637ca6c941f92b1aaa5aa4210,True,bayesian_windowed,A3) Bayesian Posterior + Hungarian + Lock,False,100,100,0,0.0,100,100,0,1.0,1.0,0.15113957963520464,0.9519394138233483,379.93,416.1,2.2389640840046923,100,0,0,0,0,1.0,0.0,0.0,0.0,0.0,1.0,6.2,0.0,0.0,0.0,0.0,0.0,,0.0,0.0,1.801513162041374,0.3377834129423718,0.0,0.09904638402076671,2.2383429590045125,1.801513162041374,0.09904638402076671
20260703_185002_516173,b0da4d9216a2bbfcc818675c756bd436b7c3e50f537880fa75c56fd8774d8151,10,2187632401,1856414647,2187632401,10,100,50,60,5,30,10.0,120,current,Optimized Pattern Generator,dynamic_session,Dynamic Session Pattern Assignment,50,6,360,0c74724d9f0bddd6fa05d5949979d5548e8a8327c7984b0ba4bc2644b8b85eb8,3699990479,9ff90e202e3dd3c5e5d30047de8f1a0e8623f0f637ca6c941f92b1aaa5aa4210,True,bayesian_windowed_lock_off,A3 Ablation) Lock Off,False,100,100,0,0.0,100,100,0,1.0,1.0,0.1512164234234206,0.9519394138233483,379.93,416.1,2.229333625000436,100,0,0,0,0,1.0,0.0,0.0,0.0,0.0,1.0,6.2,0.0,0.0,0.0,0.0,0.0,,0.0,0.0,1.8069017499728943,0.33707432998198783,0.0,0.08472167004219955,2.2286977499970817,1.8069017499728943,0.08472167004219955
20260703_185002_516173,b0da4d9216a2bbfcc818675c756bd436b7c3e50f537880fa75c56fd8774d8151,10,2187632401,1977915826,2187632401,10,100,50,60,5,30,10.0,120,current,Optimized Pattern Generator,dynamic_session,Dynamic Session Pattern Assignment,50,6,360,0c74724d9f0bddd6fa05d5949979d5548e8a8327c7984b0ba4bc2644b8b85eb8,3699990479,9ff90e202e3dd3c5e5d30047de8f1a0e8623f0f637ca6c941f92b1aaa5aa4210,True,bayesian_windowed_memory_off,A3 Ablation) Posterior Memory Off,False,100,100,0,0.0,100,100,0,1.0,1.0,0.28769818308878425,1.0837335010802296,379.93,416.1,2.218279041000642,100,0,0,0,0,1.0,0.0,0.0,0.0,0.0,1.0,6.2,0.0,0.0,0.0,0.0,0.0,,0.0,0.0,1.800063994989614,0.33522820601501735,0.0,0.0823196330020437,2.217611834006675,1.800063994989614,0.0823196330020437
20260703_185002_516173,b0da4d9216a2bbfcc818675c756bd436b7c3e50f537880fa75c56fd8774d8151,10,2187632401,2395032834,2187632401,10,100,50,60,5,30,10.0,120,current,Optimized Pattern Generator,dynamic_session,Dynamic Session Pattern Assignment,50,6,360,0c74724d9f0bddd6fa05d5949979d5548e8a8327c7984b0ba4bc2644b8b85eb8,3699990479,9ff90e202e3dd3c5e5d30047de8f1a0e8623f0f637ca6c941f92b1aaa5aa4210,True,bayesian_windowed_timeprior_off,A3 Ablation) Time Prior Off,False,100,100,0,0.0,100,100,0,1.0,1.0,0.15236537627498034,0.9775831560362169,379.93,416.1,2.21096029200271,100,0,0,0,0,1.0,0.0,0.0,0.0,0.0,1.0,6.2,0.0,0.0,0.0,0.0,0.0,,0.0,0.0,1.7918175009763218,0.3339180370385293,0.0,0.08456512798875337,2.2103006660036044,1.7918175009763218,0.08456512798875337
20260703_185002_516173,b0da4d9216a2bbfcc818675c756bd436b7c3e50f537880fa75c56fd8774d8151,10,2187632401,433795956,2187632401,10,100,50,60,5,30,10.0,120,current,Optimized Pattern Generator,dynamic_session,Dynamic Session Pattern Assignment,50,6,360,0c74724d9f0bddd6fa05d5949979d5548e8a8327c7984b0ba4bc2644b8b85eb8,3699990479,9ff90e202e3dd3c5e5d30047de8f1a0e8623f0f637ca6c941f92b1aaa5aa4210,True,bayesian_windowed_all_off,A3 Ablation) Time Prior + Memory + Lock Off,False,100,100,0,0.0,100,100,0,1.0,1.0,0.28858777315053225,1.0837335010802296,379.93,416.1,2.2155561250037863,100,0,0,0,0,1.0,0.0,0.0,0.0,0.0,1.0,6.2,0.0,0.0,0.0,0.0,0.0,,0.0,0.0,1.7960755840103957,0.3345488290215144,0.0,0.08433396196778631,2.2149583749996964,1.7960755840103957,0.08433396196778631
20260703_185002_516173,b0da4d9216a2bbfcc818675c756bd436b7c3e50f537880fa75c56fd8774d8151,11,2187632402,1233724862,2187632402,11,100,50,60,5,30,10.0,120,current,Optimized Pattern Generator,dynamic_session,Dynamic Session Pattern Assignment,50,6,360,72d7afc4b3808817c835ee3f5bea44df8bfbc48b315e7e459e3d1cf7ae08a10a,3699990476,331d1845689cfb09cb9fee8a2abf620148f2d9d109541ab719e10d4b1f73af29,True,single_only,A1) Refined Cost + Greedy 1:1,True,100,100,0,0.0,100,97,0,0.97,0.97,1.2255460400665406,5.69455897051021,382.04,423.3,2.448557041003369,100,0,0,0,0,1.0,0.0,0.0,0.0,0.0,1.0,6.75,0.0,0.0,0.0,0.0,0.0,,0.0,0.0,1.9664631629930227,0.39978758199868025,0.0,0.08174492200487293,2.447995666996576,1.9664631629930227,0.08174492200487293
20260703_185002_516173,b0da4d9216a2bbfcc818675c756bd436b7c3e50f537880fa75c56fd8774d8151,11,2187632402,1545686404,2187632402,11,100,50,60,5,30,10.0,120,current,Optimized Pattern Generator,dynamic_session,Dynamic Session Pattern Assignment,50,6,360,72d7afc4b3808817c835ee3f5bea44df8bfbc48b315e7e459e3d1cf7ae08a10a,3699990476,331d1845689cfb09cb9fee8a2abf620148f2d9d109541ab719e10d4b1f73af29,True,single_only_dtw_off,A1 Ablation) DTW Off,False,100,100,0,0.0,100,96,0,0.96,0.96,0.9746335758333332,4.3000003499999995,382.04,423.3,2.4506662499989034,100,0,0,0,0,1.0,0.0,0.0,0.0,0.0,1.0,6.75,0.0,0.0,0.0,0.0,0.0,,0.0,0.0,1.968698589989799,0.3998362979691592,0.0,0.08153940404008608,2.4500742919990444,1.968698589989799,0.08153940404008608
20260703_185002_516173,b0da4d9216a2bbfcc818675c756bd436b7c3e50f537880fa75c56fd8774d8151,11,2187632402,866312308,2187632402,11,100,50,60,5,30,10.0,120,current,Optimized Pattern Generator,dynamic_session,Dynamic Session Pattern Assignment,50,6,360,72d7afc4b3808817c835ee3f5bea44df8bfbc48b315e7e459e3d1cf7ae08a10a,3699990476,331d1845689cfb09cb9fee8a2abf620148f2d9d109541ab719e10d4b1f73af29,True,single_only_step_off,A1 Ablation) Step Signature Off,False,100,100,0,0.0,100,92,0,0.92,0.92,0.22920253899937953,1.1974731315068539,382.04,423.3,2.4512467500026105,100,0,0,0,0,1.0,0.0,0.0,0.0,0.0,1.0,6.75,0.0,0.0,0.0,0.0,0.0,,0.0,0.0,1.9686749169413815,0.40029678901919397,0.0,0.08168050304084318,2.4506522090014187,1.9686749169413815,0.08168050304084318
20260703_185002_516173,b0da4d9216a2bbfcc818675c756bd436b7c3e50f537880fa75c56fd8774d8151,11,2187632402,1815193632,2187632402,11,100,50,60,5,30,10.0,120,current,Optimized Pattern Generator,dynamic_session,Dynamic Session Pattern Assignment,50,6,360,72d7afc4b3808817c835ee3f5bea44df8bfbc48b315e7e459e3d1cf7ae08a10a,3699990476,331d1845689cfb09cb9fee8a2abf620148f2d9d109541ab719e10d4b1f73af29,True,single_only_all_off,A1 Ablation) All Waveform Terms Off,False,100,100,0,0.0,100,89,0,0.89,0.89,1.5660002416999999,7.50000027,382.04,423.3,2.066901707999932,100,0,0,0,0,1.0,0.0,0.0,0.0,0.0,1.0,6.75,0.0,0.0,0.0,0.0,0.0,,0.0,0.0,1.9797163340626867,0.0022659109672531486,0.0,0.08432054697186686,2.0663027920018067,1.9797163340626867,0.08432054697186686
20260703_185002_516173,b0da4d9216a2bbfcc818675c756bd436b7c3e50f537880fa75c56fd8774d8151,11,2187632402,2184921403,2187632402,11,100,50,60,5,30,10.0,120,current,Optimized Pattern Generator,dynamic_session,Dynamic Session Pattern Assignment,50,6,360,72d7afc4b3808817c835ee3f5bea44df8bfbc48b315e7e459e3d1cf7ae08a10a,3699990476,331d1845689cfb09cb9fee8a2abf620148f2d9d109541ab719e10d4b1f73af29,True,nomura_original_interval_hungarian,A2) Corr+DTW + Hungarian,False,100,100,0,0.0,100,95,0,0.95,0.95,0.09503054082027282,0.4032796067774582,382.04,423.3,3.0599267079960555,100,0,0,0,0,1.0,0.0,0.0,0.0,0.0,1.0,6.75,0.0,0.0,0.0,0.0,0.0,,0.0,0.0,1.9677557960603735,0.991352667020692,0.0,0.10021228691766737,3.059320749998733,1.9677557960603735,0.10021228691766737
20260703_185002_516173,b0da4d9216a2bbfcc818675c756bd436b7c3e50f537880fa75c56fd8774d8151,11,2187632402,2176353873,2187632402,11,100,50,60,5,30,10.0,120,current,Optimized Pattern Generator,dynamic_session,Dynamic Session Pattern Assignment,50,6,360,72d7afc4b3808817c835ee3f5bea44df8bfbc48b315e7e459e3d1cf7ae08a10a,3699990476,331d1845689cfb09cb9fee8a2abf620148f2d9d109541ab719e10d4b1f73af29,True,nomura_original_interval_hungarian_dtw_off,A2 Ablation) DTW Off (Corr-only),False,100,100,0,0.0,100,95,0,0.95,0.95,0.08797228902724333,0.35350938161683254,382.04,423.3,3.0420298339959118,100,0,0,0,0,1.0,0.0,0.0,0.0,0.0,1.0,6.75,0.0,0.0,0.0,0.0,0.0,,0.0,0.0,1.9714985479586176,0.9854529530057334,0.0,0.08447416503622662,3.0414256660005776,1.9714985479586176,0.08447416503622662
20260703_185002_516173,b0da4d9216a2bbfcc818675c756bd436b7c3e50f537880fa75c56fd8774d8151,11,2187632402,1055930941,2187632402,11,100,50,60,5,30,10.0,120,current,Optimized Pattern Generator,dynamic_session,Dynamic Session Pattern Assignment,50,6,360,72d7afc4b3808817c835ee3f5bea44df8bfbc48b315e7e459e3d1cf7ae08a10a,3699990476,331d1845689cfb09cb9fee8a2abf620148f2d9d109541ab719e10d4b1f73af29,True,nomura_original_interval_hungarian_corr_off,A2 Ablation) Corr Off (DTW-only),False,100,100,0,0.0,100,91,0,0.91,0.91,2.363e-07,4.8e-07,382.04,423.3,3.0346682910021627,100,0,0,0,0,1.0,0.0,0.0,0.0,0.0,1.0,6.75,0.0,0.0,0.0,0.0,0.0,,0.0,0.0,1.9735177110051154,0.9786002899563755,0.0,0.08195829004398547,3.0340762910054764,1.9735177110051154,0.08195829004398547
20260703_185002_516173,b0da4d9216a2bbfcc818675c756bd436b7c3e50f537880fa75c56fd8774d8151,11,2187632402,542446166,2187632402,11,100,50,60,5,30,10.0,120,current,Optimized Pattern Generator,dynamic_session,Dynamic Session Pattern Assignment,50,6,360,72d7afc4b3808817c835ee3f5bea44df8bfbc48b315e7e459e3d1cf7ae08a10a,3699990476,331d1845689cfb09cb9fee8a2abf620148f2d9d109541ab719e10d4b1f73af29,True,nomura_original_interval_hungarian_all_off,A2 Ablation) All Waveform Terms Off,False,100,100,0,0.0,100,89,0,0.89,0.89,1.5660002416999999,7.50000027,382.04,423.3,2.03655124999932,100,0,0,0,0,1.0,0.0,0.0,0.0,0.0,1.0,6.75,0.0,0.0,0.0,0.0,0.0,,0.0,0.0,1.9520983369948226,0.0022592840032302774,0.0,0.08155946299666539,2.0359170839947183,1.9520983369948226,0.08155946299666539
20260703_185002_516173,b0da4d9216a2bbfcc818675c756bd436b7c3e50f537880fa75c56fd8774d8151,11,2187632402,1367392807,2187632402,11,100,50,60,5,30,10.0,120,current,Optimized Pattern Generator,dynamic_session,Dynamic Session Pattern Assignment,50,6,360,72d7afc4b3808817c835ee3f5bea44df8bfbc48b315e7e459e3d1cf7ae08a10a,3699990476,331d1845689cfb09cb9fee8a2abf620148f2d9d109541ab719e10d4b1f73af29,True,bayesian_windowed,A3) Bayesian Posterior + Hungarian + Lock,False,100,100,0,0.0,100,99,0,0.99,0.99,0.17450121214038986,1.338788690180128,382.04,423.3,2.427009166996868,100,0,0,0,0,1.0,0.0,0.0,0.0,0.0,1.0,6.75,0.0,0.0,0.0,0.0,0.0,,0.0,0.0,1.976904793009453,0.365472788012994,0.0,0.08398462797777029,2.4263622090002173,1.976904793009453,0.08398462797777029
20260703_185002_516173,b0da4d9216a2bbfcc818675c756bd436b7c3e50f537880fa75c56fd8774d8151,11,2187632402,1856414644,2187632402,11,100,50,60,5,30,10.0,120,current,Optimized Pattern Generator,dynamic_session,Dynamic Session Pattern Assignment,50,6,360,72d7afc4b3808817c835ee3f5bea44df8bfbc48b315e7e459e3d1cf7ae08a10a,3699990476,331d1845689cfb09cb9fee8a2abf620148f2d9d109541ab719e10d4b1f73af29,True,bayesian_windowed_lock_off,A3 Ablation) Lock Off,False,100,100,0,0.0,100,99,0,0.99,0.99,0.17451688368558643,1.338788690180128,382.04,423.3,2.4526960410003085,100,0,0,0,0,1.0,0.0,0.0,0.0,0.0,1.0,6.75,0.0,0.0,0.0,0.0,0.0,,0.0,0.0,1.98508945901267,0.36630516503646504,0.0,0.10066808395640692,2.452062708005542,1.98508945901267,0.10066808395640692
20260703_185002_516173,b0da4d9216a2bbfcc818675c756bd436b7c3e50f537880fa75c56fd8774d8151,11,2187632402,1977915825,2187632402,11,100,50,60,5,30,10.0,120,current,Optimized Pattern Generator,dynamic_session,Dynamic Session Pattern Assignment,50,6,360,72d7afc4b3808817c835ee3f5bea44df8bfbc48b315e7e459e3d1cf7ae08a10a,3699990476,331d1845689cfb09cb9fee8a2abf620148f2d9d109541ab719e10d4b1f73af29,True,bayesian_windowed_memory_off,A3 Ablation) Posterior Memory Off,False,100,100,0,0.0,100,97,0,0.97,0.97,0.31775676556431187,1.3585252776324495,382.04,423.3,2.520599957999366,100,0,0,0,0,1.0,0.0,0.0,0.0,0.0,1.0,6.75,0.0,0.0,0.0,0.0,0.0,,0.0,0.0,2.058119413035456,0.37724292193888687,0.0,0.0846122070288402,2.519974542003183,2.058119413035456,0.0846122070288402
20260703_185002_516173,b0da4d9216a2bbfcc818675c756bd436b7c3e50f537880fa75c56fd8774d8151,11,2187632402,2395032833,2187632402,11,100,50,60,5,30,10.0,120,current,Optimized Pattern Generator,dynamic_session,Dynamic Session Pattern Assignment,50,6,360,72d7afc4b3808817c835ee3f5bea44df8bfbc48b315e7e459e3d1cf7ae08a10a,3699990476,331d1845689cfb09cb9fee8a2abf620148f2d9d109541ab719e10d4b1f73af29,True,bayesian_windowed_timeprior_off,A3 Ablation) Time Prior Off,False,100,100,0,0.0,100,99,0,0.99,0.99,0.17559068173206063,1.3553737945581938,382.04,423.3,2.4416974580017268,100,0,0,0,0,1.0,0.0,0.0,0.0,0.0,1.0,6.75,0.0,0.0,0.0,0.0,0.0,,0.0,0.0,1.991815710978699,0.36652603694528807,0.0,0.08273266807373147,2.4410744159977185,1.991815710978699,0.08273266807373147
20260703_185002_516173,b0da4d9216a2bbfcc818675c756bd436b7c3e50f537880fa75c56fd8774d8151,11,2187632402,433795959,2187632402,11,100,50,60,5,30,10.0,120,current,Optimized Pattern Generator,dynamic_session,Dynamic Session Pattern Assignment,50,6,360,72d7afc4b3808817c835ee3f5bea44df8bfbc48b315e7e459e3d1cf7ae08a10a,3699990476,331d1845689cfb09cb9fee8a2abf620148f2d9d109541ab719e10d4b1f73af29,True,bayesian_windowed_all_off,A3 Ablation) Time Prior + Memory + Lock Off,False,100,100,0,0.0,100,97,0,0.97,0.97,0.3184126828070585,1.3635930759912276,382.04,423.3,2.4202005839979392,100,0,0,0,0,1.0,0.0,0.0,0.0,0.0,1.0,6.75,0.0,0.0,0.0,0.0,0.0,,0.0,0.0,1.9731039550460991,0.3629402810547617,0.0,0.08353380590415327,2.419578042005014,1.9731039550460991,0.08353380590415327
20260703_185002_516173,b0da4d9216a2bbfcc818675c756bd436b7c3e50f537880fa75c56fd8774d8151,12,2187632403,1233724863,2187632403,12,100,50,60,5,30,10.0,120,current,Optimized Pattern Generator,dynamic_session,Dynamic Session Pattern Assignment,50,6,360,c53d0d3a6694ab87f0145b9394ed74b92272bfec31571701447ad339fd6d75ea,3699990477,96af1976dcd6d0e9cd7beb9dfb745ca45f8fb799c2a2e241457af54bc70c6f4e,True,single_only,A1) Refined Cost + Greedy 1:1,True,100,100,0,0.0,100,97,0,0.97,0.97,1.0681422583452853,5.029014739013638,378.63,395.3,2.5821812079957454,100,0,0,0,0,1.0,0.0,0.0,0.0,0.0,1.0,6.73,0.0,0.0,0.0,0.0,0.0,,0.0,0.0,2.0749720060048276,0.4073643680239911,0.0,0.09917112597031519,2.581507499999134,2.0749720060048276,0.09917112597031519
20260703_185002_516173,b0da4d9216a2bbfcc818675c756bd436b7c3e50f537880fa75c56fd8774d8151,12,2187632403,1545686405,2187632403,12,100,50,60,5,30,10.0,120,current,Optimized Pattern Generator,dynamic_session,Dynamic Session Pattern Assignment,50,6,360,c53d0d3a6694ab87f0145b9394ed74b92272bfec31571701447ad339fd6d75ea,3699990477,96af1976dcd6d0e9cd7beb9dfb745ca45f8fb799c2a2e241457af54bc70c6f4e,True,single_only_dtw_off,A1 Ablation) DTW Off,False,100,100,0,0.0,100,96,0,0.96,0.96,0.8456335965333333,3.3433336133333333,378.63,395.3,2.4330070419964613,100,0,0,0,0,1.0,0.0,0.0,0.0,0.0,1.0,6.73,0.0,0.0,0.0,0.0,0.0,,0.0,0.0,1.9469686260199524,0.4004698750068201,0.0,0.08492183197085978,2.432360332997632,1.9469686260199524,0.08492183197085978
20260703_185002_516173,b0da4d9216a2bbfcc818675c756bd436b7c3e50f537880fa75c56fd8774d8151,12,2187632403,866312309,2187632403,12,100,50,60,5,30,10.0,120,current,Optimized Pattern Generator,dynamic_session,Dynamic Session Pattern Assignment,50,6,360,c53d0d3a6694ab87f0145b9394ed74b92272bfec31571701447ad339fd6d75ea,3699990477,96af1976dcd6d0e9cd7beb9dfb745ca45f8fb799c2a2e241457af54bc70c6f4e,True,single_only_step_off,A1 Ablation) Step Signature Off,False,100,100,0,0.0,100,96,0,0.96,0.96,0.1912083708794106,1.2770008271767819,378.63,395.3,2.437006291002035,100,0,0,0,0,1.0,0.0,0.0,0.0,0.0,1.0,6.73,0.0,0.0,0.0,0.0,0.0,,0.0,0.0,1.9515537449915428,0.3996375770584564,0.0,0.08515388594969409,2.4363452079996932,1.9515537449915428,0.08515388594969409
20260703_185002_516173,b0da4d9216a2bbfcc818675c756bd436b7c3e50f537880fa75c56fd8774d8151,12,2187632403,1815193633,2187632403,12,100,50,60,5,30,10.0,120,current,Optimized Pattern Generator,dynamic_session,Dynamic Session Pattern Assignment,50,6,360,c53d0d3a6694ab87f0145b9394ed74b92272bfec31571701447ad339fd6d75ea,3699990477,96af1976dcd6d0e9cd7beb9dfb745ca45f8fb799c2a2e241457af54bc70c6f4e,True,single_only_all_off,A1 Ablation) All Waveform Terms Off,False,100,100,0,0.0,100,91,0,0.91,0.91,1.3160002571999998,8.700000170000001,378.63,395.3,2.018064374999085,100,0,0,0,0,1.0,0.0,0.0,0.0,0.0,1.0,6.73,0.0,0.0,0.0,0.0,0.0,,0.0,0.0,1.932334328936122,0.0024586670406279154,0.0,0.08263067102234345,2.0174236669990933,1.932334328936122,0.08263067102234345
20260703_185002_516173,b0da4d9216a2bbfcc818675c756bd436b7c3e50f537880fa75c56fd8774d8151,12,2187632403,2184921402,2187632403,12,100,50,60,5,30,10.0,120,current,Optimized Pattern Generator,dynamic_session,Dynamic Session Pattern Assignment,50,6,360,c53d0d3a6694ab87f0145b9394ed74b92272bfec31571701447ad339fd6d75ea,3699990477,96af1976dcd6d0e9cd7beb9dfb745ca45f8fb799c2a2e241457af54bc70c6f4e,True,nomura_original_interval_hungarian,A2) Corr+DTW + Hungarian,False,100,100,0,0.0,100,96,0,0.96,0.96,0.08092917662017024,0.37998551598542823,378.63,395.3,3.033196249998582,100,0,0,0,0,1.0,0.0,0.0,0.0,0.0,1.0,6.73,0.0,0.0,0.0,0.0,0.0,,0.0,0.0,1.9647518370111356,0.9822602039421326,0.0,0.08553545904578641,3.0325474999990547,1.9647518370111356,0.08553545904578641
20260703_185002_516173,b0da4d9216a2bbfcc818675c756bd436b7c3e50f537880fa75c56fd8774d8151,12,2187632403,2176353872,2187632403,12,100,50,60,5,30,10.0,120,current,Optimized Pattern Generator,dynamic_session,Dynamic Session Pattern Assignment,50,6,360,c53d0d3a6694ab87f0145b9394ed74b92272bfec31571701447ad339fd6d75ea,3699990477,96af1976dcd6d0e9cd7beb9dfb745ca45f8fb799c2a2e241457af54bc70c6f4e,True,nomura_original_interval_hungarian_dtw_off,A2 Ablation) DTW Off (Corr-only),False,100,100,0,0.0,100,96,0,0.96,0.96,0.07849991147762032,0.3403161088650673,378.63,395.3,3.0301085829996737,100,0,0,0,0,1.0,0.0,0.0,0.0,0.0,1.0,6.73,0.0,0.0,0.0,0.0,0.0,,0.0,0.0,1.9539372539729811,0.9768884540098952,0.0,0.0985945000211359,3.0294202080040122,1.9539372539729811,0.0985945000211359
20260703_185002_516173,b0da4d9216a2bbfcc818675c756bd436b7c3e50f537880fa75c56fd8774d8151,12,2187632403,1055930940,2187632403,12,100,50,60,5,30,10.0,120,current,Optimized Pattern Generator,dynamic_session,Dynamic Session Pattern Assignment,50,6,360,c53d0d3a6694ab87f0145b9394ed74b92272bfec31571701447ad339fd6d75ea,3699990477,96af1976dcd6d0e9cd7beb9dfb745ca45f8fb799c2a2e241457af54bc70c6f4e,True,nomura_original_interval_hungarian_corr_off,A2 Ablation) Corr Off (DTW-only),False,100,100,0,0.0,100,91,0,0.91,0.91,2.5709999999999994e-07,4.9e-07,378.63,395.3,3.113328833998821,100,0,0,0,0,1.0,0.0,0.0,0.0,0.0,1.0,6.73,0.0,0.0,0.0,0.0,0.0,,0.0,0.0,2.0293616280250717,0.9966002860019216,0.0,0.08656662697467254,3.112528541001666,2.0293616280250717,0.08656662697467254
20260703_185002_516173,b0da4d9216a2bbfcc818675c756bd436b7c3e50f537880fa75c56fd8774d8151,12,2187632403,542446167,2187632403,12,100,50,60,5,30,10.0,120,current,Optimized Pattern Generator,dynamic_session,Dynamic Session Pattern Assignment,50,6,360,c53d0d3a6694ab87f0145b9394ed74b92272bfec31571701447ad339fd6d75ea,3699990477,96af1976dcd6d0e9cd7beb9dfb745ca45f8fb799c2a2e241457af54bc70c6f4e,True,nomura_original_interval_hungarian_all_off,A2 Ablation) All Waveform Terms Off,False,100,100,0,0.0,100,91,0,0.91,0.91,1.3160002571999998,8.700000170000001,378.63,395.3,2.336202457998297,100,0,0,0,0,1.0,0.0,0.0,0.0,0.0,1.0,6.73,0.0,0.0,0.0,0.0,0.0,,0.0,0.0,2.197084247993189,0.003207784997357521,0.0,0.13519963401631685,2.3354916670068633,2.197084247993189,0.13519963401631685
20260703_185002_516173,b0da4d9216a2bbfcc818675c756bd436b7c3e50f537880fa75c56fd8774d8151,12,2187632403,1367392806,2187632403,12,100,50,60,5,30,10.0,120,current,Optimized Pattern Generator,dynamic_session,Dynamic Session Pattern Assignment,50,6,360,c53d0d3a6694ab87f0145b9394ed74b92272bfec31571701447ad339fd6d75ea,3699990477,96af1976dcd6d0e9cd7beb9dfb745ca45f8fb799c2a2e241457af54bc70c6f4e,True,bayesian_windowed,A3) Bayesian Posterior + Hungarian + Lock,False,100,100,0,0.0,100,98,0,0.98,0.98,0.14816277324611224,0.7998933211357002,378.63,395.3,2.5978822500037495,100,0,0,0,0,1.0,0.0,0.0,0.0,0.0,1.0,6.73,0.0,0.0,0.0,0.0,0.0,,0.0,0.0,2.1158407510374673,0.3867146270276862,0.0,0.09460933093214408,2.5971647089972976,2.1158407510374673,0.09460933093214408
20260703_185002_516173,b0da4d9216a2bbfcc818675c756bd436b7c3e50f537880fa75c56fd8774d8151,12,2187632403,1856414645,2187632403,12,100,50,60,5,30,10.0,120,current,Optimized Pattern Generator,dynamic_session,Dynamic Session Pattern Assignment,50,6,360,c53d0d3a6694ab87f0145b9394ed74b92272bfec31571701447ad339fd6d75ea,3699990477,96af1976dcd6d0e9cd7beb9dfb745ca45f8fb799c2a2e241457af54bc70c6f4e,True,bayesian_windowed_lock_off,A3 Ablation) Lock Off,False,100,100,0,0.0,100,98,0,0.98,0.98,0.14818981220352764,0.7998933211357002,378.63,395.3,2.654501375000109,100,0,0,0,0,1.0,0.0,0.0,0.0,0.0,1.0,6.73,0.0,0.0,0.0,0.0,0.0,,0.0,0.0,2.1618264200442354,0.39181999397987965,0.0,0.10016646097210469,2.6538128749962198,2.1618264200442354,0.10016646097210469
20260703_185002_516173,b0da4d9216a2bbfcc818675c756bd436b7c3e50f537880fa75c56fd8774d8151,12,2187632403,1977915824,2187632403,12,100,50,60,5,30,10.0,120,current,Optimized Pattern Generator,dynamic_session,Dynamic Session Pattern Assignment,50,6,360,c53d0d3a6694ab87f0145b9394ed74b92272bfec31571701447ad339fd6d75ea,3699990477,96af1976dcd6d0e9cd7beb9dfb745ca45f8fb799c2a2e241457af54bc70c6f4e,True,bayesian_windowed_memory_off,A3 Ablation) Posterior Memory Off,False,100,100,0,0.0,100,97,0,0.97,0.97,0.2859819536460893,1.3374071000555812,378.63,395.3,2.8923372920035035,100,0,0,0,0,1.0,0.0,0.0,0.0,0.0,1.0,6.73,0.0,0.0,0.0,0.0,0.0,,0.0,0.0,2.3903112900152337,0.39728150198061485,0.0,0.1040529160090955,2.891645708004944,2.3903112900152337,0.1040529160090955
20260703_185002_516173,b0da4d9216a2bbfcc818675c756bd436b7c3e50f537880fa75c56fd8774d8151,12,2187632403,2395032832,2187632403,12,100,50,60,5,30,10.0,120,current,Optimized Pattern Generator,dynamic_session,Dynamic Session Pattern Assignment,50,6,360,c53d0d3a6694ab87f0145b9394ed74b92272bfec31571701447ad339fd6d75ea,3699990477,96af1976dcd6d0e9cd7beb9dfb745ca45f8fb799c2a2e241457af54bc70c6f4e,True,bayesian_windowed_timeprior_off,A3 Ablation) Time Prior Off,False,100,100,0,0.0,100,98,0,0.98,0.98,0.14796043989616803,0.7998933211357002,378.63,395.3,2.8169316249986878,100,0,0,0,0,1.0,0.0,0.0,0.0,0.0,1.0,6.73,0.0,0.0,0.0,0.0,0.0,,0.0,0.0,2.272183544038853,0.39564692197018303,0.0,0.14832215898786671,2.816152624996903,2.272183544038853,0.14832215898786671
20260703_185002_516173,b0da4d9216a2bbfcc818675c756bd436b7c3e50f537880fa75c56fd8774d8151,12,2187632403,433795958,2187632403,12,100,50,60,5,30,10.0,120,current,Optimized Pattern Generator,dynamic_session,Dynamic Session Pattern Assignment,50,6,360,c53d0d3a6694ab87f0145b9394ed74b92272bfec31571701447ad339fd6d75ea,3699990477,96af1976dcd6d0e9cd7beb9dfb745ca45f8fb799c2a2e241457af54bc70c6f4e,True,bayesian_windowed_all_off,A3 Ablation) Time Prior + Memory + Lock Off,False,100,100,0,0.0,100,97,0,0.97,0.97,0.2866146223212531,1.338777215036742,378.63,395.3,2.6054521660043974,100,0,0,0,0,1.0,0.0,0.0,0.0,0.0,1.0,6.73,0.0,0.0,0.0,0.0,0.0,,0.0,0.0,2.1278111649953644,0.38705604095594026,0.0,0.08975958504743176,2.6046267909987364,2.1278111649953644,0.08975958504743176
20260703_185002_516173,b0da4d9216a2bbfcc818675c756bd436b7c3e50f537880fa75c56fd8774d8151,13,2187632404,1233724856,2187632404,13,100,50,60,5,30,10.0,120,current,Optimized Pattern Generator,dynamic_session,Dynamic Session Pattern Assignment,50,6,360,c3c7f417412cb39d8c9d9757c3b1a620bb3ad4c095f2a6d6aec734ff47a0bad3,3699990474,5465f1d7d0135daeddd151bd8b6b898f2b855f6e6652e0e083d2a6cd7525c550,True,single_only,A1) Refined Cost + Greedy 1:1,True,100,100,0,0.0,100,99,0,0.99,0.99,1.1173175489671128,4.148735741313714,378.26,410.1,2.894039833001443,100,0,0,0,0,1.0,0.0,0.0,0.0,0.0,1.0,6.84,0.0,0.0,0.0,0.0,0.0,,0.0,0.0,2.32425654202234,0.4485799600442988,0.0,0.120450539929152,2.893287041995791,2.32425654202234,0.120450539929152
20260703_185002_516173,b0da4d9216a2bbfcc818675c756bd436b7c3e50f537880fa75c56fd8774d8151,13,2187632404,1545686402,2187632404,13,100,50,60,5,30,10.0,120,current,Optimized Pattern Generator,dynamic_session,Dynamic Session Pattern Assignment,50,6,360,c3c7f417412cb39d8c9d9757c3b1a620bb3ad4c095f2a6d6aec734ff47a0bad3,3699990474,5465f1d7d0135daeddd151bd8b6b898f2b855f6e6652e0e083d2a6cd7525c550,True,single_only_dtw_off,A1 Ablation) DTW Off,False,100,100,0,0.0,100,97,0,0.97,0.97,0.9216002601,3.1600001,378.26,410.1,2.767566499998793,100,0,0,0,0,1.0,0.0,0.0,0.0,0.0,1.0,6.84,0.0,0.0,0.0,0.0,0.0,,0.0,0.0,2.2370158700068714,0.4397249180037761,0.0,0.09015404499223223,2.7668948330028797,2.2370158700068714,0.09015404499223223
20260703_185002_516173,b0da4d9216a2bbfcc818675c756bd436b7c3e50f537880fa75c56fd8774d8151,13,2187632404,866312306,2187632404,13,100,50,60,5,30,10.0,120,current,Optimized Pattern Generator,dynamic_session,Dynamic Session Pattern Assignment,50,6,360,c3c7f417412cb39d8c9d9757c3b1a620bb3ad4c095f2a6d6aec734ff47a0bad3,3699990474,5465f1d7d0135daeddd151bd8b6b898f2b855f6e6652e0e083d2a6cd7525c550,True,single_only_step_off,A1 Ablation) Step Signature Off,False,100,100,0,0.0,100,97,0,0.97,0.97,0.18320502289320983,1.183703722082434,378.26,410.1,2.8138624579951284,100,0,0,0,0,1.0,0.0,0.0,0.0,0.0,1.0,6.84,0.0,0.0,0.0,0.0,0.0,,0.0,0.0,2.277711340022506,0.44532287398033077,0.0,0.09019103599712253,2.8132252499999595,2.277711340022506,0.09019103599712253
20260703_185002_516173,b0da4d9216a2bbfcc818675c756bd436b7c3e50f537880fa75c56fd8774d8151,13,2187632404,1815193638,2187632404,13,100,50,60,5,30,10.0,120,current,Optimized Pattern Generator,dynamic_session,Dynamic Session Pattern Assignment,50,6,360,c3c7f417412cb39d8c9d9757c3b1a620bb3ad4c095f2a6d6aec734ff47a0bad3,3699990474,5465f1d7d0135daeddd151bd8b6b898f2b855f6e6652e0e083d2a6cd7525c550,True,single_only_all_off,A1 Ablation) All Waveform Terms Off,False,100,100,0,0.0,100,91,0,0.91,0.91,1.4640002621000006,7.30000035,378.26,410.1,2.496086250001099,100,0,0,0,0,1.0,0.0,0.0,0.0,0.0,1.0,6.84,0.0,0.0,0.0,0.0,0.0,,0.0,0.0,2.392363078055496,0.0041083750111283734,0.0,0.09886771293531638,2.4953391660019406,2.392363078055496,0.09886771293531638
20260703_185002_516173,b0da4d9216a2bbfcc818675c756bd436b7c3e50f537880fa75c56fd8774d8151,13,2187632404,2184921405,2187632404,13,100,50,60,5,30,10.0,120,current,Optimized Pattern Generator,dynamic_session,Dynamic Session Pattern Assignment,50,6,360,c3c7f417412cb39d8c9d9757c3b1a620bb3ad4c095f2a6d6aec734ff47a0bad3,3699990474,5465f1d7d0135daeddd151bd8b6b898f2b855f6e6652e0e083d2a6cd7525c550,True,nomura_original_interval_hungarian,A2) Corr+DTW + Hungarian,False,100,100,0,0.0,100,98,0,0.98,0.98,0.08577448403028981,0.5813368579449131,378.26,410.1,3.863591000001179,100,0,0,0,0,1.0,0.0,0.0,0.0,0.0,1.0,6.84,0.0,0.0,0.0,0.0,0.0,,0.0,0.0,2.6576939940277953,1.1103828750128741,0.0,0.09479621395439608,3.8628730829950655,2.6576939940277953,0.09479621395439608
20260703_185002_516173,b0da4d9216a2bbfcc818675c756bd436b7c3e50f537880fa75c56fd8774d8151,13,2187632404,2176353879,2187632404,13,100,50,60,5,30,10.0,120,current,Optimized Pattern Generator,dynamic_session,Dynamic Session Pattern Assignment,50,6,360,c3c7f417412cb39d8c9d9757c3b1a620bb3ad4c095f2a6d6aec734ff47a0bad3,3699990474,5465f1d7d0135daeddd151bd8b6b898f2b855f6e6652e0e083d2a6cd7525c550,True,nomura_original_interval_hungarian_dtw_off,A2 Ablation) DTW Off (Corr-only),False,100,100,0,0.0,100,98,0,0.98,0.98,0.07845247354641124,0.4318541803650809,378.26,410.1,3.422245583999029,100,0,0,0,0,1.0,0.0,0.0,0.0,0.0,1.0,6.84,0.0,0.0,0.0,0.0,0.0,,0.0,0.0,2.2591382039900054,1.0388615020201541,0.0,0.12355470998591045,3.42155441599607,2.2591382039900054,0.12355470998591045
20260703_185002_516173,b0da4d9216a2bbfcc818675c756bd436b7c3e50f537880fa75c56fd8774d8151,13,2187632404,1055930939,2187632404,13,100,50,60,5,30,10.0,120,current,Optimized Pattern Generator,dynamic_session,Dynamic Session Pattern Assignment,50,6,360,c3c7f417412cb39d8c9d9757c3b1a620bb3ad4c095f2a6d6aec734ff47a0bad3,3699990474,5465f1d7d0135daeddd151bd8b6b898f2b855f6e6652e0e083d2a6cd7525c550,True,nomura_original_interval_hungarian_corr_off,A2 Ablation) Corr Off (DTW-only),False,100,100,0,0.0,100,91,0,0.91,0.91,0.005755940827042308,0.44666740290678136,378.26,410.1,3.398241249997227,100,0,0,0,0,1.0,0.0,0.0,0.0,0.0,1.0,6.84,0.0,0.0,0.0,0.0,0.0,,0.0,0.0,2.2560048260129406,1.0466232119943015,0.0,0.0948316289941431,3.3974596670013852,2.2560048260129406,0.0948316289941431
20260703_185002_516173,b0da4d9216a2bbfcc818675c756bd436b7c3e50f537880fa75c56fd8774d8151,13,2187632404,542446160,2187632404,13,100,50,60,5,30,10.0,120,current,Optimized Pattern Generator,dynamic_session,Dynamic Session Pattern Assignment,50,6,360,c3c7f417412cb39d8c9d9757c3b1a620bb3ad4c095f2a6d6aec734ff47a0bad3,3699990474,5465f1d7d0135daeddd151bd8b6b898f2b855f6e6652e0e083d2a6cd7525c550,True,nomura_original_interval_hungarian_all_off,A2 Ablation) All Waveform Terms Off,False,100,100,0,0.0,100,91,0,0.91,0.91,1.4640002621000006,7.30000035,378.26,410.1,2.31802470900584,100,0,0,0,0,1.0,0.0,0.0,0.0,0.0,1.0,6.84,0.0,0.0,0.0,0.0,0.0,,0.0,0.0,2.22015225195355,0.0037508340101339854,0.0,0.09343445603735745,2.3173375420010416,2.22015225195355,0.09343445603735745
20260703_185002_516173,b0da4d9216a2bbfcc818675c756bd436b7c3e50f537880fa75c56fd8774d8151,13,2187632404,1367392801,2187632404,13,100,50,60,5,30,10.0,120,current,Optimized Pattern Generator,dynamic_session,Dynamic Session Pattern Assignment,50,6,360,c3c7f417412cb39d8c9d9757c3b1a620bb3ad4c095f2a6d6aec734ff47a0bad3,3699990474,5465f1d7d0135daeddd151bd8b6b898f2b855f6e6652e0e083d2a6cd7525c550,True,bayesian_windowed,A3) Bayesian Posterior + Hungarian + Lock,False,100,100,0,0.0,100,100,0,1.0,1.0,0.14149897124313948,0.7220977657228626,378.26,410.1,2.727815334001207,100,0,0,0,0,1.0,0.0,0.0,0.0,0.0,1.0,6.84,0.0,0.0,0.0,0.0,0.0,,0.0,0.0,2.222772871988127,0.4113697970242356,0.0,0.0930257899890421,2.7271684590014047,2.222772871988127,0.0930257899890421
20260703_185002_516173,b0da4d9216a2bbfcc818675c756bd436b7c3e50f537880fa75c56fd8774d8151,13,2187632404,1856414642,2187632404,13,100,50,60,5,30,10.0,120,current,Optimized Pattern Generator,dynamic_session,Dynamic Session Pattern Assignment,50,6,360,c3c7f417412cb39d8c9d9757c3b1a620bb3ad4c095f2a6d6aec734ff47a0bad3,3699990474,5465f1d7d0135daeddd151bd8b6b898f2b855f6e6652e0e083d2a6cd7525c550,True,bayesian_windowed_lock_off,A3 Ablation) Lock Off,False,100,100,0,0.0,100,100,0,1.0,1.0,0.14157416610164095,0.7220977657228626,378.26,410.1,2.8320302499996615,100,0,0,0,0,1.0,0.0,0.0,0.0,0.0,1.0,6.84,0.0,0.0,0.0,0.0,0.0,,0.0,0.0,2.3357447530070203,0.40149679002934135,0.0,0.09406112396391109,2.8313026670002728,2.3357447530070203,0.09406112396391109
20260703_185002_516173,b0da4d9216a2bbfcc818675c756bd436b7c3e50f537880fa75c56fd8774d8151,13,2187632404,1977915831,2187632404,13,100,50,60,5,30,10.0,120,current,Optimized Pattern Generator,dynamic_session,Dynamic Session Pattern Assignment,50,6,360,c3c7f417412cb39d8c9d9757c3b1a620bb3ad4c095f2a6d6aec734ff47a0bad3,3699990474,5465f1d7d0135daeddd151bd8b6b898f2b855f6e6652e0e083d2a6cd7525c550,True,bayesian_windowed_memory_off,A3 Ablation) Posterior Memory Off,False,100,100,0,0.0,100,99,0,0.99,0.99,0.2881315950664552,1.1473836714742822,378.26,410.1,2.7268880830015405,100,0,0,0,0,1.0,0.0,0.0,0.0,0.0,1.0,6.84,0.0,0.0,0.0,0.0,0.0,,0.0,0.0,2.2152565060023335,0.39503895201778505,0.0,0.11582145898137242,2.726116917001491,2.2152565060023335,0.11582145898137242
20260703_185002_516173,b0da4d9216a2bbfcc818675c756bd436b7c3e50f537880fa75c56fd8774d8151,13,2187632404,2395032839,2187632404,13,100,50,60,5,30,10.0,120,current,Optimized Pattern Generator,dynamic_session,Dynamic Session Pattern Assignment,50,6,360,c3c7f417412cb39d8c9d9757c3b1a620bb3ad4c095f2a6d6aec734ff47a0bad3,3699990474,5465f1d7d0135daeddd151bd8b6b898f2b855f6e6652e0e083d2a6cd7525c550,True,bayesian_windowed_timeprior_off,A3 Ablation) Time Prior Off,False,100,100,0,0.0,100,100,0,1.0,1.0,0.14350404093273667,0.7220977657228626,378.26,410.1,2.7429386250005336,100,0,0,0,0,1.0,0.0,0.0,0.0,0.0,1.0,6.84,0.0,0.0,0.0,0.0,0.0,,0.0,0.0,2.2486156220475095,0.3973757469575503,0.0,0.09615525599656394,2.7421466250016238,2.2486156220475095,0.09615525599656394
20260703_185002_516173,b0da4d9216a2bbfcc818675c756bd436b7c3e50f537880fa75c56fd8774d8151,13,2187632404,433795953,2187632404,13,100,50,60,5,30,10.0,120,current,Optimized Pattern Generator,dynamic_session,Dynamic Session Pattern Assignment,50,6,360,c3c7f417412cb39d8c9d9757c3b1a620bb3ad4c095f2a6d6aec734ff47a0bad3,3699990474,5465f1d7d0135daeddd151bd8b6b898f2b855f6e6652e0e083d2a6cd7525c550,True,bayesian_windowed_all_off,A3 Ablation) Time Prior + Memory + Lock Off,False,100,100,0,0.0,100,99,0,0.99,0.99,0.2890811201084319,1.1473836714742822,378.26,410.1,2.710513666999759,100,0,0,0,0,1.0,0.0,0.0,0.0,0.0,1.0,6.84,0.0,0.0,0.0,0.0,0.0,,0.0,0.0,2.218046375994163,0.40042975197866326,0.0,0.09137166402797448,2.709847792000801,2.218046375994163,0.09137166402797448
20260703_185002_516173,b0da4d9216a2bbfcc818675c756bd436b7c3e50f537880fa75c56fd8774d8151,14,2187632405,1233724857,2187632405,14,100,50,60,5,30,10.0,120,current,Optimized Pattern Generator,dynamic_session,Dynamic Session Pattern Assignment,50,6,360,9755460d6201729f27e370093b921794fda87dd822f9bf959d1d554d73b92aaf,3699990475,0854a1225d3f0f2ff01733e8d5e2cbb19f2936157194afea3fa082c901fe5bb7,True,single_only,A1) Refined Cost + Greedy 1:1,True,100,100,0,0.0,100,98,0,0.98,0.98,1.2624694961708718,8.889420875452155,381.83,414.6,2.822649416004424,100,0,0,0,0,1.0,0.0,0.0,0.0,0.0,1.0,6.96,0.0,0.0,0.0,0.0,0.0,,0.0,0.0,2.279894581923145,0.44342283301375574,0.0,0.09857533506146865,2.8218927499983693,2.279894581923145,0.09857533506146865
20260703_185002_516173,b0da4d9216a2bbfcc818675c756bd436b7c3e50f537880fa75c56fd8774d8151,14,2187632405,1545686403,2187632405,14,100,50,60,5,30,10.0,120,current,Optimized Pattern Generator,dynamic_session,Dynamic Session Pattern Assignment,50,6,360,9755460d6201729f27e370093b921794fda87dd822f9bf959d1d554d73b92aaf,3699990475,0854a1225d3f0f2ff01733e8d5e2cbb19f2936157194afea3fa082c901fe5bb7,True,single_only_dtw_off,A1 Ablation) DTW Off,False,100,100,0,0.0,100,100,0,1.0,1.0,1.0141669208666666,6.173333633333333,381.83,414.6,2.7283792920061387,100,0,0,0,0,1.0,0.0,0.0,0.0,0.0,1.0,6.96,0.0,0.0,0.0,0.0,0.0,,0.0,0.0,2.1838745880304486,0.43333916495612357,0.0,0.11044328901334666,2.727657041999919,2.1838745880304486,0.11044328901334666
20260703_185002_516173,b0da4d9216a2bbfcc818675c756bd436b7c3e50f537880fa75c56fd8774d8151,14,2187632405,866312307,2187632405,14,100,50,60,5,30,10.0,120,current,Optimized Pattern Generator,dynamic_session,Dynamic Session Pattern Assignment,50,6,360,9755460d6201729f27e370093b921794fda87dd822f9bf959d1d554d73b92aaf,3699990475,0854a1225d3f0f2ff01733e8d5e2cbb19f2936157194afea3fa082c901fe5bb7,True,single_only_step_off,A1 Ablation) Step Signature Off,False,100,100,0,0.0,100,94,0,0.94,0.94,0.20177948107967583,0.9507561871307594,381.83,414.6,2.6740069160005078,100,0,0,0,0,1.0,0.0,0.0,0.0,0.0,1.0,6.96,0.0,0.0,0.0,0.0,0.0,,0.0,0.0,2.1575270799803548,0.4266638320477796,0.0,0.08915021297434578,2.67334112500248,2.1575270799803548,0.08915021297434578
20260703_185002_516173,b0da4d9216a2bbfcc818675c756bd436b7c3e50f537880fa75c56fd8774d8151,14,2187632405,1815193639,2187632405,14,100,50,60,5,30,10.0,120,current,Optimized Pattern Generator,dynamic_session,Dynamic Session Pattern Assignment,50,6,360,9755460d6201729f27e370093b921794fda87dd822f9bf959d1d554d73b92aaf,3699990475,0854a1225d3f0f2ff01733e8d5e2cbb19f2936157194afea3fa082c901fe5bb7,True,single_only_all_off,A1 Ablation) All Waveform Terms Off,False,100,100,0,0.0,100,87,0,0.87,0.87,1.5860002620999998,7.4000003,381.83,414.6,2.2565081659995485,100,0,0,0,0,1.0,0.0,0.0,0.0,0.0,1.0,6.96,0.0,0.0,0.0,0.0,0.0,,0.0,0.0,2.1643993710094946,0.0036363270119181834,0.0,0.0876233019735082,2.255658999994921,2.1643993710094946,0.0876233019735082
20260703_185002_516173,b0da4d9216a2bbfcc818675c756bd436b7c3e50f537880fa75c56fd8774d8151,14,2187632405,2184921404,2187632405,14,100,50,60,5,30,10.0,120,current,Optimized Pattern Generator,dynamic_session,Dynamic Session Pattern Assignment,50,6,360,9755460d6201729f27e370093b921794fda87dd822f9bf959d1d554d73b92aaf,3699990475,0854a1225d3f0f2ff01733e8d5e2cbb19f2936157194afea3fa082c901fe5bb7,True,nomura_original_interval_hungarian,A2) Corr+DTW + Hungarian,False,100,100,0,0.0,100,93,0,0.93,0.93,0.08534277955264584,0.35382142539309824,381.83,414.6,3.526554665993899,100,0,0,0,0,1.0,0.0,0.0,0.0,0.0,1.0,6.96,0.0,0.0,0.0,0.0,0.0,,0.0,0.0,2.344686634991376,1.0883380490049603,0.0,0.09277552500134334,3.52580020899768,2.344686634991376,0.09277552500134334
20260703_185002_516173,b0da4d9216a2bbfcc818675c756bd436b7c3e50f537880fa75c56fd8774d8151,14,2187632405,2176353878,2187632405,14,100,50,60,5,30,10.0,120,current,Optimized Pattern Generator,dynamic_session,Dynamic Session Pattern Assignment,50,6,360,9755460d6201729f27e370093b921794fda87dd822f9bf959d1d554d73b92aaf,3699990475,0854a1225d3f0f2ff01733e8d5e2cbb19f2936157194afea3fa082c901fe5bb7,True,nomura_original_interval_hungarian_dtw_off,A2 Ablation) DTW Off (Corr-only),False,100,100,0,0.0,100,93,0,0.93,0.93,0.08182980435981632,0.28198041310216226,381.83,414.6,3.6033402920002118,100,0,0,0,0,1.0,0.0,0.0,0.0,0.0,1.0,6.96,0.0,0.0,0.0,0.0,0.0,,0.0,0.0,2.4059027879993664,1.1003826680680504,0.0,0.09594954393105581,3.6022349999984726,2.4059027879993664,0.09594954393105581
20260703_185002_516173,b0da4d9216a2bbfcc818675c756bd436b7c3e50f537880fa75c56fd8774d8151,14,2187632405,1055930938,2187632405,14,100,50,60,5,30,10.0,120,current,Optimized Pattern Generator,dynamic_session,Dynamic Session Pattern Assignment,50,6,360,9755460d6201729f27e370093b921794fda87dd822f9bf959d1d554d73b92aaf,3699990475,0854a1225d3f0f2ff01733e8d5e2cbb19f2936157194afea3fa082c901fe5bb7,True,nomura_original_interval_hungarian_corr_off,A2 Ablation) Corr Off (DTW-only),False,100,100,0,0.0,100,91,0,0.91,0.91,2.621e-07,4.9e-07,381.83,414.6,3.4693425000004936,100,0,0,0,0,1.0,0.0,0.0,0.0,0.0,1.0,6.96,0.0,0.0,0.0,0.0,0.0,,0.0,0.0,2.278548584006785,1.071785581028962,0.0,0.11831066896411357,3.4686448339998606,2.278548584006785,0.11831066896411357
20260703_185002_516173,b0da4d9216a2bbfcc818675c756bd436b7c3e50f537880fa75c56fd8774d8151,14,2187632405,542446161,2187632405,14,100,50,60,5,30,10.0,120,current,Optimized Pattern Generator,dynamic_session,Dynamic Session Pattern Assignment,50,6,360,9755460d6201729f27e370093b921794fda87dd822f9bf959d1d554d73b92aaf,3699990475,0854a1225d3f0f2ff01733e8d5e2cbb19f2936157194afea3fa082c901fe5bb7,True,nomura_original_interval_hungarian_all_off,A2 Ablation) All Waveform Terms Off,False,100,100,0,0.0,100,87,0,0.87,0.87,1.5860002620999998,7.4000003,381.83,414.6,2.4201304169982905,100,0,0,0,0,1.0,0.0,0.0,0.0,0.0,1.0,6.96,0.0,0.0,0.0,0.0,0.0,,0.0,0.0,2.3236556660049246,0.003943872019590344,0.0,0.09179333697102265,2.4193928749955376,2.3236556660049246,0.09179333697102265
20260703_185002_516173,b0da4d9216a2bbfcc818675c756bd436b7c3e50f537880fa75c56fd8774d8151,14,2187632405,1367392800,2187632405,14,100,50,60,5,30,10.0,120,current,Optimized Pattern Generator,dynamic_session,Dynamic Session Pattern Assignment,50,6,360,9755460d6201729f27e370093b921794fda87dd822f9bf959d1d554d73b92aaf,3699990475,0854a1225d3f0f2ff01733e8d5e2cbb19f2936157194afea3fa082c901fe5bb7,True,bayesian_windowed,A3) Bayesian Posterior + Hungarian + Lock,False,100,100,0,0.0,100,100,0,1.0,1.0,0.16480712538034,0.7446576506926913,381.83,414.6,2.7557049579991144,100,0,0,0,0,1.0,0.0,0.0,0.0,0.0,1.0,6.96,0.0,0.0,0.0,0.0,0.0,,0.0,0.0,2.258817961010209,0.4054724580491893,0.0,0.0906183729384793,2.7549087919978774,2.258817961010209,0.0906183729384793
20260703_185002_516173,b0da4d9216a2bbfcc818675c756bd436b7c3e50f537880fa75c56fd8774d8151,14,2187632405,1856414643,2187632405,14,100,50,60,5,30,10.0,120,current,Optimized Pattern Generator,dynamic_session,Dynamic Session Pattern Assignment,50,6,360,9755460d6201729f27e370093b921794fda87dd822f9bf959d1d554d73b92aaf,3699990475,0854a1225d3f0f2ff01733e8d5e2cbb19f2936157194afea3fa082c901fe5bb7,True,bayesian_windowed_lock_off,A3 Ablation) Lock Off,False,100,100,0,0.0,100,100,0,1.0,1.0,0.16482631852426927,0.7446576506926913,381.83,414.6,2.7774443330054055,100,0,0,0,0,1.0,0.0,0.0,0.0,0.0,1.0,6.96,0.0,0.0,0.0,0.0,0.0,,0.0,0.0,2.276891792062088,0.40818242102250224,0.0,0.09158778691198677,2.776661999996577,2.276891792062088,0.09158778691198677
20260703_185002_516173,b0da4d9216a2bbfcc818675c756bd436b7c3e50f537880fa75c56fd8774d8151,14,2187632405,1977915830,2187632405,14,100,50,60,5,30,10.0,120,current,Optimized Pattern Generator,dynamic_session,Dynamic Session Pattern Assignment,50,6,360,9755460d6201729f27e370093b921794fda87dd822f9bf959d1d554d73b92aaf,3699990475,0854a1225d3f0f2ff01733e8d5e2cbb19f2936157194afea3fa082c901fe5bb7,True,bayesian_windowed_memory_off,A3 Ablation) Posterior Memory Off,False,100,100,0,0.0,100,98,0,0.98,0.98,0.3227728232416744,1.2631642204899858,381.83,414.6,2.7777402909996454,100,0,0,0,0,1.0,0.0,0.0,0.0,0.0,1.0,6.96,0.0,0.0,0.0,0.0,0.0,,0.0,0.0,2.275749956970685,0.40911742201569723,0.0,0.0919909120129887,2.776858290999371,2.275749956970685,0.0919909120129887
20260703_185002_516173,b0da4d9216a2bbfcc818675c756bd436b7c3e50f537880fa75c56fd8774d8151,14,2187632405,2395032838,2187632405,14,100,50,60,5,30,10.0,120,current,Optimized Pattern Generator,dynamic_session,Dynamic Session Pattern Assignment,50,6,360,9755460d6201729f27e370093b921794fda87dd822f9bf959d1d554d73b92aaf,3699990475,0854a1225d3f0f2ff01733e8d5e2cbb19f2936157194afea3fa082c901fe5bb7,True,bayesian_windowed_timeprior_off,A3 Ablation) Time Prior Off,False,100,100,0,0.0,100,100,0,1.0,1.0,0.16603743278834796,0.7457504100340835,381.83,414.6,2.7396005830014474,100,0,0,0,0,1.0,0.0,0.0,0.0,0.0,1.0,6.96,0.0,0.0,0.0,0.0,0.0,,0.0,0.0,2.2245957099366933,0.4042371699906653,0.0,0.11011112007690826,2.738944000004267,2.2245957099366933,0.11011112007690826
20260703_185002_516173,b0da4d9216a2bbfcc818675c756bd436b7c3e50f537880fa75c56fd8774d8151,14,2187632405,433795952,2187632405,14,100,50,60,5,30,10.0,120,current,Optimized Pattern Generator,dynamic_session,Dynamic Session Pattern Assignment,50,6,360,9755460d6201729f27e370093b921794fda87dd822f9bf959d1d554d73b92aaf,3699990475,0854a1225d3f0f2ff01733e8d5e2cbb19f2936157194afea3fa082c901fe5bb7,True,bayesian_windowed_all_off,A3 Ablation) Time Prior + Memory + Lock Off,False,100,100,0,0.0,100,98,0,0.98,0.98,0.323559614261236,1.2631642204899858,381.83,414.6,2.7518456660036463,100,0,0,0,0,1.0,0.0,0.0,0.0,0.0,1.0,6.96,0.0,0.0,0.0,0.0,0.0,,0.0,0.0,2.256156754003314,0.40211545799684245,0.0,0.0929119959982927,2.751184207998449,2.256156754003314,0.0929119959982927
20260703_185002_516173,b0da4d9216a2bbfcc818675c756bd436b7c3e50f537880fa75c56fd8774d8151,15,2187632406,1233724858,2187632406,15,100,50,60,5,30,10.0,120,current,Optimized Pattern Generator,dynamic_session,Dynamic Session Pattern Assignment,50,6,360,f16d5d50b779ac751b4d0bcd6bdff38cfab180b42509f8f60c875b4e672cffbc,3699990472,9f19bc88338ca6de99361d39db9ef54483c54f0cde3d251cc846542a83bfa634,True,single_only,A1) Refined Cost + Greedy 1:1,True,100,100,0,0.0,100,99,0,0.99,0.99,1.142397413315887,4.37162047649173,382.37,418.1,2.569236290997651,100,0,0,0,0,1.0,0.0,0.0,0.0,0.0,1.0,6.05,0.0,0.0,0.0,0.0,0.0,,0.0,0.0,2.082494326030428,0.39246733400796074,0.0,0.09361763195920503,2.568579291997594,2.082494326030428,0.09361763195920503
20260703_185002_516173,b0da4d9216a2bbfcc818675c756bd436b7c3e50f537880fa75c56fd8774d8151,15,2187632406,1545686400,2187632406,15,100,50,60,5,30,10.0,120,current,Optimized Pattern Generator,dynamic_session,Dynamic Session Pattern Assignment,50,6,360,f16d5d50b779ac751b4d0bcd6bdff38cfab180b42509f8f60c875b4e672cffbc,3699990472,9f19bc88338ca6de99361d39db9ef54483c54f0cde3d251cc846542a83bfa634,True,single_only_dtw_off,A1 Ablation) DTW Off,False,100,100,0,0.0,100,99,0,0.99,0.99,0.8843002449999999,3.2266667966666676,382.37,418.1,2.4520832499983953,100,0,0,0,0,1.0,0.0,0.0,0.0,0.0,1.0,6.05,0.0,0.0,0.0,0.0,0.0,,0.0,0.0,1.9734390029407223,0.38593620402389206,0.0,0.09205816804023925,2.4514333750048536,1.9734390029407223,0.09205816804023925
20260703_185002_516173,b0da4d9216a2bbfcc818675c756bd436b7c3e50f537880fa75c56fd8774d8151,15,2187632406,866312304,2187632406,15,100,50,60,5,30,10.0,120,current,Optimized Pattern Generator,dynamic_session,Dynamic Session Pattern Assignment,50,6,360,f16d5d50b779ac751b4d0bcd6bdff38cfab180b42509f8f60c875b4e672cffbc,3699990472,9f19bc88338ca6de99361d39db9ef54483c54f0cde3d251cc846542a83bfa634,True,single_only_step_off,A1 Ablation) Step Signature Off,False,100,100,0,0.0,100,95,0,0.95,0.95,0.2193811494276227,1.5122489450166732,382.37,418.1,2.500110125001811,100,0,0,0,0,1.0,0.0,0.0,0.0,0.0,1.0,6.05,0.0,0.0,0.0,0.0,0.0,,0.0,0.0,2.003658994966827,0.38702592295157956,0.0,0.10879541608301224,2.4994803340014187,2.003658994966827,0.10879541608301224
20260703_185002_516173,b0da4d9216a2bbfcc818675c756bd436b7c3e50f537880fa75c56fd8774d8151,15,2187632406,1815193636,2187632406,15,100,50,60,5,30,10.0,120,current,Optimized Pattern Generator,dynamic_session,Dynamic Session Pattern Assignment,50,6,360,f16d5d50b779ac751b4d0bcd6bdff38cfab180b42509f8f60c875b4e672cffbc,3699990472,9f19bc88338ca6de99361d39db9ef54483c54f0cde3d251cc846542a83bfa634,True,single_only_all_off,A1 Ablation) All Waveform Terms Off,False,100,100,0,0.0,100,87,0,0.87,0.87,1.4620002513000003,8.20000012,382.37,418.1,2.045974833999935,100,0,0,0,0,1.0,0.0,0.0,0.0,0.0,1.0,6.05,0.0,0.0,0.0,0.0,0.0,,0.0,0.0,1.949761006027984,0.0035350829930393957,0.0,0.09184516098321183,2.045141250004235,1.949761006027984,0.09184516098321183
20260703_185002_516173,b0da4d9216a2bbfcc818675c756bd436b7c3e50f537880fa75c56fd8774d8151,15,2187632406,2184921407,2187632406,15,100,50,60,5,30,10.0,120,current,Optimized Pattern Generator,dynamic_session,Dynamic Session Pattern Assignment,50,6,360,f16d5d50b779ac751b4d0bcd6bdff38cfab180b42509f8f60c875b4e672cffbc,3699990472,9f19bc88338ca6de99361d39db9ef54483c54f0cde3d251cc846542a83bfa634,True,nomura_original_interval_hungarian,A2) Corr+DTW + Hungarian,False,100,100,0,0.0,100,96,0,0.96,0.96,0.09803792878093877,0.40908819877169633,382.37,418.1,3.012172999995528,100,0,0,0,0,1.0,0.0,0.0,0.0,0.0,1.0,6.05,0.0,0.0,0.0,0.0,0.0,,0.0,0.0,1.997755168034928,0.9204545439861249,0.0,0.09323799697449431,3.011447708995547,1.997755168034928,0.09323799697449431
20260703_185002_516173,b0da4d9216a2bbfcc818675c756bd436b7c3e50f537880fa75c56fd8774d8151,15,2187632406,2176353877,2187632406,15,100,50,60,5,30,10.0,120,current,Optimized Pattern Generator,dynamic_session,Dynamic Session Pattern Assignment,50,6,360,f16d5d50b779ac751b4d0bcd6bdff38cfab180b42509f8f60c875b4e672cffbc,3699990472,9f19bc88338ca6de99361d39db9ef54483c54f0cde3d251cc846542a83bfa634,True,nomura_original_interval_hungarian_dtw_off,A2 Ablation) DTW Off (Corr-only),False,100,100,0,0.0,100,95,0,0.95,0.95,0.08573800936958116,0.40908819877169633,382.37,418.1,3.0371576660036226,100,0,0,0,0,1.0,0.0,0.0,0.0,0.0,1.0,6.05,0.0,0.0,0.0,0.0,0.0,,0.0,0.0,2.0138746649972745,0.928001458007202,0.0,0.09463370999583276,3.0365098330003093,2.0138746649972745,0.09463370999583276
20260703_185002_516173,b0da4d9216a2bbfcc818675c756bd436b7c3e50f537880fa75c56fd8774d8151,15,2187632406,1055930937,2187632406,15,100,50,60,5,30,10.0,120,current,Optimized Pattern Generator,dynamic_session,Dynamic Session Pattern Assignment,50,6,360,f16d5d50b779ac751b4d0bcd6bdff38cfab180b42509f8f60c875b4e672cffbc,3699990472,9f19bc88338ca6de99361d39db9ef54483c54f0cde3d251cc846542a83bfa634,True,nomura_original_interval_hungarian_corr_off,A2 Ablation) Corr Off (DTW-only),False,100,100,0,0.0,100,92,0,0.92,0.92,0.005656506859988815,0.20777652966846205,382.37,418.1,3.1149618750059744,100,0,0,0,0,1.0,0.0,0.0,0.0,0.0,1.0,6.05,0.0,0.0,0.0,0.0,0.0,,0.0,0.0,2.0698507099805283,0.9328613810648676,0.0,0.1115181589484564,3.1142302499938523,2.0698507099805283,0.1115181589484564
20260703_185002_516173,b0da4d9216a2bbfcc818675c756bd436b7c3e50f537880fa75c56fd8774d8151,15,2187632406,542446162,2187632406,15,100,50,60,5,30,10.0,120,current,Optimized Pattern Generator,dynamic_session,Dynamic Session Pattern Assignment,50,6,360,f16d5d50b779ac751b4d0bcd6bdff38cfab180b42509f8f60c875b4e672cffbc,3699990472,9f19bc88338ca6de99361d39db9ef54483c54f0cde3d251cc846542a83bfa634,True,nomura_original_interval_hungarian_all_off,A2 Ablation) All Waveform Terms Off,False,100,100,0,0.0,100,87,0,0.87,0.87,1.4620002513000003,8.20000012,382.37,418.1,2.007202666005469,100,0,0,0,0,1.0,0.0,0.0,0.0,0.0,1.0,6.05,0.0,0.0,0.0,0.0,0.0,,0.0,0.0,1.9099268719510292,0.003319837953313254,0.0,0.0933371231003548,2.0065838330046972,1.9099268719510292,0.0933371231003548
20260703_185002_516173,b0da4d9216a2bbfcc818675c756bd436b7c3e50f537880fa75c56fd8774d8151,15,2187632406,1367392803,2187632406,15,100,50,60,5,30,10.0,120,current,Optimized Pattern Generator,dynamic_session,Dynamic Session Pattern Assignment,50,6,360,f16d5d50b779ac751b4d0bcd6bdff38cfab180b42509f8f60c875b4e672cffbc,3699990472,9f19bc88338ca6de99361d39db9ef54483c54f0cde3d251cc846542a83bfa634,True,bayesian_windowed,A3) Bayesian Posterior + Hungarian + Lock,False,100,100,0,0.0,100,100,0,1.0,1.0,0.11423234115679741,0.4782865581925886,382.37,418.1,2.454373083994142,100,0,0,0,0,1.0,0.0,0.0,0.0,0.0,1.0,6.05,0.0,0.0,0.0,0.0,0.0,,0.0,0.0,1.9984412879639422,0.3619187930089538,0.0,0.09338246102561243,2.4537425419985084,1.9984412879639422,0.09338246102561243
20260703_185002_516173,b0da4d9216a2bbfcc818675c756bd436b7c3e50f537880fa75c56fd8774d8151,15,2187632406,1856414640,2187632406,15,100,50,60,5,30,10.0,120,current,Optimized Pattern Generator,dynamic_session,Dynamic Session Pattern Assignment,50,6,360,f16d5d50b779ac751b4d0bcd6bdff38cfab180b42509f8f60c875b4e672cffbc,3699990472,9f19bc88338ca6de99361d39db9ef54483c54f0cde3d251cc846542a83bfa634,True,bayesian_windowed_lock_off,A3 Ablation) Lock Off,False,100,100,0,0.0,100,100,0,1.0,1.0,0.11425959734876229,0.4782865581925886,382.37,418.1,2.4478207499996643,100,0,0,0,0,1.0,0.0,0.0,0.0,0.0,1.0,6.05,0.0,0.0,0.0,0.0,0.0,,0.0,0.0,1.991563330986537,0.3567319139474421,0.0,0.098837630066555,2.447132875000534,1.991563330986537,0.098837630066555
20260703_185002_516173,b0da4d9216a2bbfcc818675c756bd436b7c3e50f537880fa75c56fd8774d8151,15,2187632406,1977915829,2187632406,15,100,50,60,5,30,10.0,120,current,Optimized Pattern Generator,dynamic_session,Dynamic Session Pattern Assignment,50,6,360,f16d5d50b779ac751b4d0bcd6bdff38cfab180b42509f8f60c875b4e672cffbc,3699990472,9f19bc88338ca6de99361d39db9ef54483c54f0cde3d251cc846542a83bfa634,True,bayesian_windowed_memory_off,A3 Ablation) Posterior Memory Off,False,100,100,0,0.0,100,99,0,0.99,0.99,0.25774056666340384,0.942033862406545,382.37,418.1,2.3744695839995984,100,0,0,0,0,1.0,0.0,0.0,0.0,0.0,1.0,6.05,0.0,0.0,0.0,0.0,0.0,,0.0,0.0,1.9323963790084235,0.3496561310021207,0.0,0.09173790599015774,2.373790416000702,1.9323963790084235,0.09173790599015774
20260703_185002_516173,b0da4d9216a2bbfcc818675c756bd436b7c3e50f537880fa75c56fd8774d8151,15,2187632406,2395032837,2187632406,15,100,50,60,5,30,10.0,120,current,Optimized Pattern Generator,dynamic_session,Dynamic Session Pattern Assignment,50,6,360,f16d5d50b779ac751b4d0bcd6bdff38cfab180b42509f8f60c875b4e672cffbc,3699990472,9f19bc88338ca6de99361d39db9ef54483c54f0cde3d251cc846542a83bfa634,True,bayesian_windowed_timeprior_off,A3 Ablation) Time Prior Off,False,100,100,0,0.0,100,100,0,1.0,1.0,0.11460875283200082,0.4782865581925886,382.37,418.1,2.4330418329991517,100,0,0,0,0,1.0,0.0,0.0,0.0,0.0,1.0,6.05,0.0,0.0,0.0,0.0,0.0,,0.0,0.0,1.9650210810432327,0.3545200819862657,0.0,0.11279004497191636,2.432331208001415,1.9650210810432327,0.11279004497191636
20260703_185002_516173,b0da4d9216a2bbfcc818675c756bd436b7c3e50f537880fa75c56fd8774d8151,15,2187632406,433795955,2187632406,15,100,50,60,5,30,10.0,120,current,Optimized Pattern Generator,dynamic_session,Dynamic Session Pattern Assignment,50,6,360,f16d5d50b779ac751b4d0bcd6bdff38cfab180b42509f8f60c875b4e672cffbc,3699990472,9f19bc88338ca6de99361d39db9ef54483c54f0cde3d251cc846542a83bfa634,True,bayesian_windowed_all_off,A3 Ablation) Time Prior + Memory + Lock Off,False,100,100,0,0.0,100,99,0,0.99,0.99,0.25846759252067697,0.942033862406545,382.37,418.1,2.460627624997869,100,0,0,0,0,1.0,0.0,0.0,0.0,0.0,1.0,6.05,0.0,0.0,0.0,0.0,0.0,,0.0,0.0,2.0067755859854515,0.3592808359389892,0.0,0.09391141107334988,2.4599678329977905,2.0067755859854515,0.09391141107334988
20260703_185002_516173,b0da4d9216a2bbfcc818675c756bd436b7c3e50f537880fa75c56fd8774d8151,16,2187632407,1233724859,2187632407,16,100,50,60,5,30,10.0,120,current,Optimized Pattern Generator,dynamic_session,Dynamic Session Pattern Assignment,50,6,360,d1523d63a88e7a716ec128c69de804a22e6ed039ced14c103725df89ac0a6678,3699990473,66ed3e7d3768f9066dfb5982010c796a13a02740fab8a6a4fce35a9a8a4ea784,True,single_only,A1) Refined Cost + Greedy 1:1,True,100,100,0,0.0,100,98,0,0.98,0.98,1.2047169125574535,5.925794012538356,379.25,423.1,2.779261875002703,100,0,0,0,0,1.0,0.0,0.0,0.0,0.0,1.0,6.65,0.0,0.0,0.0,0.0,0.0,,0.0,0.0,2.2589723709534155,0.4269442509612418,0.0,0.09266900309012271,2.77858562500478,2.2589723709534155,0.09266900309012271
20260703_185002_516173,b0da4d9216a2bbfcc818675c756bd436b7c3e50f537880fa75c56fd8774d8151,16,2187632407,1545686401,2187632407,16,100,50,60,5,30,10.0,120,current,Optimized Pattern Generator,dynamic_session,Dynamic Session Pattern Assignment,50,6,360,d1523d63a88e7a716ec128c69de804a22e6ed039ced14c103725df89ac0a6678,3699990473,66ed3e7d3768f9066dfb5982010c796a13a02740fab8a6a4fce35a9a8a4ea784,True,single_only_dtw_off,A1 Ablation) DTW Off,False,100,100,0,0.0,100,98,0,0.98,0.98,1.0184335839333334,4.293333413333334,379.25,423.1,2.7045307500011404,100,0,0,0,0,1.0,0.0,0.0,0.0,0.0,1.0,6.65,0.0,0.0,0.0,0.0,0.0,,0.0,0.0,2.1783362519854563,0.428361159938504,0.0,0.09718025507754646,2.703877667001507,2.1783362519854563,0.09718025507754646
20260703_185002_516173,b0da4d9216a2bbfcc818675c756bd436b7c3e50f537880fa75c56fd8774d8151,16,2187632407,866312305,2187632407,16,100,50,60,5,30,10.0,120,current,Optimized Pattern Generator,dynamic_session,Dynamic Session Pattern Assignment,50,6,360,d1523d63a88e7a716ec128c69de804a22e6ed039ced14c103725df89ac0a6678,3699990473,66ed3e7d3768f9066dfb5982010c796a13a02740fab8a6a4fce35a9a8a4ea784,True,single_only_step_off,A1 Ablation) Step Signature Off,False,100,100,0,0.0,100,96,0,0.96,0.96,0.15137336826875333,0.836473281488738,379.25,423.1,2.7033117080063676,100,0,0,0,0,1.0,0.0,0.0,0.0,0.0,1.0,6.65,0.0,0.0,0.0,0.0,0.0,,0.0,0.0,2.163970870016783,0.42638100397743983,0.0,0.11227258400322171,2.7026244579974446,2.163970870016783,0.11227258400322171
20260703_185002_516173,b0da4d9216a2bbfcc818675c756bd436b7c3e50f537880fa75c56fd8774d8151,16,2187632407,1815193637,2187632407,16,100,50,60,5,30,10.0,120,current,Optimized Pattern Generator,dynamic_session,Dynamic Session Pattern Assignment,50,6,360,d1523d63a88e7a716ec128c69de804a22e6ed039ced14c103725df89ac0a6678,3699990473,66ed3e7d3768f9066dfb5982010c796a13a02740fab8a6a4fce35a9a8a4ea784,True,single_only_all_off,A1 Ablation) All Waveform Terms Off,False,100,100,0,0.0,100,94,0,0.94,0.94,1.7830002500999997,8.80000032,379.25,423.1,2.2447625839995453,100,0,0,0,0,1.0,0.0,0.0,0.0,0.0,1.0,6.65,0.0,0.0,0.0,0.0,0.0,,0.0,0.0,2.149096712942992,0.0037332920110202394,0.0,0.09123349504807265,2.2440635000020848,2.149096712942992,0.09123349504807265
20260703_185002_516173,b0da4d9216a2bbfcc818675c756bd436b7c3e50f537880fa75c56fd8774d8151,16,2187632407,2184921406,2187632407,16,100,50,60,5,30,10.0,120,current,Optimized Pattern Generator,dynamic_session,Dynamic Session Pattern Assignment,50,6,360,d1523d63a88e7a716ec128c69de804a22e6ed039ced14c103725df89ac0a6678,3699990473,66ed3e7d3768f9066dfb5982010c796a13a02740fab8a6a4fce35a9a8a4ea784,True,nomura_original_interval_hungarian,A2) Corr+DTW + Hungarian,False,100,100,0,0.0,100,97,0,0.97,0.97,0.07339602653222492,0.38043421514863307,379.25,423.1,3.3086229999971692,100,0,0,0,0,1.0,0.0,0.0,0.0,0.0,1.0,6.65,0.0,0.0,0.0,0.0,0.0,,0.0,0.0,2.1926191709571867,1.0254070359660545,0.0,0.08986666808050359,3.307892875003745,2.1926191709571867,0.08986666808050359
20260703_185002_516173,b0da4d9216a2bbfcc818675c756bd436b7c3e50f537880fa75c56fd8774d8151,16,2187632407,2176353876,2187632407,16,100,50,60,5,30,10.0,120,current,Optimized Pattern Generator,dynamic_session,Dynamic Session Pattern Assignment,50,6,360,d1523d63a88e7a716ec128c69de804a22e6ed039ced14c103725df89ac0a6678,3699990473,66ed3e7d3768f9066dfb5982010c796a13a02740fab8a6a4fce35a9a8a4ea784,True,nomura_original_interval_hungarian_dtw_off,A2 Ablation) DTW Off (Corr-only),False,100,100,0,0.0,100,97,0,0.97,0.97,0.06978654663903469,0.25909230463148264,379.25,423.1,3.341444791003596,100,0,0,0,0,1.0,0.0,0.0,0.0,0.0,1.0,6.65,0.0,0.0,0.0,0.0,0.0,,0.0,0.0,2.2172713699983433,1.028043709040503,0.0,0.09546550496452255,3.340780584003369,2.2172713699983433,0.09546550496452255
20260703_185002_516173,b0da4d9216a2bbfcc818675c756bd436b7c3e50f537880fa75c56fd8774d8151,16,2187632407,1055930936,2187632407,16,100,50,60,5,30,10.0,120,current,Optimized Pattern Generator,dynamic_session,Dynamic Session Pattern Assignment,50,6,360,d1523d63a88e7a716ec128c69de804a22e6ed039ced14c103725df89ac0a6678,3699990473,66ed3e7d3768f9066dfb5982010c796a13a02740fab8a6a4fce35a9a8a4ea784,True,nomura_original_interval_hungarian_corr_off,A2 Ablation) Corr Off (DTW-only),False,100,100,0,0.0,100,94,0,0.94,0.94,2.541e-07,4.9e-07,379.25,423.1,3.5125220000045374,100,0,0,0,0,1.0,0.0,0.0,0.0,0.0,1.0,6.65,0.0,0.0,0.0,0.0,0.0,,0.0,0.0,2.354452165942348,1.060643839991826,0.0,0.09670686906611081,3.511802875000285,2.354452165942348,0.09670686906611081
20260703_185002_516173,b0da4d9216a2bbfcc818675c756bd436b7c3e50f537880fa75c56fd8774d8151,16,2187632407,542446163,2187632407,16,100,50,60,5,30,10.0,120,current,Optimized Pattern Generator,dynamic_session,Dynamic Session Pattern Assignment,50,6,360,d1523d63a88e7a716ec128c69de804a22e6ed039ced14c103725df89ac0a6678,3699990473,66ed3e7d3768f9066dfb5982010c796a13a02740fab8a6a4fce35a9a8a4ea784,True,nomura_original_interval_hungarian_all_off,A2 Ablation) All Waveform Terms Off,False,100,100,0,0.0,100,94,0,0.94,0.94,1.7830002500999997,8.80000032,379.25,423.1,2.2685196249949513,100,0,0,0,0,1.0,0.0,0.0,0.0,0.0,1.0,6.65,0.0,0.0,0.0,0.0,0.0,,0.0,0.0,2.152139670950419,0.0036565870032063685,0.0,0.11206970004423056,2.2678659579978557,2.152139670950419,0.11206970004423056
20260703_185002_516173,b0da4d9216a2bbfcc818675c756bd436b7c3e50f537880fa75c56fd8774d8151,16,2187632407,1367392802,2187632407,16,100,50,60,5,30,10.0,120,current,Optimized Pattern Generator,dynamic_session,Dynamic Session Pattern Assignment,50,6,360,d1523d63a88e7a716ec128c69de804a22e6ed039ced14c103725df89ac0a6678,3699990473,66ed3e7d3768f9066dfb5982010c796a13a02740fab8a6a4fce35a9a8a4ea784,True,bayesian_windowed,A3) Bayesian Posterior + Hungarian + Lock,False,100,100,0,0.0,100,100,0,1.0,1.0,0.16950084983239788,0.8168847554742031,379.25,423.1,2.5512420420054696,100,0,0,0,0,1.0,0.0,0.0,0.0,0.0,1.0,6.65,0.0,0.0,0.0,0.0,0.0,,0.0,0.0,2.0780664659832837,0.38197088002198143,0.0,0.09055007099232171,2.550587416997587,2.0780664659832837,0.09055007099232171
20260703_185002_516173,b0da4d9216a2bbfcc818675c756bd436b7c3e50f537880fa75c56fd8774d8151,16,2187632407,1856414641,2187632407,16,100,50,60,5,30,10.0,120,current,Optimized Pattern Generator,dynamic_session,Dynamic Session Pattern Assignment,50,6,360,d1523d63a88e7a716ec128c69de804a22e6ed039ced14c103725df89ac0a6678,3699990473,66ed3e7d3768f9066dfb5982010c796a13a02740fab8a6a4fce35a9a8a4ea784,True,bayesian_windowed_lock_off,A3 Ablation) Lock Off,False,100,100,0,0.0,100,100,0,1.0,1.0,0.16953681928937261,0.8168847554742031,379.25,423.1,2.62905262500135,100,0,0,0,0,1.0,0.0,0.0,0.0,0.0,1.0,6.65,0.0,0.0,0.0,0.0,0.0,,0.0,0.0,2.145321748997958,0.3889925830590073,0.0,0.09405700194474775,2.628371334001713,2.145321748997958,0.09405700194474775
20260703_185002_516173,b0da4d9216a2bbfcc818675c756bd436b7c3e50f537880fa75c56fd8774d8151,16,2187632407,1977915828,2187632407,16,100,50,60,5,30,10.0,120,current,Optimized Pattern Generator,dynamic_session,Dynamic Session Pattern Assignment,50,6,360,d1523d63a88e7a716ec128c69de804a22e6ed039ced14c103725df89ac0a6678,3699990473,66ed3e7d3768f9066dfb5982010c796a13a02740fab8a6a4fce35a9a8a4ea784,True,bayesian_windowed_memory_off,A3 Ablation) Posterior Memory Off,False,100,100,0,0.0,100,98,0,0.98,0.98,0.31597184068191586,1.1978354847389316,379.25,423.1,2.648812832994736,100,0,0,0,0,1.0,0.0,0.0,0.0,0.0,1.0,6.65,0.0,0.0,0.0,0.0,0.0,,0.0,0.0,2.164735668011417,0.38891583296936005,0.0,0.09449229101301171,2.648143791993789,2.164735668011417,0.09449229101301171
20260703_185002_516173,b0da4d9216a2bbfcc818675c756bd436b7c3e50f537880fa75c56fd8774d8151,16,2187632407,2395032836,2187632407,16,100,50,60,5,30,10.0,120,current,Optimized Pattern Generator,dynamic_session,Dynamic Session Pattern Assignment,50,6,360,d1523d63a88e7a716ec128c69de804a22e6ed039ced14c103725df89ac0a6678,3699990473,66ed3e7d3768f9066dfb5982010c796a13a02740fab8a6a4fce35a9a8a4ea784,True,bayesian_windowed_timeprior_off,A3 Ablation) Time Prior Off,False,100,100,0,0.0,100,100,0,1.0,1.0,0.1703384268893746,0.8168847554742031,379.25,423.1,2.6841872919976595,100,0,0,0,0,1.0,0.0,0.0,0.0,0.0,1.0,6.65,0.0,0.0,0.0,0.0,0.0,,0.0,0.0,2.197961743993801,0.39329133403953165,0.0,0.09208308896631934,2.683336166999652,2.197961743993801,0.09208308896631934
20260703_185002_516173,b0da4d9216a2bbfcc818675c756bd436b7c3e50f537880fa75c56fd8774d8151,16,2187632407,433795954,2187632407,16,100,50,60,5,30,10.0,120,current,Optimized Pattern Generator,dynamic_session,Dynamic Session Pattern Assignment,50,6,360,d1523d63a88e7a716ec128c69de804a22e6ed039ced14c103725df89ac0a6678,3699990473,66ed3e7d3768f9066dfb5982010c796a13a02740fab8a6a4fce35a9a8a4ea784,True,bayesian_windowed_all_off,A3 Ablation) Time Prior + Memory + Lock Off,False,100,100,0,0.0,100,98,0,0.98,0.98,0.316820496908892,1.1978354847389316,379.25,423.1,2.628476874997432,100,0,0,0,0,1.0,0.0,0.0,0.0,0.0,1.0,6.65,0.0,0.0,0.0,0.0,0.0,,0.0,0.0,2.1311657919577556,0.38438283299910836,0.0,0.11226125004759524,2.627809875004459,2.1311657919577556,0.11226125004759524
20260703_185002_516173,b0da4d9216a2bbfcc818675c756bd436b7c3e50f537880fa75c56fd8774d8151,17,2187632408,1233724852,2187632408,17,100,50,60,5,30,10.0,120,current,Optimized Pattern Generator,dynamic_session,Dynamic Session Pattern Assignment,50,6,360,f97a3a958a9880d4b306762c2150b8fd0e5e86fdf4f0c5a9fdb5619c318c4df6,3699990470,14de31eb4db5f51697991ecbc4e28153932eef173c463716075651b0f9255e62,True,single_only,A1) Refined Cost + Greedy 1:1,True,100,100,0,0.0,100,99,0,0.99,0.99,1.0387114768892831,4.883157042300454,379.92,411.0000000000001,2.7128762920037843,100,0,0,0,0,1.0,0.0,0.0,0.0,0.0,1.0,6.59,0.0,0.0,0.0,0.0,0.0,,0.0,0.0,2.1959114969868097,0.4240887509949971,0.0,0.09217071001330623,2.712170957995113,2.1959114969868097,0.09217071001330623
20260703_185002_516173,b0da4d9216a2bbfcc818675c756bd436b7c3e50f537880fa75c56fd8774d8151,17,2187632408,1545686414,2187632408,17,100,50,60,5,30,10.0,120,current,Optimized Pattern Generator,dynamic_session,Dynamic Session Pattern Assignment,50,6,360,f97a3a958a9880d4b306762c2150b8fd0e5e86fdf4f0c5a9fdb5619c318c4df6,3699990470,14de31eb4db5f51697991ecbc4e28153932eef173c463716075651b0f9255e62,True,single_only_dtw_off,A1 Ablation) DTW Off,False,100,100,0,0.0,100,99,0,0.99,0.99,0.8120002531999999,3.1233337533333336,379.92,411.0000000000001,2.6352147910001804,100,0,0,0,0,1.0,0.0,0.0,0.0,0.0,1.0,6.59,0.0,0.0,0.0,0.0,0.0,,0.0,0.0,2.1221393730156706,0.4168527889705729,0.0,0.09551671300869202,2.6345088749949355,2.1221393730156706,0.09551671300869202
20260703_185002_516173,b0da4d9216a2bbfcc818675c756bd436b7c3e50f537880fa75c56fd8774d8151,17,2187632408,866312318,2187632408,17,100,50,60,5,30,10.0,120,current,Optimized Pattern Generator,dynamic_session,Dynamic Session Pattern Assignment,50,6,360,f97a3a958a9880d4b306762c2150b8fd0e5e86fdf4f0c5a9fdb5619c318c4df6,3699990470,14de31eb4db5f51697991ecbc4e28153932eef173c463716075651b0f9255e62,True,single_only_step_off,A1 Ablation) Step Signature Off,False,100,100,0,0.0,100,94,0,0.94,0.94,0.20735339532724759,1.2757778707818852,379.92,411.0000000000001,2.62001095800224,100,0,0,0,0,1.0,0.0,0.0,0.0,0.0,1.0,6.59,0.0,0.0,0.0,0.0,0.0,,0.0,0.0,2.1080967849848093,0.4203892910227296,0.0,0.09070146599697182,2.6191875420045108,2.1080967849848093,0.09070146599697182
20260703_185002_516173,b0da4d9216a2bbfcc818675c756bd436b7c3e50f537880fa75c56fd8774d8151,17,2187632408,1815193642,2187632408,17,100,50,60,5,30,10.0,120,current,Optimized Pattern Generator,dynamic_session,Dynamic Session Pattern Assignment,50,6,360,f97a3a958a9880d4b306762c2150b8fd0e5e86fdf4f0c5a9fdb5619c318c4df6,3699990470,14de31eb4db5f51697991ecbc4e28153932eef173c463716075651b0f9255e62,True,single_only_all_off,A1 Ablation) All Waveform Terms Off,False,100,100,0,0.0,100,94,0,0.94,0.94,1.540000257,7.70000048,379.92,411.0000000000001,2.1924670830048854,100,0,0,0,0,1.0,0.0,0.0,0.0,0.0,1.0,6.59,0.0,0.0,0.0,0.0,0.0,,0.0,0.0,2.076933293014008,0.0036154500048724003,0.0,0.11121283998363651,2.191761583002517,2.076933293014008,0.11121283998363651
20260703_185002_516173,b0da4d9216a2bbfcc818675c756bd436b7c3e50f537880fa75c56fd8774d8151,17,2187632408,2184921393,2187632408,17,100,50,60,5,30,10.0,120,current,Optimized Pattern Generator,dynamic_session,Dynamic Session Pattern Assignment,50,6,360,f97a3a958a9880d4b306762c2150b8fd0e5e86fdf4f0c5a9fdb5619c318c4df6,3699990470,14de31eb4db5f51697991ecbc4e28153932eef173c463716075651b0f9255e62,True,nomura_original_interval_hungarian,A2) Corr+DTW + Hungarian,False,100,100,0,0.0,100,96,0,0.96,0.96,0.08750911639033143,0.46351987199852446,379.92,411.0000000000001,3.3207622499976424,100,0,0,0,0,1.0,0.0,0.0,0.0,0.0,1.0,6.59,0.0,0.0,0.0,0.0,0.0,,0.0,0.0,2.2132745010167127,1.012702292035101,0.0,0.09380312394932844,3.319779917001142,2.2132745010167127,0.09380312394932844
20260703_185002_516173,b0da4d9216a2bbfcc818675c756bd436b7c3e50f537880fa75c56fd8774d8151,17,2187632408,2176353883,2187632408,17,100,50,60,5,30,10.0,120,current,Optimized Pattern Generator,dynamic_session,Dynamic Session Pattern Assignment,50,6,360,f97a3a958a9880d4b306762c2150b8fd0e5e86fdf4f0c5a9fdb5619c318c4df6,3699990470,14de31eb4db5f51697991ecbc4e28153932eef173c463716075651b0f9255e62,True,nomura_original_interval_hungarian_dtw_off,A2 Ablation) DTW Off (Corr-only),False,100,100,0,0.0,100,96,0,0.96,0.96,0.0808059077536351,0.3410423437732173,379.92,411.0000000000001,3.193132042004436,100,0,0,0,0,1.0,0.0,0.0,0.0,0.0,1.0,6.59,0.0,0.0,0.0,0.0,0.0,,0.0,0.0,2.1069635399981053,0.9931379169938737,0.0,0.09224662600900047,3.1923480830009794,2.1069635399981053,0.09224662600900047
20260703_185002_516173,b0da4d9216a2bbfcc818675c756bd436b7c3e50f537880fa75c56fd8774d8151,17,2187632408,1055930935,2187632408,17,100,50,60,5,30,10.0,120,current,Optimized Pattern Generator,dynamic_session,Dynamic Session Pattern Assignment,50,6,360,f97a3a958a9880d4b306762c2150b8fd0e5e86fdf4f0c5a9fdb5619c318c4df6,3699990470,14de31eb4db5f51697991ecbc4e28153932eef173c463716075651b0f9255e62,True,nomura_original_interval_hungarian_corr_off,A2 Ablation) Corr Off (DTW-only),False,100,100,0,0.0,100,92,0,0.92,0.92,0.0009073006080553355,0.07854716899418696,379.92,411.0000000000001,3.241123042003892,100,0,0,0,0,1.0,0.0,0.0,0.0,0.0,1.0,6.59,0.0,0.0,0.0,0.0,0.0,,0.0,0.0,2.1417251269595,1.004125493011088,0.0,0.094629255028849,3.240479874999437,2.1417251269595,0.094629255028849
20260703_185002_516173,b0da4d9216a2bbfcc818675c756bd436b7c3e50f537880fa75c56fd8774d8151,17,2187632408,542446172,2187632408,17,100,50,60,5,30,10.0,120,current,Optimized Pattern Generator,dynamic_session,Dynamic Session Pattern Assignment,50,6,360,f97a3a958a9880d4b306762c2150b8fd0e5e86fdf4f0c5a9fdb5619c318c4df6,3699990470,14de31eb4db5f51697991ecbc4e28153932eef173c463716075651b0f9255e62,True,nomura_original_interval_hungarian_all_off,A2 Ablation) All Waveform Terms Off,False,100,100,0,0.0,100,94,0,0.94,0.94,1.540000257,7.70000048,379.92,411.0000000000001,2.193446124998445,100,0,0,0,0,1.0,0.0,0.0,0.0,0.0,1.0,6.59,0.0,0.0,0.0,0.0,0.0,,0.0,0.0,2.1031640349683585,0.003706874937051907,0.0,0.08593513209052617,2.1928060419959365,2.1031640349683585,0.08593513209052617
20260703_185002_516173,b0da4d9216a2bbfcc818675c756bd436b7c3e50f537880fa75c56fd8774d8151,17,2187632408,1367392813,2187632408,17,100,50,60,5,30,10.0,120,current,Optimized Pattern Generator,dynamic_session,Dynamic Session Pattern Assignment,50,6,360,f97a3a958a9880d4b306762c2150b8fd0e5e86fdf4f0c5a9fdb5619c318c4df6,3699990470,14de31eb4db5f51697991ecbc4e28153932eef173c463716075651b0f9255e62,True,bayesian_windowed,A3) Bayesian Posterior + Hungarian + Lock,False,100,100,0,0.0,100,100,0,1.0,1.0,0.17451357349030797,0.9335509675879011,379.92,411.0000000000001,2.7837973330024397,100,0,0,0,0,1.0,0.0,0.0,0.0,0.0,1.0,6.59,0.0,0.0,0.0,0.0,0.0,,0.0,0.0,2.2778419989917893,0.3927181719773216,0.0,0.11260378702718299,2.783163957996294,2.2778419989917893,0.11260378702718299
20260703_185002_516173,b0da4d9216a2bbfcc818675c756bd436b7c3e50f537880fa75c56fd8774d8151,17,2187632408,1856414654,2187632408,17,100,50,60,5,30,10.0,120,current,Optimized Pattern Generator,dynamic_session,Dynamic Session Pattern Assignment,50,6,360,f97a3a958a9880d4b306762c2150b8fd0e5e86fdf4f0c5a9fdb5619c318c4df6,3699990470,14de31eb4db5f51697991ecbc4e28153932eef173c463716075651b0f9255e62,True,bayesian_windowed_lock_off,A3 Ablation) Lock Off,False,100,100,0,0.0,100,100,0,1.0,1.0,0.17461042073621422,0.9335509675879011,379.92,411.0000000000001,2.668418624998594,100,0,0,0,0,1.0,0.0,0.0,0.0,0.0,1.0,6.59,0.0,0.0,0.0,0.0,0.0,,0.0,0.0,2.1852784960210556,0.3867258359969128,0.0,0.09573283397912746,2.667737165997096,2.1852784960210556,0.09573283397912746
20260703_185002_516173,b0da4d9216a2bbfcc818675c756bd436b7c3e50f537880fa75c56fd8774d8151,17,2187632408,1977915835,2187632408,17,100,50,60,5,30,10.0,120,current,Optimized Pattern Generator,dynamic_session,Dynamic Session Pattern Assignment,50,6,360,f97a3a958a9880d4b306762c2150b8fd0e5e86fdf4f0c5a9fdb5619c318c4df6,3699990470,14de31eb4db5f51697991ecbc4e28153932eef173c463716075651b0f9255e62,True,bayesian_windowed_memory_off,A3 Ablation) Posterior Memory Off,False,100,100,0,0.0,100,99,0,0.99,0.99,0.32038375749517506,1.0863365070143711,379.92,411.0000000000001,2.618546833000437,100,0,0,0,0,1.0,0.0,0.0,0.0,0.0,1.0,6.59,0.0,0.0,0.0,0.0,0.0,,0.0,0.0,2.140642747959646,0.3803960849982104,0.0,0.09682875004364178,2.617867583001498,2.140642747959646,0.09682875004364178
20260703_185002_516173,b0da4d9216a2bbfcc818675c756bd436b7c3e50f537880fa75c56fd8774d8151,17,2187632408,2395032843,2187632408,17,100,50,60,5,30,10.0,120,current,Optimized Pattern Generator,dynamic_session,Dynamic Session Pattern Assignment,50,6,360,f97a3a958a9880d4b306762c2150b8fd0e5e86fdf4f0c5a9fdb5619c318c4df6,3699990470,14de31eb4db5f51697991ecbc4e28153932eef173c463716075651b0f9255e62,True,bayesian_windowed_timeprior_off,A3 Ablation) Time Prior Off,False,100,100,0,0.0,100,100,0,1.0,1.0,0.17625702095839288,0.9335509675879011,379.92,411.0000000000001,2.6025297500018496,100,0,0,0,0,1.0,0.0,0.0,0.0,0.0,1.0,6.59,0.0,0.0,0.0,0.0,0.0,,0.0,0.0,2.1288821759881102,0.38201295898034004,0.0,0.09095899003295926,2.6018541250014096,2.1288821759881102,0.09095899003295926
20260703_185002_516173,b0da4d9216a2bbfcc818675c756bd436b7c3e50f537880fa75c56fd8774d8151,17,2187632408,433795965,2187632408,17,100,50,60,5,30,10.0,120,current,Optimized Pattern Generator,dynamic_session,Dynamic Session Pattern Assignment,50,6,360,f97a3a958a9880d4b306762c2150b8fd0e5e86fdf4f0c5a9fdb5619c318c4df6,3699990470,14de31eb4db5f51697991ecbc4e28153932eef173c463716075651b0f9255e62,True,bayesian_windowed_all_off,A3 Ablation) Time Prior + Memory + Lock Off,False,100,100,0,0.0,100,99,0,0.99,0.99,0.3214217158051057,1.0863365070143711,379.92,411.0000000000001,2.653088624996599,100,0,0,0,0,1.0,0.0,0.0,0.0,0.0,1.0,6.59,0.0,0.0,0.0,0.0,0.0,,0.0,0.0,2.1749750440503703,0.38526179598557064,0.0,0.09218070196948247,2.6524175420054235,2.1749750440503703,0.09218070196948247
20260703_185002_516173,b0da4d9216a2bbfcc818675c756bd436b7c3e50f537880fa75c56fd8774d8151,18,2187632409,1233724853,2187632409,18,100,50,60,5,30,10.0,120,current,Optimized Pattern Generator,dynamic_session,Dynamic Session Pattern Assignment,50,6,360,061348c51ea452fb068b47aeecd0d08e05768ff2ad39c182c5fb6d8577e4b188,3699990471,85c2f0de2eccf913935f550d6d197d098a4fcf0cedd77bcf8f72c1966b756988,True,single_only,A1) Refined Cost + Greedy 1:1,True,100,100,0,0.0,100,99,0,0.99,0.99,1.1278390397651537,6.065065244452238,383.2,413.20000000000005,2.733891208001296,100,0,0,0,0,1.0,0.0,0.0,0.0,0.0,1.0,6.84,0.0,0.0,0.0,0.0,0.0,,0.0,0.0,2.203805669043504,0.4330693290103227,0.0,0.09591550194454612,2.732790499998373,2.203805669043504,0.09591550194454612
20260703_185002_516173,b0da4d9216a2bbfcc818675c756bd436b7c3e50f537880fa75c56fd8774d8151,18,2187632409,1545686415,2187632409,18,100,50,60,5,30,10.0,120,current,Optimized Pattern Generator,dynamic_session,Dynamic Session Pattern Assignment,50,6,360,061348c51ea452fb068b47aeecd0d08e05768ff2ad39c182c5fb6d8577e4b188,3699990471,85c2f0de2eccf913935f550d6d197d098a4fcf0cedd77bcf8f72c1966b756988,True,single_only_dtw_off,A1 Ablation) DTW Off,False,100,100,0,0.0,100,96,0,0.96,0.96,0.866600263,3.8000004900000004,383.2,413.20000000000005,2.897224833002838,100,0,0,0,0,1.0,0.0,0.0,0.0,0.0,1.0,6.84,0.0,0.0,0.0,0.0,0.0,,0.0,0.0,2.3514562959971954,0.4499199170022621,0.0,0.095082371000899,2.8964585840003565,2.3514562959971954,0.095082371000899
20260703_185002_516173,b0da4d9216a2bbfcc818675c756bd436b7c3e50f537880fa75c56fd8774d8151,18,2187632409,866312319,2187632409,18,100,50,60,5,30,10.0,120,current,Optimized Pattern Generator,dynamic_session,Dynamic Session Pattern Assignment,50,6,360,061348c51ea452fb068b47aeecd0d08e05768ff2ad39c182c5fb6d8577e4b188,3699990471,85c2f0de2eccf913935f550d6d197d098a4fcf0cedd77bcf8f72c1966b756988,True,single_only_step_off,A1 Ablation) Step Signature Off,False,100,100,0,0.0,100,91,0,0.91,0.91,0.22052432239994146,1.4215689496545816,383.2,413.20000000000005,2.7939676660025725,100,0,0,0,0,1.0,0.0,0.0,0.0,0.0,1.0,6.84,0.0,0.0,0.0,0.0,0.0,,0.0,0.0,2.260711128023104,0.43558491599105764,0.0,0.09701862198562594,2.7933146659997874,2.260711128023104,0.09701862198562594
20260703_185002_516173,b0da4d9216a2bbfcc818675c756bd436b7c3e50f537880fa75c56fd8774d8151,18,2187632409,1815193643,2187632409,18,100,50,60,5,30,10.0,120,current,Optimized Pattern Generator,dynamic_session,Dynamic Session Pattern Assignment,50,6,360,061348c51ea452fb068b47aeecd0d08e05768ff2ad39c182c5fb6d8577e4b188,3699990471,85c2f0de2eccf913935f550d6d197d098a4fcf0cedd77bcf8f72c1966b756988,True,single_only_all_off,A1 Ablation) All Waveform Terms Off,False,100,100,0,0.0,100,90,0,0.9,0.9,1.40900025,6.800000270000001,383.2,413.20000000000005,2.3031391669937875,100,0,0,0,0,1.0,0.0,0.0,0.0,0.0,1.0,6.84,0.0,0.0,0.0,0.0,0.0,,0.0,0.0,2.206656288013619,0.0037232879985822365,0.0,0.0921100079867756,2.3024895839989767,2.206656288013619,0.0921100079867756
20260703_185002_516173,b0da4d9216a2bbfcc818675c756bd436b7c3e50f537880fa75c56fd8774d8151,18,2187632409,2184921392,2187632409,18,100,50,60,5,30,10.0,120,current,Optimized Pattern Generator,dynamic_session,Dynamic Session Pattern Assignment,50,6,360,061348c51ea452fb068b47aeecd0d08e05768ff2ad39c182c5fb6d8577e4b188,3699990471,85c2f0de2eccf913935f550d6d197d098a4fcf0cedd77bcf8f72c1966b756988,True,nomura_original_interval_hungarian,A2) Corr+DTW + Hungarian,False,100,100,0,0.0,100,96,0,0.96,0.96,0.09137319529226884,0.4871550926231629,383.2,413.20000000000005,3.4917037919949507,100,0,0,0,0,1.0,0.0,0.0,0.0,0.0,1.0,6.84,0.0,0.0,0.0,0.0,0.0,,0.0,0.0,2.3203726619685767,1.05695186896628,0.0,0.11366988506051712,3.490994415995374,2.3203726619685767,0.11366988506051712
20260703_185002_516173,b0da4d9216a2bbfcc818675c756bd436b7c3e50f537880fa75c56fd8774d8151,18,2187632409,2176353882,2187632409,18,100,50,60,5,30,10.0,120,current,Optimized Pattern Generator,dynamic_session,Dynamic Session Pattern Assignment,50,6,360,061348c51ea452fb068b47aeecd0d08e05768ff2ad39c182c5fb6d8577e4b188,3699990471,85c2f0de2eccf913935f550d6d197d098a4fcf0cedd77bcf8f72c1966b756988,True,nomura_original_interval_hungarian_dtw_off,A2 Ablation) DTW Off (Corr-only),False,100,100,0,0.0,100,91,0,0.91,0.91,0.08534203638349082,0.4566077238656193,383.2,413.20000000000005,3.3801373340029386,100,0,0,0,0,1.0,0.0,0.0,0.0,0.0,1.0,6.84,0.0,0.0,0.0,0.0,0.0,,0.0,0.0,2.2448621279909275,1.0393271209904924,0.0,0.09526633501809556,3.3794555839995155,2.2448621279909275,0.09526633501809556
20260703_185002_516173,b0da4d9216a2bbfcc818675c756bd436b7c3e50f537880fa75c56fd8774d8151,18,2187632409,1055930934,2187632409,18,100,50,60,5,30,10.0,120,current,Optimized Pattern Generator,dynamic_session,Dynamic Session Pattern Assignment,50,6,360,061348c51ea452fb068b47aeecd0d08e05768ff2ad39c182c5fb6d8577e4b188,3699990471,85c2f0de2eccf913935f550d6d197d098a4fcf0cedd77bcf8f72c1966b756988,True,nomura_original_interval_hungarian_corr_off,A2 Ablation) Corr Off (DTW-only),False,100,100,0,0.0,100,92,0,0.92,0.92,2.543e-07,4.9e-07,383.2,413.20000000000005,3.3849281250004424,100,0,0,0,0,1.0,0.0,0.0,0.0,0.0,1.0,6.84,0.0,0.0,0.0,0.0,0.0,,0.0,0.0,2.251868665945949,1.0412168740222114,0.0,0.09118487602972891,3.3842704159978894,2.251868665945949,0.09118487602972891
20260703_185002_516173,b0da4d9216a2bbfcc818675c756bd436b7c3e50f537880fa75c56fd8774d8151,18,2187632409,542446173,2187632409,18,100,50,60,5,30,10.0,120,current,Optimized Pattern Generator,dynamic_session,Dynamic Session Pattern Assignment,50,6,360,061348c51ea452fb068b47aeecd0d08e05768ff2ad39c182c5fb6d8577e4b188,3699990471,85c2f0de2eccf913935f550d6d197d098a4fcf0cedd77bcf8f72c1966b756988,True,nomura_original_interval_hungarian_all_off,A2 Ablation) All Waveform Terms Off,False,100,100,0,0.0,100,90,0,0.9,0.9,1.40900025,6.800000270000001,383.2,413.20000000000005,2.2795724169991445,100,0,0,0,0,1.0,0.0,0.0,0.0,0.0,1.0,6.84,0.0,0.0,0.0,0.0,0.0,,0.0,0.0,2.188089700001001,0.003717877021699678,0.0,0.08706879797682632,2.278876374999527,2.188089700001001,0.08706879797682632
20260703_185002_516173,b0da4d9216a2bbfcc818675c756bd436b7c3e50f537880fa75c56fd8774d8151,18,2187632409,1367392812,2187632409,18,100,50,60,5,30,10.0,120,current,Optimized Pattern Generator,dynamic_session,Dynamic Session Pattern Assignment,50,6,360,061348c51ea452fb068b47aeecd0d08e05768ff2ad39c182c5fb6d8577e4b188,3699990471,85c2f0de2eccf913935f550d6d197d098a4fcf0cedd77bcf8f72c1966b756988,True,bayesian_windowed,A3) Bayesian Posterior + Hungarian + Lock,False,100,100,0,0.0,100,100,0,1.0,1.0,0.16865677530846043,0.8265310849045053,383.2,413.20000000000005,2.860825167001167,100,0,0,0,0,1.0,0.0,0.0,0.0,0.0,1.0,6.84,0.0,0.0,0.0,0.0,0.0,,0.0,0.0,2.3375520009649335,0.4032294199860189,0.0,0.11936562004848383,2.8601470409994363,2.3375520009649335,0.11936562004848383
20260703_185002_516173,b0da4d9216a2bbfcc818675c756bd436b7c3e50f537880fa75c56fd8774d8151,18,2187632409,1856414655,2187632409,18,100,50,60,5,30,10.0,120,current,Optimized Pattern Generator,dynamic_session,Dynamic Session Pattern Assignment,50,6,360,061348c51ea452fb068b47aeecd0d08e05768ff2ad39c182c5fb6d8577e4b188,3699990471,85c2f0de2eccf913935f550d6d197d098a4fcf0cedd77bcf8f72c1966b756988,True,bayesian_windowed_lock_off,A3 Ablation) Lock Off,False,100,100,0,0.0,100,100,0,1.0,1.0,0.16866337645003127,0.8265310849045053,383.2,413.20000000000005,2.6921048750009504,100,0,0,0,0,1.0,0.0,0.0,0.0,0.0,1.0,6.84,0.0,0.0,0.0,0.0,0.0,,0.0,0.0,2.2030200880399207,0.39604049502668204,0.0,0.09237487493373919,2.691435458000342,2.2030200880399207,0.09237487493373919
20260703_185002_516173,b0da4d9216a2bbfcc818675c756bd436b7c3e50f537880fa75c56fd8774d8151,18,2187632409,1977915834,2187632409,18,100,50,60,5,30,10.0,120,current,Optimized Pattern Generator,dynamic_session,Dynamic Session Pattern Assignment,50,6,360,061348c51ea452fb068b47aeecd0d08e05768ff2ad39c182c5fb6d8577e4b188,3699990471,85c2f0de2eccf913935f550d6d197d098a4fcf0cedd77bcf8f72c1966b756988,True,bayesian_windowed_memory_off,A3 Ablation) Posterior Memory Off,False,100,100,0,0.0,100,99,0,0.99,0.99,0.3385521440654993,1.2859180270473791,383.2,413.20000000000005,2.877501457995095,100,0,0,0,0,1.0,0.0,0.0,0.0,0.0,1.0,6.84,0.0,0.0,0.0,0.0,0.0,,0.0,0.0,2.3658318728994345,0.418582755002717,0.0,0.0923606640935759,2.8767752919957275,2.3658318728994345,0.0923606640935759
20260703_185002_516173,b0da4d9216a2bbfcc818675c756bd436b7c3e50f537880fa75c56fd8774d8151,18,2187632409,2395032842,2187632409,18,100,50,60,5,30,10.0,120,current,Optimized Pattern Generator,dynamic_session,Dynamic Session Pattern Assignment,50,6,360,061348c51ea452fb068b47aeecd0d08e05768ff2ad39c182c5fb6d8577e4b188,3699990471,85c2f0de2eccf913935f550d6d197d098a4fcf0cedd77bcf8f72c1966b756988,True,bayesian_windowed_timeprior_off,A3 Ablation) Time Prior Off,False,100,100,0,0.0,100,100,0,1.0,1.0,0.17010074488380356,0.8328150498841074,383.2,413.20000000000005,2.6573675830004504,100,0,0,0,0,1.0,0.0,0.0,0.0,0.0,1.0,6.84,0.0,0.0,0.0,0.0,0.0,,0.0,0.0,2.1677843800280243,0.3929672890008078,0.0,0.09595324797555804,2.65670491700439,2.1677843800280243,0.09595324797555804
20260703_185002_516173,b0da4d9216a2bbfcc818675c756bd436b7c3e50f537880fa75c56fd8774d8151,18,2187632409,433795964,2187632409,18,100,50,60,5,30,10.0,120,current,Optimized Pattern Generator,dynamic_session,Dynamic Session Pattern Assignment,50,6,360,061348c51ea452fb068b47aeecd0d08e05768ff2ad39c182c5fb6d8577e4b188,3699990471,85c2f0de2eccf913935f550d6d197d098a4fcf0cedd77bcf8f72c1966b756988,True,bayesian_windowed_all_off,A3 Ablation) Time Prior + Memory + Lock Off,False,100,100,0,0.0,100,99,0,0.99,0.99,0.339568159866424,1.2859180270473791,383.2,413.20000000000005,2.6306219160032924,100,0,0,0,0,1.0,0.0,0.0,0.0,0.0,1.0,6.84,0.0,0.0,0.0,0.0,0.0,,0.0,0.0,2.1495358760512318,0.38766804203623906,0.0,0.09271445691410918,2.62991837500158,2.1495358760512318,0.09271445691410918
20260703_185002_516173,b0da4d9216a2bbfcc818675c756bd436b7c3e50f537880fa75c56fd8774d8151,19,2187632410,1233724854,2187632410,19,100,50,60,5,30,10.0,120,current,Optimized Pattern Generator,dynamic_session,Dynamic Session Pattern Assignment,50,6,360,98ae7f851facf81ef86e190dceb469daa15641399ef81e2f857457dd33728c0f,3699990468,a3907fb4064f27403542d1b4da583362c67321fab5ec2ea2c1123e885203636f,True,single_only,A1) Refined Cost + Greedy 1:1,True,100,100,0,0.0,100,97,0,0.97,0.97,1.270368725830656,6.077423921448032,383.12,430.20000000000005,2.5042617910003173,100,0,0,0,0,1.0,0.0,0.0,0.0,0.0,1.0,6.4,0.0,0.0,0.0,0.0,0.0,,0.0,0.0,2.013470541947754,0.3997404629626544,0.0,0.0904114950899384,2.503622500000347,2.013470541947754,0.0904114950899384
20260703_185002_516173,b0da4d9216a2bbfcc818675c756bd436b7c3e50f537880fa75c56fd8774d8151,19,2187632410,1545686412,2187632410,19,100,50,60,5,30,10.0,120,current,Optimized Pattern Generator,dynamic_session,Dynamic Session Pattern Assignment,50,6,360,98ae7f851facf81ef86e190dceb469daa15641399ef81e2f857457dd33728c0f,3699990468,a3907fb4064f27403542d1b4da583362c67321fab5ec2ea2c1123e885203636f,True,single_only_dtw_off,A1 Ablation) DTW Off,False,100,100,0,0.0,100,97,0,0.97,0.97,0.9657002458000002,3.69000038,383.12,430.20000000000005,2.5231837920000544,100,0,0,0,0,1.0,0.0,0.0,0.0,0.0,1.0,6.4,0.0,0.0,0.0,0.0,0.0,,0.0,0.0,2.027069745956396,0.4032823370071128,0.0,0.09216250103781931,2.5225145840013283,2.027069745956396,0.09216250103781931
20260703_185002_516173,b0da4d9216a2bbfcc818675c756bd436b7c3e50f537880fa75c56fd8774d8151,19,2187632410,866312316,2187632410,19,100,50,60,5,30,10.0,120,current,Optimized Pattern Generator,dynamic_session,Dynamic Session Pattern Assignment,50,6,360,98ae7f851facf81ef86e190dceb469daa15641399ef81e2f857457dd33728c0f,3699990468,a3907fb4064f27403542d1b4da583362c67321fab5ec2ea2c1123e885203636f,True,single_only_step_off,A1 Ablation) Step Signature Off,False,100,100,0,0.0,100,90,0,0.9,0.9,0.2665290620026685,1.4159358139484912,383.12,430.20000000000005,2.5861863329992048,100,0,0,0,0,1.0,0.0,0.0,0.0,0.0,1.0,6.4,0.0,0.0,0.0,0.0,0.0,,0.0,0.0,2.0854270809868467,0.40870704297412885,0.0,0.09138770904246485,2.5855218330034404,2.0854270809868467,0.09138770904246485
20260703_185002_516173,b0da4d9216a2bbfcc818675c756bd436b7c3e50f537880fa75c56fd8774d8151,19,2187632410,1815193640,2187632410,19,100,50,60,5,30,10.0,120,current,Optimized Pattern Generator,dynamic_session,Dynamic Session Pattern Assignment,50,6,360,98ae7f851facf81ef86e190dceb469daa15641399ef81e2f857457dd33728c0f,3699990468,a3907fb4064f27403542d1b4da583362c67321fab5ec2ea2c1123e885203636f,True,single_only_all_off,A1 Ablation) All Waveform Terms Off,False,100,100,0,0.0,100,95,0,0.95,0.95,1.7200002318999998,7.00000043,383.12,430.20000000000005,2.10065208299784,100,0,0,0,0,1.0,0.0,0.0,0.0,0.0,1.0,6.4,0.0,0.0,0.0,0.0,0.0,,0.0,0.0,2.004715288952866,0.003429207041335758,0.0,0.09173346200259402,2.099877957996796,2.004715288952866,0.09173346200259402
20260703_185002_516173,b0da4d9216a2bbfcc818675c756bd436b7c3e50f537880fa75c56fd8774d8151,19,2187632410,2184921395,2187632410,19,100,50,60,5,30,10.0,120,current,Optimized Pattern Generator,dynamic_session,Dynamic Session Pattern Assignment,50,6,360,98ae7f851facf81ef86e190dceb469daa15641399ef81e2f857457dd33728c0f,3699990468,a3907fb4064f27403542d1b4da583362c67321fab5ec2ea2c1123e885203636f,True,nomura_original_interval_hungarian,A2) Corr+DTW + Hungarian,False,100,100,0,0.0,100,95,0,0.95,0.95,0.11204694966035858,0.5013451489869704,383.12,430.20000000000005,3.123369458000525,100,0,0,0,0,1.0,0.0,0.0,0.0,0.0,1.0,6.4,0.0,0.0,0.0,0.0,0.0,,0.0,0.0,2.0421172909918823,0.9660653309474583,0.0,0.11449316905782325,3.122675790997164,2.0421172909918823,0.11449316905782325
20260703_185002_516173,b0da4d9216a2bbfcc818675c756bd436b7c3e50f537880fa75c56fd8774d8151,19,2187632410,2176353881,2187632410,19,100,50,60,5,30,10.0,120,current,Optimized Pattern Generator,dynamic_session,Dynamic Session Pattern Assignment,50,6,360,98ae7f851facf81ef86e190dceb469daa15641399ef81e2f857457dd33728c0f,3699990468,a3907fb4064f27403542d1b4da583362c67321fab5ec2ea2c1123e885203636f,True,nomura_original_interval_hungarian_dtw_off,A2 Ablation) DTW Off (Corr-only),False,100,100,0,0.0,100,92,0,0.92,0.92,0.1013022671456325,0.3758284815673713,383.12,430.20000000000005,3.157852832999197,100,0,0,0,0,1.0,0.0,0.0,0.0,0.0,1.0,6.4,0.0,0.0,0.0,0.0,0.0,,0.0,0.0,2.092980792025628,0.9744225870090304,0.0,0.08981820496410364,3.157221583998762,2.092980792025628,0.08981820496410364
20260703_185002_516173,b0da4d9216a2bbfcc818675c756bd436b7c3e50f537880fa75c56fd8774d8151,19,2187632410,1055930933,2187632410,19,100,50,60,5,30,10.0,120,current,Optimized Pattern Generator,dynamic_session,Dynamic Session Pattern Assignment,50,6,360,98ae7f851facf81ef86e190dceb469daa15641399ef81e2f857457dd33728c0f,3699990468,a3907fb4064f27403542d1b4da583362c67321fab5ec2ea2c1123e885203636f,True,nomura_original_interval_hungarian_corr_off,A2 Ablation) Corr Off (DTW-only),False,100,100,0,0.0,100,91,0,0.91,0.91,0.002645358649256253,0.26451335492562533,383.12,430.20000000000005,3.1120209589935257,100,0,0,0,0,1.0,0.0,0.0,0.0,0.0,1.0,6.4,0.0,0.0,0.0,0.0,0.0,,0.0,0.0,2.058474161000049,0.9650376610006788,0.0,0.08788347000518115,3.111395292005909,2.058474161000049,0.08788347000518115
20260703_185002_516173,b0da4d9216a2bbfcc818675c756bd436b7c3e50f537880fa75c56fd8774d8151,19,2187632410,542446174,2187632410,19,100,50,60,5,30,10.0,120,current,Optimized Pattern Generator,dynamic_session,Dynamic Session Pattern Assignment,50,6,360,98ae7f851facf81ef86e190dceb469daa15641399ef81e2f857457dd33728c0f,3699990468,a3907fb4064f27403542d1b4da583362c67321fab5ec2ea2c1123e885203636f,True,nomura_original_interval_hungarian_all_off,A2 Ablation) All Waveform Terms Off,False,100,100,0,0.0,100,95,0,0.95,0.95,1.7200002318999998,7.00000043,383.12,430.20000000000005,2.1454610410000896,100,0,0,0,0,1.0,0.0,0.0,0.0,0.0,1.0,6.4,0.0,0.0,0.0,0.0,0.0,,0.0,0.0,2.0436239570044563,0.0036415800132090226,0.0,0.09752387898333836,2.1447894160010037,2.0436239570044563,0.09752387898333836
20260703_185002_516173,b0da4d9216a2bbfcc818675c756bd436b7c3e50f537880fa75c56fd8774d8151,19,2187632410,1367392815,2187632410,19,100,50,60,5,30,10.0,120,current,Optimized Pattern Generator,dynamic_session,Dynamic Session Pattern Assignment,50,6,360,98ae7f851facf81ef86e190dceb469daa15641399ef81e2f857457dd33728c0f,3699990468,a3907fb4064f27403542d1b4da583362c67321fab5ec2ea2c1123e885203636f,True,bayesian_windowed,A3) Bayesian Posterior + Hungarian + Lock,False,100,100,0,0.0,100,99,0,0.99,0.99,0.14878785970705463,0.9081669002639581,383.12,430.20000000000005,2.6703427500033285,100,0,0,0,0,1.0,0.0,0.0,0.0,0.0,1.0,6.4,0.0,0.0,0.0,0.0,0.0,,0.0,0.0,2.1858352460258175,0.386566164001124,0.0,0.09727700697840191,2.6696784170053434,2.1858352460258175,0.09727700697840191
20260703_185002_516173,b0da4d9216a2bbfcc818675c756bd436b7c3e50f537880fa75c56fd8774d8151,19,2187632410,1856414652,2187632410,19,100,50,60,5,30,10.0,120,current,Optimized Pattern Generator,dynamic_session,Dynamic Session Pattern Assignment,50,6,360,98ae7f851facf81ef86e190dceb469daa15641399ef81e2f857457dd33728c0f,3699990468,a3907fb4064f27403542d1b4da583362c67321fab5ec2ea2c1123e885203636f,True,bayesian_windowed_lock_off,A3 Ablation) Lock Off,False,100,100,0,0.0,100,99,0,0.99,0.99,0.14888190081883312,0.9081669002639581,383.12,430.20000000000005,2.5531684169982327,100,0,0,0,0,1.0,0.0,0.0,0.0,0.0,1.0,6.4,0.0,0.0,0.0,0.0,0.0,,0.0,0.0,2.067249044950586,0.37171574305102695,0.0,0.113427836993651,2.5523926249952638,2.067249044950586,0.113427836993651
20260703_185002_516173,b0da4d9216a2bbfcc818675c756bd436b7c3e50f537880fa75c56fd8774d8151,19,2187632410,1977915833,2187632410,19,100,50,60,5,30,10.0,120,current,Optimized Pattern Generator,dynamic_session,Dynamic Session Pattern Assignment,50,6,360,98ae7f851facf81ef86e190dceb469daa15641399ef81e2f857457dd33728c0f,3699990468,a3907fb4064f27403542d1b4da583362c67321fab5ec2ea2c1123e885203636f,True,bayesian_windowed_memory_off,A3 Ablation) Posterior Memory Off,False,100,100,0,0.0,100,97,0,0.97,0.97,0.2754956809651294,1.3671993354271001,383.12,430.20000000000005,2.5491342500026803,100,0,0,0,0,1.0,0.0,0.0,0.0,0.0,1.0,6.4,0.0,0.0,0.0,0.0,0.0,,0.0,0.0,2.080911297009152,0.3737766670019482,0.0,0.0935947019897867,2.548282666000887,2.080911297009152,0.0935947019897867
20260703_185002_516173,b0da4d9216a2bbfcc818675c756bd436b7c3e50f537880fa75c56fd8774d8151,19,2187632410,2395032841,2187632410,19,100,50,60,5,30,10.0,120,current,Optimized Pattern Generator,dynamic_session,Dynamic Session Pattern Assignment,50,6,360,98ae7f851facf81ef86e190dceb469daa15641399ef81e2f857457dd33728c0f,3699990468,a3907fb4064f27403542d1b4da583362c67321fab5ec2ea2c1123e885203636f,True,bayesian_windowed_timeprior_off,A3 Ablation) Time Prior Off,False,100,100,0,0.0,100,99,0,0.99,0.99,0.14978094571090542,0.9081669002639581,383.12,430.20000000000005,2.557889499999874,100,0,0,0,0,1.0,0.0,0.0,0.0,0.0,1.0,6.4,0.0,0.0,0.0,0.0,0.0,,0.0,0.0,2.0866125030006515,0.3783396619473933,0.0,0.09227112705411855,2.5572232920021634,2.0866125030006515,0.09227112705411855
20260703_185002_516173,b0da4d9216a2bbfcc818675c756bd436b7c3e50f537880fa75c56fd8774d8151,19,2187632410,433795967,2187632410,19,100,50,60,5,30,10.0,120,current,Optimized Pattern Generator,dynamic_session,Dynamic Session Pattern Assignment,50,6,360,98ae7f851facf81ef86e190dceb469daa15641399ef81e2f857457dd33728c0f,3699990468,a3907fb4064f27403542d1b4da583362c67321fab5ec2ea2c1123e885203636f,True,bayesian_windowed_all_off,A3 Ablation) Time Prior + Memory + Lock Off,False,100,100,0,0.0,100,97,0,0.97,0.97,0.27613779197737703,1.3671993354271001,383.12,430.20000000000005,2.5618089999989024,100,0,0,0,0,1.0,0.0,0.0,0.0,0.0,1.0,6.4,0.0,0.0,0.0,0.0,0.0,,0.0,0.0,2.09682137305208,0.3708764570619678,0.0,0.09341825288720429,2.5611160830012523,2.09682137305208,0.09341825288720429
20260703_185002_516173,b0da4d9216a2bbfcc818675c756bd436b7c3e50f537880fa75c56fd8774d8151,20,2187632411,1233724855,2187632411,20,100,50,60,5,30,10.0,120,current,Optimized Pattern Generator,dynamic_session,Dynamic Session Pattern Assignment,50,6,360,dea501249bbfaf9b2b61ab36f1dfa32654dad6c04e9cfb1a1b5d3419636e2f85,3699990469,c58c49b0f6bf7efba603fd71270c5324f90c1507d30e926ca00df75393a9a943,True,single_only,A1) Refined Cost + Greedy 1:1,True,100,100,0,0.0,100,97,0,0.97,0.97,1.1752168918109451,6.8364733375426905,384.22,425.6,2.75058308300504,100,0,0,0,0,1.0,0.0,0.0,0.0,0.0,1.0,6.66,0.0,0.0,0.0,0.0,0.0,,0.0,0.0,2.210858286038274,0.429893706983421,0.0,0.1091905069843051,2.749942500006,2.210858286038274,0.1091905069843051
20260703_185002_516173,b0da4d9216a2bbfcc818675c756bd436b7c3e50f537880fa75c56fd8774d8151,20,2187632411,1545686413,2187632411,20,100,50,60,5,30,10.0,120,current,Optimized Pattern Generator,dynamic_session,Dynamic Session Pattern Assignment,50,6,360,dea501249bbfaf9b2b61ab36f1dfa32654dad6c04e9cfb1a1b5d3419636e2f85,3699990469,c58c49b0f6bf7efba603fd71270c5324f90c1507d30e926ca00df75393a9a943,True,single_only_dtw_off,A1 Ablation) DTW Off,False,100,100,0,0.0,100,97,0,0.97,0.97,0.9084335554333333,3.9733333333333327,384.22,425.6,2.706883832994208,100,0,0,0,0,1.0,0.0,0.0,0.0,0.0,1.0,6.66,0.0,0.0,0.0,0.0,0.0,,0.0,0.0,2.182537756008969,0.42512558298767544,0.0,0.09857295300025726,2.706236291996902,2.182537756008969,0.09857295300025726
20260703_185002_516173,b0da4d9216a2bbfcc818675c756bd436b7c3e50f537880fa75c56fd8774d8151,20,2187632411,866312317,2187632411,20,100,50,60,5,30,10.0,120,current,Optimized Pattern Generator,dynamic_session,Dynamic Session Pattern Assignment,50,6,360,dea501249bbfaf9b2b61ab36f1dfa32654dad6c04e9cfb1a1b5d3419636e2f85,3699990469,c58c49b0f6bf7efba603fd71270c5324f90c1507d30e926ca00df75393a9a943,True,single_only_step_off,A1 Ablation) Step Signature Off,False,100,100,0,0.0,100,91,0,0.91,0.91,0.23097530231087338,1.2162549285480504,384.22,425.6,2.774804957996821,100,0,0,0,0,1.0,0.0,0.0,0.0,0.0,1.0,6.66,0.0,0.0,0.0,0.0,0.0,,0.0,0.0,2.248450042985496,0.43236150500160875,0.0,0.09329486801289022,2.774106415999995,2.248450042985496,0.09329486801289022
20260703_185002_516173,b0da4d9216a2bbfcc818675c756bd436b7c3e50f537880fa75c56fd8774d8151,20,2187632411,1815193641,2187632411,20,100,50,60,5,30,10.0,120,current,Optimized Pattern Generator,dynamic_session,Dynamic Session Pattern Assignment,50,6,360,dea501249bbfaf9b2b61ab36f1dfa32654dad6c04e9cfb1a1b5d3419636e2f85,3699990469,c58c49b0f6bf7efba603fd71270c5324f90c1507d30e926ca00df75393a9a943,True,single_only_all_off,A1 Ablation) All Waveform Terms Off,False,100,100,0,0.0,100,97,0,0.97,0.97,1.6840002232999995,7.20000004,384.22,425.6,2.275586415998987,100,0,0,0,0,1.0,0.0,0.0,0.0,0.0,1.0,6.66,0.0,0.0,0.0,0.0,0.0,,0.0,0.0,2.180879042018205,0.0037095749503350817,0.0,0.09030463302769931,2.2748932499962393,2.180879042018205,0.09030463302769931
20260703_185002_516173,b0da4d9216a2bbfcc818675c756bd436b7c3e50f537880fa75c56fd8774d8151,20,2187632411,2184921394,2187632411,20,100,50,60,5,30,10.0,120,current,Optimized Pattern Generator,dynamic_session,Dynamic Session Pattern Assignment,50,6,360,dea501249bbfaf9b2b61ab36f1dfa32654dad6c04e9cfb1a1b5d3419636e2f85,3699990469,c58c49b0f6bf7efba603fd71270c5324f90c1507d30e926ca00df75393a9a943,True,nomura_original_interval_hungarian,A2) Corr+DTW + Hungarian,False,100,100,0,0.0,100,93,0,0.93,0.93,0.08815197376932887,0.39985819279681073,384.22,425.6,3.386376457994629,100,0,0,0,0,1.0,0.0,0.0,0.0,0.0,1.0,6.66,0.0,0.0,0.0,0.0,0.0,,0.0,0.0,2.2559169650048716,1.0339442880140268,0.0,0.0958747049808153,3.3857359579997137,2.2559169650048716,0.0958747049808153
20260703_185002_516173,b0da4d9216a2bbfcc818675c756bd436b7c3e50f537880fa75c56fd8774d8151,20,2187632411,2176353880,2187632411,20,100,50,60,5,30,10.0,120,current,Optimized Pattern Generator,dynamic_session,Dynamic Session Pattern Assignment,50,6,360,dea501249bbfaf9b2b61ab36f1dfa32654dad6c04e9cfb1a1b5d3419636e2f85,3699990469,c58c49b0f6bf7efba603fd71270c5324f90c1507d30e926ca00df75393a9a943,True,nomura_original_interval_hungarian_dtw_off,A2 Ablation) DTW Off (Corr-only),False,100,100,0,0.0,100,94,0,0.94,0.94,0.08406145542159171,0.38216410199447554,384.22,425.6,3.613464041998668,100,0,0,0,0,1.0,0.0,0.0,0.0,0.0,1.0,6.66,0.0,0.0,0.0,0.0,0.0,,0.0,0.0,2.42737783301709,1.0722431289614178,0.0,0.11317478802084224,3.61279574999935,2.42737783301709,0.11317478802084224
20260703_185002_516173,b0da4d9216a2bbfcc818675c756bd436b7c3e50f537880fa75c56fd8774d8151,20,2187632411,1055930932,2187632411,20,100,50,60,5,30,10.0,120,current,Optimized Pattern Generator,dynamic_session,Dynamic Session Pattern Assignment,50,6,360,dea501249bbfaf9b2b61ab36f1dfa32654dad6c04e9cfb1a1b5d3419636e2f85,3699990469,c58c49b0f6bf7efba603fd71270c5324f90c1507d30e926ca00df75393a9a943,True,nomura_original_interval_hungarian_corr_off,A2 Ablation) Corr Off (DTW-only),False,100,100,0,0.0,100,91,0,0.91,0.91,2.3809999999999997e-07,4.9e-07,384.22,425.6,3.4875902920030057,100,0,0,0,0,1.0,0.0,0.0,0.0,0.0,1.0,6.66,0.0,0.0,0.0,0.0,0.0,,0.0,0.0,2.3369873719711904,1.0480522159705288,0.0,0.10189082905708347,3.4869304169988027,2.3369873719711904,0.10189082905708347
20260703_185002_516173,b0da4d9216a2bbfcc818675c756bd436b7c3e50f537880fa75c56fd8774d8151,20,2187632411,542446175,2187632411,20,100,50,60,5,30,10.0,120,current,Optimized Pattern Generator,dynamic_session,Dynamic Session Pattern Assignment,50,6,360,dea501249bbfaf9b2b61ab36f1dfa32654dad6c04e9cfb1a1b5d3419636e2f85,3699990469,c58c49b0f6bf7efba603fd71270c5324f90c1507d30e926ca00df75393a9a943,True,nomura_original_interval_hungarian_all_off,A2 Ablation) All Waveform Terms Off,False,100,100,0,0.0,100,97,0,0.97,0.97,1.6840002232999995,7.20000004,384.22,425.6,2.3575090410013217,100,0,0,0,0,1.0,0.0,0.0,0.0,0.0,1.0,6.66,0.0,0.0,0.0,0.0,0.0,,0.0,0.0,2.261502330969961,0.00393486900429707,0.0,0.09140271602518624,2.356839915999444,2.261502330969961,0.09140271602518624
20260703_185002_516173,b0da4d9216a2bbfcc818675c756bd436b7c3e50f537880fa75c56fd8774d8151,20,2187632411,1367392814,2187632411,20,100,50,60,5,30,10.0,120,current,Optimized Pattern Generator,dynamic_session,Dynamic Session Pattern Assignment,50,6,360,dea501249bbfaf9b2b61ab36f1dfa32654dad6c04e9cfb1a1b5d3419636e2f85,3699990469,c58c49b0f6bf7efba603fd71270c5324f90c1507d30e926ca00df75393a9a943,True,bayesian_windowed,A3) Bayesian Posterior + Hungarian + Lock,False,100,100,0,0.0,100,99,0,0.99,0.99,0.15018154898164915,0.689098869293245,384.22,425.6,2.6992494580044877,100,0,0,0,0,1.0,0.0,0.0,0.0,0.0,1.0,6.66,0.0,0.0,0.0,0.0,0.0,,0.0,0.0,2.209567963014706,0.39347558396548266,0.0,0.09540082801686367,2.6984443749970524,2.209567963014706,0.09540082801686367
20260703_185002_516173,b0da4d9216a2bbfcc818675c756bd436b7c3e50f537880fa75c56fd8774d8151,20,2187632411,1856414653,2187632411,20,100,50,60,5,30,10.0,120,current,Optimized Pattern Generator,dynamic_session,Dynamic Session Pattern Assignment,50,6,360,dea501249bbfaf9b2b61ab36f1dfa32654dad6c04e9cfb1a1b5d3419636e2f85,3699990469,c58c49b0f6bf7efba603fd71270c5324f90c1507d30e926ca00df75393a9a943,True,bayesian_windowed_lock_off,A3 Ablation) Lock Off,False,100,100,0,0.0,100,99,0,0.99,0.99,0.15026053415999754,0.689098869293245,384.22,425.6,2.669036875005986,100,0,0,0,0,1.0,0.0,0.0,0.0,0.0,1.0,6.66,0.0,0.0,0.0,0.0,0.0,,0.0,0.0,2.1885799129668158,0.38860236897016875,0.0,0.09116663406166481,2.6683489159986493,2.1885799129668158,0.09116663406166481
20260703_185002_516173,b0da4d9216a2bbfcc818675c756bd436b7c3e50f537880fa75c56fd8774d8151,20,2187632411,1977915832,2187632411,20,100,50,60,5,30,10.0,120,current,Optimized Pattern Generator,dynamic_session,Dynamic Session Pattern Assignment,50,6,360,dea501249bbfaf9b2b61ab36f1dfa32654dad6c04e9cfb1a1b5d3419636e2f85,3699990469,c58c49b0f6bf7efba603fd71270c5324f90c1507d30e926ca00df75393a9a943,True,bayesian_windowed_memory_off,A3 Ablation) Posterior Memory Off,False,100,100,0,0.0,100,97,0,0.97,0.97,0.3007303879257368,1.1478227553701648,384.22,425.6,2.7889550420004525,100,0,0,0,0,1.0,0.0,0.0,0.0,0.0,1.0,6.66,0.0,0.0,0.0,0.0,0.0,,0.0,0.0,2.277555376946111,0.40007924599194666,0.0,0.11068887705914676,2.7883234999972046,2.277555376946111,0.11068887705914676
20260703_185002_516173,b0da4d9216a2bbfcc818675c756bd436b7c3e50f537880fa75c56fd8774d8151,20,2187632411,2395032840,2187632411,20,100,50,60,5,30,10.0,120,current,Optimized Pattern Generator,dynamic_session,Dynamic Session Pattern Assignment,50,6,360,dea501249bbfaf9b2b61ab36f1dfa32654dad6c04e9cfb1a1b5d3419636e2f85,3699990469,c58c49b0f6bf7efba603fd71270c5324f90c1507d30e926ca00df75393a9a943,True,bayesian_windowed_timeprior_off,A3 Ablation) Time Prior Off,False,100,100,0,0.0,100,99,0,0.99,0.99,0.15123034557696563,0.689098869293245,384.22,425.6,2.7882111669969163,100,0,0,0,0,1.0,0.0,0.0,0.0,0.0,1.0,6.66,0.0,0.0,0.0,0.0,0.0,,0.0,0.0,2.2915840839705197,0.4053157930102316,0.0,0.0906377900246298,2.787537667005381,2.2915840839705197,0.0906377900246298
20260703_185002_516173,b0da4d9216a2bbfcc818675c756bd436b7c3e50f537880fa75c56fd8774d8151,20,2187632411,433795966,2187632411,20,100,50,60,5,30,10.0,120,current,Optimized Pattern Generator,dynamic_session,Dynamic Session Pattern Assignment,50,6,360,dea501249bbfaf9b2b61ab36f1dfa32654dad6c04e9cfb1a1b5d3419636e2f85,3699990469,c58c49b0f6bf7efba603fd71270c5324f90c1507d30e926ca00df75393a9a943,True,bayesian_windowed_all_off,A3 Ablation) Time Prior + Memory + Lock Off,False,100,100,0,0.0,100,97,0,0.97,0.97,0.3015360424448104,1.1497361940752617,384.22,425.6,2.8753488340007607,100,0,0,0,0,1.0,0.0,0.0,0.0,0.0,1.0,6.66,0.0,0.0,0.0,0.0,0.0,,0.0,0.0,2.370827459017164,0.4092623711039778,0.0,0.09456671187945176,2.8746565420005936,2.370827459017164,0.09456671187945176
20260703_185002_516173,b0da4d9216a2bbfcc818675c756bd436b7c3e50f537880fa75c56fd8774d8151,21,2187632412,1233724848,2187632412,1,300,50,60,5,30,10.0,120,current,Optimized Pattern Generator,dynamic_session,Dynamic Session Pattern Assignment,50,6,360,3f82473959c4e110d8ad1b09b89fd787895ae8664fc7571d61853219385c4c18,3699990466,f2449b30e93ade3550a5c902e4d20d8d38abd36ed76d3e79a25fc00ecb0c4464,True,single_only,A1) Refined Cost + Greedy 1:1,True,300,300,0,0.0,300,284,0,0.9466666666666667,0.9466666666666667,1.1844791446293879,10.845684798505495,381.12333333333333,417.1,23.330484250000154,300,0,0,0,0,1.0,0.0,0.0,0.0,0.0,1.0,17.713333333333335,0.0,0.0,0.0,0.0,0.0,,0.0,0.0,19.433289995977248,3.6166107070457656,0.0,0.27870104698376963,23.328601750006783,19.433289995977248,0.27870104698376963
20260703_185002_516173,b0da4d9216a2bbfcc818675c756bd436b7c3e50f537880fa75c56fd8774d8151,21,2187632412,1545686410,2187632412,1,300,50,60,5,30,10.0,120,current,Optimized Pattern Generator,dynamic_session,Dynamic Session Pattern Assignment,50,6,360,3f82473959c4e110d8ad1b09b89fd787895ae8664fc7571d61853219385c4c18,3699990466,f2449b30e93ade3550a5c902e4d20d8d38abd36ed76d3e79a25fc00ecb0c4464,True,single_only_dtw_off,A1 Ablation) DTW Off,False,300,300,0,0.0,300,285,0,0.95,0.95,0.9225336018666667,8.446667116666665,381.12333333333333,417.1,26.397551333000592,300,0,0,0,0,1.0,0.0,0.0,0.0,0.0,1.0,17.713333333333335,0.0,0.0,0.0,0.0,0.0,,0.0,0.0,21.990420120935596,4.121949287982716,0.0,0.283340674082865,26.395710083001177,21.990420120935596,0.283340674082865
20260703_185002_516173,b0da4d9216a2bbfcc818675c756bd436b7c3e50f537880fa75c56fd8774d8151,21,2187632412,866312314,2187632412,1,300,50,60,5,30,10.0,120,current,Optimized Pattern Generator,dynamic_session,Dynamic Session Pattern Assignment,50,6,360,3f82473959c4e110d8ad1b09b89fd787895ae8664fc7571d61853219385c4c18,3699990466,f2449b30e93ade3550a5c902e4d20d8d38abd36ed76d3e79a25fc00ecb0c4464,True,single_only_step_off,A1 Ablation) Step Signature Off,False,300,300,0,0.0,300,262,0,0.8733333333333333,0.8733333333333333,0.20062825088744657,0.9515653425119982,381.12333333333333,417.1,26.877671750000445,300,0,0,0,0,1.0,0.0,0.0,0.0,0.0,1.0,17.713333333333335,0.0,0.0,0.0,0.0,0.0,,0.0,0.0,22.385660791071132,4.205854915031523,0.0,0.2842219188969466,26.8757376249996,22.385660791071132,0.2842219188969466
20260703_185002_516173,b0da4d9216a2bbfcc818675c756bd436b7c3e50f537880fa75c56fd8774d8151,21,2187632412,1815193646,2187632412,1,300,50,60,5,30,10.0,120,current,Optimized Pattern Generator,dynamic_session,Dynamic Session Pattern Assignment,50,6,360,3f82473959c4e110d8ad1b09b89fd787895ae8664fc7571d61853219385c4c18,3699990466,f2449b30e93ade3550a5c902e4d20d8d38abd36ed76d3e79a25fc00ecb0c4464,True,single_only_all_off,A1 Ablation) All Waveform Terms Off,False,300,300,0,0.0,300,224,0,0.7466666666666667,0.7466666666666667,1.2950002682666666,7.50000037,381.12333333333333,417.1,21.957052916994144,300,0,0,0,0,1.0,0.0,0.0,0.0,0.0,1.0,17.713333333333335,0.0,0.0,0.0,0.0,0.0,,0.0,0.0,21.645338452988653,0.01729449603590183,0.0,0.2924746759745176,21.955107624999073,21.645338452988653,0.2924746759745176
20260703_185002_516173,b0da4d9216a2bbfcc818675c756bd436b7c3e50f537880fa75c56fd8774d8151,21,2187632412,2184921397,2187632412,1,300,50,60,5,30,10.0,120,current,Optimized Pattern Generator,dynamic_session,Dynamic Session Pattern Assignment,50,6,360,3f82473959c4e110d8ad1b09b89fd787895ae8664fc7571d61853219385c4c18,3699990466,f2449b30e93ade3550a5c902e4d20d8d38abd36ed76d3e79a25fc00ecb0c4464,True,nomura_original_interval_hungarian,A2) Corr+DTW + Hungarian,False,300,300,0,0.0,300,273,0,0.91,0.91,0.08960170135124292,0.5432769555793283,381.12333333333333,417.1,32.24826491699787,300,0,0,0,0,1.0,0.0,0.0,0.0,0.0,1.0,17.713333333333335,0.0,0.0,0.0,0.0,0.0,,0.0,0.0,22.11091908801609,9.793945902973064,0.0,0.34143625901197083,32.246301250001125,22.11091908801609,0.34143625901197083
20260703_185002_516173,b0da4d9216a2bbfcc818675c756bd436b7c3e50f537880fa75c56fd8774d8151,21,2187632412,2176353887,2187632412,1,300,50,60,5,30,10.0,120,current,Optimized Pattern Generator,dynamic_session,Dynamic Session Pattern Assignment,50,6,360,3f82473959c4e110d8ad1b09b89fd787895ae8664fc7571d61853219385c4c18,3699990466,f2449b30e93ade3550a5c902e4d20d8d38abd36ed76d3e79a25fc00ecb0c4464,True,nomura_original_interval_hungarian_dtw_off,A2 Ablation) DTW Off (Corr-only),False,300,300,0,0.0,300,264,0,0.88,0.88,0.0779351078123782,0.2679944856356625,381.12333333333333,417.1,28.053990291002265,300,0,0,0,0,1.0,0.0,0.0,0.0,0.0,1.0,17.713333333333335,0.0,0.0,0.0,0.0,0.0,,0.0,0.0,19.0948064160184,8.660478089026583,0.0,0.2970253699531895,28.052309874998173,19.0948064160184,0.2970253699531895
20260703_185002_516173,b0da4d9216a2bbfcc818675c756bd436b7c3e50f537880fa75c56fd8774d8151,21,2187632412,1055930931,2187632412,1,300,50,60,5,30,10.0,120,current,Optimized Pattern Generator,dynamic_session,Dynamic Session Pattern Assignment,50,6,360,3f82473959c4e110d8ad1b09b89fd787895ae8664fc7571d61853219385c4c18,3699990466,f2449b30e93ade3550a5c902e4d20d8d38abd36ed76d3e79a25fc00ecb0c4464,True,nomura_original_interval_hungarian_corr_off,A2 Ablation) Corr Off (DTW-only),False,300,300,0,0.0,300,254,0,0.8466666666666667,0.8466666666666667,0.0017533196276310144,0.24209098528847678,381.12333333333333,417.1,38.979205582996656,300,0,0,0,0,1.0,0.0,0.0,0.0,0.0,1.0,17.713333333333335,0.0,0.0,0.0,0.0,0.0,,0.0,0.0,27.14086512592621,11.593666248947557,0.0,0.24232554212358082,38.97685691699735,27.14086512592621,0.24232554212358082
20260703_185002_516173,b0da4d9216a2bbfcc818675c756bd436b7c3e50f537880fa75c56fd8774d8151,21,2187632412,542446168,2187632412,1,300,50,60,5,30,10.0,120,current,Optimized Pattern Generator,dynamic_session,Dynamic Session Pattern Assignment,50,6,360,3f82473959c4e110d8ad1b09b89fd787895ae8664fc7571d61853219385c4c18,3699990466,f2449b30e93ade3550a5c902e4d20d8d38abd36ed76d3e79a25fc00ecb0c4464,True,nomura_original_interval_hungarian_all_off,A2 Ablation) All Waveform Terms Off,False,300,300,0,0.0,300,224,0,0.7466666666666667,0.7466666666666667,1.2950002682666666,7.50000037,381.12333333333333,417.1,27.84526299999561,300,0,0,0,0,1.0,0.0,0.0,0.0,0.0,1.0,17.713333333333335,0.0,0.0,0.0,0.0,0.0,,0.0,0.0,27.415494128901628,0.019914625976525713,0.0,0.4074414951246581,27.84285025000281,27.415494128901628,0.4074414951246581
20260703_185002_516173,b0da4d9216a2bbfcc818675c756bd436b7c3e50f537880fa75c56fd8774d8151,21,2187632412,1367392809,2187632412,1,300,50,60,5,30,10.0,120,current,Optimized Pattern Generator,dynamic_session,Dynamic Session Pattern Assignment,50,6,360,3f82473959c4e110d8ad1b09b89fd787895ae8664fc7571d61853219385c4c18,3699990466,f2449b30e93ade3550a5c902e4d20d8d38abd36ed76d3e79a25fc00ecb0c4464,True,bayesian_windowed,A3) Bayesian Posterior + Hungarian + Lock,False,300,300,0,0.0,300,292,0,0.9733333333333334,0.9733333333333334,0.34216730058608,1.6845642159485867,381.12333333333333,417.1,31.086716999998316,300,0,0,0,0,1.0,0.0,0.0,0.0,0.0,1.0,17.713333333333335,0.0,0.0,0.0,0.0,0.0,,0.0,0.0,26.44424849402276,4.262020209047478,0.0,0.37838796393043594,31.084656667000672,26.44424849402276,0.37838796393043594
20260703_185002_516173,b0da4d9216a2bbfcc818675c756bd436b7c3e50f537880fa75c56fd8774d8151,21,2187632412,1856414650,2187632412,1,300,50,60,5,30,10.0,120,current,Optimized Pattern Generator,dynamic_session,Dynamic Session Pattern Assignment,50,6,360,3f82473959c4e110d8ad1b09b89fd787895ae8664fc7571d61853219385c4c18,3699990466,f2449b30e93ade3550a5c902e4d20d8d38abd36ed76d3e79a25fc00ecb0c4464,True,bayesian_windowed_lock_off,A3 Ablation) Lock Off,False,300,300,0,0.0,300,292,0,0.9733333333333334,0.9733333333333334,0.3421840184315911,1.6845642159485867,381.12333333333333,417.1,32.04330641699926,300,0,0,0,0,1.0,0.0,0.0,0.0,0.0,1.0,17.713333333333335,0.0,0.0,0.0,0.0,0.0,,0.0,0.0,27.29426140799478,4.380203921966313,0.0,0.3667301280438551,32.04119545800495,27.29426140799478,0.3667301280438551
20260703_185002_516173,b0da4d9216a2bbfcc818675c756bd436b7c3e50f537880fa75c56fd8774d8151,21,2187632412,1977915839,2187632412,1,300,50,60,5,30,10.0,120,current,Optimized Pattern Generator,dynamic_session,Dynamic Session Pattern Assignment,50,6,360,3f82473959c4e110d8ad1b09b89fd787895ae8664fc7571d61853219385c4c18,3699990466,f2449b30e93ade3550a5c902e4d20d8d38abd36ed76d3e79a25fc00ecb0c4464,True,bayesian_windowed_memory_off,A3 Ablation) Posterior Memory Off,False,300,300,0,0.0,300,284,0,0.9466666666666667,0.9466666666666667,0.6134054323941719,2.0211965917438954,381.12333333333333,417.1,31.49555645899818,300,0,0,0,0,1.0,0.0,0.0,0.0,0.0,1.0,17.713333333333335,0.0,0.0,0.0,0.0,0.0,,0.0,0.0,26.820384414910222,4.309388374000264,0.0,0.36355129408912035,31.493324082999607,26.820384414910222,0.36355129408912035
20260703_185002_516173,b0da4d9216a2bbfcc818675c756bd436b7c3e50f537880fa75c56fd8774d8151,21,2187632412,2395032847,2187632412,1,300,50,60,5,30,10.0,120,current,Optimized Pattern Generator,dynamic_session,Dynamic Session Pattern Assignment,50,6,360,3f82473959c4e110d8ad1b09b89fd787895ae8664fc7571d61853219385c4c18,3699990466,f2449b30e93ade3550a5c902e4d20d8d38abd36ed76d3e79a25fc00ecb0c4464,True,bayesian_windowed_timeprior_off,A3 Ablation) Time Prior Off,False,300,300,0,0.0,300,292,0,0.9733333333333334,0.9733333333333334,0.3436015896944655,1.702472800513041,381.12333333333333,417.1,31.427453708005487,300,0,0,0,0,1.0,0.0,0.0,0.0,0.0,1.0,17.713333333333335,0.0,0.0,0.0,0.0,0.0,,0.0,0.0,26.708720872033155,4.30186391697498,0.0,0.41458466899348423,31.42516945800162,26.708720872033155,0.41458466899348423
20260703_185002_516173,b0da4d9216a2bbfcc818675c756bd436b7c3e50f537880fa75c56fd8774d8151,21,2187632412,433795961,2187632412,1,300,50,60,5,30,10.0,120,current,Optimized Pattern Generator,dynamic_session,Dynamic Session Pattern Assignment,50,6,360,3f82473959c4e110d8ad1b09b89fd787895ae8664fc7571d61853219385c4c18,3699990466,f2449b30e93ade3550a5c902e4d20d8d38abd36ed76d3e79a25fc00ecb0c4464,True,bayesian_windowed_all_off,A3 Ablation) Time Prior + Memory + Lock Off,False,300,300,0,0.0,300,284,0,0.9466666666666667,0.9466666666666667,0.614070296500219,1.9657541285952453,381.12333333333333,417.1,32.241626082999574,300,0,0,0,0,1.0,0.0,0.0,0.0,0.0,1.0,17.713333333333335,0.0,0.0,0.0,0.0,0.0,,0.0,0.0,27.511163787989062,4.3889111170501565,0.0,0.33926646996405907,32.23934137500328,27.511163787989062,0.33926646996405907
20260703_185002_516173,b0da4d9216a2bbfcc818675c756bd436b7c3e50f537880fa75c56fd8774d8151,22,2187632413,1233724849,2187632413,2,300,50,60,5,30,10.0,120,current,Optimized Pattern Generator,dynamic_session,Dynamic Session Pattern Assignment,50,6,360,98215ce2e083e5a7bdb84b003530341587191a41163cbd08d7253544970b757e,3699990467,bf5e94e4af628b2460589e2636dd4eb5a2b3554db9272ac8651c6746e85e835d,True,single_only,A1) Refined Cost + Greedy 1:1,True,300,300,0,0.0,300,287,0,0.9566666666666667,0.9566666666666667,1.0985795757474306,8.540224089873755,381.74666666666667,425.0,31.38464224999916,300,0,0,0,0,1.0,0.0,0.0,0.0,0.0,1.0,16.986666666666668,0.0,0.0,0.0,0.0,0.0,,0.0,0.0,26.200128712895093,4.721242135070497,0.0,0.46108644303603796,31.38245729100163,26.200128712895093,0.46108644303603796
20260703_185002_516173,b0da4d9216a2bbfcc818675c756bd436b7c3e50f537880fa75c56fd8774d8151,22,2187632413,1545686411,2187632413,2,300,50,60,5,30,10.0,120,current,Optimized Pattern Generator,dynamic_session,Dynamic Session Pattern Assignment,50,6,360,98215ce2e083e5a7bdb84b003530341587191a41163cbd08d7253544970b757e,3699990467,bf5e94e4af628b2460589e2636dd4eb5a2b3554db9272ac8651c6746e85e835d,True,single_only_dtw_off,A1 Ablation) DTW Off,False,300,300,0,0.0,300,287,0,0.9566666666666667,0.9566666666666667,0.8430891431222224,6.6800003,381.74666666666667,425.0,30.74094150000019,300,0,0,0,0,1.0,0.0,0.0,0.0,0.0,1.0,16.986666666666668,0.0,0.0,0.0,0.0,0.0,,0.0,0.0,25.715477706020465,4.653499004009063,0.0,0.36978562396689085,30.73876233399642,25.715477706020465,0.36978562396689085
20260703_185002_516173,b0da4d9216a2bbfcc818675c756bd436b7c3e50f537880fa75c56fd8774d8151,22,2187632413,866312315,2187632413,2,300,50,60,5,30,10.0,120,current,Optimized Pattern Generator,dynamic_session,Dynamic Session Pattern Assignment,50,6,360,98215ce2e083e5a7bdb84b003530341587191a41163cbd08d7253544970b757e,3699990467,bf5e94e4af628b2460589e2636dd4eb5a2b3554db9272ac8651c6746e85e835d,True,single_only_step_off,A1 Ablation) Step Signature Off,False,300,300,0,0.0,300,261,0,0.87,0.87,0.2003028517828893,1.0000004800000002,381.74666666666667,425.0,30.765914208997856,300,0,0,0,0,1.0,0.0,0.0,0.0,0.0,1.0,16.986666666666668,0.0,0.0,0.0,0.0,0.0,,0.0,0.0,25.747143902997777,4.63094729596196,0.0,0.385807218044647,30.763898417004384,25.747143902997777,0.385807218044647
20260703_185002_516173,b0da4d9216a2bbfcc818675c756bd436b7c3e50f537880fa75c56fd8774d8151,22,2187632413,1815193647,2187632413,2,300,50,60,5,30,10.0,120,current,Optimized Pattern Generator,dynamic_session,Dynamic Session Pattern Assignment,50,6,360,98215ce2e083e5a7bdb84b003530341587191a41163cbd08d7253544970b757e,3699990467,bf5e94e4af628b2460589e2636dd4eb5a2b3554db9272ac8651c6746e85e835d,True,single_only_all_off,A1 Ablation) All Waveform Terms Off,False,300,300,0,0.0,300,249,0,0.83,0.83,1.4726669199333335,8.800000220000001,381.74666666666667,425.0,25.313390791998245,300,0,0,0,0,1.0,0.0,0.0,0.0,0.0,1.0,16.986666666666668,0.0,0.0,0.0,0.0,0.0,,0.0,0.0,24.95835645097395,0.019379384990315884,0.0,0.33334866403311025,25.311084499997378,24.95835645097395,0.33334866403311025
20260703_185002_516173,b0da4d9216a2bbfcc818675c756bd436b7c3e50f537880fa75c56fd8774d8151,22,2187632413,2184921396,2187632413,2,300,50,60,5,30,10.0,120,current,Optimized Pattern Generator,dynamic_session,Dynamic Session Pattern Assignment,50,6,360,98215ce2e083e5a7bdb84b003530341587191a41163cbd08d7253544970b757e,3699990467,bf5e94e4af628b2460589e2636dd4eb5a2b3554db9272ac8651c6746e85e835d,True,nomura_original_interval_hungarian,A2) Corr+DTW + Hungarian,False,300,300,0,0.0,300,268,0,0.8933333333333333,0.8933333333333333,0.08930348817916353,0.425830714705783,381.74666666666667,425.0,36.19098883299739,300,0,0,0,0,1.0,0.0,0.0,0.0,0.0,1.0,16.986666666666668,0.0,0.0,0.0,0.0,0.0,,0.0,0.0,24.955046361988934,10.86929454998608,0.0,0.3648257550303242,36.18916666700534,24.955046361988934,0.3648257550303242
20260703_185002_516173,b0da4d9216a2bbfcc818675c756bd436b7c3e50f537880fa75c56fd8774d8151,22,2187632413,2176353886,2187632413,2,300,50,60,5,30,10.0,120,current,Optimized Pattern Generator,dynamic_session,Dynamic Session Pattern Assignment,50,6,360,98215ce2e083e5a7bdb84b003530341587191a41163cbd08d7253544970b757e,3699990467,bf5e94e4af628b2460589e2636dd4eb5a2b3554db9272ac8651c6746e85e835d,True,nomura_original_interval_hungarian_dtw_off,A2 Ablation) DTW Off (Corr-only),False,300,300,0,0.0,300,262,0,0.8733333333333333,0.8733333333333333,0.07963111262776358,0.3336629232664636,381.74666666666667,425.0,30.663024832996598,300,0,0,0,0,1.0,0.0,0.0,0.0,0.0,1.0,16.986666666666668,0.0,0.0,0.0,0.0,0.0,,0.0,0.0,20.801211739009887,9.597163499944145,0.0,0.26241426104388665,30.660789499997918,20.801211739009887,0.26241426104388665
20260703_185002_516173,b0da4d9216a2bbfcc818675c756bd436b7c3e50f537880fa75c56fd8774d8151,22,2187632413,1055930930,2187632413,2,300,50,60,5,30,10.0,120,current,Optimized Pattern Generator,dynamic_session,Dynamic Session Pattern Assignment,50,6,360,98215ce2e083e5a7bdb84b003530341587191a41163cbd08d7253544970b757e,3699990467,bf5e94e4af628b2460589e2636dd4eb5a2b3554db9272ac8651c6746e85e835d,True,nomura_original_interval_hungarian_corr_off,A2 Ablation) Corr Off (DTW-only),False,300,300,0,0.0,300,251,0,0.8366666666666667,0.8366666666666667,0.00148917960335037,0.21413424270083142,381.74666666666667,425.0,27.613880958000664,300,0,0,0,0,1.0,0.0,0.0,0.0,0.0,1.0,16.986666666666668,0.0,0.0,0.0,0.0,0.0,,0.0,0.0,18.438459753946518,8.914672351049376,0.0,0.258971728006145,27.61210383300204,18.438459753946518,0.258971728006145
20260703_185002_516173,b0da4d9216a2bbfcc818675c756bd436b7c3e50f537880fa75c56fd8774d8151,22,2187632413,542446169,2187632413,2,300,50,60,5,30,10.0,120,current,Optimized Pattern Generator,dynamic_session,Dynamic Session Pattern Assignment,50,6,360,98215ce2e083e5a7bdb84b003530341587191a41163cbd08d7253544970b757e,3699990467,bf5e94e4af628b2460589e2636dd4eb5a2b3554db9272ac8651c6746e85e835d,True,nomura_original_interval_hungarian_all_off,A2 Ablation) All Waveform Terms Off,False,300,300,0,0.0,300,249,0,0.83,0.83,1.4726669199333335,8.800000220000001,381.74666666666667,425.0,18.36710624999978,300,0,0,0,0,1.0,0.0,0.0,0.0,0.0,1.0,16.986666666666668,0.0,0.0,0.0,0.0,0.0,,0.0,0.0,18.100340965072974,0.011491457065858413,0.0,0.25338849386025686,18.36522091599909,18.100340965072974,0.25338849386025686
20260703_185002_516173,b0da4d9216a2bbfcc818675c756bd436b7c3e50f537880fa75c56fd8774d8151,22,2187632413,1367392808,2187632413,2,300,50,60,5,30,10.0,120,current,Optimized Pattern Generator,dynamic_session,Dynamic Session Pattern Assignment,50,6,360,98215ce2e083e5a7bdb84b003530341587191a41163cbd08d7253544970b757e,3699990467,bf5e94e4af628b2460589e2636dd4eb5a2b3554db9272ac8651c6746e85e835d,True,bayesian_windowed,A3) Bayesian Posterior + Hungarian + Lock,False,300,300,0,0.0,300,296,0,0.9866666666666667,0.9866666666666667,0.3434511433890906,1.6114027129759014,381.74666666666667,425.0,21.808171707998554,300,0,0,0,0,1.0,0.0,0.0,0.0,0.0,1.0,16.986666666666668,0.0,0.0,0.0,0.0,0.0,,0.0,0.0,18.351924258065992,3.1723959530863794,0.0,0.2819996218531742,21.806319833005546,18.351924258065992,0.2819996218531742
20260703_185002_516173,b0da4d9216a2bbfcc818675c756bd436b7c3e50f537880fa75c56fd8774d8151,22,2187632413,1856414651,2187632413,2,300,50,60,5,30,10.0,120,current,Optimized Pattern Generator,dynamic_session,Dynamic Session Pattern Assignment,50,6,360,98215ce2e083e5a7bdb84b003530341587191a41163cbd08d7253544970b757e,3699990467,bf5e94e4af628b2460589e2636dd4eb5a2b3554db9272ac8651c6746e85e835d,True,bayesian_windowed_lock_off,A3 Ablation) Lock Off,False,300,300,0,0.0,300,296,0,0.9866666666666667,0.9866666666666667,0.34346319176673856,1.6114027129759014,381.74666666666667,425.0,21.61459395899874,300,0,0,0,0,1.0,0.0,0.0,0.0,0.0,1.0,16.986666666666668,0.0,0.0,0.0,0.0,0.0,,0.0,0.0,18.203584739967482,3.1500128269253764,0.0,0.2591023921049782,21.612699958997837,18.203584739967482,0.2591023921049782
20260703_185002_516173,b0da4d9216a2bbfcc818675c756bd436b7c3e50f537880fa75c56fd8774d8151,22,2187632413,1977915838,2187632413,2,300,50,60,5,30,10.0,120,current,Optimized Pattern Generator,dynamic_session,Dynamic Session Pattern Assignment,50,6,360,98215ce2e083e5a7bdb84b003530341587191a41163cbd08d7253544970b757e,3699990467,bf5e94e4af628b2460589e2636dd4eb5a2b3554db9272ac8651c6746e85e835d,True,bayesian_windowed_memory_off,A3 Ablation) Posterior Memory Off,False,300,300,0,0.0,300,287,0,0.9566666666666667,0.9566666666666667,0.5985122545592965,1.7218516762117524,381.74666666666667,425.0,21.721756166996784,300,0,0,0,0,1.0,0.0,0.0,0.0,0.0,1.0,16.986666666666668,0.0,0.0,0.0,0.0,0.0,,0.0,0.0,18.28442074893246,3.171061158114753,0.0,0.2644059679514612,21.719887874998676,18.28442074893246,0.2644059679514612
20260703_185002_516173,b0da4d9216a2bbfcc818675c756bd436b7c3e50f537880fa75c56fd8774d8151,22,2187632413,2395032846,2187632413,2,300,50,60,5,30,10.0,120,current,Optimized Pattern Generator,dynamic_session,Dynamic Session Pattern Assignment,50,6,360,98215ce2e083e5a7bdb84b003530341587191a41163cbd08d7253544970b757e,3699990467,bf5e94e4af628b2460589e2636dd4eb5a2b3554db9272ac8651c6746e85e835d,True,bayesian_windowed_timeprior_off,A3 Ablation) Time Prior Off,False,300,300,0,0.0,300,296,0,0.9866666666666667,0.9866666666666667,0.3451071267008325,1.6126198965113256,381.74666666666667,425.0,21.670248084003106,300,0,0,0,0,1.0,0.0,0.0,0.0,0.0,1.0,16.986666666666668,0.0,0.0,0.0,0.0,0.0,,0.0,0.0,18.230189090856584,3.1582153850104078,0.0,0.2799991081337794,21.66840358400077,18.230189090856584,0.2799991081337794
20260703_185002_516173,b0da4d9216a2bbfcc818675c756bd436b7c3e50f537880fa75c56fd8774d8151,22,2187632413,433795960,2187632413,2,300,50,60,5,30,10.0,120,current,Optimized Pattern Generator,dynamic_session,Dynamic Session Pattern Assignment,50,6,360,98215ce2e083e5a7bdb84b003530341587191a41163cbd08d7253544970b757e,3699990467,bf5e94e4af628b2460589e2636dd4eb5a2b3554db9272ac8651c6746e85e835d,True,bayesian_windowed_all_off,A3 Ablation) Time Prior + Memory + Lock Off,False,300,300,0,0.0,300,287,0,0.9566666666666667,0.9566666666666667,0.5994335089025098,1.7218516762117524,381.74666666666667,425.0,21.541165041999193,300,0,0,0,0,1.0,0.0,0.0,0.0,0.0,1.0,16.986666666666668,0.0,0.0,0.0,0.0,0.0,,0.0,0.0,18.13904488702974,3.147775066077884,0.0,0.2524460468921461,21.53926599999977,18.13904488702974,0.2524460468921461
20260703_185002_516173,b0da4d9216a2bbfcc818675c756bd436b7c3e50f537880fa75c56fd8774d8151,23,2187632414,1233724850,2187632414,3,300,50,60,5,30,10.0,120,current,Optimized Pattern Generator,dynamic_session,Dynamic Session Pattern Assignment,50,6,360,42cdea6ffb9d8de8fbfad6cab2cc694747335b1bcb15ef24f12bf226f032b9e1,3699990464,a8299bf76285a749e175e183b845f0efdee198f2b494be80ddb3e0213f4e6670,True,single_only,A1) Refined Cost + Greedy 1:1,True,300,300,0,0.0,300,280,0,0.9333333333333333,0.9333333333333333,1.1918974471433903,5.746111313808337,382.4033333333333,421.1,22.7657398750016,300,0,0,0,0,1.0,0.0,0.0,0.0,0.0,1.0,17.563333333333333,0.0,0.0,0.0,0.0,0.0,,0.0,0.0,18.830023668924696,3.6738027010505903,0.0,0.25997508802538505,22.76380145800067,18.830023668924696,0.25997508802538505
20260703_185002_516173,b0da4d9216a2bbfcc818675c756bd436b7c3e50f537880fa75c56fd8774d8151,23,2187632414,1545686408,2187632414,3,300,50,60,5,30,10.0,120,current,Optimized Pattern Generator,dynamic_session,Dynamic Session Pattern Assignment,50,6,360,42cdea6ffb9d8de8fbfad6cab2cc694747335b1bcb15ef24f12bf226f032b9e1,3699990464,a8299bf76285a749e175e183b845f0efdee198f2b494be80ddb3e0213f4e6670,True,single_only_dtw_off,A1 Ablation) DTW Off,False,300,300,0,0.0,300,276,0,0.92,0.92,0.9049224763555557,4.036667016666667,382.4033333333333,421.1,22.688829833001364,300,0,0,0,0,1.0,0.0,0.0,0.0,0.0,1.0,17.563333333333333,0.0,0.0,0.0,0.0,0.0,,0.0,0.0,18.750533190024726,3.660608633988886,0.0,0.2758453009882942,22.686987125001906,18.750533190024726,0.2758453009882942
20260703_185002_516173,b0da4d9216a2bbfcc818675c756bd436b7c3e50f537880fa75c56fd8774d8151,23,2187632414,866312312,2187632414,3,300,50,60,5,30,10.0,120,current,Optimized Pattern Generator,dynamic_session,Dynamic Session Pattern Assignment,50,6,360,42cdea6ffb9d8de8fbfad6cab2cc694747335b1bcb15ef24f12bf226f032b9e1,3699990464,a8299bf76285a749e175e183b845f0efdee198f2b494be80ddb3e0213f4e6670,True,single_only_step_off,A1 Ablation) Step Signature Off,False,300,300,0,0.0,300,261,0,0.87,0.87,0.2306941900578004,1.230946307702618,382.4033333333333,421.1,22.772113874998468,300,0,0,0,0,1.0,0.0,0.0,0.0,0.0,1.0,17.563333333333333,0.0,0.0,0.0,0.0,0.0,,0.0,0.0,18.823214540949266,3.6931237409517053,0.0,0.2538987181033008,22.770237000004272,18.823214540949266,0.2538987181033008
20260703_185002_516173,b0da4d9216a2bbfcc818675c756bd436b7c3e50f537880fa75c56fd8774d8151,23,2187632414,1815193644,2187632414,3,300,50,60,5,30,10.0,120,current,Optimized Pattern Generator,dynamic_session,Dynamic Session Pattern Assignment,50,6,360,42cdea6ffb9d8de8fbfad6cab2cc694747335b1bcb15ef24f12bf226f032b9e1,3699990464,a8299bf76285a749e175e183b845f0efdee198f2b494be80ddb3e0213f4e6670,True,single_only_all_off,A1 Ablation) All Waveform Terms Off,False,300,300,0,0.0,300,230,0,0.7666666666666667,0.7666666666666667,1.3483335792,8.50000018,382.4033333333333,421.1,18.9165217080008,300,0,0,0,0,1.0,0.0,0.0,0.0,0.0,1.0,17.563333333333333,0.0,0.0,0.0,0.0,0.0,,0.0,0.0,18.650897839979734,0.011739242974726949,0.0,0.25201808404381154,18.914655166998273,18.650897839979734,0.25201808404381154
20260703_185002_516173,b0da4d9216a2bbfcc818675c756bd436b7c3e50f537880fa75c56fd8774d8151,23,2187632414,2184921399,2187632414,3,300,50,60,5,30,10.0,120,current,Optimized Pattern Generator,dynamic_session,Dynamic Session Pattern Assignment,50,6,360,42cdea6ffb9d8de8fbfad6cab2cc694747335b1bcb15ef24f12bf226f032b9e1,3699990464,a8299bf76285a749e175e183b845f0efdee198f2b494be80ddb3e0213f4e6670,True,nomura_original_interval_hungarian,A2) Corr+DTW + Hungarian,False,300,300,0,0.0,300,266,0,0.8866666666666667,0.8866666666666667,0.09909299830970425,0.4075798152416888,382.4033333333333,421.1,28.246646208994207,300,0,0,0,0,1.0,0.0,0.0,0.0,0.0,1.0,17.563333333333333,0.0,0.0,0.0,0.0,0.0,,0.0,0.0,18.83870129699062,9.127860369961127,0.0,0.27819858304428635,28.244760249996034,18.83870129699062,0.27819858304428635
20260703_185002_516173,b0da4d9216a2bbfcc818675c756bd436b7c3e50f537880fa75c56fd8774d8151,23,2187632414,2176353885,2187632414,3,300,50,60,5,30,10.0,120,current,Optimized Pattern Generator,dynamic_session,Dynamic Session Pattern Assignment,50,6,360,42cdea6ffb9d8de8fbfad6cab2cc694747335b1bcb15ef24f12bf226f032b9e1,3699990464,a8299bf76285a749e175e183b845f0efdee198f2b494be80ddb3e0213f4e6670,True,nomura_original_interval_hungarian_dtw_off,A2 Ablation) DTW Off (Corr-only),False,300,300,0,0.0,300,260,0,0.8666666666666667,0.8666666666666667,0.08798995811089078,0.36017589055669486,382.4033333333333,421.1,28.290556040999945,300,0,0,0,0,1.0,0.0,0.0,0.0,0.0,1.0,17.563333333333333,0.0,0.0,0.0,0.0,0.0,,0.0,0.0,18.868387248054205,9.14358815196465,0.0,0.27666184998088283,28.288637249999738,18.868387248054205,0.27666184998088283
20260703_185002_516173,b0da4d9216a2bbfcc818675c756bd436b7c3e50f537880fa75c56fd8774d8151,23,2187632414,1055930929,2187632414,3,300,50,60,5,30,10.0,120,current,Optimized Pattern Generator,dynamic_session,Dynamic Session Pattern Assignment,50,6,360,42cdea6ffb9d8de8fbfad6cab2cc694747335b1bcb15ef24f12bf226f032b9e1,3699990464,a8299bf76285a749e175e183b845f0efdee198f2b494be80ddb3e0213f4e6670,True,nomura_original_interval_hungarian_corr_off,A2 Ablation) Corr Off (DTW-only),False,300,300,0,0.0,300,238,0,0.7933333333333333,0.7933333333333333,0.0013550752560263775,0.14754662679455008,382.4033333333333,421.1,28.081695082997612,300,0,0,0,0,1.0,0.0,0.0,0.0,0.0,1.0,17.563333333333333,0.0,0.0,0.0,0.0,0.0,,0.0,0.0,18.712977249000687,9.109302203985862,0.0,0.25752304701745743,28.079802500004007,18.712977249000687,0.25752304701745743
20260703_185002_516173,b0da4d9216a2bbfcc818675c756bd436b7c3e50f537880fa75c56fd8774d8151,23,2187632414,542446170,2187632414,3,300,50,60,5,30,10.0,120,current,Optimized Pattern Generator,dynamic_session,Dynamic Session Pattern Assignment,50,6,360,42cdea6ffb9d8de8fbfad6cab2cc694747335b1bcb15ef24f12bf226f032b9e1,3699990464,a8299bf76285a749e175e183b845f0efdee198f2b494be80ddb3e0213f4e6670,True,nomura_original_interval_hungarian_all_off,A2 Ablation) All Waveform Terms Off,False,300,300,0,0.0,300,230,0,0.7666666666666667,0.7666666666666667,1.3483335792,8.50000018,382.4033333333333,421.1,18.97251312500157,300,0,0,0,0,1.0,0.0,0.0,0.0,0.0,1.0,17.563333333333333,0.0,0.0,0.0,0.0,0.0,,0.0,0.0,18.699460915959207,0.01212432097963756,0.0,0.2590455130630289,18.970630750001874,18.699460915959207,0.2590455130630289
20260703_185002_516173,b0da4d9216a2bbfcc818675c756bd436b7c3e50f537880fa75c56fd8774d8151,23,2187632414,1367392811,2187632414,3,300,50,60,5,30,10.0,120,current,Optimized Pattern Generator,dynamic_session,Dynamic Session Pattern Assignment,50,6,360,42cdea6ffb9d8de8fbfad6cab2cc694747335b1bcb15ef24f12bf226f032b9e1,3699990464,a8299bf76285a749e175e183b845f0efdee198f2b494be80ddb3e0213f4e6670,True,bayesian_windowed,A3) Bayesian Posterior + Hungarian + Lock,False,300,300,0,0.0,300,292,0,0.9733333333333334,0.9733333333333334,0.36155773937779917,1.612249185344534,382.4033333333333,421.1,22.212672875000862,300,0,0,0,0,1.0,0.0,0.0,0.0,0.0,1.0,17.563333333333333,0.0,0.0,0.0,0.0,0.0,,0.0,0.0,18.69563833896973,3.2365508981092717,0.0,0.2786171789193759,22.210806415998377,18.69563833896973,0.2786171789193759
20260703_185002_516173,b0da4d9216a2bbfcc818675c756bd436b7c3e50f537880fa75c56fd8774d8151,23,2187632414,1856414648,2187632414,3,300,50,60,5,30,10.0,120,current,Optimized Pattern Generator,dynamic_session,Dynamic Session Pattern Assignment,50,6,360,42cdea6ffb9d8de8fbfad6cab2cc694747335b1bcb15ef24f12bf226f032b9e1,3699990464,a8299bf76285a749e175e183b845f0efdee198f2b494be80ddb3e0213f4e6670,True,bayesian_windowed_lock_off,A3 Ablation) Lock Off,False,300,300,0,0.0,300,292,0,0.9733333333333334,0.9733333333333334,0.3615817818486597,1.612249185344534,382.4033333333333,421.1,22.282931707995886,300,0,0,0,0,1.0,0.0,0.0,0.0,0.0,1.0,17.563333333333333,0.0,0.0,0.0,0.0,0.0,,0.0,0.0,18.771950950940663,3.249854864036024,0.0,0.2592428100251709,22.28104862500186,18.771950950940663,0.2592428100251709
20260703_185002_516173,b0da4d9216a2bbfcc818675c756bd436b7c3e50f537880fa75c56fd8774d8151,23,2187632414,1977915837,2187632414,3,300,50,60,5,30,10.0,120,current,Optimized Pattern Generator,dynamic_session,Dynamic Session Pattern Assignment,50,6,360,42cdea6ffb9d8de8fbfad6cab2cc694747335b1bcb15ef24f12bf226f032b9e1,3699990464,a8299bf76285a749e175e183b845f0efdee198f2b494be80ddb3e0213f4e6670,True,bayesian_windowed_memory_off,A3 Ablation) Posterior Memory Off,False,300,300,0,0.0,300,280,0,0.9333333333333333,0.9333333333333333,0.6346719451562629,2.1033874894776416,382.4033333333333,421.1,22.43765287500719,300,0,0,0,0,1.0,0.0,0.0,0.0,0.0,1.0,17.563333333333333,0.0,0.0,0.0,0.0,0.0,,0.0,0.0,18.907858738028153,3.26854258205276,0.0,0.25933292991976487,22.435734250000678,18.907858738028153,0.25933292991976487
20260703_185002_516173,b0da4d9216a2bbfcc818675c756bd436b7c3e50f537880fa75c56fd8774d8151,23,2187632414,2395032845,2187632414,3,300,50,60,5,30,10.0,120,current,Optimized Pattern Generator,dynamic_session,Dynamic Session Pattern Assignment,50,6,360,42cdea6ffb9d8de8fbfad6cab2cc694747335b1bcb15ef24f12bf226f032b9e1,3699990464,a8299bf76285a749e175e183b845f0efdee198f2b494be80ddb3e0213f4e6670,True,bayesian_windowed_timeprior_off,A3 Ablation) Time Prior Off,False,300,300,0,0.0,300,292,0,0.9733333333333334,0.9733333333333334,0.3642919781159708,1.612249185344534,382.4033333333333,421.1,22.239807625002868,300,0,0,0,0,1.0,0.0,0.0,0.0,0.0,1.0,17.563333333333333,0.0,0.0,0.0,0.0,0.0,,0.0,0.0,18.709339623048436,3.246497159001592,0.0,0.28198938495188486,22.237826167001913,18.709339623048436,0.28198938495188486
20260703_185002_516173,b0da4d9216a2bbfcc818675c756bd436b7c3e50f537880fa75c56fd8774d8151,23,2187632414,433795963,2187632414,3,300,50,60,5,30,10.0,120,current,Optimized Pattern Generator,dynamic_session,Dynamic Session Pattern Assignment,50,6,360,42cdea6ffb9d8de8fbfad6cab2cc694747335b1bcb15ef24f12bf226f032b9e1,3699990464,a8299bf76285a749e175e183b845f0efdee198f2b494be80ddb3e0213f4e6670,True,bayesian_windowed_all_off,A3 Ablation) Time Prior + Memory + Lock Off,False,300,300,0,0.0,300,280,0,0.9333333333333333,0.9333333333333333,0.635860829762048,2.1047405554114342,382.4033333333333,421.1,22.15719245899527,300,0,0,0,0,1.0,0.0,0.0,0.0,0.0,1.0,17.563333333333333,0.0,0.0,0.0,0.0,0.0,,0.0,0.0,18.65370816601353,3.2421300759451697,0.0,0.2594495490411646,22.155287790999864,18.65370816601353,0.2594495490411646
20260703_185002_516173,b0da4d9216a2bbfcc818675c756bd436b7c3e50f537880fa75c56fd8774d8151,24,2187632415,1233724851,2187632415,4,300,50,60,5,30,10.0,120,current,Optimized Pattern Generator,dynamic_session,Dynamic Session Pattern Assignment,50,6,360,3b9dba3f35d5cbc93b78d256b9b1c59b286cbc0aca249f5a3ef2ef3ce7731535,3699990465,39a734729f8bcbc27e6744f14a0a9fd85e35c00ec8e986273bcfc5cbf4a01dfe,True,single_only,A1) Refined Cost + Greedy 1:1,True,300,300,0,0.0,300,285,0,0.95,0.95,1.1086896297798132,4.6649491521438,383.56666666666666,424.0,22.316872875002446,300,0,0,0,0,1.0,0.0,0.0,0.0,0.0,1.0,17.25,0.0,0.0,0.0,0.0,0.0,,0.0,0.0,18.448726399044972,3.6053901989362203,0.0,0.26082315202074824,22.31493975000194,18.448726399044972,0.26082315202074824
20260703_185002_516173,b0da4d9216a2bbfcc818675c756bd436b7c3e50f537880fa75c56fd8774d8151,24,2187632415,1545686409,2187632415,4,300,50,60,5,30,10.0,120,current,Optimized Pattern Generator,dynamic_session,Dynamic Session Pattern Assignment,50,6,360,3b9dba3f35d5cbc93b78d256b9b1c59b286cbc0aca249f5a3ef2ef3ce7731535,3699990465,39a734729f8bcbc27e6744f14a0a9fd85e35c00ec8e986273bcfc5cbf4a01dfe,True,single_only_dtw_off,A1 Ablation) DTW Off,False,300,300,0,0.0,300,274,0,0.9133333333333333,0.9133333333333333,0.8251558113555557,3.1366668866666667,383.56666666666666,424.0,22.407340540994483,300,0,0,0,0,1.0,0.0,0.0,0.0,0.0,1.0,17.25,0.0,0.0,0.0,0.0,0.0,,0.0,0.0,18.511143130053824,3.6153054470123607,0.0,0.27906692293618107,22.405515500002366,18.511143130053824,0.27906692293618107
20260703_185002_516173,b0da4d9216a2bbfcc818675c756bd436b7c3e50f537880fa75c56fd8774d8151,24,2187632415,866312313,2187632415,4,300,50,60,5,30,10.0,120,current,Optimized Pattern Generator,dynamic_session,Dynamic Session Pattern Assignment,50,6,360,3b9dba3f35d5cbc93b78d256b9b1c59b286cbc0aca249f5a3ef2ef3ce7731535,3699990465,39a734729f8bcbc27e6744f14a0a9fd85e35c00ec8e986273bcfc5cbf4a01dfe,True,single_only_step_off,A1 Ablation) Step Signature Off,False,300,300,0,0.0,300,262,0,0.8733333333333333,0.8733333333333333,0.23596530133219665,1.0483090592118605,383.56666666666666,424.0,22.279171665999456,300,0,0,0,0,1.0,0.0,0.0,0.0,0.0,1.0,17.25,0.0,0.0,0.0,0.0,0.0,,0.0,0.0,18.42648757903953,3.5988358969116234,0.0,0.2519440660471446,22.2772675419983,18.42648757903953,0.2519440660471446
20260703_185002_516173,b0da4d9216a2bbfcc818675c756bd436b7c3e50f537880fa75c56fd8774d8151,24,2187632415,1815193645,2187632415,4,300,50,60,5,30,10.0,120,current,Optimized Pattern Generator,dynamic_session,Dynamic Session Pattern Assignment,50,6,360,3b9dba3f35d5cbc93b78d256b9b1c59b286cbc0aca249f5a3ef2ef3ce7731535,3699990465,39a734729f8bcbc27e6744f14a0a9fd85e35c00ec8e986273bcfc5cbf4a01dfe,True,single_only_all_off,A1 Ablation) All Waveform Terms Off,False,300,300,0,0.0,300,234,0,0.78,0.78,1.4486669232,7.800000150000001,383.56666666666666,424.0,18.681085832999088,300,0,0,0,0,1.0,0.0,0.0,0.0,0.0,1.0,17.25,0.0,0.0,0.0,0.0,0.0,,0.0,0.0,18.409649783963687,0.011542206011654343,0.0,0.25799746902339393,18.679189458998735,18.409649783963687,0.25799746902339393
20260703_185002_516173,b0da4d9216a2bbfcc818675c756bd436b7c3e50f537880fa75c56fd8774d8151,24,2187632415,2184921398,2187632415,4,300,50,60,5,30,10.0,120,current,Optimized Pattern Generator,dynamic_session,Dynamic Session Pattern Assignment,50,6,360,3b9dba3f35d5cbc93b78d256b9b1c59b286cbc0aca249f5a3ef2ef3ce7731535,3699990465,39a734729f8bcbc27e6744f14a0a9fd85e35c00ec8e986273bcfc5cbf4a01dfe,True,nomura_original_interval_hungarian,A2) Corr+DTW + Hungarian,False,300,300,0,0.0,300,274,0,0.9133333333333333,0.9133333333333333,0.0984091498310975,0.4782653655169567,383.56666666666666,424.0,27.861861916993803,300,0,0,0,0,1.0,0.0,0.0,0.0,0.0,1.0,17.25,0.0,0.0,0.0,0.0,0.0,,0.0,0.0,18.628344499993545,8.97226807403058,0.0,0.25948509297450073,27.860097666998627,18.628344499993545,0.25948509297450073
20260703_185002_516173,b0da4d9216a2bbfcc818675c756bd436b7c3e50f537880fa75c56fd8774d8151,24,2187632415,2176353884,2187632415,4,300,50,60,5,30,10.0,120,current,Optimized Pattern Generator,dynamic_session,Dynamic Session Pattern Assignment,50,6,360,3b9dba3f35d5cbc93b78d256b9b1c59b286cbc0aca249f5a3ef2ef3ce7731535,3699990465,39a734729f8bcbc27e6744f14a0a9fd85e35c00ec8e986273bcfc5cbf4a01dfe,True,nomura_original_interval_hungarian_dtw_off,A2 Ablation) DTW Off (Corr-only),False,300,300,0,0.0,300,270,0,0.9,0.9,0.08883517698025171,0.3163359047812539,383.56666666666666,424.0,27.69969345899881,300,0,0,0,0,1.0,0.0,0.0,0.0,0.0,1.0,17.25,0.0,0.0,0.0,0.0,0.0,,0.0,0.0,18.58441899398167,8.85576128208777,0.0,0.2576116409327369,27.697791917002178,18.58441899398167,0.2576116409327369
20260703_185002_516173,b0da4d9216a2bbfcc818675c756bd436b7c3e50f537880fa75c56fd8774d8151,24,2187632415,1055930928,2187632415,4,300,50,60,5,30,10.0,120,current,Optimized Pattern Generator,dynamic_session,Dynamic Session Pattern Assignment,50,6,360,3b9dba3f35d5cbc93b78d256b9b1c59b286cbc0aca249f5a3ef2ef3ce7731535,3699990465,39a734729f8bcbc27e6744f14a0a9fd85e35c00ec8e986273bcfc5cbf4a01dfe,True,nomura_original_interval_hungarian_corr_off,A2 Ablation) Corr Off (DTW-only),False,300,300,0,0.0,300,246,0,0.82,0.82,0.0014794950328270334,0.22661733469434245,383.56666666666666,424.0,27.85127054199984,300,0,0,0,0,1.0,0.0,0.0,0.0,0.0,1.0,17.25,0.0,0.0,0.0,0.0,0.0,,0.0,0.0,18.662622246993124,8.926981066084409,0.0,0.25983243692462565,27.849435750002158,18.662622246993124,0.25983243692462565
20260703_185002_516173,b0da4d9216a2bbfcc818675c756bd436b7c3e50f537880fa75c56fd8774d8151,24,2187632415,542446171,2187632415,4,300,50,60,5,30,10.0,120,current,Optimized Pattern Generator,dynamic_session,Dynamic Session Pattern Assignment,50,6,360,3b9dba3f35d5cbc93b78d256b9b1c59b286cbc0aca249f5a3ef2ef3ce7731535,3699990465,39a734729f8bcbc27e6744f14a0a9fd85e35c00ec8e986273bcfc5cbf4a01dfe,True,nomura_original_interval_hungarian_all_off,A2 Ablation) All Waveform Terms Off,False,300,300,0,0.0,300,234,0,0.78,0.78,1.4486669232,7.800000150000001,383.56666666666666,424.0,18.59674908300076,300,0,0,0,0,1.0,0.0,0.0,0.0,0.0,1.0,17.25,0.0,0.0,0.0,0.0,0.0,,0.0,0.0,18.332407965979655,0.011424420044932049,0.0,0.2511195719780517,18.59495195800264,18.332407965979655,0.2511195719780517
20260703_185002_516173,b0da4d9216a2bbfcc818675c756bd436b7c3e50f537880fa75c56fd8774d8151,24,2187632415,1367392810,2187632415,4,300,50,60,5,30,10.0,120,current,Optimized Pattern Generator,dynamic_session,Dynamic Session Pattern Assignment,50,6,360,3b9dba3f35d5cbc93b78d256b9b1c59b286cbc0aca249f5a3ef2ef3ce7731535,3699990465,39a734729f8bcbc27e6744f14a0a9fd85e35c00ec8e986273bcfc5cbf4a01dfe,True,bayesian_windowed,A3) Bayesian Posterior + Hungarian + Lock,False,300,300,0,0.0,300,294,0,0.98,0.98,0.38842901671396635,1.727499537494694,383.56666666666666,424.0,21.853494542003318,300,0,0,0,0,1.0,0.0,0.0,0.0,0.0,1.0,17.25,0.0,0.0,0.0,0.0,0.0,,0.0,0.0,18.401305631981813,3.1793117790366523,0.0,0.27098175598075613,21.851599166999222,18.401305631981813,0.27098175598075613
20260703_185002_516173,b0da4d9216a2bbfcc818675c756bd436b7c3e50f537880fa75c56fd8774d8151,24,2187632415,1856414649,2187632415,4,300,50,60,5,30,10.0,120,current,Optimized Pattern Generator,dynamic_session,Dynamic Session Pattern Assignment,50,6,360,3b9dba3f35d5cbc93b78d256b9b1c59b286cbc0aca249f5a3ef2ef3ce7731535,3699990465,39a734729f8bcbc27e6744f14a0a9fd85e35c00ec8e986273bcfc5cbf4a01dfe,True,bayesian_windowed_lock_off,A3 Ablation) Lock Off,False,300,300,0,0.0,300,294,0,0.98,0.98,0.38844160737364103,1.727499537494694,383.56666666666666,424.0,21.918102709001687,300,0,0,0,0,1.0,0.0,0.0,0.0,0.0,1.0,17.25,0.0,0.0,0.0,0.0,0.0,,0.0,0.0,18.469596503950015,3.192847033024009,0.0,0.2537933380299364,21.91623687500396,18.469596503950015,0.2537933380299364
20260703_185002_516173,b0da4d9216a2bbfcc818675c756bd436b7c3e50f537880fa75c56fd8774d8151,24,2187632415,1977915836,2187632415,4,300,50,60,5,30,10.0,120,current,Optimized Pattern Generator,dynamic_session,Dynamic Session Pattern Assignment,50,6,360,3b9dba3f35d5cbc93b78d256b9b1c59b286cbc0aca249f5a3ef2ef3ce7731535,3699990465,39a734729f8bcbc27e6744f14a0a9fd85e35c00ec8e986273bcfc5cbf4a01dfe,True,bayesian_windowed_memory_off,A3 Ablation) Posterior Memory Off,False,300,300,0,0.0,300,285,0,0.95,0.95,0.6693143760593008,2.0710990180489195,383.56666666666666,424.0,21.937668750004377,300,0,0,0,0,1.0,0.0,0.0,0.0,0.0,1.0,17.25,0.0,0.0,0.0,0.0,0.0,,0.0,0.0,18.4908159629922,3.1870219590855413,0.0,0.257976077919011,21.935813999996753,18.4908159629922,0.257976077919011
20260703_185002_516173,b0da4d9216a2bbfcc818675c756bd436b7c3e50f537880fa75c56fd8774d8151,24,2187632415,2395032844,2187632415,4,300,50,60,5,30,10.0,120,current,Optimized Pattern Generator,dynamic_session,Dynamic Session Pattern Assignment,50,6,360,3b9dba3f35d5cbc93b78d256b9b1c59b286cbc0aca249f5a3ef2ef3ce7731535,3699990465,39a734729f8bcbc27e6744f14a0a9fd85e35c00ec8e986273bcfc5cbf4a01dfe,True,bayesian_windowed_timeprior_off,A3 Ablation) Time Prior Off,False,300,300,0,0.0,300,294,0,0.98,0.98,0.3908299936614372,1.727499537494694,383.56666666666666,424.0,21.871553500001028,300,0,0,0,0,1.0,0.0,0.0,0.0,0.0,1.0,17.25,0.0,0.0,0.0,0.0,0.0,,0.0,0.0,18.429444764988148,3.1876604939752724,0.0,0.2525391160379513,21.86964437500137,18.429444764988148,0.2525391160379513
20260703_185002_516173,b0da4d9216a2bbfcc818675c756bd436b7c3e50f537880fa75c56fd8774d8151,24,2187632415,433795962,2187632415,4,300,50,60,5,30,10.0,120,current,Optimized Pattern Generator,dynamic_session,Dynamic Session Pattern Assignment,50,6,360,3b9dba3f35d5cbc93b78d256b9b1c59b286cbc0aca249f5a3ef2ef3ce7731535,3699990465,39a734729f8bcbc27e6744f14a0a9fd85e35c00ec8e986273bcfc5cbf4a01dfe,True,bayesian_windowed_all_off,A3 Ablation) Time Prior + Memory + Lock Off,False,300,300,0,0.0,300,285,0,0.95,0.95,0.6704701183828512,2.0710990180489195,383.56666666666666,424.0,22.00672224999289,300,0,0,0,0,1.0,0.0,0.0,0.0,0.0,1.0,17.25,0.0,0.0,0.0,0.0,0.0,,0.0,0.0,18.536740198942425,3.1889712040137965,0.0,0.2791902220415068,22.00490162499773,18.536740198942425,0.2791902220415068
20260703_185002_516173,b0da4d9216a2bbfcc818675c756bd436b7c3e50f537880fa75c56fd8774d8151,25,2187632416,1233724812,2187632416,5,300,50,60,5,30,10.0,120,current,Optimized Pattern Generator,dynamic_session,Dynamic Session Pattern Assignment,50,6,360,c974ff1800332606385d81504b635261457467bcdbedae8b7c1b18e98faa8357,3699990526,cf49109c11cb1babfc38d25cd2dd92dc72b569d9350fc35fad07588e45262158,True,single_only,A1) Refined Cost + Greedy 1:1,True,300,300,0,0.0,300,283,0,0.9433333333333334,0.9433333333333334,1.2315489932011956,6.517744203697934,382.98333333333335,422.0,21.988341249998484,300,0,0,0,0,1.0,0.0,0.0,0.0,0.0,1.0,17.03,0.0,0.0,0.0,0.0,0.0,,0.0,0.0,18.182950913986133,3.548687276961573,0.0,0.2548970590578392,21.986535250005545,18.182950913986133,0.2548970590578392
20260703_185002_516173,b0da4d9216a2bbfcc818675c756bd436b7c3e50f537880fa75c56fd8774d8151,25,2187632416,1545686454,2187632416,5,300,50,60,5,30,10.0,120,current,Optimized Pattern Generator,dynamic_session,Dynamic Session Pattern Assignment,50,6,360,c974ff1800332606385d81504b635261457467bcdbedae8b7c1b18e98faa8357,3699990526,cf49109c11cb1babfc38d25cd2dd92dc72b569d9350fc35fad07588e45262158,True,single_only_dtw_off,A1 Ablation) DTW Off,False,300,300,0,0.0,300,273,0,0.91,0.91,0.9467891317555556,4.54000012,382.98333333333335,422.0,22.085454625004786,300,0,0,0,0,1.0,0.0,0.0,0.0,0.0,1.0,17.03,0.0,0.0,0.0,0.0,0.0,,0.0,0.0,18.24017832604295,3.5681805749991327,0.0,0.27520143195579294,22.083560332997877,18.24017832604295,0.27520143195579294
20260703_185002_516173,b0da4d9216a2bbfcc818675c756bd436b7c3e50f537880fa75c56fd8774d8151,25,2187632416,866312262,2187632416,5,300,50,60,5,30,10.0,120,current,Optimized Pattern Generator,dynamic_session,Dynamic Session Pattern Assignment,50,6,360,c974ff1800332606385d81504b635261457467bcdbedae8b7c1b18e98faa8357,3699990526,cf49109c11cb1babfc38d25cd2dd92dc72b569d9350fc35fad07588e45262158,True,single_only_step_off,A1 Ablation) Step Signature Off,False,300,300,0,0.0,300,264,0,0.88,0.88,0.219878281913546,1.0706648497379352,382.98333333333335,422.0,22.05486520800332,300,0,0,0,0,1.0,0.0,0.0,0.0,0.0,1.0,17.03,0.0,0.0,0.0,0.0,0.0,,0.0,0.0,18.231498363020364,3.5694094880163902,0.0,0.2520281069664634,22.052935958003218,18.231498363020364,0.2520281069664634
20260703_185002_516173,b0da4d9216a2bbfcc818675c756bd436b7c3e50f537880fa75c56fd8774d8151,25,2187632416,1815193618,2187632416,5,300,50,60,5,30,10.0,120,current,Optimized Pattern Generator,dynamic_session,Dynamic Session Pattern Assignment,50,6,360,c974ff1800332606385d81504b635261457467bcdbedae8b7c1b18e98faa8357,3699990526,cf49109c11cb1babfc38d25cd2dd92dc72b569d9350fc35fad07588e45262158,True,single_only_all_off,A1 Ablation) All Waveform Terms Off,False,300,300,0,0.0,300,240,0,0.8,0.8,1.444333573666667,8.60000011,382.98333333333335,422.0,18.414183374996355,300,0,0,0,0,1.0,0.0,0.0,0.0,0.0,1.0,17.03,0.0,0.0,0.0,0.0,0.0,,0.0,0.0,18.14584120696236,0.01171207405423047,0.0,0.2547343849873869,18.412287666003976,18.14584120696236,0.2547343849873869
20260703_185002_516173,b0da4d9216a2bbfcc818675c756bd436b7c3e50f537880fa75c56fd8774d8151,25,2187632416,2184921353,2187632416,5,300,50,60,5,30,10.0,120,current,Optimized Pattern Generator,dynamic_session,Dynamic Session Pattern Assignment,50,6,360,c974ff1800332606385d81504b635261457467bcdbedae8b7c1b18e98faa8357,3699990526,cf49109c11cb1babfc38d25cd2dd92dc72b569d9350fc35fad07588e45262158,True,nomura_original_interval_hungarian,A2) Corr+DTW + Hungarian,False,300,300,0,0.0,300,270,0,0.9,0.9,0.09707328672483681,0.4102712582223013,382.98333333333335,422.0,27.408190874994034,300,0,0,0,0,1.0,0.0,0.0,0.0,0.0,1.0,17.03,0.0,0.0,0.0,0.0,0.0,,0.0,0.0,18.32014736810379,8.825553354057774,0.0,0.2605822778350557,27.40628299999662,18.32014736810379,0.2605822778350557
20260703_185002_516173,b0da4d9216a2bbfcc818675c756bd436b7c3e50f537880fa75c56fd8774d8151,25,2187632416,2176353891,2187632416,5,300,50,60,5,30,10.0,120,current,Optimized Pattern Generator,dynamic_session,Dynamic Session Pattern Assignment,50,6,360,c974ff1800332606385d81504b635261457467bcdbedae8b7c1b18e98faa8357,3699990526,cf49109c11cb1babfc38d25cd2dd92dc72b569d9350fc35fad07588e45262158,True,nomura_original_interval_hungarian_dtw_off,A2 Ablation) DTW Off (Corr-only),False,300,300,0,0.0,300,264,0,0.88,0.88,0.08743524849522624,0.29957920327966936,382.98333333333335,422.0,27.218476250003732,300,0,0,0,0,1.0,0.0,0.0,0.0,0.0,1.0,17.03,0.0,0.0,0.0,0.0,0.0,,0.0,0.0,18.061406875036482,8.882323663987336,0.0,0.2728226699764491,27.216553209000267,18.061406875036482,0.2728226699764491
20260703_185002_516173,b0da4d9216a2bbfcc818675c756bd436b7c3e50f537880fa75c56fd8774d8151,25,2187632416,1055930895,2187632416,5,300,50,60,5,30,10.0,120,current,Optimized Pattern Generator,dynamic_session,Dynamic Session Pattern Assignment,50,6,360,c974ff1800332606385d81504b635261457467bcdbedae8b7c1b18e98faa8357,3699990526,cf49109c11cb1babfc38d25cd2dd92dc72b569d9350fc35fad07588e45262158,True,nomura_original_interval_hungarian_corr_off,A2 Ablation) Corr Off (DTW-only),False,300,300,0,0.0,300,252,0,0.84,0.84,2.399e-07,4.9e-07,382.98333333333335,422.0,27.277125041000545,300,0,0,0,0,1.0,0.0,0.0,0.0,0.0,1.0,17.03,0.0,0.0,0.0,0.0,0.0,,0.0,0.0,18.17044275506487,8.844467578004696,0.0,0.26034324993088376,27.27525358300045,18.17044275506487,0.26034324993088376
20260703_185002_516173,b0da4d9216a2bbfcc818675c756bd436b7c3e50f537880fa75c56fd8774d8151,25,2187632416,542446180,2187632416,5,300,50,60,5,30,10.0,120,current,Optimized Pattern Generator,dynamic_session,Dynamic Session Pattern Assignment,50,6,360,c974ff1800332606385d81504b635261457467bcdbedae8b7c1b18e98faa8357,3699990526,cf49109c11cb1babfc38d25cd2dd92dc72b569d9350fc35fad07588e45262158,True,nomura_original_interval_hungarian_all_off,A2 Ablation) All Waveform Terms Off,False,300,300,0,0.0,300,240,0,0.8,0.8,1.444333573666667,8.60000011,382.98333333333335,422.0,18.27612120899721,300,0,0,0,0,1.0,0.0,0.0,0.0,0.0,1.0,17.03,0.0,0.0,0.0,0.0,0.0,,0.0,0.0,18.011952383974858,0.0112617879640311,0.0,0.2510223690624116,18.2742365410013,18.011952383974858,0.2510223690624116
20260703_185002_516173,b0da4d9216a2bbfcc818675c756bd436b7c3e50f537880fa75c56fd8774d8151,25,2187632416,1367392789,2187632416,5,300,50,60,5,30,10.0,120,current,Optimized Pattern Generator,dynamic_session,Dynamic Session Pattern Assignment,50,6,360,c974ff1800332606385d81504b635261457467bcdbedae8b7c1b18e98faa8357,3699990526,cf49109c11cb1babfc38d25cd2dd92dc72b569d9350fc35fad07588e45262158,True,bayesian_windowed,A3) Bayesian Posterior + Hungarian + Lock,False,300,300,0,0.0,300,292,0,0.9733333333333334,0.9733333333333334,0.3356637946516777,1.3450714752236113,382.98333333333335,422.0,21.381103750005423,300,0,0,0,0,1.0,0.0,0.0,0.0,0.0,1.0,17.03,0.0,0.0,0.0,0.0,0.0,,0.0,0.0,17.990603211983398,3.135630031050823,0.0,0.2529547569647548,21.379187999998976,17.990603211983398,0.2529547569647548
20260703_185002_516173,b0da4d9216a2bbfcc818675c756bd436b7c3e50f537880fa75c56fd8774d8151,25,2187632416,1856414598,2187632416,5,300,50,60,5,30,10.0,120,current,Optimized Pattern Generator,dynamic_session,Dynamic Session Pattern Assignment,50,6,360,c974ff1800332606385d81504b635261457467bcdbedae8b7c1b18e98faa8357,3699990526,cf49109c11cb1babfc38d25cd2dd92dc72b569d9350fc35fad07588e45262158,True,bayesian_windowed_lock_off,A3 Ablation) Lock Off,False,300,300,0,0.0,300,292,0,0.9733333333333334,0.9733333333333334,0.335674807425928,1.3450714752236113,382.98333333333335,422.0,21.622332416998688,300,0,0,0,0,1.0,0.0,0.0,0.0,0.0,1.0,17.03,0.0,0.0,0.0,0.0,0.0,,0.0,0.0,18.186611555938725,3.144936372045777,0.0,0.2889503220139886,21.62049824999849,18.186611555938725,0.2889503220139886
20260703_185002_516173,b0da4d9216a2bbfcc818675c756bd436b7c3e50f537880fa75c56fd8774d8151,25,2187632416,1977915779,2187632416,5,300,50,60,5,30,10.0,120,current,Optimized Pattern Generator,dynamic_session,Dynamic Session Pattern Assignment,50,6,360,c974ff1800332606385d81504b635261457467bcdbedae8b7c1b18e98faa8357,3699990526,cf49109c11cb1babfc38d25cd2dd92dc72b569d9350fc35fad07588e45262158,True,bayesian_windowed_memory_off,A3 Ablation) Posterior Memory Off,False,300,300,0,0.0,300,283,0,0.9433333333333334,0.9433333333333334,0.5863070070128148,1.9083963346032804,382.98333333333335,422.0,21.52431879100186,300,0,0,0,0,1.0,0.0,0.0,0.0,0.0,1.0,17.03,0.0,0.0,0.0,0.0,0.0,,0.0,0.0,18.122591915001976,3.148417693017109,0.0,0.25143522497819504,21.52244483299728,18.122591915001976,0.25143522497819504
20260703_185002_516173,b0da4d9216a2bbfcc818675c756bd436b7c3e50f537880fa75c56fd8774d8151,25,2187632416,2395032883,2187632416,5,300,50,60,5,30,10.0,120,current,Optimized Pattern Generator,dynamic_session,Dynamic Session Pattern Assignment,50,6,360,c974ff1800332606385d81504b635261457467bcdbedae8b7c1b18e98faa8357,3699990526,cf49109c11cb1babfc38d25cd2dd92dc72b569d9350fc35fad07588e45262158,True,bayesian_windowed_timeprior_off,A3 Ablation) Time Prior Off,False,300,300,0,0.0,300,292,0,0.9733333333333334,0.9733333333333334,0.3378224569163489,1.3459573638778635,382.98333333333335,422.0,21.648348333001195,300,0,0,0,0,1.0,0.0,0.0,0.0,0.0,1.0,17.03,0.0,0.0,0.0,0.0,0.0,,0.0,0.0,18.233431034976093,3.1544732540860423,0.0,0.25853379493491957,21.646438083997054,18.233431034976093,0.25853379493491957
20260703_185002_516173,b0da4d9216a2bbfcc818675c756bd436b7c3e50f537880fa75c56fd8774d8151,25,2187632416,433795909,2187632416,5,300,50,60,5,30,10.0,120,current,Optimized Pattern Generator,dynamic_session,Dynamic Session Pattern Assignment,50,6,360,c974ff1800332606385d81504b635261457467bcdbedae8b7c1b18e98faa8357,3699990526,cf49109c11cb1babfc38d25cd2dd92dc72b569d9350fc35fad07588e45262158,True,bayesian_windowed_all_off,A3 Ablation) Time Prior + Memory + Lock Off,False,300,300,0,0.0,300,283,0,0.9433333333333334,0.9433333333333334,0.5875053903881274,1.9119549762055001,382.98333333333335,422.0,21.5680349999966,300,0,0,0,0,1.0,0.0,0.0,0.0,0.0,1.0,17.03,0.0,0.0,0.0,0.0,0.0,,0.0,0.0,18.144249667988333,3.148734866976156,0.0,0.27309913204226177,21.56608366700675,18.144249667988333,0.27309913204226177
20260703_185002_516173,b0da4d9216a2bbfcc818675c756bd436b7c3e50f537880fa75c56fd8774d8151,26,2187632417,1233724813,2187632417,6,300,50,60,5,30,10.0,120,current,Optimized Pattern Generator,dynamic_session,Dynamic Session Pattern Assignment,50,6,360,e4a5201567b75cd924230996d3291ed747255043ddce256bd379aaab3169c59f,3699990527,9d51ee3eea4bded674922df95d0255d9a2e8489c12466b571f3be1fa0a65ccc8,True,single_only,A1) Refined Cost + Greedy 1:1,True,300,300,0,0.0,300,289,0,0.9633333333333334,0.9633333333333334,1.0902686188582367,5.439031887638816,380.6433333333333,420.1,21.945549415999267,300,0,0,0,0,1.0,0.0,0.0,0.0,0.0,1.0,16.976666666666667,0.0,0.0,0.0,0.0,0.0,,0.0,0.0,18.137554004002595,3.5480815000337316,0.0,0.258074745965132,21.94371025000146,18.137554004002595,0.258074745965132
20260703_185002_516173,b0da4d9216a2bbfcc818675c756bd436b7c3e50f537880fa75c56fd8774d8151,26,2187632417,1545686455,2187632417,6,300,50,60,5,30,10.0,120,current,Optimized Pattern Generator,dynamic_session,Dynamic Session Pattern Assignment,50,6,360,e4a5201567b75cd924230996d3291ed747255043ddce256bd379aaab3169c59f,3699990527,9d51ee3eea4bded674922df95d0255d9a2e8489c12466b571f3be1fa0a65ccc8,True,single_only_dtw_off,A1 Ablation) DTW Off,False,300,300,0,0.0,300,287,0,0.9566666666666667,0.9566666666666667,0.8462224824555555,4.386666666666667,380.6433333333333,420.1,21.86313233299734,300,0,0,0,0,1.0,0.0,0.0,0.0,0.0,1.0,16.976666666666667,0.0,0.0,0.0,0.0,0.0,,0.0,0.0,18.05743200701545,3.545826832007151,0.0,0.25806582697987324,21.861324666002474,18.05743200701545,0.25806582697987324
20260703_185002_516173,b0da4d9216a2bbfcc818675c756bd436b7c3e50f537880fa75c56fd8774d8151,26,2187632417,866312263,2187632417,6,300,50,60,5,30,10.0,120,current,Optimized Pattern Generator,dynamic_session,Dynamic Session Pattern Assignment,50,6,360,e4a5201567b75cd924230996d3291ed747255043ddce256bd379aaab3169c59f,3699990527,9d51ee3eea4bded674922df95d0255d9a2e8489c12466b571f3be1fa0a65ccc8,True,single_only_step_off,A1 Ablation) Step Signature Off,False,300,300,0,0.0,300,267,0,0.89,0.89,0.19757467172117552,1.4856917706756798,380.6433333333333,420.1,21.94260916699568,300,0,0,0,0,1.0,0.0,0.0,0.0,0.0,1.0,16.976666666666667,0.0,0.0,0.0,0.0,0.0,,0.0,0.0,18.096302439909778,3.5741604019567603,0.0,0.27023740813456243,21.9407002500011,18.096302439909778,0.27023740813456243
20260703_185002_516173,b0da4d9216a2bbfcc818675c756bd436b7c3e50f537880fa75c56fd8774d8151,26,2187632417,1815193619,2187632417,6,300,50,60,5,30,10.0,120,current,Optimized Pattern Generator,dynamic_session,Dynamic Session Pattern Assignment,50,6,360,e4a5201567b75cd924230996d3291ed747255043ddce256bd379aaab3169c59f,3699990527,9d51ee3eea4bded674922df95d0255d9a2e8489c12466b571f3be1fa0a65ccc8,True,single_only_all_off,A1 Ablation) All Waveform Terms Off,False,300,300,0,0.0,300,234,0,0.78,0.78,1.3833335941,7.600000140000001,380.6433333333333,420.1,18.435968500001763,300,0,0,0,0,1.0,0.0,0.0,0.0,0.0,1.0,16.976666666666667,0.0,0.0,0.0,0.0,0.0,,0.0,0.0,18.158099409018178,0.01192761095444439,0.0,0.26421281302464195,18.434239832997264,18.158099409018178,0.26421281302464195
20260703_185002_516173,b0da4d9216a2bbfcc818675c756bd436b7c3e50f537880fa75c56fd8774d8151,26,2187632417,2184921352,2187632417,6,300,50,60,5,30,10.0,120,current,Optimized Pattern Generator,dynamic_session,Dynamic Session Pattern Assignment,50,6,360,e4a5201567b75cd924230996d3291ed747255043ddce256bd379aaab3169c59f,3699990527,9d51ee3eea4bded674922df95d0255d9a2e8489c12466b571f3be1fa0a65ccc8,True,nomura_original_interval_hungarian,A2) Corr+DTW + Hungarian,False,300,300,0,0.0,300,274,0,0.9133333333333333,0.9133333333333333,0.08773116165175993,0.5180587458632174,380.6433333333333,420.1,27.323528416003683,300,0,0,0,0,1.0,0.0,0.0,0.0,0.0,1.0,16.976666666666667,0.0,0.0,0.0,0.0,0.0,,0.0,0.0,18.258882961032214,8.809568754972133,0.0,0.2532453679959872,27.321697084000334,18.258882961032214,0.2532453679959872
20260703_185002_516173,b0da4d9216a2bbfcc818675c756bd436b7c3e50f537880fa75c56fd8774d8151,26,2187632417,2176353890,2187632417,6,300,50,60,5,30,10.0,120,current,Optimized Pattern Generator,dynamic_session,Dynamic Session Pattern Assignment,50,6,360,e4a5201567b75cd924230996d3291ed747255043ddce256bd379aaab3169c59f,3699990527,9d51ee3eea4bded674922df95d0255d9a2e8489c12466b571f3be1fa0a65ccc8,True,nomura_original_interval_hungarian_dtw_off,A2 Ablation) DTW Off (Corr-only),False,300,300,0,0.0,300,270,0,0.9,0.9,0.07852885417337592,0.39690732041480636,380.6433333333333,420.1,27.162713124998845,300,0,0,0,0,1.0,0.0,0.0,0.0,0.0,1.0,16.976666666666667,0.0,0.0,0.0,0.0,0.0,,0.0,0.0,18.15385511702334,8.754707400999905,0.0,0.2522803569736425,27.160842874996888,18.15385511702334,0.2522803569736425
20260703_185002_516173,b0da4d9216a2bbfcc818675c756bd436b7c3e50f537880fa75c56fd8774d8151,26,2187632417,1055930894,2187632417,6,300,50,60,5,30,10.0,120,current,Optimized Pattern Generator,dynamic_session,Dynamic Session Pattern Assignment,50,6,360,e4a5201567b75cd924230996d3291ed747255043ddce256bd379aaab3169c59f,3699990527,9d51ee3eea4bded674922df95d0255d9a2e8489c12466b571f3be1fa0a65ccc8,True,nomura_original_interval_hungarian_corr_off,A2 Ablation) Corr Off (DTW-only),False,300,300,0,0.0,300,259,0,0.8633333333333333,0.8633333333333333,0.0011676989455520175,0.1367514892551272,380.6433333333333,420.1,27.011224374997255,300,0,0,0,0,1.0,0.0,0.0,0.0,0.0,1.0,16.976666666666667,0.0,0.0,0.0,0.0,0.0,,0.0,0.0,18.00525046304392,8.734681698013446,0.0,0.26940342193847755,27.009335582995845,18.00525046304392,0.26940342193847755
20260703_185002_516173,b0da4d9216a2bbfcc818675c756bd436b7c3e50f537880fa75c56fd8774d8151,26,2187632417,542446181,2187632417,6,300,50,60,5,30,10.0,120,current,Optimized Pattern Generator,dynamic_session,Dynamic Session Pattern Assignment,50,6,360,e4a5201567b75cd924230996d3291ed747255043ddce256bd379aaab3169c59f,3699990527,9d51ee3eea4bded674922df95d0255d9a2e8489c12466b571f3be1fa0a65ccc8,True,nomura_original_interval_hungarian_all_off,A2 Ablation) All Waveform Terms Off,False,300,300,0,0.0,300,234,0,0.78,0.78,1.3833335941,7.600000140000001,380.6433333333333,420.1,17.57042241700401,300,0,0,0,0,1.0,0.0,0.0,0.0,0.0,1.0,16.976666666666667,0.0,0.0,0.0,0.0,0.0,,0.0,0.0,17.306611054038513,0.011472734993731137,0.0,0.2505979189663776,17.56868170799862,17.306611054038513,0.2505979189663776
20260703_185002_516173,b0da4d9216a2bbfcc818675c756bd436b7c3e50f537880fa75c56fd8774d8151,26,2187632417,1367392788,2187632417,6,300,50,60,5,30,10.0,120,current,Optimized Pattern Generator,dynamic_session,Dynamic Session Pattern Assignment,50,6,360,e4a5201567b75cd924230996d3291ed747255043ddce256bd379aaab3169c59f,3699990527,9d51ee3eea4bded674922df95d0255d9a2e8489c12466b571f3be1fa0a65ccc8,True,bayesian_windowed,A3) Bayesian Posterior + Hungarian + Lock,False,300,300,0,0.0,300,294,0,0.98,0.98,0.36291481988978264,1.5295793554140582,380.6433333333333,420.1,18.143250832996273,300,0,0,0,0,1.0,0.0,0.0,0.0,0.0,1.0,16.976666666666667,0.0,0.0,0.0,0.0,0.0,,0.0,0.0,15.2662471149888,2.652228786078922,0.0,0.22307143193029333,18.141547332998016,15.2662471149888,0.22307143193029333
20260703_185002_516173,b0da4d9216a2bbfcc818675c756bd436b7c3e50f537880fa75c56fd8774d8151,26,2187632417,1856414599,2187632417,6,300,50,60,5,30,10.0,120,current,Optimized Pattern Generator,dynamic_session,Dynamic Session Pattern Assignment,50,6,360,e4a5201567b75cd924230996d3291ed747255043ddce256bd379aaab3169c59f,3699990527,9d51ee3eea4bded674922df95d0255d9a2e8489c12466b571f3be1fa0a65ccc8,True,bayesian_windowed_lock_off,A3 Ablation) Lock Off,False,300,300,0,0.0,300,294,0,0.98,0.98,0.36293535531677873,1.5295793554140582,380.6433333333333,420.1,18.122662458998093,300,0,0,0,0,1.0,0.0,0.0,0.0,0.0,1.0,16.976666666666667,0.0,0.0,0.0,0.0,0.0,,0.0,0.0,15.228115993988467,2.649322277007741,0.0,0.24337956200179178,18.120817832998,15.228115993988467,0.24337956200179178
20260703_185002_516173,b0da4d9216a2bbfcc818675c756bd436b7c3e50f537880fa75c56fd8774d8151,26,2187632417,1977915778,2187632417,6,300,50,60,5,30,10.0,120,current,Optimized Pattern Generator,dynamic_session,Dynamic Session Pattern Assignment,50,6,360,e4a5201567b75cd924230996d3291ed747255043ddce256bd379aaab3169c59f,3699990527,9d51ee3eea4bded674922df95d0255d9a2e8489c12466b571f3be1fa0a65ccc8,True,bayesian_windowed_memory_off,A3 Ablation) Posterior Memory Off,False,300,300,0,0.0,300,289,0,0.9633333333333334,0.9633333333333334,0.6156048199128613,1.922288152489172,380.6433333333333,420.1,18.078261915994517,300,0,0,0,0,1.0,0.0,0.0,0.0,0.0,1.0,16.976666666666667,0.0,0.0,0.0,0.0,0.0,,0.0,0.0,15.21087104396429,2.6478095229977043,0.0,0.21791630803636508,18.07659687499836,15.21087104396429,0.21791630803636508
20260703_185002_516173,b0da4d9216a2bbfcc818675c756bd436b7c3e50f537880fa75c56fd8774d8151,26,2187632417,2395032882,2187632417,6,300,50,60,5,30,10.0,120,current,Optimized Pattern Generator,dynamic_session,Dynamic Session Pattern Assignment,50,6,360,e4a5201567b75cd924230996d3291ed747255043ddce256bd379aaab3169c59f,3699990527,9d51ee3eea4bded674922df95d0255d9a2e8489c12466b571f3be1fa0a65ccc8,True,bayesian_windowed_timeprior_off,A3 Ablation) Time Prior Off,False,300,300,0,0.0,300,294,0,0.98,0.98,0.3654777312945717,1.539360762157942,380.6433333333333,420.1,18.083783709000272,300,0,0,0,0,1.0,0.0,0.0,0.0,0.0,1.0,16.976666666666667,0.0,0.0,0.0,0.0,0.0,,0.0,0.0,15.219015572918579,2.645908651946229,0.0,0.21714285913913045,18.08206708400394,15.219015572918579,0.21714285913913045
20260703_185002_516173,b0da4d9216a2bbfcc818675c756bd436b7c3e50f537880fa75c56fd8774d8151,26,2187632417,433795908,2187632417,6,300,50,60,5,30,10.0,120,current,Optimized Pattern Generator,dynamic_session,Dynamic Session Pattern Assignment,50,6,360,e4a5201567b75cd924230996d3291ed747255043ddce256bd379aaab3169c59f,3699990527,9d51ee3eea4bded674922df95d0255d9a2e8489c12466b571f3be1fa0a65ccc8,True,bayesian_windowed_all_off,A3 Ablation) Time Prior + Memory + Lock Off,False,300,300,0,0.0,300,289,0,0.9633333333333334,0.9633333333333334,0.6168852491925136,1.922288152489172,380.6433333333333,420.1,18.05889625000418,300,0,0,0,0,1.0,0.0,0.0,0.0,0.0,1.0,16.976666666666667,0.0,0.0,0.0,0.0,0.0,,0.0,0.0,15.192397508915747,2.6394750039835344,0.0,0.22536748710263055,18.05724000000191,15.192397508915747,0.22536748710263055
20260703_185002_516173,b0da4d9216a2bbfcc818675c756bd436b7c3e50f537880fa75c56fd8774d8151,27,2187632418,1233724814,2187632418,7,300,50,60,5,30,10.0,120,current,Optimized Pattern Generator,dynamic_session,Dynamic Session Pattern Assignment,50,6,360,1c82f60e053346c1b8585e22506d9cb6eac334df866fd3dc5d4d9db6f262321e,3699990524,ad9e6bc4a4b0a732f7fe4c442244a3060cb65b3238c078ab76551d9de6c34d8c,True,single_only,A1) Refined Cost + Greedy 1:1,True,300,300,0,0.0,300,287,0,0.9566666666666667,0.9566666666666667,1.2021966410754756,7.134930613030811,381.4033333333333,415.1,18.09348283399595,300,0,0,0,0,1.0,0.0,0.0,0.0,0.0,1.0,16.783333333333335,0.0,0.0,0.0,0.0,0.0,,0.0,0.0,14.944201164944388,2.9265639840232325,0.0,0.2210343100305181,18.09179945899814,14.944201164944388,0.2210343100305181
20260703_185002_516173,b0da4d9216a2bbfcc818675c756bd436b7c3e50f537880fa75c56fd8774d8151,27,2187632418,1545686452,2187632418,7,300,50,60,5,30,10.0,120,current,Optimized Pattern Generator,dynamic_session,Dynamic Session Pattern Assignment,50,6,360,1c82f60e053346c1b8585e22506d9cb6eac334df866fd3dc5d4d9db6f262321e,3699990524,ad9e6bc4a4b0a732f7fe4c442244a3060cb65b3238c078ab76551d9de6c34d8c,True,single_only_dtw_off,A1 Ablation) DTW Off,False,300,300,0,0.0,300,279,0,0.93,0.93,0.9259447201444446,5.850000220000001,381.4033333333333,415.1,18.16757708399382,300,0,0,0,0,1.0,0.0,0.0,0.0,0.0,1.0,16.783333333333335,0.0,0.0,0.0,0.0,0.0,,0.0,0.0,15.005256284945062,2.9391972439625533,0.0,0.22141705409012502,18.16587058299774,15.005256284945062,0.22141705409012502
20260703_185002_516173,b0da4d9216a2bbfcc818675c756bd436b7c3e50f537880fa75c56fd8774d8151,27,2187632418,866312260,2187632418,7,300,50,60,5,30,10.0,120,current,Optimized Pattern Generator,dynamic_session,Dynamic Session Pattern Assignment,50,6,360,1c82f60e053346c1b8585e22506d9cb6eac334df866fd3dc5d4d9db6f262321e,3699990524,ad9e6bc4a4b0a732f7fe4c442244a3060cb65b3238c078ab76551d9de6c34d8c,True,single_only_step_off,A1 Ablation) Step Signature Off,False,300,300,0,0.0,300,264,0,0.88,0.88,0.22137287234278516,1.1347514086832045,381.4033333333333,415.1,18.10948566699517,300,0,0,0,0,1.0,0.0,0.0,0.0,0.0,1.0,16.783333333333335,0.0,0.0,0.0,0.0,0.0,,0.0,0.0,14.931886997896072,2.9374121729342733,0.0,0.23850724517251365,18.10780641600286,14.931886997896072,0.23850724517251365
20260703_185002_516173,b0da4d9216a2bbfcc818675c756bd436b7c3e50f537880fa75c56fd8774d8151,27,2187632418,1815193616,2187632418,7,300,50,60,5,30,10.0,120,current,Optimized Pattern Generator,dynamic_session,Dynamic Session Pattern Assignment,50,6,360,1c82f60e053346c1b8585e22506d9cb6eac334df866fd3dc5d4d9db6f262321e,3699990524,ad9e6bc4a4b0a732f7fe4c442244a3060cb65b3238c078ab76551d9de6c34d8c,True,single_only_all_off,A1 Ablation) All Waveform Terms Off,False,300,300,0,0.0,300,249,0,0.83,0.83,1.4470002777666666,8.800000310000001,381.4033333333333,415.1,15.18329950000043,300,0,0,0,0,1.0,0.0,0.0,0.0,0.0,1.0,16.783333333333335,0.0,0.0,0.0,0.0,0.0,,0.0,0.0,14.95144441100274,0.009365066027385183,0.0,0.22083802297129296,15.181647500001418,14.95144441100274,0.22083802297129296
20260703_185002_516173,b0da4d9216a2bbfcc818675c756bd436b7c3e50f537880fa75c56fd8774d8151,27,2187632418,2184921355,2187632418,7,300,50,60,5,30,10.0,120,current,Optimized Pattern Generator,dynamic_session,Dynamic Session Pattern Assignment,50,6,360,1c82f60e053346c1b8585e22506d9cb6eac334df866fd3dc5d4d9db6f262321e,3699990524,ad9e6bc4a4b0a732f7fe4c442244a3060cb65b3238c078ab76551d9de6c34d8c,True,nomura_original_interval_hungarian,A2) Corr+DTW + Hungarian,False,300,300,0,0.0,300,272,0,0.9066666666666666,0.9066666666666666,0.09850662827921099,0.4518482252364715,381.4033333333333,415.1,22.4386522920031,300,0,0,0,0,1.0,0.0,0.0,0.0,0.0,1.0,16.783333333333335,0.0,0.0,0.0,0.0,0.0,,0.0,0.0,14.980304880038602,7.2408999569524894,0.0,0.215759747006814,22.436964583997906,14.980304880038602,0.215759747006814
20260703_185002_516173,b0da4d9216a2bbfcc818675c756bd436b7c3e50f537880fa75c56fd8774d8151,27,2187632418,2176353889,2187632418,7,300,50,60,5,30,10.0,120,current,Optimized Pattern Generator,dynamic_session,Dynamic Session Pattern Assignment,50,6,360,1c82f60e053346c1b8585e22506d9cb6eac334df866fd3dc5d4d9db6f262321e,3699990524,ad9e6bc4a4b0a732f7fe4c442244a3060cb65b3238c078ab76551d9de6c34d8c,True,nomura_original_interval_hungarian_dtw_off,A2 Ablation) DTW Off (Corr-only),False,300,300,0,0.0,300,266,0,0.8866666666666667,0.8866666666666667,0.08764787379673876,0.3449411473152837,381.4033333333333,415.1,22.355190208996646,300,0,0,0,0,1.0,0.0,0.0,0.0,0.0,1.0,16.783333333333335,0.0,0.0,0.0,0.0,0.0,,0.0,0.0,14.897592864981561,7.235673996896367,0.0,0.22029555512563093,22.35356241700356,14.897592864981561,0.22029555512563093
20260703_185002_516173,b0da4d9216a2bbfcc818675c756bd436b7c3e50f537880fa75c56fd8774d8151,27,2187632418,1055930893,2187632418,7,300,50,60,5,30,10.0,120,current,Optimized Pattern Generator,dynamic_session,Dynamic Session Pattern Assignment,50,6,360,1c82f60e053346c1b8585e22506d9cb6eac334df866fd3dc5d4d9db6f262321e,3699990524,ad9e6bc4a4b0a732f7fe4c442244a3060cb65b3238c078ab76551d9de6c34d8c,True,nomura_original_interval_hungarian_corr_off,A2 Ablation) Corr Off (DTW-only),False,300,300,0,0.0,300,251,0,0.8366666666666667,0.8366666666666667,0.003793373081369075,0.3682856856733322,381.4033333333333,415.1,22.432543374998204,300,0,0,0,0,1.0,0.0,0.0,0.0,0.0,1.0,16.783333333333335,0.0,0.0,0.0,0.0,0.0,,0.0,0.0,14.93411109308363,7.260511190936086,0.0,0.2362583409776562,22.43088062499737,14.93411109308363,0.2362583409776562
20260703_185002_516173,b0da4d9216a2bbfcc818675c756bd436b7c3e50f537880fa75c56fd8774d8151,27,2187632418,542446182,2187632418,7,300,50,60,5,30,10.0,120,current,Optimized Pattern Generator,dynamic_session,Dynamic Session Pattern Assignment,50,6,360,1c82f60e053346c1b8585e22506d9cb6eac334df866fd3dc5d4d9db6f262321e,3699990524,ad9e6bc4a4b0a732f7fe4c442244a3060cb65b3238c078ab76551d9de6c34d8c,True,nomura_original_interval_hungarian_all_off,A2 Ablation) All Waveform Terms Off,False,300,300,0,0.0,300,249,0,0.83,0.83,1.4470002777666666,8.800000310000001,381.4033333333333,415.1,15.13031695799873,300,0,0,0,0,1.0,0.0,0.0,0.0,0.0,1.0,16.783333333333335,0.0,0.0,0.0,0.0,0.0,,0.0,0.0,14.904701833002036,0.009480983979301527,0.0,0.21454143302253215,15.12872425000387,14.904701833002036,0.21454143302253215
20260703_185002_516173,b0da4d9216a2bbfcc818675c756bd436b7c3e50f537880fa75c56fd8774d8151,27,2187632418,1367392791,2187632418,7,300,50,60,5,30,10.0,120,current,Optimized Pattern Generator,dynamic_session,Dynamic Session Pattern Assignment,50,6,360,1c82f60e053346c1b8585e22506d9cb6eac334df866fd3dc5d4d9db6f262321e,3699990524,ad9e6bc4a4b0a732f7fe4c442244a3060cb65b3238c078ab76551d9de6c34d8c,True,bayesian_windowed,A3) Bayesian Posterior + Hungarian + Lock,False,300,300,0,0.0,300,291,0,0.97,0.97,0.3358079089457585,1.5848961320875543,381.4033333333333,415.1,17.73835529200005,300,0,0,0,0,1.0,0.0,0.0,0.0,0.0,1.0,16.783333333333335,0.0,0.0,0.0,0.0,0.0,,0.0,0.0,14.918320923003193,2.603896285982046,0.0,0.21445658301672665,17.736673792001966,14.918320923003193,0.21445658301672665
20260703_185002_516173,b0da4d9216a2bbfcc818675c756bd436b7c3e50f537880fa75c56fd8774d8151,27,2187632418,1856414596,2187632418,7,300,50,60,5,30,10.0,120,current,Optimized Pattern Generator,dynamic_session,Dynamic Session Pattern Assignment,50,6,360,1c82f60e053346c1b8585e22506d9cb6eac334df866fd3dc5d4d9db6f262321e,3699990524,ad9e6bc4a4b0a732f7fe4c442244a3060cb65b3238c078ab76551d9de6c34d8c,True,bayesian_windowed_lock_off,A3 Ablation) Lock Off,False,300,300,0,0.0,300,291,0,0.97,0.97,0.3358342686970237,1.5848961320875543,381.4033333333333,415.1,17.79982679200475,300,0,0,0,0,1.0,0.0,0.0,0.0,0.0,1.0,16.783333333333335,0.0,0.0,0.0,0.0,0.0,,0.0,0.0,14.972790878004162,2.610749127015879,0.0,0.214597452977614,17.798137457997655,14.972790878004162,0.214597452977614
20260703_185002_516173,b0da4d9216a2bbfcc818675c756bd436b7c3e50f537880fa75c56fd8774d8151,27,2187632418,1977915777,2187632418,7,300,50,60,5,30,10.0,120,current,Optimized Pattern Generator,dynamic_session,Dynamic Session Pattern Assignment,50,6,360,1c82f60e053346c1b8585e22506d9cb6eac334df866fd3dc5d4d9db6f262321e,3699990524,ad9e6bc4a4b0a732f7fe4c442244a3060cb65b3238c078ab76551d9de6c34d8c,True,bayesian_windowed_memory_off,A3 Ablation) Posterior Memory Off,False,300,300,0,0.0,300,288,0,0.96,0.96,0.595006735030885,1.850253771032555,381.4033333333333,415.1,17.783326165998005,300,0,0,0,0,1.0,0.0,0.0,0.0,0.0,1.0,16.783333333333335,0.0,0.0,0.0,0.0,0.0,,0.0,0.0,14.959181786100089,2.607764452972333,0.0,0.21466655292897485,17.781612792001397,14.959181786100089,0.21466655292897485
20260703_185002_516173,b0da4d9216a2bbfcc818675c756bd436b7c3e50f537880fa75c56fd8774d8151,27,2187632418,2395032881,2187632418,7,300,50,60,5,30,10.0,120,current,Optimized Pattern Generator,dynamic_session,Dynamic Session Pattern Assignment,50,6,360,1c82f60e053346c1b8585e22506d9cb6eac334df866fd3dc5d4d9db6f262321e,3699990524,ad9e6bc4a4b0a732f7fe4c442244a3060cb65b3238c078ab76551d9de6c34d8c,True,bayesian_windowed_timeprior_off,A3 Ablation) Time Prior Off,False,300,300,0,0.0,300,291,0,0.97,0.97,0.3388861446207661,1.5852293667967057,381.4033333333333,415.1,17.861605874997622,300,0,0,0,0,1.0,0.0,0.0,0.0,0.0,1.0,16.783333333333335,0.0,0.0,0.0,0.0,0.0,,0.0,0.0,15.021711039975344,2.6173232848886983,0.0,0.22090938413748518,17.859943709001527,15.021711039975344,0.22090938413748518
20260703_185002_516173,b0da4d9216a2bbfcc818675c756bd436b7c3e50f537880fa75c56fd8774d8151,27,2187632418,433795911,2187632418,7,300,50,60,5,30,10.0,120,current,Optimized Pattern Generator,dynamic_session,Dynamic Session Pattern Assignment,50,6,360,1c82f60e053346c1b8585e22506d9cb6eac334df866fd3dc5d4d9db6f262321e,3699990524,ad9e6bc4a4b0a732f7fe4c442244a3060cb65b3238c078ab76551d9de6c34d8c,True,bayesian_windowed_all_off,A3 Ablation) Time Prior + Memory + Lock Off,False,300,300,0,0.0,300,287,0,0.9566666666666667,0.9566666666666667,0.5962427478813173,1.8507049976846015,381.4033333333333,415.1,17.740685749995464,300,0,0,0,0,1.0,0.0,0.0,0.0,0.0,1.0,16.783333333333335,0.0,0.0,0.0,0.0,0.0,,0.0,0.0,14.920352800028923,2.598198164960195,0.0,0.22051166000892408,17.73906262499804,14.920352800028923,0.22051166000892408
20260703_185002_516173,b0da4d9216a2bbfcc818675c756bd436b7c3e50f537880fa75c56fd8774d8151,28,2187632419,1233724815,2187632419,8,300,50,60,5,30,10.0,120,current,Optimized Pattern Generator,dynamic_session,Dynamic Session Pattern Assignment,50,6,360,9f774c42a7462ff9a80b41fa617780757c213ed8f15474abc9195c91778a9bb9,3699990525,cf552c8f72ed7a3e77172bd15782ce08bfdcc37252a374c51130e70af5dd051a,True,single_only,A1) Refined Cost + Greedy 1:1,True,300,300,0,0.0,300,289,0,0.9633333333333334,0.9633333333333334,1.1123278412366286,5.34849714212899,382.3,417.20000000000005,19.31581758300308,300,0,0,0,0,1.0,0.0,0.0,0.0,0.0,1.0,17.843333333333334,0.0,0.0,0.0,0.0,0.0,,0.0,0.0,15.972760953940451,3.1194490819616476,0.0,0.22196583909681067,19.31417587499891,15.972760953940451,0.22196583909681067
20260703_185002_516173,b0da4d9216a2bbfcc818675c756bd436b7c3e50f537880fa75c56fd8774d8151,28,2187632419,1545686453,2187632419,8,300,50,60,5,30,10.0,120,current,Optimized Pattern Generator,dynamic_session,Dynamic Session Pattern Assignment,50,6,360,9f774c42a7462ff9a80b41fa617780757c213ed8f15474abc9195c91778a9bb9,3699990525,cf552c8f72ed7a3e77172bd15782ce08bfdcc37252a374c51130e70af5dd051a,True,single_only_dtw_off,A1 Ablation) DTW Off,False,300,300,0,0.0,300,281,0,0.9366666666666666,0.9366666666666666,0.8384780302111111,3.0866670666666662,382.3,417.20000000000005,19.320647207998263,300,0,0,0,0,1.0,0.0,0.0,0.0,0.0,1.0,17.843333333333334,0.0,0.0,0.0,0.0,0.0,,0.0,0.0,15.989479369018227,3.1149899958909373,0.0,0.21452934409171576,19.31899870900088,15.989479369018227,0.21452934409171576
20260703_185002_516173,b0da4d9216a2bbfcc818675c756bd436b7c3e50f537880fa75c56fd8774d8151,28,2187632419,866312261,2187632419,8,300,50,60,5,30,10.0,120,current,Optimized Pattern Generator,dynamic_session,Dynamic Session Pattern Assignment,50,6,360,9f774c42a7462ff9a80b41fa617780757c213ed8f15474abc9195c91778a9bb9,3699990525,cf552c8f72ed7a3e77172bd15782ce08bfdcc37252a374c51130e70af5dd051a,True,single_only_step_off,A1 Ablation) Step Signature Off,False,300,300,0,0.0,300,265,0,0.8833333333333333,0.8833333333333333,0.2069332271953207,1.0000003600000003,382.3,417.20000000000005,19.357491333001235,300,0,0,0,0,1.0,0.0,0.0,0.0,0.0,1.0,17.843333333333334,0.0,0.0,0.0,0.0,0.0,,0.0,0.0,16.021759798000858,3.114302568952553,0.0,0.2197052580449963,19.355767624998407,16.021759798000858,0.2197052580449963
20260703_185002_516173,b0da4d9216a2bbfcc818675c756bd436b7c3e50f537880fa75c56fd8774d8151,28,2187632419,1815193617,2187632419,8,300,50,60,5,30,10.0,120,current,Optimized Pattern Generator,dynamic_session,Dynamic Session Pattern Assignment,50,6,360,9f774c42a7462ff9a80b41fa617780757c213ed8f15474abc9195c91778a9bb9,3699990525,cf552c8f72ed7a3e77172bd15782ce08bfdcc37252a374c51130e70af5dd051a,True,single_only_all_off,A1 Ablation) All Waveform Terms Off,False,300,300,0,0.0,300,245,0,0.8166666666666667,0.8166666666666667,1.4370002521,8.20000042,382.3,417.20000000000005,16.218101665996073,300,0,0,0,0,1.0,0.0,0.0,0.0,0.0,1.0,17.843333333333334,0.0,0.0,0.0,0.0,0.0,,0.0,0.0,15.988427126991155,0.009777906998351682,0.0,0.2181769660091959,16.216381999998703,15.988427126991155,0.2181769660091959
20260703_185002_516173,b0da4d9216a2bbfcc818675c756bd436b7c3e50f537880fa75c56fd8774d8151,28,2187632419,2184921354,2187632419,8,300,50,60,5,30,10.0,120,current,Optimized Pattern Generator,dynamic_session,Dynamic Session Pattern Assignment,50,6,360,9f774c42a7462ff9a80b41fa617780757c213ed8f15474abc9195c91778a9bb9,3699990525,cf552c8f72ed7a3e77172bd15782ce08bfdcc37252a374c51130e70af5dd051a,True,nomura_original_interval_hungarian,A2) Corr+DTW + Hungarian,False,300,300,0,0.0,300,271,0,0.9033333333333333,0.9033333333333333,0.08973832578666302,0.4117954395925142,382.3,417.20000000000005,23.830715292002424,300,0,0,0,0,1.0,0.0,0.0,0.0,0.0,1.0,17.843333333333334,0.0,0.0,0.0,0.0,0.0,,0.0,0.0,15.968070461967727,7.645710409000458,0.0,0.21525029603071744,23.829031166998902,15.968070461967727,0.21525029603071744
20260703_185002_516173,b0da4d9216a2bbfcc818675c756bd436b7c3e50f537880fa75c56fd8774d8151,28,2187632419,2176353888,2187632419,8,300,50,60,5,30,10.0,120,current,Optimized Pattern Generator,dynamic_session,Dynamic Session Pattern Assignment,50,6,360,9f774c42a7462ff9a80b41fa617780757c213ed8f15474abc9195c91778a9bb9,3699990525,cf552c8f72ed7a3e77172bd15782ce08bfdcc37252a374c51130e70af5dd051a,True,nomura_original_interval_hungarian_dtw_off,A2 Ablation) DTW Off (Corr-only),False,300,300,0,0.0,300,274,0,0.9133333333333333,0.9133333333333333,0.08030121778049218,0.29425518069862444,382.3,417.20000000000005,23.840857165996567,300,0,0,0,0,1.0,0.0,0.0,0.0,0.0,1.0,17.843333333333334,0.0,0.0,0.0,0.0,0.0,,0.0,0.0,15.986903074968723,7.635344503018132,0.0,0.21699038000951987,23.839237957996374,15.986903074968723,0.21699038000951987
20260703_185002_516173,b0da4d9216a2bbfcc818675c756bd436b7c3e50f537880fa75c56fd8774d8151,28,2187632419,1055930892,2187632419,8,300,50,60,5,30,10.0,120,current,Optimized Pattern Generator,dynamic_session,Dynamic Session Pattern Assignment,50,6,360,9f774c42a7462ff9a80b41fa617780757c213ed8f15474abc9195c91778a9bb9,3699990525,cf552c8f72ed7a3e77172bd15782ce08bfdcc37252a374c51130e70af5dd051a,True,nomura_original_interval_hungarian_corr_off,A2 Ablation) Corr Off (DTW-only),False,300,300,0,0.0,300,246,0,0.82,0.82,0.0010595508077343107,0.14428484078693543,382.3,417.20000000000005,23.90442299999995,300,0,0,0,0,1.0,0.0,0.0,0.0,0.0,1.0,17.843333333333334,0.0,0.0,0.0,0.0,0.0,,0.0,0.0,15.993726831875392,7.675410916075634,0.0,0.23352741805138066,23.902665166002407,15.993726831875392,0.23352741805138066
20260703_185002_516173,b0da4d9216a2bbfcc818675c756bd436b7c3e50f537880fa75c56fd8774d8151,28,2187632419,542446183,2187632419,8,300,50,60,5,30,10.0,120,current,Optimized Pattern Generator,dynamic_session,Dynamic Session Pattern Assignment,50,6,360,9f774c42a7462ff9a80b41fa617780757c213ed8f15474abc9195c91778a9bb9,3699990525,cf552c8f72ed7a3e77172bd15782ce08bfdcc37252a374c51130e70af5dd051a,True,nomura_original_interval_hungarian_all_off,A2 Ablation) All Waveform Terms Off,False,300,300,0,0.0,300,245,0,0.8166666666666667,0.8166666666666667,1.4370002521,8.20000042,382.3,417.20000000000005,16.165498708003724,300,0,0,0,0,1.0,0.0,0.0,0.0,0.0,1.0,17.843333333333334,0.0,0.0,0.0,0.0,0.0,,0.0,0.0,15.937418666107988,0.009575272051733918,0.0,0.21684377083875006,16.16383770899847,15.937418666107988,0.21684377083875006
20260703_185002_516173,b0da4d9216a2bbfcc818675c756bd436b7c3e50f537880fa75c56fd8774d8151,28,2187632419,1367392790,2187632419,8,300,50,60,5,30,10.0,120,current,Optimized Pattern Generator,dynamic_session,Dynamic Session Pattern Assignment,50,6,360,9f774c42a7462ff9a80b41fa617780757c213ed8f15474abc9195c91778a9bb9,3699990525,cf552c8f72ed7a3e77172bd15782ce08bfdcc37252a374c51130e70af5dd051a,True,bayesian_windowed,A3) Bayesian Posterior + Hungarian + Lock,False,300,300,0,0.0,300,297,0,0.99,0.99,0.3478605824773038,1.3972984731388056,382.3,417.20000000000005,18.969926041005237,300,0,0,0,0,1.0,0.0,0.0,0.0,0.0,1.0,17.843333333333334,0.0,0.0,0.0,0.0,0.0,,0.0,0.0,15.989144508035679,2.7645990409655496,0.0,0.21451103500294266,18.96825458400417,15.989144508035679,0.21451103500294266
20260703_185002_516173,b0da4d9216a2bbfcc818675c756bd436b7c3e50f537880fa75c56fd8774d8151,28,2187632419,1856414597,2187632419,8,300,50,60,5,30,10.0,120,current,Optimized Pattern Generator,dynamic_session,Dynamic Session Pattern Assignment,50,6,360,9f774c42a7462ff9a80b41fa617780757c213ed8f15474abc9195c91778a9bb9,3699990525,cf552c8f72ed7a3e77172bd15782ce08bfdcc37252a374c51130e70af5dd051a,True,bayesian_windowed_lock_off,A3 Ablation) Lock Off,False,300,300,0,0.0,300,297,0,0.99,0.99,0.34787087313099796,1.3972984731388056,382.3,417.20000000000005,19.03139183299936,300,0,0,0,0,1.0,0.0,0.0,0.0,0.0,1.0,17.843333333333334,0.0,0.0,0.0,0.0,0.0,,0.0,0.0,16.04317432094831,2.767440531992179,0.0,0.21907756405562395,19.029692416996113,16.04317432094831,0.21907756405562395
20260703_185002_516173,b0da4d9216a2bbfcc818675c756bd436b7c3e50f537880fa75c56fd8774d8151,28,2187632419,1977915776,2187632419,8,300,50,60,5,30,10.0,120,current,Optimized Pattern Generator,dynamic_session,Dynamic Session Pattern Assignment,50,6,360,9f774c42a7462ff9a80b41fa617780757c213ed8f15474abc9195c91778a9bb9,3699990525,cf552c8f72ed7a3e77172bd15782ce08bfdcc37252a374c51130e70af5dd051a,True,bayesian_windowed_memory_off,A3 Ablation) Posterior Memory Off,False,300,300,0,0.0,300,289,0,0.9633333333333334,0.9633333333333334,0.6209299988609468,1.8450119880552152,382.3,417.20000000000005,18.934437332995003,300,0,0,0,0,1.0,0.0,0.0,0.0,0.0,1.0,17.843333333333334,0.0,0.0,0.0,0.0,0.0,,0.0,0.0,15.933964666066458,2.7656170440022834,0.0,0.23312395692482824,18.93270566699357,15.933964666066458,0.23312395692482824
20260703_185002_516173,b0da4d9216a2bbfcc818675c756bd436b7c3e50f537880fa75c56fd8774d8151,28,2187632419,2395032880,2187632419,8,300,50,60,5,30,10.0,120,current,Optimized Pattern Generator,dynamic_session,Dynamic Session Pattern Assignment,50,6,360,9f774c42a7462ff9a80b41fa617780757c213ed8f15474abc9195c91778a9bb9,3699990525,cf552c8f72ed7a3e77172bd15782ce08bfdcc37252a374c51130e70af5dd051a,True,bayesian_windowed_timeprior_off,A3 Ablation) Time Prior Off,False,300,300,0,0.0,300,297,0,0.99,0.99,0.3502921446967957,1.3972984731388056,382.3,417.20000000000005,18.960309958994912,300,0,0,0,0,1.0,0.0,0.0,0.0,0.0,1.0,17.843333333333334,0.0,0.0,0.0,0.0,0.0,,0.0,0.0,15.96688475296105,2.7732662729831645,0.0,0.21843497405643575,18.95858600000065,15.96688475296105,0.21843497405643575
20260703_185002_516173,b0da4d9216a2bbfcc818675c756bd436b7c3e50f537880fa75c56fd8774d8151,28,2187632419,433795910,2187632419,8,300,50,60,5,30,10.0,120,current,Optimized Pattern Generator,dynamic_session,Dynamic Session Pattern Assignment,50,6,360,9f774c42a7462ff9a80b41fa617780757c213ed8f15474abc9195c91778a9bb9,3699990525,cf552c8f72ed7a3e77172bd15782ce08bfdcc37252a374c51130e70af5dd051a,True,bayesian_windowed_all_off,A3 Ablation) Time Prior + Memory + Lock Off,False,300,300,0,0.0,300,289,0,0.9633333333333334,0.9633333333333334,0.6221512860125672,1.8450119880552152,382.3,417.20000000000005,19.012114416997065,300,0,0,0,0,1.0,0.0,0.0,0.0,0.0,1.0,17.843333333333334,0.0,0.0,0.0,0.0,0.0,,0.0,0.0,16.023958551013493,2.7667252469764207,0.0,0.21973345200967742,19.01041724999959,16.023958551013493,0.21973345200967742
20260703_185002_516173,b0da4d9216a2bbfcc818675c756bd436b7c3e50f537880fa75c56fd8774d8151,29,2187632420,1233724808,2187632420,9,300,50,60,5,30,10.0,120,current,Optimized Pattern Generator,dynamic_session,Dynamic Session Pattern Assignment,50,6,360,f84ea4bb41f2353ed52ebac5e83d0ac6602110e5d60410af385c49d8f9de5ffa,3699990522,eead485780d14519c3160b624e2cee1397ef2755d94d43fa0513f6559b645beb,True,single_only,A1) Refined Cost + Greedy 1:1,True,300,300,0,0.0,300,286,0,0.9533333333333334,0.9533333333333334,1.072403176464851,4.923051897536057,382.4,424.1,19.03582091700082,300,0,0,0,0,1.0,0.0,0.0,0.0,0.0,1.0,17.6,0.0,0.0,0.0,0.0,0.0,,0.0,0.0,15.73359311598324,3.077834358009568,0.0,0.22278877600183478,19.034216249994643,15.73359311598324,0.22278877600183478
20260703_185002_516173,b0da4d9216a2bbfcc818675c756bd436b7c3e50f537880fa75c56fd8774d8151,29,2187632420,1545686450,2187632420,9,300,50,60,5,30,10.0,120,current,Optimized Pattern Generator,dynamic_session,Dynamic Session Pattern Assignment,50,6,360,f84ea4bb41f2353ed52ebac5e83d0ac6602110e5d60410af385c49d8f9de5ffa,3699990522,eead485780d14519c3160b624e2cee1397ef2755d94d43fa0513f6559b645beb,True,single_only_dtw_off,A1 Ablation) DTW Off,False,300,300,0,0.0,300,284,0,0.9466666666666667,0.9466666666666667,0.8393335994666667,4.3133336333333325,382.4,424.1,19.0039826659995,300,0,0,0,0,1.0,0.0,0.0,0.0,0.0,1.0,17.6,0.0,0.0,0.0,0.0,0.0,,0.0,0.0,15.70553879095678,3.0817274889122928,0.0,0.21509880313533358,19.002365083004406,15.70553879095678,0.21509880313533358
20260703_185002_516173,b0da4d9216a2bbfcc818675c756bd436b7c3e50f537880fa75c56fd8774d8151,29,2187632420,866312258,2187632420,9,300,50,60,5,30,10.0,120,current,Optimized Pattern Generator,dynamic_session,Dynamic Session Pattern Assignment,50,6,360,f84ea4bb41f2353ed52ebac5e83d0ac6602110e5d60410af385c49d8f9de5ffa,3699990522,eead485780d14519c3160b624e2cee1397ef2755d94d43fa0513f6559b645beb,True,single_only_step_off,A1 Ablation) Step Signature Off,False,300,300,0,0.0,300,261,0,0.87,0.87,0.19538696454932564,1.059072446626308,382.4,424.1,19.05583279200073,300,0,0,0,0,1.0,0.0,0.0,0.0,0.0,1.0,17.6,0.0,0.0,0.0,0.0,0.0,,0.0,0.0,15.762284591022762,3.0729644410530454,0.0,0.2188403429245227,19.05408937500033,15.762284591022762,0.2188403429245227
20260703_185002_516173,b0da4d9216a2bbfcc818675c756bd436b7c3e50f537880fa75c56fd8774d8151,29,2187632420,1815193622,2187632420,9,300,50,60,5,30,10.0,120,current,Optimized Pattern Generator,dynamic_session,Dynamic Session Pattern Assignment,50,6,360,f84ea4bb41f2353ed52ebac5e83d0ac6602110e5d60410af385c49d8f9de5ffa,3699990522,eead485780d14519c3160b624e2cee1397ef2755d94d43fa0513f6559b645beb,True,single_only_all_off,A1 Ablation) All Waveform Terms Off,False,300,300,0,0.0,300,240,0,0.8,0.8,1.433666923,8.200001170000002,382.4,424.1,15.916739332998986,300,0,0,0,0,1.0,0.0,0.0,0.0,0.0,1.0,17.6,0.0,0.0,0.0,0.0,0.0,,0.0,0.0,15.671736285963561,0.009477959058131091,0.0,0.2339309209783096,15.915145166000002,15.671736285963561,0.2339309209783096
20260703_185002_516173,b0da4d9216a2bbfcc818675c756bd436b7c3e50f537880fa75c56fd8774d8151,29,2187632420,2184921357,2187632420,9,300,50,60,5,30,10.0,120,current,Optimized Pattern Generator,dynamic_session,Dynamic Session Pattern Assignment,50,6,360,f84ea4bb41f2353ed52ebac5e83d0ac6602110e5d60410af385c49d8f9de5ffa,3699990522,eead485780d14519c3160b624e2cee1397ef2755d94d43fa0513f6559b645beb,True,nomura_original_interval_hungarian,A2) Corr+DTW + Hungarian,False,300,300,0,0.0,300,267,0,0.89,0.89,0.08607239166946484,0.4658793407900886,382.4,424.1,23.48297950000415,300,0,0,0,0,1.0,0.0,0.0,0.0,0.0,1.0,17.6,0.0,0.0,0.0,0.0,0.0,,0.0,0.0,15.73504331800359,7.530871360962919,0.0,0.21531323803355917,23.48122791700007,15.73504331800359,0.21531323803355917
20260703_185002_516173,b0da4d9216a2bbfcc818675c756bd436b7c3e50f537880fa75c56fd8774d8151,29,2187632420,2176353895,2187632420,9,300,50,60,5,30,10.0,120,current,Optimized Pattern Generator,dynamic_session,Dynamic Session Pattern Assignment,50,6,360,f84ea4bb41f2353ed52ebac5e83d0ac6602110e5d60410af385c49d8f9de5ffa,3699990522,eead485780d14519c3160b624e2cee1397ef2755d94d43fa0513f6559b645beb,True,nomura_original_interval_hungarian_dtw_off,A2 Ablation) DTW Off (Corr-only),False,300,300,0,0.0,300,264,0,0.88,0.88,0.07748140417569602,0.33359042173323467,382.4,424.1,23.527314332997776,300,0,0,0,0,1.0,0.0,0.0,0.0,0.0,1.0,17.6,0.0,0.0,0.0,0.0,0.0,,0.0,0.0,15.770318505034084,7.533747989975382,0.0,0.22147450499323895,23.525541000002704,15.770318505034084,0.22147450499323895
20260703_185002_516173,b0da4d9216a2bbfcc818675c756bd436b7c3e50f537880fa75c56fd8774d8151,29,2187632420,1055930891,2187632420,9,300,50,60,5,30,10.0,120,current,Optimized Pattern Generator,dynamic_session,Dynamic Session Pattern Assignment,50,6,360,f84ea4bb41f2353ed52ebac5e83d0ac6602110e5d60410af385c49d8f9de5ffa,3699990522,eead485780d14519c3160b624e2cee1397ef2755d94d43fa0513f6559b645beb,True,nomura_original_interval_hungarian_corr_off,A2 Ablation) Corr Off (DTW-only),False,300,300,0,0.0,300,246,0,0.82,0.82,0.0016641029886877796,0.3193182767526613,382.4,424.1,23.498831042001257,300,0,0,0,0,1.0,0.0,0.0,0.0,0.0,1.0,17.6,0.0,0.0,0.0,0.0,0.0,,0.0,0.0,15.697444950004865,7.559887415052799,0.0,0.23975121793773724,23.4970835829954,15.697444950004865,0.23975121793773724
20260703_185002_516173,b0da4d9216a2bbfcc818675c756bd436b7c3e50f537880fa75c56fd8774d8151,29,2187632420,542446176,2187632420,9,300,50,60,5,30,10.0,120,current,Optimized Pattern Generator,dynamic_session,Dynamic Session Pattern Assignment,50,6,360,f84ea4bb41f2353ed52ebac5e83d0ac6602110e5d60410af385c49d8f9de5ffa,3699990522,eead485780d14519c3160b624e2cee1397ef2755d94d43fa0513f6559b645beb,True,nomura_original_interval_hungarian_all_off,A2 Ablation) All Waveform Terms Off,False,300,300,0,0.0,300,240,0,0.8,0.8,1.433666923,8.200001170000002,382.4,424.1,15.96227366700623,300,0,0,0,0,1.0,0.0,0.0,0.0,0.0,1.0,17.6,0.0,0.0,0.0,0.0,0.0,,0.0,0.0,15.729143711003417,0.00978762103477493,0.0,0.22156450096372282,15.960495833001914,15.729143711003417,0.22156450096372282
20260703_185002_516173,b0da4d9216a2bbfcc818675c756bd436b7c3e50f537880fa75c56fd8774d8151,29,2187632420,1367392785,2187632420,9,300,50,60,5,30,10.0,120,current,Optimized Pattern Generator,dynamic_session,Dynamic Session Pattern Assignment,50,6,360,f84ea4bb41f2353ed52ebac5e83d0ac6602110e5d60410af385c49d8f9de5ffa,3699990522,eead485780d14519c3160b624e2cee1397ef2755d94d43fa0513f6559b645beb,True,bayesian_windowed,A3) Bayesian Posterior + Hungarian + Lock,False,300,300,0,0.0,300,293,0,0.9766666666666667,0.9766666666666667,0.3567182016262071,1.1872771770152826,382.4,424.1,18.682585583002947,300,0,0,0,0,1.0,0.0,0.0,0.0,0.0,1.0,17.6,0.0,0.0,0.0,0.0,0.0,,0.0,0.0,15.726782912985072,2.7294509479470435,0.0,0.22460759807290742,18.680841459005023,15.726782912985072,0.22460759807290742
20260703_185002_516173,b0da4d9216a2bbfcc818675c756bd436b7c3e50f537880fa75c56fd8774d8151,29,2187632420,1856414594,2187632420,9,300,50,60,5,30,10.0,120,current,Optimized Pattern Generator,dynamic_session,Dynamic Session Pattern Assignment,50,6,360,f84ea4bb41f2353ed52ebac5e83d0ac6602110e5d60410af385c49d8f9de5ffa,3699990522,eead485780d14519c3160b624e2cee1397ef2755d94d43fa0513f6559b645beb,True,bayesian_windowed_lock_off,A3 Ablation) Lock Off,False,300,300,0,0.0,300,293,0,0.9766666666666667,0.9766666666666667,0.3567268427099016,1.1872771770152826,382.4,424.1,18.703619957996125,300,0,0,0,0,1.0,0.0,0.0,0.0,0.0,1.0,17.6,0.0,0.0,0.0,0.0,0.0,,0.0,0.0,15.755394082982093,2.7254264951261575,0.0,0.2210189628895023,18.701839540997753,15.755394082982093,0.2210189628895023
20260703_185002_516173,b0da4d9216a2bbfcc818675c756bd436b7c3e50f537880fa75c56fd8774d8151,29,2187632420,1977915783,2187632420,9,300,50,60,5,30,10.0,120,current,Optimized Pattern Generator,dynamic_session,Dynamic Session Pattern Assignment,50,6,360,f84ea4bb41f2353ed52ebac5e83d0ac6602110e5d60410af385c49d8f9de5ffa,3699990522,eead485780d14519c3160b624e2cee1397ef2755d94d43fa0513f6559b645beb,True,bayesian_windowed_memory_off,A3 Ablation) Posterior Memory Off,False,300,300,0,0.0,300,286,0,0.9533333333333334,0.9533333333333334,0.6324881579610241,1.547113215718888,382.4,424.1,18.703498709000996,300,0,0,0,0,1.0,0.0,0.0,0.0,0.0,1.0,17.6,0.0,0.0,0.0,0.0,0.0,,0.0,0.0,15.735765081968566,2.7270577830131515,0.0,0.23892667701875325,18.70174954200047,15.735765081968566,0.23892667701875325
20260703_185002_516173,b0da4d9216a2bbfcc818675c756bd436b7c3e50f537880fa75c56fd8774d8151,29,2187632420,2395032887,2187632420,9,300,50,60,5,30,10.0,120,current,Optimized Pattern Generator,dynamic_session,Dynamic Session Pattern Assignment,50,6,360,f84ea4bb41f2353ed52ebac5e83d0ac6602110e5d60410af385c49d8f9de5ffa,3699990522,eead485780d14519c3160b624e2cee1397ef2755d94d43fa0513f6559b645beb,True,bayesian_windowed_timeprior_off,A3 Ablation) Time Prior Off,False,300,300,0,0.0,300,293,0,0.9766666666666667,0.9766666666666667,0.3593740844242327,1.1970170511869698,382.4,424.1,18.741394832999504,300,0,0,0,0,1.0,0.0,0.0,0.0,0.0,1.0,17.6,0.0,0.0,0.0,0.0,0.0,,0.0,0.0,15.790326543938136,2.729056870986824,0.0,0.22026746007759357,18.739650875002553,15.790326543938136,0.22026746007759357
20260703_185002_516173,b0da4d9216a2bbfcc818675c756bd436b7c3e50f537880fa75c56fd8774d8151,29,2187632420,433795905,2187632420,9,300,50,60,5,30,10.0,120,current,Optimized Pattern Generator,dynamic_session,Dynamic Session Pattern Assignment,50,6,360,f84ea4bb41f2353ed52ebac5e83d0ac6602110e5d60410af385c49d8f9de5ffa,3699990522,eead485780d14519c3160b624e2cee1397ef2755d94d43fa0513f6559b645beb,True,bayesian_windowed_all_off,A3 Ablation) Time Prior + Memory + Lock Off,False,300,300,0,0.0,300,286,0,0.9533333333333334,0.9533333333333334,0.6337744278060938,1.547113215718888,382.4,424.1,18.69823991600424,300,0,0,0,0,1.0,0.0,0.0,0.0,0.0,1.0,17.6,0.0,0.0,0.0,0.0,0.0,,0.0,0.0,15.74539920702955,2.7305012110082316,0.0,0.22064520696585532,18.696545625003637,15.74539920702955,0.22064520696585532
20260703_185002_516173,b0da4d9216a2bbfcc818675c756bd436b7c3e50f537880fa75c56fd8774d8151,30,2187632421,1233724809,2187632421,10,300,50,60,5,30,10.0,120,current,Optimized Pattern Generator,dynamic_session,Dynamic Session Pattern Assignment,50,6,360,69aac4c6106025a14d27e8683e7686f59bffa3cccdcc41dc4734da4a7b04c02c,3699990523,faea11c91c22dbe268ba13215606d146850e069e24d99a3f002843556704f2fc,True,single_only,A1) Refined Cost + Greedy 1:1,True,300,300,0,0.0,300,284,0,0.9466666666666667,0.9466666666666667,1.1285329044145,4.960264303484595,381.7733333333333,422.20000000000005,18.571248333006224,300,0,0,0,0,1.0,0.0,0.0,0.0,0.0,1.0,17.14666666666667,0.0,0.0,0.0,0.0,0.0,,0.0,0.0,15.355038993984635,2.9921696199817234,0.0,0.22236034503293922,18.569568958999298,15.355038993984635,0.22236034503293922
20260703_185002_516173,b0da4d9216a2bbfcc818675c756bd436b7c3e50f537880fa75c56fd8774d8151,30,2187632421,1545686451,2187632421,10,300,50,60,5,30,10.0,120,current,Optimized Pattern Generator,dynamic_session,Dynamic Session Pattern Assignment,50,6,360,69aac4c6106025a14d27e8683e7686f59bffa3cccdcc41dc4734da4a7b04c02c,3699990523,faea11c91c22dbe268ba13215606d146850e069e24d99a3f002843556704f2fc,True,single_only_dtw_off,A1 Ablation) DTW Off,False,300,300,0,0.0,300,277,0,0.9233333333333333,0.9233333333333333,0.8597780461111112,3.6800001399999998,381.7733333333333,422.20000000000005,18.596994208994147,300,0,0,0,0,1.0,0.0,0.0,0.0,0.0,1.0,17.14666666666667,0.0,0.0,0.0,0.0,0.0,,0.0,0.0,15.382726754934993,2.9941651269618887,0.0,0.21843966010783333,18.595331542004715,15.382726754934993,0.21843966010783333
20260703_185002_516173,b0da4d9216a2bbfcc818675c756bd436b7c3e50f537880fa75c56fd8774d8151,30,2187632421,866312259,2187632421,10,300,50,60,5,30,10.0,120,current,Optimized Pattern Generator,dynamic_session,Dynamic Session Pattern Assignment,50,6,360,69aac4c6106025a14d27e8683e7686f59bffa3cccdcc41dc4734da4a7b04c02c,3699990523,faea11c91c22dbe268ba13215606d146850e069e24d99a3f002843556704f2fc,True,single_only_step_off,A1 Ablation) Step Signature Off,False,300,300,0,0.0,300,261,0,0.87,0.87,0.20977969169047597,1.2385806599774802,381.7733333333333,422.20000000000005,18.569261958000425,300,0,0,0,0,1.0,0.0,0.0,0.0,0.0,1.0,17.14666666666667,0.0,0.0,0.0,0.0,0.0,,0.0,0.0,15.35398650902789,2.99208739601454,0.0,0.22154288696037838,18.56761679200281,15.35398650902789,0.22154288696037838
20260703_185002_516173,b0da4d9216a2bbfcc818675c756bd436b7c3e50f537880fa75c56fd8774d8151,30,2187632421,1815193623,2187632421,10,300,50,60,5,30,10.0,120,current,Optimized Pattern Generator,dynamic_session,Dynamic Session Pattern Assignment,50,6,360,69aac4c6106025a14d27e8683e7686f59bffa3cccdcc41dc4734da4a7b04c02c,3699990523,faea11c91c22dbe268ba13215606d146850e069e24d99a3f002843556704f2fc,True,single_only_all_off,A1 Ablation) All Waveform Terms Off,False,300,300,0,0.0,300,225,0,0.75,0.75,1.393333599,7.300000140000001,381.7733333333333,422.20000000000005,15.518161415995564,300,0,0,0,0,1.0,0.0,0.0,0.0,0.0,1.0,17.14666666666667,0.0,0.0,0.0,0.0,0.0,,0.0,0.0,15.277715426986106,0.009303238955908455,0.0,0.22950708405551268,15.516525749997527,15.277715426986106,0.22950708405551268
20260703_185002_516173,b0da4d9216a2bbfcc818675c756bd436b7c3e50f537880fa75c56fd8774d8151,30,2187632421,2184921356,2187632421,10,300,50,60,5,30,10.0,120,current,Optimized Pattern Generator,dynamic_session,Dynamic Session Pattern Assignment,50,6,360,69aac4c6106025a14d27e8683e7686f59bffa3cccdcc41dc4734da4a7b04c02c,3699990523,faea11c91c22dbe268ba13215606d146850e069e24d99a3f002843556704f2fc,True,nomura_original_interval_hungarian,A2) Corr+DTW + Hungarian,False,300,300,0,0.0,300,275,0,0.9166666666666666,0.9166666666666666,0.09195675501097929,0.4255320315471875,381.7733333333333,422.20000000000005,22.928288541996153,300,0,0,0,0,1.0,0.0,0.0,0.0,0.0,1.0,17.14666666666667,0.0,0.0,0.0,0.0,0.0,,0.0,0.0,15.335021070983203,7.369687863916624,0.0,0.22197581510408781,22.926684750003915,15.335021070983203,0.22197581510408781
20260703_185002_516173,b0da4d9216a2bbfcc818675c756bd436b7c3e50f537880fa75c56fd8774d8151,30,2187632421,2176353894,2187632421,10,300,50,60,5,30,10.0,120,current,Optimized Pattern Generator,dynamic_session,Dynamic Session Pattern Assignment,50,6,360,69aac4c6106025a14d27e8683e7686f59bffa3cccdcc41dc4734da4a7b04c02c,3699990523,faea11c91c22dbe268ba13215606d146850e069e24d99a3f002843556704f2fc,True,nomura_original_interval_hungarian_dtw_off,A2 Ablation) DTW Off (Corr-only),False,300,300,0,0.0,300,265,0,0.8833333333333333,0.8833333333333333,0.08133070786662515,0.3588998421486487,381.7733333333333,422.20000000000005,22.94460004200664,300,0,0,0,0,1.0,0.0,0.0,0.0,0.0,1.0,17.14666666666667,0.0,0.0,0.0,0.0,0.0,,0.0,0.0,15.33032929799083,7.397917991991562,0.0,0.214651626018167,22.94289891600056,15.33032929799083,0.214651626018167
20260703_185002_516173,b0da4d9216a2bbfcc818675c756bd436b7c3e50f537880fa75c56fd8774d8151,30,2187632421,1055930890,2187632421,10,300,50,60,5,30,10.0,120,current,Optimized Pattern Generator,dynamic_session,Dynamic Session Pattern Assignment,50,6,360,69aac4c6106025a14d27e8683e7686f59bffa3cccdcc41dc4734da4a7b04c02c,3699990523,faea11c91c22dbe268ba13215606d146850e069e24d99a3f002843556704f2fc,True,nomura_original_interval_hungarian_corr_off,A2 Ablation) Corr Off (DTW-only),False,300,300,0,0.0,300,248,0,0.8266666666666667,0.8266666666666667,0.0018996049184872876,0.13058052767351855,381.7733333333333,422.20000000000005,23.01467408300232,300,0,0,0,0,1.0,0.0,0.0,0.0,0.0,1.0,17.14666666666667,0.0,0.0,0.0,0.0,0.0,,0.0,0.0,15.371228253934532,7.408026441968104,0.0,0.23370255409099627,23.012957249993633,15.371228253934532,0.23370255409099627
20260703_185002_516173,b0da4d9216a2bbfcc818675c756bd436b7c3e50f537880fa75c56fd8774d8151,30,2187632421,542446177,2187632421,10,300,50,60,5,30,10.0,120,current,Optimized Pattern Generator,dynamic_session,Dynamic Session Pattern Assignment,50,6,360,69aac4c6106025a14d27e8683e7686f59bffa3cccdcc41dc4734da4a7b04c02c,3699990523,faea11c91c22dbe268ba13215606d146850e069e24d99a3f002843556704f2fc,True,nomura_original_interval_hungarian_all_off,A2 Ablation) All Waveform Terms Off,False,300,300,0,0.0,300,225,0,0.75,0.75,1.393333599,7.300000140000001,381.7733333333333,422.20000000000005,15.497492832997523,300,0,0,0,0,1.0,0.0,0.0,0.0,0.0,1.0,17.14666666666667,0.0,0.0,0.0,0.0,0.0,,0.0,0.0,15.266431074938737,0.009240237006451935,0.0,0.2201465630569146,15.495817875002103,15.266431074938737,0.2201465630569146
20260703_185002_516173,b0da4d9216a2bbfcc818675c756bd436b7c3e50f537880fa75c56fd8774d8151,30,2187632421,1367392784,2187632421,10,300,50,60,5,30,10.0,120,current,Optimized Pattern Generator,dynamic_session,Dynamic Session Pattern Assignment,50,6,360,69aac4c6106025a14d27e8683e7686f59bffa3cccdcc41dc4734da4a7b04c02c,3699990523,faea11c91c22dbe268ba13215606d146850e069e24d99a3f002843556704f2fc,True,bayesian_windowed,A3) Bayesian Posterior + Hungarian + Lock,False,300,300,0,0.0,300,294,0,0.98,0.98,0.38656054880038576,1.6917549213109149,381.7733333333333,422.20000000000005,18.250135791000503,300,0,0,0,0,1.0,0.0,0.0,0.0,0.0,1.0,17.14666666666667,0.0,0.0,0.0,0.0,0.0,,0.0,0.0,15.364851578007801,2.668900121927436,0.0,0.21470667506218888,18.248458374997426,15.364851578007801,0.21470667506218888
20260703_185002_516173,b0da4d9216a2bbfcc818675c756bd436b7c3e50f537880fa75c56fd8774d8151,30,2187632421,1856414595,2187632421,10,300,50,60,5,30,10.0,120,current,Optimized Pattern Generator,dynamic_session,Dynamic Session Pattern Assignment,50,6,360,69aac4c6106025a14d27e8683e7686f59bffa3cccdcc41dc4734da4a7b04c02c,3699990523,faea11c91c22dbe268ba13215606d146850e069e24d99a3f002843556704f2fc,True,bayesian_windowed_lock_off,A3 Ablation) Lock Off,False,300,300,0,0.0,300,294,0,0.98,0.98,0.3865676422652067,1.6917549213109149,381.7733333333333,422.20000000000005,18.287621957999363,300,0,0,0,0,1.0,0.0,0.0,0.0,0.0,1.0,17.14666666666667,0.0,0.0,0.0,0.0,0.0,,0.0,0.0,15.399801872998069,2.6663409969987697,0.0,0.2198202970030252,18.285963166999863,15.399801872998069,0.2198202970030252
20260703_185002_516173,b0da4d9216a2bbfcc818675c756bd436b7c3e50f537880fa75c56fd8774d8151,30,2187632421,1977915782,2187632421,10,300,50,60,5,30,10.0,120,current,Optimized Pattern Generator,dynamic_session,Dynamic Session Pattern Assignment,50,6,360,69aac4c6106025a14d27e8683e7686f59bffa3cccdcc41dc4734da4a7b04c02c,3699990523,faea11c91c22dbe268ba13215606d146850e069e24d99a3f002843556704f2fc,True,bayesian_windowed_memory_off,A3 Ablation) Posterior Memory Off,False,300,300,0,0.0,300,284,0,0.9466666666666667,0.9466666666666667,0.6446471332782575,2.20165183257686,381.7733333333333,422.20000000000005,18.251235292002093,300,0,0,0,0,1.0,0.0,0.0,0.0,0.0,1.0,17.14666666666667,0.0,0.0,0.0,0.0,0.0,,0.0,0.0,15.35583721807052,2.6613110389880603,0.0,0.2323597849390353,18.249508041997615,15.35583721807052,0.2323597849390353
20260703_185002_516173,b0da4d9216a2bbfcc818675c756bd436b7c3e50f537880fa75c56fd8774d8151,30,2187632421,2395032886,2187632421,10,300,50,60,5,30,10.0,120,current,Optimized Pattern Generator,dynamic_session,Dynamic Session Pattern Assignment,50,6,360,69aac4c6106025a14d27e8683e7686f59bffa3cccdcc41dc4734da4a7b04c02c,3699990523,faea11c91c22dbe268ba13215606d146850e069e24d99a3f002843556704f2fc,True,bayesian_windowed_timeprior_off,A3 Ablation) Time Prior Off,False,300,300,0,0.0,300,294,0,0.98,0.98,0.388938834567352,1.6917549213109149,381.7733333333333,422.20000000000005,18.23724145799497,300,0,0,0,0,1.0,0.0,0.0,0.0,0.0,1.0,17.14666666666667,0.0,0.0,0.0,0.0,0.0,,0.0,0.0,15.354587290981726,2.665407112945104,0.0,0.21555534606886795,18.235549749995698,15.354587290981726,0.21555534606886795
20260703_185002_516173,b0da4d9216a2bbfcc818675c756bd436b7c3e50f537880fa75c56fd8774d8151,30,2187632421,433795904,2187632421,10,300,50,60,5,30,10.0,120,current,Optimized Pattern Generator,dynamic_session,Dynamic Session Pattern Assignment,50,6,360,69aac4c6106025a14d27e8683e7686f59bffa3cccdcc41dc4734da4a7b04c02c,3699990523,faea11c91c22dbe268ba13215606d146850e069e24d99a3f002843556704f2fc,True,bayesian_windowed_all_off,A3 Ablation) Time Prior + Memory + Lock Off,False,300,300,0,0.0,300,284,0,0.9466666666666667,0.9466666666666667,0.6457657475201066,2.20165183257686,381.7733333333333,422.20000000000005,18.24761487499927,300,0,0,0,0,1.0,0.0,0.0,0.0,0.0,1.0,17.14666666666667,0.0,0.0,0.0,0.0,0.0,,0.0,0.0,15.363310753004043,2.66774247099238,0.0,0.2148576090039569,18.24591083300038,15.363310753004043,0.2148576090039569
20260703_185002_516173,b0da4d9216a2bbfcc818675c756bd436b7c3e50f537880fa75c56fd8774d8151,31,2187632422,1233724810,2187632422,11,300,50,60,5,30,10.0,120,current,Optimized Pattern Generator,dynamic_session,Dynamic Session Pattern Assignment,50,6,360,a956784306939af60b896ff62117723efba3f81f7a8eef83aefb4bea8948e9a4,3699990520,815c5a7e0b3bf3d2088b70ab48bf3b19351e20d2f387e6d419bd6f405ce5f32d,True,single_only,A1) Refined Cost + Greedy 1:1,True,300,300,0,0.0,300,290,0,0.9666666666666667,0.9666666666666667,1.065593956351502,5.254313377849153,380.77,411.30000000000007,19.504180167001323,300,0,0,0,0,1.0,0.0,0.0,0.0,0.0,1.0,18.026666666666667,0.0,0.0,0.0,0.0,0.0,,0.0,0.0,16.14477158003865,3.1389028631019755,0.0,0.21880305685772328,19.50247749999835,16.14477158003865,0.21880305685772328
20260703_185002_516173,b0da4d9216a2bbfcc818675c756bd436b7c3e50f537880fa75c56fd8774d8151,31,2187632422,1545686448,2187632422,11,300,50,60,5,30,10.0,120,current,Optimized Pattern Generator,dynamic_session,Dynamic Session Pattern Assignment,50,6,360,a956784306939af60b896ff62117723efba3f81f7a8eef83aefb4bea8948e9a4,3699990520,815c5a7e0b3bf3d2088b70ab48bf3b19351e20d2f387e6d419bd6f405ce5f32d,True,single_only_dtw_off,A1 Ablation) DTW Off,False,300,300,0,0.0,300,283,0,0.9433333333333334,0.9433333333333334,0.8149780355777778,3.823333453333333,380.77,411.30000000000007,19.557760834002693,300,0,0,0,0,1.0,0.0,0.0,0.0,0.0,1.0,18.026666666666667,0.0,0.0,0.0,0.0,0.0,,0.0,0.0,16.190782081008365,3.150080025989155,0.0,0.21517210200545378,19.556034209002974,16.190782081008365,0.21517210200545378
20260703_185002_516173,b0da4d9216a2bbfcc818675c756bd436b7c3e50f537880fa75c56fd8774d8151,31,2187632422,866312256,2187632422,11,300,50,60,5,30,10.0,120,current,Optimized Pattern Generator,dynamic_session,Dynamic Session Pattern Assignment,50,6,360,a956784306939af60b896ff62117723efba3f81f7a8eef83aefb4bea8948e9a4,3699990520,815c5a7e0b3bf3d2088b70ab48bf3b19351e20d2f387e6d419bd6f405ce5f32d,True,single_only_step_off,A1 Ablation) Step Signature Off,False,300,300,0,0.0,300,261,0,0.87,0.87,0.21523433769423092,1.1084475266162535,380.77,411.30000000000007,19.56770879100077,300,0,0,0,0,1.0,0.0,0.0,0.0,0.0,1.0,18.026666666666667,0.0,0.0,0.0,0.0,0.0,,0.0,0.0,16.199886700989737,3.144823741975415,0.0,0.22128780703496886,19.56599825000012,16.199886700989737,0.22128780703496886
20260703_185002_516173,b0da4d9216a2bbfcc818675c756bd436b7c3e50f537880fa75c56fd8774d8151,31,2187632422,1815193620,2187632422,11,300,50,60,5,30,10.0,120,current,Optimized Pattern Generator,dynamic_session,Dynamic Session Pattern Assignment,50,6,360,a956784306939af60b896ff62117723efba3f81f7a8eef83aefb4bea8948e9a4,3699990520,815c5a7e0b3bf3d2088b70ab48bf3b19351e20d2f387e6d419bd6f405ce5f32d,True,single_only_all_off,A1 Ablation) All Waveform Terms Off,False,300,300,0,0.0,300,240,0,0.8,0.8,1.2970002561333334,8.50000007,380.77,411.30000000000007,16.346694749998278,300,0,0,0,0,1.0,0.0,0.0,0.0,0.0,1.0,18.026666666666667,0.0,0.0,0.0,0.0,0.0,,0.0,0.0,16.10016396294668,0.009565443033352494,0.0,0.2352873440249823,16.345016750005016,16.10016396294668,0.2352873440249823
20260703_185002_516173,b0da4d9216a2bbfcc818675c756bd436b7c3e50f537880fa75c56fd8774d8151,31,2187632422,2184921359,2187632422,11,300,50,60,5,30,10.0,120,current,Optimized Pattern Generator,dynamic_session,Dynamic Session Pattern Assignment,50,6,360,a956784306939af60b896ff62117723efba3f81f7a8eef83aefb4bea8948e9a4,3699990520,815c5a7e0b3bf3d2088b70ab48bf3b19351e20d2f387e6d419bd6f405ce5f32d,True,nomura_original_interval_hungarian,A2) Corr+DTW + Hungarian,False,300,300,0,0.0,300,265,0,0.8833333333333333,0.8833333333333333,0.09700942281569551,0.5501616888104919,380.77,411.30000000000007,24.306945249998535,300,0,0,0,0,1.0,0.0,0.0,0.0,0.0,1.0,18.026666666666667,0.0,0.0,0.0,0.0,0.0,,0.0,0.0,16.316326002961432,7.768181956962508,0.0,0.22067458107630955,24.30518254100025,16.316326002961432,0.22067458107630955
20260703_185002_516173,b0da4d9216a2bbfcc818675c756bd436b7c3e50f537880fa75c56fd8774d8151,31,2187632422,2176353893,2187632422,11,300,50,60,5,30,10.0,120,current,Optimized Pattern Generator,dynamic_session,Dynamic Session Pattern Assignment,50,6,360,a956784306939af60b896ff62117723efba3f81f7a8eef83aefb4bea8948e9a4,3699990520,815c5a7e0b3bf3d2088b70ab48bf3b19351e20d2f387e6d419bd6f405ce5f32d,True,nomura_original_interval_hungarian_dtw_off,A2 Ablation) DTW Off (Corr-only),False,300,300,0,0.0,300,261,0,0.87,0.87,0.08478461638472223,0.3395504096259144,380.77,411.30000000000007,25.12591237500601,300,0,0,0,0,1.0,0.0,0.0,0.0,0.0,1.0,18.026666666666667,0.0,0.0,0.0,0.0,0.0,,0.0,0.0,16.993615131956176,7.903987531972234,0.0,0.2264318780726171,25.124034542001027,16.993615131956176,0.2264318780726171
20260703_185002_516173,b0da4d9216a2bbfcc818675c756bd436b7c3e50f537880fa75c56fd8774d8151,31,2187632422,1055930889,2187632422,11,300,50,60,5,30,10.0,120,current,Optimized Pattern Generator,dynamic_session,Dynamic Session Pattern Assignment,50,6,360,a956784306939af60b896ff62117723efba3f81f7a8eef83aefb4bea8948e9a4,3699990520,815c5a7e0b3bf3d2088b70ab48bf3b19351e20d2f387e6d419bd6f405ce5f32d,True,nomura_original_interval_hungarian_corr_off,A2 Ablation) Corr Off (DTW-only),False,300,300,0,0.0,300,239,0,0.7966666666666666,0.7966666666666666,0.0021451318120864035,0.23805469499467705,380.77,411.30000000000007,24.18489170799876,300,0,0,0,0,1.0,0.0,0.0,0.0,0.0,1.0,18.026666666666667,0.0,0.0,0.0,0.0,0.0,,0.0,0.0,16.223658782990242,7.734564698970644,0.0,0.2250037680423702,24.183227250003256,16.223658782990242,0.2250037680423702
20260703_185002_516173,b0da4d9216a2bbfcc818675c756bd436b7c3e50f537880fa75c56fd8774d8151,31,2187632422,542446178,2187632422,11,300,50,60,5,30,10.0,120,current,Optimized Pattern Generator,dynamic_session,Dynamic Session Pattern Assignment,50,6,360,a956784306939af60b896ff62117723efba3f81f7a8eef83aefb4bea8948e9a4,3699990520,815c5a7e0b3bf3d2088b70ab48bf3b19351e20d2f387e6d419bd6f405ce5f32d,True,nomura_original_interval_hungarian_all_off,A2 Ablation) All Waveform Terms Off,False,300,300,0,0.0,300,240,0,0.8,0.8,1.2970002561333334,8.50000007,380.77,411.30000000000007,16.31709404200228,300,0,0,0,0,1.0,0.0,0.0,0.0,0.0,1.0,18.026666666666667,0.0,0.0,0.0,0.0,0.0,,0.0,0.0,16.075882875084062,0.009486285111051984,0.0,0.22997213180497056,16.315341292000085,16.075882875084062,0.22997213180497056
20260703_185002_516173,b0da4d9216a2bbfcc818675c756bd436b7c3e50f537880fa75c56fd8774d8151,31,2187632422,1367392787,2187632422,11,300,50,60,5,30,10.0,120,current,Optimized Pattern Generator,dynamic_session,Dynamic Session Pattern Assignment,50,6,360,a956784306939af60b896ff62117723efba3f81f7a8eef83aefb4bea8948e9a4,3699990520,815c5a7e0b3bf3d2088b70ab48bf3b19351e20d2f387e6d419bd6f405ce5f32d,True,bayesian_windowed,A3) Bayesian Posterior + Hungarian + Lock,False,300,300,0,0.0,300,295,0,0.9833333333333333,0.9833333333333333,0.3765970671050985,1.5121487544436671,380.77,411.30000000000007,19.192767833003018,300,0,0,0,0,1.0,0.0,0.0,0.0,0.0,1.0,18.026666666666667,0.0,0.0,0.0,0.0,0.0,,0.0,0.0,16.18235424804152,2.792589994969603,0.0,0.21611879798729206,19.191063040998415,16.18235424804152,0.21611879798729206
20260703_185002_516173,b0da4d9216a2bbfcc818675c756bd436b7c3e50f537880fa75c56fd8774d8151,31,2187632422,1856414592,2187632422,11,300,50,60,5,30,10.0,120,current,Optimized Pattern Generator,dynamic_session,Dynamic Session Pattern Assignment,50,6,360,a956784306939af60b896ff62117723efba3f81f7a8eef83aefb4bea8948e9a4,3699990520,815c5a7e0b3bf3d2088b70ab48bf3b19351e20d2f387e6d419bd6f405ce5f32d,True,bayesian_windowed_lock_off,A3 Ablation) Lock Off,False,300,300,0,0.0,300,295,0,0.9833333333333333,0.9833333333333333,0.376616849619773,1.5121487544436671,380.77,411.30000000000007,19.217568083004153,300,0,0,0,0,1.0,0.0,0.0,0.0,0.0,1.0,18.026666666666667,0.0,0.0,0.0,0.0,0.0,,0.0,0.0,16.207083375033108,2.7939616210351232,0.0,0.2147694209270412,19.215814416995272,16.207083375033108,0.2147694209270412
20260703_185002_516173,b0da4d9216a2bbfcc818675c756bd436b7c3e50f537880fa75c56fd8774d8151,31,2187632422,1977915781,2187632422,11,300,50,60,5,30,10.0,120,current,Optimized Pattern Generator,dynamic_session,Dynamic Session Pattern Assignment,50,6,360,a956784306939af60b896ff62117723efba3f81f7a8eef83aefb4bea8948e9a4,3699990520,815c5a7e0b3bf3d2088b70ab48bf3b19351e20d2f387e6d419bd6f405ce5f32d,True,bayesian_windowed_memory_off,A3 Ablation) Posterior Memory Off,False,300,300,0,0.0,300,290,0,0.9666666666666667,0.9666666666666667,0.6504648879208387,1.943774288671105,380.77,411.30000000000007,19.34055383300438,300,0,0,0,0,1.0,0.0,0.0,0.0,0.0,1.0,18.026666666666667,0.0,0.0,0.0,0.0,0.0,,0.0,0.0,16.29096957602451,2.8070021980820457,0.0,0.2408583098949748,19.33883008400153,16.29096957602451,0.2408583098949748
20260703_185002_516173,b0da4d9216a2bbfcc818675c756bd436b7c3e50f537880fa75c56fd8774d8151,31,2187632422,2395032885,2187632422,11,300,50,60,5,30,10.0,120,current,Optimized Pattern Generator,dynamic_session,Dynamic Session Pattern Assignment,50,6,360,a956784306939af60b896ff62117723efba3f81f7a8eef83aefb4bea8948e9a4,3699990520,815c5a7e0b3bf3d2088b70ab48bf3b19351e20d2f387e6d419bd6f405ce5f32d,True,bayesian_windowed_timeprior_off,A3 Ablation) Time Prior Off,False,300,300,0,0.0,300,295,0,0.9833333333333333,0.9833333333333333,0.37839547211652963,1.5121487544436671,380.77,411.30000000000007,19.20875537500251,300,0,0,0,0,1.0,0.0,0.0,0.0,0.0,1.0,18.026666666666667,0.0,0.0,0.0,0.0,0.0,,0.0,0.0,16.201203292053833,2.790312995079148,0.0,0.21545133786275983,19.20696762499574,16.201203292053833,0.21545133786275983
20260703_185002_516173,b0da4d9216a2bbfcc818675c756bd436b7c3e50f537880fa75c56fd8774d8151,31,2187632422,433795907,2187632422,11,300,50,60,5,30,10.0,120,current,Optimized Pattern Generator,dynamic_session,Dynamic Session Pattern Assignment,50,6,360,a956784306939af60b896ff62117723efba3f81f7a8eef83aefb4bea8948e9a4,3699990520,815c5a7e0b3bf3d2088b70ab48bf3b19351e20d2f387e6d419bd6f405ce5f32d,True,bayesian_windowed_all_off,A3 Ablation) Time Prior + Memory + Lock Off,False,300,300,0,0.0,300,290,0,0.9666666666666667,0.9666666666666667,0.6515627616982704,1.943774288671105,380.77,411.30000000000007,19.40391662500042,300,0,0,0,0,1.0,0.0,0.0,0.0,0.0,1.0,18.026666666666667,0.0,0.0,0.0,0.0,0.0,,0.0,0.0,16.36916804798966,2.809727065025072,0.0,0.2232183449814329,19.402113457996165,16.36916804798966,0.2232183449814329
20260703_185002_516173,b0da4d9216a2bbfcc818675c756bd436b7c3e50f537880fa75c56fd8774d8151,32,2187632423,1233724811,2187632423,12,300,50,60,5,30,10.0,120,current,Optimized Pattern Generator,dynamic_session,Dynamic Session Pattern Assignment,50,6,360,c2e3fdcac6929ac57b32f91b0624d065b32abd0cdae934b1e14cf1287bd7991a,3699990521,bc16eaf24bc720cd5d0de6897dbf349e9002883d28bfbc102158c984312f683b,True,single_only,A1) Refined Cost + Greedy 1:1,True,300,300,0,0.0,300,290,0,0.9666666666666667,0.9666666666666667,1.0404504553412743,4.76950724890577,380.1533333333333,416.0,19.028581083999597,300,0,0,0,0,1.0,0.0,0.0,0.0,0.0,1.0,17.41,0.0,0.0,0.0,0.0,0.0,,0.0,0.0,15.736207422000007,3.0491162870894186,0.0,0.24161687490413897,19.026940583993564,15.736207422000007,0.24161687490413897
20260703_185002_516173,b0da4d9216a2bbfcc818675c756bd436b7c3e50f537880fa75c56fd8774d8151,32,2187632423,1545686449,2187632423,12,300,50,60,5,30,10.0,120,current,Optimized Pattern Generator,dynamic_session,Dynamic Session Pattern Assignment,50,6,360,c2e3fdcac6929ac57b32f91b0624d065b32abd0cdae934b1e14cf1287bd7991a,3699990521,bc16eaf24bc720cd5d0de6897dbf349e9002883d28bfbc102158c984312f683b,True,single_only_dtw_off,A1 Ablation) DTW Off,False,300,300,0,0.0,300,281,0,0.9366666666666666,0.9366666666666666,0.8278336064666667,3.1700001799999997,380.1533333333333,416.0,18.87650087500515,300,0,0,0,0,1.0,0.0,0.0,0.0,0.0,1.0,17.41,0.0,0.0,0.0,0.0,0.0,,0.0,0.0,15.627567756950157,3.031956661012373,0.0,0.21532229003787506,18.874846708000405,15.627567756950157,0.21532229003787506
20260703_185002_516173,b0da4d9216a2bbfcc818675c756bd436b7c3e50f537880fa75c56fd8774d8151,32,2187632423,866312257,2187632423,12,300,50,60,5,30,10.0,120,current,Optimized Pattern Generator,dynamic_session,Dynamic Session Pattern Assignment,50,6,360,c2e3fdcac6929ac57b32f91b0624d065b32abd0cdae934b1e14cf1287bd7991a,3699990521,bc16eaf24bc720cd5d0de6897dbf349e9002883d28bfbc102158c984312f683b,True,single_only_step_off,A1 Ablation) Step Signature Off,False,300,300,0,0.0,300,276,0,0.92,0.92,0.18009909979881614,1.022693291252944,380.1533333333333,416.0,18.890180207999947,300,0,0,0,0,1.0,0.0,0.0,0.0,0.0,1.0,17.41,0.0,0.0,0.0,0.0,0.0,,0.0,0.0,15.627116429030139,3.0423140750353923,0.0,0.21906582894007443,18.888496333005605,15.627116429030139,0.21906582894007443
20260703_185002_516173,b0da4d9216a2bbfcc818675c756bd436b7c3e50f537880fa75c56fd8774d8151,32,2187632423,1815193621,2187632423,12,300,50,60,5,30,10.0,120,current,Optimized Pattern Generator,dynamic_session,Dynamic Session Pattern Assignment,50,6,360,c2e3fdcac6929ac57b32f91b0624d065b32abd0cdae934b1e14cf1287bd7991a,3699990521,bc16eaf24bc720cd5d0de6897dbf349e9002883d28bfbc102158c984312f683b,True,single_only_all_off,A1 Ablation) All Waveform Terms Off,False,300,300,0,0.0,300,238,0,0.7933333333333333,0.7933333333333333,1.3763336034333333,8.800000220000001,380.1533333333333,416.0,15.93417854099971,300,0,0,0,0,1.0,0.0,0.0,0.0,0.0,1.0,17.41,0.0,0.0,0.0,0.0,0.0,,0.0,0.0,15.701610082061961,0.010469118933542632,0.0,0.22044229900348,15.932521499998984,15.701610082061961,0.22044229900348
20260703_185002_516173,b0da4d9216a2bbfcc818675c756bd436b7c3e50f537880fa75c56fd8774d8151,32,2187632423,2184921358,2187632423,12,300,50,60,5,30,10.0,120,current,Optimized Pattern Generator,dynamic_session,Dynamic Session Pattern Assignment,50,6,360,c2e3fdcac6929ac57b32f91b0624d065b32abd0cdae934b1e14cf1287bd7991a,3699990521,bc16eaf24bc720cd5d0de6897dbf349e9002883d28bfbc102158c984312f683b,True,nomura_original_interval_hungarian,A2) Corr+DTW + Hungarian,False,300,300,0,0.0,300,283,0,0.9433333333333334,0.9433333333333334,0.07846132995666927,0.4266686243663028,380.1533333333333,416.0,23.24394383300387,300,0,0,0,0,1.0,0.0,0.0,0.0,0.0,1.0,17.41,0.0,0.0,0.0,0.0,0.0,,0.0,0.0,15.575812368057086,7.444293491993449,0.0,0.22202488994662417,23.24213074999716,15.575812368057086,0.22202488994662417
20260703_185002_516173,b0da4d9216a2bbfcc818675c756bd436b7c3e50f537880fa75c56fd8774d8151,32,2187632423,2176353892,2187632423,12,300,50,60,5,30,10.0,120,current,Optimized Pattern Generator,dynamic_session,Dynamic Session Pattern Assignment,50,6,360,c2e3fdcac6929ac57b32f91b0624d065b32abd0cdae934b1e14cf1287bd7991a,3699990521,bc16eaf24bc720cd5d0de6897dbf349e9002883d28bfbc102158c984312f683b,True,nomura_original_interval_hungarian_dtw_off,A2 Ablation) DTW Off (Corr-only),False,300,300,0,0.0,300,279,0,0.93,0.93,0.0719502757452117,0.2778883718271894,380.1533333333333,416.0,23.397583582998777,300,0,0,0,0,1.0,0.0,0.0,0.0,0.0,1.0,17.41,0.0,0.0,0.0,0.0,0.0,,0.0,0.0,15.688712082017446,7.48638157795358,0.0,0.22080867402837612,23.395902333999402,15.688712082017446,0.22080867402837612
20260703_185002_516173,b0da4d9216a2bbfcc818675c756bd436b7c3e50f537880fa75c56fd8774d8151,32,2187632423,1055930888,2187632423,12,300,50,60,5,30,10.0,120,current,Optimized Pattern Generator,dynamic_session,Dynamic Session Pattern Assignment,50,6,360,c2e3fdcac6929ac57b32f91b0624d065b32abd0cdae934b1e14cf1287bd7991a,3699990521,bc16eaf24bc720cd5d0de6897dbf349e9002883d28bfbc102158c984312f683b,True,nomura_original_interval_hungarian_corr_off,A2 Ablation) Corr Off (DTW-only),False,300,300,0,0.0,300,263,0,0.8766666666666667,0.8766666666666667,0.0008524653148478204,0.14884687206433334,380.1533333333333,416.0,23.392346332999296,300,0,0,0,0,1.0,0.0,0.0,0.0,0.0,1.0,17.41,0.0,0.0,0.0,0.0,0.0,,0.0,0.0,15.6838294169429,7.479317130972049,0.0,0.22745257708447753,23.390599124999426,15.6838294169429,0.22745257708447753
20260703_185002_516173,b0da4d9216a2bbfcc818675c756bd436b7c3e50f537880fa75c56fd8774d8151,32,2187632423,542446179,2187632423,12,300,50,60,5,30,10.0,120,current,Optimized Pattern Generator,dynamic_session,Dynamic Session Pattern Assignment,50,6,360,c2e3fdcac6929ac57b32f91b0624d065b32abd0cdae934b1e14cf1287bd7991a,3699990521,bc16eaf24bc720cd5d0de6897dbf349e9002883d28bfbc102158c984312f683b,True,nomura_original_interval_hungarian_all_off,A2 Ablation) All Waveform Terms Off,False,300,300,0,0.0,300,238,0,0.7933333333333333,0.7933333333333333,1.3763336034333333,8.800000220000001,380.1533333333333,416.0,15.81716787500045,300,0,0,0,0,1.0,0.0,0.0,0.0,0.0,1.0,17.41,0.0,0.0,0.0,0.0,0.0,,0.0,0.0,15.563738867997017,0.01188075600657612,0.0,0.23988666699733585,15.81550629100093,15.563738867997017,0.23988666699733585
20260703_185002_516173,b0da4d9216a2bbfcc818675c756bd436b7c3e50f537880fa75c56fd8774d8151,32,2187632423,1367392786,2187632423,12,300,50,60,5,30,10.0,120,current,Optimized Pattern Generator,dynamic_session,Dynamic Session Pattern Assignment,50,6,360,c2e3fdcac6929ac57b32f91b0624d065b32abd0cdae934b1e14cf1287bd7991a,3699990521,bc16eaf24bc720cd5d0de6897dbf349e9002883d28bfbc102158c984312f683b,True,bayesian_windowed,A3) Bayesian Posterior + Hungarian + Lock,False,300,300,0,0.0,300,297,0,0.99,0.99,0.38055937571871606,1.352425894731746,380.1533333333333,416.0,18.565272957996058,300,0,0,0,0,1.0,0.0,0.0,0.0,0.0,1.0,17.41,0.0,0.0,0.0,0.0,0.0,,0.0,0.0,15.622684039066371,2.7164344499833533,0.0,0.22403226095048012,18.563150750000204,15.622684039066371,0.22403226095048012
20260703_185002_516173,b0da4d9216a2bbfcc818675c756bd436b7c3e50f537880fa75c56fd8774d8151,32,2187632423,1856414593,2187632423,12,300,50,60,5,30,10.0,120,current,Optimized Pattern Generator,dynamic_session,Dynamic Session Pattern Assignment,50,6,360,c2e3fdcac6929ac57b32f91b0624d065b32abd0cdae934b1e14cf1287bd7991a,3699990521,bc16eaf24bc720cd5d0de6897dbf349e9002883d28bfbc102158c984312f683b,True,bayesian_windowed_lock_off,A3 Ablation) Lock Off,False,300,300,0,0.0,300,297,0,0.99,0.99,0.38057378481434434,1.352425894731746,380.1533333333333,416.0,18.594980083995324,300,0,0,0,0,1.0,0.0,0.0,0.0,0.0,1.0,17.41,0.0,0.0,0.0,0.0,0.0,,0.0,0.0,15.66111908404855,2.7142812340243836,0.0,0.21781793193076737,18.5932182500037,15.66111908404855,0.21781793193076737
20260703_185002_516173,b0da4d9216a2bbfcc818675c756bd436b7c3e50f537880fa75c56fd8774d8151,32,2187632423,1977915780,2187632423,12,300,50,60,5,30,10.0,120,current,Optimized Pattern Generator,dynamic_session,Dynamic Session Pattern Assignment,50,6,360,c2e3fdcac6929ac57b32f91b0624d065b32abd0cdae934b1e14cf1287bd7991a,3699990521,bc16eaf24bc720cd5d0de6897dbf349e9002883d28bfbc102158c984312f683b,True,bayesian_windowed_memory_off,A3 Ablation) Posterior Memory Off,False,300,300,0,0.0,300,291,0,0.97,0.97,0.6786157951432159,2.2857270561794394,380.1533333333333,416.0,18.657482000002346,300,0,0,0,0,1.0,0.0,0.0,0.0,0.0,1.0,17.41,0.0,0.0,0.0,0.0,0.0,,0.0,0.0,15.72457304195268,2.710365539925988,0.0,0.22085016811615787,18.655788749994827,15.72457304195268,0.22085016811615787
20260703_185002_516173,b0da4d9216a2bbfcc818675c756bd436b7c3e50f537880fa75c56fd8774d8151,32,2187632423,2395032884,2187632423,12,300,50,60,5,30,10.0,120,current,Optimized Pattern Generator,dynamic_session,Dynamic Session Pattern Assignment,50,6,360,c2e3fdcac6929ac57b32f91b0624d065b32abd0cdae934b1e14cf1287bd7991a,3699990521,bc16eaf24bc720cd5d0de6897dbf349e9002883d28bfbc102158c984312f683b,True,bayesian_windowed_timeprior_off,A3 Ablation) Time Prior Off,False,300,300,0,0.0,300,297,0,0.99,0.99,0.38447057552651814,1.371692526935788,380.1533333333333,416.0,18.587945582999964,300,0,0,0,0,1.0,0.0,0.0,0.0,0.0,1.0,17.41,0.0,0.0,0.0,0.0,0.0,,0.0,0.0,15.636236210972129,2.7103497760908795,0.0,0.23963892993924674,18.586224917002255,15.636236210972129,0.23963892993924674
20260703_185002_516173,b0da4d9216a2bbfcc818675c756bd436b7c3e50f537880fa75c56fd8774d8151,32,2187632423,433795906,2187632423,12,300,50,60,5,30,10.0,120,current,Optimized Pattern Generator,dynamic_session,Dynamic Session Pattern Assignment,50,6,360,c2e3fdcac6929ac57b32f91b0624d065b32abd0cdae934b1e14cf1287bd7991a,3699990521,bc16eaf24bc720cd5d0de6897dbf349e9002883d28bfbc102158c984312f683b,True,bayesian_windowed_all_off,A3 Ablation) Time Prior + Memory + Lock Off,False,300,300,0,0.0,300,290,0,0.9666666666666667,0.9666666666666667,0.6802707273976942,2.2861403373916422,380.1533333333333,416.0,18.64210450000246,300,0,0,0,0,1.0,0.0,0.0,0.0,0.0,1.0,17.41,0.0,0.0,0.0,0.0,0.0,,0.0,0.0,15.708602829989104,2.710821409971686,0.0,0.2209752180351643,18.640399457995954,15.708602829989104,0.2209752180351643
20260703_185002_516173,b0da4d9216a2bbfcc818675c756bd436b7c3e50f537880fa75c56fd8774d8151,33,2187632424,1233724804,2187632424,13,300,50,60,5,30,10.0,120,current,Optimized Pattern Generator,dynamic_session,Dynamic Session Pattern Assignment,50,6,360,41f609b74e4f68bb480b9fea955f999aedca4336fddc51de4abe36d69cdf7cf8,3699990518,4149fda05c01771a63fb69488a87273a60aab00a883698c0820b0e4ca131f046,True,single_only,A1) Refined Cost + Greedy 1:1,True,300,300,0,0.0,300,295,0,0.9833333333333333,0.9833333333333333,1.0874539905556466,6.794237150387938,381.24333333333334,410.30000000000007,18.163730958003725,300,0,0,0,0,1.0,0.0,0.0,0.0,0.0,1.0,16.763333333333332,0.0,0.0,0.0,0.0,0.0,,0.0,0.0,14.993131452909438,2.932982152007753,0.0,0.23594206108828075,18.16205566600547,14.993131452909438,0.23594206108828075
20260703_185002_516173,b0da4d9216a2bbfcc818675c756bd436b7c3e50f537880fa75c56fd8774d8151,33,2187632424,1545686462,2187632424,13,300,50,60,5,30,10.0,120,current,Optimized Pattern Generator,dynamic_session,Dynamic Session Pattern Assignment,50,6,360,41f609b74e4f68bb480b9fea955f999aedca4336fddc51de4abe36d69cdf7cf8,3699990518,4149fda05c01771a63fb69488a87273a60aab00a883698c0820b0e4ca131f046,True,single_only_dtw_off,A1 Ablation) DTW Off,False,300,300,0,0.0,300,289,0,0.9633333333333334,0.9633333333333334,0.8322891403222221,4.290000050000001,381.24333333333334,410.30000000000007,18.09372454199911,300,0,0,0,0,1.0,0.0,0.0,0.0,0.0,1.0,16.763333333333332,0.0,0.0,0.0,0.0,0.0,,0.0,0.0,14.94387887098128,2.933194002005621,0.0,0.21501354401698336,18.092086417003884,14.94387887098128,0.21501354401698336
20260703_185002_516173,b0da4d9216a2bbfcc818675c756bd436b7c3e50f537880fa75c56fd8774d8151,33,2187632424,866312270,2187632424,13,300,50,60,5,30,10.0,120,current,Optimized Pattern Generator,dynamic_session,Dynamic Session Pattern Assignment,50,6,360,41f609b74e4f68bb480b9fea955f999aedca4336fddc51de4abe36d69cdf7cf8,3699990518,4149fda05c01771a63fb69488a87273a60aab00a883698c0820b0e4ca131f046,True,single_only_step_off,A1 Ablation) Step Signature Off,False,300,300,0,0.0,300,272,0,0.9066666666666666,0.9066666666666666,0.21173861902348007,1.1412634005285143,381.24333333333334,410.30000000000007,18.088633749997825,300,0,0,0,0,1.0,0.0,0.0,0.0,0.0,1.0,16.763333333333332,0.0,0.0,0.0,0.0,0.0,,0.0,0.0,14.929217831944698,2.9373214889346855,0.0,0.22047030412068125,18.087009625000064,14.929217831944698,0.22047030412068125
20260703_185002_516173,b0da4d9216a2bbfcc818675c756bd436b7c3e50f537880fa75c56fd8774d8151,33,2187632424,1815193626,2187632424,13,300,50,60,5,30,10.0,120,current,Optimized Pattern Generator,dynamic_session,Dynamic Session Pattern Assignment,50,6,360,41f609b74e4f68bb480b9fea955f999aedca4336fddc51de4abe36d69cdf7cf8,3699990518,4149fda05c01771a63fb69488a87273a60aab00a883698c0820b0e4ca131f046,True,single_only_all_off,A1 Ablation) All Waveform Terms Off,False,300,300,0,0.0,300,245,0,0.8166666666666667,0.8166666666666667,1.2870002562333334,7.8000004800000005,381.24333333333334,410.30000000000007,15.110292083001696,300,0,0,0,0,1.0,0.0,0.0,0.0,0.0,1.0,16.763333333333332,0.0,0.0,0.0,0.0,0.0,,0.0,0.0,14.884635491020163,0.009281912985898089,0.0,0.21475513799668988,15.10867254200275,14.884635491020163,0.21475513799668988
20260703_185002_516173,b0da4d9216a2bbfcc818675c756bd436b7c3e50f537880fa75c56fd8774d8151,33,2187632424,2184921345,2187632424,13,300,50,60,5,30,10.0,120,current,Optimized Pattern Generator,dynamic_session,Dynamic Session Pattern Assignment,50,6,360,41f609b74e4f68bb480b9fea955f999aedca4336fddc51de4abe36d69cdf7cf8,3699990518,4149fda05c01771a63fb69488a87273a60aab00a883698c0820b0e4ca131f046,True,nomura_original_interval_hungarian,A2) Corr+DTW + Hungarian,False,300,300,0,0.0,300,283,0,0.9433333333333334,0.9433333333333334,0.09185158093334397,0.4541400025024878,381.24333333333334,410.30000000000007,22.37068408300547,300,0,0,0,0,1.0,0.0,0.0,0.0,0.0,1.0,16.763333333333332,0.0,0.0,0.0,0.0,0.0,,0.0,0.0,14.883973616022558,7.2534236980282,0.0,0.23165422795136692,22.369051542002126,14.883973616022558,0.23165422795136692
20260703_185002_516173,b0da4d9216a2bbfcc818675c756bd436b7c3e50f537880fa75c56fd8774d8151,33,2187632424,2176353899,2187632424,13,300,50,60,5,30,10.0,120,current,Optimized Pattern Generator,dynamic_session,Dynamic Session Pattern Assignment,50,6,360,41f609b74e4f68bb480b9fea955f999aedca4336fddc51de4abe36d69cdf7cf8,3699990518,4149fda05c01771a63fb69488a87273a60aab00a883698c0820b0e4ca131f046,True,nomura_original_interval_hungarian_dtw_off,A2 Ablation) DTW Off (Corr-only),False,300,300,0,0.0,300,277,0,0.9233333333333333,0.9233333333333333,0.08459254723258365,0.44376018205328865,381.24333333333334,410.30000000000007,22.349705790998996,300,0,0,0,0,1.0,0.0,0.0,0.0,0.0,1.0,16.763333333333332,0.0,0.0,0.0,0.0,0.0,,0.0,0.0,14.916612944100052,7.215014692934346,0.0,0.21644869696319802,22.348076333997597,14.916612944100052,0.21644869696319802
20260703_185002_516173,b0da4d9216a2bbfcc818675c756bd436b7c3e50f537880fa75c56fd8774d8151,33,2187632424,1055930887,2187632424,13,300,50,60,5,30,10.0,120,current,Optimized Pattern Generator,dynamic_session,Dynamic Session Pattern Assignment,50,6,360,41f609b74e4f68bb480b9fea955f999aedca4336fddc51de4abe36d69cdf7cf8,3699990518,4149fda05c01771a63fb69488a87273a60aab00a883698c0820b0e4ca131f046,True,nomura_original_interval_hungarian_corr_off,A2 Ablation) Corr Off (DTW-only),False,300,300,0,0.0,300,260,0,0.8666666666666667,0.8666666666666667,0.0007326042892930443,0.21970534678791323,381.24333333333334,410.30000000000007,22.339248791999125,300,0,0,0,0,1.0,0.0,0.0,0.0,0.0,1.0,16.763333333333332,0.0,0.0,0.0,0.0,0.0,,0.0,0.0,14.884792332995858,7.236691113008419,0.0,0.21613955399516271,22.33762299999944,14.884792332995858,0.21613955399516271
20260703_185002_516173,b0da4d9216a2bbfcc818675c756bd436b7c3e50f537880fa75c56fd8774d8151,33,2187632424,542446188,2187632424,13,300,50,60,5,30,10.0,120,current,Optimized Pattern Generator,dynamic_session,Dynamic Session Pattern Assignment,50,6,360,41f609b74e4f68bb480b9fea955f999aedca4336fddc51de4abe36d69cdf7cf8,3699990518,4149fda05c01771a63fb69488a87273a60aab00a883698c0820b0e4ca131f046,True,nomura_original_interval_hungarian_all_off,A2 Ablation) All Waveform Terms Off,False,300,300,0,0.0,300,245,0,0.8166666666666667,0.8166666666666667,1.2870002562333334,7.8000004800000005,381.24333333333334,410.30000000000007,15.077845542000432,300,0,0,0,0,1.0,0.0,0.0,0.0,0.0,1.0,16.763333333333332,0.0,0.0,0.0,0.0,0.0,,0.0,0.0,14.846716421037854,0.00925337195803877,0.0,0.22019795700180111,15.076167749997694,14.846716421037854,0.22019795700180111
20260703_185002_516173,b0da4d9216a2bbfcc818675c756bd436b7c3e50f537880fa75c56fd8774d8151,33,2187632424,1367392797,2187632424,13,300,50,60,5,30,10.0,120,current,Optimized Pattern Generator,dynamic_session,Dynamic Session Pattern Assignment,50,6,360,41f609b74e4f68bb480b9fea955f999aedca4336fddc51de4abe36d69cdf7cf8,3699990518,4149fda05c01771a63fb69488a87273a60aab00a883698c0820b0e4ca131f046,True,bayesian_windowed,A3) Bayesian Posterior + Hungarian + Lock,False,300,300,0,0.0,300,295,0,0.9833333333333333,0.9833333333333333,0.2953934091010112,1.500221382400762,381.24333333333334,410.30000000000007,17.797845417000644,300,0,0,0,0,1.0,0.0,0.0,0.0,0.0,1.0,16.763333333333332,0.0,0.0,0.0,0.0,0.0,,0.0,0.0,14.95704252403084,2.604734196982463,0.0,0.234428070980357,17.79620479199366,14.95704252403084,0.234428070980357
20260703_185002_516173,b0da4d9216a2bbfcc818675c756bd436b7c3e50f537880fa75c56fd8774d8151,33,2187632424,1856414606,2187632424,13,300,50,60,5,30,10.0,120,current,Optimized Pattern Generator,dynamic_session,Dynamic Session Pattern Assignment,50,6,360,41f609b74e4f68bb480b9fea955f999aedca4336fddc51de4abe36d69cdf7cf8,3699990518,4149fda05c01771a63fb69488a87273a60aab00a883698c0820b0e4ca131f046,True,bayesian_windowed_lock_off,A3 Ablation) Lock Off,False,300,300,0,0.0,300,295,0,0.9833333333333333,0.9833333333333333,0.29542051002499276,1.500221382400762,381.24333333333334,410.30000000000007,17.78274245900684,300,0,0,0,0,1.0,0.0,0.0,0.0,0.0,1.0,16.763333333333332,0.0,0.0,0.0,0.0,0.0,,0.0,0.0,14.953515085951949,2.606469506972644,0.0,0.22106465707474854,17.78104924999934,14.953515085951949,0.22106465707474854
20260703_185002_516173,b0da4d9216a2bbfcc818675c756bd436b7c3e50f537880fa75c56fd8774d8151,33,2187632424,1977915787,2187632424,13,300,50,60,5,30,10.0,120,current,Optimized Pattern Generator,dynamic_session,Dynamic Session Pattern Assignment,50,6,360,41f609b74e4f68bb480b9fea955f999aedca4336fddc51de4abe36d69cdf7cf8,3699990518,4149fda05c01771a63fb69488a87273a60aab00a883698c0820b0e4ca131f046,True,bayesian_windowed_memory_off,A3 Ablation) Posterior Memory Off,False,300,300,0,0.0,300,295,0,0.9833333333333333,0.9833333333333333,0.5471615295703375,1.8155862004170715,381.24333333333334,410.30000000000007,17.772528459005116,300,0,0,0,0,1.0,0.0,0.0,0.0,0.0,1.0,16.763333333333332,0.0,0.0,0.0,0.0,0.0,,0.0,0.0,14.950684506926336,2.6001636610380956,0.0,0.21995483203500044,17.770802999999432,14.950684506926336,0.21995483203500044
20260703_185002_516173,b0da4d9216a2bbfcc818675c756bd436b7c3e50f537880fa75c56fd8774d8151,33,2187632424,2395032891,2187632424,13,300,50,60,5,30,10.0,120,current,Optimized Pattern Generator,dynamic_session,Dynamic Session Pattern Assignment,50,6,360,41f609b74e4f68bb480b9fea955f999aedca4336fddc51de4abe36d69cdf7cf8,3699990518,4149fda05c01771a63fb69488a87273a60aab00a883698c0820b0e4ca131f046,True,bayesian_windowed_timeprior_off,A3 Ablation) Time Prior Off,False,300,300,0,0.0,300,295,0,0.9833333333333333,0.9833333333333333,0.2964418409974055,1.500221382400762,381.24333333333334,410.30000000000007,17.762004167001578,300,0,0,0,0,1.0,0.0,0.0,0.0,0.0,1.0,16.763333333333332,0.0,0.0,0.0,0.0,0.0,,0.0,0.0,14.927445882982283,2.5989742759556975,0.0,0.23386725805903552,17.760287416997016,14.927445882982283,0.23386725805903552
20260703_185002_516173,b0da4d9216a2bbfcc818675c756bd436b7c3e50f537880fa75c56fd8774d8151,33,2187632424,433795917,2187632424,13,300,50,60,5,30,10.0,120,current,Optimized Pattern Generator,dynamic_session,Dynamic Session Pattern Assignment,50,6,360,41f609b74e4f68bb480b9fea955f999aedca4336fddc51de4abe36d69cdf7cf8,3699990518,4149fda05c01771a63fb69488a87273a60aab00a883698c0820b0e4ca131f046,True,bayesian_windowed_all_off,A3 Ablation) Time Prior + Memory + Lock Off,False,300,300,0,0.0,300,295,0,0.9833333333333333,0.9833333333333333,0.5480570879179756,1.8155862004170715,381.24333333333334,410.30000000000007,17.806254124996485,300,0,0,0,0,1.0,0.0,0.0,0.0,0.0,1.0,16.763333333333332,0.0,0.0,0.0,0.0,0.0,,0.0,0.0,14.978599748006673,2.605434418095683,0.0,0.22054783390194643,17.804582000004302,14.978599748006673,0.22054783390194643
20260703_185002_516173,b0da4d9216a2bbfcc818675c756bd436b7c3e50f537880fa75c56fd8774d8151,34,2187632425,1233724805,2187632425,14,300,50,60,5,30,10.0,120,current,Optimized Pattern Generator,dynamic_session,Dynamic Session Pattern Assignment,50,6,360,ed8a7e4f45dae66e962cd4e298602f1b7a7af191926b7bf05786845c0d323ee6,3699990519,25112b4d332f96d748f2b0a2111ac491c901ed2d57101aa5578f7fef90967639,True,single_only,A1) Refined Cost + Greedy 1:1,True,300,300,0,0.0,300,286,0,0.9533333333333334,0.9533333333333334,1.1682351262461361,6.02687775048933,381.7266666666667,413.1,18.292766917002155,300,0,0,0,0,1.0,0.0,0.0,0.0,0.0,1.0,16.926666666666666,0.0,0.0,0.0,0.0,0.0,,0.0,0.0,15.117418876994634,2.9528827920585172,0.0,0.22081424795032945,18.29111591700348,15.117418876994634,0.22081424795032945
20260703_185002_516173,b0da4d9216a2bbfcc818675c756bd436b7c3e50f537880fa75c56fd8774d8151,34,2187632425,1545686463,2187632425,14,300,50,60,5,30,10.0,120,current,Optimized Pattern Generator,dynamic_session,Dynamic Session Pattern Assignment,50,6,360,ed8a7e4f45dae66e962cd4e298602f1b7a7af191926b7bf05786845c0d323ee6,3699990519,25112b4d332f96d748f2b0a2111ac491c901ed2d57101aa5578f7fef90967639,True,single_only_dtw_off,A1 Ablation) DTW Off,False,300,300,0,0.0,300,287,0,0.9566666666666667,0.9566666666666667,0.9046113636444445,4.24000032,381.7266666666667,413.1,18.34736066700134,300,0,0,0,0,1.0,0.0,0.0,0.0,0.0,1.0,16.926666666666666,0.0,0.0,0.0,0.0,0.0,,0.0,0.0,15.136541334017238,2.97508598407876,0.0,0.23410722389962757,18.345734541995625,15.136541334017238,0.23410722389962757
20260703_185002_516173,b0da4d9216a2bbfcc818675c756bd436b7c3e50f537880fa75c56fd8774d8151,34,2187632425,866312271,2187632425,14,300,50,60,5,30,10.0,120,current,Optimized Pattern Generator,dynamic_session,Dynamic Session Pattern Assignment,50,6,360,ed8a7e4f45dae66e962cd4e298602f1b7a7af191926b7bf05786845c0d323ee6,3699990519,25112b4d332f96d748f2b0a2111ac491c901ed2d57101aa5578f7fef90967639,True,single_only_step_off,A1 Ablation) Step Signature Off,False,300,300,0,0.0,300,263,0,0.8766666666666667,0.8766666666666667,0.21428153143935635,1.2604945792225244,381.7266666666667,413.1,18.294944042005227,300,0,0,0,0,1.0,0.0,0.0,0.0,0.0,1.0,16.926666666666666,0.0,0.0,0.0,0.0,0.0,,0.0,0.0,15.105156792968046,2.9679548630592762,0.0,0.2201993029739242,18.293310959001246,15.105156792968046,0.2201993029739242
20260703_185002_516173,b0da4d9216a2bbfcc818675c756bd436b7c3e50f537880fa75c56fd8774d8151,34,2187632425,1815193627,2187632425,14,300,50,60,5,30,10.0,120,current,Optimized Pattern Generator,dynamic_session,Dynamic Session Pattern Assignment,50,6,360,ed8a7e4f45dae66e962cd4e298602f1b7a7af191926b7bf05786845c0d323ee6,3699990519,25112b4d332f96d748f2b0a2111ac491c901ed2d57101aa5578f7fef90967639,True,single_only_all_off,A1 Ablation) All Waveform Terms Off,False,300,300,0,0.0,300,243,0,0.81,0.81,1.3153335900000003,7.70000108,381.7266666666667,413.1,15.321836249997432,300,0,0,0,0,1.0,0.0,0.0,0.0,0.0,1.0,16.926666666666666,0.0,0.0,0.0,0.0,0.0,,0.0,0.0,15.091168000035395,0.009307831976911984,0.0,0.2196682089852402,15.320144040997548,15.091168000035395,0.2196682089852402
20260703_185002_516173,b0da4d9216a2bbfcc818675c756bd436b7c3e50f537880fa75c56fd8774d8151,34,2187632425,2184921344,2187632425,14,300,50,60,5,30,10.0,120,current,Optimized Pattern Generator,dynamic_session,Dynamic Session Pattern Assignment,50,6,360,ed8a7e4f45dae66e962cd4e298602f1b7a7af191926b7bf05786845c0d323ee6,3699990519,25112b4d332f96d748f2b0a2111ac491c901ed2d57101aa5578f7fef90967639,True,nomura_original_interval_hungarian,A2) Corr+DTW + Hungarian,False,300,300,0,0.0,300,275,0,0.9166666666666666,0.9166666666666666,0.09494085555221235,0.38779237271173483,381.7266666666667,413.1,22.624429333998705,300,0,0,0,0,1.0,0.0,0.0,0.0,0.0,1.0,16.926666666666666,0.0,0.0,0.0,0.0,0.0,,0.0,0.0,15.121796123894455,7.285978495034215,0.0,0.2149801310733892,22.62275475000206,15.121796123894455,0.2149801310733892
20260703_185002_516173,b0da4d9216a2bbfcc818675c756bd436b7c3e50f537880fa75c56fd8774d8151,34,2187632425,2176353898,2187632425,14,300,50,60,5,30,10.0,120,current,Optimized Pattern Generator,dynamic_session,Dynamic Session Pattern Assignment,50,6,360,ed8a7e4f45dae66e962cd4e298602f1b7a7af191926b7bf05786845c0d323ee6,3699990519,25112b4d332f96d748f2b0a2111ac491c901ed2d57101aa5578f7fef90967639,True,nomura_original_interval_hungarian_dtw_off,A2 Ablation) DTW Off (Corr-only),False,300,300,0,0.0,300,267,0,0.89,0.89,0.08619661791968838,0.35983582133985437,381.7266666666667,413.1,22.567699417006224,300,0,0,0,0,1.0,0.0,0.0,0.0,0.0,1.0,16.926666666666666,0.0,0.0,0.0,0.0,0.0,,0.0,0.0,15.080488205021538,7.2644349829351995,0.0,0.22115914504684042,22.56608233300358,15.080488205021538,0.22115914504684042
20260703_185002_516173,b0da4d9216a2bbfcc818675c756bd436b7c3e50f537880fa75c56fd8774d8151,34,2187632425,1055930886,2187632425,14,300,50,60,5,30,10.0,120,current,Optimized Pattern Generator,dynamic_session,Dynamic Session Pattern Assignment,50,6,360,ed8a7e4f45dae66e962cd4e298602f1b7a7af191926b7bf05786845c0d323ee6,3699990519,25112b4d332f96d748f2b0a2111ac491c901ed2d57101aa5578f7fef90967639,True,nomura_original_interval_hungarian_corr_off,A2 Ablation) Corr Off (DTW-only),False,300,300,0,0.0,300,251,0,0.8366666666666667,0.8366666666666667,0.0005138471278907815,0.0955647356322972,381.7266666666667,413.1,22.531380166998133,300,0,0,0,0,1.0,0.0,0.0,0.0,0.0,1.0,16.926666666666666,0.0,0.0,0.0,0.0,0.0,,0.0,0.0,15.078685096043046,7.236757074992056,0.0,0.2142761209688615,22.529718292003963,15.078685096043046,0.2142761209688615
20260703_185002_516173,b0da4d9216a2bbfcc818675c756bd436b7c3e50f537880fa75c56fd8774d8151,34,2187632425,542446189,2187632425,14,300,50,60,5,30,10.0,120,current,Optimized Pattern Generator,dynamic_session,Dynamic Session Pattern Assignment,50,6,360,ed8a7e4f45dae66e962cd4e298602f1b7a7af191926b7bf05786845c0d323ee6,3699990519,25112b4d332f96d748f2b0a2111ac491c901ed2d57101aa5578f7fef90967639,True,nomura_original_interval_hungarian_all_off,A2 Ablation) All Waveform Terms Off,False,300,300,0,0.0,300,243,0,0.81,0.81,1.3153335900000003,7.70000108,381.7266666666667,413.1,15.28109287499683,300,0,0,0,0,1.0,0.0,0.0,0.0,0.0,1.0,16.926666666666666,0.0,0.0,0.0,0.0,0.0,,0.0,0.0,15.051543007975852,0.009323878970462829,0.0,0.21857990405260352,15.279446790998918,15.051543007975852,0.21857990405260352
20260703_185002_516173,b0da4d9216a2bbfcc818675c756bd436b7c3e50f537880fa75c56fd8774d8151,34,2187632425,1367392796,2187632425,14,300,50,60,5,30,10.0,120,current,Optimized Pattern Generator,dynamic_session,Dynamic Session Pattern Assignment,50,6,360,ed8a7e4f45dae66e962cd4e298602f1b7a7af191926b7bf05786845c0d323ee6,3699990519,25112b4d332f96d748f2b0a2111ac491c901ed2d57101aa5578f7fef90967639,True,bayesian_windowed,A3) Bayesian Posterior + Hungarian + Lock,False,300,300,0,0.0,300,298,0,0.9933333333333333,0.9933333333333333,0.35735391566537866,1.4724761242940005,381.7266666666667,413.1,17.99219162499503,300,0,0,0,0,1.0,0.0,0.0,0.0,0.0,1.0,16.926666666666666,0.0,0.0,0.0,0.0,0.0,,0.0,0.0,15.13539966494136,2.6228904560630326,0.0,0.23216021299595013,17.990450334000343,15.13539966494136,0.23216021299595013
20260703_185002_516173,b0da4d9216a2bbfcc818675c756bd436b7c3e50f537880fa75c56fd8774d8151,34,2187632425,1856414607,2187632425,14,300,50,60,5,30,10.0,120,current,Optimized Pattern Generator,dynamic_session,Dynamic Session Pattern Assignment,50,6,360,ed8a7e4f45dae66e962cd4e298602f1b7a7af191926b7bf05786845c0d323ee6,3699990519,25112b4d332f96d748f2b0a2111ac491c901ed2d57101aa5578f7fef90967639,True,bayesian_windowed_lock_off,A3 Ablation) Lock Off,False,300,300,0,0.0,300,298,0,0.9933333333333333,0.9933333333333333,0.3573686455834373,1.4724761242940005,381.7266666666667,413.1,17.979023125000822,300,0,0,0,0,1.0,0.0,0.0,0.0,0.0,1.0,16.926666666666666,0.0,0.0,0.0,0.0,0.0,,0.0,0.0,15.134198965090036,2.6275494869987597,0.0,0.2155944229089073,17.977342874997703,15.134198965090036,0.2155944229089073
20260703_185002_516173,b0da4d9216a2bbfcc818675c756bd436b7c3e50f537880fa75c56fd8774d8151,34,2187632425,1977915786,2187632425,14,300,50,60,5,30,10.0,120,current,Optimized Pattern Generator,dynamic_session,Dynamic Session Pattern Assignment,50,6,360,ed8a7e4f45dae66e962cd4e298602f1b7a7af191926b7bf05786845c0d323ee6,3699990519,25112b4d332f96d748f2b0a2111ac491c901ed2d57101aa5578f7fef90967639,True,bayesian_windowed_memory_off,A3 Ablation) Posterior Memory Off,False,300,300,0,0.0,300,286,0,0.9533333333333334,0.9533333333333334,0.6182908061472274,1.9000824604366355,381.7266666666667,413.1,17.964810167002724,300,0,0,0,0,1.0,0.0,0.0,0.0,0.0,1.0,16.926666666666666,0.0,0.0,0.0,0.0,0.0,,0.0,0.0,15.116872591039282,2.630736776984122,0.0,0.21548921497742413,17.96309858300083,15.116872591039282,0.21548921497742413
20260703_185002_516173,b0da4d9216a2bbfcc818675c756bd436b7c3e50f537880fa75c56fd8774d8151,34,2187632425,2395032890,2187632425,14,300,50,60,5,30,10.0,120,current,Optimized Pattern Generator,dynamic_session,Dynamic Session Pattern Assignment,50,6,360,ed8a7e4f45dae66e962cd4e298602f1b7a7af191926b7bf05786845c0d323ee6,3699990519,25112b4d332f96d748f2b0a2111ac491c901ed2d57101aa5578f7fef90967639,True,bayesian_windowed_timeprior_off,A3 Ablation) Time Prior Off,False,300,300,0,0.0,300,298,0,0.9933333333333333,0.9933333333333333,0.35952382879078465,1.4724761242940005,381.7266666666667,413.1,17.959245874997578,300,0,0,0,0,1.0,0.0,0.0,0.0,0.0,1.0,16.926666666666666,0.0,0.0,0.0,0.0,0.0,,0.0,0.0,15.111727253919526,2.628317241949844,0.0,0.21745646312774625,17.957500958997116,15.111727253919526,0.21745646312774625
20260703_185002_516173,b0da4d9216a2bbfcc818675c756bd436b7c3e50f537880fa75c56fd8774d8151,34,2187632425,433795916,2187632425,14,300,50,60,5,30,10.0,120,current,Optimized Pattern Generator,dynamic_session,Dynamic Session Pattern Assignment,50,6,360,ed8a7e4f45dae66e962cd4e298602f1b7a7af191926b7bf05786845c0d323ee6,3699990519,25112b4d332f96d748f2b0a2111ac491c901ed2d57101aa5578f7fef90967639,True,bayesian_windowed_all_off,A3 Ablation) Time Prior + Memory + Lock Off,False,300,300,0,0.0,300,286,0,0.9533333333333334,0.9533333333333334,0.6191835895090598,1.9000824604366355,381.7266666666667,413.1,17.944720792002045,300,0,0,0,0,1.0,0.0,0.0,0.0,0.0,1.0,16.926666666666666,0.0,0.0,0.0,0.0,0.0,,0.0,0.0,15.075852509944525,2.6322624890017323,0.0,0.2348884180537425,17.943003417,15.075852509944525,0.2348884180537425
20260703_185002_516173,b0da4d9216a2bbfcc818675c756bd436b7c3e50f537880fa75c56fd8774d8151,35,2187632426,1233724806,2187632426,15,300,50,60,5,30,10.0,120,current,Optimized Pattern Generator,dynamic_session,Dynamic Session Pattern Assignment,50,6,360,2d7ff8045deec72fade2b4e1d2fe642bdc54e4052a786baa9c64760ebe301060,3699990516,6cb200d44a126d1de3e54c48cc3d3a6be5e48d0d059605eda99ccddebba59667,True,single_only,A1) Refined Cost + Greedy 1:1,True,300,300,0,0.0,300,288,0,0.96,0.96,1.037740309443104,4.400924765545517,380.1166666666667,405.4000000000001,19.009096624999074,300,0,0,0,0,1.0,0.0,0.0,0.0,0.0,1.0,17.626666666666665,0.0,0.0,0.0,0.0,0.0,,0.0,0.0,15.708145914024499,3.0773175740105216,0.0,0.22201005396345863,19.00747354199848,15.708145914024499,0.22201005396345863
20260703_185002_516173,b0da4d9216a2bbfcc818675c756bd436b7c3e50f537880fa75c56fd8774d8151,35,2187632426,1545686460,2187632426,15,300,50,60,5,30,10.0,120,current,Optimized Pattern Generator,dynamic_session,Dynamic Session Pattern Assignment,50,6,360,2d7ff8045deec72fade2b4e1d2fe642bdc54e4052a786baa9c64760ebe301060,3699990516,6cb200d44a126d1de3e54c48cc3d3a6be5e48d0d059605eda99ccddebba59667,True,single_only_dtw_off,A1 Ablation) DTW Off,False,300,300,0,0.0,300,278,0,0.9266666666666666,0.9266666666666666,0.7987891564888889,3.2600000500000004,380.1166666666667,405.4000000000001,19.03165662500396,300,0,0,0,0,1.0,0.0,0.0,0.0,0.0,1.0,17.626666666666665,0.0,0.0,0.0,0.0,0.0,,0.0,0.0,15.707639755935816,3.0904960270490847,0.0,0.23185917501541553,19.029994958000316,15.707639755935816,0.23185917501541553
20260703_185002_516173,b0da4d9216a2bbfcc818675c756bd436b7c3e50f537880fa75c56fd8774d8151,35,2187632426,866312268,2187632426,15,300,50,60,5,30,10.0,120,current,Optimized Pattern Generator,dynamic_session,Dynamic Session Pattern Assignment,50,6,360,2d7ff8045deec72fade2b4e1d2fe642bdc54e4052a786baa9c64760ebe301060,3699990516,6cb200d44a126d1de3e54c48cc3d3a6be5e48d0d059605eda99ccddebba59667,True,single_only_step_off,A1 Ablation) Step Signature Off,False,300,300,0,0.0,300,277,0,0.9233333333333333,0.9233333333333333,0.20328551127371738,1.00000046,380.1166666666667,405.4000000000001,19.063744209001015,300,0,0,0,0,1.0,0.0,0.0,0.0,0.0,1.0,17.626666666666665,0.0,0.0,0.0,0.0,0.0,,0.0,0.0,15.750099995020719,3.0967755790043157,0.0,0.21520313497603638,19.06207870900107,15.750099995020719,0.21520313497603638
20260703_185002_516173,b0da4d9216a2bbfcc818675c756bd436b7c3e50f537880fa75c56fd8774d8151,35,2187632426,1815193624,2187632426,15,300,50,60,5,30,10.0,120,current,Optimized Pattern Generator,dynamic_session,Dynamic Session Pattern Assignment,50,6,360,2d7ff8045deec72fade2b4e1d2fe642bdc54e4052a786baa9c64760ebe301060,3699990516,6cb200d44a126d1de3e54c48cc3d3a6be5e48d0d059605eda99ccddebba59667,True,single_only_all_off,A1 Ablation) All Waveform Terms Off,False,300,300,0,0.0,300,248,0,0.8266666666666667,0.8266666666666667,1.2840002655,7.30000049,380.1166666666667,405.4000000000001,15.96894966599939,300,0,0,0,0,1.0,0.0,0.0,0.0,0.0,1.0,17.626666666666665,0.0,0.0,0.0,0.0,0.0,,0.0,0.0,15.74329871302325,0.009752540958288591,0.0,0.2142564960231539,15.967307750004693,15.74329871302325,0.2142564960231539
20260703_185002_516173,b0da4d9216a2bbfcc818675c756bd436b7c3e50f537880fa75c56fd8774d8151,35,2187632426,2184921347,2187632426,15,300,50,60,5,30,10.0,120,current,Optimized Pattern Generator,dynamic_session,Dynamic Session Pattern Assignment,50,6,360,2d7ff8045deec72fade2b4e1d2fe642bdc54e4052a786baa9c64760ebe301060,3699990516,6cb200d44a126d1de3e54c48cc3d3a6be5e48d0d059605eda99ccddebba59667,True,nomura_original_interval_hungarian,A2) Corr+DTW + Hungarian,False,300,300,0,0.0,300,282,0,0.94,0.94,0.08690856977735695,0.4237661253516637,380.1166666666667,405.4000000000001,23.664686999996775,300,0,0,0,0,1.0,0.0,0.0,0.0,0.0,1.0,17.626666666666665,0.0,0.0,0.0,0.0,0.0,,0.0,0.0,15.81923329806159,7.6226218710435205,0.0,0.22106983089906862,23.66292500000418,15.81923329806159,0.22106983089906862
20260703_185002_516173,b0da4d9216a2bbfcc818675c756bd436b7c3e50f537880fa75c56fd8774d8151,35,2187632426,2176353897,2187632426,15,300,50,60,5,30,10.0,120,current,Optimized Pattern Generator,dynamic_session,Dynamic Session Pattern Assignment,50,6,360,2d7ff8045deec72fade2b4e1d2fe642bdc54e4052a786baa9c64760ebe301060,3699990516,6cb200d44a126d1de3e54c48cc3d3a6be5e48d0d059605eda99ccddebba59667,True,nomura_original_interval_hungarian_dtw_off,A2 Ablation) DTW Off (Corr-only),False,300,300,0,0.0,300,280,0,0.9333333333333333,0.9333333333333333,0.07958503090035386,0.3465059673739544,380.1166666666667,405.4000000000001,23.53302254200389,300,0,0,0,0,1.0,0.0,0.0,0.0,0.0,1.0,17.626666666666665,0.0,0.0,0.0,0.0,0.0,,0.0,0.0,15.74420129309874,7.549308777037368,0.0,0.23781517986935796,23.531325250005466,15.74420129309874,0.23781517986935796
20260703_185002_516173,b0da4d9216a2bbfcc818675c756bd436b7c3e50f537880fa75c56fd8774d8151,35,2187632426,1055930885,2187632426,15,300,50,60,5,30,10.0,120,current,Optimized Pattern Generator,dynamic_session,Dynamic Session Pattern Assignment,50,6,360,2d7ff8045deec72fade2b4e1d2fe642bdc54e4052a786baa9c64760ebe301060,3699990516,6cb200d44a126d1de3e54c48cc3d3a6be5e48d0d059605eda99ccddebba59667,True,nomura_original_interval_hungarian_corr_off,A2 Ablation) Corr Off (DTW-only),False,300,300,0,0.0,300,254,0,0.8466666666666667,0.8466666666666667,0.0001472856740108642,0.03179680903346075,380.1166666666667,405.4000000000001,23.440722708000976,300,0,0,0,0,1.0,0.0,0.0,0.0,0.0,1.0,17.626666666666665,0.0,0.0,0.0,0.0,0.0,,0.0,0.0,15.699264707029215,7.524096664958051,0.0,0.21571858701645397,23.43907995900372,15.699264707029215,0.21571858701645397
20260703_185002_516173,b0da4d9216a2bbfcc818675c756bd436b7c3e50f537880fa75c56fd8774d8151,35,2187632426,542446190,2187632426,15,300,50,60,5,30,10.0,120,current,Optimized Pattern Generator,dynamic_session,Dynamic Session Pattern Assignment,50,6,360,2d7ff8045deec72fade2b4e1d2fe642bdc54e4052a786baa9c64760ebe301060,3699990516,6cb200d44a126d1de3e54c48cc3d3a6be5e48d0d059605eda99ccddebba59667,True,nomura_original_interval_hungarian_all_off,A2 Ablation) All Waveform Terms Off,False,300,300,0,0.0,300,248,0,0.8266666666666667,0.8266666666666667,1.2840002655,7.30000049,380.1166666666667,405.4000000000001,15.920461749999959,300,0,0,0,0,1.0,0.0,0.0,0.0,0.0,1.0,17.626666666666665,0.0,0.0,0.0,0.0,0.0,,0.0,0.0,15.69190911501937,0.009446285039302893,0.0,0.21736001694080187,15.918715416999476,15.69190911501937,0.21736001694080187
20260703_185002_516173,b0da4d9216a2bbfcc818675c756bd436b7c3e50f537880fa75c56fd8774d8151,35,2187632426,1367392799,2187632426,15,300,50,60,5,30,10.0,120,current,Optimized Pattern Generator,dynamic_session,Dynamic Session Pattern Assignment,50,6,360,2d7ff8045deec72fade2b4e1d2fe642bdc54e4052a786baa9c64760ebe301060,3699990516,6cb200d44a126d1de3e54c48cc3d3a6be5e48d0d059605eda99ccddebba59667,True,bayesian_windowed,A3) Bayesian Posterior + Hungarian + Lock,False,300,300,0,0.0,300,296,0,0.9866666666666667,0.9866666666666667,0.3594242633062824,1.4323183289092896,380.1166666666667,405.4000000000001,18.682871208002325,300,0,0,0,0,1.0,0.0,0.0,0.0,0.0,1.0,17.626666666666665,0.0,0.0,0.0,0.0,0.0,,0.0,0.0,15.736433265985397,2.726331371028209,0.0,0.21839144698606106,18.681156083999667,15.736433265985397,0.21839144698606106
20260703_185002_516173,b0da4d9216a2bbfcc818675c756bd436b7c3e50f537880fa75c56fd8774d8151,35,2187632426,1856414604,2187632426,15,300,50,60,5,30,10.0,120,current,Optimized Pattern Generator,dynamic_session,Dynamic Session Pattern Assignment,50,6,360,2d7ff8045deec72fade2b4e1d2fe642bdc54e4052a786baa9c64760ebe301060,3699990516,6cb200d44a126d1de3e54c48cc3d3a6be5e48d0d059605eda99ccddebba59667,True,bayesian_windowed_lock_off,A3 Ablation) Lock Off,False,300,300,0,0.0,300,296,0,0.9866666666666667,0.9866666666666667,0.35943485391766217,1.4323183289092896,380.1166666666667,405.4000000000001,18.710479084002145,300,0,0,0,0,1.0,0.0,0.0,0.0,0.0,1.0,17.626666666666665,0.0,0.0,0.0,0.0,0.0,,0.0,0.0,15.75241791994631,2.736437244951958,0.0,0.21986796010605758,18.708723125004326,15.75241791994631,0.21986796010605758
20260703_185002_516173,b0da4d9216a2bbfcc818675c756bd436b7c3e50f537880fa75c56fd8774d8151,35,2187632426,1977915785,2187632426,15,300,50,60,5,30,10.0,120,current,Optimized Pattern Generator,dynamic_session,Dynamic Session Pattern Assignment,50,6,360,2d7ff8045deec72fade2b4e1d2fe642bdc54e4052a786baa9c64760ebe301060,3699990516,6cb200d44a126d1de3e54c48cc3d3a6be5e48d0d059605eda99ccddebba59667,True,bayesian_windowed_memory_off,A3 Ablation) Posterior Memory Off,False,300,300,0,0.0,300,288,0,0.96,0.96,0.6293883869595471,1.887344291241692,380.1166666666667,405.4000000000001,18.718413667003915,300,0,0,0,0,1.0,0.0,0.0,0.0,0.0,1.0,17.626666666666665,0.0,0.0,0.0,0.0,0.0,,0.0,0.0,15.764552465123415,2.7375055690063164,0.0,0.21453900787309976,18.71659704200283,15.764552465123415,0.21453900787309976
20260703_185002_516173,b0da4d9216a2bbfcc818675c756bd436b7c3e50f537880fa75c56fd8774d8151,35,2187632426,2395032889,2187632426,15,300,50,60,5,30,10.0,120,current,Optimized Pattern Generator,dynamic_session,Dynamic Session Pattern Assignment,50,6,360,2d7ff8045deec72fade2b4e1d2fe642bdc54e4052a786baa9c64760ebe301060,3699990516,6cb200d44a126d1de3e54c48cc3d3a6be5e48d0d059605eda99ccddebba59667,True,bayesian_windowed_timeprior_off,A3 Ablation) Time Prior Off,False,300,300,0,0.0,300,296,0,0.9866666666666667,0.9866666666666667,0.3616270871519418,1.4323183289092896,380.1166666666667,405.4000000000001,18.734947583005123,300,0,0,0,0,1.0,0.0,0.0,0.0,0.0,1.0,17.626666666666665,0.0,0.0,0.0,0.0,0.0,,0.0,0.0,15.766724868000892,2.7451559900073335,0.0,0.22133447499072645,18.733215332998952,15.766724868000892,0.22133447499072645
20260703_185002_516173,b0da4d9216a2bbfcc818675c756bd436b7c3e50f537880fa75c56fd8774d8151,35,2187632426,433795919,2187632426,15,300,50,60,5,30,10.0,120,current,Optimized Pattern Generator,dynamic_session,Dynamic Session Pattern Assignment,50,6,360,2d7ff8045deec72fade2b4e1d2fe642bdc54e4052a786baa9c64760ebe301060,3699990516,6cb200d44a126d1de3e54c48cc3d3a6be5e48d0d059605eda99ccddebba59667,True,bayesian_windowed_all_off,A3 Ablation) Time Prior + Memory + Lock Off,False,300,300,0,0.0,300,288,0,0.96,0.96,0.6305024819497559,1.8888115797442617,380.1166666666667,405.4000000000001,18.68766862499615,300,0,0,0,0,1.0,0.0,0.0,0.0,0.0,1.0,17.626666666666665,0.0,0.0,0.0,0.0,0.0,,0.0,0.0,15.719933440959721,2.7296885030082194,0.0,0.23629259802692104,18.685914541994862,15.719933440959721,0.23629259802692104
20260703_185002_516173,b0da4d9216a2bbfcc818675c756bd436b7c3e50f537880fa75c56fd8774d8151,36,2187632427,1233724807,2187632427,16,300,50,60,5,30,10.0,120,current,Optimized Pattern Generator,dynamic_session,Dynamic Session Pattern Assignment,50,6,360,74d8bb6dc1d3da181a1f77ea300e84a231380794b34d69231553cf3cf40de6ef,3699990517,b8d938bc6a08b4c6ff7aa93bd75c4a4a2f6926b3814e939379d49da34fdcff04,True,single_only,A1) Refined Cost + Greedy 1:1,True,300,300,0,0.0,300,292,0,0.9733333333333334,0.9733333333333334,1.1219320327202003,4.614198625181863,382.2033333333333,414.1,18.572657791999518,300,0,0,0,0,1.0,0.0,0.0,0.0,0.0,1.0,17.07,0.0,0.0,0.0,0.0,0.0,,0.0,0.0,15.374170550079725,2.9762316049309447,0.0,0.2206129279875313,18.5710150829982,15.374170550079725,0.2206129279875313
20260703_185002_516173,b0da4d9216a2bbfcc818675c756bd436b7c3e50f537880fa75c56fd8774d8151,36,2187632427,1545686461,2187632427,16,300,50,60,5,30,10.0,120,current,Optimized Pattern Generator,dynamic_session,Dynamic Session Pattern Assignment,50,6,360,74d8bb6dc1d3da181a1f77ea300e84a231380794b34d69231553cf3cf40de6ef,3699990517,b8d938bc6a08b4c6ff7aa93bd75c4a4a2f6926b3814e939379d49da34fdcff04,True,single_only_dtw_off,A1 Ablation) DTW Off,False,300,300,0,0.0,300,285,0,0.95,0.95,0.8573780527111112,2.9600004000000006,382.2033333333333,414.1,18.588004166995233,300,0,0,0,0,1.0,0.0,0.0,0.0,0.0,1.0,17.07,0.0,0.0,0.0,0.0,0.0,,0.0,0.0,15.382301749945327,2.9892054150041076,0.0,0.2148448350490071,18.586351999998442,15.382301749945327,0.2148448350490071
20260703_185002_516173,b0da4d9216a2bbfcc818675c756bd436b7c3e50f537880fa75c56fd8774d8151,36,2187632427,866312269,2187632427,16,300,50,60,5,30,10.0,120,current,Optimized Pattern Generator,dynamic_session,Dynamic Session Pattern Assignment,50,6,360,74d8bb6dc1d3da181a1f77ea300e84a231380794b34d69231553cf3cf40de6ef,3699990517,b8d938bc6a08b4c6ff7aa93bd75c4a4a2f6926b3814e939379d49da34fdcff04,True,single_only_step_off,A1 Ablation) Step Signature Off,False,300,300,0,0.0,300,263,0,0.8766666666666667,0.8766666666666667,0.21956134131640107,1.2276071135518258,382.2033333333333,414.1,18.561477916999138,300,0,0,0,0,1.0,0.0,0.0,0.0,0.0,1.0,17.07,0.0,0.0,0.0,0.0,0.0,,0.0,0.0,15.34429438909865,2.9852142859454034,0.0,0.23033090795797762,18.55983958300203,15.34429438909865,0.23033090795797762
20260703_185002_516173,b0da4d9216a2bbfcc818675c756bd436b7c3e50f537880fa75c56fd8774d8151,36,2187632427,1815193625,2187632427,16,300,50,60,5,30,10.0,120,current,Optimized Pattern Generator,dynamic_session,Dynamic Session Pattern Assignment,50,6,360,74d8bb6dc1d3da181a1f77ea300e84a231380794b34d69231553cf3cf40de6ef,3699990517,b8d938bc6a08b4c6ff7aa93bd75c4a4a2f6926b3814e939379d49da34fdcff04,True,single_only_all_off,A1 Ablation) All Waveform Terms Off,False,300,300,0,0.0,300,233,0,0.7766666666666666,0.7766666666666666,1.3780002716333335,8.40000015,382.2033333333333,414.1,15.573170042000129,300,0,0,0,0,1.0,0.0,0.0,0.0,0.0,1.0,17.07,0.0,0.0,0.0,0.0,0.0,,0.0,0.0,15.341684879167587,0.009256530036509503,0.0,0.2205143827959546,15.571455792000052,15.341684879167587,0.2205143827959546
20260703_185002_516173,b0da4d9216a2bbfcc818675c756bd436b7c3e50f537880fa75c56fd8774d8151,36,2187632427,2184921346,2187632427,16,300,50,60,5,30,10.0,120,current,Optimized Pattern Generator,dynamic_session,Dynamic Session Pattern Assignment,50,6,360,74d8bb6dc1d3da181a1f77ea300e84a231380794b34d69231553cf3cf40de6ef,3699990517,b8d938bc6a08b4c6ff7aa93bd75c4a4a2f6926b3814e939379d49da34fdcff04,True,nomura_original_interval_hungarian,A2) Corr+DTW + Hungarian,False,300,300,0,0.0,300,270,0,0.9,0.9,0.09356265936479076,0.49188925075882867,382.2033333333333,414.1,22.904811207998137,300,0,0,0,0,1.0,0.0,0.0,0.0,0.0,1.0,17.07,0.0,0.0,0.0,0.0,0.0,,0.0,0.0,15.364142661892402,7.31837648297369,0.0,0.22064510513155255,22.903164249997644,15.364142661892402,0.22064510513155255
20260703_185002_516173,b0da4d9216a2bbfcc818675c756bd436b7c3e50f537880fa75c56fd8774d8151,36,2187632427,2176353896,2187632427,16,300,50,60,5,30,10.0,120,current,Optimized Pattern Generator,dynamic_session,Dynamic Session Pattern Assignment,50,6,360,74d8bb6dc1d3da181a1f77ea300e84a231380794b34d69231553cf3cf40de6ef,3699990517,b8d938bc6a08b4c6ff7aa93bd75c4a4a2f6926b3814e939379d49da34fdcff04,True,nomura_original_interval_hungarian_dtw_off,A2 Ablation) DTW Off (Corr-only),False,300,300,0,0.0,300,266,0,0.8866666666666667,0.8866666666666667,0.08420254666649515,0.3384054114575587,382.2033333333333,414.1,23.0128175419959,300,0,0,0,0,1.0,0.0,0.0,0.0,0.0,1.0,17.07,0.0,0.0,0.0,0.0,0.0,,0.0,0.0,15.452059744973667,7.325502580963075,0.0,0.23355284106219187,23.011115166998934,15.452059744973667,0.23355284106219187
20260703_185002_516173,b0da4d9216a2bbfcc818675c756bd436b7c3e50f537880fa75c56fd8774d8151,36,2187632427,1055930884,2187632427,16,300,50,60,5,30,10.0,120,current,Optimized Pattern Generator,dynamic_session,Dynamic Session Pattern Assignment,50,6,360,74d8bb6dc1d3da181a1f77ea300e84a231380794b34d69231553cf3cf40de6ef,3699990517,b8d938bc6a08b4c6ff7aa93bd75c4a4a2f6926b3814e939379d49da34fdcff04,True,nomura_original_interval_hungarian_corr_off,A2 Ablation) Corr Off (DTW-only),False,300,300,0,0.0,300,247,0,0.8233333333333334,0.8233333333333334,0.0016713618017124509,0.20834577538548676,382.2033333333333,414.1,22.90566787499847,300,0,0,0,0,1.0,0.0,0.0,0.0,0.0,1.0,17.07,0.0,0.0,0.0,0.0,0.0,,0.0,0.0,15.347628215989971,7.341774984015501,0.0,0.21463242499157786,22.90403562499705,15.347628215989971,0.21463242499157786
20260703_185002_516173,b0da4d9216a2bbfcc818675c756bd436b7c3e50f537880fa75c56fd8774d8151,36,2187632427,542446191,2187632427,16,300,50,60,5,30,10.0,120,current,Optimized Pattern Generator,dynamic_session,Dynamic Session Pattern Assignment,50,6,360,74d8bb6dc1d3da181a1f77ea300e84a231380794b34d69231553cf3cf40de6ef,3699990517,b8d938bc6a08b4c6ff7aa93bd75c4a4a2f6926b3814e939379d49da34fdcff04,True,nomura_original_interval_hungarian_all_off,A2 Ablation) All Waveform Terms Off,False,300,300,0,0.0,300,233,0,0.7766666666666666,0.7766666666666666,1.3780002716333335,8.40000015,382.2033333333333,414.1,15.522589000000153,300,0,0,0,0,1.0,0.0,0.0,0.0,0.0,1.0,17.07,0.0,0.0,0.0,0.0,0.0,,0.0,0.0,15.29704937805218,0.00931678603956243,0.0,0.21454321091005113,15.520909375001793,15.29704937805218,0.21454321091005113
20260703_185002_516173,b0da4d9216a2bbfcc818675c756bd436b7c3e50f537880fa75c56fd8774d8151,36,2187632427,1367392798,2187632427,16,300,50,60,5,30,10.0,120,current,Optimized Pattern Generator,dynamic_session,Dynamic Session Pattern Assignment,50,6,360,74d8bb6dc1d3da181a1f77ea300e84a231380794b34d69231553cf3cf40de6ef,3699990517,b8d938bc6a08b4c6ff7aa93bd75c4a4a2f6926b3814e939379d49da34fdcff04,True,bayesian_windowed,A3) Bayesian Posterior + Hungarian + Lock,False,300,300,0,0.0,300,297,0,0.99,0.99,0.36370193266894635,1.3439039250237104,382.2033333333333,414.1,18.170563625004434,300,0,0,0,0,1.0,0.0,0.0,0.0,0.0,1.0,17.07,0.0,0.0,0.0,0.0,0.0,,0.0,0.0,15.308860463090241,2.6403275299671805,0.0,0.21966633994452422,18.168854333001946,15.308860463090241,0.21966633994452422
20260703_185002_516173,b0da4d9216a2bbfcc818675c756bd436b7c3e50f537880fa75c56fd8774d8151,36,2187632427,1856414605,2187632427,16,300,50,60,5,30,10.0,120,current,Optimized Pattern Generator,dynamic_session,Dynamic Session Pattern Assignment,50,6,360,74d8bb6dc1d3da181a1f77ea300e84a231380794b34d69231553cf3cf40de6ef,3699990517,b8d938bc6a08b4c6ff7aa93bd75c4a4a2f6926b3814e939379d49da34fdcff04,True,bayesian_windowed_lock_off,A3 Ablation) Lock Off,False,300,300,0,0.0,300,297,0,0.99,0.99,0.3637135604905858,1.3439039250237104,382.2033333333333,414.1,18.25180883300345,300,0,0,0,0,1.0,0.0,0.0,0.0,0.0,1.0,17.07,0.0,0.0,0.0,0.0,0.0,,0.0,0.0,15.35717517696321,2.6544523629927426,0.0,0.23845158504263964,18.250079124998592,15.35717517696321,0.23845158504263964
20260703_185002_516173,b0da4d9216a2bbfcc818675c756bd436b7c3e50f537880fa75c56fd8774d8151,36,2187632427,1977915784,2187632427,16,300,50,60,5,30,10.0,120,current,Optimized Pattern Generator,dynamic_session,Dynamic Session Pattern Assignment,50,6,360,74d8bb6dc1d3da181a1f77ea300e84a231380794b34d69231553cf3cf40de6ef,3699990517,b8d938bc6a08b4c6ff7aa93bd75c4a4a2f6926b3814e939379d49da34fdcff04,True,bayesian_windowed_memory_off,A3 Ablation) Posterior Memory Off,False,300,300,0,0.0,300,292,0,0.9733333333333334,0.9733333333333334,0.6418492905669653,1.8489893272931253,382.2033333333333,414.1,18.202940749994013,300,0,0,0,0,1.0,0.0,0.0,0.0,0.0,1.0,17.07,0.0,0.0,0.0,0.0,0.0,,0.0,0.0,15.33431620002375,2.650888653995935,0.0,0.21597722997830715,18.201182083997992,15.33431620002375,0.21597722997830715
20260703_185002_516173,b0da4d9216a2bbfcc818675c756bd436b7c3e50f537880fa75c56fd8774d8151,36,2187632427,2395032888,2187632427,16,300,50,60,5,30,10.0,120,current,Optimized Pattern Generator,dynamic_session,Dynamic Session Pattern Assignment,50,6,360,74d8bb6dc1d3da181a1f77ea300e84a231380794b34d69231553cf3cf40de6ef,3699990517,b8d938bc6a08b4c6ff7aa93bd75c4a4a2f6926b3814e939379d49da34fdcff04,True,bayesian_windowed_timeprior_off,A3 Ablation) Time Prior Off,False,300,300,0,0.0,300,297,0,0.99,0.99,0.3658460191849592,1.3439039250237104,382.2033333333333,414.1,18.240758792002453,300,0,0,0,0,1.0,0.0,0.0,0.0,0.0,1.0,17.07,0.0,0.0,0.0,0.0,0.0,,0.0,0.0,15.37191841492313,2.6504779479582794,0.0,0.21662763711356092,18.23902399999497,15.37191841492313,0.21662763711356092
20260703_185002_516173,b0da4d9216a2bbfcc818675c756bd436b7c3e50f537880fa75c56fd8774d8151,36,2187632427,433795918,2187632427,16,300,50,60,5,30,10.0,120,current,Optimized Pattern Generator,dynamic_session,Dynamic Session Pattern Assignment,50,6,360,74d8bb6dc1d3da181a1f77ea300e84a231380794b34d69231553cf3cf40de6ef,3699990517,b8d938bc6a08b4c6ff7aa93bd75c4a4a2f6926b3814e939379d49da34fdcff04,True,bayesian_windowed_all_off,A3 Ablation) Time Prior + Memory + Lock Off,False,300,300,0,0.0,300,292,0,0.9733333333333334,0.9733333333333334,0.6429149821877654,1.849593303590211,382.2033333333333,414.1,18.256359292005072,300,0,0,0,0,1.0,0.0,0.0,0.0,0.0,1.0,17.07,0.0,0.0,0.0,0.0,0.0,,0.0,0.0,15.392988920997595,2.647016156974132,0.0,0.2146228800265817,18.25462795799831,15.392988920997595,0.2146228800265817
20260703_185002_516173,b0da4d9216a2bbfcc818675c756bd436b7c3e50f537880fa75c56fd8774d8151,37,2187632428,1233724800,2187632428,17,300,50,60,5,30,10.0,120,current,Optimized Pattern Generator,dynamic_session,Dynamic Session Pattern Assignment,50,6,360,9b4385818f08011fbaafd3b4ce004e568f896027906007518572126bf9c2fcbb,3699990514,a0d896d7d9dddf93bef518d2e8f99ff450cc1b7936c1aee7b94b6a277de0fb8d,True,single_only,A1) Refined Cost + Greedy 1:1,True,300,300,0,0.0,300,286,0,0.9533333333333334,0.9533333333333334,1.1458038020508434,5.386107922611045,382.16,412.20000000000005,18.046737584001676,300,0,0,0,0,1.0,0.0,0.0,0.0,0.0,1.0,16.6,0.0,0.0,0.0,0.0,0.0,,0.0,0.0,14.91032682396326,2.9189572820178,0.0,0.21583364401885774,18.045117749999918,14.91032682396326,0.21583364401885774
20260703_185002_516173,b0da4d9216a2bbfcc818675c756bd436b7c3e50f537880fa75c56fd8774d8151,37,2187632428,1545686458,2187632428,17,300,50,60,5,30,10.0,120,current,Optimized Pattern Generator,dynamic_session,Dynamic Session Pattern Assignment,50,6,360,9b4385818f08011fbaafd3b4ce004e568f896027906007518572126bf9c2fcbb,3699990514,a0d896d7d9dddf93bef518d2e8f99ff450cc1b7936c1aee7b94b6a277de0fb8d,True,single_only_dtw_off,A1 Ablation) DTW Off,False,300,300,0,0.0,300,283,0,0.9433333333333334,0.9433333333333334,0.8867446981777778,3.7633333333333336,382.16,412.20000000000005,18.047336416006146,300,0,0,0,0,1.0,0.0,0.0,0.0,0.0,1.0,16.6,0.0,0.0,0.0,0.0,0.0,,0.0,0.0,14.92107750300056,2.9101575380191207,0.0,0.21448133398371283,18.045716375003394,14.92107750300056,0.21448133398371283
20260703_185002_516173,b0da4d9216a2bbfcc818675c756bd436b7c3e50f537880fa75c56fd8774d8151,37,2187632428,866312266,2187632428,17,300,50,60,5,30,10.0,120,current,Optimized Pattern Generator,dynamic_session,Dynamic Session Pattern Assignment,50,6,360,9b4385818f08011fbaafd3b4ce004e568f896027906007518572126bf9c2fcbb,3699990514,a0d896d7d9dddf93bef518d2e8f99ff450cc1b7936c1aee7b94b6a277de0fb8d,True,single_only_step_off,A1 Ablation) Step Signature Off,False,300,300,0,0.0,300,265,0,0.8833333333333333,0.8833333333333333,0.21286756038781673,0.8904683053935432,382.16,412.20000000000005,18.11187137500383,300,0,0,0,0,1.0,0.0,0.0,0.0,0.0,1.0,16.6,0.0,0.0,0.0,0.0,0.0,,0.0,0.0,14.961655673054338,2.9121519499021815,0.0,0.23638129403843777,18.110188916994957,14.961655673054338,0.23638129403843777
20260703_185002_516173,b0da4d9216a2bbfcc818675c756bd436b7c3e50f537880fa75c56fd8774d8151,37,2187632428,1815193630,2187632428,17,300,50,60,5,30,10.0,120,current,Optimized Pattern Generator,dynamic_session,Dynamic Session Pattern Assignment,50,6,360,9b4385818f08011fbaafd3b4ce004e568f896027906007518572126bf9c2fcbb,3699990514,a0d896d7d9dddf93bef518d2e8f99ff450cc1b7936c1aee7b94b6a277de0fb8d,True,single_only_all_off,A1 Ablation) All Waveform Terms Off,False,300,300,0,0.0,300,246,0,0.82,0.82,1.4066669171333335,7.60000046,382.16,412.20000000000005,15.13079608300177,300,0,0,0,0,1.0,0.0,0.0,0.0,0.0,1.0,16.6,0.0,0.0,0.0,0.0,0.0,,0.0,0.0,14.901107586898434,0.009180293011013418,0.0,0.21887353609054117,15.129161415999988,14.901107586898434,0.21887353609054117
20260703_185002_516173,b0da4d9216a2bbfcc818675c756bd436b7c3e50f537880fa75c56fd8774d8151,37,2187632428,2184921349,2187632428,17,300,50,60,5,30,10.0,120,current,Optimized Pattern Generator,dynamic_session,Dynamic Session Pattern Assignment,50,6,360,9b4385818f08011fbaafd3b4ce004e568f896027906007518572126bf9c2fcbb,3699990514,a0d896d7d9dddf93bef518d2e8f99ff450cc1b7936c1aee7b94b6a277de0fb8d,True,nomura_original_interval_hungarian,A2) Corr+DTW + Hungarian,False,300,300,0,0.0,300,278,0,0.9266666666666666,0.9266666666666666,0.09142154375560908,0.3623588561227332,382.16,412.20000000000005,22.311111250004615,300,0,0,0,0,1.0,0.0,0.0,0.0,0.0,1.0,16.6,0.0,0.0,0.0,0.0,0.0,,0.0,0.0,14.981945583014749,7.106025655964913,0.0,0.22143734501878498,22.309408583998447,14.981945583014749,0.22143734501878498
20260703_185002_516173,b0da4d9216a2bbfcc818675c756bd436b7c3e50f537880fa75c56fd8774d8151,37,2187632428,2176353903,2187632428,17,300,50,60,5,30,10.0,120,current,Optimized Pattern Generator,dynamic_session,Dynamic Session Pattern Assignment,50,6,360,9b4385818f08011fbaafd3b4ce004e568f896027906007518572126bf9c2fcbb,3699990514,a0d896d7d9dddf93bef518d2e8f99ff450cc1b7936c1aee7b94b6a277de0fb8d,True,nomura_original_interval_hungarian_dtw_off,A2 Ablation) DTW Off (Corr-only),False,300,300,0,0.0,300,268,0,0.8933333333333333,0.8933333333333333,0.08407130069575491,0.33539623553405606,382.16,412.20000000000005,22.324897250000504,300,0,0,0,0,1.0,0.0,0.0,0.0,0.0,1.0,16.6,0.0,0.0,0.0,0.0,0.0,,0.0,0.0,14.974931793018186,7.133402483959799,0.0,0.2149115980209899,22.323245874998975,14.974931793018186,0.2149115980209899
20260703_185002_516173,b0da4d9216a2bbfcc818675c756bd436b7c3e50f537880fa75c56fd8774d8151,37,2187632428,1055930883,2187632428,17,300,50,60,5,30,10.0,120,current,Optimized Pattern Generator,dynamic_session,Dynamic Session Pattern Assignment,50,6,360,9b4385818f08011fbaafd3b4ce004e568f896027906007518572126bf9c2fcbb,3699990514,a0d896d7d9dddf93bef518d2e8f99ff450cc1b7936c1aee7b94b6a277de0fb8d,True,nomura_original_interval_hungarian_corr_off,A2 Ablation) Corr Off (DTW-only),False,300,300,0,0.0,300,253,0,0.8433333333333334,0.8433333333333334,0.0002293494017094229,0.04994441434514631,382.16,412.20000000000005,22.20748187499703,300,0,0,0,0,1.0,0.0,0.0,0.0,0.0,1.0,16.6,0.0,0.0,0.0,0.0,0.0,,0.0,0.0,14.855919032990641,7.1117410699880566,0.0,0.23819514701608568,22.205855249994784,14.855919032990641,0.23819514701608568
20260703_185002_516173,b0da4d9216a2bbfcc818675c756bd436b7c3e50f537880fa75c56fd8774d8151,37,2187632428,542446184,2187632428,17,300,50,60,5,30,10.0,120,current,Optimized Pattern Generator,dynamic_session,Dynamic Session Pattern Assignment,50,6,360,9b4385818f08011fbaafd3b4ce004e568f896027906007518572126bf9c2fcbb,3699990514,a0d896d7d9dddf93bef518d2e8f99ff450cc1b7936c1aee7b94b6a277de0fb8d,True,nomura_original_interval_hungarian_all_off,A2 Ablation) All Waveform Terms Off,False,300,300,0,0.0,300,246,0,0.82,0.82,1.4066669171333335,7.60000046,382.16,412.20000000000005,15.066404417004378,300,0,0,0,0,1.0,0.0,0.0,0.0,0.0,1.0,16.6,0.0,0.0,0.0,0.0,0.0,,0.0,0.0,14.839262626046548,0.009382959106005728,0.0,0.2161487898483756,15.064794375000929,14.839262626046548,0.2161487898483756
20260703_185002_516173,b0da4d9216a2bbfcc818675c756bd436b7c3e50f537880fa75c56fd8774d8151,37,2187632428,1367392793,2187632428,17,300,50,60,5,30,10.0,120,current,Optimized Pattern Generator,dynamic_session,Dynamic Session Pattern Assignment,50,6,360,9b4385818f08011fbaafd3b4ce004e568f896027906007518572126bf9c2fcbb,3699990514,a0d896d7d9dddf93bef518d2e8f99ff450cc1b7936c1aee7b94b6a277de0fb8d,True,bayesian_windowed,A3) Bayesian Posterior + Hungarian + Lock,False,300,300,0,0.0,300,297,0,0.99,0.99,0.3335338629115468,1.6442096324006625,382.16,412.20000000000005,17.673280499999237,300,0,0,0,0,1.0,0.0,0.0,0.0,0.0,1.0,16.6,0.0,0.0,0.0,0.0,0.0,,0.0,0.0,14.882166666953708,2.5758182389545254,0.0,0.21364792709209723,17.67163283300033,14.882166666953708,0.21364792709209723
20260703_185002_516173,b0da4d9216a2bbfcc818675c756bd436b7c3e50f537880fa75c56fd8774d8151,37,2187632428,1856414602,2187632428,17,300,50,60,5,30,10.0,120,current,Optimized Pattern Generator,dynamic_session,Dynamic Session Pattern Assignment,50,6,360,9b4385818f08011fbaafd3b4ce004e568f896027906007518572126bf9c2fcbb,3699990514,a0d896d7d9dddf93bef518d2e8f99ff450cc1b7936c1aee7b94b6a277de0fb8d,True,bayesian_windowed_lock_off,A3 Ablation) Lock Off,False,300,300,0,0.0,300,297,0,0.99,0.99,0.3335378788115909,1.6442096324006625,382.16,412.20000000000005,17.681728000003204,300,0,0,0,0,1.0,0.0,0.0,0.0,0.0,1.0,16.6,0.0,0.0,0.0,0.0,0.0,,0.0,0.0,14.89199183807068,2.573733823010116,0.0,0.2143290889216587,17.680054750002455,14.89199183807068,0.2143290889216587
20260703_185002_516173,b0da4d9216a2bbfcc818675c756bd436b7c3e50f537880fa75c56fd8774d8151,37,2187632428,1977915791,2187632428,17,300,50,60,5,30,10.0,120,current,Optimized Pattern Generator,dynamic_session,Dynamic Session Pattern Assignment,50,6,360,9b4385818f08011fbaafd3b4ce004e568f896027906007518572126bf9c2fcbb,3699990514,a0d896d7d9dddf93bef518d2e8f99ff450cc1b7936c1aee7b94b6a277de0fb8d,True,bayesian_windowed_memory_off,A3 Ablation) Posterior Memory Off,False,300,300,0,0.0,300,286,0,0.9533333333333334,0.9533333333333334,0.6004053112386389,1.9073441268269544,382.16,412.20000000000005,17.677044666997972,300,0,0,0,0,1.0,0.0,0.0,0.0,0.0,1.0,16.6,0.0,0.0,0.0,0.0,0.0,,0.0,0.0,14.872735376964556,2.5834973650198663,0.0,0.2191805500187911,17.675413292003213,14.872735376964556,0.2191805500187911
20260703_185002_516173,b0da4d9216a2bbfcc818675c756bd436b7c3e50f537880fa75c56fd8774d8151,37,2187632428,2395032895,2187632428,17,300,50,60,5,30,10.0,120,current,Optimized Pattern Generator,dynamic_session,Dynamic Session Pattern Assignment,50,6,360,9b4385818f08011fbaafd3b4ce004e568f896027906007518572126bf9c2fcbb,3699990514,a0d896d7d9dddf93bef518d2e8f99ff450cc1b7936c1aee7b94b6a277de0fb8d,True,bayesian_windowed_timeprior_off,A3 Ablation) Time Prior Off,False,300,300,0,0.0,300,297,0,0.99,0.99,0.33595045050778743,1.6442096324006625,382.16,412.20000000000005,17.654067000003124,300,0,0,0,0,1.0,0.0,0.0,0.0,0.0,1.0,16.6,0.0,0.0,0.0,0.0,0.0,,0.0,0.0,14.86004087904439,2.5757468269002857,0.0,0.21658054405270377,17.65236824999738,14.86004087904439,0.21658054405270377
20260703_185002_516173,b0da4d9216a2bbfcc818675c756bd436b7c3e50f537880fa75c56fd8774d8151,37,2187632428,433795913,2187632428,17,300,50,60,5,30,10.0,120,current,Optimized Pattern Generator,dynamic_session,Dynamic Session Pattern Assignment,50,6,360,9b4385818f08011fbaafd3b4ce004e568f896027906007518572126bf9c2fcbb,3699990514,a0d896d7d9dddf93bef518d2e8f99ff450cc1b7936c1aee7b94b6a277de0fb8d,True,bayesian_windowed_all_off,A3 Ablation) Time Prior + Memory + Lock Off,False,300,300,0,0.0,300,286,0,0.9533333333333334,0.9533333333333334,0.6016476590984654,1.9073441268269544,382.16,412.20000000000005,17.666335583002365,300,0,0,0,0,1.0,0.0,0.0,0.0,0.0,1.0,16.6,0.0,0.0,0.0,0.0,0.0,,0.0,0.0,14.867855239972414,2.579263649007771,0.0,0.21749127801740542,17.66461016699759,14.867855239972414,0.21749127801740542
20260703_185002_516173,b0da4d9216a2bbfcc818675c756bd436b7c3e50f537880fa75c56fd8774d8151,38,2187632429,1233724801,2187632429,18,300,50,60,5,30,10.0,120,current,Optimized Pattern Generator,dynamic_session,Dynamic Session Pattern Assignment,50,6,360,ca3a4e3a5010b6c4a9008cb480ea4c59cb0b817de95738b0b1f4880594c0ee5b,3699990515,546672b6ebcf21e6c3d19093dbd3d3e2eff00dfe4386aa33a5eab58c1d72c0fd,True,single_only,A1) Refined Cost + Greedy 1:1,True,300,300,0,0.0,300,281,0,0.9366666666666666,0.9366666666666666,1.1187471497387245,4.923727059654544,379.4033333333333,409.1,18.784602375002578,300,0,0,0,0,1.0,0.0,0.0,0.0,0.0,1.0,17.37,0.0,0.0,0.0,0.0,0.0,,0.0,0.0,15.527116508921608,3.0393037760150037,0.0,0.21651729806035291,18.782937582996965,15.527116508921608,0.21651729806035291
20260703_185002_516173,b0da4d9216a2bbfcc818675c756bd436b7c3e50f537880fa75c56fd8774d8151,38,2187632429,1545686459,2187632429,18,300,50,60,5,30,10.0,120,current,Optimized Pattern Generator,dynamic_session,Dynamic Session Pattern Assignment,50,6,360,ca3a4e3a5010b6c4a9008cb480ea4c59cb0b817de95738b0b1f4880594c0ee5b,3699990515,546672b6ebcf21e6c3d19093dbd3d3e2eff00dfe4386aa33a5eab58c1d72c0fd,True,single_only_dtw_off,A1 Ablation) DTW Off,False,300,300,0,0.0,300,277,0,0.9233333333333333,0.9233333333333333,0.8767335829000001,3.693333803333333,379.4033333333333,409.1,18.789306792001298,300,0,0,0,0,1.0,0.0,0.0,0.0,0.0,1.0,17.37,0.0,0.0,0.0,0.0,0.0,,0.0,0.0,15.532292801901349,3.0394954640069045,0.0,0.21590285909041995,18.787691124998673,15.532292801901349,0.21590285909041995
20260703_185002_516173,b0da4d9216a2bbfcc818675c756bd436b7c3e50f537880fa75c56fd8774d8151,38,2187632429,866312267,2187632429,18,300,50,60,5,30,10.0,120,current,Optimized Pattern Generator,dynamic_session,Dynamic Session Pattern Assignment,50,6,360,ca3a4e3a5010b6c4a9008cb480ea4c59cb0b817de95738b0b1f4880594c0ee5b,3699990515,546672b6ebcf21e6c3d19093dbd3d3e2eff00dfe4386aa33a5eab58c1d72c0fd,True,single_only_step_off,A1 Ablation) Step Signature Off,False,300,300,0,0.0,300,266,0,0.8866666666666667,0.8866666666666667,0.1951881348961369,1.0000000800000006,379.4033333333333,409.1,18.79696816700016,300,0,0,0,0,1.0,0.0,0.0,0.0,0.0,1.0,17.37,0.0,0.0,0.0,0.0,0.0,,0.0,0.0,15.531408220049343,3.0437453700069454,0.0,0.22019270094460808,18.795346291000897,15.531408220049343,0.22019270094460808
20260703_185002_516173,b0da4d9216a2bbfcc818675c756bd436b7c3e50f537880fa75c56fd8774d8151,38,2187632429,1815193631,2187632429,18,300,50,60,5,30,10.0,120,current,Optimized Pattern Generator,dynamic_session,Dynamic Session Pattern Assignment,50,6,360,ca3a4e3a5010b6c4a9008cb480ea4c59cb0b817de95738b0b1f4880594c0ee5b,3699990515,546672b6ebcf21e6c3d19093dbd3d3e2eff00dfe4386aa33a5eab58c1d72c0fd,True,single_only_all_off,A1 Ablation) All Waveform Terms Off,False,300,300,0,0.0,300,245,0,0.8166666666666667,0.8166666666666667,1.2616669066333335,8.3000001,379.4033333333333,409.1,15.733929375004664,300,0,0,0,0,1.0,0.0,0.0,0.0,0.0,1.0,17.37,0.0,0.0,0.0,0.0,0.0,,0.0,0.0,15.493509790096141,0.009429409001313616,0.0,0.22929955090512522,15.73223875000258,15.493509790096141,0.22929955090512522
20260703_185002_516173,b0da4d9216a2bbfcc818675c756bd436b7c3e50f537880fa75c56fd8774d8151,38,2187632429,2184921348,2187632429,18,300,50,60,5,30,10.0,120,current,Optimized Pattern Generator,dynamic_session,Dynamic Session Pattern Assignment,50,6,360,ca3a4e3a5010b6c4a9008cb480ea4c59cb0b817de95738b0b1f4880594c0ee5b,3699990515,546672b6ebcf21e6c3d19093dbd3d3e2eff00dfe4386aa33a5eab58c1d72c0fd,True,nomura_original_interval_hungarian,A2) Corr+DTW + Hungarian,False,300,300,0,0.0,300,272,0,0.9066666666666666,0.9066666666666666,0.08224047160152237,0.4090313343500857,379.4033333333333,409.1,23.1845276669992,300,0,0,0,0,1.0,0.0,0.0,0.0,0.0,1.0,17.37,0.0,0.0,0.0,0.0,0.0,,0.0,0.0,15.53776058605581,7.424069731008785,0.0,0.22103680793952662,23.182867125004122,15.53776058605581,0.22103680793952662
20260703_185002_516173,b0da4d9216a2bbfcc818675c756bd436b7c3e50f537880fa75c56fd8774d8151,38,2187632429,2176353902,2187632429,18,300,50,60,5,30,10.0,120,current,Optimized Pattern Generator,dynamic_session,Dynamic Session Pattern Assignment,50,6,360,ca3a4e3a5010b6c4a9008cb480ea4c59cb0b817de95738b0b1f4880594c0ee5b,3699990515,546672b6ebcf21e6c3d19093dbd3d3e2eff00dfe4386aa33a5eab58c1d72c0fd,True,nomura_original_interval_hungarian_dtw_off,A2 Ablation) DTW Off (Corr-only),False,300,300,0,0.0,300,272,0,0.9066666666666666,0.9066666666666666,0.07779496504954632,0.36049238200791905,379.4033333333333,409.1,23.196960917004617,300,0,0,0,0,1.0,0.0,0.0,0.0,0.0,1.0,17.37,0.0,0.0,0.0,0.0,0.0,,0.0,0.0,15.531413660006365,7.444423051048943,0.0,0.2194618309440557,23.195298541999364,15.531413660006365,0.2194618309440557
20260703_185002_516173,b0da4d9216a2bbfcc818675c756bd436b7c3e50f537880fa75c56fd8774d8151,38,2187632429,1055930882,2187632429,18,300,50,60,5,30,10.0,120,current,Optimized Pattern Generator,dynamic_session,Dynamic Session Pattern Assignment,50,6,360,ca3a4e3a5010b6c4a9008cb480ea4c59cb0b817de95738b0b1f4880594c0ee5b,3699990515,546672b6ebcf21e6c3d19093dbd3d3e2eff00dfe4386aa33a5eab58c1d72c0fd,True,nomura_original_interval_hungarian_corr_off,A2 Ablation) Corr Off (DTW-only),False,300,300,0,0.0,300,260,0,0.8666666666666667,0.8666666666666667,0.0007825729714763055,0.15361460496397625,379.4033333333333,409.1,23.219341000003624,300,0,0,0,0,1.0,0.0,0.0,0.0,0.0,1.0,17.37,0.0,0.0,0.0,0.0,0.0,,0.0,0.0,15.544669826020254,7.435449961041741,0.0,0.2375484629374114,23.217668249999406,15.544669826020254,0.2375484629374114
20260703_185002_516173,b0da4d9216a2bbfcc818675c756bd436b7c3e50f537880fa75c56fd8774d8151,38,2187632429,542446185,2187632429,18,300,50,60,5,30,10.0,120,current,Optimized Pattern Generator,dynamic_session,Dynamic Session Pattern Assignment,50,6,360,ca3a4e3a5010b6c4a9008cb480ea4c59cb0b817de95738b0b1f4880594c0ee5b,3699990515,546672b6ebcf21e6c3d19093dbd3d3e2eff00dfe4386aa33a5eab58c1d72c0fd,True,nomura_original_interval_hungarian_all_off,A2 Ablation) All Waveform Terms Off,False,300,300,0,0.0,300,245,0,0.8166666666666667,0.8166666666666667,1.2616669066333335,8.3000001,379.4033333333333,409.1,15.755331707994628,300,0,0,0,0,1.0,0.0,0.0,0.0,0.0,1.0,17.37,0.0,0.0,0.0,0.0,0.0,,0.0,0.0,15.524553080940677,0.0095294010170619,0.0,0.21956085204146802,15.753643333999207,15.524553080940677,0.21956085204146802
20260703_185002_516173,b0da4d9216a2bbfcc818675c756bd436b7c3e50f537880fa75c56fd8774d8151,38,2187632429,1367392792,2187632429,18,300,50,60,5,30,10.0,120,current,Optimized Pattern Generator,dynamic_session,Dynamic Session Pattern Assignment,50,6,360,ca3a4e3a5010b6c4a9008cb480ea4c59cb0b817de95738b0b1f4880594c0ee5b,3699990515,546672b6ebcf21e6c3d19093dbd3d3e2eff00dfe4386aa33a5eab58c1d72c0fd,True,bayesian_windowed,A3) Bayesian Posterior + Hungarian + Lock,False,300,300,0,0.0,300,289,0,0.9633333333333334,0.9633333333333334,0.35440905339677714,1.3612170965298012,379.4033333333333,409.1,18.484401667003112,300,0,0,0,0,1.0,0.0,0.0,0.0,0.0,1.0,17.37,0.0,0.0,0.0,0.0,0.0,,0.0,0.0,15.567581040049845,2.695482124996488,0.0,0.21964608495181892,18.482709249998152,15.567581040049845,0.21964608495181892
20260703_185002_516173,b0da4d9216a2bbfcc818675c756bd436b7c3e50f537880fa75c56fd8774d8151,38,2187632429,1856414603,2187632429,18,300,50,60,5,30,10.0,120,current,Optimized Pattern Generator,dynamic_session,Dynamic Session Pattern Assignment,50,6,360,ca3a4e3a5010b6c4a9008cb480ea4c59cb0b817de95738b0b1f4880594c0ee5b,3699990515,546672b6ebcf21e6c3d19093dbd3d3e2eff00dfe4386aa33a5eab58c1d72c0fd,True,bayesian_windowed_lock_off,A3 Ablation) Lock Off,False,300,300,0,0.0,300,289,0,0.9633333333333334,0.9633333333333334,0.3544400538098506,1.3612170965298012,379.4033333333333,409.1,18.496120957999665,300,0,0,0,0,1.0,0.0,0.0,0.0,0.0,1.0,17.37,0.0,0.0,0.0,0.0,0.0,,0.0,0.0,15.571858209994389,2.7016824070815346,0.0,0.22093692492489936,18.494477542000823,15.571858209994389,0.22093692492489936
20260703_185002_516173,b0da4d9216a2bbfcc818675c756bd436b7c3e50f537880fa75c56fd8774d8151,38,2187632429,1977915790,2187632429,18,300,50,60,5,30,10.0,120,current,Optimized Pattern Generator,dynamic_session,Dynamic Session Pattern Assignment,50,6,360,ca3a4e3a5010b6c4a9008cb480ea4c59cb0b817de95738b0b1f4880594c0ee5b,3699990515,546672b6ebcf21e6c3d19093dbd3d3e2eff00dfe4386aa33a5eab58c1d72c0fd,True,bayesian_windowed_memory_off,A3 Ablation) Posterior Memory Off,False,300,300,0,0.0,300,281,0,0.9366666666666666,0.9366666666666666,0.5961709023608204,1.8973374725288181,379.4033333333333,409.1,18.496923375001643,300,0,0,0,0,1.0,0.0,0.0,0.0,0.0,1.0,17.37,0.0,0.0,0.0,0.0,0.0,,0.0,0.0,15.562295336902025,2.6994178220411413,0.0,0.23353250805666903,18.495245666999836,15.562295336902025,0.23353250805666903
20260703_185002_516173,b0da4d9216a2bbfcc818675c756bd436b7c3e50f537880fa75c56fd8774d8151,38,2187632429,2395032894,2187632429,18,300,50,60,5,30,10.0,120,current,Optimized Pattern Generator,dynamic_session,Dynamic Session Pattern Assignment,50,6,360,ca3a4e3a5010b6c4a9008cb480ea4c59cb0b817de95738b0b1f4880594c0ee5b,3699990515,546672b6ebcf21e6c3d19093dbd3d3e2eff00dfe4386aa33a5eab58c1d72c0fd,True,bayesian_windowed_timeprior_off,A3 Ablation) Time Prior Off,False,300,300,0,0.0,300,289,0,0.9633333333333334,0.9633333333333334,0.3562744085446603,1.3632232507579796,379.4033333333333,409.1,18.47203629100113,300,0,0,0,0,1.0,0.0,0.0,0.0,0.0,1.0,17.37,0.0,0.0,0.0,0.0,0.0,,0.0,0.0,15.551407454986474,2.6969522880681325,0.0,0.2219676319436985,18.470327374998305,15.551407454986474,0.2219676319436985
20260703_185002_516173,b0da4d9216a2bbfcc818675c756bd436b7c3e50f537880fa75c56fd8774d8151,38,2187632429,433795912,2187632429,18,300,50,60,5,30,10.0,120,current,Optimized Pattern Generator,dynamic_session,Dynamic Session Pattern Assignment,50,6,360,ca3a4e3a5010b6c4a9008cb480ea4c59cb0b817de95738b0b1f4880594c0ee5b,3699990515,546672b6ebcf21e6c3d19093dbd3d3e2eff00dfe4386aa33a5eab58c1d72c0fd,True,bayesian_windowed_all_off,A3 Ablation) Time Prior + Memory + Lock Off,False,300,300,0,0.0,300,281,0,0.9366666666666666,0.9366666666666666,0.5971317330499355,1.897732452956623,379.4033333333333,409.1,18.46555087500019,300,0,0,0,0,1.0,0.0,0.0,0.0,0.0,1.0,17.37,0.0,0.0,0.0,0.0,0.0,,0.0,0.0,15.548759038014396,2.6942274950488354,0.0,0.2208417169385939,18.463828250001825,15.548759038014396,0.2208417169385939
20260703_185002_516173,b0da4d9216a2bbfcc818675c756bd436b7c3e50f537880fa75c56fd8774d8151,39,2187632430,1233724802,2187632430,19,300,50,60,5,30,10.0,120,current,Optimized Pattern Generator,dynamic_session,Dynamic Session Pattern Assignment,50,6,360,caff67341b8c16be6d737c034c7f2debc854621714c43db038527c819eed1a76,3699990512,2b9e7a3dbac85956792b5f725c493be17ee64dc46d00328e769fccf01b53de14,True,single_only,A1) Refined Cost + Greedy 1:1,True,300,300,0,0.0,300,286,0,0.9533333333333334,0.9533333333333334,1.0699219003154432,9.181412431080208,379.35333333333335,412.1,18.516132042001118,300,0,0,0,0,1.0,0.0,0.0,0.0,0.0,1.0,17.133333333333333,0.0,0.0,0.0,0.0,0.0,,0.0,0.0,15.307075081967923,2.9885026620177086,0.0,0.2188625900162151,18.514440334001847,15.307075081967923,0.2188625900162151
20260703_185002_516173,b0da4d9216a2bbfcc818675c756bd436b7c3e50f537880fa75c56fd8774d8151,39,2187632430,1545686456,2187632430,19,300,50,60,5,30,10.0,120,current,Optimized Pattern Generator,dynamic_session,Dynamic Session Pattern Assignment,50,6,360,caff67341b8c16be6d737c034c7f2debc854621714c43db038527c819eed1a76,3699990512,2b9e7a3dbac85956792b5f725c493be17ee64dc46d00328e769fccf01b53de14,True,single_only_dtw_off,A1 Ablation) DTW Off,False,300,300,0,0.0,300,278,0,0.9266666666666666,0.9266666666666666,0.8315224762222222,7.833333423333333,379.35333333333335,412.1,18.579577707998396,300,0,0,0,0,1.0,0.0,0.0,0.0,0.0,1.0,17.133333333333333,0.0,0.0,0.0,0.0,0.0,,0.0,0.0,15.345638135026093,3.0109453220429714,0.0,0.2213117089268053,18.57789516599587,15.345638135026093,0.2213117089268053
20260703_185002_516173,b0da4d9216a2bbfcc818675c756bd436b7c3e50f537880fa75c56fd8774d8151,39,2187632430,866312264,2187632430,19,300,50,60,5,30,10.0,120,current,Optimized Pattern Generator,dynamic_session,Dynamic Session Pattern Assignment,50,6,360,caff67341b8c16be6d737c034c7f2debc854621714c43db038527c819eed1a76,3699990512,2b9e7a3dbac85956792b5f725c493be17ee64dc46d00328e769fccf01b53de14,True,single_only_step_off,A1 Ablation) Step Signature Off,False,300,300,0,0.0,300,271,0,0.9033333333333333,0.9033333333333333,0.183608905477005,0.9888699310420929,379.35333333333335,412.1,18.560291458001302,300,0,0,0,0,1.0,0.0,0.0,0.0,0.0,1.0,17.133333333333333,0.0,0.0,0.0,0.0,0.0,,0.0,0.0,15.349818969982152,2.9929555351045565,0.0,0.21584891091333702,18.558623416000046,15.349818969982152,0.21584891091333702
20260703_185002_516173,b0da4d9216a2bbfcc818675c756bd436b7c3e50f537880fa75c56fd8774d8151,39,2187632430,1815193628,2187632430,19,300,50,60,5,30,10.0,120,current,Optimized Pattern Generator,dynamic_session,Dynamic Session Pattern Assignment,50,6,360,caff67341b8c16be6d737c034c7f2debc854621714c43db038527c819eed1a76,3699990512,2b9e7a3dbac85956792b5f725c493be17ee64dc46d00328e769fccf01b53de14,True,single_only_all_off,A1 Ablation) All Waveform Terms Off,False,300,300,0,0.0,300,239,0,0.7966666666666666,0.7966666666666666,1.2700002523333334,8.700000440000002,379.35333333333335,412.1,15.538157125003636,300,0,0,0,0,1.0,0.0,0.0,0.0,0.0,1.0,17.133333333333333,0.0,0.0,0.0,0.0,0.0,,0.0,0.0,15.2914875380593,0.009380490046169143,0.0,0.2357116798957577,15.536579708001227,15.2914875380593,0.2357116798957577
20260703_185002_516173,b0da4d9216a2bbfcc818675c756bd436b7c3e50f537880fa75c56fd8774d8151,39,2187632430,2184921351,2187632430,19,300,50,60,5,30,10.0,120,current,Optimized Pattern Generator,dynamic_session,Dynamic Session Pattern Assignment,50,6,360,caff67341b8c16be6d737c034c7f2debc854621714c43db038527c819eed1a76,3699990512,2b9e7a3dbac85956792b5f725c493be17ee64dc46d00328e769fccf01b53de14,True,nomura_original_interval_hungarian,A2) Corr+DTW + Hungarian,False,300,300,0,0.0,300,272,0,0.9066666666666666,0.9066666666666666,0.08606151310547823,0.47526950628510056,379.35333333333335,412.1,22.88153324999439,300,0,0,0,0,1.0,0.0,0.0,0.0,0.0,1.0,17.133333333333333,0.0,0.0,0.0,0.0,0.0,,0.0,0.0,15.325652698047634,7.338994109944906,0.0,0.21525081700383453,22.879897624996374,15.325652698047634,0.21525081700383453
20260703_185002_516173,b0da4d9216a2bbfcc818675c756bd436b7c3e50f537880fa75c56fd8774d8151,39,2187632430,2176353901,2187632430,19,300,50,60,5,30,10.0,120,current,Optimized Pattern Generator,dynamic_session,Dynamic Session Pattern Assignment,50,6,360,caff67341b8c16be6d737c034c7f2debc854621714c43db038527c819eed1a76,3699990512,2b9e7a3dbac85956792b5f725c493be17ee64dc46d00328e769fccf01b53de14,True,nomura_original_interval_hungarian_dtw_off,A2 Ablation) DTW Off (Corr-only),False,300,300,0,0.0,300,273,0,0.91,0.91,0.07480873880592442,0.26376463959856017,379.35333333333335,412.1,22.86325724999915,300,0,0,0,0,1.0,0.0,0.0,0.0,0.0,1.0,17.133333333333333,0.0,0.0,0.0,0.0,0.0,,0.0,0.0,15.310689496036503,7.3364778170362115,0.0,0.21450781192834256,22.861675125001057,15.310689496036503,0.21450781192834256
20260703_185002_516173,b0da4d9216a2bbfcc818675c756bd436b7c3e50f537880fa75c56fd8774d8151,39,2187632430,1055930881,2187632430,19,300,50,60,5,30,10.0,120,current,Optimized Pattern Generator,dynamic_session,Dynamic Session Pattern Assignment,50,6,360,caff67341b8c16be6d737c034c7f2debc854621714c43db038527c819eed1a76,3699990512,2b9e7a3dbac85956792b5f725c493be17ee64dc46d00328e769fccf01b53de14,True,nomura_original_interval_hungarian_corr_off,A2 Ablation) Corr Off (DTW-only),False,300,300,0,0.0,300,253,0,0.8433333333333334,0.8433333333333334,0.0018293274264599886,0.17973412902199085,379.35333333333335,412.1,22.87747387499985,300,0,0,0,0,1.0,0.0,0.0,0.0,0.0,1.0,17.133333333333333,0.0,0.0,0.0,0.0,0.0,,0.0,0.0,15.312088965038129,7.345696740914718,0.0,0.2181340850511333,22.87591979100398,15.312088965038129,0.2181340850511333
20260703_185002_516173,b0da4d9216a2bbfcc818675c756bd436b7c3e50f537880fa75c56fd8774d8151,39,2187632430,542446186,2187632430,19,300,50,60,5,30,10.0,120,current,Optimized Pattern Generator,dynamic_session,Dynamic Session Pattern Assignment,50,6,360,caff67341b8c16be6d737c034c7f2debc854621714c43db038527c819eed1a76,3699990512,2b9e7a3dbac85956792b5f725c493be17ee64dc46d00328e769fccf01b53de14,True,nomura_original_interval_hungarian_all_off,A2 Ablation) All Waveform Terms Off,False,300,300,0,0.0,300,239,0,0.7966666666666666,0.7966666666666666,1.2700002523333334,8.700000440000002,379.35333333333335,412.1,15.477023583996925,300,0,0,0,0,1.0,0.0,0.0,0.0,0.0,1.0,17.133333333333333,0.0,0.0,0.0,0.0,0.0,,0.0,0.0,15.237047003029147,0.009340997959952801,0.0,0.22898820701084333,15.475376207999943,15.237047003029147,0.22898820701084333
20260703_185002_516173,b0da4d9216a2bbfcc818675c756bd436b7c3e50f537880fa75c56fd8774d8151,39,2187632430,1367392795,2187632430,19,300,50,60,5,30,10.0,120,current,Optimized Pattern Generator,dynamic_session,Dynamic Session Pattern Assignment,50,6,360,caff67341b8c16be6d737c034c7f2debc854621714c43db038527c819eed1a76,3699990512,2b9e7a3dbac85956792b5f725c493be17ee64dc46d00328e769fccf01b53de14,True,bayesian_windowed,A3) Bayesian Posterior + Hungarian + Lock,False,300,300,0,0.0,300,291,0,0.97,0.97,0.33917602226769766,1.3899440580198184,379.35333333333335,412.1,18.228775042000052,300,0,0,0,0,1.0,0.0,0.0,0.0,0.0,1.0,17.133333333333333,0.0,0.0,0.0,0.0,0.0,,0.0,0.0,15.3495791299938,2.6563009150486323,0.0,0.22126178795588203,18.227141832998313,15.3495791299938,0.22126178795588203
20260703_185002_516173,b0da4d9216a2bbfcc818675c756bd436b7c3e50f537880fa75c56fd8774d8151,39,2187632430,1856414600,2187632430,19,300,50,60,5,30,10.0,120,current,Optimized Pattern Generator,dynamic_session,Dynamic Session Pattern Assignment,50,6,360,caff67341b8c16be6d737c034c7f2debc854621714c43db038527c819eed1a76,3699990512,2b9e7a3dbac85956792b5f725c493be17ee64dc46d00328e769fccf01b53de14,True,bayesian_windowed_lock_off,A3 Ablation) Lock Off,False,300,300,0,0.0,300,291,0,0.97,0.97,0.33918139946304504,1.3899440580198184,379.35333333333335,412.1,18.24628583300364,300,0,0,0,0,1.0,0.0,0.0,0.0,0.0,1.0,17.133333333333333,0.0,0.0,0.0,0.0,0.0,,0.0,0.0,15.374910366037511,2.652407091045461,0.0,0.21732187591987895,18.24463933300285,15.374910366037511,0.21732187591987895
20260703_185002_516173,b0da4d9216a2bbfcc818675c756bd436b7c3e50f537880fa75c56fd8774d8151,39,2187632430,1977915789,2187632430,19,300,50,60,5,30,10.0,120,current,Optimized Pattern Generator,dynamic_session,Dynamic Session Pattern Assignment,50,6,360,caff67341b8c16be6d737c034c7f2debc854621714c43db038527c819eed1a76,3699990512,2b9e7a3dbac85956792b5f725c493be17ee64dc46d00328e769fccf01b53de14,True,bayesian_windowed_memory_off,A3 Ablation) Posterior Memory Off,False,300,300,0,0.0,300,288,0,0.96,0.96,0.6039688858165491,1.5810845578676598,379.35333333333335,412.1,18.258699624995643,300,0,0,0,0,1.0,0.0,0.0,0.0,0.0,1.0,17.133333333333333,0.0,0.0,0.0,0.0,0.0,,0.0,0.0,15.356522547990608,2.6636666459671687,0.0,0.2367907230363926,18.25697991699417,15.356522547990608,0.2367907230363926
20260703_185002_516173,b0da4d9216a2bbfcc818675c756bd436b7c3e50f537880fa75c56fd8774d8151,39,2187632430,2395032893,2187632430,19,300,50,60,5,30,10.0,120,current,Optimized Pattern Generator,dynamic_session,Dynamic Session Pattern Assignment,50,6,360,caff67341b8c16be6d737c034c7f2debc854621714c43db038527c819eed1a76,3699990512,2b9e7a3dbac85956792b5f725c493be17ee64dc46d00328e769fccf01b53de14,True,bayesian_windowed_timeprior_off,A3 Ablation) Time Prior Off,False,300,300,0,0.0,300,291,0,0.97,0.97,0.34172145506288215,1.3932845047593256,379.35333333333335,412.1,18.277296541004034,300,0,0,0,0,1.0,0.0,0.0,0.0,0.0,1.0,17.133333333333333,0.0,0.0,0.0,0.0,0.0,,0.0,0.0,15.384912493005686,2.668719317916839,0.0,0.22202318907511653,18.27565499999764,15.384912493005686,0.22202318907511653
20260703_185002_516173,b0da4d9216a2bbfcc818675c756bd436b7c3e50f537880fa75c56fd8774d8151,39,2187632430,433795915,2187632430,19,300,50,60,5,30,10.0,120,current,Optimized Pattern Generator,dynamic_session,Dynamic Session Pattern Assignment,50,6,360,caff67341b8c16be6d737c034c7f2debc854621714c43db038527c819eed1a76,3699990512,2b9e7a3dbac85956792b5f725c493be17ee64dc46d00328e769fccf01b53de14,True,bayesian_windowed_all_off,A3 Ablation) Time Prior + Memory + Lock Off,False,300,300,0,0.0,300,286,0,0.9533333333333334,0.9533333333333334,0.604931435537431,1.5819468271002535,379.35333333333335,412.1,18.241213624998636,300,0,0,0,0,1.0,0.0,0.0,0.0,0.0,1.0,17.133333333333333,0.0,0.0,0.0,0.0,0.0,,0.0,0.0,15.361074292042758,2.6599850449420046,0.0,0.21845920401392505,18.239518540998688,15.361074292042758,0.21845920401392505
20260703_185002_516173,b0da4d9216a2bbfcc818675c756bd436b7c3e50f537880fa75c56fd8774d8151,40,2187632431,1233724803,2187632431,20,300,50,60,5,30,10.0,120,current,Optimized Pattern Generator,dynamic_session,Dynamic Session Pattern Assignment,50,6,360,82f0b3361796d285ea7dba014f4b4dbb950d8a9ef50a5a7410d8622cc0d40a1e,3699990513,529a9c1a3f8e494dbcc4a3051d2a4ea75e9e01b0c8909ba68dd484c99ab7d007,True,single_only,A1) Refined Cost + Greedy 1:1,True,300,300,0,0.0,300,290,0,0.9666666666666667,0.9666666666666667,1.0195592469013353,4.386180905410375,381.5966666666667,417.20000000000005,18.873160041999654,300,0,0,0,0,1.0,0.0,0.0,0.0,0.0,1.0,17.41,0.0,0.0,0.0,0.0,0.0,,0.0,0.0,15.593609129005927,3.0472007048811065,0.0,0.23067445811466314,18.871484292001696,15.593609129005927,0.23067445811466314
20260703_185002_516173,b0da4d9216a2bbfcc818675c756bd436b7c3e50f537880fa75c56fd8774d8151,40,2187632431,1545686457,2187632431,20,300,50,60,5,30,10.0,120,current,Optimized Pattern Generator,dynamic_session,Dynamic Session Pattern Assignment,50,6,360,82f0b3361796d285ea7dba014f4b4dbb950d8a9ef50a5a7410d8622cc0d40a1e,3699990513,529a9c1a3f8e494dbcc4a3051d2a4ea75e9e01b0c8909ba68dd484c99ab7d007,True,single_only_dtw_off,A1 Ablation) DTW Off,False,300,300,0,0.0,300,283,0,0.9433333333333334,0.9433333333333334,0.7827446878111112,3.42000019,381.5966666666667,417.20000000000005,18.885588416000246,300,0,0,0,0,1.0,0.0,0.0,0.0,0.0,1.0,17.41,0.0,0.0,0.0,0.0,0.0,,0.0,0.0,15.629260957073711,3.036921407961927,0.0,0.21771634296601405,18.883898708001652,15.629260957073711,0.21771634296601405
20260703_185002_516173,b0da4d9216a2bbfcc818675c756bd436b7c3e50f537880fa75c56fd8774d8151,40,2187632431,866312265,2187632431,20,300,50,60,5,30,10.0,120,current,Optimized Pattern Generator,dynamic_session,Dynamic Session Pattern Assignment,50,6,360,82f0b3361796d285ea7dba014f4b4dbb950d8a9ef50a5a7410d8622cc0d40a1e,3699990513,529a9c1a3f8e494dbcc4a3051d2a4ea75e9e01b0c8909ba68dd484c99ab7d007,True,single_only_step_off,A1 Ablation) Step Signature Off,False,300,300,0,0.0,300,264,0,0.88,0.88,0.18543538793255526,1.0345095413956702,381.5966666666667,417.20000000000005,18.883425416002865,300,0,0,0,0,1.0,0.0,0.0,0.0,0.0,1.0,17.41,0.0,0.0,0.0,0.0,0.0,,0.0,0.0,15.621035336967907,3.0396713700029068,0.0,0.22098829303286038,18.881695000003674,15.621035336967907,0.22098829303286038
20260703_185002_516173,b0da4d9216a2bbfcc818675c756bd436b7c3e50f537880fa75c56fd8774d8151,40,2187632431,1815193629,2187632431,20,300,50,60,5,30,10.0,120,current,Optimized Pattern Generator,dynamic_session,Dynamic Session Pattern Assignment,50,6,360,82f0b3361796d285ea7dba014f4b4dbb950d8a9ef50a5a7410d8622cc0d40a1e,3699990513,529a9c1a3f8e494dbcc4a3051d2a4ea75e9e01b0c8909ba68dd484c99ab7d007,True,single_only_all_off,A1 Ablation) All Waveform Terms Off,False,300,300,0,0.0,300,243,0,0.81,0.81,1.2866669082333333,8.20000029,381.5966666666667,417.20000000000005,15.784777790999215,300,0,0,0,0,1.0,0.0,0.0,0.0,0.0,1.0,17.41,0.0,0.0,0.0,0.0,0.0,,0.0,0.0,15.53555695500836,0.009443338953133207,0.0,0.23808662303781603,15.78308691699931,15.53555695500836,0.23808662303781603
20260703_185002_516173,b0da4d9216a2bbfcc818675c756bd436b7c3e50f537880fa75c56fd8774d8151,40,2187632431,2184921350,2187632431,20,300,50,60,5,30,10.0,120,current,Optimized Pattern Generator,dynamic_session,Dynamic Session Pattern Assignment,50,6,360,82f0b3361796d285ea7dba014f4b4dbb950d8a9ef50a5a7410d8622cc0d40a1e,3699990513,529a9c1a3f8e494dbcc4a3051d2a4ea75e9e01b0c8909ba68dd484c99ab7d007,True,nomura_original_interval_hungarian,A2) Corr+DTW + Hungarian,False,300,300,0,0.0,300,279,0,0.93,0.93,0.08457075820306942,0.44109041078190053,381.5966666666667,417.20000000000005,23.259834416996455,300,0,0,0,0,1.0,0.0,0.0,0.0,0.0,1.0,17.41,0.0,0.0,0.0,0.0,0.0,,0.0,0.0,15.603349199991499,7.43666705898795,0.0,0.21815153301577084,23.25816779199522,15.603349199991499,0.21815153301577084
20260703_185002_516173,b0da4d9216a2bbfcc818675c756bd436b7c3e50f537880fa75c56fd8774d8151,40,2187632431,2176353900,2187632431,20,300,50,60,5,30,10.0,120,current,Optimized Pattern Generator,dynamic_session,Dynamic Session Pattern Assignment,50,6,360,82f0b3361796d285ea7dba014f4b4dbb950d8a9ef50a5a7410d8622cc0d40a1e,3699990513,529a9c1a3f8e494dbcc4a3051d2a4ea75e9e01b0c8909ba68dd484c99ab7d007,True,nomura_original_interval_hungarian_dtw_off,A2 Ablation) DTW Off (Corr-only),False,300,300,0,0.0,300,271,0,0.9033333333333333,0.9033333333333333,0.07400735299177415,0.3048748383456537,381.5966666666667,417.20000000000005,23.2910320420051,300,0,0,0,0,1.0,0.0,0.0,0.0,0.0,1.0,17.41,0.0,0.0,0.0,0.0,0.0,,0.0,0.0,15.599816083988117,7.47350748507597,0.0,0.21599643093941268,23.2893200000035,15.599816083988117,0.21599643093941268
20260703_185002_516173,b0da4d9216a2bbfcc818675c756bd436b7c3e50f537880fa75c56fd8774d8151,40,2187632431,1055930880,2187632431,20,300,50,60,5,30,10.0,120,current,Optimized Pattern Generator,dynamic_session,Dynamic Session Pattern Assignment,50,6,360,82f0b3361796d285ea7dba014f4b4dbb950d8a9ef50a5a7410d8622cc0d40a1e,3699990513,529a9c1a3f8e494dbcc4a3051d2a4ea75e9e01b0c8909ba68dd484c99ab7d007,True,nomura_original_interval_hungarian_corr_off,A2 Ablation) Corr Off (DTW-only),False,300,300,0,0.0,300,250,0,0.8333333333333334,0.8333333333333334,0.0007666144599809899,0.1873342136255318,381.5966666666667,417.20000000000005,23.2533892499996,300,0,0,0,0,1.0,0.0,0.0,0.0,0.0,1.0,17.41,0.0,0.0,0.0,0.0,0.0,,0.0,0.0,15.578940128951217,7.453200993011706,0.0,0.2195056280324934,23.251646749995416,15.578940128951217,0.2195056280324934
20260703_185002_516173,b0da4d9216a2bbfcc818675c756bd436b7c3e50f537880fa75c56fd8774d8151,40,2187632431,542446187,2187632431,20,300,50,60,5,30,10.0,120,current,Optimized Pattern Generator,dynamic_session,Dynamic Session Pattern Assignment,50,6,360,82f0b3361796d285ea7dba014f4b4dbb950d8a9ef50a5a7410d8622cc0d40a1e,3699990513,529a9c1a3f8e494dbcc4a3051d2a4ea75e9e01b0c8909ba68dd484c99ab7d007,True,nomura_original_interval_hungarian_all_off,A2 Ablation) All Waveform Terms Off,False,300,300,0,0.0,300,243,0,0.81,0.81,1.2866669082333333,8.20000029,381.5966666666667,417.20000000000005,15.769694959002663,300,0,0,0,0,1.0,0.0,0.0,0.0,0.0,1.0,17.41,0.0,0.0,0.0,0.0,0.0,,0.0,0.0,15.526017871037766,0.00937136504217051,0.0,0.23264009691774845,15.768029332997685,15.526017871037766,0.23264009691774845
20260703_185002_516173,b0da4d9216a2bbfcc818675c756bd436b7c3e50f537880fa75c56fd8774d8151,40,2187632431,1367392794,2187632431,20,300,50,60,5,30,10.0,120,current,Optimized Pattern Generator,dynamic_session,Dynamic Session Pattern Assignment,50,6,360,82f0b3361796d285ea7dba014f4b4dbb950d8a9ef50a5a7410d8622cc0d40a1e,3699990513,529a9c1a3f8e494dbcc4a3051d2a4ea75e9e01b0c8909ba68dd484c99ab7d007,True,bayesian_windowed,A3) Bayesian Posterior + Hungarian + Lock,False,300,300,0,0.0,300,296,0,0.9866666666666667,0.9866666666666667,0.4302952155742391,2.0122721448680183,381.5966666666667,417.20000000000005,18.55763841699809,300,0,0,0,0,1.0,0.0,0.0,0.0,0.0,1.0,17.41,0.0,0.0,0.0,0.0,0.0,,0.0,0.0,15.642658537137322,2.696819620890892,0.0,0.21642675797193078,18.555904916000145,15.642658537137322,0.21642675797193078
20260703_185002_516173,b0da4d9216a2bbfcc818675c756bd436b7c3e50f537880fa75c56fd8774d8151,40,2187632431,1856414601,2187632431,20,300,50,60,5,30,10.0,120,current,Optimized Pattern Generator,dynamic_session,Dynamic Session Pattern Assignment,50,6,360,82f0b3361796d285ea7dba014f4b4dbb950d8a9ef50a5a7410d8622cc0d40a1e,3699990513,529a9c1a3f8e494dbcc4a3051d2a4ea75e9e01b0c8909ba68dd484c99ab7d007,True,bayesian_windowed_lock_off,A3 Ablation) Lock Off,False,300,300,0,0.0,300,296,0,0.9866666666666667,0.9866666666666667,0.4302964539804742,2.0122721448680183,381.5966666666667,417.20000000000005,18.516508415996213,300,0,0,0,0,1.0,0.0,0.0,0.0,0.0,1.0,17.41,0.0,0.0,0.0,0.0,0.0,,0.0,0.0,15.606388672051253,2.6883612909150543,0.0,0.22006112103554187,18.51481108400185,15.606388672051253,0.22006112103554187
20260703_185002_516173,b0da4d9216a2bbfcc818675c756bd436b7c3e50f537880fa75c56fd8774d8151,40,2187632431,1977915788,2187632431,20,300,50,60,5,30,10.0,120,current,Optimized Pattern Generator,dynamic_session,Dynamic Session Pattern Assignment,50,6,360,82f0b3361796d285ea7dba014f4b4dbb950d8a9ef50a5a7410d8622cc0d40a1e,3699990513,529a9c1a3f8e494dbcc4a3051d2a4ea75e9e01b0c8909ba68dd484c99ab7d007,True,bayesian_windowed_memory_off,A3 Ablation) Posterior Memory Off,False,300,300,0,0.0,300,290,0,0.9666666666666667,0.9666666666666667,0.7202568638359811,2.118804074387287,381.5966666666667,417.20000000000005,18.55836512499809,300,0,0,0,0,1.0,0.0,0.0,0.0,0.0,1.0,17.41,0.0,0.0,0.0,0.0,0.0,,0.0,0.0,15.63578900401626,2.7041001220495673,0.0,0.21680624892906053,18.556695374994888,15.63578900401626,0.21680624892906053
20260703_185002_516173,b0da4d9216a2bbfcc818675c756bd436b7c3e50f537880fa75c56fd8774d8151,40,2187632431,2395032892,2187632431,20,300,50,60,5,30,10.0,120,current,Optimized Pattern Generator,dynamic_session,Dynamic Session Pattern Assignment,50,6,360,82f0b3361796d285ea7dba014f4b4dbb950d8a9ef50a5a7410d8622cc0d40a1e,3699990513,529a9c1a3f8e494dbcc4a3051d2a4ea75e9e01b0c8909ba68dd484c99ab7d007,True,bayesian_windowed_timeprior_off,A3 Ablation) Time Prior Off,False,300,300,0,0.0,300,296,0,0.9866666666666667,0.9866666666666667,0.4333091242150675,2.0127251871750884,381.5966666666667,417.20000000000005,18.566997916997934,300,0,0,0,0,1.0,0.0,0.0,0.0,0.0,1.0,17.41,0.0,0.0,0.0,0.0,0.0,,0.0,0.0,15.641008001912269,2.7099924009744427,0.0,0.21424388910963899,18.56524429199635,15.641008001912269,0.21424388910963899
20260703_185002_516173,b0da4d9216a2bbfcc818675c756bd436b7c3e50f537880fa75c56fd8774d8151,40,2187632431,433795914,2187632431,20,300,50,60,5,30,10.0,120,current,Optimized Pattern Generator,dynamic_session,Dynamic Session Pattern Assignment,50,6,360,82f0b3361796d285ea7dba014f4b4dbb950d8a9ef50a5a7410d8622cc0d40a1e,3699990513,529a9c1a3f8e494dbcc4a3051d2a4ea75e9e01b0c8909ba68dd484c99ab7d007,True,bayesian_windowed_all_off,A3 Ablation) Time Prior + Memory + Lock Off,False,300,300,0,0.0,300,290,0,0.9666666666666667,0.9666666666666667,0.7215641856335787,2.119316401403057,381.5966666666667,417.20000000000005,18.516800249999505,300,0,0,0,0,1.0,0.0,0.0,0.0,0.0,1.0,17.41,0.0,0.0,0.0,0.0,0.0,,0.0,0.0,15.595790454965027,2.6988934850742226,0.0,0.22035485196101945,18.51503879200027,15.595790454965027,0.22035485196101945
20260703_185002_516173,b0da4d9216a2bbfcc818675c756bd436b7c3e50f537880fa75c56fd8774d8151,41,2187632432,1233724828,2187632432,1,500,50,60,5,30,10.0,120,current,Optimized Pattern Generator,dynamic_session,Dynamic Session Pattern Assignment,50,6,360,d8c1ff54c33ca730cedaa07f0bfbe3adfebdc34c0281d1a58f3a93ce4b5ca0f9,3699990510,ab5ed49590bfa428e80eb4de1123e439b25e7babac929df47a0fbf35ac8cdf8e,True,single_only,A1) Refined Cost + Greedy 1:1,True,500,500,0,0.0,500,467,0,0.934,0.934,1.1143781589194224,8.037037156472499,383.624,422.0,52.44222100000479,500,0,0,0,0,1.0,0.0,0.0,0.0,0.0,1.0,28.756,0.0,0.0,0.0,0.0,0.0,,0.0,0.0,43.71866038002918,8.341591868964315,0.0,0.37865004300692817,52.43890229200042,43.71866038002918,0.37865004300692817
20260703_185002_516173,b0da4d9216a2bbfcc818675c756bd436b7c3e50f537880fa75c56fd8774d8151,41,2187632432,1545686438,2187632432,1,500,50,60,5,30,10.0,120,current,Optimized Pattern Generator,dynamic_session,Dynamic Session Pattern Assignment,50,6,360,d8c1ff54c33ca730cedaa07f0bfbe3adfebdc34c0281d1a58f3a93ce4b5ca0f9,3699990510,ab5ed49590bfa428e80eb4de1123e439b25e7babac929df47a0fbf35ac8cdf8e,True,single_only_dtw_off,A1 Ablation) DTW Off,False,500,500,0,0.0,500,450,0,0.9,0.9,0.8454869383466667,5.943333473333333,383.624,422.0,52.606557165992854,500,0,0,0,0,1.0,0.0,0.0,0.0,0.0,1.0,28.756,0.0,0.0,0.0,0.0,0.0,,0.0,0.0,43.89528794202488,8.352221535904391,0.0,0.3555556470673764,52.60306512499665,43.89528794202488,0.3555556470673764
20260703_185002_516173,b0da4d9216a2bbfcc818675c756bd436b7c3e50f537880fa75c56fd8774d8151,41,2187632432,866312278,2187632432,1,500,50,60,5,30,10.0,120,current,Optimized Pattern Generator,dynamic_session,Dynamic Session Pattern Assignment,50,6,360,d8c1ff54c33ca730cedaa07f0bfbe3adfebdc34c0281d1a58f3a93ce4b5ca0f9,3699990510,ab5ed49590bfa428e80eb4de1123e439b25e7babac929df47a0fbf35ac8cdf8e,True,single_only_step_off,A1 Ablation) Step Signature Off,False,500,500,0,0.0,500,434,0,0.868,0.868,0.2079168632001909,0.9458707908279061,383.624,422.0,52.715896458001225,500,0,0,0,0,1.0,0.0,0.0,0.0,0.0,1.0,28.756,0.0,0.0,0.0,0.0,0.0,,0.0,0.0,43.99426396304625,8.361198656064516,0.0,0.3569024228854687,52.712365041996236,43.99426396304625,0.3569024228854687
20260703_185002_516173,b0da4d9216a2bbfcc818675c756bd436b7c3e50f537880fa75c56fd8774d8151,41,2187632432,1815193602,2187632432,1,500,50,60,5,30,10.0,120,current,Optimized Pattern Generator,dynamic_session,Dynamic Session Pattern Assignment,50,6,360,d8c1ff54c33ca730cedaa07f0bfbe3adfebdc34c0281d1a58f3a93ce4b5ca0f9,3699990510,ab5ed49590bfa428e80eb4de1123e439b25e7babac929df47a0fbf35ac8cdf8e,True,single_only_all_off,A1 Ablation) All Waveform Terms Off,False,500,500,0,0.0,500,348,0,0.696,0.696,1.23440026878,7.600000100000001,383.624,422.0,44.11075691700535,500,0,0,0,0,1.0,0.0,0.0,0.0,0.0,1.0,28.756,0.0,0.0,0.0,0.0,0.0,,0.0,0.0,43.73247666798852,0.020602120988769457,0.0,0.35413292002340313,44.107211709000694,43.73247666798852,0.35413292002340313
20260703_185002_516173,b0da4d9216a2bbfcc818675c756bd436b7c3e50f537880fa75c56fd8774d8151,41,2187632432,2184921369,2187632432,1,500,50,60,5,30,10.0,120,current,Optimized Pattern Generator,dynamic_session,Dynamic Session Pattern Assignment,50,6,360,d8c1ff54c33ca730cedaa07f0bfbe3adfebdc34c0281d1a58f3a93ce4b5ca0f9,3699990510,ab5ed49590bfa428e80eb4de1123e439b25e7babac929df47a0fbf35ac8cdf8e,True,nomura_original_interval_hungarian,A2) Corr+DTW + Hungarian,False,500,500,0,0.0,500,450,0,0.9,0.9,0.09423522555955993,0.46603688963376,383.624,422.0,64.60574550000456,500,0,0,0,0,1.0,0.0,0.0,0.0,0.0,1.0,28.756,0.0,0.0,0.0,0.0,0.0,,0.0,0.0,43.86227928593871,20.38035898902308,0.0,0.3595105170388706,64.60214879200066,43.86227928593871,0.3595105170388706
20260703_185002_516173,b0da4d9216a2bbfcc818675c756bd436b7c3e50f537880fa75c56fd8774d8151,41,2187632432,2176353907,2187632432,1,500,50,60,5,30,10.0,120,current,Optimized Pattern Generator,dynamic_session,Dynamic Session Pattern Assignment,50,6,360,d8c1ff54c33ca730cedaa07f0bfbe3adfebdc34c0281d1a58f3a93ce4b5ca0f9,3699990510,ab5ed49590bfa428e80eb4de1123e439b25e7babac929df47a0fbf35ac8cdf8e,True,nomura_original_interval_hungarian_dtw_off,A2 Ablation) DTW Off (Corr-only),False,500,500,0,0.0,500,442,0,0.884,0.884,0.08285969698360869,0.322025856285162,383.624,422.0,64.7233340419989,500,0,0,0,0,1.0,0.0,0.0,0.0,0.0,1.0,28.756,0.0,0.0,0.0,0.0,0.0,,0.0,0.0,43.8652877519562,20.480864458069846,0.0,0.37376728997332975,64.71991949999938,43.8652877519562,0.37376728997332975
20260703_185002_516173,b0da4d9216a2bbfcc818675c756bd436b7c3e50f537880fa75c56fd8774d8151,41,2187632432,1055930911,2187632432,1,500,50,60,5,30,10.0,120,current,Optimized Pattern Generator,dynamic_session,Dynamic Session Pattern Assignment,50,6,360,d8c1ff54c33ca730cedaa07f0bfbe3adfebdc34c0281d1a58f3a93ce4b5ca0f9,3699990510,ab5ed49590bfa428e80eb4de1123e439b25e7babac929df47a0fbf35ac8cdf8e,True,nomura_original_interval_hungarian_corr_off,A2 Ablation) Corr Off (DTW-only),False,500,500,0,0.0,500,381,0,0.762,0.762,0.0018914434940897084,0.20334379536809052,383.624,422.0,64.60387712500233,500,0,0,0,0,1.0,0.0,0.0,0.0,0.0,1.0,28.756,0.0,0.0,0.0,0.0,0.0,,0.0,0.0,43.86284807792981,20.386430533995735,0.0,0.3510465540748555,64.6003251660004,43.86284807792981,0.3510465540748555
20260703_185002_516173,b0da4d9216a2bbfcc818675c756bd436b7c3e50f537880fa75c56fd8774d8151,41,2187632432,542446196,2187632432,1,500,50,60,5,30,10.0,120,current,Optimized Pattern Generator,dynamic_session,Dynamic Session Pattern Assignment,50,6,360,d8c1ff54c33ca730cedaa07f0bfbe3adfebdc34c0281d1a58f3a93ce4b5ca0f9,3699990510,ab5ed49590bfa428e80eb4de1123e439b25e7babac929df47a0fbf35ac8cdf8e,True,nomura_original_interval_hungarian_all_off,A2 Ablation) All Waveform Terms Off,False,500,500,0,0.0,500,348,0,0.696,0.696,1.23440026878,7.600000100000001,383.624,422.0,44.167417167001986,500,0,0,0,0,1.0,0.0,0.0,0.0,0.0,1.0,28.756,0.0,0.0,0.0,0.0,0.0,,0.0,0.0,43.789964926967514,0.020443610024813097,0.0,0.3536632130126236,44.16407175000495,43.789964926967514,0.3536632130126236
20260703_185002_516173,b0da4d9216a2bbfcc818675c756bd436b7c3e50f537880fa75c56fd8774d8151,41,2187632432,1367392773,2187632432,1,500,50,60,5,30,10.0,120,current,Optimized Pattern Generator,dynamic_session,Dynamic Session Pattern Assignment,50,6,360,d8c1ff54c33ca730cedaa07f0bfbe3adfebdc34c0281d1a58f3a93ce4b5ca0f9,3699990510,ab5ed49590bfa428e80eb4de1123e439b25e7babac929df47a0fbf35ac8cdf8e,True,bayesian_windowed,A3) Bayesian Posterior + Hungarian + Lock,False,500,500,0,0.0,500,484,0,0.968,0.968,0.5565367136338056,2.1002664262223445,383.624,422.0,51.53121375000046,500,0,0,0,0,1.0,0.0,0.0,0.0,0.0,1.0,28.756,0.0,0.0,0.0,0.0,0.0,,0.0,0.0,43.831034111004556,7.328458614094416,0.0,0.3682509829013725,51.527743708000344,43.831034111004556,0.3682509829013725
20260703_185002_516173,b0da4d9216a2bbfcc818675c756bd436b7c3e50f537880fa75c56fd8774d8151,41,2187632432,1856414614,2187632432,1,500,50,60,5,30,10.0,120,current,Optimized Pattern Generator,dynamic_session,Dynamic Session Pattern Assignment,50,6,360,d8c1ff54c33ca730cedaa07f0bfbe3adfebdc34c0281d1a58f3a93ce4b5ca0f9,3699990510,ab5ed49590bfa428e80eb4de1123e439b25e7babac929df47a0fbf35ac8cdf8e,True,bayesian_windowed_lock_off,A3 Ablation) Lock Off,False,500,500,0,0.0,500,484,0,0.968,0.968,0.5565367779204623,2.1002664262223445,383.624,422.0,51.45292945800611,500,0,0,0,0,1.0,0.0,0.0,0.0,0.0,1.0,28.756,0.0,0.0,0.0,0.0,0.0,,0.0,0.0,43.782539092855586,7.314781491098984,0.0,0.3522544160441612,51.44957499999873,43.782539092855586,0.3522544160441612
20260703_185002_516173,b0da4d9216a2bbfcc818675c756bd436b7c3e50f537880fa75c56fd8774d8151,41,2187632432,1977915795,2187632432,1,500,50,60,5,30,10.0,120,current,Optimized Pattern Generator,dynamic_session,Dynamic Session Pattern Assignment,50,6,360,d8c1ff54c33ca730cedaa07f0bfbe3adfebdc34c0281d1a58f3a93ce4b5ca0f9,3699990510,ab5ed49590bfa428e80eb4de1123e439b25e7babac929df47a0fbf35ac8cdf8e,True,bayesian_windowed_memory_off,A3 Ablation) Posterior Memory Off,False,500,500,0,0.0,500,467,0,0.934,0.934,0.9018941035817074,2.601071151453428,383.624,422.0,51.72153995899862,500,0,0,0,0,1.0,0.0,0.0,0.0,0.0,1.0,28.756,0.0,0.0,0.0,0.0,0.0,,0.0,0.0,43.99919317596505,7.363749113923404,0.0,0.35498791810823604,51.71793020799669,43.99919317596505,0.35498791810823604
20260703_185002_516173,b0da4d9216a2bbfcc818675c756bd436b7c3e50f537880fa75c56fd8774d8151,41,2187632432,2395032867,2187632432,1,500,50,60,5,30,10.0,120,current,Optimized Pattern Generator,dynamic_session,Dynamic Session Pattern Assignment,50,6,360,d8c1ff54c33ca730cedaa07f0bfbe3adfebdc34c0281d1a58f3a93ce4b5ca0f9,3699990510,ab5ed49590bfa428e80eb4de1123e439b25e7babac929df47a0fbf35ac8cdf8e,True,bayesian_windowed_timeprior_off,A3 Ablation) Time Prior Off,False,500,500,0,0.0,500,484,0,0.968,0.968,0.5600777955387192,2.1105760579612727,383.624,422.0,51.59337154199602,500,0,0,0,0,1.0,0.0,0.0,0.0,0.0,1.0,28.756,0.0,0.0,0.0,0.0,0.0,,0.0,0.0,43.91239057808707,7.3243158680343186,0.0,0.3532128458828083,51.5899192920042,43.91239057808707,0.3532128458828083
20260703_185002_516173,b0da4d9216a2bbfcc818675c756bd436b7c3e50f537880fa75c56fd8774d8151,41,2187632432,433795925,2187632432,1,500,50,60,5,30,10.0,120,current,Optimized Pattern Generator,dynamic_session,Dynamic Session Pattern Assignment,50,6,360,d8c1ff54c33ca730cedaa07f0bfbe3adfebdc34c0281d1a58f3a93ce4b5ca0f9,3699990510,ab5ed49590bfa428e80eb4de1123e439b25e7babac929df47a0fbf35ac8cdf8e,True,bayesian_windowed_all_off,A3 Ablation) Time Prior + Memory + Lock Off,False,500,500,0,0.0,500,467,0,0.934,0.934,0.9033975752139493,2.603324038171281,383.624,422.0,51.545584708001115,500,0,0,0,0,1.0,0.0,0.0,0.0,0.0,1.0,28.756,0.0,0.0,0.0,0.0,0.0,,0.0,0.0,43.85167924394045,7.337912689014047,0.0,0.3522735670412658,51.541865499995765,43.85167924394045,0.3522735670412658
20260703_185002_516173,b0da4d9216a2bbfcc818675c756bd436b7c3e50f537880fa75c56fd8774d8151,42,2187632433,1233724829,2187632433,2,500,50,60,5,30,10.0,120,current,Optimized Pattern Generator,dynamic_session,Dynamic Session Pattern Assignment,50,6,360,47f5e4154947fed1bcb3c6871ae4f3b5d230a5c178bab938a992463975ff5c0c,3699990511,dbc7dfad9322deab14c94394d03f847bc8c4c03359672c36dcba26e993890e1a,True,single_only,A1) Refined Cost + Greedy 1:1,True,500,500,0,0.0,500,469,0,0.938,0.938,1.038206606155114,4.095752693880588,379.328,409.20000000000005,51.42739745799918,500,0,0,0,0,1.0,0.0,0.0,0.0,0.0,1.0,28.204,0.0,0.0,0.0,0.0,0.0,,0.0,0.0,42.90991978994862,8.16062700108887,0.0,0.35330516796238953,51.423851958999876,42.90991978994862,0.35330516796238953
20260703_185002_516173,b0da4d9216a2bbfcc818675c756bd436b7c3e50f537880fa75c56fd8774d8151,42,2187632433,1545686439,2187632433,2,500,50,60,5,30,10.0,120,current,Optimized Pattern Generator,dynamic_session,Dynamic Session Pattern Assignment,50,6,360,47f5e4154947fed1bcb3c6871ae4f3b5d230a5c178bab938a992463975ff5c0c,3699990511,dbc7dfad9322deab14c94394d03f847bc8c4c03359672c36dcba26e993890e1a,True,single_only_dtw_off,A1 Ablation) DTW Off,False,500,500,0,0.0,500,452,0,0.904,0.904,0.8197936062333334,3.006666806666667,379.328,409.20000000000005,51.507297333999304,500,0,0,0,0,1.0,0.0,0.0,0.0,0.0,1.0,28.204,0.0,0.0,0.0,0.0,0.0,,0.0,0.0,42.955582010996295,8.18829133194231,0.0,0.3600827820628183,51.50395612500142,42.955582010996295,0.3600827820628183
20260703_185002_516173,b0da4d9216a2bbfcc818675c756bd436b7c3e50f537880fa75c56fd8774d8151,42,2187632433,866312279,2187632433,2,500,50,60,5,30,10.0,120,current,Optimized Pattern Generator,dynamic_session,Dynamic Session Pattern Assignment,50,6,360,47f5e4154947fed1bcb3c6871ae4f3b5d230a5c178bab938a992463975ff5c0c,3699990511,dbc7dfad9322deab14c94394d03f847bc8c4c03359672c36dcba26e993890e1a,True,single_only_step_off,A1 Ablation) Step Signature Off,False,500,500,0,0.0,500,439,0,0.878,0.878,0.17120514972429846,1.0115710447710977,379.328,409.20000000000005,51.519626583998615,500,0,0,0,0,1.0,0.0,0.0,0.0,0.0,1.0,28.204,0.0,0.0,0.0,0.0,0.0,,0.0,0.0,42.94099366507726,8.197085777050233,0.0,0.37809509987710044,51.51617454200459,42.94099366507726,0.37809509987710044
20260703_185002_516173,b0da4d9216a2bbfcc818675c756bd436b7c3e50f537880fa75c56fd8774d8151,42,2187632433,1815193603,2187632433,2,500,50,60,5,30,10.0,120,current,Optimized Pattern Generator,dynamic_session,Dynamic Session Pattern Assignment,50,6,360,47f5e4154947fed1bcb3c6871ae4f3b5d230a5c178bab938a992463975ff5c0c,3699990511,dbc7dfad9322deab14c94394d03f847bc8c4c03359672c36dcba26e993890e1a,True,single_only_all_off,A1 Ablation) All Waveform Terms Off,False,500,500,0,0.0,500,363,0,0.726,0.726,1.2210002767,8.800000480000001,379.328,409.20000000000005,43.22157787500328,500,0,0,0,0,1.0,0.0,0.0,0.0,0.0,1.0,28.204,0.0,0.0,0.0,0.0,0.0,,0.0,0.0,42.84720691701659,0.020291869062930346,0.0,0.35068521391804097,43.218183999997564,42.84720691701659,0.35068521391804097
20260703_185002_516173,b0da4d9216a2bbfcc818675c756bd436b7c3e50f537880fa75c56fd8774d8151,42,2187632433,2184921368,2187632433,2,500,50,60,5,30,10.0,120,current,Optimized Pattern Generator,dynamic_session,Dynamic Session Pattern Assignment,50,6,360,47f5e4154947fed1bcb3c6871ae4f3b5d230a5c178bab938a992463975ff5c0c,3699990511,dbc7dfad9322deab14c94394d03f847bc8c4c03359672c36dcba26e993890e1a,True,nomura_original_interval_hungarian,A2) Corr+DTW + Hungarian,False,500,500,0,0.0,500,451,0,0.902,0.902,0.07880654737944151,0.4194898444672125,379.328,409.20000000000005,63.31249666700023,500,0,0,0,0,1.0,0.0,0.0,0.0,0.0,1.0,28.204,0.0,0.0,0.0,0.0,0.0,,0.0,0.0,42.917024793001474,20.04221057504037,0.0,0.34984367396100424,63.30907904200285,42.917024793001474,0.34984367396100424
20260703_185002_516173,b0da4d9216a2bbfcc818675c756bd436b7c3e50f537880fa75c56fd8774d8151,42,2187632433,2176353906,2187632433,2,500,50,60,5,30,10.0,120,current,Optimized Pattern Generator,dynamic_session,Dynamic Session Pattern Assignment,50,6,360,47f5e4154947fed1bcb3c6871ae4f3b5d230a5c178bab938a992463975ff5c0c,3699990511,dbc7dfad9322deab14c94394d03f847bc8c4c03359672c36dcba26e993890e1a,True,nomura_original_interval_hungarian_dtw_off,A2 Ablation) DTW Off (Corr-only),False,500,500,0,0.0,500,447,0,0.894,0.894,0.07012619607343032,0.36752914858904867,379.328,409.20000000000005,63.32900066699949,500,0,0,0,0,1.0,0.0,0.0,0.0,0.0,1.0,28.204,0.0,0.0,0.0,0.0,0.0,,0.0,0.0,42.93603964905196,20.019925315034925,0.0,0.36957261891075177,63.32553758299764,42.93603964905196,0.36957261891075177
20260703_185002_516173,b0da4d9216a2bbfcc818675c756bd436b7c3e50f537880fa75c56fd8774d8151,42,2187632433,1055930910,2187632433,2,500,50,60,5,30,10.0,120,current,Optimized Pattern Generator,dynamic_session,Dynamic Session Pattern Assignment,50,6,360,47f5e4154947fed1bcb3c6871ae4f3b5d230a5c178bab938a992463975ff5c0c,3699990511,dbc7dfad9322deab14c94394d03f847bc8c4c03359672c36dcba26e993890e1a,True,nomura_original_interval_hungarian_corr_off,A2 Ablation) Corr Off (DTW-only),False,500,500,0,0.0,500,394,0,0.788,0.788,0.0019359014835037104,0.20980147621303524,379.328,409.20000000000005,63.386726333003026,500,0,0,0,0,1.0,0.0,0.0,0.0,0.0,1.0,28.204,0.0,0.0,0.0,0.0,0.0,,0.0,0.0,42.960729625003296,20.062958765985968,0.0,0.35968044301262125,63.383368834001885,42.960729625003296,0.35968044301262125
20260703_185002_516173,b0da4d9216a2bbfcc818675c756bd436b7c3e50f537880fa75c56fd8774d8151,42,2187632433,542446197,2187632433,2,500,50,60,5,30,10.0,120,current,Optimized Pattern Generator,dynamic_session,Dynamic Session Pattern Assignment,50,6,360,47f5e4154947fed1bcb3c6871ae4f3b5d230a5c178bab938a992463975ff5c0c,3699990511,dbc7dfad9322deab14c94394d03f847bc8c4c03359672c36dcba26e993890e1a,True,nomura_original_interval_hungarian_all_off,A2 Ablation) All Waveform Terms Off,False,500,500,0,0.0,500,363,0,0.726,0.726,1.2210002767,8.800000480000001,379.328,409.20000000000005,43.226863374999084,500,0,0,0,0,1.0,0.0,0.0,0.0,0.0,1.0,28.204,0.0,0.0,0.0,0.0,0.0,,0.0,0.0,42.85108490908169,0.020125652103160974,0.0,0.3522608968196437,43.2234714580045,42.85108490908169,0.3522608968196437
20260703_185002_516173,b0da4d9216a2bbfcc818675c756bd436b7c3e50f537880fa75c56fd8774d8151,42,2187632433,1367392772,2187632433,2,500,50,60,5,30,10.0,120,current,Optimized Pattern Generator,dynamic_session,Dynamic Session Pattern Assignment,50,6,360,47f5e4154947fed1bcb3c6871ae4f3b5d230a5c178bab938a992463975ff5c0c,3699990511,dbc7dfad9322deab14c94394d03f847bc8c4c03359672c36dcba26e993890e1a,True,bayesian_windowed,A3) Bayesian Posterior + Hungarian + Lock,False,500,500,0,0.0,500,484,0,0.968,0.968,0.6202613941819581,1.9239318779122956,379.328,409.20000000000005,50.596941083000274,500,0,0,0,0,1.0,0.0,0.0,0.0,0.0,1.0,28.204,0.0,0.0,0.0,0.0,0.0,,0.0,0.0,43.04247704694717,7.1994183600036195,0.0,0.35155350904824445,50.59344891599903,43.04247704694717,0.35155350904824445
20260703_185002_516173,b0da4d9216a2bbfcc818675c756bd436b7c3e50f537880fa75c56fd8774d8151,42,2187632433,1856414615,2187632433,2,500,50,60,5,30,10.0,120,current,Optimized Pattern Generator,dynamic_session,Dynamic Session Pattern Assignment,50,6,360,47f5e4154947fed1bcb3c6871ae4f3b5d230a5c178bab938a992463975ff5c0c,3699990511,dbc7dfad9322deab14c94394d03f847bc8c4c03359672c36dcba26e993890e1a,True,bayesian_windowed_lock_off,A3 Ablation) Lock Off,False,500,500,0,0.0,500,484,0,0.968,0.968,0.6202712397602202,1.9239318779122956,379.328,409.20000000000005,50.55153904100007,500,0,0,0,0,1.0,0.0,0.0,0.0,0.0,1.0,28.204,0.0,0.0,0.0,0.0,0.0,,0.0,0.0,42.997022131959966,7.194773567956872,0.0,0.356153550077579,50.54794924999442,42.997022131959966,0.356153550077579
20260703_185002_516173,b0da4d9216a2bbfcc818675c756bd436b7c3e50f537880fa75c56fd8774d8151,42,2187632433,1977915794,2187632433,2,500,50,60,5,30,10.0,120,current,Optimized Pattern Generator,dynamic_session,Dynamic Session Pattern Assignment,50,6,360,47f5e4154947fed1bcb3c6871ae4f3b5d230a5c178bab938a992463975ff5c0c,3699990511,dbc7dfad9322deab14c94394d03f847bc8c4c03359672c36dcba26e993890e1a,True,bayesian_windowed_memory_off,A3 Ablation) Posterior Memory Off,False,500,500,0,0.0,500,469,0,0.938,0.938,0.9853143185794014,2.39418991517824,379.328,409.20000000000005,50.54817733299569,500,0,0,0,0,1.0,0.0,0.0,0.0,0.0,1.0,28.204,0.0,0.0,0.0,0.0,0.0,,0.0,0.0,42.96267493398045,7.204624024008808,0.0,0.37729470901103923,50.5445936670003,42.96267493398045,0.37729470901103923
20260703_185002_516173,b0da4d9216a2bbfcc818675c756bd436b7c3e50f537880fa75c56fd8774d8151,42,2187632433,2395032866,2187632433,2,500,50,60,5,30,10.0,120,current,Optimized Pattern Generator,dynamic_session,Dynamic Session Pattern Assignment,50,6,360,47f5e4154947fed1bcb3c6871ae4f3b5d230a5c178bab938a992463975ff5c0c,3699990511,dbc7dfad9322deab14c94394d03f847bc8c4c03359672c36dcba26e993890e1a,True,bayesian_windowed_timeprior_off,A3 Ablation) Time Prior Off,False,500,500,0,0.0,500,483,0,0.966,0.966,0.6237097562441316,1.9241324435566203,379.328,409.20000000000005,50.59159983299469,500,0,0,0,0,1.0,0.0,0.0,0.0,0.0,1.0,28.204,0.0,0.0,0.0,0.0,0.0,,0.0,0.0,43.02482978705666,7.203482898919901,0.0,0.3596309810236562,50.58794366700022,43.02482978705666,0.3596309810236562
20260703_185002_516173,b0da4d9216a2bbfcc818675c756bd436b7c3e50f537880fa75c56fd8774d8151,42,2187632433,433795924,2187632433,2,500,50,60,5,30,10.0,120,current,Optimized Pattern Generator,dynamic_session,Dynamic Session Pattern Assignment,50,6,360,47f5e4154947fed1bcb3c6871ae4f3b5d230a5c178bab938a992463975ff5c0c,3699990511,dbc7dfad9322deab14c94394d03f847bc8c4c03359672c36dcba26e993890e1a,True,bayesian_windowed_all_off,A3 Ablation) Time Prior + Memory + Lock Off,False,500,500,0,0.0,500,469,0,0.938,0.938,0.9866615739359015,2.394345073971037,379.328,409.20000000000005,50.62440733299445,500,0,0,0,0,1.0,0.0,0.0,0.0,0.0,1.0,28.204,0.0,0.0,0.0,0.0,0.0,,0.0,0.0,43.05031008699734,7.219126955016691,0.0,0.3515471659848117,50.620984207998845,43.05031008699734,0.3515471659848117
20260703_185002_516173,b0da4d9216a2bbfcc818675c756bd436b7c3e50f537880fa75c56fd8774d8151,43,2187632434,1233724830,2187632434,3,500,50,60,5,30,10.0,120,current,Optimized Pattern Generator,dynamic_session,Dynamic Session Pattern Assignment,50,6,360,aa126af81610b37cbcafa22c41302ceff39b27b86716bfec3309ddc90ae9c056,3699990508,f27416d8dad24171d516b4eb5fabca0ab90ab967139e1f740212562ef84252b4,True,single_only,A1) Refined Cost + Greedy 1:1,True,500,500,0,0.0,500,473,0,0.946,0.946,1.0724574903147555,8.056008830791864,381.73,421.1,52.19721866599866,500,0,0,0,0,1.0,0.0,0.0,0.0,0.0,1.0,28.56,0.0,0.0,0.0,0.0,0.0,,0.0,0.0,43.54450816478493,8.286388248117873,0.0,0.3628127540941932,52.193709166996996,43.54450816478493,0.3628127540941932
20260703_185002_516173,b0da4d9216a2bbfcc818675c756bd436b7c3e50f537880fa75c56fd8774d8151,43,2187632434,1545686436,2187632434,3,500,50,60,5,30,10.0,120,current,Optimized Pattern Generator,dynamic_session,Dynamic Session Pattern Assignment,50,6,360,aa126af81610b37cbcafa22c41302ceff39b27b86716bfec3309ddc90ae9c056,3699990508,f27416d8dad24171d516b4eb5fabca0ab90ab967139e1f740212562ef84252b4,True,single_only_dtw_off,A1 Ablation) DTW Off,False,500,500,0,0.0,500,461,0,0.922,0.922,0.8235536144933334,5.476666846666666,381.73,421.1,52.23437412500061,500,0,0,0,0,1.0,0.0,0.0,0.0,0.0,1.0,28.56,0.0,0.0,0.0,0.0,0.0,,0.0,0.0,43.58168569711415,8.289340698043816,0.0,0.3599583548420924,52.23098475000006,43.58168569711415,0.3599583548420924
20260703_185002_516173,b0da4d9216a2bbfcc818675c756bd436b7c3e50f537880fa75c56fd8774d8151,43,2187632434,866312276,2187632434,3,500,50,60,5,30,10.0,120,current,Optimized Pattern Generator,dynamic_session,Dynamic Session Pattern Assignment,50,6,360,aa126af81610b37cbcafa22c41302ceff39b27b86716bfec3309ddc90ae9c056,3699990508,f27416d8dad24171d516b4eb5fabca0ab90ab967139e1f740212562ef84252b4,True,single_only_step_off,A1 Ablation) Step Signature Off,False,500,500,0,0.0,500,431,0,0.862,0.862,0.192141619502911,1.0000000599999999,381.73,421.1,52.36193154200009,500,0,0,0,0,1.0,0.0,0.0,0.0,0.0,1.0,28.56,0.0,0.0,0.0,0.0,0.0,,0.0,0.0,43.69186885101226,8.313509294006508,0.0,0.35287389598670416,52.35825204100547,43.69186885101226,0.35287389598670416
20260703_185002_516173,b0da4d9216a2bbfcc818675c756bd436b7c3e50f537880fa75c56fd8774d8151,43,2187632434,1815193600,2187632434,3,500,50,60,5,30,10.0,120,current,Optimized Pattern Generator,dynamic_session,Dynamic Session Pattern Assignment,50,6,360,aa126af81610b37cbcafa22c41302ceff39b27b86716bfec3309ddc90ae9c056,3699990508,f27416d8dad24171d516b4eb5fabca0ab90ab967139e1f740212562ef84252b4,True,single_only_all_off,A1 Ablation) All Waveform Terms Off,False,500,500,0,0.0,500,360,0,0.72,0.72,1.28740027284,8.40000006,381.73,421.1,43.8832105420006,500,0,0,0,0,1.0,0.0,0.0,0.0,0.0,1.0,28.56,0.0,0.0,0.0,0.0,0.0,,0.0,0.0,43.50837125999533,0.020321196912846062,0.0,0.3511235010882956,43.87981595799647,43.50837125999533,0.3511235010882956
20260703_185002_516173,b0da4d9216a2bbfcc818675c756bd436b7c3e50f537880fa75c56fd8774d8151,43,2187632434,2184921371,2187632434,3,500,50,60,5,30,10.0,120,current,Optimized Pattern Generator,dynamic_session,Dynamic Session Pattern Assignment,50,6,360,aa126af81610b37cbcafa22c41302ceff39b27b86716bfec3309ddc90ae9c056,3699990508,f27416d8dad24171d516b4eb5fabca0ab90ab967139e1f740212562ef84252b4,True,nomura_original_interval_hungarian,A2) Corr+DTW + Hungarian,False,500,500,0,0.0,500,445,0,0.89,0.89,0.08470500421254852,0.4717840205567798,381.73,421.1,64.21478929099976,500,0,0,0,0,1.0,0.0,0.0,0.0,0.0,1.0,28.56,0.0,0.0,0.0,0.0,0.0,,0.0,0.0,43.55269103402679,20.29155585695844,0.0,0.3670542760155513,64.21130116700078,43.55269103402679,0.3670542760155513
20260703_185002_516173,b0da4d9216a2bbfcc818675c756bd436b7c3e50f537880fa75c56fd8774d8151,43,2187632434,2176353905,2187632434,3,500,50,60,5,30,10.0,120,current,Optimized Pattern Generator,dynamic_session,Dynamic Session Pattern Assignment,50,6,360,aa126af81610b37cbcafa22c41302ceff39b27b86716bfec3309ddc90ae9c056,3699990508,f27416d8dad24171d516b4eb5fabca0ab90ab967139e1f740212562ef84252b4,True,nomura_original_interval_hungarian_dtw_off,A2 Ablation) DTW Off (Corr-only),False,500,500,0,0.0,500,440,0,0.88,0.88,0.07400060121052544,0.33694569677918496,381.73,421.1,64.18576374999975,500,0,0,0,0,1.0,0.0,0.0,0.0,0.0,1.0,28.56,0.0,0.0,0.0,0.0,0.0,,0.0,0.0,43.55361679211637,20.27706064895756,0.0,0.3515791419267771,64.18225658300071,43.55361679211637,0.3515791419267771
20260703_185002_516173,b0da4d9216a2bbfcc818675c756bd436b7c3e50f537880fa75c56fd8774d8151,43,2187632434,1055930909,2187632434,3,500,50,60,5,30,10.0,120,current,Optimized Pattern Generator,dynamic_session,Dynamic Session Pattern Assignment,50,6,360,aa126af81610b37cbcafa22c41302ceff39b27b86716bfec3309ddc90ae9c056,3699990508,f27416d8dad24171d516b4eb5fabca0ab90ab967139e1f740212562ef84252b4,True,nomura_original_interval_hungarian_corr_off,A2 Ablation) Corr Off (DTW-only),False,500,500,0,0.0,500,386,0,0.772,0.772,0.0023826538050180034,0.23438905084722766,381.73,421.1,64.25257983300253,500,0,0,0,0,1.0,0.0,0.0,0.0,0.0,1.0,28.56,0.0,0.0,0.0,0.0,0.0,,0.0,0.0,43.60709504390252,20.281855376939347,0.0,0.36022112115460914,64.24917154199647,43.60709504390252,0.36022112115460914
20260703_185002_516173,b0da4d9216a2bbfcc818675c756bd436b7c3e50f537880fa75c56fd8774d8151,43,2187632434,542446198,2187632434,3,500,50,60,5,30,10.0,120,current,Optimized Pattern Generator,dynamic_session,Dynamic Session Pattern Assignment,50,6,360,aa126af81610b37cbcafa22c41302ceff39b27b86716bfec3309ddc90ae9c056,3699990508,f27416d8dad24171d516b4eb5fabca0ab90ab967139e1f740212562ef84252b4,True,nomura_original_interval_hungarian_all_off,A2 Ablation) All Waveform Terms Off,False,500,500,0,0.0,500,360,0,0.72,0.72,1.28740027284,8.40000006,381.73,421.1,43.90249554199545,500,0,0,0,0,1.0,0.0,0.0,0.0,0.0,1.0,28.56,0.0,0.0,0.0,0.0,0.0,,0.0,0.0,43.506484742916655,0.020343036063422915,0.0,0.37221701302041765,43.899044792000495,43.506484742916655,0.37221701302041765
20260703_185002_516173,b0da4d9216a2bbfcc818675c756bd436b7c3e50f537880fa75c56fd8774d8151,43,2187632434,1367392775,2187632434,3,500,50,60,5,30,10.0,120,current,Optimized Pattern Generator,dynamic_session,Dynamic Session Pattern Assignment,50,6,360,aa126af81610b37cbcafa22c41302ceff39b27b86716bfec3309ddc90ae9c056,3699990508,f27416d8dad24171d516b4eb5fabca0ab90ab967139e1f740212562ef84252b4,True,bayesian_windowed,A3) Bayesian Posterior + Hungarian + Lock,False,500,500,0,0.0,500,486,0,0.972,0.972,0.589928472819884,1.7897567957224882,381.73,421.1,51.29273633300181,500,0,0,0,0,1.0,0.0,0.0,0.0,0.0,1.0,28.56,0.0,0.0,0.0,0.0,0.0,,0.0,0.0,43.64844219700899,7.291179481966537,0.0,0.34961773802206153,51.28923941699759,43.64844219700899,0.34961773802206153
20260703_185002_516173,b0da4d9216a2bbfcc818675c756bd436b7c3e50f537880fa75c56fd8774d8151,43,2187632434,1856414612,2187632434,3,500,50,60,5,30,10.0,120,current,Optimized Pattern Generator,dynamic_session,Dynamic Session Pattern Assignment,50,6,360,aa126af81610b37cbcafa22c41302ceff39b27b86716bfec3309ddc90ae9c056,3699990508,f27416d8dad24171d516b4eb5fabca0ab90ab967139e1f740212562ef84252b4,True,bayesian_windowed_lock_off,A3 Ablation) Lock Off,False,500,500,0,0.0,500,486,0,0.972,0.972,0.5899361824292444,1.7897567957224882,381.73,421.1,51.31859833299677,500,0,0,0,0,1.0,0.0,0.0,0.0,0.0,1.0,28.56,0.0,0.0,0.0,0.0,0.0,,0.0,0.0,43.67733582911751,7.2877748199534835,0.0,0.3499229759327136,51.31503362500371,43.67733582911751,0.3499229759327136
20260703_185002_516173,b0da4d9216a2bbfcc818675c756bd436b7c3e50f537880fa75c56fd8774d8151,43,2187632434,1977915793,2187632434,3,500,50,60,5,30,10.0,120,current,Optimized Pattern Generator,dynamic_session,Dynamic Session Pattern Assignment,50,6,360,aa126af81610b37cbcafa22c41302ceff39b27b86716bfec3309ddc90ae9c056,3699990508,f27416d8dad24171d516b4eb5fabca0ab90ab967139e1f740212562ef84252b4,True,bayesian_windowed_memory_off,A3 Ablation) Posterior Memory Off,False,500,500,0,0.0,500,473,0,0.946,0.946,0.9482429531227939,2.4505635958674348,381.73,421.1,51.23786016700615,500,0,0,0,0,1.0,0.0,0.0,0.0,0.0,1.0,28.56,0.0,0.0,0.0,0.0,0.0,,0.0,0.0,43.59299788601493,7.290771296102321,0.0,0.35049115188303404,51.23426033400028,43.59299788601493,0.35049115188303404
20260703_185002_516173,b0da4d9216a2bbfcc818675c756bd436b7c3e50f537880fa75c56fd8774d8151,43,2187632434,2395032865,2187632434,3,500,50,60,5,30,10.0,120,current,Optimized Pattern Generator,dynamic_session,Dynamic Session Pattern Assignment,50,6,360,aa126af81610b37cbcafa22c41302ceff39b27b86716bfec3309ddc90ae9c056,3699990508,f27416d8dad24171d516b4eb5fabca0ab90ab967139e1f740212562ef84252b4,True,bayesian_windowed_timeprior_off,A3 Ablation) Time Prior Off,False,500,500,0,0.0,500,486,0,0.972,0.972,0.5934900489740225,1.8034698530431745,381.73,421.1,51.29964112499874,500,0,0,0,0,1.0,0.0,0.0,0.0,0.0,1.0,28.56,0.0,0.0,0.0,0.0,0.0,,0.0,0.0,43.64063521298522,7.301960815791972,0.0,0.35345118022087263,51.29604720899806,43.64063521298522,0.35345118022087263
20260703_185002_516173,b0da4d9216a2bbfcc818675c756bd436b7c3e50f537880fa75c56fd8774d8151,43,2187632434,433795927,2187632434,3,500,50,60,5,30,10.0,120,current,Optimized Pattern Generator,dynamic_session,Dynamic Session Pattern Assignment,50,6,360,aa126af81610b37cbcafa22c41302ceff39b27b86716bfec3309ddc90ae9c056,3699990508,f27416d8dad24171d516b4eb5fabca0ab90ab967139e1f740212562ef84252b4,True,bayesian_windowed_all_off,A3 Ablation) Time Prior + Memory + Lock Off,False,500,500,0,0.0,500,473,0,0.946,0.946,0.9497277833159934,2.453428599322091,381.73,421.1,51.30030733300373,500,0,0,0,0,1.0,0.0,0.0,0.0,0.0,1.0,28.56,0.0,0.0,0.0,0.0,0.0,,0.0,0.0,43.62158280294534,7.295712111976172,0.0,0.379346043082478,51.29664095800399,43.62158280294534,0.379346043082478
20260703_185002_516173,b0da4d9216a2bbfcc818675c756bd436b7c3e50f537880fa75c56fd8774d8151,44,2187632435,1233724831,2187632435,4,500,50,60,5,30,10.0,120,current,Optimized Pattern Generator,dynamic_session,Dynamic Session Pattern Assignment,50,6,360,9e38e7aadf3bae672c4219ffcc81cfecd9d301d3757f014bfc1054b8ca74eeb7,3699990509,2b621f7b7f42b17a0b699fd8c6441d6efdedf8d2e48697321dbf1c111889eebe,True,single_only,A1) Refined Cost + Greedy 1:1,True,500,500,0,0.0,500,465,0,0.93,0.93,1.0964609600922774,11.829454075627568,381.642,414.0,51.631799333001254,500,0,0,0,0,1.0,0.0,0.0,0.0,0.0,1.0,28.252,0.0,0.0,0.0,0.0,0.0,,0.0,0.0,43.08535521201702,8.188734191084222,0.0,0.3542639309016522,51.628353334002895,43.08535521201702,0.3542639309016522
20260703_185002_516173,b0da4d9216a2bbfcc818675c756bd436b7c3e50f537880fa75c56fd8774d8151,44,2187632435,1545686437,2187632435,4,500,50,60,5,30,10.0,120,current,Optimized Pattern Generator,dynamic_session,Dynamic Session Pattern Assignment,50,6,360,9e38e7aadf3bae672c4219ffcc81cfecd9d301d3757f014bfc1054b8ca74eeb7,3699990509,2b621f7b7f42b17a0b699fd8c6441d6efdedf8d2e48697321dbf1c111889eebe,True,single_only_dtw_off,A1 Ablation) DTW Off,False,500,500,0,0.0,500,448,0,0.896,0.896,0.8410602619800001,11.086667056666668,381.642,414.0,51.73495904199808,500,0,0,0,0,1.0,0.0,0.0,0.0,0.0,1.0,28.252,0.0,0.0,0.0,0.0,0.0,,0.0,0.0,43.15079996804707,8.20804015702015,0.0,0.37262220893171616,51.731462333998934,43.15079996804707,0.37262220893171616
20260703_185002_516173,b0da4d9216a2bbfcc818675c756bd436b7c3e50f537880fa75c56fd8774d8151,44,2187632435,866312277,2187632435,4,500,50,60,5,30,10.0,120,current,Optimized Pattern Generator,dynamic_session,Dynamic Session Pattern Assignment,50,6,360,9e38e7aadf3bae672c4219ffcc81cfecd9d301d3757f014bfc1054b8ca74eeb7,3699990509,2b621f7b7f42b17a0b699fd8c6441d6efdedf8d2e48697321dbf1c111889eebe,True,single_only_step_off,A1 Ablation) Step Signature Off,False,500,500,0,0.0,500,424,0,0.848,0.848,0.20701506913570852,0.887871650168465,381.642,414.0,51.670882874997915,500,0,0,0,0,1.0,0.0,0.0,0.0,0.0,1.0,28.252,0.0,0.0,0.0,0.0,0.0,,0.0,0.0,43.108413957023004,8.20463690195902,0.0,0.3544118490171968,51.66746270799922,43.108413957023004,0.3544118490171968
20260703_185002_516173,b0da4d9216a2bbfcc818675c756bd436b7c3e50f537880fa75c56fd8774d8151,44,2187632435,1815193601,2187632435,4,500,50,60,5,30,10.0,120,current,Optimized Pattern Generator,dynamic_session,Dynamic Session Pattern Assignment,50,6,360,9e38e7aadf3bae672c4219ffcc81cfecd9d301d3757f014bfc1054b8ca74eeb7,3699990509,2b621f7b7f42b17a0b699fd8c6441d6efdedf8d2e48697321dbf1c111889eebe,True,single_only_all_off,A1 Ablation) All Waveform Terms Off,False,500,500,0,0.0,500,348,0,0.696,0.696,1.1508002536400002,7.40000101,381.642,414.0,43.37426745799894,500,0,0,0,0,1.0,0.0,0.0,0.0,0.0,1.0,28.252,0.0,0.0,0.0,0.0,0.0,,0.0,0.0,42.99787010096043,0.0202824481530115,0.0,0.352717575886345,43.37087012499978,42.99787010096043,0.352717575886345
20260703_185002_516173,b0da4d9216a2bbfcc818675c756bd436b7c3e50f537880fa75c56fd8774d8151,44,2187632435,2184921370,2187632435,4,500,50,60,5,30,10.0,120,current,Optimized Pattern Generator,dynamic_session,Dynamic Session Pattern Assignment,50,6,360,9e38e7aadf3bae672c4219ffcc81cfecd9d301d3757f014bfc1054b8ca74eeb7,3699990509,2b621f7b7f42b17a0b699fd8c6441d6efdedf8d2e48697321dbf1c111889eebe,True,nomura_original_interval_hungarian,A2) Corr+DTW + Hungarian,False,500,500,0,0.0,500,445,0,0.89,0.89,0.0906867324779052,0.3935202259837091,381.642,414.0,63.66497554099624,500,0,0,0,0,1.0,0.0,0.0,0.0,0.0,1.0,28.252,0.0,0.0,0.0,0.0,0.0,,0.0,0.0,43.15983770307503,20.135909400036326,0.0,0.36562914688693127,63.661376249998284,43.15983770307503,0.36562914688693127
20260703_185002_516173,b0da4d9216a2bbfcc818675c756bd436b7c3e50f537880fa75c56fd8774d8151,44,2187632435,2176353904,2187632435,4,500,50,60,5,30,10.0,120,current,Optimized Pattern Generator,dynamic_session,Dynamic Session Pattern Assignment,50,6,360,9e38e7aadf3bae672c4219ffcc81cfecd9d301d3757f014bfc1054b8ca74eeb7,3699990509,2b621f7b7f42b17a0b699fd8c6441d6efdedf8d2e48697321dbf1c111889eebe,True,nomura_original_interval_hungarian_dtw_off,A2 Ablation) DTW Off (Corr-only),False,500,500,0,0.0,500,437,0,0.874,0.874,0.08006070412300463,0.27352107309107626,381.642,414.0,63.60053145799611,500,0,0,0,0,1.0,0.0,0.0,0.0,0.0,1.0,28.252,0.0,0.0,0.0,0.0,0.0,,0.0,0.0,43.108996669099724,20.118839023947658,0.0,0.36934047395334346,63.597176167000725,43.108996669099724,0.36934047395334346
20260703_185002_516173,b0da4d9216a2bbfcc818675c756bd436b7c3e50f537880fa75c56fd8774d8151,44,2187632435,1055930908,2187632435,4,500,50,60,5,30,10.0,120,current,Optimized Pattern Generator,dynamic_session,Dynamic Session Pattern Assignment,50,6,360,9e38e7aadf3bae672c4219ffcc81cfecd9d301d3757f014bfc1054b8ca74eeb7,3699990509,2b621f7b7f42b17a0b699fd8c6441d6efdedf8d2e48697321dbf1c111889eebe,True,nomura_original_interval_hungarian_corr_off,A2 Ablation) Corr Off (DTW-only),False,500,500,0,0.0,500,385,0,0.77,0.77,0.0010127643677055,0.28641186645773076,381.642,414.0,63.48806233399955,500,0,0,0,0,1.0,0.0,0.0,0.0,0.0,1.0,28.252,0.0,0.0,0.0,0.0,0.0,,0.0,0.0,43.0299496230582,20.07681715385843,0.0,0.37795855708100135,63.48472533399763,43.0299496230582,0.37795855708100135
20260703_185002_516173,b0da4d9216a2bbfcc818675c756bd436b7c3e50f537880fa75c56fd8774d8151,44,2187632435,542446199,2187632435,4,500,50,60,5,30,10.0,120,current,Optimized Pattern Generator,dynamic_session,Dynamic Session Pattern Assignment,50,6,360,9e38e7aadf3bae672c4219ffcc81cfecd9d301d3757f014bfc1054b8ca74eeb7,3699990509,2b621f7b7f42b17a0b699fd8c6441d6efdedf8d2e48697321dbf1c111889eebe,True,nomura_original_interval_hungarian_all_off,A2 Ablation) All Waveform Terms Off,False,500,500,0,0.0,500,348,0,0.696,0.696,1.1508002536400002,7.40000101,381.642,414.0,43.61255641699972,500,0,0,0,0,1.0,0.0,0.0,0.0,0.0,1.0,28.252,0.0,0.0,0.0,0.0,0.0,,0.0,0.0,43.23127784396638,0.021540687135711778,0.0,0.3560155938976095,43.6088341249997,43.23127784396638,0.3560155938976095
20260703_185002_516173,b0da4d9216a2bbfcc818675c756bd436b7c3e50f537880fa75c56fd8774d8151,44,2187632435,1367392774,2187632435,4,500,50,60,5,30,10.0,120,current,Optimized Pattern Generator,dynamic_session,Dynamic Session Pattern Assignment,50,6,360,9e38e7aadf3bae672c4219ffcc81cfecd9d301d3757f014bfc1054b8ca74eeb7,3699990509,2b621f7b7f42b17a0b699fd8c6441d6efdedf8d2e48697321dbf1c111889eebe,True,bayesian_windowed,A3) Bayesian Posterior + Hungarian + Lock,False,500,500,0,0.0,500,480,0,0.96,0.96,0.579777675600357,1.8961992841657418,381.642,414.0,50.88033879199793,500,0,0,0,0,1.0,0.0,0.0,0.0,0.0,1.0,28.252,0.0,0.0,0.0,0.0,0.0,,0.0,0.0,43.286325242930616,7.235790875995008,0.0,0.3544760890727048,50.87659220799833,43.286325242930616,0.3544760890727048
20260703_185002_516173,b0da4d9216a2bbfcc818675c756bd436b7c3e50f537880fa75c56fd8774d8151,44,2187632435,1856414613,2187632435,4,500,50,60,5,30,10.0,120,current,Optimized Pattern Generator,dynamic_session,Dynamic Session Pattern Assignment,50,6,360,9e38e7aadf3bae672c4219ffcc81cfecd9d301d3757f014bfc1054b8ca74eeb7,3699990509,2b621f7b7f42b17a0b699fd8c6441d6efdedf8d2e48697321dbf1c111889eebe,True,bayesian_windowed_lock_off,A3 Ablation) Lock Off,False,500,500,0,0.0,500,480,0,0.96,0.96,0.579779448022621,1.8961992841657418,381.642,414.0,50.971413708997716,500,0,0,0,0,1.0,0.0,0.0,0.0,0.0,1.0,28.252,0.0,0.0,0.0,0.0,0.0,,0.0,0.0,43.34005226800218,7.2401539919446805,0.0,0.3873955320523237,50.967601791999186,43.34005226800218,0.3873955320523237
20260703_185002_516173,b0da4d9216a2bbfcc818675c756bd436b7c3e50f537880fa75c56fd8774d8151,44,2187632435,1977915792,2187632435,4,500,50,60,5,30,10.0,120,current,Optimized Pattern Generator,dynamic_session,Dynamic Session Pattern Assignment,50,6,360,9e38e7aadf3bae672c4219ffcc81cfecd9d301d3757f014bfc1054b8ca74eeb7,3699990509,2b621f7b7f42b17a0b699fd8c6441d6efdedf8d2e48697321dbf1c111889eebe,True,bayesian_windowed_memory_off,A3 Ablation) Posterior Memory Off,False,500,500,0,0.0,500,465,0,0.93,0.93,0.9326120016250559,2.2560736541338766,381.642,414.0,50.91273220799485,500,0,0,0,0,1.0,0.0,0.0,0.0,0.0,1.0,28.252,0.0,0.0,0.0,0.0,0.0,,0.0,0.0,43.308661784933065,7.228951195029367,0.0,0.3716015200407128,50.909214500003145,43.308661784933065,0.3716015200407128
20260703_185002_516173,b0da4d9216a2bbfcc818675c756bd436b7c3e50f537880fa75c56fd8774d8151,44,2187632435,2395032864,2187632435,4,500,50,60,5,30,10.0,120,current,Optimized Pattern Generator,dynamic_session,Dynamic Session Pattern Assignment,50,6,360,9e38e7aadf3bae672c4219ffcc81cfecd9d301d3757f014bfc1054b8ca74eeb7,3699990509,2b621f7b7f42b17a0b699fd8c6441d6efdedf8d2e48697321dbf1c111889eebe,True,bayesian_windowed_timeprior_off,A3 Ablation) Time Prior Off,False,500,500,0,0.0,500,480,0,0.96,0.96,0.584090454769938,1.896318989367337,381.642,414.0,50.8448861249999,500,0,0,0,0,1.0,0.0,0.0,0.0,0.0,1.0,28.252,0.0,0.0,0.0,0.0,0.0,,0.0,0.0,43.269382453094295,7.215832533904177,0.0,0.3561653880024096,50.84138037500088,43.269382453094295,0.3561653880024096
20260703_185002_516173,b0da4d9216a2bbfcc818675c756bd436b7c3e50f537880fa75c56fd8774d8151,44,2187632435,433795926,2187632435,4,500,50,60,5,30,10.0,120,current,Optimized Pattern Generator,dynamic_session,Dynamic Session Pattern Assignment,50,6,360,9e38e7aadf3bae672c4219ffcc81cfecd9d301d3757f014bfc1054b8ca74eeb7,3699990509,2b621f7b7f42b17a0b699fd8c6441d6efdedf8d2e48697321dbf1c111889eebe,True,bayesian_windowed_all_off,A3 Ablation) Time Prior + Memory + Lock Off,False,500,500,0,0.0,500,465,0,0.93,0.93,0.9343250931063986,2.257103780062086,381.642,414.0,50.92694233299699,500,0,0,0,0,1.0,0.0,0.0,0.0,0.0,1.0,28.252,0.0,0.0,0.0,0.0,0.0,,0.0,0.0,43.34207382402383,7.2200189489958575,0.0,0.361383143979765,50.92347591699945,43.34207382402383,0.361383143979765
20260703_185002_516173,b0da4d9216a2bbfcc818675c756bd436b7c3e50f537880fa75c56fd8774d8151,45,2187632436,1233724824,2187632436,5,500,50,60,5,30,10.0,120,current,Optimized Pattern Generator,dynamic_session,Dynamic Session Pattern Assignment,50,6,360,c3d330be9b38672ca642d41b13a1ba8ee2318e71b5813d22821e7f0b45262257,3699990506,92cb855934bf5136b1deb87b0b91059545a7ebffee3c1299b03266f326384006,True,single_only,A1) Refined Cost + Greedy 1:1,True,500,500,0,0.0,500,474,0,0.948,0.948,1.0619582720405052,5.65211287337774,381.266,415.0,51.31210574999568,500,0,0,0,0,1.0,0.0,0.0,0.0,0.0,1.0,27.964,0.0,0.0,0.0,0.0,0.0,,0.0,0.0,42.83465201195213,8.11077454102633,0.0,0.3632874050163082,51.30871395799477,42.83465201195213,0.3632874050163082
20260703_185002_516173,b0da4d9216a2bbfcc818675c756bd436b7c3e50f537880fa75c56fd8774d8151,45,2187632436,1545686434,2187632436,5,500,50,60,5,30,10.0,120,current,Optimized Pattern Generator,dynamic_session,Dynamic Session Pattern Assignment,50,6,360,c3d330be9b38672ca642d41b13a1ba8ee2318e71b5813d22821e7f0b45262257,3699990506,92cb855934bf5136b1deb87b0b91059545a7ebffee3c1299b03266f326384006,True,single_only_dtw_off,A1 Ablation) DTW Off,False,500,500,0,0.0,500,460,0,0.92,0.92,0.8097869401466667,3.8300001800000003,381.266,415.0,51.40790783400007,500,0,0,0,0,1.0,0.0,0.0,0.0,0.0,1.0,27.964,0.0,0.0,0.0,0.0,0.0,,0.0,0.0,42.922515507052594,8.127535157989769,0.0,0.3542745849554194,51.40432524999778,42.922515507052594,0.3542745849554194
20260703_185002_516173,b0da4d9216a2bbfcc818675c756bd436b7c3e50f537880fa75c56fd8774d8151,45,2187632436,866312274,2187632436,5,500,50,60,5,30,10.0,120,current,Optimized Pattern Generator,dynamic_session,Dynamic Session Pattern Assignment,50,6,360,c3d330be9b38672ca642d41b13a1ba8ee2318e71b5813d22821e7f0b45262257,3699990506,92cb855934bf5136b1deb87b0b91059545a7ebffee3c1299b03266f326384006,True,single_only_step_off,A1 Ablation) Step Signature Off,False,500,500,0,0.0,500,433,0,0.866,0.866,0.19781122580356905,1.0070244382127607,381.266,415.0,51.34545100000105,500,0,0,0,0,1.0,0.0,0.0,0.0,0.0,1.0,27.964,0.0,0.0,0.0,0.0,0.0,,0.0,0.0,42.876344704993244,8.104384943020705,0.0,0.3613592689798679,51.342088916993816,42.876344704993244,0.3613592689798679
20260703_185002_516173,b0da4d9216a2bbfcc818675c756bd436b7c3e50f537880fa75c56fd8774d8151,45,2187632436,1815193606,2187632436,5,500,50,60,5,30,10.0,120,current,Optimized Pattern Generator,dynamic_session,Dynamic Session Pattern Assignment,50,6,360,c3d330be9b38672ca642d41b13a1ba8ee2318e71b5813d22821e7f0b45262257,3699990506,92cb855934bf5136b1deb87b0b91059545a7ebffee3c1299b03266f326384006,True,single_only_all_off,A1 Ablation) All Waveform Terms Off,False,500,500,0,0.0,500,357,0,0.714,0.714,1.19700027692,7.800000370000001,381.266,415.0,43.162886250000156,500,0,0,0,0,1.0,0.0,0.0,0.0,0.0,1.0,27.964,0.0,0.0,0.0,0.0,0.0,,0.0,0.0,42.767751997969754,0.02072665905870963,0.0,0.3708582589679281,43.15933691599639,42.767751997969754,0.3708582589679281
20260703_185002_516173,b0da4d9216a2bbfcc818675c756bd436b7c3e50f537880fa75c56fd8774d8151,45,2187632436,2184921373,2187632436,5,500,50,60,5,30,10.0,120,current,Optimized Pattern Generator,dynamic_session,Dynamic Session Pattern Assignment,50,6,360,c3d330be9b38672ca642d41b13a1ba8ee2318e71b5813d22821e7f0b45262257,3699990506,92cb855934bf5136b1deb87b0b91059545a7ebffee3c1299b03266f326384006,True,nomura_original_interval_hungarian,A2) Corr+DTW + Hungarian,False,500,500,0,0.0,500,453,0,0.906,0.906,0.08670964227606044,0.4331251663024606,381.266,415.0,63.13256849999743,500,0,0,0,0,1.0,0.0,0.0,0.0,0.0,1.0,27.964,0.0,0.0,0.0,0.0,0.0,,0.0,0.0,42.90129263400013,19.866069830059132,0.0,0.36182941094011767,63.12919187499938,42.90129263400013,0.36182941094011767
20260703_185002_516173,b0da4d9216a2bbfcc818675c756bd436b7c3e50f537880fa75c56fd8774d8151,45,2187632436,2176353911,2187632436,5,500,50,60,5,30,10.0,120,current,Optimized Pattern Generator,dynamic_session,Dynamic Session Pattern Assignment,50,6,360,c3d330be9b38672ca642d41b13a1ba8ee2318e71b5813d22821e7f0b45262257,3699990506,92cb855934bf5136b1deb87b0b91059545a7ebffee3c1299b03266f326384006,True,nomura_original_interval_hungarian_dtw_off,A2 Ablation) DTW Off (Corr-only),False,500,500,0,0.0,500,444,0,0.888,0.888,0.07663968658533099,0.31864557313190683,381.266,415.0,63.07384987499972,500,0,0,0,0,1.0,0.0,0.0,0.0,0.0,1.0,27.964,0.0,0.0,0.0,0.0,0.0,,0.0,0.0,42.83752542699949,19.88039335708163,0.0,0.3523864659218816,63.070305250003,42.83752542699949,0.3523864659218816
20260703_185002_516173,b0da4d9216a2bbfcc818675c756bd436b7c3e50f537880fa75c56fd8774d8151,45,2187632436,1055930907,2187632436,5,500,50,60,5,30,10.0,120,current,Optimized Pattern Generator,dynamic_session,Dynamic Session Pattern Assignment,50,6,360,c3d330be9b38672ca642d41b13a1ba8ee2318e71b5813d22821e7f0b45262257,3699990506,92cb855934bf5136b1deb87b0b91059545a7ebffee3c1299b03266f326384006,True,nomura_original_interval_hungarian_corr_off,A2 Ablation) Corr Off (DTW-only),False,500,500,0,0.0,500,380,0,0.76,0.76,0.001552153013013595,0.1795095641452515,381.266,415.0,63.116120791004505,500,0,0,0,0,1.0,0.0,0.0,0.0,0.0,1.0,27.964,0.0,0.0,0.0,0.0,0.0,,0.0,0.0,42.889481590988,19.848943818004045,0.0,0.3741497160081053,63.11257512500015,42.889481590988,0.3741497160081053
20260703_185002_516173,b0da4d9216a2bbfcc818675c756bd436b7c3e50f537880fa75c56fd8774d8151,45,2187632436,542446192,2187632436,5,500,50,60,5,30,10.0,120,current,Optimized Pattern Generator,dynamic_session,Dynamic Session Pattern Assignment,50,6,360,c3d330be9b38672ca642d41b13a1ba8ee2318e71b5813d22821e7f0b45262257,3699990506,92cb855934bf5136b1deb87b0b91059545a7ebffee3c1299b03266f326384006,True,nomura_original_interval_hungarian_all_off,A2 Ablation) All Waveform Terms Off,False,500,500,0,0.0,500,357,0,0.714,0.714,1.19700027692,7.800000370000001,381.266,415.0,43.14292787500017,500,0,0,0,0,1.0,0.0,0.0,0.0,0.0,1.0,27.964,0.0,0.0,0.0,0.0,0.0,,0.0,0.0,42.75962569695548,0.02048515108617721,0.0,0.3594602769589983,43.13957112500066,42.75962569695548,0.3594602769589983
20260703_185002_516173,b0da4d9216a2bbfcc818675c756bd436b7c3e50f537880fa75c56fd8774d8151,45,2187632436,1367392769,2187632436,5,500,50,60,5,30,10.0,120,current,Optimized Pattern Generator,dynamic_session,Dynamic Session Pattern Assignment,50,6,360,c3d330be9b38672ca642d41b13a1ba8ee2318e71b5813d22821e7f0b45262257,3699990506,92cb855934bf5136b1deb87b0b91059545a7ebffee3c1299b03266f326384006,True,bayesian_windowed,A3) Bayesian Posterior + Hungarian + Lock,False,500,500,0,0.0,500,489,0,0.978,0.978,0.5894822761877886,1.986247935874357,381.266,415.0,50.4969907909981,500,0,0,0,0,1.0,0.0,0.0,0.0,0.0,1.0,27.964,0.0,0.0,0.0,0.0,0.0,,0.0,0.0,42.97952941800031,7.163026629947126,0.0,0.35099774405534845,50.493553792002785,42.97952941800031,0.35099774405534845
20260703_185002_516173,b0da4d9216a2bbfcc818675c756bd436b7c3e50f537880fa75c56fd8774d8151,45,2187632436,1856414610,2187632436,5,500,50,60,5,30,10.0,120,current,Optimized Pattern Generator,dynamic_session,Dynamic Session Pattern Assignment,50,6,360,c3d330be9b38672ca642d41b13a1ba8ee2318e71b5813d22821e7f0b45262257,3699990506,92cb855934bf5136b1deb87b0b91059545a7ebffee3c1299b03266f326384006,True,bayesian_windowed_lock_off,A3 Ablation) Lock Off,False,500,500,0,0.0,500,489,0,0.978,0.978,0.589485282275304,1.986247935874357,381.266,415.0,50.7233047089976,500,0,0,0,0,1.0,0.0,0.0,0.0,0.0,1.0,27.964,0.0,0.0,0.0,0.0,0.0,,0.0,0.0,43.188145749991236,7.177336657106935,0.0,0.35421888490236597,50.719701292000536,43.188145749991236,0.35421888490236597
20260703_185002_516173,b0da4d9216a2bbfcc818675c756bd436b7c3e50f537880fa75c56fd8774d8151,45,2187632436,1977915799,2187632436,5,500,50,60,5,30,10.0,120,current,Optimized Pattern Generator,dynamic_session,Dynamic Session Pattern Assignment,50,6,360,c3d330be9b38672ca642d41b13a1ba8ee2318e71b5813d22821e7f0b45262257,3699990506,92cb855934bf5136b1deb87b0b91059545a7ebffee3c1299b03266f326384006,True,bayesian_windowed_memory_off,A3 Ablation) Posterior Memory Off,False,500,500,0,0.0,500,474,0,0.948,0.948,0.956166379654578,2.4504040883075473,381.266,415.0,50.377049208000244,500,0,0,0,0,1.0,0.0,0.0,0.0,0.0,1.0,27.964,0.0,0.0,0.0,0.0,0.0,,0.0,0.0,42.863341203992604,7.158937700842216,0.0,0.3512695531680947,50.373548458002915,42.863341203992604,0.3512695531680947
20260703_185002_516173,b0da4d9216a2bbfcc818675c756bd436b7c3e50f537880fa75c56fd8774d8151,45,2187632436,2395032871,2187632436,5,500,50,60,5,30,10.0,120,current,Optimized Pattern Generator,dynamic_session,Dynamic Session Pattern Assignment,50,6,360,c3d330be9b38672ca642d41b13a1ba8ee2318e71b5813d22821e7f0b45262257,3699990506,92cb855934bf5136b1deb87b0b91059545a7ebffee3c1299b03266f326384006,True,bayesian_windowed_timeprior_off,A3 Ablation) Time Prior Off,False,500,500,0,0.0,500,489,0,0.978,0.978,0.5929519053671386,1.986247935874357,381.266,415.0,50.43548849999934,500,0,0,0,0,1.0,0.0,0.0,0.0,0.0,1.0,27.964,0.0,0.0,0.0,0.0,0.0,,0.0,0.0,42.89695774902793,7.159491710961447,0.0,0.3753962480041082,50.43184570799349,42.89695774902793,0.3753962480041082
20260703_185002_516173,b0da4d9216a2bbfcc818675c756bd436b7c3e50f537880fa75c56fd8774d8151,45,2187632436,433795921,2187632436,5,500,50,60,5,30,10.0,120,current,Optimized Pattern Generator,dynamic_session,Dynamic Session Pattern Assignment,50,6,360,c3d330be9b38672ca642d41b13a1ba8ee2318e71b5813d22821e7f0b45262257,3699990506,92cb855934bf5136b1deb87b0b91059545a7ebffee3c1299b03266f326384006,True,bayesian_windowed_all_off,A3 Ablation) Time Prior + Memory + Lock Off,False,500,500,0,0.0,500,474,0,0.948,0.948,0.9576371340605176,2.4530507772789547,381.266,415.0,50.324915791999956,500,0,0,0,0,1.0,0.0,0.0,0.0,0.0,1.0,27.964,0.0,0.0,0.0,0.0,0.0,,0.0,0.0,42.81551528986893,7.146759543131338,0.0,0.3589687919957214,50.32124362499599,42.81551528986893,0.3589687919957214
20260703_185002_516173,b0da4d9216a2bbfcc818675c756bd436b7c3e50f537880fa75c56fd8774d8151,46,2187632437,1233724825,2187632437,6,500,50,60,5,30,10.0,120,current,Optimized Pattern Generator,dynamic_session,Dynamic Session Pattern Assignment,50,6,360,99fef08ba3fea667b4adf1aaee53e0d8aee9f0a1c27e8e965d51ee6475a7d8d0,3699990507,cc1934cb8fc5341fdb17eb0cbd30706bf8cd507ece51f384cd72c5ffb2097ac1,True,single_only,A1) Refined Cost + Greedy 1:1,True,500,500,0,0.0,500,473,0,0.946,0.946,1.0933993738954642,4.971294227624764,381.518,414.20000000000005,52.357284167002945,500,0,0,0,0,1.0,0.0,0.0,0.0,0.0,1.0,28.526,0.0,0.0,0.0,0.0,0.0,,0.0,0.0,43.688051080011064,8.285297353912028,0.0,0.38011127508070786,52.3534597090038,43.688051080011064,0.38011127508070786
20260703_185002_516173,b0da4d9216a2bbfcc818675c756bd436b7c3e50f537880fa75c56fd8774d8151,46,2187632437,1545686435,2187632437,6,500,50,60,5,30,10.0,120,current,Optimized Pattern Generator,dynamic_session,Dynamic Session Pattern Assignment,50,6,360,99fef08ba3fea667b4adf1aaee53e0d8aee9f0a1c27e8e965d51ee6475a7d8d0,3699990507,cc1934cb8fc5341fdb17eb0cbd30706bf8cd507ece51f384cd72c5ffb2097ac1,True,single_only_dtw_off,A1 Ablation) DTW Off,False,500,500,0,0.0,500,462,0,0.924,0.924,0.8293202744800001,3.806667016666667,381.518,414.20000000000005,52.35781387500174,500,0,0,0,0,1.0,0.0,0.0,0.0,0.0,1.0,28.526,0.0,0.0,0.0,0.0,0.0,,0.0,0.0,43.70179420307977,8.300504700011516,0.0,0.35203397191071417,52.354332875002,43.70179420307977,0.35203397191071417
20260703_185002_516173,b0da4d9216a2bbfcc818675c756bd436b7c3e50f537880fa75c56fd8774d8151,46,2187632437,866312275,2187632437,6,500,50,60,5,30,10.0,120,current,Optimized Pattern Generator,dynamic_session,Dynamic Session Pattern Assignment,50,6,360,99fef08ba3fea667b4adf1aaee53e0d8aee9f0a1c27e8e965d51ee6475a7d8d0,3699990507,cc1934cb8fc5341fdb17eb0cbd30706bf8cd507ece51f384cd72c5ffb2097ac1,True,single_only_step_off,A1 Ablation) Step Signature Off,False,500,500,0,0.0,500,423,0,0.846,0.846,0.20453781065742196,1.2245953421159328,381.518,414.20000000000005,52.380278917000396,500,0,0,0,0,1.0,0.0,0.0,0.0,0.0,1.0,28.526,0.0,0.0,0.0,0.0,0.0,,0.0,0.0,43.72678082594939,8.298113652053871,0.0,0.3518237299940665,52.37671820799733,43.72678082594939,0.3518237299940665
20260703_185002_516173,b0da4d9216a2bbfcc818675c756bd436b7c3e50f537880fa75c56fd8774d8151,46,2187632437,1815193607,2187632437,6,500,50,60,5,30,10.0,120,current,Optimized Pattern Generator,dynamic_session,Dynamic Session Pattern Assignment,50,6,360,99fef08ba3fea667b4adf1aaee53e0d8aee9f0a1c27e8e965d51ee6475a7d8d0,3699990507,cc1934cb8fc5341fdb17eb0cbd30706bf8cd507ece51f384cd72c5ffb2097ac1,True,single_only_all_off,A1 Ablation) All Waveform Terms Off,False,500,500,0,0.0,500,355,0,0.71,0.71,1.14940027582,8.40000022,381.518,414.20000000000005,44.03008770800079,500,0,0,0,0,1.0,0.0,0.0,0.0,0.0,1.0,28.526,0.0,0.0,0.0,0.0,0.0,,0.0,0.0,43.6543192049794,0.021159785021154676,0.0,0.35118105199944694,44.026660042,43.6543192049794,0.35118105199944694
20260703_185002_516173,b0da4d9216a2bbfcc818675c756bd436b7c3e50f537880fa75c56fd8774d8151,46,2187632437,2184921372,2187632437,6,500,50,60,5,30,10.0,120,current,Optimized Pattern Generator,dynamic_session,Dynamic Session Pattern Assignment,50,6,360,99fef08ba3fea667b4adf1aaee53e0d8aee9f0a1c27e8e965d51ee6475a7d8d0,3699990507,cc1934cb8fc5341fdb17eb0cbd30706bf8cd507ece51f384cd72c5ffb2097ac1,True,nomura_original_interval_hungarian,A2) Corr+DTW + Hungarian,False,500,500,0,0.0,500,440,0,0.88,0.88,0.08954375500385839,0.6897570442530349,381.518,414.20000000000005,64.39380537499528,500,0,0,0,0,1.0,0.0,0.0,0.0,0.0,1.0,28.526,0.0,0.0,0.0,0.0,0.0,,0.0,0.0,43.73515476298053,20.29557166302402,0.0,0.3595715739938896,64.39029799999844,43.73515476298053,0.3595715739938896
20260703_185002_516173,b0da4d9216a2bbfcc818675c756bd436b7c3e50f537880fa75c56fd8774d8151,46,2187632437,2176353910,2187632437,6,500,50,60,5,30,10.0,120,current,Optimized Pattern Generator,dynamic_session,Dynamic Session Pattern Assignment,50,6,360,99fef08ba3fea667b4adf1aaee53e0d8aee9f0a1c27e8e965d51ee6475a7d8d0,3699990507,cc1934cb8fc5341fdb17eb0cbd30706bf8cd507ece51f384cd72c5ffb2097ac1,True,nomura_original_interval_hungarian_dtw_off,A2 Ablation) DTW Off (Corr-only),False,500,500,0,0.0,500,429,0,0.858,0.858,0.0788010002261135,0.32067469418864347,381.518,414.20000000000005,64.31523037500301,500,0,0,0,0,1.0,0.0,0.0,0.0,0.0,1.0,28.526,0.0,0.0,0.0,0.0,0.0,,0.0,0.0,43.733745401936176,20.20441277702048,0.0,0.3734536120464327,64.31161179100309,43.733745401936176,0.3734536120464327
20260703_185002_516173,b0da4d9216a2bbfcc818675c756bd436b7c3e50f537880fa75c56fd8774d8151,46,2187632437,1055930906,2187632437,6,500,50,60,5,30,10.0,120,current,Optimized Pattern Generator,dynamic_session,Dynamic Session Pattern Assignment,50,6,360,99fef08ba3fea667b4adf1aaee53e0d8aee9f0a1c27e8e965d51ee6475a7d8d0,3699990507,cc1934cb8fc5341fdb17eb0cbd30706bf8cd507ece51f384cd72c5ffb2097ac1,True,nomura_original_interval_hungarian_corr_off,A2 Ablation) Corr Off (DTW-only),False,500,500,0,0.0,500,389,0,0.778,0.778,0.0023078452679869254,0.39063475816416193,381.518,414.20000000000005,64.37529570899642,500,0,0,0,0,1.0,0.0,0.0,0.0,0.0,1.0,28.526,0.0,0.0,0.0,0.0,0.0,,0.0,0.0,43.66221603601298,20.347354691984947,0.0,0.36208073099987814,64.3716514589978,43.66221603601298,0.36208073099987814
20260703_185002_516173,b0da4d9216a2bbfcc818675c756bd436b7c3e50f537880fa75c56fd8774d8151,46,2187632437,542446193,2187632437,6,500,50,60,5,30,10.0,120,current,Optimized Pattern Generator,dynamic_session,Dynamic Session Pattern Assignment,50,6,360,99fef08ba3fea667b4adf1aaee53e0d8aee9f0a1c27e8e965d51ee6475a7d8d0,3699990507,cc1934cb8fc5341fdb17eb0cbd30706bf8cd507ece51f384cd72c5ffb2097ac1,True,nomura_original_interval_hungarian_all_off,A2 Ablation) All Waveform Terms Off,False,500,500,0,0.0,500,355,0,0.71,0.71,1.14940027582,8.40000022,381.518,414.20000000000005,43.981738583999686,500,0,0,0,0,1.0,0.0,0.0,0.0,0.0,1.0,28.526,0.0,0.0,0.0,0.0,0.0,,0.0,0.0,43.597302746013156,0.021192567066464107,0.0,0.3597139369157958,43.978209249995416,43.597302746013156,0.3597139369157958
20260703_185002_516173,b0da4d9216a2bbfcc818675c756bd436b7c3e50f537880fa75c56fd8774d8151,46,2187632437,1367392768,2187632437,6,500,50,60,5,30,10.0,120,current,Optimized Pattern Generator,dynamic_session,Dynamic Session Pattern Assignment,50,6,360,99fef08ba3fea667b4adf1aaee53e0d8aee9f0a1c27e8e965d51ee6475a7d8d0,3699990507,cc1934cb8fc5341fdb17eb0cbd30706bf8cd507ece51f384cd72c5ffb2097ac1,True,bayesian_windowed,A3) Bayesian Posterior + Hungarian + Lock,False,500,500,0,0.0,500,490,0,0.98,0.98,0.5534121788730523,1.5794963118682137,381.518,414.20000000000005,51.35216441599914,500,0,0,0,0,1.0,0.0,0.0,0.0,0.0,1.0,28.526,0.0,0.0,0.0,0.0,0.0,,0.0,0.0,43.692597006083815,7.276459689870535,0.0,0.37969242904364364,51.348749124997994,43.692597006083815,0.37969242904364364
20260703_185002_516173,b0da4d9216a2bbfcc818675c756bd436b7c3e50f537880fa75c56fd8774d8151,46,2187632437,1856414611,2187632437,6,500,50,60,5,30,10.0,120,current,Optimized Pattern Generator,dynamic_session,Dynamic Session Pattern Assignment,50,6,360,99fef08ba3fea667b4adf1aaee53e0d8aee9f0a1c27e8e965d51ee6475a7d8d0,3699990507,cc1934cb8fc5341fdb17eb0cbd30706bf8cd507ece51f384cd72c5ffb2097ac1,True,bayesian_windowed_lock_off,A3 Ablation) Lock Off,False,500,500,0,0.0,500,490,0,0.98,0.98,0.5534176501880802,1.5794963118682137,381.518,414.20000000000005,51.331122292001965,500,0,0,0,0,1.0,0.0,0.0,0.0,0.0,1.0,28.526,0.0,0.0,0.0,0.0,0.0,,0.0,0.0,43.68486470298376,7.29025916410319,0.0,0.3521722169170971,51.32729608400405,43.68486470298376,0.3521722169170971
20260703_185002_516173,b0da4d9216a2bbfcc818675c756bd436b7c3e50f537880fa75c56fd8774d8151,46,2187632437,1977915798,2187632437,6,500,50,60,5,30,10.0,120,current,Optimized Pattern Generator,dynamic_session,Dynamic Session Pattern Assignment,50,6,360,99fef08ba3fea667b4adf1aaee53e0d8aee9f0a1c27e8e965d51ee6475a7d8d0,3699990507,cc1934cb8fc5341fdb17eb0cbd30706bf8cd507ece51f384cd72c5ffb2097ac1,True,bayesian_windowed_memory_off,A3 Ablation) Posterior Memory Off,False,500,500,0,0.0,500,473,0,0.946,0.946,0.9355101955680575,2.2165264518008834,381.518,414.20000000000005,51.43169358299929,500,0,0,0,0,1.0,0.0,0.0,0.0,0.0,1.0,28.526,0.0,0.0,0.0,0.0,0.0,,0.0,0.0,43.77427249991888,7.2924017289988114,0.0,0.3614813960812171,51.42815562499891,43.77427249991888,0.3614813960812171
20260703_185002_516173,b0da4d9216a2bbfcc818675c756bd436b7c3e50f537880fa75c56fd8774d8151,46,2187632437,2395032870,2187632437,6,500,50,60,5,30,10.0,120,current,Optimized Pattern Generator,dynamic_session,Dynamic Session Pattern Assignment,50,6,360,99fef08ba3fea667b4adf1aaee53e0d8aee9f0a1c27e8e965d51ee6475a7d8d0,3699990507,cc1934cb8fc5341fdb17eb0cbd30706bf8cd507ece51f384cd72c5ffb2097ac1,True,bayesian_windowed_timeprior_off,A3 Ablation) Time Prior Off,False,500,500,0,0.0,500,489,0,0.978,0.978,0.5562652456410655,1.5798349982793676,381.518,414.20000000000005,51.37040474999958,500,0,0,0,0,1.0,0.0,0.0,0.0,0.0,1.0,28.526,0.0,0.0,0.0,0.0,0.0,,0.0,0.0,43.713875363020634,7.300083999049093,0.0,0.35111684592993697,51.365076207999664,43.713875363020634,0.35111684592993697
20260703_185002_516173,b0da4d9216a2bbfcc818675c756bd436b7c3e50f537880fa75c56fd8774d8151,46,2187632437,433795920,2187632437,6,500,50,60,5,30,10.0,120,current,Optimized Pattern Generator,dynamic_session,Dynamic Session Pattern Assignment,50,6,360,99fef08ba3fea667b4adf1aaee53e0d8aee9f0a1c27e8e965d51ee6475a7d8d0,3699990507,cc1934cb8fc5341fdb17eb0cbd30706bf8cd507ece51f384cd72c5ffb2097ac1,True,bayesian_windowed_all_off,A3 Ablation) Time Prior + Memory + Lock Off,False,500,500,0,0.0,500,473,0,0.946,0.946,0.9369023983828109,2.2167568290279087,381.518,414.20000000000005,51.376944667004864,500,0,0,0,0,1.0,0.0,0.0,0.0,0.0,1.0,28.526,0.0,0.0,0.0,0.0,0.0,,0.0,0.0,43.703188628933276,7.291962322000472,0.0,0.37788775706576416,51.37303870799951,43.703188628933276,0.37788775706576416
20260703_185002_516173,b0da4d9216a2bbfcc818675c756bd436b7c3e50f537880fa75c56fd8774d8151,47,2187632438,1233724826,2187632438,7,500,50,60,5,30,10.0,120,current,Optimized Pattern Generator,dynamic_session,Dynamic Session Pattern Assignment,50,6,360,d753707e72c4f87dd624e93e39d8df4435e1b422a6d25d5152a3e627dc77b674,3699990504,cb9dee967fedc54d66610c180e64e46b83ff3f12776871871ae209b153f5a1a5,True,single_only,A1) Refined Cost + Greedy 1:1,True,500,500,0,0.0,500,456,0,0.912,0.912,1.1475872029834244,6.023601681491944,382.17,418.30000000000007,52.84744570800103,500,0,0,0,0,1.0,0.0,0.0,0.0,0.0,1.0,28.892,0.0,0.0,0.0,0.0,0.0,,0.0,0.0,44.112026167989825,8.378617657974246,0.0,0.35322100703342585,52.8438648329975,44.112026167989825,0.35322100703342585
20260703_185002_516173,b0da4d9216a2bbfcc818675c756bd436b7c3e50f537880fa75c56fd8774d8151,47,2187632438,1545686432,2187632438,7,500,50,60,5,30,10.0,120,current,Optimized Pattern Generator,dynamic_session,Dynamic Session Pattern Assignment,50,6,360,d753707e72c4f87dd624e93e39d8df4435e1b422a6d25d5152a3e627dc77b674,3699990504,cb9dee967fedc54d66610c180e64e46b83ff3f12776871871ae209b153f5a1a5,True,single_only_dtw_off,A1 Ablation) DTW Off,False,500,500,0,0.0,500,451,0,0.902,0.902,0.8718736085533334,4.15000046,382.17,418.30000000000007,52.88472483299847,500,0,0,0,0,1.0,0.0,0.0,0.0,0.0,1.0,28.892,0.0,0.0,0.0,0.0,0.0,,0.0,0.0,44.14603495197662,8.364037633851694,0.0,0.37102066416991875,52.88109324999823,44.14603495197662,0.37102066416991875
20260703_185002_516173,b0da4d9216a2bbfcc818675c756bd436b7c3e50f537880fa75c56fd8774d8151,47,2187632438,866312272,2187632438,7,500,50,60,5,30,10.0,120,current,Optimized Pattern Generator,dynamic_session,Dynamic Session Pattern Assignment,50,6,360,d753707e72c4f87dd624e93e39d8df4435e1b422a6d25d5152a3e627dc77b674,3699990504,cb9dee967fedc54d66610c180e64e46b83ff3f12776871871ae209b153f5a1a5,True,single_only_step_off,A1 Ablation) Step Signature Off,False,500,500,0,0.0,500,428,0,0.856,0.856,0.21112104894020528,1.0000004000000007,382.17,418.30000000000007,52.836162375009735,500,0,0,0,0,1.0,0.0,0.0,0.0,0.0,1.0,28.892,0.0,0.0,0.0,0.0,0.0,,0.0,0.0,44.10646370012546,8.347414284144179,0.0,0.3788542657275684,52.83273224999721,44.10646370012546,0.3788542657275684
20260703_185002_516173,b0da4d9216a2bbfcc818675c756bd436b7c3e50f537880fa75c56fd8774d8151,47,2187632438,1815193604,2187632438,7,500,50,60,5,30,10.0,120,current,Optimized Pattern Generator,dynamic_session,Dynamic Session Pattern Assignment,50,6,360,d753707e72c4f87dd624e93e39d8df4435e1b422a6d25d5152a3e627dc77b674,3699990504,cb9dee967fedc54d66610c180e64e46b83ff3f12776871871ae209b153f5a1a5,True,single_only_all_off,A1 Ablation) All Waveform Terms Off,False,500,500,0,0.0,500,344,0,0.688,0.688,1.29400027114,8.00000032,382.17,418.30000000000007,44.47505895800714,500,0,0,0,0,1.0,0.0,0.0,0.0,0.0,1.0,28.892,0.0,0.0,0.0,0.0,0.0,,0.0,0.0,44.09611370094353,0.020817909215111285,0.0,0.35461955683422275,44.47155116699287,44.09611370094353,0.35461955683422275
20260703_185002_516173,b0da4d9216a2bbfcc818675c756bd436b7c3e50f537880fa75c56fd8774d8151,47,2187632438,2184921375,2187632438,7,500,50,60,5,30,10.0,120,current,Optimized Pattern Generator,dynamic_session,Dynamic Session Pattern Assignment,50,6,360,d753707e72c4f87dd624e93e39d8df4435e1b422a6d25d5152a3e627dc77b674,3699990504,cb9dee967fedc54d66610c180e64e46b83ff3f12776871871ae209b153f5a1a5,True,nomura_original_interval_hungarian,A2) Corr+DTW + Hungarian,False,500,500,0,0.0,500,436,0,0.872,0.872,0.09438536280387237,0.43137291952264667,382.17,418.30000000000007,65.03707420799765,500,0,0,0,0,1.0,0.0,0.0,0.0,0.0,1.0,28.892,0.0,0.0,0.0,0.0,0.0,,0.0,0.0,44.15500062190404,20.518941575923236,0.0,0.3596952191728633,65.03363741700014,44.15500062190404,0.3596952191728633
20260703_185002_516173,b0da4d9216a2bbfcc818675c756bd436b7c3e50f537880fa75c56fd8774d8151,47,2187632438,2176353909,2187632438,7,500,50,60,5,30,10.0,120,current,Optimized Pattern Generator,dynamic_session,Dynamic Session Pattern Assignment,50,6,360,d753707e72c4f87dd624e93e39d8df4435e1b422a6d25d5152a3e627dc77b674,3699990504,cb9dee967fedc54d66610c180e64e46b83ff3f12776871871ae209b153f5a1a5,True,nomura_original_interval_hungarian_dtw_off,A2 Ablation) DTW Off (Corr-only),False,500,500,0,0.0,500,431,0,0.862,0.862,0.08131649179918204,0.29723874722658916,382.17,418.30000000000007,65.0399728330085,500,0,0,0,0,1.0,0.0,0.0,0.0,0.0,1.0,28.892,0.0,0.0,0.0,0.0,0.0,,0.0,0.0,44.04551900686056,20.62434695023694,0.0,0.36644758489273954,65.03631354199024,44.04551900686056,0.36644758489273954
20260703_185002_516173,b0da4d9216a2bbfcc818675c756bd436b7c3e50f537880fa75c56fd8774d8151,47,2187632438,1055930905,2187632438,7,500,50,60,5,30,10.0,120,current,Optimized Pattern Generator,dynamic_session,Dynamic Session Pattern Assignment,50,6,360,d753707e72c4f87dd624e93e39d8df4435e1b422a6d25d5152a3e627dc77b674,3699990504,cb9dee967fedc54d66610c180e64e46b83ff3f12776871871ae209b153f5a1a5,True,nomura_original_interval_hungarian_corr_off,A2 Ablation) Corr Off (DTW-only),False,500,500,0,0.0,500,375,0,0.75,0.75,0.002060590928883834,0.1530771856314955,382.17,418.30000000000007,64.8776059160009,500,0,0,0,0,1.0,0.0,0.0,0.0,0.0,1.0,28.892,0.0,0.0,0.0,0.0,0.0,,0.0,0.0,44.01721245990484,20.49646997988748,0.0,0.36045731020567473,64.874139749998,44.01721245990484,0.36045731020567473
20260703_185002_516173,b0da4d9216a2bbfcc818675c756bd436b7c3e50f537880fa75c56fd8774d8151,47,2187632438,542446194,2187632438,7,500,50,60,5,30,10.0,120,current,Optimized Pattern Generator,dynamic_session,Dynamic Session Pattern Assignment,50,6,360,d753707e72c4f87dd624e93e39d8df4435e1b422a6d25d5152a3e627dc77b674,3699990504,cb9dee967fedc54d66610c180e64e46b83ff3f12776871871ae209b153f5a1a5,True,nomura_original_interval_hungarian_all_off,A2 Ablation) All Waveform Terms Off,False,500,500,0,0.0,500,344,0,0.688,0.688,1.29400027114,8.00000032,382.17,418.30000000000007,44.28073237500212,500,0,0,0,0,1.0,0.0,0.0,0.0,0.0,1.0,28.892,0.0,0.0,0.0,0.0,0.0,,0.0,0.0,43.906418067068444,0.020402660069521517,0.0,0.3504016888764454,44.27722241601441,43.906418067068444,0.3504016888764454
20260703_185002_516173,b0da4d9216a2bbfcc818675c756bd436b7c3e50f537880fa75c56fd8774d8151,47,2187632438,1367392771,2187632438,7,500,50,60,5,30,10.0,120,current,Optimized Pattern Generator,dynamic_session,Dynamic Session Pattern Assignment,50,6,360,d753707e72c4f87dd624e93e39d8df4435e1b422a6d25d5152a3e627dc77b674,3699990504,cb9dee967fedc54d66610c180e64e46b83ff3f12776871871ae209b153f5a1a5,True,bayesian_windowed,A3) Bayesian Posterior + Hungarian + Lock,False,500,500,0,0.0,500,479,0,0.958,0.958,0.5874619550386205,1.9258944388589498,382.17,418.30000000000007,51.86796050000703,500,0,0,0,0,1.0,0.0,0.0,0.0,0.0,1.0,28.892,0.0,0.0,0.0,0.0,0.0,,0.0,0.0,44.14817067387048,7.365218043909408,0.0,0.3511129072139738,51.86450162499386,44.14817067387048,0.3511129072139738
20260703_185002_516173,b0da4d9216a2bbfcc818675c756bd436b7c3e50f537880fa75c56fd8774d8151,47,2187632438,1856414608,2187632438,7,500,50,60,5,30,10.0,120,current,Optimized Pattern Generator,dynamic_session,Dynamic Session Pattern Assignment,50,6,360,d753707e72c4f87dd624e93e39d8df4435e1b422a6d25d5152a3e627dc77b674,3699990504,cb9dee967fedc54d66610c180e64e46b83ff3f12776871871ae209b153f5a1a5,True,bayesian_windowed_lock_off,A3 Ablation) Lock Off,False,500,500,0,0.0,500,479,0,0.958,0.958,0.5874628978476141,1.9258944388589498,382.17,418.30000000000007,51.90702524999506,500,0,0,0,0,1.0,0.0,0.0,0.0,0.0,1.0,28.892,0.0,0.0,0.0,0.0,0.0,,0.0,0.0,44.172155036067124,7.381319871230517,0.0,0.3499968836986227,51.903471790996264,44.172155036067124,0.3499968836986227
20260703_185002_516173,b0da4d9216a2bbfcc818675c756bd436b7c3e50f537880fa75c56fd8774d8151,47,2187632438,1977915797,2187632438,7,500,50,60,5,30,10.0,120,current,Optimized Pattern Generator,dynamic_session,Dynamic Session Pattern Assignment,50,6,360,d753707e72c4f87dd624e93e39d8df4435e1b422a6d25d5152a3e627dc77b674,3699990504,cb9dee967fedc54d66610c180e64e46b83ff3f12776871871ae209b153f5a1a5,True,bayesian_windowed_memory_off,A3 Ablation) Posterior Memory Off,False,500,500,0,0.0,500,456,0,0.912,0.912,0.9488492492217735,2.170540390845907,382.17,418.30000000000007,51.82748849999916,500,0,0,0,0,1.0,0.0,0.0,0.0,0.0,1.0,28.892,0.0,0.0,0.0,0.0,0.0,,0.0,0.0,44.06259194982704,7.387186271036626,0.0,0.37413665413623676,51.8239148749999,44.06259194982704,0.37413665413623676
20260703_185002_516173,b0da4d9216a2bbfcc818675c756bd436b7c3e50f537880fa75c56fd8774d8151,47,2187632438,2395032869,2187632438,7,500,50,60,5,30,10.0,120,current,Optimized Pattern Generator,dynamic_session,Dynamic Session Pattern Assignment,50,6,360,d753707e72c4f87dd624e93e39d8df4435e1b422a6d25d5152a3e627dc77b674,3699990504,cb9dee967fedc54d66610c180e64e46b83ff3f12776871871ae209b153f5a1a5,True,bayesian_windowed_timeprior_off,A3 Ablation) Time Prior Off,False,500,500,0,0.0,500,479,0,0.958,0.958,0.5901884373848876,1.9356440371126082,382.17,418.30000000000007,51.77509499998996,500,0,0,0,0,1.0,0.0,0.0,0.0,0.0,1.0,28.892,0.0,0.0,0.0,0.0,0.0,,0.0,0.0,44.05779314505344,7.358135366041097,0.0,0.35558144690003246,51.77150995799457,44.05779314505344,0.35558144690003246
20260703_185002_516173,b0da4d9216a2bbfcc818675c756bd436b7c3e50f537880fa75c56fd8774d8151,47,2187632438,433795923,2187632438,7,500,50,60,5,30,10.0,120,current,Optimized Pattern Generator,dynamic_session,Dynamic Session Pattern Assignment,50,6,360,d753707e72c4f87dd624e93e39d8df4435e1b422a6d25d5152a3e627dc77b674,3699990504,cb9dee967fedc54d66610c180e64e46b83ff3f12776871871ae209b153f5a1a5,True,bayesian_windowed_all_off,A3 Ablation) Time Prior + Memory + Lock Off,False,500,500,0,0.0,500,456,0,0.912,0.912,0.9500212881489941,2.1727106410757115,382.17,418.30000000000007,51.87048091599718,500,0,0,0,0,1.0,0.0,0.0,0.0,0.0,1.0,28.892,0.0,0.0,0.0,0.0,0.0,,0.0,0.0,44.13064291205956,7.376549172127852,0.0,0.3597369568160502,51.86692904100346,44.13064291205956,0.3597369568160502
20260703_185002_516173,b0da4d9216a2bbfcc818675c756bd436b7c3e50f537880fa75c56fd8774d8151,48,2187632439,1233724827,2187632439,8,500,50,60,5,30,10.0,120,current,Optimized Pattern Generator,dynamic_session,Dynamic Session Pattern Assignment,50,6,360,ff4c4a47c2af9a95e14d74a8f98784a644f61c7392790fd9e8e1708a17e1125d,3699990505,1feb2a142332f60ed3572cadd846feff7a4f0b9c6602506fa5abb21eb08f6b79,True,single_only,A1) Refined Cost + Greedy 1:1,True,500,500,0,0.0,500,474,0,0.948,0.948,1.1336877563602303,5.619753129916973,380.332,418.20000000000005,51.54963150000549,500,0,0,0,0,1.0,0.0,0.0,0.0,0.0,1.0,28.248,0.0,0.0,0.0,0.0,0.0,,0.0,0.0,42.9929593802226,8.190008772129659,0.0,0.3632297226431547,51.546197874995414,42.9929593802226,0.3632297226431547
20260703_185002_516173,b0da4d9216a2bbfcc818675c756bd436b7c3e50f537880fa75c56fd8774d8151,48,2187632439,1545686433,2187632439,8,500,50,60,5,30,10.0,120,current,Optimized Pattern Generator,dynamic_session,Dynamic Session Pattern Assignment,50,6,360,ff4c4a47c2af9a95e14d74a8f98784a644f61c7392790fd9e8e1708a17e1125d,3699990505,1feb2a142332f60ed3572cadd846feff7a4f0b9c6602506fa5abb21eb08f6b79,True,single_only_dtw_off,A1 Ablation) DTW Off,False,500,500,0,0.0,500,458,0,0.916,0.916,0.8986602752999999,3.846666686666667,380.332,418.20000000000005,51.51966049999464,500,0,0,0,0,1.0,0.0,0.0,0.0,0.0,1.0,28.248,0.0,0.0,0.0,0.0,0.0,,0.0,0.0,42.97148861808819,8.192530782020185,0.0,0.35205026689800434,51.51606966700638,42.97148861808819,0.35205026689800434
20260703_185002_516173,b0da4d9216a2bbfcc818675c756bd436b7c3e50f537880fa75c56fd8774d8151,48,2187632439,866312273,2187632439,8,500,50,60,5,30,10.0,120,current,Optimized Pattern Generator,dynamic_session,Dynamic Session Pattern Assignment,50,6,360,ff4c4a47c2af9a95e14d74a8f98784a644f61c7392790fd9e8e1708a17e1125d,3699990505,1feb2a142332f60ed3572cadd846feff7a4f0b9c6602506fa5abb21eb08f6b79,True,single_only_step_off,A1 Ablation) Step Signature Off,False,500,500,0,0.0,500,441,0,0.882,0.882,0.17557818801489725,1.053882291860806,380.332,418.20000000000005,51.61895554199873,500,0,0,0,0,1.0,0.0,0.0,0.0,0.0,1.0,28.248,0.0,0.0,0.0,0.0,0.0,,0.0,0.0,43.047218956940924,8.20750045501336,0.0,0.36082950404670555,51.61554891600099,43.047218956940924,0.36082950404670555
20260703_185002_516173,b0da4d9216a2bbfcc818675c756bd436b7c3e50f537880fa75c56fd8774d8151,48,2187632439,1815193605,2187632439,8,500,50,60,5,30,10.0,120,current,Optimized Pattern Generator,dynamic_session,Dynamic Session Pattern Assignment,50,6,360,ff4c4a47c2af9a95e14d74a8f98784a644f61c7392790fd9e8e1708a17e1125d,3699990505,1feb2a142332f60ed3572cadd846feff7a4f0b9c6602506fa5abb21eb08f6b79,True,single_only_all_off,A1 Ablation) All Waveform Terms Off,False,500,500,0,0.0,500,353,0,0.706,0.706,1.2024002768800002,8.10000016,380.332,418.20000000000005,43.17476483300561,500,0,0,0,0,1.0,0.0,0.0,0.0,0.0,1.0,28.248,0.0,0.0,0.0,0.0,0.0,,0.0,0.0,42.80085263602086,0.020222922146786004,0.0,0.3501884418219561,43.171263999989606,42.80085263602086,0.3501884418219561
20260703_185002_516173,b0da4d9216a2bbfcc818675c756bd436b7c3e50f537880fa75c56fd8774d8151,48,2187632439,2184921374,2187632439,8,500,50,60,5,30,10.0,120,current,Optimized Pattern Generator,dynamic_session,Dynamic Session Pattern Assignment,50,6,360,ff4c4a47c2af9a95e14d74a8f98784a644f61c7392790fd9e8e1708a17e1125d,3699990505,1feb2a142332f60ed3572cadd846feff7a4f0b9c6602506fa5abb21eb08f6b79,True,nomura_original_interval_hungarian,A2) Corr+DTW + Hungarian,False,500,500,0,0.0,500,456,0,0.912,0.912,0.08274727252237163,0.4017915515104046,380.332,418.20000000000005,63.281673166988185,500,0,0,0,0,1.0,0.0,0.0,0.0,0.0,1.0,28.248,0.0,0.0,0.0,0.0,0.0,,0.0,0.0,42.83423941586807,20.07664682705945,0.0,0.36728034107363783,63.278166584001156,42.83423941586807,0.36728034107363783
20260703_185002_516173,b0da4d9216a2bbfcc818675c756bd436b7c3e50f537880fa75c56fd8774d8151,48,2187632439,2176353908,2187632439,8,500,50,60,5,30,10.0,120,current,Optimized Pattern Generator,dynamic_session,Dynamic Session Pattern Assignment,50,6,360,ff4c4a47c2af9a95e14d74a8f98784a644f61c7392790fd9e8e1708a17e1125d,3699990505,1feb2a142332f60ed3572cadd846feff7a4f0b9c6602506fa5abb21eb08f6b79,True,nomura_original_interval_hungarian_dtw_off,A2 Ablation) DTW Off (Corr-only),False,500,500,0,0.0,500,445,0,0.89,0.89,0.0722360696492919,0.29262205881041303,380.332,418.20000000000005,63.41815279099683,500,0,0,0,0,1.0,0.0,0.0,0.0,0.0,1.0,28.248,0.0,0.0,0.0,0.0,0.0,,0.0,0.0,42.93712263784255,20.116143866762286,0.0,0.3614138703851495,63.414680374989985,42.93712263784255,0.3614138703851495
20260703_185002_516173,b0da4d9216a2bbfcc818675c756bd436b7c3e50f537880fa75c56fd8774d8151,48,2187632439,1055930904,2187632439,8,500,50,60,5,30,10.0,120,current,Optimized Pattern Generator,dynamic_session,Dynamic Session Pattern Assignment,50,6,360,ff4c4a47c2af9a95e14d74a8f98784a644f61c7392790fd9e8e1708a17e1125d,3699990505,1feb2a142332f60ed3572cadd846feff7a4f0b9c6602506fa5abb21eb08f6b79,True,nomura_original_interval_hungarian_corr_off,A2 Ablation) Corr Off (DTW-only),False,500,500,0,0.0,500,395,0,0.79,0.79,0.0016401567661379222,0.14684210834279673,380.332,418.20000000000005,63.26893504199688,500,0,0,0,0,1.0,0.0,0.0,0.0,0.0,1.0,28.248,0.0,0.0,0.0,0.0,0.0,,0.0,0.0,42.91706415801309,19.987410322166397,0.0,0.3609201448271051,63.26539462500659,42.91706415801309,0.3609201448271051
20260703_185002_516173,b0da4d9216a2bbfcc818675c756bd436b7c3e50f537880fa75c56fd8774d8151,48,2187632439,542446195,2187632439,8,500,50,60,5,30,10.0,120,current,Optimized Pattern Generator,dynamic_session,Dynamic Session Pattern Assignment,50,6,360,ff4c4a47c2af9a95e14d74a8f98784a644f61c7392790fd9e8e1708a17e1125d,3699990505,1feb2a142332f60ed3572cadd846feff7a4f0b9c6602506fa5abb21eb08f6b79,True,nomura_original_interval_hungarian_all_off,A2 Ablation) All Waveform Terms Off,False,500,500,0,0.0,500,353,0,0.706,0.706,1.2024002768800002,8.10000016,380.332,418.20000000000005,43.269621250001364,500,0,0,0,0,1.0,0.0,0.0,0.0,0.0,1.0,28.248,0.0,0.0,0.0,0.0,0.0,,0.0,0.0,42.866498934221454,0.020275120899896137,0.0,0.3792020288819913,43.26597608400334,42.866498934221454,0.3792020288819913
20260703_185002_516173,b0da4d9216a2bbfcc818675c756bd436b7c3e50f537880fa75c56fd8774d8151,48,2187632439,1367392770,2187632439,8,500,50,60,5,30,10.0,120,current,Optimized Pattern Generator,dynamic_session,Dynamic Session Pattern Assignment,50,6,360,ff4c4a47c2af9a95e14d74a8f98784a644f61c7392790fd9e8e1708a17e1125d,3699990505,1feb2a142332f60ed3572cadd846feff7a4f0b9c6602506fa5abb21eb08f6b79,True,bayesian_windowed,A3) Bayesian Posterior + Hungarian + Lock,False,500,500,0,0.0,500,487,0,0.974,0.974,0.6232630298930956,1.8529689481464298,380.332,418.20000000000005,50.58084450000024,500,0,0,0,0,1.0,0.0,0.0,0.0,0.0,1.0,28.248,0.0,0.0,0.0,0.0,0.0,,0.0,0.0,42.99741294885462,7.229156908157165,0.0,0.3506786009820644,50.577248457993846,42.99741294885462,0.3506786009820644
20260703_185002_516173,b0da4d9216a2bbfcc818675c756bd436b7c3e50f537880fa75c56fd8774d8151,48,2187632439,1856414609,2187632439,8,500,50,60,5,30,10.0,120,current,Optimized Pattern Generator,dynamic_session,Dynamic Session Pattern Assignment,50,6,360,ff4c4a47c2af9a95e14d74a8f98784a644f61c7392790fd9e8e1708a17e1125d,3699990505,1feb2a142332f60ed3572cadd846feff7a4f0b9c6602506fa5abb21eb08f6b79,True,bayesian_windowed_lock_off,A3 Ablation) Lock Off,False,500,500,0,0.0,500,487,0,0.974,0.974,0.6232650220198419,1.8529689481464298,380.332,418.20000000000005,50.57587083301041,500,0,0,0,0,1.0,0.0,0.0,0.0,0.0,1.0,28.248,0.0,0.0,0.0,0.0,0.0,,0.0,0.0,43.007331917076954,7.212997239039396,0.0,0.351999426871771,50.57232858298812,43.007331917076954,0.351999426871771
20260703_185002_516173,b0da4d9216a2bbfcc818675c756bd436b7c3e50f537880fa75c56fd8774d8151,48,2187632439,1977915796,2187632439,8,500,50,60,5,30,10.0,120,current,Optimized Pattern Generator,dynamic_session,Dynamic Session Pattern Assignment,50,6,360,ff4c4a47c2af9a95e14d74a8f98784a644f61c7392790fd9e8e1708a17e1125d,3699990505,1feb2a142332f60ed3572cadd846feff7a4f0b9c6602506fa5abb21eb08f6b79,True,bayesian_windowed_memory_off,A3 Ablation) Posterior Memory Off,False,500,500,0,0.0,500,474,0,0.948,0.948,1.0031425959481353,2.245672379024165,380.332,418.20000000000005,50.598623708996456,500,0,0,0,0,1.0,0.0,0.0,0.0,0.0,1.0,28.248,0.0,0.0,0.0,0.0,0.0,,0.0,0.0,43.02187863914878,7.212927201137063,0.0,0.3602992427186109,50.595105083004455,43.02187863914878,0.3602992427186109
20260703_185002_516173,b0da4d9216a2bbfcc818675c756bd436b7c3e50f537880fa75c56fd8774d8151,48,2187632439,2395032868,2187632439,8,500,50,60,5,30,10.0,120,current,Optimized Pattern Generator,dynamic_session,Dynamic Session Pattern Assignment,50,6,360,ff4c4a47c2af9a95e14d74a8f98784a644f61c7392790fd9e8e1708a17e1125d,3699990505,1feb2a142332f60ed3572cadd846feff7a4f0b9c6602506fa5abb21eb08f6b79,True,bayesian_windowed_timeprior_off,A3 Ablation) Time Prior Off,False,500,500,0,0.0,500,487,0,0.974,0.974,0.6269152662164266,1.8529689481464298,380.332,418.20000000000005,50.56604979200347,500,0,0,0,0,1.0,0.0,0.0,0.0,0.0,1.0,28.248,0.0,0.0,0.0,0.0,0.0,,0.0,0.0,42.98722616120358,7.218816573018557,0.0,0.35656651576573495,50.56260924998787,42.98722616120358,0.35656651576573495
20260703_185002_516173,b0da4d9216a2bbfcc818675c756bd436b7c3e50f537880fa75c56fd8774d8151,48,2187632439,433795922,2187632439,8,500,50,60,5,30,10.0,120,current,Optimized Pattern Generator,dynamic_session,Dynamic Session Pattern Assignment,50,6,360,ff4c4a47c2af9a95e14d74a8f98784a644f61c7392790fd9e8e1708a17e1125d,3699990505,1feb2a142332f60ed3572cadd846feff7a4f0b9c6602506fa5abb21eb08f6b79,True,bayesian_windowed_all_off,A3 Ablation) Time Prior + Memory + Lock Off,False,500,500,0,0.0,500,474,0,0.948,0.948,1.0047775325875092,2.245672379024165,380.332,418.20000000000005,50.6501872910012,500,0,0,0,0,1.0,0.0,0.0,0.0,0.0,1.0,28.248,0.0,0.0,0.0,0.0,0.0,,0.0,0.0,43.057095091891824,7.207778668976971,0.0,0.3817200311314082,50.6465937920002,43.057095091891824,0.3817200311314082
20260703_185002_516173,b0da4d9216a2bbfcc818675c756bd436b7c3e50f537880fa75c56fd8774d8151,49,2187632440,1233724820,2187632440,9,500,50,60,5,30,10.0,120,current,Optimized Pattern Generator,dynamic_session,Dynamic Session Pattern Assignment,50,6,360,009402b1b61eec1684825781080091dfab9a2f8f3a2bbd53d2c52be6a9b770e7,3699990502,ea75c73b1a101462f58e0989901ad248c50e0df6d476480f2cfbab9c54cf8b8f,True,single_only,A1) Refined Cost + Greedy 1:1,True,500,500,0,0.0,500,464,0,0.928,0.928,1.0523607688191254,4.966345082525265,382.222,418.0,52.23890075000236,500,0,0,0,0,1.0,0.0,0.0,0.0,0.0,1.0,28.51,0.0,0.0,0.0,0.0,0.0,,0.0,0.0,43.59541574990726,8.277239394243225,0.0,0.36297481384826824,52.23562995799875,43.59541574990726,0.36297481384826824
20260703_185002_516173,b0da4d9216a2bbfcc818675c756bd436b7c3e50f537880fa75c56fd8774d8151,49,2187632440,1545686446,2187632440,9,500,50,60,5,30,10.0,120,current,Optimized Pattern Generator,dynamic_session,Dynamic Session Pattern Assignment,50,6,360,009402b1b61eec1684825781080091dfab9a2f8f3a2bbd53d2c52be6a9b770e7,3699990502,ea75c73b1a101462f58e0989901ad248c50e0df6d476480f2cfbab9c54cf8b8f,True,single_only_dtw_off,A1 Ablation) DTW Off,False,500,500,0,0.0,500,450,0,0.9,0.9,0.7972136129933333,3.166666746666667,382.222,418.0,52.14426645800995,500,0,0,0,0,1.0,0.0,0.0,0.0,0.0,1.0,28.51,0.0,0.0,0.0,0.0,0.0,,0.0,0.0,43.505063789882115,8.267218408946064,0.0,0.3684798011818202,52.14076200001,43.505063789882115,0.3684798011818202
20260703_185002_516173,b0da4d9216a2bbfcc818675c756bd436b7c3e50f537880fa75c56fd8774d8151,49,2187632440,866312286,2187632440,9,500,50,60,5,30,10.0,120,current,Optimized Pattern Generator,dynamic_session,Dynamic Session Pattern Assignment,50,6,360,009402b1b61eec1684825781080091dfab9a2f8f3a2bbd53d2c52be6a9b770e7,3699990502,ea75c73b1a101462f58e0989901ad248c50e0df6d476480f2cfbab9c54cf8b8f,True,single_only_step_off,A1 Ablation) Step Signature Off,False,500,500,0,0.0,500,420,0,0.84,0.84,0.1931865722388826,1.0000000699999994,382.222,418.0,52.18555166698934,500,0,0,0,0,1.0,0.0,0.0,0.0,0.0,1.0,28.51,0.0,0.0,0.0,0.0,0.0,,0.0,0.0,43.56744875310687,8.264259348754422,0.0,0.350407648133114,52.18211574999441,43.56744875310687,0.350407648133114
20260703_185002_516173,b0da4d9216a2bbfcc818675c756bd436b7c3e50f537880fa75c56fd8774d8151,49,2187632440,1815193610,2187632440,9,500,50,60,5,30,10.0,120,current,Optimized Pattern Generator,dynamic_session,Dynamic Session Pattern Assignment,50,6,360,009402b1b61eec1684825781080091dfab9a2f8f3a2bbd53d2c52be6a9b770e7,3699990502,ea75c73b1a101462f58e0989901ad248c50e0df6d476480f2cfbab9c54cf8b8f,True,single_only_all_off,A1 Ablation) All Waveform Terms Off,False,500,500,0,0.0,500,357,0,0.714,0.714,1.2576002714999999,7.3000000300000005,382.222,418.0,43.849132667004596,500,0,0,0,0,1.0,0.0,0.0,0.0,0.0,1.0,28.51,0.0,0.0,0.0,0.0,0.0,,0.0,0.0,43.47634137500427,0.020155287013039924,0.0,0.3491750049870461,43.84567166700435,43.47634137500427,0.3491750049870461
20260703_185002_516173,b0da4d9216a2bbfcc818675c756bd436b7c3e50f537880fa75c56fd8774d8151,49,2187632440,2184921361,2187632440,9,500,50,60,5,30,10.0,120,current,Optimized Pattern Generator,dynamic_session,Dynamic Session Pattern Assignment,50,6,360,009402b1b61eec1684825781080091dfab9a2f8f3a2bbd53d2c52be6a9b770e7,3699990502,ea75c73b1a101462f58e0989901ad248c50e0df6d476480f2cfbab9c54cf8b8f,True,nomura_original_interval_hungarian,A2) Corr+DTW + Hungarian,False,500,500,0,0.0,500,449,0,0.898,0.898,0.08618293008104388,0.47389561984187956,382.222,418.0,64.22318554099184,500,0,0,0,0,1.0,0.0,0.0,0.0,0.0,1.0,28.51,0.0,0.0,0.0,0.0,0.0,,0.0,0.0,43.56587207886332,20.304247368927463,0.0,0.34958038621698506,64.21969983400777,43.56587207886332,0.34958038621698506
20260703_185002_516173,b0da4d9216a2bbfcc818675c756bd436b7c3e50f537880fa75c56fd8774d8151,49,2187632440,2176353915,2187632440,9,500,50,60,5,30,10.0,120,current,Optimized Pattern Generator,dynamic_session,Dynamic Session Pattern Assignment,50,6,360,009402b1b61eec1684825781080091dfab9a2f8f3a2bbd53d2c52be6a9b770e7,3699990502,ea75c73b1a101462f58e0989901ad248c50e0df6d476480f2cfbab9c54cf8b8f,True,nomura_original_interval_hungarian_dtw_off,A2 Ablation) DTW Off (Corr-only),False,500,500,0,0.0,500,425,0,0.85,0.85,0.07571213830754639,0.2966766948027927,382.222,418.0,64.25177716600592,500,0,0,0,0,1.0,0.0,0.0,0.0,0.0,1.0,28.51,0.0,0.0,0.0,0.0,0.0,,0.0,0.0,43.633983877909486,20.256446107159718,0.0,0.3579202239343431,64.24835020900355,43.633983877909486,0.3579202239343431
20260703_185002_516173,b0da4d9216a2bbfcc818675c756bd436b7c3e50f537880fa75c56fd8774d8151,49,2187632440,1055930903,2187632440,9,500,50,60,5,30,10.0,120,current,Optimized Pattern Generator,dynamic_session,Dynamic Session Pattern Assignment,50,6,360,009402b1b61eec1684825781080091dfab9a2f8f3a2bbd53d2c52be6a9b770e7,3699990502,ea75c73b1a101462f58e0989901ad248c50e0df6d476480f2cfbab9c54cf8b8f,True,nomura_original_interval_hungarian_corr_off,A2 Ablation) Corr Off (DTW-only),False,500,500,0,0.0,500,396,0,0.792,0.792,0.00283814809720216,0.2314885774798023,382.222,418.0,64.15662712499034,500,0,0,0,0,1.0,0.0,0.0,0.0,0.0,1.0,28.51,0.0,0.0,0.0,0.0,0.0,,0.0,0.0,43.56886978104012,20.20350177171349,0.0,0.3807747392420424,64.15314629199565,43.56886978104012,0.3807747392420424
20260703_185002_516173,b0da4d9216a2bbfcc818675c756bd436b7c3e50f537880fa75c56fd8774d8151,49,2187632440,542446204,2187632440,9,500,50,60,5,30,10.0,120,current,Optimized Pattern Generator,dynamic_session,Dynamic Session Pattern Assignment,50,6,360,009402b1b61eec1684825781080091dfab9a2f8f3a2bbd53d2c52be6a9b770e7,3699990502,ea75c73b1a101462f58e0989901ad248c50e0df6d476480f2cfbab9c54cf8b8f,True,nomura_original_interval_hungarian_all_off,A2 Ablation) All Waveform Terms Off,False,500,500,0,0.0,500,357,0,0.714,0.714,1.2576002714999999,7.3000000300000005,382.222,418.0,43.92329479199543,500,0,0,0,0,1.0,0.0,0.0,0.0,0.0,1.0,28.51,0.0,0.0,0.0,0.0,0.0,,0.0,0.0,43.541155609840644,0.02034894999815151,0.0,0.3583554401702713,43.919860000009066,43.541155609840644,0.3583554401702713
20260703_185002_516173,b0da4d9216a2bbfcc818675c756bd436b7c3e50f537880fa75c56fd8774d8151,49,2187632440,1367392781,2187632440,9,500,50,60,5,30,10.0,120,current,Optimized Pattern Generator,dynamic_session,Dynamic Session Pattern Assignment,50,6,360,009402b1b61eec1684825781080091dfab9a2f8f3a2bbd53d2c52be6a9b770e7,3699990502,ea75c73b1a101462f58e0989901ad248c50e0df6d476480f2cfbab9c54cf8b8f,True,bayesian_windowed,A3) Bayesian Posterior + Hungarian + Lock,False,500,500,0,0.0,500,484,0,0.968,0.968,0.5846652442536884,2.0002813426148256,382.222,418.0,51.346129917001235,500,0,0,0,0,1.0,0.0,0.0,0.0,0.0,1.0,28.51,0.0,0.0,0.0,0.0,0.0,,0.0,0.0,43.712351845097146,7.279647819668753,0.0,0.3507690442347666,51.342768709000666,43.712351845097146,0.3507690442347666
20260703_185002_516173,b0da4d9216a2bbfcc818675c756bd436b7c3e50f537880fa75c56fd8774d8151,49,2187632440,1856414622,2187632440,9,500,50,60,5,30,10.0,120,current,Optimized Pattern Generator,dynamic_session,Dynamic Session Pattern Assignment,50,6,360,009402b1b61eec1684825781080091dfab9a2f8f3a2bbd53d2c52be6a9b770e7,3699990502,ea75c73b1a101462f58e0989901ad248c50e0df6d476480f2cfbab9c54cf8b8f,True,bayesian_windowed_lock_off,A3 Ablation) Lock Off,False,500,500,0,0.0,500,484,0,0.968,0.968,0.5846676185148176,2.0002813426148256,382.222,418.0,51.28042541600007,500,0,0,0,0,1.0,0.0,0.0,0.0,0.0,1.0,28.51,0.0,0.0,0.0,0.0,0.0,,0.0,0.0,43.62676020906656,7.277334245998645,0.0,0.3728248779370915,51.2769193330023,43.62676020906656,0.3728248779370915
20260703_185002_516173,b0da4d9216a2bbfcc818675c756bd436b7c3e50f537880fa75c56fd8774d8151,49,2187632440,1977915803,2187632440,9,500,50,60,5,30,10.0,120,current,Optimized Pattern Generator,dynamic_session,Dynamic Session Pattern Assignment,50,6,360,009402b1b61eec1684825781080091dfab9a2f8f3a2bbd53d2c52be6a9b770e7,3699990502,ea75c73b1a101462f58e0989901ad248c50e0df6d476480f2cfbab9c54cf8b8f,True,bayesian_windowed_memory_off,A3 Ablation) Posterior Memory Off,False,500,500,0,0.0,500,464,0,0.928,0.928,0.9413714614044288,2.2023310030543635,382.222,418.0,51.272298625000985,500,0,0,0,0,1.0,0.0,0.0,0.0,0.0,1.0,28.51,0.0,0.0,0.0,0.0,0.0,,0.0,0.0,43.63181945406541,7.284166365177953,0.0,0.35281272274733055,51.26879854199069,43.63181945406541,0.35281272274733055
20260703_185002_516173,b0da4d9216a2bbfcc818675c756bd436b7c3e50f537880fa75c56fd8774d8151,49,2187632440,2395032875,2187632440,9,500,50,60,5,30,10.0,120,current,Optimized Pattern Generator,dynamic_session,Dynamic Session Pattern Assignment,50,6,360,009402b1b61eec1684825781080091dfab9a2f8f3a2bbd53d2c52be6a9b770e7,3699990502,ea75c73b1a101462f58e0989901ad248c50e0df6d476480f2cfbab9c54cf8b8f,True,bayesian_windowed_timeprior_off,A3 Ablation) Time Prior Off,False,500,500,0,0.0,500,483,0,0.966,0.966,0.5879437042333732,2.0002813426148256,382.222,418.0,51.394340083003044,500,0,0,0,0,1.0,0.0,0.0,0.0,0.0,1.0,28.51,0.0,0.0,0.0,0.0,0.0,,0.0,0.0,43.75710199792229,7.277605828116066,0.0,0.356224590956117,51.390932416994474,43.75710199792229,0.356224590956117
20260703_185002_516173,b0da4d9216a2bbfcc818675c756bd436b7c3e50f537880fa75c56fd8774d8151,49,2187632440,433795933,2187632440,9,500,50,60,5,30,10.0,120,current,Optimized Pattern Generator,dynamic_session,Dynamic Session Pattern Assignment,50,6,360,009402b1b61eec1684825781080091dfab9a2f8f3a2bbd53d2c52be6a9b770e7,3699990502,ea75c73b1a101462f58e0989901ad248c50e0df6d476480f2cfbab9c54cf8b8f,True,bayesian_windowed_all_off,A3 Ablation) Time Prior + Memory + Lock Off,False,500,500,0,0.0,500,464,0,0.928,0.928,0.9426397910742574,2.207721383070059,382.222,418.0,51.30343670801085,500,0,0,0,0,1.0,0.0,0.0,0.0,0.0,1.0,28.51,0.0,0.0,0.0,0.0,0.0,,0.0,0.0,43.665051008953014,7.281508197047515,0.0,0.35343083601037506,51.299990042010904,43.665051008953014,0.35343083601037506
20260703_185002_516173,b0da4d9216a2bbfcc818675c756bd436b7c3e50f537880fa75c56fd8774d8151,50,2187632441,1233724821,2187632441,10,500,50,60,5,30,10.0,120,current,Optimized Pattern Generator,dynamic_session,Dynamic Session Pattern Assignment,50,6,360,3522309621aa2b36b5e6ce75d5150a112e30f8e52364a43ca75cb9011027789c,3699990503,f295e61c5c1abe69192f47e1aa65f9ae218268b4c4f8102c8851eccfb4d75972,True,single_only,A1) Refined Cost + Greedy 1:1,True,500,500,0,0.0,500,467,0,0.934,0.934,1.1263673571833184,13.199365735460793,381.852,420.0,51.89821062500414,500,0,0,0,0,1.0,0.0,0.0,0.0,0.0,1.0,28.326,0.0,0.0,0.0,0.0,0.0,,0.0,0.0,43.31344032398192,8.200771820047521,0.0,0.3806756059639156,51.89488774999336,43.31344032398192,0.3806756059639156
20260703_185002_516173,b0da4d9216a2bbfcc818675c756bd436b7c3e50f537880fa75c56fd8774d8151,50,2187632441,1545686447,2187632441,10,500,50,60,5,30,10.0,120,current,Optimized Pattern Generator,dynamic_session,Dynamic Session Pattern Assignment,50,6,360,3522309621aa2b36b5e6ce75d5150a112e30f8e52364a43ca75cb9011027789c,3699990503,f295e61c5c1abe69192f47e1aa65f9ae218268b4c4f8102c8851eccfb4d75972,True,single_only_dtw_off,A1 Ablation) DTW Off,False,500,500,0,0.0,500,438,0,0.876,0.876,0.84258027116,10.133333523333333,381.852,420.0,52.03204120800365,500,0,0,0,0,1.0,0.0,0.0,0.0,0.0,1.0,28.326,0.0,0.0,0.0,0.0,0.0,,0.0,0.0,43.44669045781484,8.231944291634136,0.0,0.3499442505562911,52.028579000005266,43.44669045781484,0.3499442505562911
20260703_185002_516173,b0da4d9216a2bbfcc818675c756bd436b7c3e50f537880fa75c56fd8774d8151,50,2187632441,866312287,2187632441,10,500,50,60,5,30,10.0,120,current,Optimized Pattern Generator,dynamic_session,Dynamic Session Pattern Assignment,50,6,360,3522309621aa2b36b5e6ce75d5150a112e30f8e52364a43ca75cb9011027789c,3699990503,f295e61c5c1abe69192f47e1aa65f9ae218268b4c4f8102c8851eccfb4d75972,True,single_only_step_off,A1 Ablation) Step Signature Off,False,500,500,0,0.0,500,432,0,0.864,0.864,0.21222440673671264,1.0723541679386375,381.852,420.0,51.945098915995914,500,0,0,0,0,1.0,0.0,0.0,0.0,0.0,1.0,28.326,0.0,0.0,0.0,0.0,0.0,,0.0,0.0,43.3557535038417,8.230083738148096,0.0,0.35582005001197103,51.941657292001764,43.3557535038417,0.35582005001197103
20260703_185002_516173,b0da4d9216a2bbfcc818675c756bd436b7c3e50f537880fa75c56fd8774d8151,50,2187632441,1815193611,2187632441,10,500,50,60,5,30,10.0,120,current,Optimized Pattern Generator,dynamic_session,Dynamic Session Pattern Assignment,50,6,360,3522309621aa2b36b5e6ce75d5150a112e30f8e52364a43ca75cb9011027789c,3699990503,f295e61c5c1abe69192f47e1aa65f9ae218268b4c4f8102c8851eccfb4d75972,True,single_only_all_off,A1 Ablation) All Waveform Terms Off,False,500,500,0,0.0,500,363,0,0.726,0.726,1.2514002702000002,8.10000023,381.852,420.0,43.61738412499835,500,0,0,0,0,1.0,0.0,0.0,0.0,0.0,1.0,28.326,0.0,0.0,0.0,0.0,0.0,,0.0,0.0,43.220021888642805,0.020321529926150106,0.0,0.37349258142057806,43.61383599998953,43.220021888642805,0.37349258142057806
20260703_185002_516173,b0da4d9216a2bbfcc818675c756bd436b7c3e50f537880fa75c56fd8774d8151,50,2187632441,2184921360,2187632441,10,500,50,60,5,30,10.0,120,current,Optimized Pattern Generator,dynamic_session,Dynamic Session Pattern Assignment,50,6,360,3522309621aa2b36b5e6ce75d5150a112e30f8e52364a43ca75cb9011027789c,3699990503,f295e61c5c1abe69192f47e1aa65f9ae218268b4c4f8102c8851eccfb4d75972,True,nomura_original_interval_hungarian,A2) Corr+DTW + Hungarian,False,500,500,0,0.0,500,450,0,0.9,0.9,0.09463177530002335,0.4264726943194343,381.852,420.0,63.888736124994466,500,0,0,0,0,1.0,0.0,0.0,0.0,0.0,1.0,28.326,0.0,0.0,0.0,0.0,0.0,,0.0,0.0,43.417519378941506,20.10725144497701,0.0,0.36060092608386185,63.88537175000238,43.417519378941506,0.36060092608386185
20260703_185002_516173,b0da4d9216a2bbfcc818675c756bd436b7c3e50f537880fa75c56fd8774d8151,50,2187632441,2176353914,2187632441,10,500,50,60,5,30,10.0,120,current,Optimized Pattern Generator,dynamic_session,Dynamic Session Pattern Assignment,50,6,360,3522309621aa2b36b5e6ce75d5150a112e30f8e52364a43ca75cb9011027789c,3699990503,f295e61c5c1abe69192f47e1aa65f9ae218268b4c4f8102c8851eccfb4d75972,True,nomura_original_interval_hungarian_dtw_off,A2 Ablation) DTW Off (Corr-only),False,500,500,0,0.0,500,438,0,0.876,0.876,0.08355039506636709,0.2923719471300696,381.852,420.0,63.79163283399248,500,0,0,0,0,1.0,0.0,0.0,0.0,0.0,1.0,28.326,0.0,0.0,0.0,0.0,0.0,,0.0,0.0,43.36686761090823,20.070388762716902,0.0,0.35082254237204324,63.788078915997175,43.36686761090823,0.35082254237204324
20260703_185002_516173,b0da4d9216a2bbfcc818675c756bd436b7c3e50f537880fa75c56fd8774d8151,50,2187632441,1055930902,2187632441,10,500,50,60,5,30,10.0,120,current,Optimized Pattern Generator,dynamic_session,Dynamic Session Pattern Assignment,50,6,360,3522309621aa2b36b5e6ce75d5150a112e30f8e52364a43ca75cb9011027789c,3699990503,f295e61c5c1abe69192f47e1aa65f9ae218268b4c4f8102c8851eccfb4d75972,True,nomura_original_interval_hungarian_corr_off,A2 Ablation) Corr Off (DTW-only),False,500,500,0,0.0,500,387,0,0.774,0.774,0.001720050559959979,0.1424462785495302,381.852,420.0,63.89045241600252,500,0,0,0,0,1.0,0.0,0.0,0.0,0.0,1.0,28.326,0.0,0.0,0.0,0.0,0.0,,0.0,0.0,43.34084596399043,20.17908716503007,0.0,0.3669121629791334,63.886845291999634,43.34084596399043,0.3669121629791334
20260703_185002_516173,b0da4d9216a2bbfcc818675c756bd436b7c3e50f537880fa75c56fd8774d8151,50,2187632441,542446205,2187632441,10,500,50,60,5,30,10.0,120,current,Optimized Pattern Generator,dynamic_session,Dynamic Session Pattern Assignment,50,6,360,3522309621aa2b36b5e6ce75d5150a112e30f8e52364a43ca75cb9011027789c,3699990503,f295e61c5c1abe69192f47e1aa65f9ae218268b4c4f8102c8851eccfb4d75972,True,nomura_original_interval_hungarian_all_off,A2 Ablation) All Waveform Terms Off,False,500,500,0,0.0,500,363,0,0.726,0.726,1.2514002702000002,8.10000023,381.852,420.0,43.60616845800541,500,0,0,0,0,1.0,0.0,0.0,0.0,0.0,1.0,28.326,0.0,0.0,0.0,0.0,0.0,,0.0,0.0,43.2250859154301,0.020257031923392788,0.0,0.3575275526527548,43.60287050000625,43.2250859154301,0.3575275526527548
20260703_185002_516173,b0da4d9216a2bbfcc818675c756bd436b7c3e50f537880fa75c56fd8774d8151,50,2187632441,1367392780,2187632441,10,500,50,60,5,30,10.0,120,current,Optimized Pattern Generator,dynamic_session,Dynamic Session Pattern Assignment,50,6,360,3522309621aa2b36b5e6ce75d5150a112e30f8e52364a43ca75cb9011027789c,3699990503,f295e61c5c1abe69192f47e1aa65f9ae218268b4c4f8102c8851eccfb4d75972,True,bayesian_windowed,A3) Bayesian Posterior + Hungarian + Lock,False,500,500,0,0.0,500,479,0,0.958,0.958,0.5304787610195435,2.014924850174785,381.852,420.0,50.9997182500083,500,0,0,0,0,1.0,0.0,0.0,0.0,0.0,1.0,28.326,0.0,0.0,0.0,0.0,0.0,,0.0,0.0,43.409772286962834,7.237074749937165,0.0,0.3494363790960051,50.996283415996004,43.409772286962834,0.3494363790960051
20260703_185002_516173,b0da4d9216a2bbfcc818675c756bd436b7c3e50f537880fa75c56fd8774d8151,50,2187632441,1856414623,2187632441,10,500,50,60,5,30,10.0,120,current,Optimized Pattern Generator,dynamic_session,Dynamic Session Pattern Assignment,50,6,360,3522309621aa2b36b5e6ce75d5150a112e30f8e52364a43ca75cb9011027789c,3699990503,f295e61c5c1abe69192f47e1aa65f9ae218268b4c4f8102c8851eccfb4d75972,True,bayesian_windowed_lock_off,A3 Ablation) Lock Off,False,500,500,0,0.0,500,479,0,0.958,0.958,0.5304842890783643,2.014924850174785,381.852,420.0,51.11358245900192,500,0,0,0,0,1.0,0.0,0.0,0.0,0.0,1.0,28.326,0.0,0.0,0.0,0.0,0.0,,0.0,0.0,43.49281291606894,7.258853040053509,0.0,0.3584145438799169,51.11008050000237,43.49281291606894,0.3584145438799169
20260703_185002_516173,b0da4d9216a2bbfcc818675c756bd436b7c3e50f537880fa75c56fd8774d8151,50,2187632441,1977915802,2187632441,10,500,50,60,5,30,10.0,120,current,Optimized Pattern Generator,dynamic_session,Dynamic Session Pattern Assignment,50,6,360,3522309621aa2b36b5e6ce75d5150a112e30f8e52364a43ca75cb9011027789c,3699990503,f295e61c5c1abe69192f47e1aa65f9ae218268b4c4f8102c8851eccfb4d75972,True,bayesian_windowed_memory_off,A3 Ablation) Posterior Memory Off,False,500,500,0,0.0,500,467,0,0.934,0.934,0.8716146812924968,2.404760130490406,381.852,420.0,51.077808874993934,500,0,0,0,0,1.0,0.0,0.0,0.0,0.0,1.0,28.326,0.0,0.0,0.0,0.0,0.0,,0.0,0.0,43.479092204914195,7.2369979901995976,0.0,0.35819705488393083,51.074287249997724,43.479092204914195,0.35819705488393083
20260703_185002_516173,b0da4d9216a2bbfcc818675c756bd436b7c3e50f537880fa75c56fd8774d8151,50,2187632441,2395032874,2187632441,10,500,50,60,5,30,10.0,120,current,Optimized Pattern Generator,dynamic_session,Dynamic Session Pattern Assignment,50,6,360,3522309621aa2b36b5e6ce75d5150a112e30f8e52364a43ca75cb9011027789c,3699990503,f295e61c5c1abe69192f47e1aa65f9ae218268b4c4f8102c8851eccfb4d75972,True,bayesian_windowed_timeprior_off,A3 Ablation) Time Prior Off,False,500,500,0,0.0,500,479,0,0.958,0.958,0.5330573030960432,2.014924850174785,381.852,420.0,50.98693658300908,500,0,0,0,0,1.0,0.0,0.0,0.0,0.0,1.0,28.326,0.0,0.0,0.0,0.0,0.0,,0.0,0.0,43.37147478708357,7.233903363972786,0.0,0.37805276495055296,50.98343091600691,43.37147478708357,0.37805276495055296
20260703_185002_516173,b0da4d9216a2bbfcc818675c756bd436b7c3e50f537880fa75c56fd8774d8151,50,2187632441,433795932,2187632441,10,500,50,60,5,30,10.0,120,current,Optimized Pattern Generator,dynamic_session,Dynamic Session Pattern Assignment,50,6,360,3522309621aa2b36b5e6ce75d5150a112e30f8e52364a43ca75cb9011027789c,3699990503,f295e61c5c1abe69192f47e1aa65f9ae218268b4c4f8102c8851eccfb4d75972,True,bayesian_windowed_all_off,A3 Ablation) Time Prior + Memory + Lock Off,False,500,500,0,0.0,500,467,0,0.934,0.934,0.872756537393095,2.405281646664701,381.852,420.0,51.04995233399677,500,0,0,0,0,1.0,0.0,0.0,0.0,0.0,1.0,28.326,0.0,0.0,0.0,0.0,0.0,,0.0,0.0,43.462016790159396,7.233787001867313,0.0,0.3506242079602089,51.04642799998692,43.462016790159396,0.3506242079602089
20260703_185002_516173,b0da4d9216a2bbfcc818675c756bd436b7c3e50f537880fa75c56fd8774d8151,51,2187632442,1233724822,2187632442,11,500,50,60,5,30,10.0,120,current,Optimized Pattern Generator,dynamic_session,Dynamic Session Pattern Assignment,50,6,360,8534b69413647085b8c9b5270ab08e469ab2c47f265f1fef1c2e7c2f8c0ca053,3699990500,02020fdc2651a8f1edcfe5ea2db6f2082bea6cbf74e9cafb6e045b8fb16e87e1,True,single_only,A1) Refined Cost + Greedy 1:1,True,500,500,0,0.0,500,464,0,0.928,0.928,1.1593299455840997,4.977180787505111,382.092,420.1,50.49242862498795,500,0,0,0,0,1.0,0.0,0.0,0.0,0.0,1.0,27.664,0.0,0.0,0.0,0.0,0.0,,0.0,0.0,42.081414576867246,8.036576660058927,0.0,0.37105838807474356,50.489049625000916,42.081414576867246,0.37105838807474356
20260703_185002_516173,b0da4d9216a2bbfcc818675c756bd436b7c3e50f537880fa75c56fd8774d8151,51,2187632442,1545686444,2187632442,11,500,50,60,5,30,10.0,120,current,Optimized Pattern Generator,dynamic_session,Dynamic Session Pattern Assignment,50,6,360,8534b69413647085b8c9b5270ab08e469ab2c47f265f1fef1c2e7c2f8c0ca053,3699990500,02020fdc2651a8f1edcfe5ea2db6f2082bea6cbf74e9cafb6e045b8fb16e87e1,True,single_only_dtw_off,A1 Ablation) DTW Off,False,500,500,0,0.0,500,456,0,0.912,0.912,0.8935536096133333,3.893333463333333,382.092,420.1,50.5621790419973,500,0,0,0,0,1.0,0.0,0.0,0.0,0.0,1.0,27.664,0.0,0.0,0.0,0.0,0.0,,0.0,0.0,42.150557920875144,8.052706005983055,0.0,0.3555561981484061,50.558820125006605,42.150557920875144,0.3555561981484061
20260703_185002_516173,b0da4d9216a2bbfcc818675c756bd436b7c3e50f537880fa75c56fd8774d8151,51,2187632442,866312284,2187632442,11,500,50,60,5,30,10.0,120,current,Optimized Pattern Generator,dynamic_session,Dynamic Session Pattern Assignment,50,6,360,8534b69413647085b8c9b5270ab08e469ab2c47f265f1fef1c2e7c2f8c0ca053,3699990500,02020fdc2651a8f1edcfe5ea2db6f2082bea6cbf74e9cafb6e045b8fb16e87e1,True,single_only_step_off,A1 Ablation) Step Signature Off,False,500,500,0,0.0,500,434,0,0.868,0.868,0.20490049461564502,1.0000003100000003,382.092,420.1,50.665632750009536,500,0,0,0,0,1.0,0.0,0.0,0.0,0.0,1.0,27.664,0.0,0.0,0.0,0.0,0.0,,0.0,0.0,42.237606624970795,8.067189318084274,0.0,0.3574537659442285,50.6622497089993,42.237606624970795,0.3574537659442285
20260703_185002_516173,b0da4d9216a2bbfcc818675c756bd436b7c3e50f537880fa75c56fd8774d8151,51,2187632442,1815193608,2187632442,11,500,50,60,5,30,10.0,120,current,Optimized Pattern Generator,dynamic_session,Dynamic Session Pattern Assignment,50,6,360,8534b69413647085b8c9b5270ab08e469ab2c47f265f1fef1c2e7c2f8c0ca053,3699990500,02020fdc2651a8f1edcfe5ea2db6f2082bea6cbf74e9cafb6e045b8fb16e87e1,True,single_only_all_off,A1 Ablation) All Waveform Terms Off,False,500,500,0,0.0,500,348,0,0.696,0.696,1.2740002749200001,7.50000045,382.092,420.1,42.403463082999224,500,0,0,0,0,1.0,0.0,0.0,0.0,0.0,1.0,27.664,0.0,0.0,0.0,0.0,0.0,,0.0,0.0,42.024047295126365,0.02014098787913099,0.0,0.3558518009958789,42.400040084001375,42.024047295126365,0.3558518009958789
20260703_185002_516173,b0da4d9216a2bbfcc818675c756bd436b7c3e50f537880fa75c56fd8774d8151,51,2187632442,2184921363,2187632442,11,500,50,60,5,30,10.0,120,current,Optimized Pattern Generator,dynamic_session,Dynamic Session Pattern Assignment,50,6,360,8534b69413647085b8c9b5270ab08e469ab2c47f265f1fef1c2e7c2f8c0ca053,3699990500,02020fdc2651a8f1edcfe5ea2db6f2082bea6cbf74e9cafb6e045b8fb16e87e1,True,nomura_original_interval_hungarian,A2) Corr+DTW + Hungarian,False,500,500,0,0.0,500,444,0,0.888,0.888,0.09517197075233617,0.5934901959004716,382.092,420.1,62.13374454098812,500,0,0,0,0,1.0,0.0,0.0,0.0,0.0,1.0,27.664,0.0,0.0,0.0,0.0,0.0,,0.0,0.0,42.1281750039343,19.644207858189475,0.0,0.35791142987727653,62.130294292001054,42.1281750039343,0.35791142987727653
20260703_185002_516173,b0da4d9216a2bbfcc818675c756bd436b7c3e50f537880fa75c56fd8774d8151,51,2187632442,2176353913,2187632442,11,500,50,60,5,30,10.0,120,current,Optimized Pattern Generator,dynamic_session,Dynamic Session Pattern Assignment,50,6,360,8534b69413647085b8c9b5270ab08e469ab2c47f265f1fef1c2e7c2f8c0ca053,3699990500,02020fdc2651a8f1edcfe5ea2db6f2082bea6cbf74e9cafb6e045b8fb16e87e1,True,nomura_original_interval_hungarian_dtw_off,A2 Ablation) DTW Off (Corr-only),False,500,500,0,0.0,500,440,0,0.88,0.88,0.0821492209598334,0.30986404820936936,382.092,420.1,62.19078916600847,500,0,0,0,0,1.0,0.0,0.0,0.0,0.0,1.0,27.664,0.0,0.0,0.0,0.0,0.0,,0.0,0.0,42.1418372499611,19.673842444317415,0.0,0.37169459673168603,62.1873742910102,42.1418372499611,0.37169459673168603
20260703_185002_516173,b0da4d9216a2bbfcc818675c756bd436b7c3e50f537880fa75c56fd8774d8151,51,2187632442,1055930901,2187632442,11,500,50,60,5,30,10.0,120,current,Optimized Pattern Generator,dynamic_session,Dynamic Session Pattern Assignment,50,6,360,8534b69413647085b8c9b5270ab08e469ab2c47f265f1fef1c2e7c2f8c0ca053,3699990500,02020fdc2651a8f1edcfe5ea2db6f2082bea6cbf74e9cafb6e045b8fb16e87e1,True,nomura_original_interval_hungarian_corr_off,A2 Ablation) Corr Off (DTW-only),False,500,500,0,0.0,500,385,0,0.77,0.77,0.0023601377121438057,0.3442222399160743,382.092,420.1,62.14147379100905,500,0,0,0,0,1.0,0.0,0.0,0.0,0.0,1.0,27.664,0.0,0.0,0.0,0.0,0.0,,0.0,0.0,42.17152955994243,19.610209332968225,0.0,0.3563391481002327,62.138078041010885,42.17152955994243,0.3563391481002327
20260703_185002_516173,b0da4d9216a2bbfcc818675c756bd436b7c3e50f537880fa75c56fd8774d8151,51,2187632442,542446206,2187632442,11,500,50,60,5,30,10.0,120,current,Optimized Pattern Generator,dynamic_session,Dynamic Session Pattern Assignment,50,6,360,8534b69413647085b8c9b5270ab08e469ab2c47f265f1fef1c2e7c2f8c0ca053,3699990500,02020fdc2651a8f1edcfe5ea2db6f2082bea6cbf74e9cafb6e045b8fb16e87e1,True,nomura_original_interval_hungarian_all_off,A2 Ablation) All Waveform Terms Off,False,500,500,0,0.0,500,348,0,0.696,0.696,1.2740002749200001,7.50000045,382.092,420.1,42.4771463329962,500,0,0,0,0,1.0,0.0,0.0,0.0,0.0,1.0,27.664,0.0,0.0,0.0,0.0,0.0,,0.0,0.0,42.10088871190965,0.020425107984920032,0.0,0.35240851310663857,42.473722333001206,42.10088871190965,0.35240851310663857
20260703_185002_516173,b0da4d9216a2bbfcc818675c756bd436b7c3e50f537880fa75c56fd8774d8151,51,2187632442,1367392783,2187632442,11,500,50,60,5,30,10.0,120,current,Optimized Pattern Generator,dynamic_session,Dynamic Session Pattern Assignment,50,6,360,8534b69413647085b8c9b5270ab08e469ab2c47f265f1fef1c2e7c2f8c0ca053,3699990500,02020fdc2651a8f1edcfe5ea2db6f2082bea6cbf74e9cafb6e045b8fb16e87e1,True,bayesian_windowed,A3) Bayesian Posterior + Hungarian + Lock,False,500,500,0,0.0,500,482,0,0.964,0.964,0.5404356295563629,2.0613997530555115,382.092,420.1,49.58168045799539,500,0,0,0,0,1.0,0.0,0.0,0.0,0.0,1.0,27.664,0.0,0.0,0.0,0.0,0.0,,0.0,0.0,42.14002752513625,7.064833565033041,0.0,0.3732977428298909,49.57815883299918,42.14002752513625,0.3732977428298909
20260703_185002_516173,b0da4d9216a2bbfcc818675c756bd436b7c3e50f537880fa75c56fd8774d8151,51,2187632442,1856414620,2187632442,11,500,50,60,5,30,10.0,120,current,Optimized Pattern Generator,dynamic_session,Dynamic Session Pattern Assignment,50,6,360,8534b69413647085b8c9b5270ab08e469ab2c47f265f1fef1c2e7c2f8c0ca053,3699990500,02020fdc2651a8f1edcfe5ea2db6f2082bea6cbf74e9cafb6e045b8fb16e87e1,True,bayesian_windowed_lock_off,A3 Ablation) Lock Off,False,500,500,0,0.0,500,482,0,0.964,0.964,0.5404362421574042,2.0613997530555115,382.092,420.1,49.66967362500145,500,0,0,0,0,1.0,0.0,0.0,0.0,0.0,1.0,27.664,0.0,0.0,0.0,0.0,0.0,,0.0,0.0,42.23761342285434,7.070267832285026,0.0,0.3583739538589725,49.66625520899834,42.23761342285434,0.3583739538589725
20260703_185002_516173,b0da4d9216a2bbfcc818675c756bd436b7c3e50f537880fa75c56fd8774d8151,51,2187632442,1977915801,2187632442,11,500,50,60,5,30,10.0,120,current,Optimized Pattern Generator,dynamic_session,Dynamic Session Pattern Assignment,50,6,360,8534b69413647085b8c9b5270ab08e469ab2c47f265f1fef1c2e7c2f8c0ca053,3699990500,02020fdc2651a8f1edcfe5ea2db6f2082bea6cbf74e9cafb6e045b8fb16e87e1,True,bayesian_windowed_memory_off,A3 Ablation) Posterior Memory Off,False,500,500,0,0.0,500,464,0,0.928,0.928,0.8968262687398812,2.2152784762966196,382.092,420.1,49.67772700000205,500,0,0,0,0,1.0,0.0,0.0,0.0,0.0,1.0,27.664,0.0,0.0,0.0,0.0,0.0,,0.0,0.0,42.24747950104938,7.071111906159786,0.0,0.3557315098005347,49.674322917009704,42.24747950104938,0.3557315098005347
20260703_185002_516173,b0da4d9216a2bbfcc818675c756bd436b7c3e50f537880fa75c56fd8774d8151,51,2187632442,2395032873,2187632442,11,500,50,60,5,30,10.0,120,current,Optimized Pattern Generator,dynamic_session,Dynamic Session Pattern Assignment,50,6,360,8534b69413647085b8c9b5270ab08e469ab2c47f265f1fef1c2e7c2f8c0ca053,3699990500,02020fdc2651a8f1edcfe5ea2db6f2082bea6cbf74e9cafb6e045b8fb16e87e1,True,bayesian_windowed_timeprior_off,A3 Ablation) Time Prior Off,False,500,500,0,0.0,500,482,0,0.964,0.964,0.5431094925767758,2.0613997530555115,382.092,420.1,49.56314908299828,500,0,0,0,0,1.0,0.0,0.0,0.0,0.0,1.0,27.664,0.0,0.0,0.0,0.0,0.0,,0.0,0.0,42.15183866392181,7.051603275904199,0.0,0.3563110191753367,49.559752959001344,42.15183866392181,0.3563110191753367
20260703_185002_516173,b0da4d9216a2bbfcc818675c756bd436b7c3e50f537880fa75c56fd8774d8151,51,2187632442,433795935,2187632442,11,500,50,60,5,30,10.0,120,current,Optimized Pattern Generator,dynamic_session,Dynamic Session Pattern Assignment,50,6,360,8534b69413647085b8c9b5270ab08e469ab2c47f265f1fef1c2e7c2f8c0ca053,3699990500,02020fdc2651a8f1edcfe5ea2db6f2082bea6cbf74e9cafb6e045b8fb16e87e1,True,bayesian_windowed_all_off,A3 Ablation) Time Prior + Memory + Lock Off,False,500,500,0,0.0,500,464,0,0.928,0.928,0.898034591480666,2.2152784762966196,382.092,420.1,49.55225929200242,500,0,0,0,0,1.0,0.0,0.0,0.0,0.0,1.0,27.664,0.0,0.0,0.0,0.0,0.0,,0.0,0.0,42.152224578821915,7.041759574043681,0.0,0.35489147213229444,49.54887562499789,42.152224578821915,0.35489147213229444
20260703_185002_516173,b0da4d9216a2bbfcc818675c756bd436b7c3e50f537880fa75c56fd8774d8151,52,2187632443,1233724823,2187632443,12,500,50,60,5,30,10.0,120,current,Optimized Pattern Generator,dynamic_session,Dynamic Session Pattern Assignment,50,6,360,10c9f7e9e5cfed703c39f682dbb2460d5a62560322539c94771de24df39fad29,3699990501,24b32a2aaf8fde4ed42f35b30dfb8dc76834b93d97c062e8bb4f7c25d07a33a2,True,single_only,A1) Refined Cost + Greedy 1:1,True,500,500,0,0.0,500,470,0,0.94,0.94,1.0885485556947028,8.632255109798693,382.004,420.1,51.67759120800474,500,0,0,0,0,1.0,0.0,0.0,0.0,0.0,1.0,28.102,0.0,0.0,0.0,0.0,0.0,,0.0,0.0,43.15940096083796,8.160700023014215,0.0,0.3539725161390379,51.67407349999121,43.15940096083796,0.3539725161390379
20260703_185002_516173,b0da4d9216a2bbfcc818675c756bd436b7c3e50f537880fa75c56fd8774d8151,52,2187632443,1545686445,2187632443,12,500,50,60,5,30,10.0,120,current,Optimized Pattern Generator,dynamic_session,Dynamic Session Pattern Assignment,50,6,360,10c9f7e9e5cfed703c39f682dbb2460d5a62560322539c94771de24df39fad29,3699990501,24b32a2aaf8fde4ed42f35b30dfb8dc76834b93d97c062e8bb4f7c25d07a33a2,True,single_only_dtw_off,A1 Ablation) DTW Off,False,500,500,0,0.0,500,453,0,0.906,0.906,0.8321936047133334,7.28000032,382.004,420.1,51.72231929199188,500,0,0,0,0,1.0,0.0,0.0,0.0,0.0,1.0,28.102,0.0,0.0,0.0,0.0,0.0,,0.0,0.0,43.205288791126804,8.164807771114283,0.0,0.34873677176074125,51.71883333400183,43.205288791126804,0.34873677176074125
20260703_185002_516173,b0da4d9216a2bbfcc818675c756bd436b7c3e50f537880fa75c56fd8774d8151,52,2187632443,866312285,2187632443,12,500,50,60,5,30,10.0,120,current,Optimized Pattern Generator,dynamic_session,Dynamic Session Pattern Assignment,50,6,360,10c9f7e9e5cfed703c39f682dbb2460d5a62560322539c94771de24df39fad29,3699990501,24b32a2aaf8fde4ed42f35b30dfb8dc76834b93d97c062e8bb4f7c25d07a33a2,True,single_only_step_off,A1 Ablation) Step Signature Off,False,500,500,0,0.0,500,434,0,0.868,0.868,0.19341463406467557,1.0000004899999995,382.004,420.1,51.754311249998864,500,0,0,0,0,1.0,0.0,0.0,0.0,0.0,1.0,28.102,0.0,0.0,0.0,0.0,0.0,,0.0,0.0,43.21691824206209,8.158199022174813,0.0,0.37568073575675953,51.750797999993665,43.21691824206209,0.37568073575675953
20260703_185002_516173,b0da4d9216a2bbfcc818675c756bd436b7c3e50f537880fa75c56fd8774d8151,52,2187632443,1815193609,2187632443,12,500,50,60,5,30,10.0,120,current,Optimized Pattern Generator,dynamic_session,Dynamic Session Pattern Assignment,50,6,360,10c9f7e9e5cfed703c39f682dbb2460d5a62560322539c94771de24df39fad29,3699990501,24b32a2aaf8fde4ed42f35b30dfb8dc76834b93d97c062e8bb4f7c25d07a33a2,True,single_only_all_off,A1 Ablation) All Waveform Terms Off,False,500,500,0,0.0,500,340,0,0.68,0.68,1.2812002693200002,8.30000038,382.004,420.1,43.5294804580044,500,0,0,0,0,1.0,0.0,0.0,0.0,0.0,1.0,28.102,0.0,0.0,0.0,0.0,0.0,,0.0,0.0,43.150899315820425,0.02010713091294747,0.0,0.35490022026351653,43.52590666699689,43.150899315820425,0.35490022026351653
20260703_185002_516173,b0da4d9216a2bbfcc818675c756bd436b7c3e50f537880fa75c56fd8774d8151,52,2187632443,2184921362,2187632443,12,500,50,60,5,30,10.0,120,current,Optimized Pattern Generator,dynamic_session,Dynamic Session Pattern Assignment,50,6,360,10c9f7e9e5cfed703c39f682dbb2460d5a62560322539c94771de24df39fad29,3699990501,24b32a2aaf8fde4ed42f35b30dfb8dc76834b93d97c062e8bb4f7c25d07a33a2,True,nomura_original_interval_hungarian,A2) Corr+DTW + Hungarian,False,500,500,0,0.0,500,446,0,0.892,0.892,0.0896754060089936,0.45574070109996523,382.004,420.1,63.44980929099256,500,0,0,0,0,1.0,0.0,0.0,0.0,0.0,1.0,28.102,0.0,0.0,0.0,0.0,0.0,,0.0,0.0,43.204286462190794,19.88727264222689,0.0,0.35470664557942655,63.44626574999711,43.204286462190794,0.35470664557942655
20260703_185002_516173,b0da4d9216a2bbfcc818675c756bd436b7c3e50f537880fa75c56fd8774d8151,52,2187632443,2176353912,2187632443,12,500,50,60,5,30,10.0,120,current,Optimized Pattern Generator,dynamic_session,Dynamic Session Pattern Assignment,50,6,360,10c9f7e9e5cfed703c39f682dbb2460d5a62560322539c94771de24df39fad29,3699990501,24b32a2aaf8fde4ed42f35b30dfb8dc76834b93d97c062e8bb4f7c25d07a33a2,True,nomura_original_interval_hungarian_dtw_off,A2 Ablation) DTW Off (Corr-only),False,500,500,0,0.0,500,439,0,0.878,0.878,0.07703743558851427,0.3192031523551622,382.004,420.1,63.486409082994214,500,0,0,0,0,1.0,0.0,0.0,0.0,0.0,1.0,28.102,0.0,0.0,0.0,0.0,0.0,,0.0,0.0,43.1122776917764,20.001184206979815,0.0,0.3694985172478482,63.48296041600406,43.1122776917764,0.3694985172478482
20260703_185002_516173,b0da4d9216a2bbfcc818675c756bd436b7c3e50f537880fa75c56fd8774d8151,52,2187632443,1055930900,2187632443,12,500,50,60,5,30,10.0,120,current,Optimized Pattern Generator,dynamic_session,Dynamic Session Pattern Assignment,50,6,360,10c9f7e9e5cfed703c39f682dbb2460d5a62560322539c94771de24df39fad29,3699990501,24b32a2aaf8fde4ed42f35b30dfb8dc76834b93d97c062e8bb4f7c25d07a33a2,True,nomura_original_interval_hungarian_corr_off,A2 Ablation) Corr Off (DTW-only),False,500,500,0,0.0,500,383,0,0.766,0.766,0.0016955597916379608,0.24411971629235124,382.004,420.1,63.5699599590007,500,0,0,0,0,1.0,0.0,0.0,0.0,0.0,1.0,28.102,0.0,0.0,0.0,0.0,0.0,,0.0,0.0,43.27182115774485,19.941900237085065,0.0,0.35273752216016874,63.566458916990086,43.27182115774485,0.35273752216016874
20260703_185002_516173,b0da4d9216a2bbfcc818675c756bd436b7c3e50f537880fa75c56fd8774d8151,52,2187632443,542446207,2187632443,12,500,50,60,5,30,10.0,120,current,Optimized Pattern Generator,dynamic_session,Dynamic Session Pattern Assignment,50,6,360,10c9f7e9e5cfed703c39f682dbb2460d5a62560322539c94771de24df39fad29,3699990501,24b32a2aaf8fde4ed42f35b30dfb8dc76834b93d97c062e8bb4f7c25d07a33a2,True,nomura_original_interval_hungarian_all_off,A2 Ablation) All Waveform Terms Off,False,500,500,0,0.0,500,340,0,0.68,0.68,1.2812002693200002,8.30000038,382.004,420.1,43.40502279200882,500,0,0,0,0,1.0,0.0,0.0,0.0,0.0,1.0,28.102,0.0,0.0,0.0,0.0,0.0,,0.0,0.0,43.02848158706911,0.02014912806043867,0.0,0.3528815768659115,43.40151229199546,43.02848158706911,0.3528815768659115
20260703_185002_516173,b0da4d9216a2bbfcc818675c756bd436b7c3e50f537880fa75c56fd8774d8151,52,2187632443,1367392782,2187632443,12,500,50,60,5,30,10.0,120,current,Optimized Pattern Generator,dynamic_session,Dynamic Session Pattern Assignment,50,6,360,10c9f7e9e5cfed703c39f682dbb2460d5a62560322539c94771de24df39fad29,3699990501,24b32a2aaf8fde4ed42f35b30dfb8dc76834b93d97c062e8bb4f7c25d07a33a2,True,bayesian_windowed,A3) Bayesian Posterior + Hungarian + Lock,False,500,500,0,0.0,500,485,0,0.97,0.97,0.5725677277006584,1.7764188229244182,382.004,420.1,50.817796208997606,500,0,0,0,0,1.0,0.0,0.0,0.0,0.0,1.0,28.102,0.0,0.0,0.0,0.0,0.0,,0.0,0.0,43.2818356599455,7.182717815812794,0.0,0.34963277424685657,50.81418625000515,43.2818356599455,0.34963277424685657
20260703_185002_516173,b0da4d9216a2bbfcc818675c756bd436b7c3e50f537880fa75c56fd8774d8151,52,2187632443,1856414621,2187632443,12,500,50,60,5,30,10.0,120,current,Optimized Pattern Generator,dynamic_session,Dynamic Session Pattern Assignment,50,6,360,10c9f7e9e5cfed703c39f682dbb2460d5a62560322539c94771de24df39fad29,3699990501,24b32a2aaf8fde4ed42f35b30dfb8dc76834b93d97c062e8bb4f7c25d07a33a2,True,bayesian_windowed_lock_off,A3 Ablation) Lock Off,False,500,500,0,0.0,500,485,0,0.97,0.97,0.5725778207260371,1.7764188229244182,382.004,420.1,50.778499792009825,500,0,0,0,0,1.0,0.0,0.0,0.0,0.0,1.0,28.102,0.0,0.0,0.0,0.0,0.0,,0.0,0.0,43.24622112304496,7.174037158183637,0.0,0.3547655107831815,50.77502379201178,43.24622112304496,0.3547655107831815
20260703_185002_516173,b0da4d9216a2bbfcc818675c756bd436b7c3e50f537880fa75c56fd8774d8151,52,2187632443,1977915800,2187632443,12,500,50,60,5,30,10.0,120,current,Optimized Pattern Generator,dynamic_session,Dynamic Session Pattern Assignment,50,6,360,10c9f7e9e5cfed703c39f682dbb2460d5a62560322539c94771de24df39fad29,3699990501,24b32a2aaf8fde4ed42f35b30dfb8dc76834b93d97c062e8bb4f7c25d07a33a2,True,bayesian_windowed_memory_off,A3 Ablation) Posterior Memory Off,False,500,500,0,0.0,500,470,0,0.94,0.94,0.9273126574361462,2.2131787069663806,382.004,420.1,50.797054459006176,500,0,0,0,0,1.0,0.0,0.0,0.0,0.0,1.0,28.102,0.0,0.0,0.0,0.0,0.0,,0.0,0.0,43.23974060895853,7.17274624890706,0.0,0.38112155912676826,50.793608416992356,43.23974060895853,0.38112155912676826
20260703_185002_516173,b0da4d9216a2bbfcc818675c756bd436b7c3e50f537880fa75c56fd8774d8151,52,2187632443,2395032872,2187632443,12,500,50,60,5,30,10.0,120,current,Optimized Pattern Generator,dynamic_session,Dynamic Session Pattern Assignment,50,6,360,10c9f7e9e5cfed703c39f682dbb2460d5a62560322539c94771de24df39fad29,3699990501,24b32a2aaf8fde4ed42f35b30dfb8dc76834b93d97c062e8bb4f7c25d07a33a2,True,bayesian_windowed_timeprior_off,A3 Ablation) Time Prior Off,False,500,500,0,0.0,500,484,0,0.968,0.968,0.5763265106421882,1.7807335182805268,382.004,420.1,50.82353416700789,500,0,0,0,0,1.0,0.0,0.0,0.0,0.0,1.0,28.102,0.0,0.0,0.0,0.0,0.0,,0.0,0.0,43.29447728484229,7.17515987099614,0.0,0.3503067191631999,50.81994387500163,43.29447728484229,0.3503067191631999
20260703_185002_516173,b0da4d9216a2bbfcc818675c756bd436b7c3e50f537880fa75c56fd8774d8151,52,2187632443,433795934,2187632443,12,500,50,60,5,30,10.0,120,current,Optimized Pattern Generator,dynamic_session,Dynamic Session Pattern Assignment,50,6,360,10c9f7e9e5cfed703c39f682dbb2460d5a62560322539c94771de24df39fad29,3699990501,24b32a2aaf8fde4ed42f35b30dfb8dc76834b93d97c062e8bb4f7c25d07a33a2,True,bayesian_windowed_all_off,A3 Ablation) Time Prior + Memory + Lock Off,False,500,500,0,0.0,500,470,0,0.94,0.94,0.9288621683318894,2.2131787069663806,382.004,420.1,50.756521916002384,500,0,0,0,0,1.0,0.0,0.0,0.0,0.0,1.0,28.102,0.0,0.0,0.0,0.0,0.0,,0.0,0.0,43.23544632604171,7.158119812156656,0.0,0.3594368197955191,50.753002957993886,43.23544632604171,0.3594368197955191
20260703_185002_516173,b0da4d9216a2bbfcc818675c756bd436b7c3e50f537880fa75c56fd8774d8151,53,2187632444,1233724816,2187632444,13,500,50,60,5,30,10.0,120,current,Optimized Pattern Generator,dynamic_session,Dynamic Session Pattern Assignment,50,6,360,dab6a89ff6292a73f267137ee625dcc5b33e8e7943caa3e8c3f87f577fa1e0b8,3699990498,a86a101c151e2a2a82ce69979fda19e51e9f9fe0fea8279c846482c6f1269745,True,single_only,A1) Refined Cost + Greedy 1:1,True,500,500,0,0.0,500,478,0,0.956,0.956,1.0359320233954386,9.924874842027805,381.578,420.1,52.34102416600217,500,0,0,0,0,1.0,0.0,0.0,0.0,0.0,1.0,28.644,0.0,0.0,0.0,0.0,0.0,,0.0,0.0,43.68913488899125,8.296220281976275,0.0,0.35212070403213147,52.337475874999654,43.68913488899125,0.35212070403213147
20260703_185002_516173,b0da4d9216a2bbfcc818675c756bd436b7c3e50f537880fa75c56fd8774d8151,53,2187632444,1545686442,2187632444,13,500,50,60,5,30,10.0,120,current,Optimized Pattern Generator,dynamic_session,Dynamic Session Pattern Assignment,50,6,360,dab6a89ff6292a73f267137ee625dcc5b33e8e7943caa3e8c3f87f577fa1e0b8,3699990498,a86a101c151e2a2a82ce69979fda19e51e9f9fe0fea8279c846482c6f1269745,True,single_only_dtw_off,A1 Ablation) DTW Off,False,500,500,0,0.0,500,462,0,0.924,0.924,0.8174136006733335,8.05000043,381.578,420.1,52.44015058298828,500,0,0,0,0,1.0,0.0,0.0,0.0,0.0,1.0,28.644,0.0,0.0,0.0,0.0,0.0,,0.0,0.0,43.77007407708152,8.31576668912021,0.0,0.3508400257996982,52.436680792001425,43.77007407708152,0.3508400257996982
20260703_185002_516173,b0da4d9216a2bbfcc818675c756bd436b7c3e50f537880fa75c56fd8774d8151,53,2187632444,866312282,2187632444,13,500,50,60,5,30,10.0,120,current,Optimized Pattern Generator,dynamic_session,Dynamic Session Pattern Assignment,50,6,360,dab6a89ff6292a73f267137ee625dcc5b33e8e7943caa3e8c3f87f577fa1e0b8,3699990498,a86a101c151e2a2a82ce69979fda19e51e9f9fe0fea8279c846482c6f1269745,True,single_only_step_off,A1 Ablation) Step Signature Off,False,500,500,0,0.0,500,450,0,0.9,0.9,0.1720289901064966,0.9433171307566006,381.578,420.1,52.32762545799778,500,0,0,0,0,1.0,0.0,0.0,0.0,0.0,1.0,28.644,0.0,0.0,0.0,0.0,0.0,,0.0,0.0,43.66015850302938,8.313286233926192,0.0,0.3505965550430119,52.32404129199858,43.66015850302938,0.3505965550430119
20260703_185002_516173,b0da4d9216a2bbfcc818675c756bd436b7c3e50f537880fa75c56fd8774d8151,53,2187632444,1815193614,2187632444,13,500,50,60,5,30,10.0,120,current,Optimized Pattern Generator,dynamic_session,Dynamic Session Pattern Assignment,50,6,360,dab6a89ff6292a73f267137ee625dcc5b33e8e7943caa3e8c3f87f577fa1e0b8,3699990498,a86a101c151e2a2a82ce69979fda19e51e9f9fe0fea8279c846482c6f1269745,True,single_only_all_off,A1 Ablation) All Waveform Terms Off,False,500,500,0,0.0,500,357,0,0.714,0.714,1.20140027088,7.6000004400000005,381.578,420.1,44.03150487500534,500,0,0,0,0,1.0,0.0,0.0,0.0,0.0,1.0,28.644,0.0,0.0,0.0,0.0,0.0,,0.0,0.0,43.654752738948446,0.020513504932750948,0.0,0.3526069221115904,44.02787316599279,43.654752738948446,0.3526069221115904
20260703_185002_516173,b0da4d9216a2bbfcc818675c756bd436b7c3e50f537880fa75c56fd8774d8151,53,2187632444,2184921365,2187632444,13,500,50,60,5,30,10.0,120,current,Optimized Pattern Generator,dynamic_session,Dynamic Session Pattern Assignment,50,6,360,dab6a89ff6292a73f267137ee625dcc5b33e8e7943caa3e8c3f87f577fa1e0b8,3699990498,a86a101c151e2a2a82ce69979fda19e51e9f9fe0fea8279c846482c6f1269745,True,nomura_original_interval_hungarian,A2) Corr+DTW + Hungarian,False,500,500,0,0.0,500,469,0,0.938,0.938,0.08243399215114415,0.4221623062279825,381.578,420.1,64.38959058299952,500,0,0,0,0,1.0,0.0,0.0,0.0,0.0,1.0,28.644,0.0,0.0,0.0,0.0,0.0,,0.0,0.0,43.70548095597769,20.309492953834706,0.0,0.37107134018151555,64.38604524999391,43.70548095597769,0.37107134018151555
20260703_185002_516173,b0da4d9216a2bbfcc818675c756bd436b7c3e50f537880fa75c56fd8774d8151,53,2187632444,2176353919,2187632444,13,500,50,60,5,30,10.0,120,current,Optimized Pattern Generator,dynamic_session,Dynamic Session Pattern Assignment,50,6,360,dab6a89ff6292a73f267137ee625dcc5b33e8e7943caa3e8c3f87f577fa1e0b8,3699990498,a86a101c151e2a2a82ce69979fda19e51e9f9fe0fea8279c846482c6f1269745,True,nomura_original_interval_hungarian_dtw_off,A2 Ablation) DTW Off (Corr-only),False,500,500,0,0.0,500,456,0,0.912,0.912,0.07282847531865892,0.28683627235147324,381.578,420.1,64.35704008300672,500,0,0,0,0,1.0,0.0,0.0,0.0,0.0,1.0,28.644,0.0,0.0,0.0,0.0,0.0,,0.0,0.0,43.69035996384628,20.30493423617736,0.0,0.3583212999801617,64.3536155000038,43.69035996384628,0.3583212999801617
20260703_185002_516173,b0da4d9216a2bbfcc818675c756bd436b7c3e50f537880fa75c56fd8774d8151,53,2187632444,1055930899,2187632444,13,500,50,60,5,30,10.0,120,current,Optimized Pattern Generator,dynamic_session,Dynamic Session Pattern Assignment,50,6,360,dab6a89ff6292a73f267137ee625dcc5b33e8e7943caa3e8c3f87f577fa1e0b8,3699990498,a86a101c151e2a2a82ce69979fda19e51e9f9fe0fea8279c846482c6f1269745,True,nomura_original_interval_hungarian_corr_off,A2 Ablation) Corr Off (DTW-only),False,500,500,0,0.0,500,400,0,0.8,0.8,0.0013696394614530595,0.12427726175646855,381.578,420.1,64.38106233300641,500,0,0,0,0,1.0,0.0,0.0,0.0,0.0,1.0,28.644,0.0,0.0,0.0,0.0,0.0,,0.0,0.0,43.74116407890688,20.281105499190744,0.0,0.3552337969013024,64.37750337499892,43.74116407890688,0.3552337969013024
20260703_185002_516173,b0da4d9216a2bbfcc818675c756bd436b7c3e50f537880fa75c56fd8774d8151,53,2187632444,542446200,2187632444,13,500,50,60,5,30,10.0,120,current,Optimized Pattern Generator,dynamic_session,Dynamic Session Pattern Assignment,50,6,360,dab6a89ff6292a73f267137ee625dcc5b33e8e7943caa3e8c3f87f577fa1e0b8,3699990498,a86a101c151e2a2a82ce69979fda19e51e9f9fe0fea8279c846482c6f1269745,True,nomura_original_interval_hungarian_all_off,A2 Ablation) All Waveform Terms Off,False,500,500,0,0.0,500,357,0,0.714,0.714,1.20140027088,7.6000004400000005,381.578,420.1,43.98304062499665,500,0,0,0,0,1.0,0.0,0.0,0.0,0.0,1.0,28.644,0.0,0.0,0.0,0.0,0.0,,0.0,0.0,43.59106562839588,0.020428408082807437,0.0,0.36799225451250095,43.97948629099119,43.59106562839588,0.36799225451250095
20260703_185002_516173,b0da4d9216a2bbfcc818675c756bd436b7c3e50f537880fa75c56fd8774d8151,53,2187632444,1367392777,2187632444,13,500,50,60,5,30,10.0,120,current,Optimized Pattern Generator,dynamic_session,Dynamic Session Pattern Assignment,50,6,360,dab6a89ff6292a73f267137ee625dcc5b33e8e7943caa3e8c3f87f577fa1e0b8,3699990498,a86a101c151e2a2a82ce69979fda19e51e9f9fe0fea8279c846482c6f1269745,True,bayesian_windowed,A3) Bayesian Posterior + Hungarian + Lock,False,500,500,0,0.0,500,489,0,0.978,0.978,0.5702942744464236,1.862092149307938,381.578,420.1,51.444253667010344,500,0,0,0,0,1.0,0.0,0.0,0.0,0.0,1.0,28.644,0.0,0.0,0.0,0.0,0.0,,0.0,0.0,43.7668974649423,7.321178078040248,0.0,0.35271258201100864,51.44078812499356,43.7668974649423,0.35271258201100864
20260703_185002_516173,b0da4d9216a2bbfcc818675c756bd436b7c3e50f537880fa75c56fd8774d8151,53,2187632444,1856414618,2187632444,13,500,50,60,5,30,10.0,120,current,Optimized Pattern Generator,dynamic_session,Dynamic Session Pattern Assignment,50,6,360,dab6a89ff6292a73f267137ee625dcc5b33e8e7943caa3e8c3f87f577fa1e0b8,3699990498,a86a101c151e2a2a82ce69979fda19e51e9f9fe0fea8279c846482c6f1269745,True,bayesian_windowed_lock_off,A3 Ablation) Lock Off,False,500,500,0,0.0,500,489,0,0.978,0.978,0.5703029375793115,1.862092149307938,381.578,420.1,51.46990083399578,500,0,0,0,0,1.0,0.0,0.0,0.0,0.0,1.0,28.644,0.0,0.0,0.0,0.0,0.0,,0.0,0.0,43.79767812907812,7.311127496184781,0.0,0.3575382917479146,51.46634391701082,43.79767812907812,0.3575382917479146
20260703_185002_516173,b0da4d9216a2bbfcc818675c756bd436b7c3e50f537880fa75c56fd8774d8151,53,2187632444,1977915807,2187632444,13,500,50,60,5,30,10.0,120,current,Optimized Pattern Generator,dynamic_session,Dynamic Session Pattern Assignment,50,6,360,dab6a89ff6292a73f267137ee625dcc5b33e8e7943caa3e8c3f87f577fa1e0b8,3699990498,a86a101c151e2a2a82ce69979fda19e51e9f9fe0fea8279c846482c6f1269745,True,bayesian_windowed_memory_off,A3 Ablation) Posterior Memory Off,False,500,500,0,0.0,500,479,0,0.958,0.958,0.9408713864277006,2.240951129287104,381.578,420.1,51.39023333399382,500,0,0,0,0,1.0,0.0,0.0,0.0,0.0,1.0,28.644,0.0,0.0,0.0,0.0,0.0,,0.0,0.0,43.704430307872826,7.323220288904849,0.0,0.3590224032086553,51.38667299998633,43.704430307872826,0.3590224032086553
20260703_185002_516173,b0da4d9216a2bbfcc818675c756bd436b7c3e50f537880fa75c56fd8774d8151,53,2187632444,2395032879,2187632444,13,500,50,60,5,30,10.0,120,current,Optimized Pattern Generator,dynamic_session,Dynamic Session Pattern Assignment,50,6,360,dab6a89ff6292a73f267137ee625dcc5b33e8e7943caa3e8c3f87f577fa1e0b8,3699990498,a86a101c151e2a2a82ce69979fda19e51e9f9fe0fea8279c846482c6f1269745,True,bayesian_windowed_timeprior_off,A3 Ablation) Time Prior Off,False,500,500,0,0.0,500,489,0,0.978,0.978,0.5749761101724612,1.8661296090673167,381.578,420.1,51.389741124992725,500,0,0,0,0,1.0,0.0,0.0,0.0,0.0,1.0,28.644,0.0,0.0,0.0,0.0,0.0,,0.0,0.0,43.716120041004615,7.314195657163509,0.0,0.35584117683174554,51.38615687499987,43.716120041004615,0.35584117683174554
20260703_185002_516173,b0da4d9216a2bbfcc818675c756bd436b7c3e50f537880fa75c56fd8774d8151,53,2187632444,433795929,2187632444,13,500,50,60,5,30,10.0,120,current,Optimized Pattern Generator,dynamic_session,Dynamic Session Pattern Assignment,50,6,360,dab6a89ff6292a73f267137ee625dcc5b33e8e7943caa3e8c3f87f577fa1e0b8,3699990498,a86a101c151e2a2a82ce69979fda19e51e9f9fe0fea8279c846482c6f1269745,True,bayesian_windowed_all_off,A3 Ablation) Time Prior + Memory + Lock Off,False,500,500,0,0.0,500,478,0,0.956,0.956,0.9426791745267871,2.2413848610548768,381.578,420.1,51.44896433298709,500,0,0,0,0,1.0,0.0,0.0,0.0,0.0,1.0,28.644,0.0,0.0,0.0,0.0,0.0,,0.0,0.0,43.74808490520809,7.319684196219896,0.0,0.3775961905630538,51.44536529199104,43.74808490520809,0.3775961905630538
20260703_185002_516173,b0da4d9216a2bbfcc818675c756bd436b7c3e50f537880fa75c56fd8774d8151,54,2187632445,1233724817,2187632445,14,500,50,60,5,30,10.0,120,current,Optimized Pattern Generator,dynamic_session,Dynamic Session Pattern Assignment,50,6,360,0d25ee4e95dabf20f09d67e5981c2b54c2c8d35071ffc24423cdc89b795336d7,3699990499,da2c24a876b8c096974f73a80a77b7a31efff9ebdde94d2c33b92d5b82601440,True,single_only,A1) Refined Cost + Greedy 1:1,True,500,500,0,0.0,500,463,0,0.926,0.926,1.1881125142108437,7.0043938344739,381.848,420.1,52.54291624999314,500,0,0,0,0,1.0,0.0,0.0,0.0,0.0,1.0,28.734,0.0,0.0,0.0,0.0,0.0,,0.0,0.0,43.85897017088428,8.326319246014464,0.0,0.3543014581082389,52.53959087500698,43.85897017088428,0.3543014581082389
20260703_185002_516173,b0da4d9216a2bbfcc818675c756bd436b7c3e50f537880fa75c56fd8774d8151,54,2187632445,1545686443,2187632445,14,500,50,60,5,30,10.0,120,current,Optimized Pattern Generator,dynamic_session,Dynamic Session Pattern Assignment,50,6,360,0d25ee4e95dabf20f09d67e5981c2b54c2c8d35071ffc24423cdc89b795336d7,3699990499,da2c24a876b8c096974f73a80a77b7a31efff9ebdde94d2c33b92d5b82601440,True,single_only_dtw_off,A1 Ablation) DTW Off,False,500,500,0,0.0,500,445,0,0.89,0.89,0.9086936073533334,6.213333543333333,381.848,420.1,52.6166166250041,500,0,0,0,0,1.0,0.0,0.0,0.0,0.0,1.0,28.734,0.0,0.0,0.0,0.0,0.0,,0.0,0.0,43.918185545830056,8.328819072790793,0.0,0.3660534643859137,52.61305808300676,43.918185545830056,0.3660534643859137
20260703_185002_516173,b0da4d9216a2bbfcc818675c756bd436b7c3e50f537880fa75c56fd8774d8151,54,2187632445,866312283,2187632445,14,500,50,60,5,30,10.0,120,current,Optimized Pattern Generator,dynamic_session,Dynamic Session Pattern Assignment,50,6,360,0d25ee4e95dabf20f09d67e5981c2b54c2c8d35071ffc24423cdc89b795336d7,3699990499,da2c24a876b8c096974f73a80a77b7a31efff9ebdde94d2c33b92d5b82601440,True,single_only_step_off,A1 Ablation) Step Signature Off,False,500,500,0,0.0,500,410,0,0.82,0.82,0.20386528251331884,1.0722797304332754,381.848,420.1,52.67368870899372,500,0,0,0,0,1.0,0.0,0.0,0.0,0.0,1.0,28.734,0.0,0.0,0.0,0.0,0.0,,0.0,0.0,43.98680978413904,8.330461990757613,0.0,0.35281926710740663,52.67009104200406,43.98680978413904,0.35281926710740663
20260703_185002_516173,b0da4d9216a2bbfcc818675c756bd436b7c3e50f537880fa75c56fd8774d8151,54,2187632445,1815193615,2187632445,14,500,50,60,5,30,10.0,120,current,Optimized Pattern Generator,dynamic_session,Dynamic Session Pattern Assignment,50,6,360,0d25ee4e95dabf20f09d67e5981c2b54c2c8d35071ffc24423cdc89b795336d7,3699990499,da2c24a876b8c096974f73a80a77b7a31efff9ebdde94d2c33b92d5b82601440,True,single_only_all_off,A1 Ablation) All Waveform Terms Off,False,500,500,0,0.0,500,353,0,0.706,0.706,1.2582002804999999,8.700000330000002,381.848,420.1,44.24168054100301,500,0,0,0,0,1.0,0.0,0.0,0.0,0.0,1.0,28.734,0.0,0.0,0.0,0.0,0.0,,0.0,0.0,43.85798516579962,0.020478490288951434,0.0,0.3599234279099619,44.23838708399853,43.85798516579962,0.3599234279099619
20260703_185002_516173,b0da4d9216a2bbfcc818675c756bd436b7c3e50f537880fa75c56fd8774d8151,54,2187632445,2184921364,2187632445,14,500,50,60,5,30,10.0,120,current,Optimized Pattern Generator,dynamic_session,Dynamic Session Pattern Assignment,50,6,360,0d25ee4e95dabf20f09d67e5981c2b54c2c8d35071ffc24423cdc89b795336d7,3699990499,da2c24a876b8c096974f73a80a77b7a31efff9ebdde94d2c33b92d5b82601440,True,nomura_original_interval_hungarian,A2) Corr+DTW + Hungarian,False,500,500,0,0.0,500,435,0,0.87,0.87,0.09128932303758379,0.4180493397552872,381.848,420.1,64.65415495799971,500,0,0,0,0,1.0,0.0,0.0,0.0,0.0,1.0,28.734,0.0,0.0,0.0,0.0,0.0,,0.0,0.0,43.88814034101961,20.40251041704323,0.0,0.36008528294041753,64.65073604100326,43.88814034101961,0.36008528294041753
20260703_185002_516173,b0da4d9216a2bbfcc818675c756bd436b7c3e50f537880fa75c56fd8774d8151,54,2187632445,2176353918,2187632445,14,500,50,60,5,30,10.0,120,current,Optimized Pattern Generator,dynamic_session,Dynamic Session Pattern Assignment,50,6,360,0d25ee4e95dabf20f09d67e5981c2b54c2c8d35071ffc24423cdc89b795336d7,3699990499,da2c24a876b8c096974f73a80a77b7a31efff9ebdde94d2c33b92d5b82601440,True,nomura_original_interval_hungarian_dtw_off,A2 Ablation) DTW Off (Corr-only),False,500,500,0,0.0,500,428,0,0.856,0.856,0.08027534820260197,0.3086079614866932,381.848,420.1,64.66544237498601,500,0,0,0,0,1.0,0.0,0.0,0.0,0.0,1.0,28.734,0.0,0.0,0.0,0.0,0.0,,0.0,0.0,43.852360096076154,20.455336889834143,0.0,0.3542910560936434,64.66198804200394,43.852360096076154,0.3542910560936434
20260703_185002_516173,b0da4d9216a2bbfcc818675c756bd436b7c3e50f537880fa75c56fd8774d8151,54,2187632445,1055930898,2187632445,14,500,50,60,5,30,10.0,120,current,Optimized Pattern Generator,dynamic_session,Dynamic Session Pattern Assignment,50,6,360,0d25ee4e95dabf20f09d67e5981c2b54c2c8d35071ffc24423cdc89b795336d7,3699990499,da2c24a876b8c096974f73a80a77b7a31efff9ebdde94d2c33b92d5b82601440,True,nomura_original_interval_hungarian_corr_off,A2 Ablation) Corr Off (DTW-only),False,500,500,0,0.0,500,384,0,0.768,0.768,0.0016675006606184537,0.16715693260787207,381.848,420.1,64.8565176659904,500,0,0,0,0,1.0,0.0,0.0,0.0,0.0,1.0,28.734,0.0,0.0,0.0,0.0,0.0,,0.0,0.0,44.01673562791257,20.462966316903476,0.0,0.3729315551900072,64.85263350000605,44.01673562791257,0.3729315551900072
20260703_185002_516173,b0da4d9216a2bbfcc818675c756bd436b7c3e50f537880fa75c56fd8774d8151,54,2187632445,542446201,2187632445,14,500,50,60,5,30,10.0,120,current,Optimized Pattern Generator,dynamic_session,Dynamic Session Pattern Assignment,50,6,360,0d25ee4e95dabf20f09d67e5981c2b54c2c8d35071ffc24423cdc89b795336d7,3699990499,da2c24a876b8c096974f73a80a77b7a31efff9ebdde94d2c33b92d5b82601440,True,nomura_original_interval_hungarian_all_off,A2 Ablation) All Waveform Terms Off,False,500,500,0,0.0,500,353,0,0.706,0.706,1.2582002804999999,8.700000330000002,381.848,420.1,44.354624583007535,500,0,0,0,0,1.0,0.0,0.0,0.0,0.0,1.0,28.734,0.0,0.0,0.0,0.0,0.0,,0.0,0.0,43.968088437075494,0.021991166009684093,0.0,0.36080297992157284,44.35088258300675,43.968088437075494,0.36080297992157284
20260703_185002_516173,b0da4d9216a2bbfcc818675c756bd436b7c3e50f537880fa75c56fd8774d8151,54,2187632445,1367392776,2187632445,14,500,50,60,5,30,10.0,120,current,Optimized Pattern Generator,dynamic_session,Dynamic Session Pattern Assignment,50,6,360,0d25ee4e95dabf20f09d67e5981c2b54c2c8d35071ffc24423cdc89b795336d7,3699990499,da2c24a876b8c096974f73a80a77b7a31efff9ebdde94d2c33b92d5b82601440,True,bayesian_windowed,A3) Bayesian Posterior + Hungarian + Lock,False,500,500,0,0.0,500,484,0,0.968,0.968,0.5605077067951871,1.9230919991654798,381.848,420.1,51.85429508400557,500,0,0,0,0,1.0,0.0,0.0,0.0,0.0,1.0,28.734,0.0,0.0,0.0,0.0,0.0,,0.0,0.0,44.13100042277074,7.35643878490373,0.0,0.36323237532633357,51.8506715830008,44.13100042277074,0.36323237532633357
20260703_185002_516173,b0da4d9216a2bbfcc818675c756bd436b7c3e50f537880fa75c56fd8774d8151,54,2187632445,1856414619,2187632445,14,500,50,60,5,30,10.0,120,current,Optimized Pattern Generator,dynamic_session,Dynamic Session Pattern Assignment,50,6,360,0d25ee4e95dabf20f09d67e5981c2b54c2c8d35071ffc24423cdc89b795336d7,3699990499,da2c24a876b8c096974f73a80a77b7a31efff9ebdde94d2c33b92d5b82601440,True,bayesian_windowed_lock_off,A3 Ablation) Lock Off,False,500,500,0,0.0,500,484,0,0.968,0.968,0.560509940243244,1.9230919991654798,381.848,420.1,51.95770541700767,500,0,0,0,0,1.0,0.0,0.0,0.0,0.0,1.0,28.734,0.0,0.0,0.0,0.0,0.0,,0.0,0.0,44.18183153877908,7.379693246941315,0.0,0.3920975892833667,51.95362237500376,44.18183153877908,0.3920975892833667
20260703_185002_516173,b0da4d9216a2bbfcc818675c756bd436b7c3e50f537880fa75c56fd8774d8151,54,2187632445,1977915806,2187632445,14,500,50,60,5,30,10.0,120,current,Optimized Pattern Generator,dynamic_session,Dynamic Session Pattern Assignment,50,6,360,0d25ee4e95dabf20f09d67e5981c2b54c2c8d35071ffc24423cdc89b795336d7,3699990499,da2c24a876b8c096974f73a80a77b7a31efff9ebdde94d2c33b92d5b82601440,True,bayesian_windowed_memory_off,A3 Ablation) Posterior Memory Off,False,500,500,0,0.0,500,463,0,0.926,0.926,0.9321379964988167,2.264682879925557,381.848,420.1,51.75961508300679,500,0,0,0,0,1.0,0.0,0.0,0.0,0.0,1.0,28.734,0.0,0.0,0.0,0.0,0.0,,0.0,0.0,44.06933162389032,7.331092321139295,0.0,0.3557098049641354,51.75613374999375,44.06933162389032,0.3557098049641354
20260703_185002_516173,b0da4d9216a2bbfcc818675c756bd436b7c3e50f537880fa75c56fd8774d8151,54,2187632445,2395032878,2187632445,14,500,50,60,5,30,10.0,120,current,Optimized Pattern Generator,dynamic_session,Dynamic Session Pattern Assignment,50,6,360,0d25ee4e95dabf20f09d67e5981c2b54c2c8d35071ffc24423cdc89b795336d7,3699990499,da2c24a876b8c096974f73a80a77b7a31efff9ebdde94d2c33b92d5b82601440,True,bayesian_windowed_timeprior_off,A3 Ablation) Time Prior Off,False,500,500,0,0.0,500,484,0,0.968,0.968,0.5637687952697779,1.9230919991654798,381.848,420.1,51.83042154100258,500,0,0,0,0,1.0,0.0,0.0,0.0,0.0,1.0,28.734,0.0,0.0,0.0,0.0,0.0,,0.0,0.0,44.14375942212064,7.325339031871408,0.0,0.35764717099664267,51.82674562498869,44.14375942212064,0.35764717099664267
20260703_185002_516173,b0da4d9216a2bbfcc818675c756bd436b7c3e50f537880fa75c56fd8774d8151,54,2187632445,433795928,2187632445,14,500,50,60,5,30,10.0,120,current,Optimized Pattern Generator,dynamic_session,Dynamic Session Pattern Assignment,50,6,360,0d25ee4e95dabf20f09d67e5981c2b54c2c8d35071ffc24423cdc89b795336d7,3699990499,da2c24a876b8c096974f73a80a77b7a31efff9ebdde94d2c33b92d5b82601440,True,bayesian_windowed_all_off,A3 Ablation) Time Prior + Memory + Lock Off,False,500,500,0,0.0,500,463,0,0.926,0.926,0.9333940718763054,2.2647139117877253,381.848,420.1,51.83828466699924,500,0,0,0,0,1.0,0.0,0.0,0.0,0.0,1.0,28.734,0.0,0.0,0.0,0.0,0.0,,0.0,0.0,44.14667134388583,7.330840708076721,0.0,0.3571032820327673,51.834615333995316,44.14667134388583,0.3571032820327673
20260703_185002_516173,b0da4d9216a2bbfcc818675c756bd436b7c3e50f537880fa75c56fd8774d8151,55,2187632446,1233724818,2187632446,15,500,50,60,5,30,10.0,120,current,Optimized Pattern Generator,dynamic_session,Dynamic Session Pattern Assignment,50,6,360,fb599f61ba4b4dac97f7ad544e8a43973d5cce79d41ed2b4e150b61742890a46,3699990496,733ff8628a959a56df5513a1fa4b1f5b0563400dcf0b1504ff91a14dd9b7928a,True,single_only,A1) Refined Cost + Greedy 1:1,True,500,500,0,0.0,500,470,0,0.94,0.94,1.0392112229023356,6.555753056878322,380.156,412.1,52.63650783299818,500,0,0,0,0,1.0,0.0,0.0,0.0,0.0,1.0,28.76,0.0,0.0,0.0,0.0,0.0,,0.0,0.0,43.92398307994881,8.329493460070807,0.0,0.37951262698334176,52.63298916700296,43.92398307994881,0.37951262698334176
20260703_185002_516173,b0da4d9216a2bbfcc818675c756bd436b7c3e50f537880fa75c56fd8774d8151,55,2187632446,1545686440,2187632446,15,500,50,60,5,30,10.0,120,current,Optimized Pattern Generator,dynamic_session,Dynamic Session Pattern Assignment,50,6,360,fb599f61ba4b4dac97f7ad544e8a43973d5cce79d41ed2b4e150b61742890a46,3699990496,733ff8628a959a56df5513a1fa4b1f5b0563400dcf0b1504ff91a14dd9b7928a,True,single_only_dtw_off,A1 Ablation) DTW Off,False,500,500,0,0.0,500,461,0,0.922,0.922,0.80798027932,4.830000490000001,380.156,412.1,52.82353512500413,500,0,0,0,0,1.0,0.0,0.0,0.0,0.0,1.0,28.76,0.0,0.0,0.0,0.0,0.0,,0.0,0.0,44.110342913962086,8.3513934470393,0.0,0.3583005139953457,52.82003687499673,44.110342913962086,0.3583005139953457
20260703_185002_516173,b0da4d9216a2bbfcc818675c756bd436b7c3e50f537880fa75c56fd8774d8151,55,2187632446,866312280,2187632446,15,500,50,60,5,30,10.0,120,current,Optimized Pattern Generator,dynamic_session,Dynamic Session Pattern Assignment,50,6,360,fb599f61ba4b4dac97f7ad544e8a43973d5cce79d41ed2b4e150b61742890a46,3699990496,733ff8628a959a56df5513a1fa4b1f5b0563400dcf0b1504ff91a14dd9b7928a,True,single_only_step_off,A1 Ablation) Step Signature Off,False,500,500,0,0.0,500,430,0,0.86,0.86,0.18218145370116304,0.9303882954127096,380.156,412.1,52.835852042000624,500,0,0,0,0,1.0,0.0,0.0,0.0,0.0,1.0,28.76,0.0,0.0,0.0,0.0,0.0,,0.0,0.0,44.131218998882105,8.339725233221543,0.0,0.3614023508998798,52.83234658300353,44.131218998882105,0.3614023508998798
20260703_185002_516173,b0da4d9216a2bbfcc818675c756bd436b7c3e50f537880fa75c56fd8774d8151,55,2187632446,1815193612,2187632446,15,500,50,60,5,30,10.0,120,current,Optimized Pattern Generator,dynamic_session,Dynamic Session Pattern Assignment,50,6,360,fb599f61ba4b4dac97f7ad544e8a43973d5cce79d41ed2b4e150b61742890a46,3699990496,733ff8628a959a56df5513a1fa4b1f5b0563400dcf0b1504ff91a14dd9b7928a,True,single_only_all_off,A1 Ablation) All Waveform Terms Off,False,500,500,0,0.0,500,363,0,0.726,0.726,1.2110002807400002,8.400000310000001,380.156,412.1,44.37198583400459,500,0,0,0,0,1.0,0.0,0.0,0.0,0.0,1.0,28.76,0.0,0.0,0.0,0.0,0.0,,0.0,0.0,43.95848978999129,0.025505528989015147,0.0,0.3843694310198771,44.36836475000018,43.95848978999129,0.3843694310198771
20260703_185002_516173,b0da4d9216a2bbfcc818675c756bd436b7c3e50f537880fa75c56fd8774d8151,55,2187632446,2184921367,2187632446,15,500,50,60,5,30,10.0,120,current,Optimized Pattern Generator,dynamic_session,Dynamic Session Pattern Assignment,50,6,360,fb599f61ba4b4dac97f7ad544e8a43973d5cce79d41ed2b4e150b61742890a46,3699990496,733ff8628a959a56df5513a1fa4b1f5b0563400dcf0b1504ff91a14dd9b7928a,True,nomura_original_interval_hungarian,A2) Corr+DTW + Hungarian,False,500,500,0,0.0,500,441,0,0.882,0.882,0.08231145882426408,0.3663696095521082,380.156,412.1,65.0206981250085,500,0,0,0,0,1.0,0.0,0.0,0.0,0.0,1.0,28.76,0.0,0.0,0.0,0.0,0.0,,0.0,0.0,44.1877705710649,20.457382868160494,0.0,0.3720611857715994,65.017214624997,44.1877705710649,0.3720611857715994
20260703_185002_516173,b0da4d9216a2bbfcc818675c756bd436b7c3e50f537880fa75c56fd8774d8151,55,2187632446,2176353917,2187632446,15,500,50,60,5,30,10.0,120,current,Optimized Pattern Generator,dynamic_session,Dynamic Session Pattern Assignment,50,6,360,fb599f61ba4b4dac97f7ad544e8a43973d5cce79d41ed2b4e150b61742890a46,3699990496,733ff8628a959a56df5513a1fa4b1f5b0563400dcf0b1504ff91a14dd9b7928a,True,nomura_original_interval_hungarian_dtw_off,A2 Ablation) DTW Off (Corr-only),False,500,500,0,0.0,500,440,0,0.88,0.88,0.07121361427661238,0.2820566169030031,380.156,412.1,64.86490866700478,500,0,0,0,0,1.0,0.0,0.0,0.0,0.0,1.0,28.76,0.0,0.0,0.0,0.0,0.0,,0.0,0.0,44.04891669207427,20.446076061576605,0.0,0.3665384543564869,64.86153120800736,44.04891669207427,0.3665384543564869
20260703_185002_516173,b0da4d9216a2bbfcc818675c756bd436b7c3e50f537880fa75c56fd8774d8151,55,2187632446,1055930897,2187632446,15,500,50,60,5,30,10.0,120,current,Optimized Pattern Generator,dynamic_session,Dynamic Session Pattern Assignment,50,6,360,fb599f61ba4b4dac97f7ad544e8a43973d5cce79d41ed2b4e150b61742890a46,3699990496,733ff8628a959a56df5513a1fa4b1f5b0563400dcf0b1504ff91a14dd9b7928a,True,nomura_original_interval_hungarian_corr_off,A2 Ablation) Corr Off (DTW-only),False,500,500,0,0.0,500,388,0,0.776,0.776,0.0022056377938202126,0.1634007137110284,380.156,412.1,64.64199437500793,500,0,0,0,0,1.0,0.0,0.0,0.0,0.0,1.0,28.76,0.0,0.0,0.0,0.0,0.0,,0.0,0.0,43.830213409804855,20.429711440985557,0.0,0.3784831902012229,64.63840804099164,43.830213409804855,0.3784831902012229
20260703_185002_516173,b0da4d9216a2bbfcc818675c756bd436b7c3e50f537880fa75c56fd8774d8151,55,2187632446,542446202,2187632446,15,500,50,60,5,30,10.0,120,current,Optimized Pattern Generator,dynamic_session,Dynamic Session Pattern Assignment,50,6,360,fb599f61ba4b4dac97f7ad544e8a43973d5cce79d41ed2b4e150b61742890a46,3699990496,733ff8628a959a56df5513a1fa4b1f5b0563400dcf0b1504ff91a14dd9b7928a,True,nomura_original_interval_hungarian_all_off,A2 Ablation) All Waveform Terms Off,False,500,500,0,0.0,500,363,0,0.726,0.726,1.2110002807400002,8.400000310000001,380.156,412.1,44.07486274999974,500,0,0,0,0,1.0,0.0,0.0,0.0,0.0,1.0,28.76,0.0,0.0,0.0,0.0,0.0,,0.0,0.0,43.69224450089678,0.020476370031246915,0.0,0.3587178370798938,44.07143870800792,43.69224450089678,0.3587178370798938
20260703_185002_516173,b0da4d9216a2bbfcc818675c756bd436b7c3e50f537880fa75c56fd8774d8151,55,2187632446,1367392779,2187632446,15,500,50,60,5,30,10.0,120,current,Optimized Pattern Generator,dynamic_session,Dynamic Session Pattern Assignment,50,6,360,fb599f61ba4b4dac97f7ad544e8a43973d5cce79d41ed2b4e150b61742890a46,3699990496,733ff8628a959a56df5513a1fa4b1f5b0563400dcf0b1504ff91a14dd9b7928a,True,bayesian_windowed,A3) Bayesian Posterior + Hungarian + Lock,False,500,500,0,0.0,500,486,0,0.972,0.972,0.660364782942635,2.036969663780506,380.156,412.1,51.606242875001044,500,0,0,0,0,1.0,0.0,0.0,0.0,0.0,1.0,28.76,0.0,0.0,0.0,0.0,0.0,,0.0,0.0,43.90415870513243,7.346761528024217,0.0,0.3517412668443285,51.60266150000098,43.90415870513243,0.3517412668443285
20260703_185002_516173,b0da4d9216a2bbfcc818675c756bd436b7c3e50f537880fa75c56fd8774d8151,55,2187632446,1856414616,2187632446,15,500,50,60,5,30,10.0,120,current,Optimized Pattern Generator,dynamic_session,Dynamic Session Pattern Assignment,50,6,360,fb599f61ba4b4dac97f7ad544e8a43973d5cce79d41ed2b4e150b61742890a46,3699990496,733ff8628a959a56df5513a1fa4b1f5b0563400dcf0b1504ff91a14dd9b7928a,True,bayesian_windowed_lock_off,A3 Ablation) Lock Off,False,500,500,0,0.0,500,486,0,0.972,0.972,0.6603691807886495,2.036969663780506,380.156,412.1,51.56390916700184,500,0,0,0,0,1.0,0.0,0.0,0.0,0.0,1.0,28.76,0.0,0.0,0.0,0.0,0.0,,0.0,0.0,43.88330703914107,7.322645575142815,0.0,0.35442730170325376,51.56037991598714,43.88330703914107,0.35442730170325376
20260703_185002_516173,b0da4d9216a2bbfcc818675c756bd436b7c3e50f537880fa75c56fd8774d8151,55,2187632446,1977915805,2187632446,15,500,50,60,5,30,10.0,120,current,Optimized Pattern Generator,dynamic_session,Dynamic Session Pattern Assignment,50,6,360,fb599f61ba4b4dac97f7ad544e8a43973d5cce79d41ed2b4e150b61742890a46,3699990496,733ff8628a959a56df5513a1fa4b1f5b0563400dcf0b1504ff91a14dd9b7928a,True,bayesian_windowed_memory_off,A3 Ablation) Posterior Memory Off,False,500,500,0,0.0,500,470,0,0.94,0.94,1.0356617675935644,2.353483878584335,380.156,412.1,51.59421070800454,500,0,0,0,0,1.0,0.0,0.0,0.0,0.0,1.0,28.76,0.0,0.0,0.0,0.0,0.0,,0.0,0.0,43.875769081976614,7.359118080144981,0.0,0.3557656708871946,51.59065283300879,43.875769081976614,0.3557656708871946
20260703_185002_516173,b0da4d9216a2bbfcc818675c756bd436b7c3e50f537880fa75c56fd8774d8151,55,2187632446,2395032877,2187632446,15,500,50,60,5,30,10.0,120,current,Optimized Pattern Generator,dynamic_session,Dynamic Session Pattern Assignment,50,6,360,fb599f61ba4b4dac97f7ad544e8a43973d5cce79d41ed2b4e150b61742890a46,3699990496,733ff8628a959a56df5513a1fa4b1f5b0563400dcf0b1504ff91a14dd9b7928a,True,bayesian_windowed_timeprior_off,A3 Ablation) Time Prior Off,False,500,500,0,0.0,500,486,0,0.972,0.972,0.6645171112304429,2.0386633679202597,380.156,412.1,51.54920991700783,500,0,0,0,0,1.0,0.0,0.0,0.0,0.0,1.0,28.76,0.0,0.0,0.0,0.0,0.0,,0.0,0.0,43.841075876916875,7.326218108806643,0.0,0.37839509727200493,51.54568908299552,43.841075876916875,0.37839509727200493
20260703_185002_516173,b0da4d9216a2bbfcc818675c756bd436b7c3e50f537880fa75c56fd8774d8151,55,2187632446,433795931,2187632446,15,500,50,60,5,30,10.0,120,current,Optimized Pattern Generator,dynamic_session,Dynamic Session Pattern Assignment,50,6,360,fb599f61ba4b4dac97f7ad544e8a43973d5cce79d41ed2b4e150b61742890a46,3699990496,733ff8628a959a56df5513a1fa4b1f5b0563400dcf0b1504ff91a14dd9b7928a,True,bayesian_windowed_all_off,A3 Ablation) Time Prior + Memory + Lock Off,False,500,500,0,0.0,500,470,0,0.94,0.94,1.0372081885207456,2.353836678150271,380.156,412.1,51.626026875004754,500,0,0,0,0,1.0,0.0,0.0,0.0,0.0,1.0,28.76,0.0,0.0,0.0,0.0,0.0,,0.0,0.0,43.92681493679993,7.34303556503437,0.0,0.3525616231636377,51.622412124997936,43.92681493679993,0.3525616231636377
20260703_185002_516173,b0da4d9216a2bbfcc818675c756bd436b7c3e50f537880fa75c56fd8774d8151,56,2187632447,1233724819,2187632447,16,500,50,60,5,30,10.0,120,current,Optimized Pattern Generator,dynamic_session,Dynamic Session Pattern Assignment,50,6,360,da08701f33c67af0d64c8381f2fdaa08c2e5f80aa5369171f0752d4b1dda2843,3699990497,e4be4a482ae1aba50f19dea3127f9952e6922099dc6ed69f51643a6f1f190a3e,True,single_only,A1) Refined Cost + Greedy 1:1,True,500,500,0,0.0,500,470,0,0.94,0.94,1.0858236313068677,5.475235094765514,381.71,417.0,50.43503145800787,500,0,0,0,0,1.0,0.0,0.0,0.0,0.0,1.0,27.652,0.0,0.0,0.0,0.0,0.0,,0.0,0.0,42.024629852792714,8.030989530991064,0.0,0.3759733242186485,50.43159270800243,42.024629852792714,0.3759733242186485
20260703_185002_516173,b0da4d9216a2bbfcc818675c756bd436b7c3e50f537880fa75c56fd8774d8151,56,2187632447,1545686441,2187632447,16,500,50,60,5,30,10.0,120,current,Optimized Pattern Generator,dynamic_session,Dynamic Session Pattern Assignment,50,6,360,da08701f33c67af0d64c8381f2fdaa08c2e5f80aa5369171f0752d4b1dda2843,3699990497,e4be4a482ae1aba50f19dea3127f9952e6922099dc6ed69f51643a6f1f190a3e,True,single_only_dtw_off,A1 Ablation) DTW Off,False,500,500,0,0.0,500,468,0,0.936,0.936,0.8290935930533335,3.4000004300000004,381.71,417.0,50.473606707993895,500,0,0,0,0,1.0,0.0,0.0,0.0,0.0,1.0,27.652,0.0,0.0,0.0,0.0,0.0,,0.0,0.0,42.08091782788688,8.031716347919428,0.0,0.35746374119480606,50.47009791700111,42.08091782788688,0.35746374119480606
20260703_185002_516173,b0da4d9216a2bbfcc818675c756bd436b7c3e50f537880fa75c56fd8774d8151,56,2187632447,866312281,2187632447,16,500,50,60,5,30,10.0,120,current,Optimized Pattern Generator,dynamic_session,Dynamic Session Pattern Assignment,50,6,360,da08701f33c67af0d64c8381f2fdaa08c2e5f80aa5369171f0752d4b1dda2843,3699990497,e4be4a482ae1aba50f19dea3127f9952e6922099dc6ed69f51643a6f1f190a3e,True,single_only_step_off,A1 Ablation) Step Signature Off,False,500,500,0,0.0,500,442,0,0.884,0.884,0.2070779777327662,1.0000012500000004,381.71,417.0,50.58798229199601,500,0,0,0,0,1.0,0.0,0.0,0.0,0.0,1.0,27.652,0.0,0.0,0.0,0.0,0.0,,0.0,0.0,42.184748952277005,8.045407365018036,0.0,0.35438101569889113,50.58453733299393,42.184748952277005,0.35438101569889113
20260703_185002_516173,b0da4d9216a2bbfcc818675c756bd436b7c3e50f537880fa75c56fd8774d8151,56,2187632447,1815193613,2187632447,16,500,50,60,5,30,10.0,120,current,Optimized Pattern Generator,dynamic_session,Dynamic Session Pattern Assignment,50,6,360,da08701f33c67af0d64c8381f2fdaa08c2e5f80aa5369171f0752d4b1dda2843,3699990497,e4be4a482ae1aba50f19dea3127f9952e6922099dc6ed69f51643a6f1f190a3e,True,single_only_all_off,A1 Ablation) All Waveform Terms Off,False,500,500,0,0.0,500,379,0,0.758,0.758,1.2412002652,7.800000390000001,381.71,417.0,42.45011895800417,500,0,0,0,0,1.0,0.0,0.0,0.0,0.0,1.0,27.652,0.0,0.0,0.0,0.0,0.0,,0.0,0.0,42.078026240022155,0.020345369004644454,0.0,0.3483607659727568,42.446732374999556,42.078026240022155,0.3483607659727568
20260703_185002_516173,b0da4d9216a2bbfcc818675c756bd436b7c3e50f537880fa75c56fd8774d8151,56,2187632447,2184921366,2187632447,16,500,50,60,5,30,10.0,120,current,Optimized Pattern Generator,dynamic_session,Dynamic Session Pattern Assignment,50,6,360,da08701f33c67af0d64c8381f2fdaa08c2e5f80aa5369171f0752d4b1dda2843,3699990497,e4be4a482ae1aba50f19dea3127f9952e6922099dc6ed69f51643a6f1f190a3e,True,nomura_original_interval_hungarian,A2) Corr+DTW + Hungarian,False,500,500,0,0.0,500,461,0,0.922,0.922,0.09117299435820352,0.3747640619494869,381.71,417.0,62.132467957999324,500,0,0,0,0,1.0,0.0,0.0,0.0,0.0,1.0,27.652,0.0,0.0,0.0,0.0,0.0,,0.0,0.0,42.11274103495816,19.656247363018338,0.0,0.3600038940348895,62.12899229201139,42.11274103495816,0.3600038940348895
20260703_185002_516173,b0da4d9216a2bbfcc818675c756bd436b7c3e50f537880fa75c56fd8774d8151,56,2187632447,2176353916,2187632447,16,500,50,60,5,30,10.0,120,current,Optimized Pattern Generator,dynamic_session,Dynamic Session Pattern Assignment,50,6,360,da08701f33c67af0d64c8381f2fdaa08c2e5f80aa5369171f0752d4b1dda2843,3699990497,e4be4a482ae1aba50f19dea3127f9952e6922099dc6ed69f51643a6f1f190a3e,True,nomura_original_interval_hungarian_dtw_off,A2 Ablation) DTW Off (Corr-only),False,500,500,0,0.0,500,450,0,0.9,0.9,0.08039098604033304,0.3747640619494869,381.71,417.0,62.10297587500827,500,0,0,0,0,1.0,0.0,0.0,0.0,0.0,1.0,27.652,0.0,0.0,0.0,0.0,0.0,,0.0,0.0,42.114776736169006,19.627217716057203,0.0,0.35751258878735825,62.09950704101357,42.114776736169006,0.35751258878735825
20260703_185002_516173,b0da4d9216a2bbfcc818675c756bd436b7c3e50f537880fa75c56fd8774d8151,56,2187632447,1055930896,2187632447,16,500,50,60,5,30,10.0,120,current,Optimized Pattern Generator,dynamic_session,Dynamic Session Pattern Assignment,50,6,360,da08701f33c67af0d64c8381f2fdaa08c2e5f80aa5369171f0752d4b1dda2843,3699990497,e4be4a482ae1aba50f19dea3127f9952e6922099dc6ed69f51643a6f1f190a3e,True,nomura_original_interval_hungarian_corr_off,A2 Ablation) Corr Off (DTW-only),False,500,500,0,0.0,500,384,0,0.768,0.768,0.0008312684431133706,0.1059997757722321,381.71,417.0,62.22417216699978,500,0,0,0,0,1.0,0.0,0.0,0.0,0.0,1.0,27.652,0.0,0.0,0.0,0.0,0.0,,0.0,0.0,42.11719233413169,19.751051997052855,0.0,0.3523667518165894,62.22061108300113,42.11719233413169,0.3523667518165894
20260703_185002_516173,b0da4d9216a2bbfcc818675c756bd436b7c3e50f537880fa75c56fd8774d8151,56,2187632447,542446203,2187632447,16,500,50,60,5,30,10.0,120,current,Optimized Pattern Generator,dynamic_session,Dynamic Session Pattern Assignment,50,6,360,da08701f33c67af0d64c8381f2fdaa08c2e5f80aa5369171f0752d4b1dda2843,3699990497,e4be4a482ae1aba50f19dea3127f9952e6922099dc6ed69f51643a6f1f190a3e,True,nomura_original_interval_hungarian_all_off,A2 Ablation) All Waveform Terms Off,False,500,500,0,0.0,500,379,0,0.758,0.758,1.2412002652,7.800000390000001,381.71,417.0,42.31870295898989,500,0,0,0,0,1.0,0.0,0.0,0.0,0.0,1.0,27.652,0.0,0.0,0.0,0.0,0.0,,0.0,0.0,41.93916637673101,0.019969870132626966,0.0,0.35622079513268545,42.31535704199632,41.93916637673101,0.35622079513268545
20260703_185002_516173,b0da4d9216a2bbfcc818675c756bd436b7c3e50f537880fa75c56fd8774d8151,56,2187632447,1367392778,2187632447,16,500,50,60,5,30,10.0,120,current,Optimized Pattern Generator,dynamic_session,Dynamic Session Pattern Assignment,50,6,360,da08701f33c67af0d64c8381f2fdaa08c2e5f80aa5369171f0752d4b1dda2843,3699990497,e4be4a482ae1aba50f19dea3127f9952e6922099dc6ed69f51643a6f1f190a3e,True,bayesian_windowed,A3) Bayesian Posterior + Hungarian + Lock,False,500,500,0,0.0,500,490,0,0.98,0.98,0.5121058516828632,1.7817477107565904,381.71,417.0,49.65148662500724,500,0,0,0,0,1.0,0.0,0.0,0.0,0.0,1.0,27.652,0.0,0.0,0.0,0.0,0.0,,0.0,0.0,42.19699516391847,7.0767542340181535,0.0,0.3744576430617599,49.648207040998386,42.19699516391847,0.3744576430617599
20260703_185002_516173,b0da4d9216a2bbfcc818675c756bd436b7c3e50f537880fa75c56fd8774d8151,56,2187632447,1856414617,2187632447,16,500,50,60,5,30,10.0,120,current,Optimized Pattern Generator,dynamic_session,Dynamic Session Pattern Assignment,50,6,360,da08701f33c67af0d64c8381f2fdaa08c2e5f80aa5369171f0752d4b1dda2843,3699990497,e4be4a482ae1aba50f19dea3127f9952e6922099dc6ed69f51643a6f1f190a3e,True,bayesian_windowed_lock_off,A3 Ablation) Lock Off,False,500,500,0,0.0,500,490,0,0.98,0.98,0.5121081768881321,1.7817477107565904,381.71,417.0,49.59132283300278,500,0,0,0,0,1.0,0.0,0.0,0.0,0.0,1.0,27.652,0.0,0.0,0.0,0.0,0.0,,0.0,0.0,42.16544428229099,7.072888916925876,0.0,0.34941913378133904,49.58775233299821,42.16544428229099,0.34941913378133904
20260703_185002_516173,b0da4d9216a2bbfcc818675c756bd436b7c3e50f537880fa75c56fd8774d8151,56,2187632447,1977915804,2187632447,16,500,50,60,5,30,10.0,120,current,Optimized Pattern Generator,dynamic_session,Dynamic Session Pattern Assignment,50,6,360,da08701f33c67af0d64c8381f2fdaa08c2e5f80aa5369171f0752d4b1dda2843,3699990497,e4be4a482ae1aba50f19dea3127f9952e6922099dc6ed69f51643a6f1f190a3e,True,bayesian_windowed_memory_off,A3 Ablation) Posterior Memory Off,False,500,500,0,0.0,500,470,0,0.94,0.94,0.8567670306794665,2.4688033475838806,381.71,417.0,49.55800041700422,500,0,0,0,0,1.0,0.0,0.0,0.0,0.0,1.0,27.652,0.0,0.0,0.0,0.0,0.0,,0.0,0.0,42.117950667088735,7.077191176154884,0.0,0.35940169876266737,49.554543542006286,42.117950667088735,0.35940169876266737
20260703_185002_516173,b0da4d9216a2bbfcc818675c756bd436b7c3e50f537880fa75c56fd8774d8151,56,2187632447,2395032876,2187632447,16,500,50,60,5,30,10.0,120,current,Optimized Pattern Generator,dynamic_session,Dynamic Session Pattern Assignment,50,6,360,da08701f33c67af0d64c8381f2fdaa08c2e5f80aa5369171f0752d4b1dda2843,3699990497,e4be4a482ae1aba50f19dea3127f9952e6922099dc6ed69f51643a6f1f190a3e,True,bayesian_windowed_timeprior_off,A3 Ablation) Time Prior Off,False,500,500,0,0.0,500,490,0,0.98,0.98,0.5156136789391136,1.7817477107565904,381.71,417.0,49.61176295801124,500,0,0,0,0,1.0,0.0,0.0,0.0,0.0,1.0,27.652,0.0,0.0,0.0,0.0,0.0,,0.0,0.0,42.17113517598773,7.0658185787760885,0.0,0.37140762024500873,49.608361375008826,42.17113517598773,0.37140762024500873
20260703_185002_516173,b0da4d9216a2bbfcc818675c756bd436b7c3e50f537880fa75c56fd8774d8151,56,2187632447,433795930,2187632447,16,500,50,60,5,30,10.0,120,current,Optimized Pattern Generator,dynamic_session,Dynamic Session Pattern Assignment,50,6,360,da08701f33c67af0d64c8381f2fdaa08c2e5f80aa5369171f0752d4b1dda2843,3699990497,e4be4a482ae1aba50f19dea3127f9952e6922099dc6ed69f51643a6f1f190a3e,True,bayesian_windowed_all_off,A3 Ablation) Time Prior + Memory + Lock Off,False,500,500,0,0.0,500,470,0,0.94,0.94,0.8582891156066191,2.4704826831564644,381.71,417.0,49.62344650000159,500,0,0,0,0,1.0,0.0,0.0,0.0,0.0,1.0,27.652,0.0,0.0,0.0,0.0,0.0,,0.0,0.0,42.202832816910814,7.0676201403548475,0.0,0.3494489177246578,49.61990187499032,42.202832816910814,0.3494489177246578
20260703_185002_516173,b0da4d9216a2bbfcc818675c756bd436b7c3e50f537880fa75c56fd8774d8151,57,2187632448,1233724908,2187632448,17,500,50,60,5,30,10.0,120,current,Optimized Pattern Generator,dynamic_session,Dynamic Session Pattern Assignment,50,6,360,576508f77d0899c67c1e00cc9330bf28eebde2c278a20da818d52e253a24aec4,3699990430,43652d22c99259ab5c3b704df92be3f279272966130e274901af3ce04b53b484,True,single_only,A1) Refined Cost + Greedy 1:1,True,500,500,0,0.0,500,479,0,0.958,0.958,1.026143828941977,4.466939927791008,378.61,396.1,52.04179212500458,500,0,0,0,0,1.0,0.0,0.0,0.0,0.0,1.0,28.548,0.0,0.0,0.0,0.0,0.0,,0.0,0.0,43.404613931896165,8.26701963308733,0.0,0.3666908100130968,52.03832437499659,43.404613931896165,0.3666908100130968
20260703_185002_516173,b0da4d9216a2bbfcc818675c756bd436b7c3e50f537880fa75c56fd8774d8151,57,2187632448,1545686486,2187632448,17,500,50,60,5,30,10.0,120,current,Optimized Pattern Generator,dynamic_session,Dynamic Session Pattern Assignment,50,6,360,576508f77d0899c67c1e00cc9330bf28eebde2c278a20da818d52e253a24aec4,3699990430,43652d22c99259ab5c3b704df92be3f279272966130e274901af3ce04b53b484,True,single_only_dtw_off,A1 Ablation) DTW Off,False,500,500,0,0.0,500,455,0,0.91,0.91,0.7922002717200001,2.926666676666667,378.61,396.1,52.0672200830013,500,0,0,0,0,1.0,0.0,0.0,0.0,0.0,1.0,28.548,0.0,0.0,0.0,0.0,0.0,,0.0,0.0,43.42550708401541,8.287603622986353,0.0,0.350587042994448,52.06369774999621,43.42550708401541,0.350587042994448
20260703_185002_516173,b0da4d9216a2bbfcc818675c756bd436b7c3e50f537880fa75c56fd8774d8151,57,2187632448,866312230,2187632448,17,500,50,60,5,30,10.0,120,current,Optimized Pattern Generator,dynamic_session,Dynamic Session Pattern Assignment,50,6,360,576508f77d0899c67c1e00cc9330bf28eebde2c278a20da818d52e253a24aec4,3699990430,43652d22c99259ab5c3b704df92be3f279272966130e274901af3ce04b53b484,True,single_only_step_off,A1 Ablation) Step Signature Off,False,500,500,0,0.0,500,452,0,0.904,0.904,0.1837987809473757,0.9426165362324481,378.61,396.1,52.09779429199989,500,0,0,0,0,1.0,0.0,0.0,0.0,0.0,1.0,28.548,0.0,0.0,0.0,0.0,0.0,,0.0,0.0,43.426000286170165,8.282320018974133,0.0,0.380291194858728,52.088611500003026,43.426000286170165,0.380291194858728
20260703_185002_516173,b0da4d9216a2bbfcc818675c756bd436b7c3e50f537880fa75c56fd8774d8151,57,2187632448,1815193714,2187632448,17,500,50,60,5,30,10.0,120,current,Optimized Pattern Generator,dynamic_session,Dynamic Session Pattern Assignment,50,6,360,576508f77d0899c67c1e00cc9330bf28eebde2c278a20da818d52e253a24aec4,3699990430,43652d22c99259ab5c3b704df92be3f279272966130e274901af3ce04b53b484,True,single_only_all_off,A1 Ablation) All Waveform Terms Off,False,500,500,0,0.0,500,364,0,0.728,0.728,1.0950002669,7.8000000400000005,378.61,396.1,43.697896707992186,500,0,0,0,0,1.0,0.0,0.0,0.0,0.0,1.0,28.548,0.0,0.0,0.0,0.0,0.0,,0.0,0.0,43.31733382999664,0.020366985932923853,0.0,0.3567280170682352,43.6944288329978,43.31733382999664,0.3567280170682352
20260703_185002_516173,b0da4d9216a2bbfcc818675c756bd436b7c3e50f537880fa75c56fd8774d8151,57,2187632448,2184921449,2187632448,17,500,50,60,5,30,10.0,120,current,Optimized Pattern Generator,dynamic_session,Dynamic Session Pattern Assignment,50,6,360,576508f77d0899c67c1e00cc9330bf28eebde2c278a20da818d52e253a24aec4,3699990430,43652d22c99259ab5c3b704df92be3f279272966130e274901af3ce04b53b484,True,nomura_original_interval_hungarian,A2) Corr+DTW + Hungarian,False,500,500,0,0.0,500,457,0,0.914,0.914,0.08753782843204752,0.4580456919689126,378.61,396.1,64.10542929200165,500,0,0,0,0,1.0,0.0,0.0,0.0,0.0,1.0,28.548,0.0,0.0,0.0,0.0,0.0,,0.0,0.0,43.41990833620366,20.328279769819346,0.0,0.35379947697219905,64.1019875829952,43.41990833620366,0.35379947697219905
20260703_185002_516173,b0da4d9216a2bbfcc818675c756bd436b7c3e50f537880fa75c56fd8774d8151,57,2187632448,2176353795,2187632448,17,500,50,60,5,30,10.0,120,current,Optimized Pattern Generator,dynamic_session,Dynamic Session Pattern Assignment,50,6,360,576508f77d0899c67c1e00cc9330bf28eebde2c278a20da818d52e253a24aec4,3699990430,43652d22c99259ab5c3b704df92be3f279272966130e274901af3ce04b53b484,True,nomura_original_interval_hungarian_dtw_off,A2 Ablation) DTW Off (Corr-only),False,500,500,0,0.0,500,452,0,0.904,0.904,0.07792788141187643,0.27939276878808117,378.61,396.1,64.11551229200268,500,0,0,0,0,1.0,0.0,0.0,0.0,0.0,1.0,28.548,0.0,0.0,0.0,0.0,0.0,,0.0,0.0,43.37096850691887,20.363242732884828,0.0,0.377848176198313,64.11205941600201,43.37096850691887,0.377848176198313
20260703_185002_516173,b0da4d9216a2bbfcc818675c756bd436b7c3e50f537880fa75c56fd8774d8151,57,2187632448,1055930991,2187632448,17,500,50,60,5,30,10.0,120,current,Optimized Pattern Generator,dynamic_session,Dynamic Session Pattern Assignment,50,6,360,576508f77d0899c67c1e00cc9330bf28eebde2c278a20da818d52e253a24aec4,3699990430,43652d22c99259ab5c3b704df92be3f279272966130e274901af3ce04b53b484,True,nomura_original_interval_hungarian_corr_off,A2 Ablation) Corr Off (DTW-only),False,500,500,0,0.0,500,410,0,0.82,0.82,0.0015374047145586059,0.12787325976067382,378.61,396.1,64.1091782500007,500,0,0,0,0,1.0,0.0,0.0,0.0,0.0,1.0,28.548,0.0,0.0,0.0,0.0,0.0,,0.0,0.0,43.366104782995535,20.38189707993297,0.0,0.3576742210716475,64.10567608400015,43.366104782995535,0.3576742210716475
20260703_185002_516173,b0da4d9216a2bbfcc818675c756bd436b7c3e50f537880fa75c56fd8774d8151,57,2187632448,542446084,2187632448,17,500,50,60,5,30,10.0,120,current,Optimized Pattern Generator,dynamic_session,Dynamic Session Pattern Assignment,50,6,360,576508f77d0899c67c1e00cc9330bf28eebde2c278a20da818d52e253a24aec4,3699990430,43652d22c99259ab5c3b704df92be3f279272966130e274901af3ce04b53b484,True,nomura_original_interval_hungarian_all_off,A2 Ablation) All Waveform Terms Off,False,500,500,0,0.0,500,364,0,0.728,0.728,1.0950002669,7.8000000400000005,378.61,396.1,43.76073183400149,500,0,0,0,0,1.0,0.0,0.0,0.0,0.0,1.0,28.548,0.0,0.0,0.0,0.0,0.0,,0.0,0.0,43.37847677001264,0.020591195992892608,0.0,0.358144783982425,43.75721274998796,43.37847677001264,0.358144783982425
20260703_185002_516173,b0da4d9216a2bbfcc818675c756bd436b7c3e50f537880fa75c56fd8774d8151,57,2187632448,1367392885,2187632448,17,500,50,60,5,30,10.0,120,current,Optimized Pattern Generator,dynamic_session,Dynamic Session Pattern Assignment,50,6,360,576508f77d0899c67c1e00cc9330bf28eebde2c278a20da818d52e253a24aec4,3699990430,43652d22c99259ab5c3b704df92be3f279272966130e274901af3ce04b53b484,True,bayesian_windowed,A3) Bayesian Posterior + Hungarian + Lock,False,500,500,0,0.0,500,489,0,0.978,0.978,0.54012646627442,1.7255494313801496,378.61,396.1,51.105578292001155,500,0,0,0,0,1.0,0.0,0.0,0.0,0.0,1.0,28.548,0.0,0.0,0.0,0.0,0.0,,0.0,0.0,43.43189075883129,7.300961257889867,0.0,0.36925890027487185,51.102110916996025,43.43189075883129,0.36925890027487185
20260703_185002_516173,b0da4d9216a2bbfcc818675c756bd436b7c3e50f537880fa75c56fd8774d8151,57,2187632448,1856414694,2187632448,17,500,50,60,5,30,10.0,120,current,Optimized Pattern Generator,dynamic_session,Dynamic Session Pattern Assignment,50,6,360,576508f77d0899c67c1e00cc9330bf28eebde2c278a20da818d52e253a24aec4,3699990430,43652d22c99259ab5c3b704df92be3f279272966130e274901af3ce04b53b484,True,bayesian_windowed_lock_off,A3 Ablation) Lock Off,False,500,500,0,0.0,500,489,0,0.978,0.978,0.5401289886794801,1.7255494313801496,378.61,396.1,51.20956279200618,500,0,0,0,0,1.0,0.0,0.0,0.0,0.0,1.0,28.548,0.0,0.0,0.0,0.0,0.0,,0.0,0.0,43.5471395268396,7.298632339865435,0.0,0.36024759129213635,51.20601945799717,43.5471395268396,0.36024759129213635
20260703_185002_516173,b0da4d9216a2bbfcc818675c756bd436b7c3e50f537880fa75c56fd8774d8151,57,2187632448,1977915875,2187632448,17,500,50,60,5,30,10.0,120,current,Optimized Pattern Generator,dynamic_session,Dynamic Session Pattern Assignment,50,6,360,576508f77d0899c67c1e00cc9330bf28eebde2c278a20da818d52e253a24aec4,3699990430,43652d22c99259ab5c3b704df92be3f279272966130e274901af3ce04b53b484,True,bayesian_windowed_memory_off,A3 Ablation) Posterior Memory Off,False,500,500,0,0.0,500,479,0,0.958,0.958,0.8993629176419988,2.2976799802162997,378.61,396.1,51.2112520840019,500,0,0,0,0,1.0,0.0,0.0,0.0,0.0,1.0,28.548,0.0,0.0,0.0,0.0,0.0,,0.0,0.0,43.54915687793982,7.306291935048648,0.0,0.3523750620224746,51.207823875010945,43.54915687793982,0.3523750620224746
20260703_185002_516173,b0da4d9216a2bbfcc818675c756bd436b7c3e50f537880fa75c56fd8774d8151,57,2187632448,2395032915,2187632448,17,500,50,60,5,30,10.0,120,current,Optimized Pattern Generator,dynamic_session,Dynamic Session Pattern Assignment,50,6,360,576508f77d0899c67c1e00cc9330bf28eebde2c278a20da818d52e253a24aec4,3699990430,43652d22c99259ab5c3b704df92be3f279272966130e274901af3ce04b53b484,True,bayesian_windowed_timeprior_off,A3 Ablation) Time Prior Off,False,500,500,0,0.0,500,488,0,0.976,0.976,0.5438507361840191,1.734564194142284,378.61,396.1,51.12590587500017,500,0,0,0,0,1.0,0.0,0.0,0.0,0.0,1.0,28.548,0.0,0.0,0.0,0.0,0.0,,0.0,0.0,43.477322817983804,7.293885984065128,0.0,0.35122003094875254,51.122428832997684,43.477322817983804,0.35122003094875254
20260703_185002_516173,b0da4d9216a2bbfcc818675c756bd436b7c3e50f537880fa75c56fd8774d8151,57,2187632448,433795877,2187632448,17,500,50,60,5,30,10.0,120,current,Optimized Pattern Generator,dynamic_session,Dynamic Session Pattern Assignment,50,6,360,576508f77d0899c67c1e00cc9330bf28eebde2c278a20da818d52e253a24aec4,3699990430,43652d22c99259ab5c3b704df92be3f279272966130e274901af3ce04b53b484,True,bayesian_windowed_all_off,A3 Ablation) Time Prior + Memory + Lock Off,False,500,500,0,0.0,500,479,0,0.958,0.958,0.9008295752853464,2.2978584015267676,378.61,396.1,51.200978540990036,500,0,0,0,0,1.0,0.0,0.0,0.0,0.0,1.0,28.548,0.0,0.0,0.0,0.0,0.0,,0.0,0.0,43.54242133903608,7.298159495985601,0.0,0.356621456972789,51.19720229199447,43.54242133903608,0.356621456972789
20260703_185002_516173,b0da4d9216a2bbfcc818675c756bd436b7c3e50f537880fa75c56fd8774d8151,58,2187632449,1233724909,2187632449,18,500,50,60,5,30,10.0,120,current,Optimized Pattern Generator,dynamic_session,Dynamic Session Pattern Assignment,50,6,360,3ff560f7f3edb12738d57107991f7787c1d70e765d2bae1044bdb74ae823798e,3699990431,e9b1f50d0a9386e590a790b62c134793f9381e07955a37259162737b30006999,True,single_only,A1) Refined Cost + Greedy 1:1,True,500,500,0,0.0,500,466,0,0.932,0.932,1.1236757561105706,10.55561311414216,380.498,415.0,50.59992266699555,500,0,0,0,0,1.0,0.0,0.0,0.0,0.0,1.0,27.744,0.0,0.0,0.0,0.0,0.0,,0.0,0.0,42.205644821340684,8.035284283061628,0.0,0.35547939559910446,50.59640850000142,42.205644821340684,0.35547939559910446
20260703_185002_516173,b0da4d9216a2bbfcc818675c756bd436b7c3e50f537880fa75c56fd8774d8151,58,2187632449,1545686487,2187632449,18,500,50,60,5,30,10.0,120,current,Optimized Pattern Generator,dynamic_session,Dynamic Session Pattern Assignment,50,6,360,3ff560f7f3edb12738d57107991f7787c1d70e765d2bae1044bdb74ae823798e,3699990431,e9b1f50d0a9386e590a790b62c134793f9381e07955a37259162737b30006999,True,single_only_dtw_off,A1 Ablation) DTW Off,False,500,500,0,0.0,500,451,0,0.902,0.902,0.85790027766,8.613333763333333,380.498,415.0,50.851405959008844,500,0,0,0,0,1.0,0.0,0.0,0.0,0.0,1.0,27.744,0.0,0.0,0.0,0.0,0.0,,0.0,0.0,42.42964571023185,8.066745652962709,0.0,0.35153609480767045,50.84792745800223,42.42964571023185,0.35153609480767045
20260703_185002_516173,b0da4d9216a2bbfcc818675c756bd436b7c3e50f537880fa75c56fd8774d8151,58,2187632449,866312231,2187632449,18,500,50,60,5,30,10.0,120,current,Optimized Pattern Generator,dynamic_session,Dynamic Session Pattern Assignment,50,6,360,3ff560f7f3edb12738d57107991f7787c1d70e765d2bae1044bdb74ae823798e,3699990431,e9b1f50d0a9386e590a790b62c134793f9381e07955a37259162737b30006999,True,single_only_step_off,A1 Ablation) Step Signature Off,False,500,500,0,0.0,500,411,0,0.822,0.822,0.19284192010684365,1.3445151120443084,380.498,415.0,50.76658908399986,500,0,0,0,0,1.0,0.0,0.0,0.0,0.0,1.0,27.744,0.0,0.0,0.0,0.0,0.0,,0.0,0.0,42.342066365046776,8.053233277038089,0.0,0.3677758999110665,50.76307554199593,42.342066365046776,0.3677758999110665
20260703_185002_516173,b0da4d9216a2bbfcc818675c756bd436b7c3e50f537880fa75c56fd8774d8151,58,2187632449,1815193715,2187632449,18,500,50,60,5,30,10.0,120,current,Optimized Pattern Generator,dynamic_session,Dynamic Session Pattern Assignment,50,6,360,3ff560f7f3edb12738d57107991f7787c1d70e765d2bae1044bdb74ae823798e,3699990431,e9b1f50d0a9386e590a790b62c134793f9381e07955a37259162737b30006999,True,single_only_all_off,A1 Ablation) All Waveform Terms Off,False,500,500,0,0.0,500,335,0,0.67,0.67,1.14480027948,7.40000049,380.498,415.0,42.56720154199866,500,0,0,0,0,1.0,0.0,0.0,0.0,0.0,1.0,27.744,0.0,0.0,0.0,0.0,0.0,,0.0,0.0,42.19358825488598,0.020009241939987987,0.0,0.35011183717870153,42.56370933400467,42.19358825488598,0.35011183717870153
20260703_185002_516173,b0da4d9216a2bbfcc818675c756bd436b7c3e50f537880fa75c56fd8774d8151,58,2187632449,2184921448,2187632449,18,500,50,60,5,30,10.0,120,current,Optimized Pattern Generator,dynamic_session,Dynamic Session Pattern Assignment,50,6,360,3ff560f7f3edb12738d57107991f7787c1d70e765d2bae1044bdb74ae823798e,3699990431,e9b1f50d0a9386e590a790b62c134793f9381e07955a37259162737b30006999,True,nomura_original_interval_hungarian,A2) Corr+DTW + Hungarian,False,500,500,0,0.0,500,427,0,0.854,0.854,0.08547744497956457,0.508426277643881,380.498,415.0,62.52432291599689,500,0,0,0,0,1.0,0.0,0.0,0.0,0.0,1.0,27.744,0.0,0.0,0.0,0.0,0.0,,0.0,0.0,42.354725914934534,19.812440840963973,0.0,0.35352232710283715,62.52068908300134,42.354725914934534,0.35352232710283715
20260703_185002_516173,b0da4d9216a2bbfcc818675c756bd436b7c3e50f537880fa75c56fd8774d8151,58,2187632449,2176353794,2187632449,18,500,50,60,5,30,10.0,120,current,Optimized Pattern Generator,dynamic_session,Dynamic Session Pattern Assignment,50,6,360,3ff560f7f3edb12738d57107991f7787c1d70e765d2bae1044bdb74ae823798e,3699990431,e9b1f50d0a9386e590a790b62c134793f9381e07955a37259162737b30006999,True,nomura_original_interval_hungarian_dtw_off,A2 Ablation) DTW Off (Corr-only),False,500,500,0,0.0,500,421,0,0.842,0.842,0.07411748792449066,0.3927129030439321,380.498,415.0,62.40497674999642,500,0,0,0,0,1.0,0.0,0.0,0.0,0.0,1.0,27.744,0.0,0.0,0.0,0.0,0.0,,0.0,0.0,42.293898538075155,19.748244741058443,0.0,0.3593757208727766,62.401519000006374,42.293898538075155,0.3593757208727766
20260703_185002_516173,b0da4d9216a2bbfcc818675c756bd436b7c3e50f537880fa75c56fd8774d8151,58,2187632449,1055930990,2187632449,18,500,50,60,5,30,10.0,120,current,Optimized Pattern Generator,dynamic_session,Dynamic Session Pattern Assignment,50,6,360,3ff560f7f3edb12738d57107991f7787c1d70e765d2bae1044bdb74ae823798e,3699990431,e9b1f50d0a9386e590a790b62c134793f9381e07955a37259162737b30006999,True,nomura_original_interval_hungarian_corr_off,A2 Ablation) Corr Off (DTW-only),False,500,500,0,0.0,500,377,0,0.754,0.754,0.0024447168389518247,0.2736678034949432,380.498,415.0,62.37040704100218,500,0,0,0,0,1.0,0.0,0.0,0.0,0.0,1.0,27.744,0.0,0.0,0.0,0.0,0.0,,0.0,0.0,42.25781462182931,19.749921019072644,0.0,0.35926348408975173,62.36699912499171,42.25781462182931,0.35926348408975173
20260703_185002_516173,b0da4d9216a2bbfcc818675c756bd436b7c3e50f537880fa75c56fd8774d8151,58,2187632449,542446085,2187632449,18,500,50,60,5,30,10.0,120,current,Optimized Pattern Generator,dynamic_session,Dynamic Session Pattern Assignment,50,6,360,3ff560f7f3edb12738d57107991f7787c1d70e765d2bae1044bdb74ae823798e,3699990431,e9b1f50d0a9386e590a790b62c134793f9381e07955a37259162737b30006999,True,nomura_original_interval_hungarian_all_off,A2 Ablation) All Waveform Terms Off,False,500,500,0,0.0,500,335,0,0.67,0.67,1.14480027948,7.40000049,380.498,415.0,42.573615291999886,500,0,0,0,0,1.0,0.0,0.0,0.0,0.0,1.0,27.744,0.0,0.0,0.0,0.0,0.0,,0.0,0.0,42.17301810004574,0.019909078037017025,0.0,0.37724448890367057,42.570171666986425,42.17301810004574,0.37724448890367057
20260703_185002_516173,b0da4d9216a2bbfcc818675c756bd436b7c3e50f537880fa75c56fd8774d8151,58,2187632449,1367392884,2187632449,18,500,50,60,5,30,10.0,120,current,Optimized Pattern Generator,dynamic_session,Dynamic Session Pattern Assignment,50,6,360,3ff560f7f3edb12738d57107991f7787c1d70e765d2bae1044bdb74ae823798e,3699990431,e9b1f50d0a9386e590a790b62c134793f9381e07955a37259162737b30006999,True,bayesian_windowed,A3) Bayesian Posterior + Hungarian + Lock,False,500,500,0,0.0,500,481,0,0.962,0.962,0.6007348311036392,1.809537872769738,380.498,415.0,49.842182916996535,500,0,0,0,0,1.0,0.0,0.0,0.0,0.0,1.0,27.744,0.0,0.0,0.0,0.0,0.0,,0.0,0.0,42.40157342799648,7.083269280032255,0.0,0.35395158297615126,49.83879429100489,42.40157342799648,0.35395158297615126
20260703_185002_516173,b0da4d9216a2bbfcc818675c756bd436b7c3e50f537880fa75c56fd8774d8151,58,2187632449,1856414695,2187632449,18,500,50,60,5,30,10.0,120,current,Optimized Pattern Generator,dynamic_session,Dynamic Session Pattern Assignment,50,6,360,3ff560f7f3edb12738d57107991f7787c1d70e765d2bae1044bdb74ae823798e,3699990431,e9b1f50d0a9386e590a790b62c134793f9381e07955a37259162737b30006999,True,bayesian_windowed_lock_off,A3 Ablation) Lock Off,False,500,500,0,0.0,500,481,0,0.962,0.962,0.600739302465718,1.809537872769738,380.498,415.0,49.7311838339956,500,0,0,0,0,1.0,0.0,0.0,0.0,0.0,1.0,27.744,0.0,0.0,0.0,0.0,0.0,,0.0,0.0,42.3063558460417,7.069415832986124,0.0,0.3520717379724374,49.72784341700026,42.3063558460417,0.3520717379724374
20260703_185002_516173,b0da4d9216a2bbfcc818675c756bd436b7c3e50f537880fa75c56fd8774d8151,58,2187632449,1977915874,2187632449,18,500,50,60,5,30,10.0,120,current,Optimized Pattern Generator,dynamic_session,Dynamic Session Pattern Assignment,50,6,360,3ff560f7f3edb12738d57107991f7787c1d70e765d2bae1044bdb74ae823798e,3699990431,e9b1f50d0a9386e590a790b62c134793f9381e07955a37259162737b30006999,True,bayesian_windowed_memory_off,A3 Ablation) Posterior Memory Off,False,500,500,0,0.0,500,466,0,0.932,0.932,0.9556489887383189,2.315931228316914,380.498,415.0,49.81976237500203,500,0,0,0,0,1.0,0.0,0.0,0.0,0.0,1.0,27.744,0.0,0.0,0.0,0.0,0.0,,0.0,0.0,42.36693434200424,7.071396281098714,0.0,0.3780068768974161,49.81633750000037,42.36693434200424,0.3780068768974161
20260703_185002_516173,b0da4d9216a2bbfcc818675c756bd436b7c3e50f537880fa75c56fd8774d8151,58,2187632449,2395032914,2187632449,18,500,50,60,5,30,10.0,120,current,Optimized Pattern Generator,dynamic_session,Dynamic Session Pattern Assignment,50,6,360,3ff560f7f3edb12738d57107991f7787c1d70e765d2bae1044bdb74ae823798e,3699990431,e9b1f50d0a9386e590a790b62c134793f9381e07955a37259162737b30006999,True,bayesian_windowed_timeprior_off,A3 Ablation) Time Prior Off,False,500,500,0,0.0,500,480,0,0.96,0.96,0.604804688629094,1.8102594505305314,380.498,415.0,49.80707374999474,500,0,0,0,0,1.0,0.0,0.0,0.0,0.0,1.0,27.744,0.0,0.0,0.0,0.0,0.0,,0.0,0.0,42.37347391201183,7.075816694035893,0.0,0.35430730995722115,49.80359791600495,42.37347391201183,0.35430730995722115
20260703_185002_516173,b0da4d9216a2bbfcc818675c756bd436b7c3e50f537880fa75c56fd8774d8151,58,2187632449,433795876,2187632449,18,500,50,60,5,30,10.0,120,current,Optimized Pattern Generator,dynamic_session,Dynamic Session Pattern Assignment,50,6,360,3ff560f7f3edb12738d57107991f7787c1d70e765d2bae1044bdb74ae823798e,3699990431,e9b1f50d0a9386e590a790b62c134793f9381e07955a37259162737b30006999,True,bayesian_windowed_all_off,A3 Ablation) Time Prior + Memory + Lock Off,False,500,500,0,0.0,500,466,0,0.932,0.932,0.9571294536436177,2.3167907159957544,380.498,415.0,49.82808379200287,500,0,0,0,0,1.0,0.0,0.0,0.0,0.0,1.0,27.744,0.0,0.0,0.0,0.0,0.0,,0.0,0.0,42.38493404384644,7.0805147039936855,0.0,0.359189252165379,49.82463800000551,42.38493404384644,0.359189252165379
20260703_185002_516173,b0da4d9216a2bbfcc818675c756bd436b7c3e50f537880fa75c56fd8774d8151,59,2187632450,1233724910,2187632450,19,500,50,60,5,30,10.0,120,current,Optimized Pattern Generator,dynamic_session,Dynamic Session Pattern Assignment,50,6,360,e70745b8d612d1f30e666e6119b6bd4a5a5d4dba157784d7eb012b61525f2dbc,3699990428,f62202b378269a80a06907855e8bc91d25e17f1fdc5b5c6bfba5a3351267ed9c,True,single_only,A1) Refined Cost + Greedy 1:1,True,500,500,0,0.0,500,469,0,0.938,0.938,1.0931415604821417,4.2610756654822115,381.644,417.1,52.108113000009325,500,0,0,0,0,1.0,0.0,0.0,0.0,0.0,1.0,28.564,0.0,0.0,0.0,0.0,0.0,,0.0,0.0,43.48255749420787,8.262839159870055,0.0,0.3593099709250964,52.10470662500302,43.48255749420787,0.3593099709250964
20260703_185002_516173,b0da4d9216a2bbfcc818675c756bd436b7c3e50f537880fa75c56fd8774d8151,59,2187632450,1545686484,2187632450,19,500,50,60,5,30,10.0,120,current,Optimized Pattern Generator,dynamic_session,Dynamic Session Pattern Assignment,50,6,360,e70745b8d612d1f30e666e6119b6bd4a5a5d4dba157784d7eb012b61525f2dbc,3699990428,f62202b378269a80a06907855e8bc91d25e17f1fdc5b5c6bfba5a3351267ed9c,True,single_only_dtw_off,A1 Ablation) DTW Off,False,500,500,0,0.0,500,443,0,0.886,0.886,0.8541336167733333,3.2566668766666664,381.644,417.1,52.10791354200046,500,0,0,0,0,1.0,0.0,0.0,0.0,0.0,1.0,28.564,0.0,0.0,0.0,0.0,0.0,,0.0,0.0,43.45538859113003,8.280860817976645,0.0,0.36823713188641705,52.10448654099309,43.45538859113003,0.36823713188641705
20260703_185002_516173,b0da4d9216a2bbfcc818675c756bd436b7c3e50f537880fa75c56fd8774d8151,59,2187632450,866312228,2187632450,19,500,50,60,5,30,10.0,120,current,Optimized Pattern Generator,dynamic_session,Dynamic Session Pattern Assignment,50,6,360,e70745b8d612d1f30e666e6119b6bd4a5a5d4dba157784d7eb012b61525f2dbc,3699990428,f62202b378269a80a06907855e8bc91d25e17f1fdc5b5c6bfba5a3351267ed9c,True,single_only_step_off,A1 Ablation) Step Signature Off,False,500,500,0,0.0,500,439,0,0.878,0.878,0.1898935368779103,1.0000002500000014,381.644,417.1,52.17414929199731,500,0,0,0,0,1.0,0.0,0.0,0.0,0.0,1.0,28.564,0.0,0.0,0.0,0.0,0.0,,0.0,0.0,43.526155412051594,8.290617225939059,0.0,0.3540766120131593,52.17084925000381,43.526155412051594,0.3540766120131593
20260703_185002_516173,b0da4d9216a2bbfcc818675c756bd436b7c3e50f537880fa75c56fd8774d8151,59,2187632450,1815193712,2187632450,19,500,50,60,5,30,10.0,120,current,Optimized Pattern Generator,dynamic_session,Dynamic Session Pattern Assignment,50,6,360,e70745b8d612d1f30e666e6119b6bd4a5a5d4dba157784d7eb012b61525f2dbc,3699990428,f62202b378269a80a06907855e8bc91d25e17f1fdc5b5c6bfba5a3351267ed9c,True,single_only_all_off,A1 Ablation) All Waveform Terms Off,False,500,500,0,0.0,500,346,0,0.692,0.692,1.23360028952,8.50000018,381.644,417.1,43.86746175000735,500,0,0,0,0,1.0,0.0,0.0,0.0,0.0,1.0,28.564,0.0,0.0,0.0,0.0,0.0,,0.0,0.0,43.49111624993384,0.020537987802526914,0.0,0.3522206792549696,43.863874916991335,43.49111624993384,0.3522206792549696
20260703_185002_516173,b0da4d9216a2bbfcc818675c756bd436b7c3e50f537880fa75c56fd8774d8151,59,2187632450,2184921451,2187632450,19,500,50,60,5,30,10.0,120,current,Optimized Pattern Generator,dynamic_session,Dynamic Session Pattern Assignment,50,6,360,e70745b8d612d1f30e666e6119b6bd4a5a5d4dba157784d7eb012b61525f2dbc,3699990428,f62202b378269a80a06907855e8bc91d25e17f1fdc5b5c6bfba5a3351267ed9c,True,nomura_original_interval_hungarian,A2) Corr+DTW + Hungarian,False,500,500,0,0.0,500,451,0,0.902,0.902,0.08592024294823646,0.4414287142401874,381.644,417.1,64.18420041599893,500,0,0,0,0,1.0,0.0,0.0,0.0,0.0,1.0,28.564,0.0,0.0,0.0,0.0,0.0,,0.0,0.0,43.479193948733155,20.327397118977387,0.0,0.374152474294533,64.18074354200508,43.479193948733155,0.374152474294533
20260703_185002_516173,b0da4d9216a2bbfcc818675c756bd436b7c3e50f537880fa75c56fd8774d8151,59,2187632450,2176353793,2187632450,19,500,50,60,5,30,10.0,120,current,Optimized Pattern Generator,dynamic_session,Dynamic Session Pattern Assignment,50,6,360,e70745b8d612d1f30e666e6119b6bd4a5a5d4dba157784d7eb012b61525f2dbc,3699990428,f62202b378269a80a06907855e8bc91d25e17f1fdc5b5c6bfba5a3351267ed9c,True,nomura_original_interval_hungarian_dtw_off,A2 Ablation) DTW Off (Corr-only),False,500,500,0,0.0,500,447,0,0.894,0.894,0.0753142118565046,0.30045783435223267,381.644,417.1,64.17127858300228,500,0,0,0,0,1.0,0.0,0.0,0.0,0.0,1.0,28.564,0.0,0.0,0.0,0.0,0.0,,0.0,0.0,43.497751210059505,20.314360785807366,0.0,0.35577600412943866,64.16788799999631,43.497751210059505,0.35577600412943866
20260703_185002_516173,b0da4d9216a2bbfcc818675c756bd436b7c3e50f537880fa75c56fd8774d8151,59,2187632450,1055930989,2187632450,19,500,50,60,5,30,10.0,120,current,Optimized Pattern Generator,dynamic_session,Dynamic Session Pattern Assignment,50,6,360,e70745b8d612d1f30e666e6119b6bd4a5a5d4dba157784d7eb012b61525f2dbc,3699990428,f62202b378269a80a06907855e8bc91d25e17f1fdc5b5c6bfba5a3351267ed9c,True,nomura_original_interval_hungarian_corr_off,A2 Ablation) Corr Off (DTW-only),False,500,500,0,0.0,500,394,0,0.788,0.788,0.0018393224808337608,0.21075857072630297,381.644,417.1,64.07051245799812,500,0,0,0,0,1.0,0.0,0.0,0.0,0.0,1.0,28.564,0.0,0.0,0.0,0.0,0.0,,0.0,0.0,43.44804020412266,20.26024407692603,0.0,0.3588937599561177,64.06717804100481,43.44804020412266,0.3588937599561177
20260703_185002_516173,b0da4d9216a2bbfcc818675c756bd436b7c3e50f537880fa75c56fd8774d8151,59,2187632450,542446086,2187632450,19,500,50,60,5,30,10.0,120,current,Optimized Pattern Generator,dynamic_session,Dynamic Session Pattern Assignment,50,6,360,e70745b8d612d1f30e666e6119b6bd4a5a5d4dba157784d7eb012b61525f2dbc,3699990428,f62202b378269a80a06907855e8bc91d25e17f1fdc5b5c6bfba5a3351267ed9c,True,nomura_original_interval_hungarian_all_off,A2 Ablation) All Waveform Terms Off,False,500,500,0,0.0,500,346,0,0.692,0.692,1.23360028952,8.50000018,381.644,417.1,43.77496708399849,500,0,0,0,0,1.0,0.0,0.0,0.0,0.0,1.0,28.564,0.0,0.0,0.0,0.0,0.0,,0.0,0.0,43.376839632037445,0.020264718026737683,0.0,0.3744965249497909,43.771600875013974,43.376839632037445,0.3744965249497909
20260703_185002_516173,b0da4d9216a2bbfcc818675c756bd436b7c3e50f537880fa75c56fd8774d8151,59,2187632450,1367392887,2187632450,19,500,50,60,5,30,10.0,120,current,Optimized Pattern Generator,dynamic_session,Dynamic Session Pattern Assignment,50,6,360,e70745b8d612d1f30e666e6119b6bd4a5a5d4dba157784d7eb012b61525f2dbc,3699990428,f62202b378269a80a06907855e8bc91d25e17f1fdc5b5c6bfba5a3351267ed9c,True,bayesian_windowed,A3) Bayesian Posterior + Hungarian + Lock,False,500,500,0,0.0,500,484,0,0.968,0.968,0.564081737020274,2.03345049308611,381.644,417.1,51.26125008300005,500,0,0,0,0,1.0,0.0,0.0,0.0,0.0,1.0,28.564,0.0,0.0,0.0,0.0,0.0,,0.0,0.0,43.59913791787403,7.299194592837011,0.0,0.35952815528435167,51.257860665995395,43.59913791787403,0.35952815528435167
20260703_185002_516173,b0da4d9216a2bbfcc818675c756bd436b7c3e50f537880fa75c56fd8774d8151,59,2187632450,1856414692,2187632450,19,500,50,60,5,30,10.0,120,current,Optimized Pattern Generator,dynamic_session,Dynamic Session Pattern Assignment,50,6,360,e70745b8d612d1f30e666e6119b6bd4a5a5d4dba157784d7eb012b61525f2dbc,3699990428,f62202b378269a80a06907855e8bc91d25e17f1fdc5b5c6bfba5a3351267ed9c,True,bayesian_windowed_lock_off,A3 Ablation) Lock Off,False,500,500,0,0.0,500,484,0,0.968,0.968,0.5640850117115972,2.03345049308611,381.644,417.1,51.22524208300456,500,0,0,0,0,1.0,0.0,0.0,0.0,0.0,1.0,28.564,0.0,0.0,0.0,0.0,0.0,,0.0,0.0,43.58225219475571,7.287109863988007,0.0,0.35215731625794433,51.22151937500166,43.58225219475571,0.35215731625794433
20260703_185002_516173,b0da4d9216a2bbfcc818675c756bd436b7c3e50f537880fa75c56fd8774d8151,59,2187632450,1977915873,2187632450,19,500,50,60,5,30,10.0,120,current,Optimized Pattern Generator,dynamic_session,Dynamic Session Pattern Assignment,50,6,360,e70745b8d612d1f30e666e6119b6bd4a5a5d4dba157784d7eb012b61525f2dbc,3699990428,f62202b378269a80a06907855e8bc91d25e17f1fdc5b5c6bfba5a3351267ed9c,True,bayesian_windowed_memory_off,A3 Ablation) Posterior Memory Off,False,500,500,0,0.0,500,470,0,0.94,0.94,0.9165035157877744,2.177970346295945,381.644,417.1,51.14242733400897,500,0,0,0,0,1.0,0.0,0.0,0.0,0.0,1.0,28.564,0.0,0.0,0.0,0.0,0.0,,0.0,0.0,43.492799503103015,7.286021582011017,0.0,0.36004524788586423,51.138866332999896,43.492799503103015,0.36004524788586423
20260703_185002_516173,b0da4d9216a2bbfcc818675c756bd436b7c3e50f537880fa75c56fd8774d8151,59,2187632450,2395032913,2187632450,19,500,50,60,5,30,10.0,120,current,Optimized Pattern Generator,dynamic_session,Dynamic Session Pattern Assignment,50,6,360,e70745b8d612d1f30e666e6119b6bd4a5a5d4dba157784d7eb012b61525f2dbc,3699990428,f62202b378269a80a06907855e8bc91d25e17f1fdc5b5c6bfba5a3351267ed9c,True,bayesian_windowed_timeprior_off,A3 Ablation) Time Prior Off,False,500,500,0,0.0,500,482,0,0.964,0.964,0.5673636893473206,2.043557026290883,381.644,417.1,51.16717074999178,500,0,0,0,0,1.0,0.0,0.0,0.0,0.0,1.0,28.564,0.0,0.0,0.0,0.0,0.0,,0.0,0.0,43.53249421196233,7.2717337348585716,0.0,0.3593874281796161,51.16361537500052,43.53249421196233,0.3593874281796161
20260703_185002_516173,b0da4d9216a2bbfcc818675c756bd436b7c3e50f537880fa75c56fd8774d8151,59,2187632450,433795879,2187632450,19,500,50,60,5,30,10.0,120,current,Optimized Pattern Generator,dynamic_session,Dynamic Session Pattern Assignment,50,6,360,e70745b8d612d1f30e666e6119b6bd4a5a5d4dba157784d7eb012b61525f2dbc,3699990428,f62202b378269a80a06907855e8bc91d25e17f1fdc5b5c6bfba5a3351267ed9c,True,bayesian_windowed_all_off,A3 Ablation) Time Prior + Memory + Lock Off,False,500,500,0,0.0,500,469,0,0.938,0.938,0.9179313534436033,2.181475701557187,381.644,417.1,51.26629954201053,500,0,0,0,0,1.0,0.0,0.0,0.0,0.0,1.0,28.564,0.0,0.0,0.0,0.0,0.0,,0.0,0.0,43.57957766189065,7.30196183915541,0.0,0.3813443739491049,51.26288387499517,43.57957766189065,0.3813443739491049
20260703_185002_516173,b0da4d9216a2bbfcc818675c756bd436b7c3e50f537880fa75c56fd8774d8151,60,2187632451,1233724911,2187632451,20,500,50,60,5,30,10.0,120,current,Optimized Pattern Generator,dynamic_session,Dynamic Session Pattern Assignment,50,6,360,1460b2625c352d15f02bbdde189b4052a52e38b79d8f3c764f2777b1809b24b4,3699990429,81b6002b6fd111579ffc61dab5e63b63280d6cf6653663055822660064e67b56,True,single_only,A1) Refined Cost + Greedy 1:1,True,500,500,0,0.0,500,463,0,0.926,0.926,1.1177260964579683,6.709934252111296,380.094,413.0,51.3475542919914,500,0,0,0,0,1.0,0.0,0.0,0.0,0.0,1.0,28.186,0.0,0.0,0.0,0.0,0.0,,0.0,0.0,42.82605024179793,8.158049355217372,0.0,0.36012048699194565,51.34422008400725,42.82605024179793,0.36012048699194565
20260703_185002_516173,b0da4d9216a2bbfcc818675c756bd436b7c3e50f537880fa75c56fd8774d8151,60,2187632451,1545686485,2187632451,20,500,50,60,5,30,10.0,120,current,Optimized Pattern Generator,dynamic_session,Dynamic Session Pattern Assignment,50,6,360,1460b2625c352d15f02bbdde189b4052a52e38b79d8f3c764f2777b1809b24b4,3699990429,81b6002b6fd111579ffc61dab5e63b63280d6cf6653663055822660064e67b56,True,single_only_dtw_off,A1 Ablation) DTW Off,False,500,500,0,0.0,500,449,0,0.898,0.898,0.85520027548,5.026667136666666,380.094,413.0,51.47910354200576,500,0,0,0,0,1.0,0.0,0.0,0.0,0.0,1.0,28.186,0.0,0.0,0.0,0.0,0.0,,0.0,0.0,42.9173775769159,8.189216835045954,0.0,0.3690923380490858,51.47568675001094,42.9173775769159,0.3690923380490858
20260703_185002_516173,b0da4d9216a2bbfcc818675c756bd436b7c3e50f537880fa75c56fd8774d8151,60,2187632451,866312229,2187632451,20,500,50,60,5,30,10.0,120,current,Optimized Pattern Generator,dynamic_session,Dynamic Session Pattern Assignment,50,6,360,1460b2625c352d15f02bbdde189b4052a52e38b79d8f3c764f2777b1809b24b4,3699990429,81b6002b6fd111579ffc61dab5e63b63280d6cf6653663055822660064e67b56,True,single_only_step_off,A1 Ablation) Step Signature Off,False,500,500,0,0.0,500,425,0,0.85,0.85,0.1841261234021278,0.9420384654963677,380.094,413.0,51.49966924999899,500,0,0,0,0,1.0,0.0,0.0,0.0,0.0,1.0,28.186,0.0,0.0,0.0,0.0,0.0,,0.0,0.0,42.951427088934,8.19521523709409,0.0,0.34955533996981103,51.4961976659979,42.951427088934,0.34955533996981103
20260703_185002_516173,b0da4d9216a2bbfcc818675c756bd436b7c3e50f537880fa75c56fd8774d8151,60,2187632451,1815193713,2187632451,20,500,50,60,5,30,10.0,120,current,Optimized Pattern Generator,dynamic_session,Dynamic Session Pattern Assignment,50,6,360,1460b2625c352d15f02bbdde189b4052a52e38b79d8f3c764f2777b1809b24b4,3699990429,81b6002b6fd111579ffc61dab5e63b63280d6cf6653663055822660064e67b56,True,single_only_all_off,A1 Ablation) All Waveform Terms Off,False,500,500,0,0.0,500,388,0,0.776,0.776,1.2248002747199997,6.90000045,380.094,413.0,43.21348658300121,500,0,0,0,0,1.0,0.0,0.0,0.0,0.0,1.0,28.186,0.0,0.0,0.0,0.0,0.0,,0.0,0.0,42.83186128898524,0.020170480114757083,0.0,0.3580467719002627,43.21007854100026,42.83186128898524,0.3580467719002627
20260703_185002_516173,b0da4d9216a2bbfcc818675c756bd436b7c3e50f537880fa75c56fd8774d8151,60,2187632451,2184921450,2187632451,20,500,50,60,5,30,10.0,120,current,Optimized Pattern Generator,dynamic_session,Dynamic Session Pattern Assignment,50,6,360,1460b2625c352d15f02bbdde189b4052a52e38b79d8f3c764f2777b1809b24b4,3699990429,81b6002b6fd111579ffc61dab5e63b63280d6cf6653663055822660064e67b56,True,nomura_original_interval_hungarian,A2) Corr+DTW + Hungarian,False,500,500,0,0.0,500,446,0,0.892,0.892,0.08438195330235132,0.4135102599860673,380.094,413.0,63.16810037501273,500,0,0,0,0,1.0,0.0,0.0,0.0,0.0,1.0,28.186,0.0,0.0,0.0,0.0,0.0,,0.0,0.0,42.79570959194098,20.0178548610711,0.0,0.35098600598576013,63.16455045899784,42.79570959194098,0.35098600598576013
20260703_185002_516173,b0da4d9216a2bbfcc818675c756bd436b7c3e50f537880fa75c56fd8774d8151,60,2187632451,2176353792,2187632451,20,500,50,60,5,30,10.0,120,current,Optimized Pattern Generator,dynamic_session,Dynamic Session Pattern Assignment,50,6,360,1460b2625c352d15f02bbdde189b4052a52e38b79d8f3c764f2777b1809b24b4,3699990429,81b6002b6fd111579ffc61dab5e63b63280d6cf6653663055822660064e67b56,True,nomura_original_interval_hungarian_dtw_off,A2 Ablation) DTW Off (Corr-only),False,500,500,0,0.0,500,433,0,0.866,0.866,0.07359601114263566,0.2692704557948027,380.094,413.0,63.24151179200271,500,0,0,0,0,1.0,0.0,0.0,0.0,0.0,1.0,28.186,0.0,0.0,0.0,0.0,0.0,,0.0,0.0,42.80888675995811,20.068694229135872,0.0,0.36041342791577335,63.23799441700976,42.80888675995811,0.36041342791577335
20260703_185002_516173,b0da4d9216a2bbfcc818675c756bd436b7c3e50f537880fa75c56fd8774d8151,60,2187632451,1055930988,2187632451,20,500,50,60,5,30,10.0,120,current,Optimized Pattern Generator,dynamic_session,Dynamic Session Pattern Assignment,50,6,360,1460b2625c352d15f02bbdde189b4052a52e38b79d8f3c764f2777b1809b24b4,3699990429,81b6002b6fd111579ffc61dab5e63b63280d6cf6653663055822660064e67b56,True,nomura_original_interval_hungarian_corr_off,A2 Ablation) Corr Off (DTW-only),False,500,500,0,0.0,500,398,0,0.796,0.796,0.0019611290121064645,0.21518619505370895,380.094,413.0,63.28836804200546,500,0,0,0,0,1.0,0.0,0.0,0.0,0.0,1.0,28.186,0.0,0.0,0.0,0.0,0.0,,0.0,0.0,42.85017075302312,20.062793242308544,0.0,0.37188137967314105,63.28484537500481,42.85017075302312,0.37188137967314105
20260703_185002_516173,b0da4d9216a2bbfcc818675c756bd436b7c3e50f537880fa75c56fd8774d8151,60,2187632451,542446087,2187632451,20,500,50,60,5,30,10.0,120,current,Optimized Pattern Generator,dynamic_session,Dynamic Session Pattern Assignment,50,6,360,1460b2625c352d15f02bbdde189b4052a52e38b79d8f3c764f2777b1809b24b4,3699990429,81b6002b6fd111579ffc61dab5e63b63280d6cf6653663055822660064e67b56,True,nomura_original_interval_hungarian_all_off,A2 Ablation) All Waveform Terms Off,False,500,500,0,0.0,500,388,0,0.776,0.776,1.2248002747199997,6.90000045,380.094,413.0,43.141211209003814,500,0,0,0,0,1.0,0.0,0.0,0.0,0.0,1.0,28.186,0.0,0.0,0.0,0.0,0.0,,0.0,0.0,42.76904471391754,0.0201969829358859,0.0,0.34843317815102637,43.13767487500445,42.76904471391754,0.34843317815102637
20260703_185002_516173,b0da4d9216a2bbfcc818675c756bd436b7c3e50f537880fa75c56fd8774d8151,60,2187632451,1367392886,2187632451,20,500,50,60,5,30,10.0,120,current,Optimized Pattern Generator,dynamic_session,Dynamic Session Pattern Assignment,50,6,360,1460b2625c352d15f02bbdde189b4052a52e38b79d8f3c764f2777b1809b24b4,3699990429,81b6002b6fd111579ffc61dab5e63b63280d6cf6653663055822660064e67b56,True,bayesian_windowed,A3) Bayesian Posterior + Hungarian + Lock,False,500,500,0,0.0,500,483,0,0.966,0.966,0.5689547296377111,1.6626725683087509,380.094,413.0,50.514456207994954,500,0,0,0,0,1.0,0.0,0.0,0.0,0.0,1.0,28.186,0.0,0.0,0.0,0.0,0.0,,0.0,0.0,42.97156891907798,7.183623157892725,0.0,0.3558274230308598,50.51101950000157,42.97156891907798,0.3558274230308598
20260703_185002_516173,b0da4d9216a2bbfcc818675c756bd436b7c3e50f537880fa75c56fd8774d8151,60,2187632451,1856414693,2187632451,20,500,50,60,5,30,10.0,120,current,Optimized Pattern Generator,dynamic_session,Dynamic Session Pattern Assignment,50,6,360,1460b2625c352d15f02bbdde189b4052a52e38b79d8f3c764f2777b1809b24b4,3699990429,81b6002b6fd111579ffc61dab5e63b63280d6cf6653663055822660064e67b56,True,bayesian_windowed_lock_off,A3 Ablation) Lock Off,False,500,500,0,0.0,500,483,0,0.966,0.966,0.5689632037823705,1.6626725683087509,380.094,413.0,50.536410458997125,500,0,0,0,0,1.0,0.0,0.0,0.0,0.0,1.0,28.186,0.0,0.0,0.0,0.0,0.0,,0.0,0.0,42.97563603481103,7.1862437488889555,0.0,0.3710299662925536,50.53290974999254,42.97563603481103,0.3710299662925536
20260703_185002_516173,b0da4d9216a2bbfcc818675c756bd436b7c3e50f537880fa75c56fd8774d8151,60,2187632451,1977915872,2187632451,20,500,50,60,5,30,10.0,120,current,Optimized Pattern Generator,dynamic_session,Dynamic Session Pattern Assignment,50,6,360,1460b2625c352d15f02bbdde189b4052a52e38b79d8f3c764f2777b1809b24b4,3699990429,81b6002b6fd111579ffc61dab5e63b63280d6cf6653663055822660064e67b56,True,bayesian_windowed_memory_off,A3 Ablation) Posterior Memory Off,False,500,500,0,0.0,500,463,0,0.926,0.926,0.9268302349662261,2.2509275778410838,380.094,413.0,50.57164904200181,500,0,0,0,0,1.0,0.0,0.0,0.0,0.0,1.0,28.186,0.0,0.0,0.0,0.0,0.0,,0.0,0.0,43.008897612045985,7.200564231869066,0.0,0.35873453109525144,50.5681963750103,43.008897612045985,0.35873453109525144
20260703_185002_516173,b0da4d9216a2bbfcc818675c756bd436b7c3e50f537880fa75c56fd8774d8151,60,2187632451,2395032912,2187632451,20,500,50,60,5,30,10.0,120,current,Optimized Pattern Generator,dynamic_session,Dynamic Session Pattern Assignment,50,6,360,1460b2625c352d15f02bbdde189b4052a52e38b79d8f3c764f2777b1809b24b4,3699990429,81b6002b6fd111579ffc61dab5e63b63280d6cf6653663055822660064e67b56,True,bayesian_windowed_timeprior_off,A3 Ablation) Time Prior Off,False,500,500,0,0.0,500,483,0,0.966,0.966,0.572437861666649,1.663699649565423,380.094,413.0,50.56800104200374,500,0,0,0,0,1.0,0.0,0.0,0.0,0.0,1.0,28.186,0.0,0.0,0.0,0.0,0.0,,0.0,0.0,43.00816975010093,7.201151199886226,0.0,0.3550680500193266,50.564389000006486,43.00816975010093,0.3550680500193266
20260703_185002_516173,b0da4d9216a2bbfcc818675c756bd436b7c3e50f537880fa75c56fd8774d8151,60,2187632451,433795878,2187632451,20,500,50,60,5,30,10.0,120,current,Optimized Pattern Generator,dynamic_session,Dynamic Session Pattern Assignment,50,6,360,1460b2625c352d15f02bbdde189b4052a52e38b79d8f3c764f2777b1809b24b4,3699990429,81b6002b6fd111579ffc61dab5e63b63280d6cf6653663055822660064e67b56,True,bayesian_windowed_all_off,A3 Ablation) Time Prior + Memory + Lock Off,False,500,500,0,0.0,500,463,0,0.926,0.926,0.9281633901483182,2.251146012559999,380.094,413.0,50.66042629200092,500,0,0,0,0,1.0,0.0,0.0,0.0,0.0,1.0,28.186,0.0,0.0,0.0,0.0,0.0,,0.0,0.0,43.08812442110502,7.2085744150099345,0.0,0.3603170808928553,50.65701591700781,43.08812442110502,0.3603170808928553
