config_hash,tau_s,pattern_mode,pattern_mode_label,pattern_assignment_mode,pattern_assignment_mode_label,pattern_unique_count,command_step_count,charger_sample_s,ev_sample_s,matcher_delay_max_s,candidate_margin_s,algorithm_id,algorithm_label,is_current,ev_count,runs,accuracy_mean,accuracy_std,accuracy_ci95,accuracy_requested_mean,accuracy_requested_std,accuracy_requested_ci95,requested_evs_mean,requested_evs_std,requested_evs_ci95,admitted_evs_mean,admitted_evs_std,admitted_evs_ci95,blocked_evs_mean,blocked_evs_std,blocked_evs_ci95,blocked_ratio_mean,blocked_ratio_std,blocked_ratio_ci95,avg_cost_mean,avg_cost_std,avg_cost_ci95,p90_latency_mean,p90_latency_std,p90_latency_ci95,assignment_runtime_mean,assignment_runtime_std,assignment_runtime_ci95,runtime_s_candidate_build_mean,runtime_s_candidate_build_std,runtime_s_candidate_build_ci95,runtime_s_assignment_mean,runtime_s_assignment_std,runtime_s_assignment_ci95,runtime_s_fallback_mean,runtime_s_fallback_std,runtime_s_fallback_ci95,runtime_s_other_mean,runtime_s_other_std,runtime_s_other_ci95,runtime_s_total_mean,runtime_s_total_std,runtime_s_total_ci95,runtime_s_cost_mean,runtime_s_cost_std,runtime_s_cost_ci95,runtime_s_loop_mean,runtime_s_loop_std,runtime_s_loop_ci95,unmatched_mean,unmatched_std,unmatched_ci95,window_watermark_count_mean,window_watermark_count_std,window_watermark_count_ci95,session_end_before_watermark_count_mean,session_end_before_watermark_count_std,session_end_before_watermark_count_ci95,session_end_fallback_count_mean,session_end_fallback_count_std,session_end_fallback_count_ci95,timeline_end_fallback_count_mean,timeline_end_fallback_count_std,timeline_end_fallback_count_ci95,fallback_finalized_count_mean,fallback_finalized_count_std,fallback_finalized_count_ci95,window_watermark_ratio_mean,window_watermark_ratio_std,window_watermark_ratio_ci95,session_end_before_watermark_ratio_mean,session_end_before_watermark_ratio_std,session_end_before_watermark_ratio_ci95,session_end_fallback_ratio_mean,session_end_fallback_ratio_std,session_end_fallback_ratio_ci95,timeline_end_fallback_ratio_mean,timeline_end_fallback_ratio_std,timeline_end_fallback_ratio_ci95,fallback_finalized_ratio_mean,fallback_finalized_ratio_std,fallback_finalized_ratio_ci95,gt_in_candidates_ratio_mean,gt_in_candidates_ratio_std,gt_in_candidates_ratio_ci95,avg_candidates_per_ev_mean,avg_candidates_per_ev_std,avg_candidates_per_ev_ci95,no_candidate_rows_total_mean,no_candidate_rows_total_std,no_candidate_rows_total_ci95,fallback_to_all_rows_total_mean,fallback_to_all_rows_total_std,fallback_to_all_rows_total_ci95,gt_recovered_by_fallback_count_mean,gt_recovered_by_fallback_count_std,gt_recovered_by_fallback_count_ci95,no_candidate_rows_ratio_mean,no_candidate_rows_ratio_std,no_candidate_rows_ratio_ci95,fallback_to_all_rows_ratio_mean,fallback_to_all_rows_ratio_std,fallback_to_all_rows_ratio_ci95,gt_recovered_by_fallback_ratio_mean,gt_recovered_by_fallback_ratio_std,gt_recovered_by_fallback_ratio_ci95,candidate_query_lead_max_s_mean,candidate_query_lead_max_s_std,candidate_query_lead_max_s_ci95,candidate_future_query_violation_count_mean,candidate_future_query_violation_count_std,candidate_future_query_violation_count_ci95
c032127a581c81deff904ceedf3c721876d4922b0494fee8497003f3aab3947b,60,current,Optimized Pattern Generator,dynamic_session,Dynamic Session Pattern Assignment,50,6,5,5,5.0,60,time_only_baseline,A0) Time Prior + Hungarian (Baseline),False,100,20,0.93,0.028284271247461884,0.012396128427860038,0.93,0.028284271247461884,0.012396128427860038,100.0,0.0,0.0,100.0,0.0,0.0,0.0,0.0,0.0,0.0,0.0,0.0,1.411700253645,0.20258100296148504,0.08878503914010548,410.81000000000006,11.417479673958832,5.00393109380804,3.9468926103501873,0.6306631740996105,0.2764003227257327,3.737098447138851,0.5985998462124797,0.2623479497005969,0.005791543449595338,0.0008759743711651165,0.0003839126951326751,0.0,0.0,0.0,0.20306855946109864,0.0423335236737145,0.01855348478565836,3.945958550049545,0.6305862324172764,0.2763666015466602,3.737098447138851,0.5985998462124797,0.2623479497005969,0.20306855946109864,0.0423335236737145,0.01855348478565836,0.0,0.0,0.0,100.0,0.0,0.0,0.0,0.0,0.0,0.0,0.0,0.0,0.0,0.0,0.0,0.0,0.0,0.0,1.0,0.0,0.0,0.0,0.0,0.0,0.0,0.0,0.0,0.0,0.0,0.0,0.0,0.0,0.0,1.0,0.0,0.0,6.288,0.353040925016976,0.15472700740676343,0.0,0.0,0.0,0.0,0.0,0.0,0.0,0.0,0.0,0.0,0.0,0.0,0.0,0.0,0.0,,,,0.0,0.0,0.0,0.0,0.0,0.0
c032127a581c81deff904ceedf3c721876d4922b0494fee8497003f3aab3947b,60,current,Optimized Pattern Generator,dynamic_session,Dynamic Session Pattern Assignment,50,6,5,5,5.0,60,time_only_baseline,A0) Time Prior + Hungarian (Baseline),False,300,20,0.8211666666666666,0.01974323483215015,0.008652854175364159,0.8211666666666666,0.01974323483215015,0.008652854175364159,300.0,0.0,0.0,300.0,0.0,0.0,0.0,0.0,0.0,0.0,0.0,0.0,1.1919836008683335,0.07604011828517589,0.033326051206544485,411.2250000000001,6.636888538591264,2.908744650550343,28.26601996250247,2.616742245609452,1.1468378539925241,27.805639193800015,2.578710424950661,1.1301696736775013,0.02103593571591773,0.002447203787369392,0.0010725343485771686,0.0,0.0,0.0,0.4375593016848143,0.03708264311626818,0.016252184915494693,28.264234431200748,2.6165859302596304,1.146769345769891,27.805639193800015,2.578710424950661,1.1301696736775013,0.4375593016848143,0.03708264311626818,0.016252184915494693,0.0,0.0,0.0,300.0,0.0,0.0,0.0,0.0,0.0,0.0,0.0,0.0,0.0,0.0,0.0,0.0,0.0,0.0,1.0,0.0,0.0,0.0,0.0,0.0,0.0,0.0,0.0,0.0,0.0,0.0,0.0,0.0,0.0,1.0,0.0,0.0,16.917333333333335,0.4553420409637202,0.19956244829524095,0.0,0.0,0.0,0.0,0.0,0.0,0.0,0.0,0.0,0.0,0.0,0.0,0.0,0.0,0.0,,,,0.0,0.0,0.0,0.0,0.0,0.0
c032127a581c81deff904ceedf3c721876d4922b0494fee8497003f3aab3947b,60,current,Optimized Pattern Generator,dynamic_session,Dynamic Session Pattern Assignment,50,6,5,5,5.0,60,time_only_baseline,A0) Time Prior + Hungarian (Baseline),False,500,20,0.7395999999999999,0.017801241825398485,0.007801738213878676,0.7395999999999999,0.017801241825398485,0.007801738213878676,500.0,0.0,0.0,500.0,0.0,0.0,0.0,0.0,0.0,0.0,0.0,0.0,1.042270273036,0.047025023633611454,0.020609625299704715,412.99500000000006,4.1149886487021226,1.8034732916470375,70.58436062090114,1.7927393929113415,0.785702681104327,69.89685922318021,1.7799945070293839,0.7801169885896102,0.03924665084705339,0.0005786650603029057,0.0002536111445640972,0.0,0.0,0.0,0.6453300217217475,0.02128978524596411,0.009330659779124173,70.58143589574902,1.7927424222644694,0.7857040087768732,69.89685922318021,1.7799945070293839,0.7801169885896102,0.6453300217217475,0.02128978524596411,0.009330659779124173,0.0,0.0,0.0,500.0,0.0,0.0,0.0,0.0,0.0,0.0,0.0,0.0,0.0,0.0,0.0,0.0,0.0,0.0,1.0,0.0,0.0,0.0,0.0,0.0,0.0,0.0,0.0,0.0,0.0,0.0,0.0,0.0,0.0,1.0,0.0,0.0,27.781100000000002,0.528071954825935,0.2314377384483898,0.0,0.0,0.0,0.0,0.0,0.0,0.0,0.0,0.0,0.0,0.0,0.0,0.0,0.0,0.0,,,,0.0,0.0,0.0,0.0,0.0,0.0
c032127a581c81deff904ceedf3c721876d4922b0494fee8497003f3aab3947b,60,current,Optimized Pattern Generator,dynamic_session,Dynamic Session Pattern Assignment,50,6,5,5,5.0,60,single_only,A1) Refined Cost + Greedy 1:1,True,100,20,0.9880000000000001,0.009514531821875097,0.004169927425848336,0.9880000000000001,0.009514531821875097,0.004169927425848336,100.0,0.0,0.0,100.0,0.0,0.0,0.0,0.0,0.0,0.0,0.0,0.0,0.9185416359467491,0.07302981216223518,0.03200672637824455,410.81000000000006,11.417479673958832,5.00393109380804,4.78773996029995,0.7143506538649156,0.3130779778754213,3.7641758100056903,0.57621873479137,0.25253899513687555,0.8298146610984987,0.11358090674082685,0.04977902717003637,0.0,0.0,0.0,0.19276499369661906,0.03001194824259722,0.013153316255899935,4.786755464800808,0.7140827768215255,0.31296057558480944,3.7641758100056903,0.57621873479137,0.25253899513687555,0.19276499369661906,0.03001194824259722,0.013153316255899935,0.0,0.0,0.0,100.0,0.0,0.0,0.0,0.0,0.0,0.0,0.0,0.0,0.0,0.0,0.0,0.0,0.0,0.0,1.0,0.0,0.0,0.0,0.0,0.0,0.0,0.0,0.0,0.0,0.0,0.0,0.0,0.0,0.0,1.0,0.0,0.0,6.288,0.353040925016976,0.15472700740676343,0.0,0.0,0.0,0.0,0.0,0.0,0.0,0.0,0.0,0.0,0.0,0.0,0.0,0.0,0.0,,,,0.0,0.0,0.0,0.0,0.0,0.0
c032127a581c81deff904ceedf3c721876d4922b0494fee8497003f3aab3947b,60,current,Optimized Pattern Generator,dynamic_session,Dynamic Session Pattern Assignment,50,6,5,5,5.0,60,single_only,A1) Refined Cost + Greedy 1:1,True,300,20,0.9571666666666667,0.011253329591751288,0.0049319891483117035,0.9571666666666667,0.011253329591751288,0.0049319891483117035,300.0,0.0,0.0,300.0,0.0,0.0,0.0,0.0,0.0,0.0,0.0,0.0,0.8872233403510832,0.0369989157882851,0.016215489796093555,411.2250000000001,6.636888538591264,2.908744650550343,34.71311567709927,3.372363942735322,1.478003664081776,28.09906778530931,2.7975885223773895,1.2260972293853707,6.187319594246946,0.5402779470030022,0.23678725038357737,0.0,0.0,0.0,0.4250105620929389,0.0375593558530487,0.01646111348419021,34.711397941649196,3.372282217175377,1.477967846275899,28.09906778530931,2.7975885223773895,1.2260972293853707,0.4250105620929389,0.0375593558530487,0.01646111348419021,0.0,0.0,0.0,300.0,0.0,0.0,0.0,0.0,0.0,0.0,0.0,0.0,0.0,0.0,0.0,0.0,0.0,0.0,1.0,0.0,0.0,0.0,0.0,0.0,0.0,0.0,0.0,0.0,0.0,0.0,0.0,0.0,0.0,1.0,0.0,0.0,16.917333333333335,0.4553420409637202,0.19956244829524095,0.0,0.0,0.0,0.0,0.0,0.0,0.0,0.0,0.0,0.0,0.0,0.0,0.0,0.0,0.0,,,,0.0,0.0,0.0,0.0,0.0,0.0
c032127a581c81deff904ceedf3c721876d4922b0494fee8497003f3aab3947b,60,current,Optimized Pattern Generator,dynamic_session,Dynamic Session Pattern Assignment,50,6,5,5,5.0,60,single_only,A1) Refined Cost + Greedy 1:1,True,500,20,0.9392000000000001,0.01051114696530855,0.004606713270640427,0.9392000000000001,0.01051114696530855,0.004606713270640427,500.0,0.0,0.0,500.0,0.0,0.0,0.0,0.0,0.0,0.0,0.0,0.0,0.8834486996340548,0.032544064716809123,0.014263065230303776,412.99500000000006,4.1149886487021226,1.8034732916470375,86.35011474784987,2.0824413697313338,0.9126701705278989,70.36210895457698,1.7299472968516394,0.7581828316374456,15.345779974886682,0.35611795982263034,0.15607557736970032,0.0,0.0,0.0,0.639355987234012,0.018816268323083484,0.008246593190444965,86.34724491669768,2.0823924801505647,0.9126487437244046,70.36210895457698,1.7299472968516394,0.7581828316374456,0.639355987234012,0.018816268323083484,0.008246593190444965,0.0,0.0,0.0,500.0,0.0,0.0,0.0,0.0,0.0,0.0,0.0,0.0,0.0,0.0,0.0,0.0,0.0,0.0,1.0,0.0,0.0,0.0,0.0,0.0,0.0,0.0,0.0,0.0,0.0,0.0,0.0,0.0,0.0,1.0,0.0,0.0,27.781100000000002,0.528071954825935,0.2314377384483898,0.0,0.0,0.0,0.0,0.0,0.0,0.0,0.0,0.0,0.0,0.0,0.0,0.0,0.0,0.0,,,,0.0,0.0,0.0,0.0,0.0,0.0
c032127a581c81deff904ceedf3c721876d4922b0494fee8497003f3aab3947b,60,current,Optimized Pattern Generator,dynamic_session,Dynamic Session Pattern Assignment,50,6,5,5,5.0,60,nomura_original_interval_hungarian,A2) Corr+DTW + Hungarian,False,100,20,0.9924999999999997,0.007863975156570498,0.0034465390725983923,0.9924999999999997,0.007863975156570498,0.0034465390725983923,100.0,0.0,0.0,100.0,0.0,0.0,0.0,0.0,0.0,0.0,0.0,0.0,0.11953397456904742,0.006142047327988929,0.0026918709278952214,410.81000000000006,11.417479673958832,5.00393109380804,6.115316987500409,0.8448786141902385,0.37028437875677755,3.814832030708203,0.5803623619187787,0.25435501979521397,2.101296541337797,0.2478478355786486,0.10862410325228963,0.0,0.0,0.0,0.19830458410506252,0.03610071759341199,0.015821837080776797,6.114433156151063,0.8447673135054522,0.37023559908094117,3.814832030708203,0.5803623619187787,0.25435501979521397,0.19830458410506252,0.03610071759341199,0.015821837080776797,0.0,0.0,0.0,100.0,0.0,0.0,0.0,0.0,0.0,0.0,0.0,0.0,0.0,0.0,0.0,0.0,0.0,0.0,1.0,0.0,0.0,0.0,0.0,0.0,0.0,0.0,0.0,0.0,0.0,0.0,0.0,0.0,0.0,1.0,0.0,0.0,6.288,0.353040925016976,0.15472700740676343,0.0,0.0,0.0,0.0,0.0,0.0,0.0,0.0,0.0,0.0,0.0,0.0,0.0,0.0,0.0,,,,0.0,0.0,0.0,0.0,0.0,0.0
c032127a581c81deff904ceedf3c721876d4922b0494fee8497003f3aab3947b,60,current,Optimized Pattern Generator,dynamic_session,Dynamic Session Pattern Assignment,50,6,5,5,5.0,60,nomura_original_interval_hungarian,A2) Corr+DTW + Hungarian,False,300,20,0.9690000000000001,0.009917790736823166,0.004346663437734248,0.9690000000000001,0.009917790736823166,0.004346663437734248,300.0,0.0,0.0,300.0,0.0,0.0,0.0,0.0,0.0,0.0,0.0,0.0,0.11676302090068133,0.004495051939340902,0.0019700433729566693,411.2250000000001,6.636888538591264,2.908744650550343,44.238140079299775,4.317358941424899,1.8921659829533513,28.07519559551365,2.9683079662522704,1.3009183245760687,15.715480205784115,1.320130135366862,0.5785725414779553,0.0,0.0,0.0,0.445802013251523,0.0385815539890982,0.01690911156985154,44.23647781454929,4.3172995333672715,1.8921399462241189,28.07519559551365,2.9683079662522704,1.3009183245760687,0.445802013251523,0.0385815539890982,0.01690911156985154,0.0,0.0,0.0,300.0,0.0,0.0,0.0,0.0,0.0,0.0,0.0,0.0,0.0,0.0,0.0,0.0,0.0,0.0,1.0,0.0,0.0,0.0,0.0,0.0,0.0,0.0,0.0,0.0,0.0,0.0,0.0,0.0,0.0,1.0,0.0,0.0,16.917333333333335,0.4553420409637202,0.19956244829524095,0.0,0.0,0.0,0.0,0.0,0.0,0.0,0.0,0.0,0.0,0.0,0.0,0.0,0.0,0.0,,,,0.0,0.0,0.0,0.0,0.0,0.0
c032127a581c81deff904ceedf3c721876d4922b0494fee8497003f3aab3947b,60,current,Optimized Pattern Generator,dynamic_session,Dynamic Session Pattern Assignment,50,6,5,5,5.0,60,nomura_original_interval_hungarian,A2) Corr+DTW + Hungarian,False,500,20,0.933,0.013494638311488524,0.005914286004867218,0.933,0.013494638311488524,0.005914286004867218,500.0,0.0,0.0,500.0,0.0,0.0,0.0,0.0,0.0,0.0,0.0,0.0,0.11660461501252295,0.005279667850420458,0.0023139164575834256,412.99500000000006,4.1149886487021226,1.8034732916470375,110.04009812099976,2.900658629843124,1.2712696956667224,70.37172260619846,1.910766053804926,0.8374301459397397,39.01943644324929,0.993748787260115,0.43552960881083236,0.0,0.0,0.0,0.6459697629506991,0.015805897822137163,0.006927240147240056,110.03712881239844,2.9006188265025625,1.271252251083578,70.37172260619846,1.910766053804926,0.8374301459397397,0.6459697629506991,0.015805897822137163,0.006927240147240056,0.0,0.0,0.0,500.0,0.0,0.0,0.0,0.0,0.0,0.0,0.0,0.0,0.0,0.0,0.0,0.0,0.0,0.0,1.0,0.0,0.0,0.0,0.0,0.0,0.0,0.0,0.0,0.0,0.0,0.0,0.0,0.0,0.0,1.0,0.0,0.0,27.781100000000002,0.528071954825935,0.2314377384483898,0.0,0.0,0.0,0.0,0.0,0.0,0.0,0.0,0.0,0.0,0.0,0.0,0.0,0.0,0.0,,,,0.0,0.0,0.0,0.0,0.0,0.0
c032127a581c81deff904ceedf3c721876d4922b0494fee8497003f3aab3947b,60,current,Optimized Pattern Generator,dynamic_session,Dynamic Session Pattern Assignment,50,6,5,5,5.0,60,bayesian_windowed,A3) Two-Stage Bayesian Posterior + Hungarian,False,100,20,0.9904999999999997,0.008255779474818974,0.003618254886136777,0.9904999999999997,0.008255779474818974,0.003618254886136777,100.0,0.0,0.0,100.0,0.0,0.0,0.0,0.0,0.0,0.0,0.0,0.0,0.13503822572937155,0.016466737240944017,0.007216865792322118,410.81000000000006,11.417479673958832,5.00393109380804,4.845275010500336,0.7395509479222253,0.3241224937061865,3.8696850021704448,0.6131002622491005,0.2687030372287396,0.7746621611666342,0.10167887553929737,0.04456273200599546,0.0,0.0,0.0,0.20001882206415758,0.034410487681409745,0.015081061160532056,4.844365985401237,0.7395012763723313,0.3241007241896128,3.8696850021704448,0.6131002622491005,0.2687030372287396,0.20001882206415758,0.034410487681409745,0.015081061160532056,0.0,0.0,0.0,100.0,0.0,0.0,0.0,0.0,0.0,0.0,0.0,0.0,0.0,0.0,0.0,0.0,0.0,0.0,1.0,0.0,0.0,0.0,0.0,0.0,0.0,0.0,0.0,0.0,0.0,0.0,0.0,0.0,0.0,1.0,0.0,0.0,6.288,0.353040925016976,0.15472700740676343,0.0,0.0,0.0,0.0,0.0,0.0,0.0,0.0,0.0,0.0,0.0,0.0,0.0,0.0,0.0,,,,0.0,0.0,0.0,0.0,0.0,0.0
c032127a581c81deff904ceedf3c721876d4922b0494fee8497003f3aab3947b,60,current,Optimized Pattern Generator,dynamic_session,Dynamic Session Pattern Assignment,50,6,5,5,5.0,60,bayesian_windowed,A3) Two-Stage Bayesian Posterior + Hungarian,False,300,20,0.9685,0.01039989878493258,0.004557956605876436,0.9685,0.01039989878493258,0.004557956605876436,300.0,0.0,0.0,300.0,0.0,0.0,0.0,0.0,0.0,0.0,0.0,0.0,0.34971255798374334,0.020725453052356985,0.009083330290351941,411.2250000000001,6.636888538591264,2.908744650550343,33.90967697509986,3.3732375500936502,1.4783865393877937,28.029647065742758,2.846239931471907,1.2474196495409233,5.434637903880502,0.48023608759588354,0.21047274527413606,0.0,0.0,0.0,0.4435642365286185,0.05123574009157416,0.02245505315356514,33.90784920615188,3.373059330110609,1.478308431036376,28.029647065742758,2.846239931471907,1.2474196495409233,0.4435642365286185,0.05123574009157416,0.02245505315356514,0.0,0.0,0.0,300.0,0.0,0.0,0.0,0.0,0.0,0.0,0.0,0.0,0.0,0.0,0.0,0.0,0.0,0.0,1.0,0.0,0.0,0.0,0.0,0.0,0.0,0.0,0.0,0.0,0.0,0.0,0.0,0.0,0.0,1.0,0.0,0.0,16.917333333333335,0.4553420409637202,0.19956244829524095,0.0,0.0,0.0,0.0,0.0,0.0,0.0,0.0,0.0,0.0,0.0,0.0,0.0,0.0,0.0,,,,0.0,0.0,0.0,0.0,0.0,0.0
c032127a581c81deff904ceedf3c721876d4922b0494fee8497003f3aab3947b,60,current,Optimized Pattern Generator,dynamic_session,Dynamic Session Pattern Assignment,50,6,5,5,5.0,60,bayesian_windowed,A3) Two-Stage Bayesian Posterior + Hungarian,False,500,20,0.9525,0.007192832689925663,0.003152397917709464,0.9525,0.007192832689925663,0.003152397917709464,500.0,0.0,0.0,500.0,0.0,0.0,0.0,0.0,0.0,0.0,0.0,0.0,0.5266984898105088,0.029439201749991557,0.012902299037997129,412.99500000000006,4.1149886487021226,1.8034732916470375,84.4393504271502,2.7331059891810354,1.1978365131780375,70.39239723828578,2.298091425764121,1.0071829747175254,13.39956416399291,0.42208538761007103,0.1849870773250714,0.0,0.0,0.0,0.6444816767711018,0.02177286161611203,0.009542377333111196,84.43644307904978,2.7330098613339175,1.197794383291503,70.39239723828578,2.298091425764121,1.0071829747175254,0.6444816767711018,0.02177286161611203,0.009542377333111196,0.0,0.0,0.0,500.0,0.0,0.0,0.0,0.0,0.0,0.0,0.0,0.0,0.0,0.0,0.0,0.0,0.0,0.0,1.0,0.0,0.0,0.0,0.0,0.0,0.0,0.0,0.0,0.0,0.0,0.0,0.0,0.0,0.0,1.0,0.0,0.0,27.781100000000002,0.528071954825935,0.2314377384483898,0.0,0.0,0.0,0.0,0.0,0.0,0.0,0.0,0.0,0.0,0.0,0.0,0.0,0.0,0.0,,,,0.0,0.0,0.0,0.0,0.0,0.0
c032127a581c81deff904ceedf3c721876d4922b0494fee8497003f3aab3947b,60,current,Optimized Pattern Generator,dynamic_session,Dynamic Session Pattern Assignment,50,6,5,5,5.0,120,time_only_baseline,A0) Time Prior + Hungarian (Baseline),False,100,20,0.9250000000000002,0.028003759146153728,0.012273188578960915,0.9250000000000002,0.028003759146153728,0.012273188578960915,100.0,0.0,0.0,100.0,0.0,0.0,0.0,0.0,0.0,0.0,0.0,0.0,1.39495025519,0.11565123286397395,0.05068638759963867,412.0450000000001,8.501793928342414,3.726075474275848,3.114162570900953,0.1793950318549532,0.07862333926646944,2.955581757207983,0.17877169815454566,0.078350151227221,0.003930831352772657,0.0001428419699565066,6.260325355309536e-05,0.0,0.0,0.0,0.15387775933922967,0.007286360246912865,0.003193388176847266,3.1133903478999856,0.17939213913316593,0.0786220714752484,2.955581757207983,0.17877169815454566,0.078350151227221,0.15387775933922967,0.007286360246912865,0.003193388176847266,0.0,0.0,0.0,100.0,0.0,0.0,0.0,0.0,0.0,0.0,0.0,0.0,0.0,0.0,0.0,0.0,0.0,0.0,1.0,0.0,0.0,0.0,0.0,0.0,0.0,0.0,0.0,0.0,0.0,0.0,0.0,0.0,0.0,1.0,0.0,0.0,6.529999999999999,0.3600584747831356,0.15780258419603704,0.0,0.0,0.0,0.0,0.0,0.0,0.0,0.0,0.0,0.0,0.0,0.0,0.0,0.0,0.0,,,,0.0,0.0,0.0,0.0,0.0,0.0
c032127a581c81deff904ceedf3c721876d4922b0494fee8497003f3aab3947b,60,current,Optimized Pattern Generator,dynamic_session,Dynamic Session Pattern Assignment,50,6,5,5,5.0,120,time_only_baseline,A0) Time Prior + Hungarian (Baseline),False,300,20,0.8208333333333334,0.020257840876042627,0.008878390218136219,0.8208333333333334,0.020257840876042627,0.008878390218136219,300.0,0.0,0.0,300.0,0.0,0.0,0.0,0.0,0.0,0.0,0.0,0.0,1.1891502607283333,0.07369840991301606,0.03229975226223306,414.26000000000005,5.9019532895117734,2.586645076053857,24.34187996880064,0.9419983798438348,0.41284899275699455,23.951480778315453,0.9415834583874892,0.412667145410979,0.01723952126412769,0.0004453823636982094,0.00019519742727691123,0.0,0.0,0.0,0.37160009832005014,0.012453158021293922,0.005457837142551356,24.34032039789963,0.9419755019943626,0.41283896609738113,23.951480778315453,0.9415834583874892,0.412667145410979,0.37160009832005014,0.012453158021293922,0.005457837142551356,0.0,0.0,0.0,300.0,0.0,0.0,0.0,0.0,0.0,0.0,0.0,0.0,0.0,0.0,0.0,0.0,0.0,0.0,1.0,0.0,0.0,0.0,0.0,0.0,0.0,0.0,0.0,0.0,0.0,0.0,0.0,0.0,0.0,1.0,0.0,0.0,17.594666666666665,0.5950216468616225,0.2607797346914266,0.0,0.0,0.0,0.0,0.0,0.0,0.0,0.0,0.0,0.0,0.0,0.0,0.0,0.0,0.0,,,,0.0,0.0,0.0,0.0,0.0,0.0
c032127a581c81deff904ceedf3c721876d4922b0494fee8497003f3aab3947b,60,current,Optimized Pattern Generator,dynamic_session,Dynamic Session Pattern Assignment,50,6,5,5,5.0,120,time_only_baseline,A0) Time Prior + Hungarian (Baseline),False,500,20,0.7393999999999998,0.018774002181067773,0.008228069236972982,0.7393999999999998,0.018774002181067773,0.008228069236972982,500.0,0.0,0.0,500.0,0.0,0.0,0.0,0.0,0.0,0.0,0.0,0.0,1.0320002709550002,0.05468074234466313,0.023964891960792326,411.41499999999996,5.101008672182806,2.235615620384072,73.01963408335068,6.736876223112949,2.9525661854129885,72.33975364886719,6.691978548706767,2.9328889120202284,0.03945514393708436,0.0033826088333452206,0.0014824936853596294,0.0,0.0,0.0,0.6369700384966563,0.046540888690461156,0.020397443805643973,73.01617883130093,6.736246043528383,2.9522899970327203,72.33975364886719,6.691978548706767,2.9328889120202284,0.6369700384966563,0.046540888690461156,0.020397443805643973,0.0,0.0,0.0,500.0,0.0,0.0,0.0,0.0,0.0,0.0,0.0,0.0,0.0,0.0,0.0,0.0,0.0,0.0,1.0,0.0,0.0,0.0,0.0,0.0,0.0,0.0,0.0,0.0,0.0,0.0,0.0,0.0,0.0,1.0,0.0,0.0,28.332100000000004,0.5424088475446699,0.23772115872261151,0.0,0.0,0.0,0.0,0.0,0.0,0.0,0.0,0.0,0.0,0.0,0.0,0.0,0.0,0.0,,,,0.0,0.0,0.0,0.0,0.0,0.0
c032127a581c81deff904ceedf3c721876d4922b0494fee8497003f3aab3947b,60,current,Optimized Pattern Generator,dynamic_session,Dynamic Session Pattern Assignment,50,6,5,5,5.0,120,single_only,A1) Refined Cost + Greedy 1:1,True,100,20,0.9774999999999998,0.01019545822516344,0.004468356580032062,0.9774999999999998,0.01019545822516344,0.004468356580032062,100.0,0.0,0.0,100.0,0.0,0.0,0.0,0.0,0.0,0.0,0.0,0.0,0.9265203896236445,0.05398975059674829,0.023662051474827445,412.0450000000001,8.501793928342414,3.726075474275848,3.7990326916507913,0.23503773838325037,0.10300983061934083,2.9648006355040706,0.19241773007422505,0.08433078840634588,0.6845216185516619,0.04362121800338393,0.019117841708513206,0.0,0.0,0.0,0.1489211208448978,0.010695390868948721,0.004687461721664377,3.7982433749006304,0.23502667547692352,0.10300498208686802,2.9648006355040706,0.19241773007422505,0.08433078840634588,0.1489211208448978,0.010695390868948721,0.004687461721664377,0.0,0.0,0.0,100.0,0.0,0.0,0.0,0.0,0.0,0.0,0.0,0.0,0.0,0.0,0.0,0.0,0.0,0.0,1.0,0.0,0.0,0.0,0.0,0.0,0.0,0.0,0.0,0.0,0.0,0.0,0.0,0.0,0.0,1.0,0.0,0.0,6.529999999999999,0.3600584747831356,0.15780258419603704,0.0,0.0,0.0,0.0,0.0,0.0,0.0,0.0,0.0,0.0,0.0,0.0,0.0,0.0,0.0,,,,0.0,0.0,0.0,0.0,0.0,0.0
c032127a581c81deff904ceedf3c721876d4922b0494fee8497003f3aab3947b,60,current,Optimized Pattern Generator,dynamic_session,Dynamic Session Pattern Assignment,50,6,5,5,5.0,120,single_only,A1) Refined Cost + Greedy 1:1,True,300,20,0.9548333333333335,0.011054093470571923,0.004844670068247736,0.9548333333333335,0.011054093470571923,0.004844670068247736,300.0,0.0,0.0,300.0,0.0,0.0,0.0,0.0,0.0,0.0,0.0,0.0,0.8749476911985784,0.04216109226264867,0.018477913387764874,414.26000000000005,5.9019532895117734,2.586645076053857,29.929858277201127,1.1678047971752405,0.5118130185431017,24.17454196804465,0.9596093477198528,0.4205673397357814,5.393662441713241,0.20473218905585308,0.08972783801460028,0.0,0.0,0.0,0.36008054664198424,0.01562382772334536,0.006847444408196616,29.928284956399875,1.167780014557879,0.5118021570821537,24.17454196804465,0.9596093477198528,0.4205673397357814,0.36008054664198424,0.01562382772334536,0.006847444408196616,0.0,0.0,0.0,300.0,0.0,0.0,0.0,0.0,0.0,0.0,0.0,0.0,0.0,0.0,0.0,0.0,0.0,0.0,1.0,0.0,0.0,0.0,0.0,0.0,0.0,0.0,0.0,0.0,0.0,0.0,0.0,0.0,0.0,1.0,0.0,0.0,17.594666666666665,0.5950216468616225,0.2607797346914266,0.0,0.0,0.0,0.0,0.0,0.0,0.0,0.0,0.0,0.0,0.0,0.0,0.0,0.0,0.0,,,,0.0,0.0,0.0,0.0,0.0,0.0
c032127a581c81deff904ceedf3c721876d4922b0494fee8497003f3aab3947b,60,current,Optimized Pattern Generator,dynamic_session,Dynamic Session Pattern Assignment,50,6,5,5,5.0,120,single_only,A1) Refined Cost + Greedy 1:1,True,500,20,0.9305999999999999,0.01085987302436187,0.004759549204659916,0.9305999999999999,0.01085987302436187,0.004759549204659916,500.0,0.0,0.0,500.0,0.0,0.0,0.0,0.0,0.0,0.0,0.0,0.0,0.8872561129829558,0.03278891969430565,0.014370377655668813,411.41499999999996,5.101008672182806,2.235615620384072,88.92886701454844,7.297123423934172,3.1981053471600736,72.66262771255643,6.158649610582618,2.699147199057607,15.610606206096417,1.0750045824779606,0.4711415312187219,0.0,0.0,0.0,0.6524421417991106,0.08030469024512617,0.035195082274832604,88.92567606045195,7.2965218301222325,3.1978416870470388,72.66262771255643,6.158649610582618,2.699147199057607,0.6524421417991106,0.08030469024512617,0.035195082274832604,0.0,0.0,0.0,500.0,0.0,0.0,0.0,0.0,0.0,0.0,0.0,0.0,0.0,0.0,0.0,0.0,0.0,0.0,1.0,0.0,0.0,0.0,0.0,0.0,0.0,0.0,0.0,0.0,0.0,0.0,0.0,0.0,0.0,1.0,0.0,0.0,28.332100000000004,0.5424088475446699,0.23772115872261151,0.0,0.0,0.0,0.0,0.0,0.0,0.0,0.0,0.0,0.0,0.0,0.0,0.0,0.0,0.0,,,,0.0,0.0,0.0,0.0,0.0,0.0
c032127a581c81deff904ceedf3c721876d4922b0494fee8497003f3aab3947b,60,current,Optimized Pattern Generator,dynamic_session,Dynamic Session Pattern Assignment,50,6,5,5,5.0,120,nomura_original_interval_hungarian,A2) Corr+DTW + Hungarian,False,100,20,0.9924999999999999,0.01069923755276639,0.004689147605179212,0.9924999999999999,0.01069923755276639,0.004689147605179212,100.0,0.0,0.0,100.0,0.0,0.0,0.0,0.0,0.0,0.0,0.0,0.0,0.1201885203478495,0.007355250042193497,0.0032235804608271596,412.0450000000001,8.501793928342414,3.726075474275848,4.88898493960005,0.2823169527104725,0.12373085990239716,2.9859017517948816,0.18426814800429,0.08075907658501458,1.7527853469619004,0.09992086501451089,0.04379224992243326,0.0,0.0,0.0,0.14951619299099547,0.009241413269469824,0.004050227942625809,4.888203291747777,0.2823088619277397,0.12372731396052153,2.9859017517948816,0.18426814800429,0.08075907658501458,0.14951619299099547,0.009241413269469824,0.004050227942625809,0.0,0.0,0.0,100.0,0.0,0.0,0.0,0.0,0.0,0.0,0.0,0.0,0.0,0.0,0.0,0.0,0.0,0.0,1.0,0.0,0.0,0.0,0.0,0.0,0.0,0.0,0.0,0.0,0.0,0.0,0.0,0.0,0.0,1.0,0.0,0.0,6.529999999999999,0.3600584747831356,0.15780258419603704,0.0,0.0,0.0,0.0,0.0,0.0,0.0,0.0,0.0,0.0,0.0,0.0,0.0,0.0,0.0,,,,0.0,0.0,0.0,0.0,0.0,0.0
c032127a581c81deff904ceedf3c721876d4922b0494fee8497003f3aab3947b,60,current,Optimized Pattern Generator,dynamic_session,Dynamic Session Pattern Assignment,50,6,5,5,5.0,120,nomura_original_interval_hungarian,A2) Corr+DTW + Hungarian,False,300,20,0.9696666666666666,0.010590738533740629,0.004641595813500617,0.9696666666666666,0.010590738533740629,0.004641595813500617,300.0,0.0,0.0,300.0,0.0,0.0,0.0,0.0,0.0,0.0,0.0,0.0,0.1163405975132559,0.004302159676200823,0.0018855046112645306,414.26000000000005,5.9019532895117734,2.586645076053857,38.281675308449486,1.4287573217540035,0.6261805049793282,24.157290933976764,0.89628316493238,0.39281341643998163,13.744430926626228,0.5379169106255216,0.23575248056744763,0.0,0.0,0.0,0.37831953734566925,0.02116718537219959,0.009276928015377182,38.280041397948665,1.4287306009319187,0.6261687940627073,24.157290933976764,0.89628316493238,0.39281341643998163,0.37831953734566925,0.02116718537219959,0.009276928015377182,0.0,0.0,0.0,300.0,0.0,0.0,0.0,0.0,0.0,0.0,0.0,0.0,0.0,0.0,0.0,0.0,0.0,0.0,1.0,0.0,0.0,0.0,0.0,0.0,0.0,0.0,0.0,0.0,0.0,0.0,0.0,0.0,0.0,1.0,0.0,0.0,17.594666666666665,0.5950216468616225,0.2607797346914266,0.0,0.0,0.0,0.0,0.0,0.0,0.0,0.0,0.0,0.0,0.0,0.0,0.0,0.0,0.0,,,,0.0,0.0,0.0,0.0,0.0,0.0
c032127a581c81deff904ceedf3c721876d4922b0494fee8497003f3aab3947b,60,current,Optimized Pattern Generator,dynamic_session,Dynamic Session Pattern Assignment,50,6,5,5,5.0,120,nomura_original_interval_hungarian,A2) Corr+DTW + Hungarian,False,500,20,0.9383000000000001,0.016160706081499984,0.007082741723075131,0.9383000000000001,0.016160706081499984,0.007082741723075131,500.0,0.0,0.0,500.0,0.0,0.0,0.0,0.0,0.0,0.0,0.0,0.0,0.11392691920060871,0.004299392919372704,0.001884292026620933,411.41499999999996,5.101008672182806,2.235615620384072,114.89363667685029,10.702725597437942,4.690676308158063,73.9563502715835,7.606695543947135,3.333781310800464,40.29742865674052,3.0919376690113425,1.3551014307799147,0.0,0.0,0.0,0.6364163174781424,0.03622414301062303,0.015875930654891686,114.89019524580218,10.70164386493386,4.6902022179851945,73.9563502715835,7.606695543947135,3.333781310800464,0.6364163174781424,0.03622414301062303,0.015875930654891686,0.0,0.0,0.0,500.0,0.0,0.0,0.0,0.0,0.0,0.0,0.0,0.0,0.0,0.0,0.0,0.0,0.0,0.0,1.0,0.0,0.0,0.0,0.0,0.0,0.0,0.0,0.0,0.0,0.0,0.0,0.0,0.0,0.0,1.0,0.0,0.0,28.332100000000004,0.5424088475446699,0.23772115872261151,0.0,0.0,0.0,0.0,0.0,0.0,0.0,0.0,0.0,0.0,0.0,0.0,0.0,0.0,0.0,,,,0.0,0.0,0.0,0.0,0.0,0.0
c032127a581c81deff904ceedf3c721876d4922b0494fee8497003f3aab3947b,60,current,Optimized Pattern Generator,dynamic_session,Dynamic Session Pattern Assignment,50,6,5,5,5.0,120,bayesian_windowed,A3) Two-Stage Bayesian Posterior + Hungarian,False,100,20,0.9854999999999998,0.01190974832912762,0.005219677344333404,0.9854999999999998,0.01190974832912762,0.005219677344333404,100.0,0.0,0.0,100.0,0.0,0.0,0.0,0.0,0.0,0.0,0.0,0.0,0.1451529561034039,0.014848748642349328,0.0065077510236397585,412.0450000000001,8.501793928342414,3.726075474275848,3.7483131772009073,0.21628569254110924,0.09479138417217772,2.975407511951198,0.1792537512625103,0.0785614203167831,0.6222783938850626,0.03594423218844217,0.01575325432818897,0.0,0.0,0.0,0.14984395466453862,0.007782542391183682,0.0034108495895942524,3.747529860500799,0.2162784266227003,0.09478819974303139,2.975407511951198,0.1792537512625103,0.0785614203167831,0.14984395466453862,0.007782542391183682,0.0034108495895942524,0.0,0.0,0.0,100.0,0.0,0.0,0.0,0.0,0.0,0.0,0.0,0.0,0.0,0.0,0.0,0.0,0.0,0.0,1.0,0.0,0.0,0.0,0.0,0.0,0.0,0.0,0.0,0.0,0.0,0.0,0.0,0.0,0.0,1.0,0.0,0.0,6.529999999999999,0.3600584747831356,0.15780258419603704,0.0,0.0,0.0,0.0,0.0,0.0,0.0,0.0,0.0,0.0,0.0,0.0,0.0,0.0,0.0,,,,0.0,0.0,0.0,0.0,0.0,0.0
c032127a581c81deff904ceedf3c721876d4922b0494fee8497003f3aab3947b,60,current,Optimized Pattern Generator,dynamic_session,Dynamic Session Pattern Assignment,50,6,5,5,5.0,120,bayesian_windowed,A3) Two-Stage Bayesian Posterior + Hungarian,False,300,20,0.97,0.009428090415820638,0.004132042809286684,0.97,0.009428090415820638,0.004132042809286684,300.0,0.0,0.0,300.0,0.0,0.0,0.0,0.0,0.0,0.0,0.0,0.0,0.35892093983643536,0.028389239812269304,0.012442132929756395,414.26000000000005,5.9019532895117734,2.586645076053857,29.18204147290089,1.1678897222151465,0.5118502385828971,24.089696682297653,0.9796049193209337,0.42933078537618174,4.719751329404244,0.18328310101103673,0.08032736070557715,0.0,0.0,0.0,0.3710122883989243,0.0140933802682428,0.006176696237258843,29.180460300100822,1.1678627480196537,0.5118384166204841,24.089696682297653,0.9796049193209337,0.42933078537618174,0.3710122883989243,0.0140933802682428,0.006176696237258843,0.0,0.0,0.0,300.0,0.0,0.0,0.0,0.0,0.0,0.0,0.0,0.0,0.0,0.0,0.0,0.0,0.0,0.0,1.0,0.0,0.0,0.0,0.0,0.0,0.0,0.0,0.0,0.0,0.0,0.0,0.0,0.0,0.0,1.0,0.0,0.0,17.594666666666665,0.5950216468616225,0.2607797346914266,0.0,0.0,0.0,0.0,0.0,0.0,0.0,0.0,0.0,0.0,0.0,0.0,0.0,0.0,0.0,,,,0.0,0.0,0.0,0.0,0.0,0.0
c032127a581c81deff904ceedf3c721876d4922b0494fee8497003f3aab3947b,60,current,Optimized Pattern Generator,dynamic_session,Dynamic Session Pattern Assignment,50,6,5,5,5.0,120,bayesian_windowed,A3) Two-Stage Bayesian Posterior + Hungarian,False,500,20,0.9468,0.011057743178900738,0.004846269623448307,0.9468,0.011057743178900738,0.004846269623448307,500.0,0.0,0.0,500.0,0.0,0.0,0.0,0.0,0.0,0.0,0.0,0.0,0.5537625767635903,0.032663738358344324,0.014315514516230957,411.41499999999996,5.101008672182806,2.235615620384072,87.4683519665501,7.292997556199144,3.1962971058986214,73.09632087233767,6.235812403577569,2.732965284149816,13.721139660278277,1.011242472860285,0.4431965545659143,0.0,0.0,0.0,0.6477143256866839,0.0580324762548648,0.02543385411446994,87.46517485830263,7.292653726897916,3.1961464160633413,73.09632087233767,6.235812403577569,2.732965284149816,0.6477143256866839,0.0580324762548648,0.02543385411446994,0.0,0.0,0.0,500.0,0.0,0.0,0.0,0.0,0.0,0.0,0.0,0.0,0.0,0.0,0.0,0.0,0.0,0.0,1.0,0.0,0.0,0.0,0.0,0.0,0.0,0.0,0.0,0.0,0.0,0.0,0.0,0.0,0.0,1.0,0.0,0.0,28.332100000000004,0.5424088475446699,0.23772115872261151,0.0,0.0,0.0,0.0,0.0,0.0,0.0,0.0,0.0,0.0,0.0,0.0,0.0,0.0,0.0,,,,0.0,0.0,0.0,0.0,0.0,0.0
c032127a581c81deff904ceedf3c721876d4922b0494fee8497003f3aab3947b,60,current,Optimized Pattern Generator,dynamic_session,Dynamic Session Pattern Assignment,50,6,5,5,5.0,180,time_only_baseline,A0) Time Prior + Hungarian (Baseline),False,100,20,0.9369999999999999,0.023192557789991686,0.010164586614940685,0.9369999999999999,0.023192557789991686,0.010164586614940685,100.0,0.0,0.0,100.0,0.0,0.0,0.0,0.0,0.0,0.0,0.0,0.0,1.402400249565,0.20064196935444406,0.08793522019272944,408.565,12.182224971784004,5.33909549820448,2.816080301997863,0.21690804903337843,0.09506414393107637,2.6766030435239374,0.2137930758666663,0.09369894674830057,0.0033757721263100392,0.00018168127456486005,7.96253293125028e-05,0.0,0.0,0.0,0.13538569274896872,0.008981462405012009,0.003936299453093257,2.815364508399216,0.2169053843942795,0.09506297610150087,2.6766030435239374,0.2137930758666663,0.09369894674830057,0.13538569274896872,0.008981462405012009,0.003936299453093257,0.0,0.0,0.0,100.0,0.0,0.0,0.0,0.0,0.0,0.0,0.0,0.0,0.0,0.0,0.0,0.0,0.0,0.0,1.0,0.0,0.0,0.0,0.0,0.0,0.0,0.0,0.0,0.0,0.0,0.0,0.0,0.0,0.0,1.0,0.0,0.0,6.6754999999999995,0.43033004469641795,0.1886004576095358,0.0,0.0,0.0,0.0,0.0,0.0,0.0,0.0,0.0,0.0,0.0,0.0,0.0,0.0,0.0,,,,0.0,0.0,0.0,0.0,0.0,0.0
c032127a581c81deff904ceedf3c721876d4922b0494fee8497003f3aab3947b,60,current,Optimized Pattern Generator,dynamic_session,Dynamic Session Pattern Assignment,50,6,5,5,5.0,180,time_only_baseline,A0) Time Prior + Hungarian (Baseline),False,300,20,0.8308333333333333,0.023191927411839314,0.010164310339534239,0.8308333333333333,0.023191927411839314,0.010164310339534239,300.0,0.0,0.0,300.0,0.0,0.0,0.0,0.0,0.0,0.0,0.0,0.0,1.1795835942066668,0.064941351756014,0.028461802307125833,409.5750000000001,6.481461417401401,2.8406257112789275,21.821266231199843,1.3416077586288209,0.5879855248972939,21.47701174420945,1.327043738675617,0.5816025617236528,0.014329777356033446,0.000986666318302476,0.0004324255799314211,0.0,0.0,0.0,0.3284814616832591,0.016663950348384353,0.007303298247523069,21.81982298324874,1.3415687713409497,0.5879684379650101,21.47701174420945,1.327043738675617,0.5816025617236528,0.3284814616832591,0.016663950348384353,0.007303298247523069,0.0,0.0,0.0,300.0,0.0,0.0,0.0,0.0,0.0,0.0,0.0,0.0,0.0,0.0,0.0,0.0,0.0,0.0,1.0,0.0,0.0,0.0,0.0,0.0,0.0,0.0,0.0,0.0,0.0,0.0,0.0,0.0,0.0,1.0,0.0,0.0,17.763166666666663,0.4901252674345385,0.21480686943288282,0.0,0.0,0.0,0.0,0.0,0.0,0.0,0.0,0.0,0.0,0.0,0.0,0.0,0.0,0.0,,,,0.0,0.0,0.0,0.0,0.0,0.0
c032127a581c81deff904ceedf3c721876d4922b0494fee8497003f3aab3947b,60,current,Optimized Pattern Generator,dynamic_session,Dynamic Session Pattern Assignment,50,6,5,5,5.0,180,time_only_baseline,A0) Time Prior + Hungarian (Baseline),False,500,20,0.7423,0.018298978976405977,0.008019881138376324,0.7423,0.018298978976405977,0.008019881138376324,500.0,0.0,0.0,500.0,0.0,0.0,0.0,0.0,0.0,0.0,0.0,0.0,1.035710271239,0.049260362437360546,0.02158930572521822,411.03000000000003,4.980393136035906,2.18275353094253,47.68089606454887,4.291701778828817,1.8809212356571283,47.24440063436996,4.257550746034212,1.8659538856143387,0.023023701117926974,0.0023058453448263363,0.0010105812795800936,0.0,0.0,0.0,0.41128681656118715,0.03340220491123314,0.014639161752859347,47.678711152049075,4.291577534095164,1.8808667830017505,47.24440063436996,4.257550746034212,1.8659538856143387,0.41128681656118715,0.03340220491123314,0.014639161752859347,0.0,0.0,0.0,500.0,0.0,0.0,0.0,0.0,0.0,0.0,0.0,0.0,0.0,0.0,0.0,0.0,0.0,0.0,1.0,0.0,0.0,0.0,0.0,0.0,0.0,0.0,0.0,0.0,0.0,0.0,0.0,0.0,0.0,1.0,0.0,0.0,28.978199999999998,0.6264361688825212,0.27454775600842773,0.0,0.0,0.0,0.0,0.0,0.0,0.0,0.0,0.0,0.0,0.0,0.0,0.0,0.0,0.0,,,,0.0,0.0,0.0,0.0,0.0,0.0
c032127a581c81deff904ceedf3c721876d4922b0494fee8497003f3aab3947b,60,current,Optimized Pattern Generator,dynamic_session,Dynamic Session Pattern Assignment,50,6,5,5,5.0,180,single_only,A1) Refined Cost + Greedy 1:1,True,100,20,0.9755,0.015719582155957427,0.0068894106386082465,0.9755,0.015719582155957427,0.0068894106386082465,100.0,0.0,0.0,100.0,0.0,0.0,0.0,0.0,0.0,0.0,0.0,0.0,0.9237255123013322,0.05810302562482057,0.025464773739120154,408.565,12.182224971784004,5.33909549820448,3.437508162551967,0.2675347041360676,0.11725225381855409,2.6866714897507338,0.21601300382691974,0.09467187307385928,0.6179097991356685,0.04680867293407927,0.02051480542496253,0.0,0.0,0.0,0.1322006923648587,0.012155790321676985,0.005327510001982739,3.4367819812512606,0.2675273070434513,0.1172490118997766,2.6866714897507338,0.21601300382691974,0.09467187307385928,0.1322006923648587,0.012155790321676985,0.005327510001982739,0.0,0.0,0.0,100.0,0.0,0.0,0.0,0.0,0.0,0.0,0.0,0.0,0.0,0.0,0.0,0.0,0.0,0.0,1.0,0.0,0.0,0.0,0.0,0.0,0.0,0.0,0.0,0.0,0.0,0.0,0.0,0.0,0.0,1.0,0.0,0.0,6.6754999999999995,0.43033004469641795,0.1886004576095358,0.0,0.0,0.0,0.0,0.0,0.0,0.0,0.0,0.0,0.0,0.0,0.0,0.0,0.0,0.0,,,,0.0,0.0,0.0,0.0,0.0,0.0
c032127a581c81deff904ceedf3c721876d4922b0494fee8497003f3aab3947b,60,current,Optimized Pattern Generator,dynamic_session,Dynamic Session Pattern Assignment,50,6,5,5,5.0,180,single_only,A1) Refined Cost + Greedy 1:1,True,300,20,0.9541666666666666,0.011591234841301378,0.005080082653469518,0.9541666666666666,0.011591234841301378,0.005080082653469518,300.0,0.0,0.0,300.0,0.0,0.0,0.0,0.0,0.0,0.0,0.0,0.0,0.906416629543731,0.03592697521979993,0.015745691128214924,409.5750000000001,6.481461417401401,2.8406257112789275,26.80357796675016,1.6254787861736617,0.7123974881261579,21.661351054577246,1.3200620803046443,0.5785427150318704,4.822952517069643,0.2949830906353297,0.12928203960322143,0.0,0.0,0.0,0.31779928455507617,0.016207776530172423,0.007103371256775876,26.802102856201962,1.6254426654536451,0.7123816575226286,21.661351054577246,1.3200620803046443,0.5785427150318704,0.31779928455507617,0.016207776530172423,0.007103371256775876,0.0,0.0,0.0,300.0,0.0,0.0,0.0,0.0,0.0,0.0,0.0,0.0,0.0,0.0,0.0,0.0,0.0,0.0,1.0,0.0,0.0,0.0,0.0,0.0,0.0,0.0,0.0,0.0,0.0,0.0,0.0,0.0,0.0,1.0,0.0,0.0,17.763166666666663,0.4901252674345385,0.21480686943288282,0.0,0.0,0.0,0.0,0.0,0.0,0.0,0.0,0.0,0.0,0.0,0.0,0.0,0.0,0.0,,,,0.0,0.0,0.0,0.0,0.0,0.0
c032127a581c81deff904ceedf3c721876d4922b0494fee8497003f3aab3947b,60,current,Optimized Pattern Generator,dynamic_session,Dynamic Session Pattern Assignment,50,6,5,5,5.0,180,single_only,A1) Refined Cost + Greedy 1:1,True,500,20,0.9369999999999999,0.012026286997546978,0.00527075266771363,0.9369999999999999,0.012026286997546978,0.00527075266771363,500.0,0.0,0.0,500.0,0.0,0.0,0.0,0.0,0.0,0.0,0.0,0.0,0.8747249981384204,0.03023402436140156,0.013250645406273796,411.03000000000003,4.980393136035906,2.18275353094253,58.285537179200766,5.323971270703166,2.3333332876234496,47.58905988486149,4.341650771126356,1.9028123467253708,10.283654414707417,0.9506242518574535,0.4166294478497767,0.0,0.0,0.0,0.4106642920793092,0.03419095069818387,0.014984844835390672,58.283378591648216,5.323843713542023,2.3332773832327165,47.58905988486149,4.341650771126356,1.9028123467253708,0.4106642920793092,0.03419095069818387,0.014984844835390672,0.0,0.0,0.0,500.0,0.0,0.0,0.0,0.0,0.0,0.0,0.0,0.0,0.0,0.0,0.0,0.0,0.0,0.0,1.0,0.0,0.0,0.0,0.0,0.0,0.0,0.0,0.0,0.0,0.0,0.0,0.0,0.0,0.0,1.0,0.0,0.0,28.978199999999998,0.6264361688825212,0.27454775600842773,0.0,0.0,0.0,0.0,0.0,0.0,0.0,0.0,0.0,0.0,0.0,0.0,0.0,0.0,0.0,,,,0.0,0.0,0.0,0.0,0.0,0.0
c032127a581c81deff904ceedf3c721876d4922b0494fee8497003f3aab3947b,60,current,Optimized Pattern Generator,dynamic_session,Dynamic Session Pattern Assignment,50,6,5,5,5.0,180,nomura_original_interval_hungarian,A2) Corr+DTW + Hungarian,False,100,20,0.9909999999999999,0.00852241626226791,0.0037351136106162216,0.9909999999999999,0.00852241626226791,0.0037351136106162216,100.0,0.0,0.0,100.0,0.0,0.0,0.0,0.0,0.0,0.0,0.0,0.0,0.11835510209901963,0.008167127312900091,0.0035794013630978,408.565,12.182224971784004,5.33909549820448,4.41075787075024,0.3354132482859165,0.14700133744937952,2.688385121454485,0.2117598340376079,0.09280783922718433,1.5882449697070116,0.12107315687626632,0.05306265056906221,0.0,0.0,0.0,0.13340696718878461,0.010414705255392545,0.00456444582766968,4.410037058350281,0.3354002879335056,0.1469956573244949,2.688385121454485,0.2117598340376079,0.09280783922718433,0.13340696718878461,0.010414705255392545,0.00456444582766968,0.0,0.0,0.0,100.0,0.0,0.0,0.0,0.0,0.0,0.0,0.0,0.0,0.0,0.0,0.0,0.0,0.0,0.0,1.0,0.0,0.0,0.0,0.0,0.0,0.0,0.0,0.0,0.0,0.0,0.0,0.0,0.0,0.0,1.0,0.0,0.0,6.6754999999999995,0.43033004469641795,0.1886004576095358,0.0,0.0,0.0,0.0,0.0,0.0,0.0,0.0,0.0,0.0,0.0,0.0,0.0,0.0,0.0,,,,0.0,0.0,0.0,0.0,0.0,0.0
c032127a581c81deff904ceedf3c721876d4922b0494fee8497003f3aab3947b,60,current,Optimized Pattern Generator,dynamic_session,Dynamic Session Pattern Assignment,50,6,5,5,5.0,180,nomura_original_interval_hungarian,A2) Corr+DTW + Hungarian,False,300,20,0.9641666666666666,0.010753756313670171,0.004713041505643474,0.9641666666666666,0.010753756313670171,0.004713041505643474,300.0,0.0,0.0,300.0,0.0,0.0,0.0,0.0,0.0,0.0,0.0,0.0,0.11714984955144288,0.005322798536881265,0.002332819314364574,409.5750000000001,6.481461417401401,2.8406257112789275,34.26235531874845,2.0881102084651673,0.9151546486453166,21.623726213298504,1.3188042413351528,0.5779914427975261,12.306458886430482,0.7578687323743901,0.33215061670770346,0.0,0.0,0.0,0.3306779232698318,0.016769883604695234,0.007349725544112119,34.26086302299882,2.088069792790934,0.9151369356951081,21.623726213298504,1.3188042413351528,0.5779914427975261,0.3306779232698318,0.016769883604695234,0.007349725544112119,0.0,0.0,0.0,300.0,0.0,0.0,0.0,0.0,0.0,0.0,0.0,0.0,0.0,0.0,0.0,0.0,0.0,0.0,1.0,0.0,0.0,0.0,0.0,0.0,0.0,0.0,0.0,0.0,0.0,0.0,0.0,0.0,0.0,1.0,0.0,0.0,17.763166666666663,0.4901252674345385,0.21480686943288282,0.0,0.0,0.0,0.0,0.0,0.0,0.0,0.0,0.0,0.0,0.0,0.0,0.0,0.0,0.0,,,,0.0,0.0,0.0,0.0,0.0,0.0
c032127a581c81deff904ceedf3c721876d4922b0494fee8497003f3aab3947b,60,current,Optimized Pattern Generator,dynamic_session,Dynamic Session Pattern Assignment,50,6,5,5,5.0,180,nomura_original_interval_hungarian,A2) Corr+DTW + Hungarian,False,500,20,0.9309000000000001,0.0148320421279138,0.006500429070858554,0.9309000000000001,0.0148320421279138,0.006500429070858554,500.0,0.0,0.0,500.0,0.0,0.0,0.0,0.0,0.0,0.0,0.0,0.0,0.11371330579771015,0.003885504923481017,0.0017028976146194798,411.03000000000003,4.980393136035906,2.18275353094253,74.17793313530055,6.978161641162474,3.058314182373674,47.52227583787535,4.378579205968834,1.9189969468850199,26.241723356312285,2.5678594598287288,1.1254140285332137,0.0,0.0,0.0,0.4117765182112635,0.035255418960473045,0.01545136862068713,74.1757757123989,6.978043271300456,3.058262304494314,47.52227583787535,4.378579205968834,1.9189969468850199,0.4117765182112635,0.035255418960473045,0.01545136862068713,0.0,0.0,0.0,500.0,0.0,0.0,0.0,0.0,0.0,0.0,0.0,0.0,0.0,0.0,0.0,0.0,0.0,0.0,1.0,0.0,0.0,0.0,0.0,0.0,0.0,0.0,0.0,0.0,0.0,0.0,0.0,0.0,0.0,1.0,0.0,0.0,28.978199999999998,0.6264361688825212,0.27454775600842773,0.0,0.0,0.0,0.0,0.0,0.0,0.0,0.0,0.0,0.0,0.0,0.0,0.0,0.0,0.0,,,,0.0,0.0,0.0,0.0,0.0,0.0
c032127a581c81deff904ceedf3c721876d4922b0494fee8497003f3aab3947b,60,current,Optimized Pattern Generator,dynamic_session,Dynamic Session Pattern Assignment,50,6,5,5,5.0,180,bayesian_windowed,A3) Two-Stage Bayesian Posterior + Hungarian,False,100,20,0.9834999999999997,0.014244112357114628,0.006242757487892001,0.9834999999999997,0.014244112357114628,0.006242757487892001,100.0,0.0,0.0,100.0,0.0,0.0,0.0,0.0,0.0,0.0,0.0,0.0,0.1480777299151212,0.016721201010170383,0.007328389456339109,408.565,12.182224971784004,5.33909549820448,3.375993631101301,0.2546359502159656,0.11159912566283764,2.681658702772984,0.21257360800803582,0.0931644913947589,0.559737127268454,0.04151176838937765,0.018193334653035576,0.0,0.0,0.0,0.133876003309706,0.0064284909762911645,0.002817410391883282,3.375271833351144,0.25462911694577434,0.11159613085013302,2.681658702772984,0.21257360800803582,0.0931644913947589,0.133876003309706,0.0064284909762911645,0.002817410391883282,0.0,0.0,0.0,100.0,0.0,0.0,0.0,0.0,0.0,0.0,0.0,0.0,0.0,0.0,0.0,0.0,0.0,0.0,1.0,0.0,0.0,0.0,0.0,0.0,0.0,0.0,0.0,0.0,0.0,0.0,0.0,0.0,0.0,1.0,0.0,0.0,6.6754999999999995,0.43033004469641795,0.1886004576095358,0.0,0.0,0.0,0.0,0.0,0.0,0.0,0.0,0.0,0.0,0.0,0.0,0.0,0.0,0.0,,,,0.0,0.0,0.0,0.0,0.0,0.0
c032127a581c81deff904ceedf3c721876d4922b0494fee8497003f3aab3947b,60,current,Optimized Pattern Generator,dynamic_session,Dynamic Session Pattern Assignment,50,6,5,5,5.0,180,bayesian_windowed,A3) Two-Stage Bayesian Posterior + Hungarian,False,300,20,0.9655000000000001,0.010332201409424441,0.004528286922903669,0.9655000000000001,0.010332201409424441,0.004528286922903669,300.0,0.0,0.0,300.0,0.0,0.0,0.0,0.0,0.0,0.0,0.0,0.0,0.36238769332934523,0.032521131701659524,0.014253014393266284,409.5750000000001,6.481461417401401,2.8406257112789275,26.22336232089874,1.5787230528119691,0.6919058844917765,21.663822602990695,1.3104309401583731,0.574321681754564,4.231220496354945,0.2555639760245531,0.11200585090624132,0.0,0.0,0.0,0.3268523465048929,0.015949565620675316,0.006990205336127032,26.22189544585053,1.578669173122334,0.6918822706766448,21.663822602990695,1.3104309401583731,0.574321681754564,0.3268523465048929,0.015949565620675316,0.006990205336127032,0.0,0.0,0.0,300.0,0.0,0.0,0.0,0.0,0.0,0.0,0.0,0.0,0.0,0.0,0.0,0.0,0.0,0.0,1.0,0.0,0.0,0.0,0.0,0.0,0.0,0.0,0.0,0.0,0.0,0.0,0.0,0.0,0.0,1.0,0.0,0.0,17.763166666666663,0.4901252674345385,0.21480686943288282,0.0,0.0,0.0,0.0,0.0,0.0,0.0,0.0,0.0,0.0,0.0,0.0,0.0,0.0,0.0,,,,0.0,0.0,0.0,0.0,0.0,0.0
c032127a581c81deff904ceedf3c721876d4922b0494fee8497003f3aab3947b,60,current,Optimized Pattern Generator,dynamic_session,Dynamic Session Pattern Assignment,50,6,5,5,5.0,180,bayesian_windowed,A3) Two-Stage Bayesian Posterior + Hungarian,False,500,20,0.9515000000000002,0.009242351033778089,0.004050638935954879,0.9515000000000002,0.009242351033778089,0.004050638935954879,500.0,0.0,0.0,500.0,0.0,0.0,0.0,0.0,0.0,0.0,0.0,0.0,0.5640874934980651,0.04445078276814675,0.01948141449683987,411.03000000000003,4.980393136035906,2.18275353094253,56.63717987095006,5.016303511612519,2.1984919469563535,47.301966361769885,4.194718030929931,1.8384162340662642,8.92154514349968,0.7884609996766707,0.3455582690053572,0.0,0.0,0.0,0.411472609329212,0.035653015148026095,0.01562562283286795,56.63498411459877,5.016193866570571,2.198443892897984,47.301966361769885,4.194718030929931,1.8384162340662642,0.411472609329212,0.035653015148026095,0.01562562283286795,0.0,0.0,0.0,500.0,0.0,0.0,0.0,0.0,0.0,0.0,0.0,0.0,0.0,0.0,0.0,0.0,0.0,0.0,1.0,0.0,0.0,0.0,0.0,0.0,0.0,0.0,0.0,0.0,0.0,0.0,0.0,0.0,0.0,1.0,0.0,0.0,28.978199999999998,0.6264361688825212,0.27454775600842773,0.0,0.0,0.0,0.0,0.0,0.0,0.0,0.0,0.0,0.0,0.0,0.0,0.0,0.0,0.0,,,,0.0,0.0,0.0,0.0,0.0,0.0
c032127a581c81deff904ceedf3c721876d4922b0494fee8497003f3aab3947b,60,current,Optimized Pattern Generator,dynamic_session,Dynamic Session Pattern Assignment,50,6,5,5,10.0,60,time_only_baseline,A0) Time Prior + Hungarian (Baseline),False,100,20,0.9225,0.03209771265829913,0.014067442815537618,0.9225,0.03209771265829913,0.014067442815537618,100.0,0.0,0.0,100.0,0.0,0.0,0.0,0.0,0.0,0.0,0.0,0.0,1.413700252985,0.20456503591047484,0.08965457991863943,416.88500000000005,12.06147739052331,5.286175537440232,1.8405308917986987,0.09373309627596545,0.041080340702859854,1.7411713367509947,0.09289987522721964,0.04071516547742512,0.0022835580035462043,3.22912485378762e-05,1.4152263654570247e-05,0.0,0.0,0.0,0.09659732384316158,0.004899531319433125,0.002147314277275774,1.8400522185977024,0.09374503285649433,0.041085572139934225,1.7411713367509947,0.09289987522721964,0.04071516547742512,0.09659732384316158,0.004899531319433125,0.002147314277275774,0.0,0.0,0.0,100.0,0.0,0.0,0.0,0.0,0.0,0.0,0.0,0.0,0.0,0.0,0.0,0.0,0.0,0.0,1.0,0.0,0.0,0.0,0.0,0.0,0.0,0.0,0.0,0.0,0.0,0.0,0.0,0.0,0.0,1.0,0.0,0.0,6.2700000000000005,0.33053385844561733,0.1448628505645399,0.0,0.0,0.0,0.0,0.0,0.0,0.0,0.0,0.0,0.0,0.0,0.0,0.0,0.0,0.0,,,,0.0,0.0,0.0,0.0,0.0,0.0
c032127a581c81deff904ceedf3c721876d4922b0494fee8497003f3aab3947b,60,current,Optimized Pattern Generator,dynamic_session,Dynamic Session Pattern Assignment,50,6,5,5,10.0,60,time_only_baseline,A0) Time Prior + Hungarian (Baseline),False,300,20,0.8258333333333333,0.0241553209906998,0.010586536191692334,0.8258333333333333,0.0241553209906998,0.010586536191692334,300.0,0.0,0.0,300.0,0.0,0.0,0.0,0.0,0.0,0.0,0.0,0.0,1.1908169241233333,0.08593547900326931,0.03766288425514194,417.3300000000001,6.386012675741947,2.7987934558343253,14.681682947949593,0.4114851808677202,0.18034133188618756,14.434110887040879,0.41112920299028516,0.18018531770263113,0.009557971855974757,0.00014149077914604188,6.201106807055202e-05,0.0,0.0,0.0,0.23691464305156842,0.0032782883351958054,0.0014367732111991176,14.680583501948423,0.4114861143063482,0.18034174098370367,14.434110887040879,0.41112920299028516,0.18018531770263113,0.23691464305156842,0.0032782883351958054,0.0014367732111991176,0.0,0.0,0.0,300.0,0.0,0.0,0.0,0.0,0.0,0.0,0.0,0.0,0.0,0.0,0.0,0.0,0.0,0.0,1.0,0.0,0.0,0.0,0.0,0.0,0.0,0.0,0.0,0.0,0.0,0.0,0.0,0.0,0.0,1.0,0.0,0.0,16.856333333333332,0.4464871333352375,0.19568161391845426,0.0,0.0,0.0,0.0,0.0,0.0,0.0,0.0,0.0,0.0,0.0,0.0,0.0,0.0,0.0,,,,0.0,0.0,0.0,0.0,0.0,0.0
c032127a581c81deff904ceedf3c721876d4922b0494fee8497003f3aab3947b,60,current,Optimized Pattern Generator,dynamic_session,Dynamic Session Pattern Assignment,50,6,5,5,10.0,60,time_only_baseline,A0) Time Prior + Hungarian (Baseline),False,500,20,0.7334999999999999,0.011713689696922559,0.0051337508602129186,0.7334999999999999,0.011713689696922559,0.0051337508602129186,500.0,0.0,0.0,500.0,0.0,0.0,0.0,0.0,0.0,0.0,0.0,0.0,1.0480702755140001,0.05374008751361945,0.023552631804259185,416.4750000000001,5.452558549602391,2.389689147368886,40.82566193540261,0.7645507609227146,0.33507914483978635,40.42693644493411,0.7650404732861765,0.33529377074607447,0.020146956869575662,0.0001838651701588447,8.058246375726953e-05,0.0,0.0,0.0,0.37656432114599736,0.004387150017568242,0.001922753270687309,40.82364772294968,0.7645373609009225,0.3350732720212995,40.42693644493411,0.7650404732861765,0.33529377074607447,0.37656432114599736,0.004387150017568242,0.001922753270687309,0.0,0.0,0.0,500.0,0.0,0.0,0.0,0.0,0.0,0.0,0.0,0.0,0.0,0.0,0.0,0.0,0.0,0.0,1.0,0.0,0.0,0.0,0.0,0.0,0.0,0.0,0.0,0.0,0.0,0.0,0.0,0.0,0.0,1.0,0.0,0.0,27.4945,0.47990607633709226,0.21032811146296854,0.0,0.0,0.0,0.0,0.0,0.0,0.0,0.0,0.0,0.0,0.0,0.0,0.0,0.0,0.0,,,,0.0,0.0,0.0,0.0,0.0,0.0
c032127a581c81deff904ceedf3c721876d4922b0494fee8497003f3aab3947b,60,current,Optimized Pattern Generator,dynamic_session,Dynamic Session Pattern Assignment,50,6,5,5,10.0,60,single_only,A1) Refined Cost + Greedy 1:1,True,100,20,0.9824999999999999,0.009665456669582618,0.004236073156766029,0.9824999999999999,0.009665456669582618,0.004236073156766029,100.0,0.0,0.0,100.0,0.0,0.0,0.0,0.0,0.0,0.0,0.0,0.0,0.9494681893764702,0.06716280804975593,0.029435398454368766,416.88500000000005,12.06147739052331,5.286175537440232,2.2551757000510406,0.11927350377141838,0.052273917820103925,1.7521919550665188,0.09716613136215861,0.042584934667946335,0.40721840200203585,0.021944862917136373,0.009617760226967727,0.0,0.0,0.0,0.09528194083322887,0.006181165694219907,0.0027090153078032165,2.2546922979017836,0.11924308475674164,0.052260586099117275,1.7521919550665188,0.09716613136215861,0.042584934667946335,0.09528194083322887,0.006181165694219907,0.0027090153078032165,0.0,0.0,0.0,100.0,0.0,0.0,0.0,0.0,0.0,0.0,0.0,0.0,0.0,0.0,0.0,0.0,0.0,0.0,1.0,0.0,0.0,0.0,0.0,0.0,0.0,0.0,0.0,0.0,0.0,0.0,0.0,0.0,0.0,1.0,0.0,0.0,6.2700000000000005,0.33053385844561733,0.1448628505645399,0.0,0.0,0.0,0.0,0.0,0.0,0.0,0.0,0.0,0.0,0.0,0.0,0.0,0.0,0.0,,,,0.0,0.0,0.0,0.0,0.0,0.0
c032127a581c81deff904ceedf3c721876d4922b0494fee8497003f3aab3947b,60,current,Optimized Pattern Generator,dynamic_session,Dynamic Session Pattern Assignment,50,6,5,5,10.0,60,single_only,A1) Refined Cost + Greedy 1:1,True,300,20,0.9596666666666666,0.013372748758453708,0.005860865552905967,0.9596666666666666,0.013372748758453708,0.005860865552905967,300.0,0.0,0.0,300.0,0.0,0.0,0.0,0.0,0.0,0.0,0.0,0.0,0.9093066400908694,0.04490844324747534,0.019681993045549066,417.3300000000001,6.386012675741947,2.7987934558343253,18.06393835825147,0.4979674468020223,0.2182438560797411,14.549961742893355,0.4139065181804266,0.18140252975241056,3.287942492039292,0.08397001527531929,0.03680148179655269,0.0,0.0,0.0,0.22486423191803623,0.007415070809513636,0.003249798068057189,18.062768466850684,0.49797210658642854,0.2182458983203009,14.549961742893355,0.4139065181804266,0.18140252975241056,0.22486423191803623,0.007415070809513636,0.003249798068057189,0.0,0.0,0.0,300.0,0.0,0.0,0.0,0.0,0.0,0.0,0.0,0.0,0.0,0.0,0.0,0.0,0.0,0.0,1.0,0.0,0.0,0.0,0.0,0.0,0.0,0.0,0.0,0.0,0.0,0.0,0.0,0.0,0.0,1.0,0.0,0.0,16.856333333333332,0.4464871333352375,0.19568161391845426,0.0,0.0,0.0,0.0,0.0,0.0,0.0,0.0,0.0,0.0,0.0,0.0,0.0,0.0,0.0,,,,0.0,0.0,0.0,0.0,0.0,0.0
c032127a581c81deff904ceedf3c721876d4922b0494fee8497003f3aab3947b,60,current,Optimized Pattern Generator,dynamic_session,Dynamic Session Pattern Assignment,50,6,5,5,10.0,60,single_only,A1) Refined Cost + Greedy 1:1,True,500,20,0.9341000000000002,0.011813907950065925,0.005177673446229429,0.9341000000000002,0.011813907950065925,0.005177673446229429,500.0,0.0,0.0,500.0,0.0,0.0,0.0,0.0,0.0,0.0,0.0,0.0,0.889764653658599,0.04122101966594009,0.018065908406679952,416.4750000000001,5.452558549602391,2.389689147368886,49.88743738129779,0.8891224421270388,0.3896750912996696,40.63274273111383,0.7372273494468454,0.3231041317740871,8.876208229681652,0.15318511358695622,0.0671363361158063,0.0,0.0,0.0,0.37649906415390433,0.003889789442019764,0.001704775387661365,49.885450024949385,0.8891047746432035,0.3896673481834795,40.63274273111383,0.7372273494468454,0.3231041317740871,0.37649906415390433,0.003889789442019764,0.001704775387661365,0.0,0.0,0.0,500.0,0.0,0.0,0.0,0.0,0.0,0.0,0.0,0.0,0.0,0.0,0.0,0.0,0.0,0.0,1.0,0.0,0.0,0.0,0.0,0.0,0.0,0.0,0.0,0.0,0.0,0.0,0.0,0.0,0.0,1.0,0.0,0.0,27.4945,0.47990607633709226,0.21032811146296854,0.0,0.0,0.0,0.0,0.0,0.0,0.0,0.0,0.0,0.0,0.0,0.0,0.0,0.0,0.0,,,,0.0,0.0,0.0,0.0,0.0,0.0
c032127a581c81deff904ceedf3c721876d4922b0494fee8497003f3aab3947b,60,current,Optimized Pattern Generator,dynamic_session,Dynamic Session Pattern Assignment,50,6,5,5,10.0,60,nomura_original_interval_hungarian,A2) Corr+DTW + Hungarian,False,100,20,0.9919999999999998,0.009514531821875097,0.004169927425848336,0.9919999999999998,0.009514531821875097,0.004169927425848336,100.0,0.0,0.0,100.0,0.0,0.0,0.0,0.0,0.0,0.0,0.0,0.0,0.12030976085645384,0.007884428106974069,0.0034555029733371843,416.88500000000005,12.06147739052331,5.286175537440232,2.890019245748408,0.15233923652095888,0.0667656141462514,1.7502724249236052,0.09465505473629197,0.0414844068136452,1.0433954526874003,0.056563899543679824,0.024790221992618933,0.0,0.0,0.0,0.09586134743803995,0.006342569641930471,0.0027797537067910743,2.8895292250490456,0.1523046735707283,0.06675046626543256,1.7502724249236052,0.09465505473629197,0.0414844068136452,0.09586134743803995,0.006342569641930471,0.0027797537067910743,0.0,0.0,0.0,100.0,0.0,0.0,0.0,0.0,0.0,0.0,0.0,0.0,0.0,0.0,0.0,0.0,0.0,0.0,1.0,0.0,0.0,0.0,0.0,0.0,0.0,0.0,0.0,0.0,0.0,0.0,0.0,0.0,0.0,1.0,0.0,0.0,6.2700000000000005,0.33053385844561733,0.1448628505645399,0.0,0.0,0.0,0.0,0.0,0.0,0.0,0.0,0.0,0.0,0.0,0.0,0.0,0.0,0.0,,,,0.0,0.0,0.0,0.0,0.0,0.0
c032127a581c81deff904ceedf3c721876d4922b0494fee8497003f3aab3947b,60,current,Optimized Pattern Generator,dynamic_session,Dynamic Session Pattern Assignment,50,6,5,5,10.0,60,nomura_original_interval_hungarian,A2) Corr+DTW + Hungarian,False,300,20,0.9661666666666665,0.011253329591751272,0.0049319891483116975,0.9661666666666665,0.011253329591751272,0.0049319891483116975,300.0,0.0,0.0,300.0,0.0,0.0,0.0,0.0,0.0,0.0,0.0,0.0,0.11596394792237592,0.004315509175879698,0.0018913552874590556,417.3300000000001,6.386012675741947,2.7987934558343253,23.032015770750878,0.6274465248179264,0.2749905640208229,14.490720359024271,0.4081212287500374,0.17886701486698173,8.302322045509936,0.2213038385809736,0.09699068364274473,0.0,0.0,0.0,0.2378180246152624,0.00314194284109393,0.00137701716372455,23.03086042914947,0.6274373419172209,0.2749865394371421,14.490720359024271,0.4081212287500374,0.17886701486698173,0.2378180246152624,0.00314194284109393,0.00137701716372455,0.0,0.0,0.0,300.0,0.0,0.0,0.0,0.0,0.0,0.0,0.0,0.0,0.0,0.0,0.0,0.0,0.0,0.0,1.0,0.0,0.0,0.0,0.0,0.0,0.0,0.0,0.0,0.0,0.0,0.0,0.0,0.0,0.0,1.0,0.0,0.0,16.856333333333332,0.4464871333352375,0.19568161391845426,0.0,0.0,0.0,0.0,0.0,0.0,0.0,0.0,0.0,0.0,0.0,0.0,0.0,0.0,0.0,,,,0.0,0.0,0.0,0.0,0.0,0.0
c032127a581c81deff904ceedf3c721876d4922b0494fee8497003f3aab3947b,60,current,Optimized Pattern Generator,dynamic_session,Dynamic Session Pattern Assignment,50,6,5,5,10.0,60,nomura_original_interval_hungarian,A2) Corr+DTW + Hungarian,False,500,20,0.9366,0.008923062962434943,0.0039107047688969766,0.9366,0.008923062962434943,0.0039107047688969766,500.0,0.0,0.0,500.0,0.0,0.0,0.0,0.0,0.0,0.0,0.0,0.0,0.1160884505990482,0.004930172399940267,0.0021607433229037043,416.4750000000001,5.452558549602391,2.389689147368886,63.503858981200025,1.186238114643422,0.5198917761214005,40.58228660609966,0.7746948090332506,0.33952496994365505,22.54133973079079,0.4139656677531145,0.1814284531956231,0.0,0.0,0.0,0.3782353213609895,0.0038698746395750007,0.001696047340664471,63.501861658251435,1.1862141514154592,0.5198812737736902,40.58228660609966,0.7746948090332506,0.33952496994365505,0.3782353213609895,0.0038698746395750007,0.001696047340664471,0.0,0.0,0.0,500.0,0.0,0.0,0.0,0.0,0.0,0.0,0.0,0.0,0.0,0.0,0.0,0.0,0.0,0.0,1.0,0.0,0.0,0.0,0.0,0.0,0.0,0.0,0.0,0.0,0.0,0.0,0.0,0.0,0.0,1.0,0.0,0.0,27.4945,0.47990607633709226,0.21032811146296854,0.0,0.0,0.0,0.0,0.0,0.0,0.0,0.0,0.0,0.0,0.0,0.0,0.0,0.0,0.0,,,,0.0,0.0,0.0,0.0,0.0,0.0
c032127a581c81deff904ceedf3c721876d4922b0494fee8497003f3aab3947b,60,current,Optimized Pattern Generator,dynamic_session,Dynamic Session Pattern Assignment,50,6,5,5,10.0,60,bayesian_windowed,A3) Two-Stage Bayesian Posterior + Hungarian,False,100,20,0.9879999999999999,0.007677718959499152,0.003364908695093495,0.9879999999999999,0.007677718959499152,0.003364908695093495,100.0,0.0,0.0,100.0,0.0,0.0,0.0,0.0,0.0,0.0,0.0,0.0,0.13457993853525646,0.01847874692215726,0.008098667914363894,416.88500000000005,12.06147739052331,5.286175537440232,2.2226476542971794,0.114841213468914,0.050331380947271,1.7552702627508552,0.09759675312805983,0.042773662978010975,0.3708914200768049,0.018848659217520332,0.008260789125840278,0.0,0.0,0.0,0.09597511917090742,0.005574268079422964,0.002443030700677801,2.2221368019985674,0.11483332109313896,0.050327921961078555,1.7552702627508552,0.09759675312805983,0.042773662978010975,0.09597511917090742,0.005574268079422964,0.002443030700677801,0.0,0.0,0.0,100.0,0.0,0.0,0.0,0.0,0.0,0.0,0.0,0.0,0.0,0.0,0.0,0.0,0.0,0.0,1.0,0.0,0.0,0.0,0.0,0.0,0.0,0.0,0.0,0.0,0.0,0.0,0.0,0.0,0.0,1.0,0.0,0.0,6.2700000000000005,0.33053385844561733,0.1448628505645399,0.0,0.0,0.0,0.0,0.0,0.0,0.0,0.0,0.0,0.0,0.0,0.0,0.0,0.0,0.0,,,,0.0,0.0,0.0,0.0,0.0,0.0
c032127a581c81deff904ceedf3c721876d4922b0494fee8497003f3aab3947b,60,current,Optimized Pattern Generator,dynamic_session,Dynamic Session Pattern Assignment,50,6,5,5,10.0,60,bayesian_windowed,A3) Two-Stage Bayesian Posterior + Hungarian,False,300,20,0.9696666666666669,0.012182817926554559,0.00533935537209069,0.9696666666666669,0.012182817926554559,0.00533935537209069,300.0,0.0,0.0,300.0,0.0,0.0,0.0,0.0,0.0,0.0,0.0,0.0,0.34890948288616197,0.025643984207319812,0.01123897161269364,417.3300000000001,6.386012675741947,2.7987934558343253,17.632814785451774,0.47668269403525626,0.20891540188187102,14.514136711898027,0.4040555542341871,0.17708515444698308,2.8810381214367227,0.07255714563938782,0.031799571140992626,0.0,0.0,0.0,0.2364849667166709,0.0027131918853265384,0.0011891087723518267,17.63165980005142,0.4766789634797098,0.20891376689381505,14.514136711898027,0.4040555542341871,0.17708515444698308,0.2364849667166709,0.0027131918853265384,0.0011891087723518267,0.0,0.0,0.0,300.0,0.0,0.0,0.0,0.0,0.0,0.0,0.0,0.0,0.0,0.0,0.0,0.0,0.0,0.0,1.0,0.0,0.0,0.0,0.0,0.0,0.0,0.0,0.0,0.0,0.0,0.0,0.0,0.0,0.0,1.0,0.0,0.0,16.856333333333332,0.4464871333352375,0.19568161391845426,0.0,0.0,0.0,0.0,0.0,0.0,0.0,0.0,0.0,0.0,0.0,0.0,0.0,0.0,0.0,,,,0.0,0.0,0.0,0.0,0.0,0.0
c032127a581c81deff904ceedf3c721876d4922b0494fee8497003f3aab3947b,60,current,Optimized Pattern Generator,dynamic_session,Dynamic Session Pattern Assignment,50,6,5,5,10.0,60,bayesian_windowed,A3) Two-Stage Bayesian Posterior + Hungarian,False,500,20,0.9489999999999998,0.010533155672496835,0.004616359011852925,0.9489999999999998,0.010533155672496835,0.004616359011852925,500.0,0.0,0.0,500.0,0.0,0.0,0.0,0.0,0.0,0.0,0.0,0.0,0.5333364082591172,0.02483656471375696,0.0108851044173965,416.4750000000001,5.452558549602391,2.389689147368886,48.66765968114851,0.9152401801828641,0.4011216946910958,40.556015034886514,0.7758953513689475,0.340051130821062,7.729348448299424,0.14101532316680754,0.06180269030013619,0.0,0.0,0.0,0.38025300431181674,0.005881810296317151,0.0025778170200513725,48.66561648749776,0.9152152146256378,0.40111075305321725,40.556015034886514,0.7758953513689475,0.340051130821062,0.38025300431181674,0.005881810296317151,0.0025778170200513725,0.0,0.0,0.0,500.0,0.0,0.0,0.0,0.0,0.0,0.0,0.0,0.0,0.0,0.0,0.0,0.0,0.0,0.0,1.0,0.0,0.0,0.0,0.0,0.0,0.0,0.0,0.0,0.0,0.0,0.0,0.0,0.0,0.0,1.0,0.0,0.0,27.4945,0.47990607633709226,0.21032811146296854,0.0,0.0,0.0,0.0,0.0,0.0,0.0,0.0,0.0,0.0,0.0,0.0,0.0,0.0,0.0,,,,0.0,0.0,0.0,0.0,0.0,0.0
c032127a581c81deff904ceedf3c721876d4922b0494fee8497003f3aab3947b,60,current,Optimized Pattern Generator,dynamic_session,Dynamic Session Pattern Assignment,50,6,5,5,10.0,120,time_only_baseline,A0) Time Prior + Hungarian (Baseline),False,100,20,0.937,0.028855356157000855,0.012646417424876115,0.937,0.028855356157000855,0.012646417424876115,100.0,0.0,0.0,100.0,0.0,0.0,0.0,0.0,0.0,0.0,0.0,0.0,1.391050249865,0.17863885461942686,0.07829192998094119,414.08500000000004,13.607245554444404,5.963638305068822,1.917040295800689,0.10597197043312119,0.04644426380121913,1.8176822719142365,0.10592025355412797,0.04642159787964459,0.002299438390036812,4.7852430975355144e-05,2.0972252555704088e-05,0.0,0.0,0.0,0.09658786899453844,0.005238653771062506,0.0022959412447655513,1.9165695792988118,0.10597017954823391,0.046443478911310954,1.8176822719142365,0.10592025355412797,0.04642159787964459,0.09658786899453844,0.005238653771062506,0.0022959412447655513,0.0,0.0,0.0,100.0,0.0,0.0,0.0,0.0,0.0,0.0,0.0,0.0,0.0,0.0,0.0,0.0,0.0,0.0,1.0,0.0,0.0,0.0,0.0,0.0,0.0,0.0,0.0,0.0,0.0,0.0,0.0,0.0,0.0,1.0,0.0,0.0,6.469500000000001,0.3780068921677432,0.1656688249426993,0.0,0.0,0.0,0.0,0.0,0.0,0.0,0.0,0.0,0.0,0.0,0.0,0.0,0.0,0.0,,,,0.0,0.0,0.0,0.0,0.0,0.0
c032127a581c81deff904ceedf3c721876d4922b0494fee8497003f3aab3947b,60,current,Optimized Pattern Generator,dynamic_session,Dynamic Session Pattern Assignment,50,6,5,5,10.0,120,time_only_baseline,A0) Time Prior + Hungarian (Baseline),False,300,20,0.8213333333333335,0.022015411932850573,0.009648679696364727,0.8213333333333335,0.022015411932850573,0.009648679696364727,300.0,0.0,0.0,300.0,0.0,0.0,0.0,0.0,0.0,0.0,0.0,0.0,1.2068502624583333,0.09224867765908665,0.040429765559716044,415.99000000000007,6.477402013315619,2.8388465989960734,15.151445114501986,0.3880847171325491,0.17008562647328276,14.903199644715642,0.3859811698336731,0.1691637062214649,0.009819490218069405,0.0006704112088127052,0.0002938206670134709,0.0,0.0,0.0,0.23729851711832453,0.004528974383984938,0.001984910539825329,15.150317652052035,0.388059466325634,0.17007455981921596,14.903199644715642,0.3859811698336731,0.1691637062214649,0.23729851711832453,0.004528974383984938,0.001984910539825329,0.0,0.0,0.0,300.0,0.0,0.0,0.0,0.0,0.0,0.0,0.0,0.0,0.0,0.0,0.0,0.0,0.0,0.0,1.0,0.0,0.0,0.0,0.0,0.0,0.0,0.0,0.0,0.0,0.0,0.0,0.0,0.0,0.0,1.0,0.0,0.0,17.238833333333336,0.4228368064777247,0.1853164011639307,0.0,0.0,0.0,0.0,0.0,0.0,0.0,0.0,0.0,0.0,0.0,0.0,0.0,0.0,0.0,,,,0.0,0.0,0.0,0.0,0.0,0.0
c032127a581c81deff904ceedf3c721876d4922b0494fee8497003f3aab3947b,60,current,Optimized Pattern Generator,dynamic_session,Dynamic Session Pattern Assignment,50,6,5,5,10.0,120,time_only_baseline,A0) Time Prior + Hungarian (Baseline),False,500,20,0.7453999999999998,0.022328645750529355,0.009785960469764307,0.7453999999999998,0.022328645750529355,0.009785960469764307,500.0,0.0,0.0,500.0,0.0,0.0,0.0,0.0,0.0,0.0,0.0,0.0,1.04778027372,0.05179420543469946,0.022699811381745098,415.08000000000004,3.4742057024819126,1.5226377832391254,56.92435385629797,25.15174054259264,11.023236314712218,56.38962346947373,24.92612062462511,10.924354025876168,0.029852151979139308,0.014606548732906068,0.0064016022331545115,0.0,0.0,0.0,0.5024162535977666,0.21098194407508014,0.09246691391947988,56.92189187505064,25.151058059643717,11.022937203371832,56.38962346947373,24.92612062462511,10.924354025876168,0.5024162535977666,0.21098194407508014,0.09246691391947988,0.0,0.0,0.0,500.0,0.0,0.0,0.0,0.0,0.0,0.0,0.0,0.0,0.0,0.0,0.0,0.0,0.0,0.0,1.0,0.0,0.0,0.0,0.0,0.0,0.0,0.0,0.0,0.0,0.0,0.0,0.0,0.0,0.0,1.0,0.0,0.0,28.242199999999997,0.4005090970778383,0.17553085106792932,0.0,0.0,0.0,0.0,0.0,0.0,0.0,0.0,0.0,0.0,0.0,0.0,0.0,0.0,0.0,,,,0.0,0.0,0.0,0.0,0.0,0.0
c032127a581c81deff904ceedf3c721876d4922b0494fee8497003f3aab3947b,60,current,Optimized Pattern Generator,dynamic_session,Dynamic Session Pattern Assignment,50,6,5,5,10.0,120,single_only,A1) Refined Cost + Greedy 1:1,True,100,20,0.9789999999999999,0.010711528467275964,0.004694534335967625,0.9789999999999999,0.010711528467275964,0.004694534335967625,100.0,0.0,0.0,100.0,0.0,0.0,0.0,0.0,0.0,0.0,0.0,0.0,0.9414024577973732,0.06909035091996843,0.03028018136428745,414.08500000000004,13.607245554444404,5.963638305068822,2.3422609250505046,0.12547361701034804,0.05499123725551078,1.8271968638619,0.10345043406272822,0.045339151761759525,0.42015168650686974,0.023818087225118634,0.01043873697735938,0.0,0.0,0.0,0.09440077252947958,0.00662538769279996,0.002903704182644676,2.3417493228982496,0.1254722529931183,0.05499063944860213,1.8271968638619,0.10345043406272822,0.045339151761759525,0.09440077252947958,0.00662538769279996,0.002903704182644676,0.0,0.0,0.0,100.0,0.0,0.0,0.0,0.0,0.0,0.0,0.0,0.0,0.0,0.0,0.0,0.0,0.0,0.0,1.0,0.0,0.0,0.0,0.0,0.0,0.0,0.0,0.0,0.0,0.0,0.0,0.0,0.0,0.0,1.0,0.0,0.0,6.469500000000001,0.3780068921677432,0.1656688249426993,0.0,0.0,0.0,0.0,0.0,0.0,0.0,0.0,0.0,0.0,0.0,0.0,0.0,0.0,0.0,,,,0.0,0.0,0.0,0.0,0.0,0.0
c032127a581c81deff904ceedf3c721876d4922b0494fee8497003f3aab3947b,60,current,Optimized Pattern Generator,dynamic_session,Dynamic Session Pattern Assignment,50,6,5,5,10.0,120,single_only,A1) Refined Cost + Greedy 1:1,True,300,20,0.9543333333333335,0.014713640884233074,0.006448537437878392,0.9543333333333335,0.014713640884233074,0.006448537437878392,300.0,0.0,0.0,300.0,0.0,0.0,0.0,0.0,0.0,0.0,0.0,0.0,0.9071200853056757,0.03307709230683221,0.014496674871637982,415.99000000000007,6.477402013315619,2.8388465989960734,18.592461826900397,0.4383116992246216,0.19209857194074034,15.005651676941488,0.36086798399919,0.15815736725259705,3.3583189140488683,0.07751589463376612,0.033972838708611196,0.0,0.0,0.0,0.2272954359104915,0.0074585791714090865,0.0032688664483956154,18.591266026900847,0.43830860328002674,0.1920972150831969,15.005651676941488,0.36086798399919,0.15815736725259705,0.2272954359104915,0.0074585791714090865,0.0032688664483956154,0.0,0.0,0.0,300.0,0.0,0.0,0.0,0.0,0.0,0.0,0.0,0.0,0.0,0.0,0.0,0.0,0.0,0.0,1.0,0.0,0.0,0.0,0.0,0.0,0.0,0.0,0.0,0.0,0.0,0.0,0.0,0.0,0.0,1.0,0.0,0.0,17.238833333333336,0.4228368064777247,0.1853164011639307,0.0,0.0,0.0,0.0,0.0,0.0,0.0,0.0,0.0,0.0,0.0,0.0,0.0,0.0,0.0,,,,0.0,0.0,0.0,0.0,0.0,0.0
c032127a581c81deff904ceedf3c721876d4922b0494fee8497003f3aab3947b,60,current,Optimized Pattern Generator,dynamic_session,Dynamic Session Pattern Assignment,50,6,5,5,10.0,120,single_only,A1) Refined Cost + Greedy 1:1,True,500,20,0.9350000000000002,0.011285761872936662,0.004946203222249298,0.9350000000000002,0.011285761872936662,0.004946203222249298,500.0,0.0,0.0,500.0,0.0,0.0,0.0,0.0,0.0,0.0,0.0,0.0,0.8874672886519394,0.048652268931925216,0.02132279699591163,415.08000000000004,3.4742057024819126,1.5226377832391254,69.57956311660018,30.546306196149313,13.387508954758125,57.07482134221573,25.4619487713585,11.159191065305471,12.000042896773811,4.872883716105496,2.1356354501900805,0.0,0.0,0.0,0.5021656485594577,0.21156783065710535,0.0927236900354845,69.577029887549,30.545434891222158,13.387127088537062,57.07482134221573,25.4619487713585,11.159191065305471,0.5021656485594577,0.21156783065710535,0.0927236900354845,0.0,0.0,0.0,500.0,0.0,0.0,0.0,0.0,0.0,0.0,0.0,0.0,0.0,0.0,0.0,0.0,0.0,0.0,1.0,0.0,0.0,0.0,0.0,0.0,0.0,0.0,0.0,0.0,0.0,0.0,0.0,0.0,0.0,1.0,0.0,0.0,28.242199999999997,0.4005090970778383,0.17553085106792932,0.0,0.0,0.0,0.0,0.0,0.0,0.0,0.0,0.0,0.0,0.0,0.0,0.0,0.0,0.0,,,,0.0,0.0,0.0,0.0,0.0,0.0
c032127a581c81deff904ceedf3c721876d4922b0494fee8497003f3aab3947b,60,current,Optimized Pattern Generator,dynamic_session,Dynamic Session Pattern Assignment,50,6,5,5,10.0,120,nomura_original_interval_hungarian,A2) Corr+DTW + Hungarian,False,100,20,0.994,0.005982430416161193,0.002621915731914961,0.994,0.005982430416161193,0.002621915731914961,100.0,0.0,0.0,100.0,0.0,0.0,0.0,0.0,0.0,0.0,0.0,0.0,0.12048008005570739,0.0061785382039732896,0.002707863759430092,414.08500000000004,13.607245554444404,5.963638305068822,2.998837006300164,0.174641810240409,0.07654014804458999,1.8281720602048153,0.11025633974806075,0.04832197144288727,1.0756391924762283,0.06353369539094175,0.027844869704158524,0.0,0.0,0.0,0.09452259106765268,0.006922464245562705,0.003033903722478441,2.9983338437486964,0.17462309302832502,0.07653194486471045,1.8281720602048153,0.11025633974806075,0.04832197144288727,0.09452259106765268,0.006922464245562705,0.003033903722478441,0.0,0.0,0.0,100.0,0.0,0.0,0.0,0.0,0.0,0.0,0.0,0.0,0.0,0.0,0.0,0.0,0.0,0.0,1.0,0.0,0.0,0.0,0.0,0.0,0.0,0.0,0.0,0.0,0.0,0.0,0.0,0.0,0.0,1.0,0.0,0.0,6.469500000000001,0.3780068921677432,0.1656688249426993,0.0,0.0,0.0,0.0,0.0,0.0,0.0,0.0,0.0,0.0,0.0,0.0,0.0,0.0,0.0,,,,0.0,0.0,0.0,0.0,0.0,0.0
c032127a581c81deff904ceedf3c721876d4922b0494fee8497003f3aab3947b,60,current,Optimized Pattern Generator,dynamic_session,Dynamic Session Pattern Assignment,50,6,5,5,10.0,120,nomura_original_interval_hungarian,A2) Corr+DTW + Hungarian,False,300,20,0.9678333333333333,0.013945382182304157,0.006111833216241906,0.9678333333333333,0.013945382182304157,0.006111833216241906,300.0,0.0,0.0,300.0,0.0,0.0,0.0,0.0,0.0,0.0,0.0,0.0,0.11673566646946025,0.006212386828541387,0.0027226985732240025,415.99000000000007,6.477402013315619,2.8388465989960734,23.66351934574923,0.5767021663768882,0.25275086837086264,14.940979724725185,0.3705859416666008,0.16241644998616905,8.482446527758293,0.2111016708501959,0.09251938649222548,0.0,0.0,0.0,0.23892208496763487,0.0031967579028795543,0.0014010409237758773,23.662348337451114,0.5766840909713532,0.2527429464751052,14.940979724725185,0.3705859416666008,0.16241644998616905,0.23892208496763487,0.0031967579028795543,0.0014010409237758773,0.0,0.0,0.0,300.0,0.0,0.0,0.0,0.0,0.0,0.0,0.0,0.0,0.0,0.0,0.0,0.0,0.0,0.0,1.0,0.0,0.0,0.0,0.0,0.0,0.0,0.0,0.0,0.0,0.0,0.0,0.0,0.0,0.0,1.0,0.0,0.0,17.238833333333336,0.4228368064777247,0.1853164011639307,0.0,0.0,0.0,0.0,0.0,0.0,0.0,0.0,0.0,0.0,0.0,0.0,0.0,0.0,0.0,,,,0.0,0.0,0.0,0.0,0.0,0.0
c032127a581c81deff904ceedf3c721876d4922b0494fee8497003f3aab3947b,60,current,Optimized Pattern Generator,dynamic_session,Dynamic Session Pattern Assignment,50,6,5,5,10.0,120,nomura_original_interval_hungarian,A2) Corr+DTW + Hungarian,False,500,20,0.9382999999999999,0.011466656466743698,0.005025483773518187,0.9382999999999999,0.011466656466743698,0.005025483773518187,500.0,0.0,0.0,500.0,0.0,0.0,0.0,0.0,0.0,0.0,0.0,0.0,0.11482040085190445,0.004397303401206417,0.0019272031872665616,415.08000000000004,3.4742057024819126,1.5226377832391254,87.04365839365127,37.38796073615014,16.385996262240457,56.508007009902215,25.184056276985324,11.037399309765812,30.02473063756552,11.984623871185272,5.252492997504442,0.0,0.0,0.0,0.5082722984821885,0.22086632482593016,0.09679893478526053,87.04100994594992,37.38697176681323,16.38556282731812,56.508007009902215,25.184056276985324,11.037399309765812,0.5082722984821885,0.22086632482593016,0.09679893478526053,0.0,0.0,0.0,500.0,0.0,0.0,0.0,0.0,0.0,0.0,0.0,0.0,0.0,0.0,0.0,0.0,0.0,0.0,1.0,0.0,0.0,0.0,0.0,0.0,0.0,0.0,0.0,0.0,0.0,0.0,0.0,0.0,0.0,1.0,0.0,0.0,28.242199999999997,0.4005090970778383,0.17553085106792932,0.0,0.0,0.0,0.0,0.0,0.0,0.0,0.0,0.0,0.0,0.0,0.0,0.0,0.0,0.0,,,,0.0,0.0,0.0,0.0,0.0,0.0
c032127a581c81deff904ceedf3c721876d4922b0494fee8497003f3aab3947b,60,current,Optimized Pattern Generator,dynamic_session,Dynamic Session Pattern Assignment,50,6,5,5,10.0,120,bayesian_windowed,A3) Two-Stage Bayesian Posterior + Hungarian,False,100,20,0.9875,0.009665456669582618,0.004236073156766029,0.9875,0.009665456669582618,0.004236073156766029,100.0,0.0,0.0,100.0,0.0,0.0,0.0,0.0,0.0,0.0,0.0,0.0,0.14321660946323528,0.016969136280557705,0.007437051879585854,414.08500000000004,13.607245554444404,5.963638305068822,2.308225143748132,0.12527044453474048,0.05490219299205416,1.829988360684365,0.10260282104166188,0.04496766897635074,0.38173771899673736,0.021113246374340904,0.009253288207270538,0.0,0.0,0.0,0.09599156616895925,0.00600365109297144,0.0026312161035867095,2.3077176458500617,0.12526802266328482,0.05490113156008946,1.829988360684365,0.10260282104166188,0.04496766897635074,0.09599156616895925,0.00600365109297144,0.0026312161035867095,0.0,0.0,0.0,100.0,0.0,0.0,0.0,0.0,0.0,0.0,0.0,0.0,0.0,0.0,0.0,0.0,0.0,0.0,1.0,0.0,0.0,0.0,0.0,0.0,0.0,0.0,0.0,0.0,0.0,0.0,0.0,0.0,0.0,1.0,0.0,0.0,6.469500000000001,0.3780068921677432,0.1656688249426993,0.0,0.0,0.0,0.0,0.0,0.0,0.0,0.0,0.0,0.0,0.0,0.0,0.0,0.0,0.0,,,,0.0,0.0,0.0,0.0,0.0,0.0
c032127a581c81deff904ceedf3c721876d4922b0494fee8497003f3aab3947b,60,current,Optimized Pattern Generator,dynamic_session,Dynamic Session Pattern Assignment,50,6,5,5,10.0,120,bayesian_windowed,A3) Two-Stage Bayesian Posterior + Hungarian,False,300,20,0.9691666666666666,0.012324795527525875,0.005401579799233314,0.9691666666666666,0.012324795527525875,0.005401579799233314,300.0,0.0,0.0,300.0,0.0,0.0,0.0,0.0,0.0,0.0,0.0,0.0,0.35083041007096644,0.03654391031541283,0.016016074855268094,415.99000000000007,6.477402013315619,2.8388465989960734,18.186476108299395,0.46139905148707555,0.20221705020028916,15.00087780570757,0.3902287579175618,0.17102529377787956,2.947961266692437,0.07120279969762801,0.031206002861190744,0.0,0.0,0.0,0.2364426046005974,0.0032113444176931068,0.0014074337457567478,18.185281677000603,0.46139053506194666,0.2022133177124085,15.00087780570757,0.3902287579175618,0.17102529377787956,0.2364426046005974,0.0032113444176931068,0.0014074337457567478,0.0,0.0,0.0,300.0,0.0,0.0,0.0,0.0,0.0,0.0,0.0,0.0,0.0,0.0,0.0,0.0,0.0,0.0,1.0,0.0,0.0,0.0,0.0,0.0,0.0,0.0,0.0,0.0,0.0,0.0,0.0,0.0,0.0,1.0,0.0,0.0,17.238833333333336,0.4228368064777247,0.1853164011639307,0.0,0.0,0.0,0.0,0.0,0.0,0.0,0.0,0.0,0.0,0.0,0.0,0.0,0.0,0.0,,,,0.0,0.0,0.0,0.0,0.0,0.0
c032127a581c81deff904ceedf3c721876d4922b0494fee8497003f3aab3947b,60,current,Optimized Pattern Generator,dynamic_session,Dynamic Session Pattern Assignment,50,6,5,5,10.0,120,bayesian_windowed,A3) Two-Stage Bayesian Posterior + Hungarian,False,500,20,0.9494999999999999,0.012309602584546487,0.0053949211983903966,0.9494999999999999,0.012309602584546487,0.0053949211983903966,500.0,0.0,0.0,500.0,0.0,0.0,0.0,0.0,0.0,0.0,0.0,0.0,0.5439932613691759,0.03169980016535852,0.01389304997640854,415.08000000000004,3.4742057024819126,1.5226377832391254,68.90577939145078,30.093000884638297,13.188839142502458,57.786869991086135,25.585876182288676,11.213504647868094,10.61056603526158,4.289874450658722,1.8801203737760441,0.0,0.0,0.0,0.5056952235012432,0.2186727426917643,0.09583755502708063,68.90313124984895,30.09208557251877,13.188437989278958,57.786869991086135,25.585876182288676,11.213504647868094,0.5056952235012432,0.2186727426917643,0.09583755502708063,0.0,0.0,0.0,500.0,0.0,0.0,0.0,0.0,0.0,0.0,0.0,0.0,0.0,0.0,0.0,0.0,0.0,0.0,1.0,0.0,0.0,0.0,0.0,0.0,0.0,0.0,0.0,0.0,0.0,0.0,0.0,0.0,0.0,1.0,0.0,0.0,28.242199999999997,0.4005090970778383,0.17553085106792932,0.0,0.0,0.0,0.0,0.0,0.0,0.0,0.0,0.0,0.0,0.0,0.0,0.0,0.0,0.0,,,,0.0,0.0,0.0,0.0,0.0,0.0
c032127a581c81deff904ceedf3c721876d4922b0494fee8497003f3aab3947b,60,current,Optimized Pattern Generator,dynamic_session,Dynamic Session Pattern Assignment,50,6,5,5,10.0,180,time_only_baseline,A0) Time Prior + Hungarian (Baseline),False,100,20,0.9170000000000001,0.03180532891463976,0.013939299989975324,0.9170000000000001,0.03180532891463976,0.013939299989975324,100.0,0.0,0.0,100.0,0.0,0.0,0.0,0.0,0.0,0.0,0.0,0.0,1.3850502577400001,0.12389701948033992,0.05430026292246052,418.0050000000001,8.16555506219167,3.578712293843307,4.767343599801097,0.23470194965744176,0.10286266472161154,4.53480536651914,0.2347045007159369,0.10286378277229265,0.006864010698336642,0.0001728414508625401,7.575110575783255e-05,0.0,0.0,0.0,0.224388199832174,0.014580804008767625,0.006390319110320346,4.766057577049651,0.2347204203166041,0.10287075984490889,4.53480536651914,0.2347045007159369,0.10286378277229265,0.224388199832174,0.014580804008767625,0.006390319110320346,0.0,0.0,0.0,100.0,0.0,0.0,0.0,0.0,0.0,0.0,0.0,0.0,0.0,0.0,0.0,0.0,0.0,0.0,1.0,0.0,0.0,0.0,0.0,0.0,0.0,0.0,0.0,0.0,0.0,0.0,0.0,0.0,0.0,1.0,0.0,0.0,6.5795,0.2870810448563078,0.12581881534467262,0.0,0.0,0.0,0.0,0.0,0.0,0.0,0.0,0.0,0.0,0.0,0.0,0.0,0.0,0.0,,,,0.0,0.0,0.0,0.0,0.0,0.0
c032127a581c81deff904ceedf3c721876d4922b0494fee8497003f3aab3947b,60,current,Optimized Pattern Generator,dynamic_session,Dynamic Session Pattern Assignment,50,6,5,5,10.0,180,time_only_baseline,A0) Time Prior + Hungarian (Baseline),False,300,20,0.829,0.01854660637925803,0.008128408632726632,0.829,0.01854660637925803,0.008128408632726632,300.0,0.0,0.0,300.0,0.0,0.0,0.0,0.0,0.0,0.0,0.0,0.0,1.1934335928583333,0.07129980238708995,0.031248516164287643,415.87000000000006,5.324728804559475,2.333665291474251,38.35125398119781,1.4761806292616078,0.6469646858830844,37.771651201012716,1.4734100701989972,0.6457504348367481,0.02742779477557633,0.0006099021436547586,0.0002673013999556369,0.0,0.0,0.0,0.5500884000131918,0.016236216223368898,0.007115835501876201,38.34916739580149,1.475965513372657,0.6468704071879406,37.771651201012716,1.4734100701989972,0.6457504348367481,0.5500884000131918,0.016236216223368898,0.007115835501876201,0.0,0.0,0.0,300.0,0.0,0.0,0.0,0.0,0.0,0.0,0.0,0.0,0.0,0.0,0.0,0.0,0.0,0.0,1.0,0.0,0.0,0.0,0.0,0.0,0.0,0.0,0.0,0.0,0.0,0.0,0.0,0.0,0.0,1.0,0.0,0.0,17.835499999999996,0.6464570785334205,0.28332230653878304,0.0,0.0,0.0,0.0,0.0,0.0,0.0,0.0,0.0,0.0,0.0,0.0,0.0,0.0,0.0,,,,0.0,0.0,0.0,0.0,0.0,0.0
c032127a581c81deff904ceedf3c721876d4922b0494fee8497003f3aab3947b,60,current,Optimized Pattern Generator,dynamic_session,Dynamic Session Pattern Assignment,50,6,5,5,10.0,180,time_only_baseline,A0) Time Prior + Hungarian (Baseline),False,500,20,0.7444999999999999,0.022213082915965982,0.009735312824428079,0.7444999999999999,0.022213082915965982,0.009735312824428079,500.0,0.0,0.0,500.0,0.0,0.0,0.0,0.0,0.0,0.0,0.0,0.0,1.049240273569,0.0716431456889597,0.031398993000957234,414.76000000000005,7.2989833466542935,3.1989204942325506,100.1926112604524,6.118304304461156,2.6814650890337237,99.29108317507708,6.074306034824751,2.662181997161048,0.054264494666131216,0.0025736118099462498,0.0011279351071282724,0.0,0.0,0.0,0.8436412574068527,0.04788108014710736,0.020984808608829345,100.18898892715006,6.118089431083237,2.681370916623726,99.29108317507708,6.074306034824751,2.662181997161048,0.8436412574068527,0.04788108014710736,0.020984808608829345,0.0,0.0,0.0,500.0,0.0,0.0,0.0,0.0,0.0,0.0,0.0,0.0,0.0,0.0,0.0,0.0,0.0,0.0,1.0,0.0,0.0,0.0,0.0,0.0,0.0,0.0,0.0,0.0,0.0,0.0,0.0,0.0,0.0,1.0,0.0,0.0,28.871299999999998,0.5118175147658127,0.22431391599790648,0.0,0.0,0.0,0.0,0.0,0.0,0.0,0.0,0.0,0.0,0.0,0.0,0.0,0.0,0.0,,,,0.0,0.0,0.0,0.0,0.0,0.0
c032127a581c81deff904ceedf3c721876d4922b0494fee8497003f3aab3947b,60,current,Optimized Pattern Generator,dynamic_session,Dynamic Session Pattern Assignment,50,6,5,5,10.0,180,single_only,A1) Refined Cost + Greedy 1:1,True,100,20,0.9844999999999999,0.01190974832912762,0.005219677344333404,0.9844999999999999,0.01190974832912762,0.005219677344333404,100.0,0.0,0.0,100.0,0.0,0.0,0.0,0.0,0.0,0.0,0.0,0.0,0.9102660263010593,0.07829838984100942,0.034315782353802095,418.0050000000001,8.16555506219167,3.578712293843307,5.709265860402229,0.2870557605294772,0.12580773399985515,4.529627707533654,0.23312330758434782,0.10217079432804602,0.9603749742236687,0.050372598823872954,0.022076764814007152,0.0,0.0,0.0,0.2179594995432126,0.013619218560737814,0.005968885706438373,5.707962181300536,0.2869619755365935,0.12576663091446114,4.529627707533654,0.23312330758434782,0.10217079432804602,0.2179594995432126,0.013619218560737814,0.005968885706438373,0.0,0.0,0.0,100.0,0.0,0.0,0.0,0.0,0.0,0.0,0.0,0.0,0.0,0.0,0.0,0.0,0.0,0.0,1.0,0.0,0.0,0.0,0.0,0.0,0.0,0.0,0.0,0.0,0.0,0.0,0.0,0.0,0.0,1.0,0.0,0.0,6.5795,0.2870810448563078,0.12581881534467262,0.0,0.0,0.0,0.0,0.0,0.0,0.0,0.0,0.0,0.0,0.0,0.0,0.0,0.0,0.0,,,,0.0,0.0,0.0,0.0,0.0,0.0
c032127a581c81deff904ceedf3c721876d4922b0494fee8497003f3aab3947b,60,current,Optimized Pattern Generator,dynamic_session,Dynamic Session Pattern Assignment,50,6,5,5,10.0,180,single_only,A1) Refined Cost + Greedy 1:1,True,300,20,0.9558333333333333,0.010589358003390805,0.004640990769398004,0.9558333333333333,0.010589358003390805,0.004640990769398004,300.0,0.0,0.0,300.0,0.0,0.0,0.0,0.0,0.0,0.0,0.0,0.0,0.892239794595348,0.0283679352742651,0.012432795804295897,415.87000000000006,5.324728804559475,2.333665291474251,46.40727485215175,1.7077408188252958,0.7484504135335247,38.02629097880781,1.4241027011500385,0.6241405275556605,7.833012921291811,0.28673677782091084,0.12566793366393486,0.0,0.0,0.0,0.5454371748011908,0.02157212261985769,0.009454399589004677,46.40474107490081,1.7074768965547176,0.7483347444985181,38.02629097880781,1.4241027011500385,0.6241405275556605,0.5454371748011908,0.02157212261985769,0.009454399589004677,0.0,0.0,0.0,300.0,0.0,0.0,0.0,0.0,0.0,0.0,0.0,0.0,0.0,0.0,0.0,0.0,0.0,0.0,1.0,0.0,0.0,0.0,0.0,0.0,0.0,0.0,0.0,0.0,0.0,0.0,0.0,0.0,0.0,1.0,0.0,0.0,17.835499999999996,0.6464570785334205,0.28332230653878304,0.0,0.0,0.0,0.0,0.0,0.0,0.0,0.0,0.0,0.0,0.0,0.0,0.0,0.0,0.0,,,,0.0,0.0,0.0,0.0,0.0,0.0
c032127a581c81deff904ceedf3c721876d4922b0494fee8497003f3aab3947b,60,current,Optimized Pattern Generator,dynamic_session,Dynamic Session Pattern Assignment,50,6,5,5,10.0,180,single_only,A1) Refined Cost + Greedy 1:1,True,500,20,0.9361,0.008422401207806627,0.0036912800803486617,0.9361,0.008422401207806627,0.0036912800803486617,500.0,0.0,0.0,500.0,0.0,0.0,0.0,0.0,0.0,0.0,0.0,0.0,0.8827504649665672,0.024325069263501732,0.0106609316523938,414.76000000000005,7.2989833466542935,3.1989204942325506,120.9726180436497,7.735238263670677,3.390117641626115,99.97947254955143,6.584660493463933,2.885854700539962,20.140962184780072,1.1097396266156925,0.48636483551783294,0.0,0.0,0.0,0.848818757468689,0.04720124096557684,0.020686855950590013,120.96925349180019,7.735342242319588,3.3901632122782406,99.97947254955143,6.584660493463933,2.885854700539962,0.848818757468689,0.04720124096557684,0.020686855950590013,0.0,0.0,0.0,500.0,0.0,0.0,0.0,0.0,0.0,0.0,0.0,0.0,0.0,0.0,0.0,0.0,0.0,0.0,1.0,0.0,0.0,0.0,0.0,0.0,0.0,0.0,0.0,0.0,0.0,0.0,0.0,0.0,0.0,1.0,0.0,0.0,28.871299999999998,0.5118175147658127,0.22431391599790648,0.0,0.0,0.0,0.0,0.0,0.0,0.0,0.0,0.0,0.0,0.0,0.0,0.0,0.0,0.0,,,,0.0,0.0,0.0,0.0,0.0,0.0
c032127a581c81deff904ceedf3c721876d4922b0494fee8497003f3aab3947b,60,current,Optimized Pattern Generator,dynamic_session,Dynamic Session Pattern Assignment,50,6,5,5,10.0,180,nomura_original_interval_hungarian,A2) Corr+DTW + Hungarian,False,100,20,0.9924999999999999,0.00910465468000327,0.003990290848125185,0.9924999999999999,0.00910465468000327,0.003990290848125185,100.0,0.0,0.0,100.0,0.0,0.0,0.0,0.0,0.0,0.0,0.0,0.0,0.12080591304036181,0.007018678755252867,0.0030760715905598876,418.0050000000001,8.16555506219167,3.578712293843307,7.153250745850528,0.36064125351348714,0.15805799823599084,4.553884958413983,0.2516752208570034,0.11030152880935236,2.3809065642562928,0.112948149294331,0.04950170899196412,0.0,0.0,0.0,0.21734953577979468,0.014349009949670513,0.0062887308848276835,7.15214105845007,0.36075775276020755,0.15810905628204974,4.553884958413983,0.2516752208570034,0.11030152880935236,0.21734953577979468,0.014349009949670513,0.0062887308848276835,0.0,0.0,0.0,100.0,0.0,0.0,0.0,0.0,0.0,0.0,0.0,0.0,0.0,0.0,0.0,0.0,0.0,0.0,1.0,0.0,0.0,0.0,0.0,0.0,0.0,0.0,0.0,0.0,0.0,0.0,0.0,0.0,0.0,1.0,0.0,0.0,6.5795,0.2870810448563078,0.12581881534467262,0.0,0.0,0.0,0.0,0.0,0.0,0.0,0.0,0.0,0.0,0.0,0.0,0.0,0.0,0.0,,,,0.0,0.0,0.0,0.0,0.0,0.0
c032127a581c81deff904ceedf3c721876d4922b0494fee8497003f3aab3947b,60,current,Optimized Pattern Generator,dynamic_session,Dynamic Session Pattern Assignment,50,6,5,5,10.0,180,nomura_original_interval_hungarian,A2) Corr+DTW + Hungarian,False,300,20,0.9665000000000001,0.008548109465758881,0.0037463741535310683,0.9665000000000001,0.008548109465758881,0.0037463741535310683,300.0,0.0,0.0,300.0,0.0,0.0,0.0,0.0,0.0,0.0,0.0,0.0,0.11610039764084241,0.004425575369972972,0.0019395939238944357,415.87000000000006,5.324728804559475,2.333665291474251,57.97723486249961,2.1798844719471298,0.955376493024523,37.92891676540385,1.4427522020981234,0.6323140317214679,19.485263260180364,0.7448837002388413,0.3264596754568626,0.0,0.0,0.0,0.5605821160635969,0.0075155714515256905,0.003293844416452169,57.97476214164781,2.18012642574476,0.9554825339517503,37.92891676540385,1.4427522020981234,0.6323140317214679,0.5605821160635969,0.0075155714515256905,0.003293844416452169,0.0,0.0,0.0,300.0,0.0,0.0,0.0,0.0,0.0,0.0,0.0,0.0,0.0,0.0,0.0,0.0,0.0,0.0,1.0,0.0,0.0,0.0,0.0,0.0,0.0,0.0,0.0,0.0,0.0,0.0,0.0,0.0,0.0,1.0,0.0,0.0,17.835499999999996,0.6464570785334205,0.28332230653878304,0.0,0.0,0.0,0.0,0.0,0.0,0.0,0.0,0.0,0.0,0.0,0.0,0.0,0.0,0.0,,,,0.0,0.0,0.0,0.0,0.0,0.0
c032127a581c81deff904ceedf3c721876d4922b0494fee8497003f3aab3947b,60,current,Optimized Pattern Generator,dynamic_session,Dynamic Session Pattern Assignment,50,6,5,5,10.0,180,nomura_original_interval_hungarian,A2) Corr+DTW + Hungarian,False,500,20,0.9334,0.017533126541372717,0.007684231509704574,0.9334,0.017533126541372717,0.007684231509704574,500.0,0.0,0.0,500.0,0.0,0.0,0.0,0.0,0.0,0.0,0.0,0.0,0.11399445553015823,0.004541242878302228,0.0019902874445312346,414.76000000000005,7.2989833466542935,3.1989204942325506,151.69553635615011,10.641858688007702,4.664000208933061,100.07233155840223,7.507032635951876,3.290102115526374,50.76456695001325,3.094044333802693,1.3560247173330509,0.0,0.0,0.0,0.8546177289827028,0.0562154759436079,0.024637518617092635,151.69151623739816,10.641577202198016,4.66387684233765,100.07233155840223,7.507032635951876,3.290102115526374,0.8546177289827028,0.0562154759436079,0.024637518617092635,0.0,0.0,0.0,500.0,0.0,0.0,0.0,0.0,0.0,0.0,0.0,0.0,0.0,0.0,0.0,0.0,0.0,0.0,1.0,0.0,0.0,0.0,0.0,0.0,0.0,0.0,0.0,0.0,0.0,0.0,0.0,0.0,0.0,1.0,0.0,0.0,28.871299999999998,0.5118175147658127,0.22431391599790648,0.0,0.0,0.0,0.0,0.0,0.0,0.0,0.0,0.0,0.0,0.0,0.0,0.0,0.0,0.0,,,,0.0,0.0,0.0,0.0,0.0,0.0
c032127a581c81deff904ceedf3c721876d4922b0494fee8497003f3aab3947b,60,current,Optimized Pattern Generator,dynamic_session,Dynamic Session Pattern Assignment,50,6,5,5,10.0,180,bayesian_windowed,A3) Two-Stage Bayesian Posterior + Hungarian,False,100,20,0.991,0.009679060415469879,0.004242035261274329,0.991,0.009679060415469879,0.004242035261274329,100.0,0.0,0.0,100.0,0.0,0.0,0.0,0.0,0.0,0.0,0.0,0.0,0.13559336335071062,0.014513984366651222,0.006361034110967467,418.0050000000001,8.16555506219167,3.578712293843307,5.636311475098045,0.2711690684030601,0.11884508418752841,4.546123874813929,0.2349997855377859,0.1029931970514308,0.8752635498909512,0.03691282767225575,0.01617776001571224,0.0,0.0,0.0,0.21379459609743207,0.015125925903083712,0.006629229314216334,5.635182020802313,0.27128312230199886,0.1188950705126691,4.546123874813929,0.2349997855377859,0.1029931970514308,0.21379459609743207,0.015125925903083712,0.006629229314216334,0.0,0.0,0.0,100.0,0.0,0.0,0.0,0.0,0.0,0.0,0.0,0.0,0.0,0.0,0.0,0.0,0.0,0.0,1.0,0.0,0.0,0.0,0.0,0.0,0.0,0.0,0.0,0.0,0.0,0.0,0.0,0.0,0.0,1.0,0.0,0.0,6.5795,0.2870810448563078,0.12581881534467262,0.0,0.0,0.0,0.0,0.0,0.0,0.0,0.0,0.0,0.0,0.0,0.0,0.0,0.0,0.0,,,,0.0,0.0,0.0,0.0,0.0,0.0
c032127a581c81deff904ceedf3c721876d4922b0494fee8497003f3aab3947b,60,current,Optimized Pattern Generator,dynamic_session,Dynamic Session Pattern Assignment,50,6,5,5,10.0,180,bayesian_windowed,A3) Two-Stage Bayesian Posterior + Hungarian,False,300,20,0.9691666666666666,0.008575430700315084,0.0037583482125196585,0.9691666666666666,0.008575430700315084,0.0037583482125196585,300.0,0.0,0.0,300.0,0.0,0.0,0.0,0.0,0.0,0.0,0.0,0.0,0.36547054946319335,0.02542485950816429,0.011142935979012895,415.87000000000006,5.324728804559475,2.333665291474251,45.3959036020482,1.8024119962612581,0.7899418864318489,37.97049068069464,1.5466781925149489,0.6778616052448666,6.868417618462263,0.2571182344466388,0.11268703469357283,0.0,0.0,0.0,0.5545639007425052,0.013957286499020236,0.006117050513076862,45.393472199899406,1.8022825067049169,0.7898851351315792,37.97049068069464,1.5466781925149489,0.6778616052448666,0.5545639007425052,0.013957286499020236,0.006117050513076862,0.0,0.0,0.0,300.0,0.0,0.0,0.0,0.0,0.0,0.0,0.0,0.0,0.0,0.0,0.0,0.0,0.0,0.0,1.0,0.0,0.0,0.0,0.0,0.0,0.0,0.0,0.0,0.0,0.0,0.0,0.0,0.0,0.0,1.0,0.0,0.0,17.835499999999996,0.6464570785334205,0.28332230653878304,0.0,0.0,0.0,0.0,0.0,0.0,0.0,0.0,0.0,0.0,0.0,0.0,0.0,0.0,0.0,,,,0.0,0.0,0.0,0.0,0.0,0.0
c032127a581c81deff904ceedf3c721876d4922b0494fee8497003f3aab3947b,60,current,Optimized Pattern Generator,dynamic_session,Dynamic Session Pattern Assignment,50,6,5,5,10.0,180,bayesian_windowed,A3) Two-Stage Bayesian Posterior + Hungarian,False,500,20,0.9504999999999999,0.008153139530912384,0.0035732709473475237,0.9504999999999999,0.008153139530912384,0.0035732709473475237,500.0,0.0,0.0,500.0,0.0,0.0,0.0,0.0,0.0,0.0,0.0,0.0,0.5570863431361103,0.040406013831320406,0.01770871635081931,414.76000000000005,7.2989833466542935,3.1989204942325506,117.32409688545086,8.222599262544481,3.603713016946663,98.99856397765689,7.13279521508794,3.1260853342222856,17.47024778095074,1.0394333529845954,0.45555175252940144,0.0,0.0,0.0,0.8513180894908146,0.0634346304348648,0.02780145257286721,117.32012984809845,8.222758330296143,3.6037827314625894,98.99856397765689,7.13279521508794,3.1260853342222856,0.8513180894908146,0.0634346304348648,0.02780145257286721,0.0,0.0,0.0,500.0,0.0,0.0,0.0,0.0,0.0,0.0,0.0,0.0,0.0,0.0,0.0,0.0,0.0,0.0,1.0,0.0,0.0,0.0,0.0,0.0,0.0,0.0,0.0,0.0,0.0,0.0,0.0,0.0,0.0,1.0,0.0,0.0,28.871299999999998,0.5118175147658127,0.22431391599790648,0.0,0.0,0.0,0.0,0.0,0.0,0.0,0.0,0.0,0.0,0.0,0.0,0.0,0.0,0.0,,,,0.0,0.0,0.0,0.0,0.0,0.0
c032127a581c81deff904ceedf3c721876d4922b0494fee8497003f3aab3947b,60,current,Optimized Pattern Generator,dynamic_session,Dynamic Session Pattern Assignment,50,6,5,5,15.0,60,time_only_baseline,A0) Time Prior + Hungarian (Baseline),False,100,20,0.9400000000000001,0.03244428422615249,0.01421933450215622,0.9400000000000001,0.03244428422615249,0.01421933450215622,100.0,0.0,0.0,100.0,0.0,0.0,0.0,0.0,0.0,0.0,0.0,0.0,1.3564502491600003,0.16895264774584914,0.07404676264630589,419.1450000000001,12.206231152463413,5.349616670772823,2.998555558451335,0.3353046590359778,0.14695374611225973,2.840230931065162,0.32523896760320015,0.14254226233655104,0.004153041669633239,0.0006910440107041034,0.00030286339114217963,0.0,0.0,0.0,0.15329090236773482,0.014405294297903541,0.006313398588056475,2.99767487510253,0.33517317340025365,0.1468961199916291,2.840230931065162,0.32523896760320015,0.14254226233655104,0.15329090236773482,0.014405294297903541,0.006313398588056475,0.0,0.0,0.0,100.0,0.0,0.0,0.0,0.0,0.0,0.0,0.0,0.0,0.0,0.0,0.0,0.0,0.0,0.0,1.0,0.0,0.0,0.0,0.0,0.0,0.0,0.0,0.0,0.0,0.0,0.0,0.0,0.0,0.0,1.0,0.0,0.0,6.322,0.3693322566327962,0.16186699829440865,0.0,0.0,0.0,0.0,0.0,0.0,0.0,0.0,0.0,0.0,0.0,0.0,0.0,0.0,0.0,,,,0.0,0.0,0.0,0.0,0.0,0.0
c032127a581c81deff904ceedf3c721876d4922b0494fee8497003f3aab3947b,60,current,Optimized Pattern Generator,dynamic_session,Dynamic Session Pattern Assignment,50,6,5,5,15.0,60,time_only_baseline,A0) Time Prior + Hungarian (Baseline),False,300,20,0.8175000000000001,0.018602489929548355,0.008152900678512176,0.8175000000000001,0.018602489929548355,0.008152900678512176,300.0,0.0,0.0,300.0,0.0,0.0,0.0,0.0,0.0,0.0,0.0,0.0,1.19565026408,0.04982254652172422,0.021835693763605328,425.2750000000001,6.358738289281833,2.7868399289291204,16.70278739594505,3.1337738808814533,1.3734369590577946,16.42555326677539,3.080731991975054,1.3501903262848534,0.01111028759914916,0.0027370448603358747,0.001199562799574777,0.0,0.0,0.0,0.2648901893247967,0.050992652885214235,0.0223485154880604,16.701553743699332,3.133600980471782,1.3733611821121994,16.42555326677539,3.080731991975054,1.3501903262848534,0.2648901893247967,0.050992652885214235,0.0223485154880604,0.0,0.0,0.0,300.0,0.0,0.0,0.0,0.0,0.0,0.0,0.0,0.0,0.0,0.0,0.0,0.0,0.0,0.0,1.0,0.0,0.0,0.0,0.0,0.0,0.0,0.0,0.0,0.0,0.0,0.0,0.0,0.0,0.0,1.0,0.0,0.0,17.15683333333333,0.40562921304996297,0.17777484083173453,0.0,0.0,0.0,0.0,0.0,0.0,0.0,0.0,0.0,0.0,0.0,0.0,0.0,0.0,0.0,,,,0.0,0.0,0.0,0.0,0.0,0.0
c032127a581c81deff904ceedf3c721876d4922b0494fee8497003f3aab3947b,60,current,Optimized Pattern Generator,dynamic_session,Dynamic Session Pattern Assignment,50,6,5,5,15.0,60,time_only_baseline,A0) Time Prior + Hungarian (Baseline),False,500,20,0.7363000000000002,0.024393916411571508,0.010691105245409437,0.7363000000000002,0.024393916411571508,0.010691105245409437,500.0,0.0,0.0,500.0,0.0,0.0,0.0,0.0,0.0,0.0,0.0,0.0,1.0679402725570002,0.07208182596984822,0.0315912531109345,421.39,5.795361121303458,2.539928998593211,41.162812087501514,0.8383708581056323,0.3674322288994888,40.76232915355795,0.8380928508934269,0.36731038686664236,0.02023661552229896,0.0002853372908540249,0.00012505458145758478,0.0,0.0,0.0,0.3782044997715275,0.003893623821877629,0.0017064558787280586,41.16077026885178,0.8383680834033802,0.3674310128326096,40.76232915355795,0.8380928508934269,0.36731038686664236,0.3782044997715275,0.003893623821877629,0.0017064558787280586,0.0,0.0,0.0,500.0,0.0,0.0,0.0,0.0,0.0,0.0,0.0,0.0,0.0,0.0,0.0,0.0,0.0,0.0,1.0,0.0,0.0,0.0,0.0,0.0,0.0,0.0,0.0,0.0,0.0,0.0,0.0,0.0,0.0,1.0,0.0,0.0,27.7649,0.5261652632115945,0.2306020940042781,0.0,0.0,0.0,0.0,0.0,0.0,0.0,0.0,0.0,0.0,0.0,0.0,0.0,0.0,0.0,,,,0.0,0.0,0.0,0.0,0.0,0.0
c032127a581c81deff904ceedf3c721876d4922b0494fee8497003f3aab3947b,60,current,Optimized Pattern Generator,dynamic_session,Dynamic Session Pattern Assignment,50,6,5,5,15.0,60,single_only,A1) Refined Cost + Greedy 1:1,True,100,20,0.9814999999999998,0.013088765773505328,0.005736404522181583,0.9814999999999998,0.013088765773505328,0.005736404522181583,100.0,0.0,0.0,100.0,0.0,0.0,0.0,0.0,0.0,0.0,0.0,0.0,0.9073621404918057,0.0501851809312311,0.02199462530097035,419.1450000000001,12.206231152463413,5.349616670772823,3.6760507978440726,0.40269841201794404,0.17649036064585485,2.8626121637789765,0.3267778974037151,0.14321672805927516,0.6616740103636403,0.06351243272624466,0.027835550930484006,0.0,0.0,0.0,0.15095566125237384,0.018721302503804785,0.008204972585065523,3.6752418353949907,0.4026741395820173,0.17647972278177937,2.8626121637789765,0.3267778974037151,0.14321672805927516,0.15095566125237384,0.018721302503804785,0.008204972585065523,0.0,0.0,0.0,100.0,0.0,0.0,0.0,0.0,0.0,0.0,0.0,0.0,0.0,0.0,0.0,0.0,0.0,0.0,1.0,0.0,0.0,0.0,0.0,0.0,0.0,0.0,0.0,0.0,0.0,0.0,0.0,0.0,0.0,1.0,0.0,0.0,6.322,0.3693322566327962,0.16186699829440865,0.0,0.0,0.0,0.0,0.0,0.0,0.0,0.0,0.0,0.0,0.0,0.0,0.0,0.0,0.0,,,,0.0,0.0,0.0,0.0,0.0,0.0
c032127a581c81deff904ceedf3c721876d4922b0494fee8497003f3aab3947b,60,current,Optimized Pattern Generator,dynamic_session,Dynamic Session Pattern Assignment,50,6,5,5,15.0,60,single_only,A1) Refined Cost + Greedy 1:1,True,300,20,0.9591666666666665,0.013017082793177766,0.005704988070880511,0.9591666666666665,0.013017082793177766,0.005704988070880511,300.0,0.0,0.0,300.0,0.0,0.0,0.0,0.0,0.0,0.0,0.0,0.0,0.8849392912164928,0.04903276134374152,0.021489555147869474,425.2750000000001,6.358738289281833,2.7868399289291204,20.42997749155329,3.727211214898428,1.6335223380304424,16.467045203257292,3.0033706056701632,1.3162852038370272,3.7076219066773772,0.6781374310864697,0.2972068332232993,0.0,0.0,0.0,0.25402417146397055,0.047260806945620716,0.020712961892372816,20.428691281398642,3.727069523751017,1.633460239147108,16.467045203257292,3.0033706056701632,1.3162852038370272,0.25402417146397055,0.047260806945620716,0.020712961892372816,0.0,0.0,0.0,300.0,0.0,0.0,0.0,0.0,0.0,0.0,0.0,0.0,0.0,0.0,0.0,0.0,0.0,0.0,1.0,0.0,0.0,0.0,0.0,0.0,0.0,0.0,0.0,0.0,0.0,0.0,0.0,0.0,0.0,1.0,0.0,0.0,17.15683333333333,0.40562921304996297,0.17777484083173453,0.0,0.0,0.0,0.0,0.0,0.0,0.0,0.0,0.0,0.0,0.0,0.0,0.0,0.0,0.0,,,,0.0,0.0,0.0,0.0,0.0,0.0
c032127a581c81deff904ceedf3c721876d4922b0494fee8497003f3aab3947b,60,current,Optimized Pattern Generator,dynamic_session,Dynamic Session Pattern Assignment,50,6,5,5,15.0,60,single_only,A1) Refined Cost + Greedy 1:1,True,500,20,0.9309000000000001,0.010145779521814105,0.004446583928318323,0.9309000000000001,0.010145779521814105,0.004446583928318323,500.0,0.0,0.0,500.0,0.0,0.0,0.0,0.0,0.0,0.0,0.0,0.0,0.8787420894404988,0.029239105240164123,0.012814602875982349,421.39,5.795361121303458,2.539928998593211,50.33931457290309,1.0179972745813384,0.4461569769471847,41.01013848598959,0.8576815131076206,0.37589549660528926,8.950094982421433,0.16387638847517397,0.0718219939293798,0.0,0.0,0.0,0.37705871068610575,0.0042479971096206085,0.0018617668198455239,50.33729217909713,1.0179743675729156,0.44614693750809775,41.01013848598959,0.8576815131076206,0.37589549660528926,0.37705871068610575,0.0042479971096206085,0.0018617668198455239,0.0,0.0,0.0,500.0,0.0,0.0,0.0,0.0,0.0,0.0,0.0,0.0,0.0,0.0,0.0,0.0,0.0,0.0,1.0,0.0,0.0,0.0,0.0,0.0,0.0,0.0,0.0,0.0,0.0,0.0,0.0,0.0,0.0,1.0,0.0,0.0,27.7649,0.5261652632115945,0.2306020940042781,0.0,0.0,0.0,0.0,0.0,0.0,0.0,0.0,0.0,0.0,0.0,0.0,0.0,0.0,0.0,,,,0.0,0.0,0.0,0.0,0.0,0.0
c032127a581c81deff904ceedf3c721876d4922b0494fee8497003f3aab3947b,60,current,Optimized Pattern Generator,dynamic_session,Dynamic Session Pattern Assignment,50,6,5,5,15.0,60,nomura_original_interval_hungarian,A2) Corr+DTW + Hungarian,False,100,20,0.9950000000000001,0.007608859102526828,0.0033347295321557334,0.9950000000000001,0.007608859102526828,0.0033347295321557334,100.0,0.0,0.0,100.0,0.0,0.0,0.0,0.0,0.0,0.0,0.0,0.0,0.11627136456373273,0.007471187043619338,0.003274392092021111,419.1450000000001,12.206231152463413,5.349616670772823,4.702105735395162,0.4955372654032936,0.21717878212191935,2.8698856457485817,0.3295861837460318,0.1444475138149692,1.6812809654074954,0.15166786787784758,0.0664713738651555,0.0,0.0,0.0,0.15008127639157465,0.019701110161377284,0.008634392224398085,4.701247887547652,0.4955031206767159,0.217163817535698,2.8698856457485817,0.3295861837460318,0.1444475138149692,0.15008127639157465,0.019701110161377284,0.008634392224398085,0.0,0.0,0.0,100.0,0.0,0.0,0.0,0.0,0.0,0.0,0.0,0.0,0.0,0.0,0.0,0.0,0.0,0.0,1.0,0.0,0.0,0.0,0.0,0.0,0.0,0.0,0.0,0.0,0.0,0.0,0.0,0.0,0.0,1.0,0.0,0.0,6.322,0.3693322566327962,0.16186699829440865,0.0,0.0,0.0,0.0,0.0,0.0,0.0,0.0,0.0,0.0,0.0,0.0,0.0,0.0,0.0,,,,0.0,0.0,0.0,0.0,0.0,0.0
c032127a581c81deff904ceedf3c721876d4922b0494fee8497003f3aab3947b,60,current,Optimized Pattern Generator,dynamic_session,Dynamic Session Pattern Assignment,50,6,5,5,15.0,60,nomura_original_interval_hungarian,A2) Corr+DTW + Hungarian,False,300,20,0.9694999999999998,0.008534416049733078,0.0037403727493518038,0.9694999999999998,0.008534416049733078,0.0037403727493518038,300.0,0.0,0.0,300.0,0.0,0.0,0.0,0.0,0.0,0.0,0.0,0.0,0.11647250790373061,0.005682506760974128,0.002490468394427498,425.2750000000001,6.358738289281833,2.7868399289291204,26.006165014702127,4.700028993428725,2.059878527803202,16.35597315765481,2.935715613746024,1.2866340962889504,9.38486755367776,1.7193794911797609,0.7535512865938012,0.0,0.0,0.0,0.26407171991595535,0.0459630991889247,0.020144216391628212,26.00491243124852,4.699885572776676,2.0598156709310396,16.35597315765481,2.935715613746024,1.2866340962889504,0.26407171991595535,0.0459630991889247,0.020144216391628212,0.0,0.0,0.0,300.0,0.0,0.0,0.0,0.0,0.0,0.0,0.0,0.0,0.0,0.0,0.0,0.0,0.0,0.0,1.0,0.0,0.0,0.0,0.0,0.0,0.0,0.0,0.0,0.0,0.0,0.0,0.0,0.0,0.0,1.0,0.0,0.0,17.15683333333333,0.40562921304996297,0.17777484083173453,0.0,0.0,0.0,0.0,0.0,0.0,0.0,0.0,0.0,0.0,0.0,0.0,0.0,0.0,0.0,,,,0.0,0.0,0.0,0.0,0.0,0.0
c032127a581c81deff904ceedf3c721876d4922b0494fee8497003f3aab3947b,60,current,Optimized Pattern Generator,dynamic_session,Dynamic Session Pattern Assignment,50,6,5,5,15.0,60,nomura_original_interval_hungarian,A2) Corr+DTW + Hungarian,False,500,20,0.9356,0.014776937935067645,0.006476278593532898,0.9356,0.014776937935067645,0.006476278593532898,500.0,0.0,0.0,500.0,0.0,0.0,0.0,0.0,0.0,0.0,0.0,0.0,0.11414517929347597,0.0034094626857321263,0.001494262905081023,421.39,5.795361121303458,2.539928998593211,64.0001453040546,1.2558725184147834,0.5504103991608652,40.889851314960104,0.8465514535115677,0.3710175329146112,22.73111890240252,0.4147320733640449,0.1817643452643211,0.0,0.0,0.0,0.377167703435407,0.0042732696213031345,0.001872842986446044,63.99813792079804,1.2558535697791993,0.5504020945551648,40.889851314960104,0.8465514535115677,0.3710175329146112,0.377167703435407,0.0042732696213031345,0.001872842986446044,0.0,0.0,0.0,500.0,0.0,0.0,0.0,0.0,0.0,0.0,0.0,0.0,0.0,0.0,0.0,0.0,0.0,0.0,1.0,0.0,0.0,0.0,0.0,0.0,0.0,0.0,0.0,0.0,0.0,0.0,0.0,0.0,0.0,1.0,0.0,0.0,27.7649,0.5261652632115945,0.2306020940042781,0.0,0.0,0.0,0.0,0.0,0.0,0.0,0.0,0.0,0.0,0.0,0.0,0.0,0.0,0.0,,,,0.0,0.0,0.0,0.0,0.0,0.0
c032127a581c81deff904ceedf3c721876d4922b0494fee8497003f3aab3947b,60,current,Optimized Pattern Generator,dynamic_session,Dynamic Session Pattern Assignment,50,6,5,5,15.0,60,bayesian_windowed,A3) Two-Stage Bayesian Posterior + Hungarian,False,100,20,0.9849999999999998,0.011002392084403628,0.004822010936703094,0.9849999999999998,0.011002392084403628,0.004822010936703094,100.0,0.0,0.0,100.0,0.0,0.0,0.0,0.0,0.0,0.0,0.0,0.0,0.13608313289425097,0.01770625123237481,0.007760106750926782,419.1450000000001,12.206231152463413,5.349616670772823,3.5867982583498814,0.3772935313907081,0.16535618079747252,2.835077306837775,0.3099328722257374,0.13583407026866703,0.5982771622468135,0.05816406950237339,0.025491527398044535,0.0,0.0,0.0,0.15263389761385043,0.01841283503395769,0.008069780755706132,3.5859883666984387,0.3772730925235265,0.16534722306897787,2.835077306837775,0.3099328722257374,0.13583407026866703,0.15263389761385043,0.01841283503395769,0.008069780755706132,0.0,0.0,0.0,100.0,0.0,0.0,0.0,0.0,0.0,0.0,0.0,0.0,0.0,0.0,0.0,0.0,0.0,0.0,1.0,0.0,0.0,0.0,0.0,0.0,0.0,0.0,0.0,0.0,0.0,0.0,0.0,0.0,0.0,1.0,0.0,0.0,6.322,0.3693322566327962,0.16186699829440865,0.0,0.0,0.0,0.0,0.0,0.0,0.0,0.0,0.0,0.0,0.0,0.0,0.0,0.0,0.0,,,,0.0,0.0,0.0,0.0,0.0,0.0
c032127a581c81deff904ceedf3c721876d4922b0494fee8497003f3aab3947b,60,current,Optimized Pattern Generator,dynamic_session,Dynamic Session Pattern Assignment,50,6,5,5,15.0,60,bayesian_windowed,A3) Two-Stage Bayesian Posterior + Hungarian,False,300,20,0.9715,0.011671678121651506,0.005115338475535925,0.9715,0.011671678121651506,0.005115338475535925,300.0,0.0,0.0,300.0,0.0,0.0,0.0,0.0,0.0,0.0,0.0,0.0,0.3477167915170475,0.022745571366234965,0.009968686177346933,425.2750000000001,6.358738289281833,2.7868399289291204,19.87007388339989,3.647691321408028,1.5986712080984593,16.365954780965694,3.003358415206271,1.316279861130663,3.241595322842477,0.5989549718687389,0.262503590381755,0.0,0.0,0.0,0.2612572483412805,0.04593797876726411,0.02013320688141873,19.868807352149453,3.6475252574384105,1.5985984273548224,16.365954780965694,3.003358415206271,1.316279861130663,0.2612572483412805,0.04593797876726411,0.02013320688141873,0.0,0.0,0.0,300.0,0.0,0.0,0.0,0.0,0.0,0.0,0.0,0.0,0.0,0.0,0.0,0.0,0.0,0.0,1.0,0.0,0.0,0.0,0.0,0.0,0.0,0.0,0.0,0.0,0.0,0.0,0.0,0.0,0.0,1.0,0.0,0.0,17.15683333333333,0.40562921304996297,0.17777484083173453,0.0,0.0,0.0,0.0,0.0,0.0,0.0,0.0,0.0,0.0,0.0,0.0,0.0,0.0,0.0,,,,0.0,0.0,0.0,0.0,0.0,0.0
c032127a581c81deff904ceedf3c721876d4922b0494fee8497003f3aab3947b,60,current,Optimized Pattern Generator,dynamic_session,Dynamic Session Pattern Assignment,50,6,5,5,15.0,60,bayesian_windowed,A3) Two-Stage Bayesian Posterior + Hungarian,False,500,20,0.9483,0.01001630250089689,0.004389838121940492,0.9483,0.01001630250089689,0.004389838121940492,500.0,0.0,0.0,500.0,0.0,0.0,0.0,0.0,0.0,0.0,0.0,0.0,0.5580347260207609,0.026031516411640275,0.011408815089750493,421.39,5.795361121303458,2.539928998593211,49.03919991034782,0.9790444932452098,0.42908516781905204,40.85783863273682,0.8328282856664563,0.3650030894256227,7.800474564467732,0.14705213943453807,0.0644484416824313,0.0,0.0,0.0,0.3788123007005197,0.004257249386747509,0.0018658218090835978,49.03712549790507,0.9790423703427917,0.42908423741604523,40.85783863273682,0.8328282856664563,0.3650030894256227,0.3788123007005197,0.004257249386747509,0.0018658218090835978,0.0,0.0,0.0,500.0,0.0,0.0,0.0,0.0,0.0,0.0,0.0,0.0,0.0,0.0,0.0,0.0,0.0,0.0,1.0,0.0,0.0,0.0,0.0,0.0,0.0,0.0,0.0,0.0,0.0,0.0,0.0,0.0,0.0,1.0,0.0,0.0,27.7649,0.5261652632115945,0.2306020940042781,0.0,0.0,0.0,0.0,0.0,0.0,0.0,0.0,0.0,0.0,0.0,0.0,0.0,0.0,0.0,,,,0.0,0.0,0.0,0.0,0.0,0.0
c032127a581c81deff904ceedf3c721876d4922b0494fee8497003f3aab3947b,60,current,Optimized Pattern Generator,dynamic_session,Dynamic Session Pattern Assignment,50,6,5,5,15.0,120,time_only_baseline,A0) Time Prior + Hungarian (Baseline),False,100,20,0.9265000000000001,0.025603248149199207,0.0112211182480554,0.9265000000000001,0.025603248149199207,0.0112211182480554,100.0,0.0,0.0,100.0,0.0,0.0,0.0,0.0,0.0,0.0,0.0,0.0,1.3128502535400002,0.19769813732917024,0.08664502892225022,416.2,9.970271600587116,4.369664190397491,1.927210004303197,0.1017791004171889,0.044606657495435874,1.8286429755025893,0.10473699224292422,0.045903010745153155,0.0022925171433598734,4.408346391193613e-05,1.9320429910186604e-05,0.0,0.0,0.0,0.09580576790758641,0.006169989489136349,0.002704117119960943,1.9267412605535355,0.10178032414746525,0.044607193818876345,1.8286429755025893,0.10473699224292422,0.045903010745153155,0.09580576790758641,0.006169989489136349,0.002704117119960943,0.0,0.0,0.0,100.0,0.0,0.0,0.0,0.0,0.0,0.0,0.0,0.0,0.0,0.0,0.0,0.0,0.0,0.0,1.0,0.0,0.0,0.0,0.0,0.0,0.0,0.0,0.0,0.0,0.0,0.0,0.0,0.0,0.0,1.0,0.0,0.0,6.537999999999999,0.3593209970866836,0.15747937034485035,0.0,0.0,0.0,0.0,0.0,0.0,0.0,0.0,0.0,0.0,0.0,0.0,0.0,0.0,0.0,,,,0.0,0.0,0.0,0.0,0.0,0.0
c032127a581c81deff904ceedf3c721876d4922b0494fee8497003f3aab3947b,60,current,Optimized Pattern Generator,dynamic_session,Dynamic Session Pattern Assignment,50,6,5,5,15.0,120,time_only_baseline,A0) Time Prior + Hungarian (Baseline),False,300,20,0.8274999999999999,0.015999817250418314,0.0070122290839037885,0.8274999999999999,0.015999817250418314,0.0070122290839037885,300.0,0.0,0.0,300.0,0.0,0.0,0.0,0.0,0.0,0.0,0.0,0.0,1.1814502615616667,0.0661788515464418,0.029004160503219346,422.58500000000004,5.286753555623209,2.317021904809793,15.152761935400486,0.3075905400681853,0.13480749793835367,14.906607802900544,0.30694334497066744,0.1345238521807338,0.009643410904391202,0.00010523652996056588,4.612194280277164e-05,0.0,0.0,0.0,0.23536199243972078,0.002457210809583274,0.0010769201194339966,15.151613206244656,0.30758359690532977,0.1348044549630654,14.906607802900544,0.30694334497066744,0.1345238521807338,0.23536199243972078,0.002457210809583274,0.0010769201194339966,0.0,0.0,0.0,300.0,0.0,0.0,0.0,0.0,0.0,0.0,0.0,0.0,0.0,0.0,0.0,0.0,0.0,0.0,1.0,0.0,0.0,0.0,0.0,0.0,0.0,0.0,0.0,0.0,0.0,0.0,0.0,0.0,0.0,1.0,0.0,0.0,17.273166666666665,0.3487965525743039,0.15286682916724967,0.0,0.0,0.0,0.0,0.0,0.0,0.0,0.0,0.0,0.0,0.0,0.0,0.0,0.0,0.0,,,,0.0,0.0,0.0,0.0,0.0,0.0
c032127a581c81deff904ceedf3c721876d4922b0494fee8497003f3aab3947b,60,current,Optimized Pattern Generator,dynamic_session,Dynamic Session Pattern Assignment,50,6,5,5,15.0,120,time_only_baseline,A0) Time Prior + Hungarian (Baseline),False,500,20,0.7373999999999999,0.01785438174142195,0.00782502780892991,0.7373999999999999,0.01785438174142195,0.00782502780892991,500.0,0.0,0.0,500.0,0.0,0.0,0.0,0.0,0.0,0.0,0.0,0.0,1.037570277956,0.04072781472362561,0.01784975181022056,421.0200000000001,4.885919619305638,2.141348686667991,42.55103699995234,0.896306897381124,0.3928238176442398,42.148879373384986,0.8978365136132533,0.39349420151564735,0.020493322670517955,0.0002413829265615981,0.00010579073195031629,0.0,0.0,0.0,0.37959153924457495,0.00704806521547046,0.0030889507746021555,42.54896423530008,0.8962836816947892,0.39281364292109316,42.148879373384986,0.8978365136132533,0.39349420151564735,0.37959153924457495,0.00704806521547046,0.0030889507746021555,0.0,0.0,0.0,500.0,0.0,0.0,0.0,0.0,0.0,0.0,0.0,0.0,0.0,0.0,0.0,0.0,0.0,0.0,1.0,0.0,0.0,0.0,0.0,0.0,0.0,0.0,0.0,0.0,0.0,0.0,0.0,0.0,0.0,1.0,0.0,0.0,28.55879999999999,0.5907759037241221,0.2589189557184176,0.0,0.0,0.0,0.0,0.0,0.0,0.0,0.0,0.0,0.0,0.0,0.0,0.0,0.0,0.0,,,,0.0,0.0,0.0,0.0,0.0,0.0
c032127a581c81deff904ceedf3c721876d4922b0494fee8497003f3aab3947b,60,current,Optimized Pattern Generator,dynamic_session,Dynamic Session Pattern Assignment,50,6,5,5,15.0,120,single_only,A1) Refined Cost + Greedy 1:1,True,100,20,0.9799999999999999,0.011697953037312046,0.005126853965049854,0.9799999999999999,0.011697953037312046,0.005126853965049854,100.0,0.0,0.0,100.0,0.0,0.0,0.0,0.0,0.0,0.0,0.0,0.0,0.9320585232730905,0.0694111001884896,0.030420755929244193,416.2,9.970271600587116,4.369664190397491,2.360290947901376,0.12276926881102355,0.05380600439944111,1.8397696395099046,0.10194180007824592,0.044677963765835646,0.42496797611820514,0.023321069223535943,0.010220909233993701,0.0,0.0,0.0,0.0950580176198855,0.006458358897371032,0.002830500585451994,2.3597956332479955,0.1227828464644737,0.05381195506843464,1.8397696395099046,0.10194180007824592,0.044677963765835646,0.0950580176198855,0.006458358897371032,0.002830500585451994,0.0,0.0,0.0,100.0,0.0,0.0,0.0,0.0,0.0,0.0,0.0,0.0,0.0,0.0,0.0,0.0,0.0,0.0,1.0,0.0,0.0,0.0,0.0,0.0,0.0,0.0,0.0,0.0,0.0,0.0,0.0,0.0,0.0,1.0,0.0,0.0,6.537999999999999,0.3593209970866836,0.15747937034485035,0.0,0.0,0.0,0.0,0.0,0.0,0.0,0.0,0.0,0.0,0.0,0.0,0.0,0.0,0.0,,,,0.0,0.0,0.0,0.0,0.0,0.0
c032127a581c81deff904ceedf3c721876d4922b0494fee8497003f3aab3947b,60,current,Optimized Pattern Generator,dynamic_session,Dynamic Session Pattern Assignment,50,6,5,5,15.0,120,single_only,A1) Refined Cost + Greedy 1:1,True,300,20,0.9568333333333332,0.009821506417250549,0.004304464974122837,0.9568333333333332,0.009821506417250549,0.004304464974122837,300.0,0.0,0.0,300.0,0.0,0.0,0.0,0.0,0.0,0.0,0.0,0.0,0.8809290516623545,0.03833344795605172,0.016800374306569672,422.58500000000004,5.286753555623209,2.317021904809793,18.600882366746372,0.3609954837198832,0.1582132464689432,15.01082081366476,0.29376460426984635,0.12874801440801747,3.3611817817523844,0.06324918009238868,0.027720175376710673,0.0,0.0,0.0,0.2276713982821093,0.008218694032702433,0.0036020014745053257,18.599673993699252,0.36099178489303474,0.15821162538660222,15.01082081366476,0.29376460426984635,0.12874801440801747,0.2276713982821093,0.008218694032702433,0.0036020014745053257,0.0,0.0,0.0,300.0,0.0,0.0,0.0,0.0,0.0,0.0,0.0,0.0,0.0,0.0,0.0,0.0,0.0,0.0,1.0,0.0,0.0,0.0,0.0,0.0,0.0,0.0,0.0,0.0,0.0,0.0,0.0,0.0,0.0,1.0,0.0,0.0,17.273166666666665,0.3487965525743039,0.15286682916724967,0.0,0.0,0.0,0.0,0.0,0.0,0.0,0.0,0.0,0.0,0.0,0.0,0.0,0.0,0.0,,,,0.0,0.0,0.0,0.0,0.0,0.0
c032127a581c81deff904ceedf3c721876d4922b0494fee8497003f3aab3947b,60,current,Optimized Pattern Generator,dynamic_session,Dynamic Session Pattern Assignment,50,6,5,5,15.0,120,single_only,A1) Refined Cost + Greedy 1:1,True,500,20,0.9354000000000001,0.01052515783104559,0.004612853803289909,0.9354000000000001,0.01052515783104559,0.004612853803289909,500.0,0.0,0.0,500.0,0.0,0.0,0.0,0.0,0.0,0.0,0.0,0.0,0.868894207382438,0.025608818450581917,0.011223559540274592,421.0200000000001,4.885919619305638,2.141348686667991,51.96781011259882,1.088669136139179,0.4771302859089827,42.393923741778416,0.903613195037096,0.3960259437758696,9.194474723242456,0.18682636673162875,0.0818802653762405,0.0,0.0,0.0,0.37735209952516013,0.0044821646096744406,0.0019643952517008688,51.965750564546035,1.0886535459782816,0.47712345321971156,42.393923741778416,0.903613195037096,0.3960259437758696,0.37735209952516013,0.0044821646096744406,0.0019643952517008688,0.0,0.0,0.0,500.0,0.0,0.0,0.0,0.0,0.0,0.0,0.0,0.0,0.0,0.0,0.0,0.0,0.0,0.0,1.0,0.0,0.0,0.0,0.0,0.0,0.0,0.0,0.0,0.0,0.0,0.0,0.0,0.0,0.0,1.0,0.0,0.0,28.55879999999999,0.5907759037241221,0.2589189557184176,0.0,0.0,0.0,0.0,0.0,0.0,0.0,0.0,0.0,0.0,0.0,0.0,0.0,0.0,0.0,,,,0.0,0.0,0.0,0.0,0.0,0.0
c032127a581c81deff904ceedf3c721876d4922b0494fee8497003f3aab3947b,60,current,Optimized Pattern Generator,dynamic_session,Dynamic Session Pattern Assignment,50,6,5,5,15.0,120,nomura_original_interval_hungarian,A2) Corr+DTW + Hungarian,False,100,20,0.9949999999999999,0.007608859102526828,0.0033347295321557334,0.9949999999999999,0.007608859102526828,0.0033347295321557334,100.0,0.0,0.0,100.0,0.0,0.0,0.0,0.0,0.0,0.0,0.0,0.0,0.11809134599355017,0.006531326392849804,0.002862480000339529,416.2,9.970271600587116,4.369664190397491,3.016204229094728,0.1587415642858558,0.06957155800517399,1.8342890027022805,0.10250883158272536,0.04492647627975804,1.0854517826825032,0.058052049607105104,0.025442432514316687,0.0,0.0,0.0,0.0959601334630861,0.006478472082947518,0.0028393155776898398,3.0157009188478696,0.15872763679445348,0.06956545401293777,1.8342890027022805,0.10250883158272536,0.04492647627975804,0.0959601334630861,0.006478472082947518,0.0028393155776898398,0.0,0.0,0.0,100.0,0.0,0.0,0.0,0.0,0.0,0.0,0.0,0.0,0.0,0.0,0.0,0.0,0.0,0.0,1.0,0.0,0.0,0.0,0.0,0.0,0.0,0.0,0.0,0.0,0.0,0.0,0.0,0.0,0.0,1.0,0.0,0.0,6.537999999999999,0.3593209970866836,0.15747937034485035,0.0,0.0,0.0,0.0,0.0,0.0,0.0,0.0,0.0,0.0,0.0,0.0,0.0,0.0,0.0,,,,0.0,0.0,0.0,0.0,0.0,0.0
c032127a581c81deff904ceedf3c721876d4922b0494fee8497003f3aab3947b,60,current,Optimized Pattern Generator,dynamic_session,Dynamic Session Pattern Assignment,50,6,5,5,15.0,120,nomura_original_interval_hungarian,A2) Corr+DTW + Hungarian,False,300,20,0.9715,0.010511758940509992,0.004606981480598016,0.9715,0.010511758940509992,0.004606981480598016,300.0,0.0,0.0,300.0,0.0,0.0,0.0,0.0,0.0,0.0,0.0,0.0,0.11502261532544591,0.005295716868460318,0.0023209502498640383,422.58500000000004,5.286753555623209,2.317021904809793,23.680514576946734,0.4869375987918205,0.2134098120530099,14.948385738635261,0.3165018266171948,0.13871304146650437,8.491531667209347,0.17466901839066645,0.07655207254219945,0.0,0.0,0.0,0.23943626920954558,0.002574073346610797,0.0011281373844900554,23.679353675054152,0.48694508336070624,0.2134130923099528,14.948385738635261,0.3165018266171948,0.13871304146650437,0.23943626920954558,0.002574073346610797,0.0011281373844900554,0.0,0.0,0.0,300.0,0.0,0.0,0.0,0.0,0.0,0.0,0.0,0.0,0.0,0.0,0.0,0.0,0.0,0.0,1.0,0.0,0.0,0.0,0.0,0.0,0.0,0.0,0.0,0.0,0.0,0.0,0.0,0.0,0.0,1.0,0.0,0.0,17.273166666666665,0.3487965525743039,0.15286682916724967,0.0,0.0,0.0,0.0,0.0,0.0,0.0,0.0,0.0,0.0,0.0,0.0,0.0,0.0,0.0,,,,0.0,0.0,0.0,0.0,0.0,0.0
c032127a581c81deff904ceedf3c721876d4922b0494fee8497003f3aab3947b,60,current,Optimized Pattern Generator,dynamic_session,Dynamic Session Pattern Assignment,50,6,5,5,15.0,120,nomura_original_interval_hungarian,A2) Corr+DTW + Hungarian,False,500,20,0.9333,0.011792504309718784,0.005168292887252125,0.9333,0.011792504309718784,0.005168292887252125,500.0,0.0,0.0,500.0,0.0,0.0,0.0,0.0,0.0,0.0,0.0,0.0,0.11338883016062933,0.004584694906214222,0.0020093311354128364,421.0200000000001,4.885919619305638,2.141348686667991,65.99859414794628,1.3785722608108415,0.6041859322654477,42.27339068189176,0.9021145581730219,0.3953691372111448,23.345743736489386,0.47956943660581736,0.21018057259564918,0.0,0.0,0.0,0.3774129524186719,0.004216379439941838,0.0018479097651419188,65.99654737079982,1.3785522484556183,0.6041771614640605,42.27339068189176,0.9021145581730219,0.3953691372111448,0.3774129524186719,0.004216379439941838,0.0018479097651419188,0.0,0.0,0.0,500.0,0.0,0.0,0.0,0.0,0.0,0.0,0.0,0.0,0.0,0.0,0.0,0.0,0.0,0.0,1.0,0.0,0.0,0.0,0.0,0.0,0.0,0.0,0.0,0.0,0.0,0.0,0.0,0.0,0.0,1.0,0.0,0.0,28.55879999999999,0.5907759037241221,0.2589189557184176,0.0,0.0,0.0,0.0,0.0,0.0,0.0,0.0,0.0,0.0,0.0,0.0,0.0,0.0,0.0,,,,0.0,0.0,0.0,0.0,0.0,0.0
c032127a581c81deff904ceedf3c721876d4922b0494fee8497003f3aab3947b,60,current,Optimized Pattern Generator,dynamic_session,Dynamic Session Pattern Assignment,50,6,5,5,15.0,120,bayesian_windowed,A3) Two-Stage Bayesian Posterior + Hungarian,False,100,20,0.984,0.013138933706635738,0.005758391588300555,0.984,0.013138933706635738,0.005758391588300555,100.0,0.0,0.0,100.0,0.0,0.0,0.0,0.0,0.0,0.0,0.0,0.0,0.14043823013808818,0.020810749403169525,0.009120713064327246,416.2,9.970271600587116,4.369664190397491,2.324554529153102,0.12130068282323095,0.05316236821193755,1.839759703837626,0.10172228282560113,0.04458175608800268,0.3855702546061366,0.02048108453332002,0.00897623106480693,0.0,0.0,0.0,0.09871130820829421,0.003493896400510269,0.0015312676121450272,2.324041266652057,0.1212864007833583,0.05315610883198309,1.839759703837626,0.10172228282560113,0.04458175608800268,0.09871130820829421,0.003493896400510269,0.0015312676121450272,0.0,0.0,0.0,100.0,0.0,0.0,0.0,0.0,0.0,0.0,0.0,0.0,0.0,0.0,0.0,0.0,0.0,0.0,1.0,0.0,0.0,0.0,0.0,0.0,0.0,0.0,0.0,0.0,0.0,0.0,0.0,0.0,0.0,1.0,0.0,0.0,6.537999999999999,0.3593209970866836,0.15747937034485035,0.0,0.0,0.0,0.0,0.0,0.0,0.0,0.0,0.0,0.0,0.0,0.0,0.0,0.0,0.0,,,,0.0,0.0,0.0,0.0,0.0,0.0
c032127a581c81deff904ceedf3c721876d4922b0494fee8497003f3aab3947b,60,current,Optimized Pattern Generator,dynamic_session,Dynamic Session Pattern Assignment,50,6,5,5,15.0,120,bayesian_windowed,A3) Two-Stage Bayesian Posterior + Hungarian,False,300,20,0.9690000000000001,0.008924635724051555,0.003911394062066857,0.9690000000000001,0.008924635724051555,0.003911394062066857,300.0,0.0,0.0,300.0,0.0,0.0,0.0,0.0,0.0,0.0,0.0,0.0,0.35496113190928824,0.02132651478163647,0.00934675720787907,422.58500000000004,5.286753555623209,2.317021904809793,18.187978685450798,0.3784463307111877,0.16586141737589408,15.000598148192513,0.3210771242943077,0.14071825408467534,2.9500249460936177,0.05798813032528287,0.025414418653908095,0.0,0.0,0.0,0.236162859867909,0.003037766808637686,0.0013313600044456662,18.18678595415404,0.3784348526949108,0.16585638691346422,15.000598148192513,0.3210771242943077,0.14071825408467534,0.236162859867909,0.003037766808637686,0.0013313600044456662,0.0,0.0,0.0,300.0,0.0,0.0,0.0,0.0,0.0,0.0,0.0,0.0,0.0,0.0,0.0,0.0,0.0,0.0,1.0,0.0,0.0,0.0,0.0,0.0,0.0,0.0,0.0,0.0,0.0,0.0,0.0,0.0,0.0,1.0,0.0,0.0,17.273166666666665,0.3487965525743039,0.15286682916724967,0.0,0.0,0.0,0.0,0.0,0.0,0.0,0.0,0.0,0.0,0.0,0.0,0.0,0.0,0.0,,,,0.0,0.0,0.0,0.0,0.0,0.0
c032127a581c81deff904ceedf3c721876d4922b0494fee8497003f3aab3947b,60,current,Optimized Pattern Generator,dynamic_session,Dynamic Session Pattern Assignment,50,6,5,5,15.0,120,bayesian_windowed,A3) Two-Stage Bayesian Posterior + Hungarian,False,500,20,0.9499999999999998,0.010799610129415235,0.0047331378264540815,0.9499999999999998,0.010799610129415235,0.0047331378264540815,500.0,0.0,0.0,500.0,0.0,0.0,0.0,0.0,0.0,0.0,0.0,0.0,0.5508363482235102,0.0380234042916929,0.016664491679507783,421.0200000000001,4.885919619305638,2.141348686667991,50.621371906147395,1.0473593729682358,0.45902548394639203,42.22449834131985,0.885041112507934,0.3878863697281568,8.017877022738684,0.16269004739767226,0.07130205702779616,0.0,0.0,0.0,0.3769053213938605,0.004581765441954375,0.002008047241093192,50.619280685452395,1.0473523788490953,0.45902241863852716,42.22449834131985,0.885041112507934,0.3878863697281568,0.3769053213938605,0.004581765441954375,0.002008047241093192,0.0,0.0,0.0,500.0,0.0,0.0,0.0,0.0,0.0,0.0,0.0,0.0,0.0,0.0,0.0,0.0,0.0,0.0,1.0,0.0,0.0,0.0,0.0,0.0,0.0,0.0,0.0,0.0,0.0,0.0,0.0,0.0,0.0,1.0,0.0,0.0,28.55879999999999,0.5907759037241221,0.2589189557184176,0.0,0.0,0.0,0.0,0.0,0.0,0.0,0.0,0.0,0.0,0.0,0.0,0.0,0.0,0.0,,,,0.0,0.0,0.0,0.0,0.0,0.0
c032127a581c81deff904ceedf3c721876d4922b0494fee8497003f3aab3947b,60,current,Optimized Pattern Generator,dynamic_session,Dynamic Session Pattern Assignment,50,6,5,5,15.0,180,time_only_baseline,A0) Time Prior + Hungarian (Baseline),False,100,20,0.923,0.03341918768107862,0.014646604779912208,0.923,0.03341918768107862,0.014646604779912208,100.0,0.0,0.0,100.0,0.0,0.0,0.0,0.0,0.0,0.0,0.0,0.0,1.3351502555650003,0.17203618821151664,0.07539818384045624,419.05000000000007,9.351976993353361,4.098684631105834,1.9529466979511199,0.08485146878985868,0.03718779583214586,1.8528260961800698,0.08635754133425251,0.03784786122745475,0.0023048839706461877,4.0876746923935536e-05,1.7915024224911157e-05,0.0,0.0,0.0,0.09732815109891817,0.005191046429550898,0.0022750764074033424,1.952459131249634,0.08484279205008476,0.03718399308327418,1.8528260961800698,0.08635754133425251,0.03784786122745475,0.09732815109891817,0.005191046429550898,0.0022750764074033424,0.0,0.0,0.0,100.0,0.0,0.0,0.0,0.0,0.0,0.0,0.0,0.0,0.0,0.0,0.0,0.0,0.0,0.0,1.0,0.0,0.0,0.0,0.0,0.0,0.0,0.0,0.0,0.0,0.0,0.0,0.0,0.0,0.0,1.0,0.0,0.0,6.586999999999999,0.31838573096828704,0.13953869895216575,0.0,0.0,0.0,0.0,0.0,0.0,0.0,0.0,0.0,0.0,0.0,0.0,0.0,0.0,0.0,,,,0.0,0.0,0.0,0.0,0.0,0.0
c032127a581c81deff904ceedf3c721876d4922b0494fee8497003f3aab3947b,60,current,Optimized Pattern Generator,dynamic_session,Dynamic Session Pattern Assignment,50,6,5,5,15.0,180,time_only_baseline,A0) Time Prior + Hungarian (Baseline),False,300,20,0.8159999999999998,0.027093081916225368,0.011874066685391435,0.8159999999999998,0.027093081916225368,0.011874066685391435,300.0,0.0,0.0,300.0,0.0,0.0,0.0,0.0,0.0,0.0,0.0,0.0,1.2062835932766665,0.09399678343767534,0.04119590669686181,424.2800000000001,6.207516665937733,2.7205641303539263,15.776849556302476,0.46925751162073887,0.20566117220752844,15.529330277566624,0.46849236318712917,0.2053258311210844,0.009802083158865571,0.00013500004230447793,5.916637722539936e-05,0.0,0.0,0.0,0.23654911627963884,0.003066841795403579,0.0013441026792289413,15.775681477005127,0.469254370777737,0.2056597956723905,15.529330277566624,0.46849236318712917,0.2053258311210844,0.23654911627963884,0.003066841795403579,0.0013441026792289413,0.0,0.0,0.0,300.0,0.0,0.0,0.0,0.0,0.0,0.0,0.0,0.0,0.0,0.0,0.0,0.0,0.0,0.0,1.0,0.0,0.0,0.0,0.0,0.0,0.0,0.0,0.0,0.0,0.0,0.0,0.0,0.0,0.0,1.0,0.0,0.0,17.902166666666666,0.5446531972394526,0.23870478834524328,0.0,0.0,0.0,0.0,0.0,0.0,0.0,0.0,0.0,0.0,0.0,0.0,0.0,0.0,0.0,,,,0.0,0.0,0.0,0.0,0.0,0.0
c032127a581c81deff904ceedf3c721876d4922b0494fee8497003f3aab3947b,60,current,Optimized Pattern Generator,dynamic_session,Dynamic Session Pattern Assignment,50,6,5,5,15.0,180,time_only_baseline,A0) Time Prior + Hungarian (Baseline),False,500,20,0.7475,0.016285285576734292,0.007137341094184649,0.7475,0.016285285576734292,0.007137341094184649,500.0,0.0,0.0,500.0,0.0,0.0,0.0,0.0,0.0,0.0,0.0,0.0,1.019590275847,0.068233359903507,0.029904588491180224,418.74000000000007,5.900080284913167,2.5858241955953445,43.48489591659891,1.078314204847322,0.47259203717588005,43.08449565065384,1.0774048615078708,0.4721934998855878,0.020676239347085356,0.00028728865195176034,0.0001259098031659691,0.0,0.0,0.0,0.37764078074687857,0.0038504559601715903,0.001687536729177328,43.482812670747805,1.0782959734476962,0.47258404691269795,43.08449565065384,1.0774048615078708,0.4721934998855878,0.37764078074687857,0.0038504559601715903,0.001687536729177328,0.0,0.0,0.0,500.0,0.0,0.0,0.0,0.0,0.0,0.0,0.0,0.0,0.0,0.0,0.0,0.0,0.0,0.0,1.0,0.0,0.0,0.0,0.0,0.0,0.0,0.0,0.0,0.0,0.0,0.0,0.0,0.0,0.0,1.0,0.0,0.0,29.0822,0.7010379973184128,0.30724344889560007,0.0,0.0,0.0,0.0,0.0,0.0,0.0,0.0,0.0,0.0,0.0,0.0,0.0,0.0,0.0,,,,0.0,0.0,0.0,0.0,0.0,0.0
c032127a581c81deff904ceedf3c721876d4922b0494fee8497003f3aab3947b,60,current,Optimized Pattern Generator,dynamic_session,Dynamic Session Pattern Assignment,50,6,5,5,15.0,180,single_only,A1) Refined Cost + Greedy 1:1,True,100,20,0.9785,0.013869694338832124,0.006078661556279435,0.9785,0.013869694338832124,0.006078661556279435,100.0,0.0,0.0,100.0,0.0,0.0,0.0,0.0,0.0,0.0,0.0,0.0,0.9436251417583028,0.0876617560560124,0.03841945853137652,419.05000000000007,9.351976993353361,4.098684631105834,2.3861054602981313,0.10772961718126296,0.04721458645263732,1.861950985218573,0.0873012716129309,0.03826146925834249,0.4281490263048909,0.020674045612332846,0.00906079998638507,0.0,0.0,0.0,0.0955126845263294,0.005936144237752086,0.002601629919812038,2.385612696049793,0.10772541668710489,0.04721274550490392,1.861950985218573,0.0873012716129309,0.03826146925834249,0.0955126845263294,0.005936144237752086,0.002601629919812038,0.0,0.0,0.0,100.0,0.0,0.0,0.0,0.0,0.0,0.0,0.0,0.0,0.0,0.0,0.0,0.0,0.0,0.0,1.0,0.0,0.0,0.0,0.0,0.0,0.0,0.0,0.0,0.0,0.0,0.0,0.0,0.0,0.0,1.0,0.0,0.0,6.586999999999999,0.31838573096828704,0.13953869895216575,0.0,0.0,0.0,0.0,0.0,0.0,0.0,0.0,0.0,0.0,0.0,0.0,0.0,0.0,0.0,,,,0.0,0.0,0.0,0.0,0.0,0.0
c032127a581c81deff904ceedf3c721876d4922b0494fee8497003f3aab3947b,60,current,Optimized Pattern Generator,dynamic_session,Dynamic Session Pattern Assignment,50,6,5,5,15.0,180,single_only,A1) Refined Cost + Greedy 1:1,True,300,20,0.9571666666666667,0.011043507790891697,0.004840030689574544,0.9571666666666667,0.011043507790891697,0.004840030689574544,300.0,0.0,0.0,300.0,0.0,0.0,0.0,0.0,0.0,0.0,0.0,0.0,0.9006769581180899,0.044359627974754436,0.01944146414719784,424.2800000000001,6.207516665937733,2.7205641303539263,19.309918462505447,0.5973839775627464,0.26181507176990393,15.610733062065265,0.48934765843705236,0.2144660672635371,3.47080488307256,0.10737029889882901,0.04705710827204149,0.0,0.0,0.0,0.22716442361415828,0.008855615135129731,0.0038811444552463085,19.308702368751984,0.5973701066290337,0.2618089925651681,15.610733062065265,0.48934765843705236,0.2144660672635371,0.22716442361415828,0.008855615135129731,0.0038811444552463085,0.0,0.0,0.0,300.0,0.0,0.0,0.0,0.0,0.0,0.0,0.0,0.0,0.0,0.0,0.0,0.0,0.0,0.0,1.0,0.0,0.0,0.0,0.0,0.0,0.0,0.0,0.0,0.0,0.0,0.0,0.0,0.0,0.0,1.0,0.0,0.0,17.902166666666666,0.5446531972394526,0.23870478834524328,0.0,0.0,0.0,0.0,0.0,0.0,0.0,0.0,0.0,0.0,0.0,0.0,0.0,0.0,0.0,,,,0.0,0.0,0.0,0.0,0.0,0.0
c032127a581c81deff904ceedf3c721876d4922b0494fee8497003f3aab3947b,60,current,Optimized Pattern Generator,dynamic_session,Dynamic Session Pattern Assignment,50,6,5,5,15.0,180,single_only,A1) Refined Cost + Greedy 1:1,True,500,20,0.9346,0.01070366390786962,0.0046910875408362725,0.9346,0.01070366390786962,0.0046910875408362725,500.0,0.0,0.0,500.0,0.0,0.0,0.0,0.0,0.0,0.0,0.0,0.0,0.8909957280272014,0.03468871711170429,0.015203000584750067,418.74000000000007,5.900080284913167,2.5858241955953445,53.069411866748126,1.3216135388759833,0.5792226717305088,43.338886354937856,1.0928702109346609,0.4789714881179494,9.352390283468413,0.23092871451764793,0.10120897150914825,0.0,0.0,0.0,0.37606865324487443,0.0036202281162088282,0.0015866349277321938,53.067345291651144,1.3215834333808967,0.5792094774155409,43.338886354937856,1.0928702109346609,0.4789714881179494,0.37606865324487443,0.0036202281162088282,0.0015866349277321938,0.0,0.0,0.0,500.0,0.0,0.0,0.0,0.0,0.0,0.0,0.0,0.0,0.0,0.0,0.0,0.0,0.0,0.0,1.0,0.0,0.0,0.0,0.0,0.0,0.0,0.0,0.0,0.0,0.0,0.0,0.0,0.0,0.0,1.0,0.0,0.0,29.0822,0.7010379973184128,0.30724344889560007,0.0,0.0,0.0,0.0,0.0,0.0,0.0,0.0,0.0,0.0,0.0,0.0,0.0,0.0,0.0,,,,0.0,0.0,0.0,0.0,0.0,0.0
c032127a581c81deff904ceedf3c721876d4922b0494fee8497003f3aab3947b,60,current,Optimized Pattern Generator,dynamic_session,Dynamic Session Pattern Assignment,50,6,5,5,15.0,180,nomura_original_interval_hungarian,A2) Corr+DTW + Hungarian,False,100,20,0.9909999999999999,0.011192102478745317,0.004905155182909211,0.9909999999999999,0.011192102478745317,0.004905155182909211,100.0,0.0,0.0,100.0,0.0,0.0,0.0,0.0,0.0,0.0,0.0,0.0,0.12097814181858006,0.007919619000562208,0.003470926062466584,419.05000000000007,9.351976993353361,4.098684631105834,3.0498044728534297,0.14179422895656196,0.06214406081375215,1.8596881588149698,0.08996355474235249,0.03942826628467905,1.0955809238686924,0.051681202429578875,0.022650285631127268,0.0,0.0,0.0,0.09404243601602502,0.006767556574894022,0.002966012442435581,3.0493115186996875,0.14177922462991271,0.06213748487766066,1.8596881588149698,0.08996355474235249,0.03942826628467905,0.09404243601602502,0.006767556574894022,0.002966012442435581,0.0,0.0,0.0,100.0,0.0,0.0,0.0,0.0,0.0,0.0,0.0,0.0,0.0,0.0,0.0,0.0,0.0,0.0,1.0,0.0,0.0,0.0,0.0,0.0,0.0,0.0,0.0,0.0,0.0,0.0,0.0,0.0,0.0,1.0,0.0,0.0,6.586999999999999,0.31838573096828704,0.13953869895216575,0.0,0.0,0.0,0.0,0.0,0.0,0.0,0.0,0.0,0.0,0.0,0.0,0.0,0.0,0.0,,,,0.0,0.0,0.0,0.0,0.0,0.0
c032127a581c81deff904ceedf3c721876d4922b0494fee8497003f3aab3947b,60,current,Optimized Pattern Generator,dynamic_session,Dynamic Session Pattern Assignment,50,6,5,5,15.0,180,nomura_original_interval_hungarian,A2) Corr+DTW + Hungarian,False,300,20,0.9696666666666667,0.007865834032652841,0.003447353760961638,0.9696666666666667,0.007865834032652841,0.003447353760961638,300.0,0.0,0.0,300.0,0.0,0.0,0.0,0.0,0.0,0.0,0.0,0.0,0.11626269927431124,0.005661063073436439,0.002481070283995081,424.2800000000001,6.207516665937733,2.7205641303539263,24.607431708295188,0.7304101856384695,0.32011637800298826,15.55643014942616,0.4696562748731693,0.20583593790844365,8.812448797709658,0.26293357915577137,0.11523572188568679,0.0,0.0,0.0,0.23735092166316463,0.002979526915590749,0.0013058352459140337,24.606229868798984,0.7304034083486385,0.3201134077247582,15.55643014942616,0.4696562748731693,0.20583593790844365,0.23735092166316463,0.002979526915590749,0.0013058352459140337,0.0,0.0,0.0,300.0,0.0,0.0,0.0,0.0,0.0,0.0,0.0,0.0,0.0,0.0,0.0,0.0,0.0,0.0,1.0,0.0,0.0,0.0,0.0,0.0,0.0,0.0,0.0,0.0,0.0,0.0,0.0,0.0,0.0,1.0,0.0,0.0,17.902166666666666,0.5446531972394526,0.23870478834524328,0.0,0.0,0.0,0.0,0.0,0.0,0.0,0.0,0.0,0.0,0.0,0.0,0.0,0.0,0.0,,,,0.0,0.0,0.0,0.0,0.0,0.0
c032127a581c81deff904ceedf3c721876d4922b0494fee8497003f3aab3947b,60,current,Optimized Pattern Generator,dynamic_session,Dynamic Session Pattern Assignment,50,6,5,5,15.0,180,nomura_original_interval_hungarian,A2) Corr+DTW + Hungarian,False,500,20,0.9357000000000001,0.014571421200057074,0.006386206913093399,0.9357000000000001,0.014571421200057074,0.006386206913093399,500.0,0.0,0.0,500.0,0.0,0.0,0.0,0.0,0.0,0.0,0.0,0.0,0.11389906405819143,0.003322100230679787,0.0014559746209980762,418.74000000000007,5.900080284913167,2.5858241955953445,67.37100512294565,1.6254440497054208,0.712382264197718,43.24066877520236,1.0554316622231361,0.4625633206979597,23.751117436766798,0.5723732025683282,0.2508536163306397,0.0,0.0,0.0,0.377176150532614,0.004212545374594475,0.00184622941191553,67.36896236250178,1.6254298955575726,0.7123760608689146,43.24066877520236,1.0554316622231361,0.4625633206979597,0.377176150532614,0.004212545374594475,0.00184622941191553,0.0,0.0,0.0,500.0,0.0,0.0,0.0,0.0,0.0,0.0,0.0,0.0,0.0,0.0,0.0,0.0,0.0,0.0,1.0,0.0,0.0,0.0,0.0,0.0,0.0,0.0,0.0,0.0,0.0,0.0,0.0,0.0,0.0,1.0,0.0,0.0,29.0822,0.7010379973184128,0.30724344889560007,0.0,0.0,0.0,0.0,0.0,0.0,0.0,0.0,0.0,0.0,0.0,0.0,0.0,0.0,0.0,,,,0.0,0.0,0.0,0.0,0.0,0.0
c032127a581c81deff904ceedf3c721876d4922b0494fee8497003f3aab3947b,60,current,Optimized Pattern Generator,dynamic_session,Dynamic Session Pattern Assignment,50,6,5,5,15.0,180,bayesian_windowed,A3) Two-Stage Bayesian Posterior + Hungarian,False,100,20,0.9855,0.013562719801760005,0.005944124033557497,0.9855,0.013562719801760005,0.005944124033557497,100.0,0.0,0.0,100.0,0.0,0.0,0.0,0.0,0.0,0.0,0.0,0.0,0.14540674319618693,0.02227718294750313,0.00976340590189196,419.05000000000007,9.351976993353361,4.098684631105834,2.3473518270999194,0.10644884684405687,0.04665326410327592,1.8617189499884261,0.0898165079157659,0.0393638201714549,0.3879434860515175,0.01776187311511686,0.0077844841158529405,0.0,0.0,0.0,0.09719722231238848,0.005610400654249968,0.002458866499806796,2.346859658352332,0.1064511686825654,0.04665428169386854,1.8617189499884261,0.0898165079157659,0.0393638201714549,0.09719722231238848,0.005610400654249968,0.002458866499806796,0.0,0.0,0.0,100.0,0.0,0.0,0.0,0.0,0.0,0.0,0.0,0.0,0.0,0.0,0.0,0.0,0.0,0.0,1.0,0.0,0.0,0.0,0.0,0.0,0.0,0.0,0.0,0.0,0.0,0.0,0.0,0.0,0.0,1.0,0.0,0.0,6.586999999999999,0.31838573096828704,0.13953869895216575,0.0,0.0,0.0,0.0,0.0,0.0,0.0,0.0,0.0,0.0,0.0,0.0,0.0,0.0,0.0,,,,0.0,0.0,0.0,0.0,0.0,0.0
c032127a581c81deff904ceedf3c721876d4922b0494fee8497003f3aab3947b,60,current,Optimized Pattern Generator,dynamic_session,Dynamic Session Pattern Assignment,50,6,5,5,15.0,180,bayesian_windowed,A3) Two-Stage Bayesian Posterior + Hungarian,False,300,20,0.9678333333333333,0.007967404355481315,0.0034918689176444877,0.9678333333333333,0.007967404355481315,0.0034918689176444877,300.0,0.0,0.0,300.0,0.0,0.0,0.0,0.0,0.0,0.0,0.0,0.0,0.35611605838739857,0.02372154856895172,0.010396427045820824,424.2800000000001,6.207516665937733,2.7205641303539263,18.895249033300207,0.5758074504094925,0.252358741809027,15.606799686615705,0.4846786090581913,0.21241976615045557,3.0502846955976564,0.09037022556776322,0.039606497632255586,0.0,0.0,0.0,0.2369470239340444,0.0032549097977712725,0.001426527115415545,18.894031406147406,0.575791187027964,0.2523516140678052,15.606799686615705,0.4846786090581913,0.21241976615045557,0.2369470239340444,0.0032549097977712725,0.001426527115415545,0.0,0.0,0.0,300.0,0.0,0.0,0.0,0.0,0.0,0.0,0.0,0.0,0.0,0.0,0.0,0.0,0.0,0.0,1.0,0.0,0.0,0.0,0.0,0.0,0.0,0.0,0.0,0.0,0.0,0.0,0.0,0.0,0.0,1.0,0.0,0.0,17.902166666666666,0.5446531972394526,0.23870478834524328,0.0,0.0,0.0,0.0,0.0,0.0,0.0,0.0,0.0,0.0,0.0,0.0,0.0,0.0,0.0,,,,0.0,0.0,0.0,0.0,0.0,0.0
c032127a581c81deff904ceedf3c721876d4922b0494fee8497003f3aab3947b,60,current,Optimized Pattern Generator,dynamic_session,Dynamic Session Pattern Assignment,50,6,5,5,15.0,180,bayesian_windowed,A3) Two-Stage Bayesian Posterior + Hungarian,False,500,20,0.9495000000000001,0.012189296426308633,0.005342194699795786,0.9495000000000001,0.012189296426308633,0.005342194699795786,500.0,0.0,0.0,500.0,0.0,0.0,0.0,0.0,0.0,0.0,0.0,0.0,0.5573443406650231,0.029777027613828205,0.013050357750832011,418.74000000000007,5.900080284913167,2.5858241955953445,51.764593143650565,1.2758875401001957,0.5591823691765692,43.219642483723874,1.08199368779198,0.47420464167719606,8.165768018373637,0.19508013411708602,0.08549763842533373,0.0,0.0,0.0,0.377078327050549,0.003979829867960925,0.0017442373442343496,51.76248882914806,1.2758611796439683,0.5591708161972488,43.219642483723874,1.08199368779198,0.47420464167719606,0.377078327050549,0.003979829867960925,0.0017442373442343496,0.0,0.0,0.0,500.0,0.0,0.0,0.0,0.0,0.0,0.0,0.0,0.0,0.0,0.0,0.0,0.0,0.0,0.0,1.0,0.0,0.0,0.0,0.0,0.0,0.0,0.0,0.0,0.0,0.0,0.0,0.0,0.0,0.0,1.0,0.0,0.0,29.0822,0.7010379973184128,0.30724344889560007,0.0,0.0,0.0,0.0,0.0,0.0,0.0,0.0,0.0,0.0,0.0,0.0,0.0,0.0,0.0,,,,0.0,0.0,0.0,0.0,0.0,0.0
c032127a581c81deff904ceedf3c721876d4922b0494fee8497003f3aab3947b,60,current,Optimized Pattern Generator,dynamic_session,Dynamic Session Pattern Assignment,50,6,5,15,5.0,60,time_only_baseline,A0) Time Prior + Hungarian (Baseline),False,100,20,0.9220000000000003,0.019084300519426656,0.00836406347983662,0.9220000000000003,0.019084300519426656,0.00836406347983662,100.0,0.0,0.0,100.0,0.0,0.0,0.0,0.0,0.0,0.0,0.0,0.0,1.574400248135,0.16420731862054644,0.07196703046034773,409.96500000000003,11.469285069262153,5.026635809365937,1.8477400311996461,0.10837429063785534,0.04749712705239446,1.7430808411794714,0.10990833875503142,0.04816945328306367,0.0022733301972039043,4.0161502388728116e-05,1.7601554486264385e-05,0.0,0.0,0.0,0.10189115987013793,0.004987568901376941,0.0021858984487647857,1.8472453312468133,0.10838601739279011,0.04750226652934763,1.7430808411794714,0.10990833875503142,0.04816945328306367,0.10189115987013793,0.004987568901376941,0.0021858984487647857,0.0,0.0,0.0,100.0,0.0,0.0,0.0,0.0,0.0,0.0,0.0,0.0,0.0,0.0,0.0,0.0,0.0,0.0,1.0,0.0,0.0,0.0,0.0,0.0,0.0,0.0,0.0,0.0,0.0,0.0,0.0,0.0,0.0,1.0,0.0,0.0,6.2375,0.3847059711136887,0.16860482574101457,0.0,0.0,0.0,0.0,0.0,0.0,0.0,0.0,0.0,0.0,0.0,0.0,0.0,0.0,0.0,,,,0.0,0.0,0.0,0.0,0.0,0.0
c032127a581c81deff904ceedf3c721876d4922b0494fee8497003f3aab3947b,60,current,Optimized Pattern Generator,dynamic_session,Dynamic Session Pattern Assignment,50,6,5,15,5.0,60,time_only_baseline,A0) Time Prior + Hungarian (Baseline),False,300,20,0.8008333333333333,0.021787785622664393,0.009548918067368153,0.8008333333333333,0.021787785622664393,0.009548918067368153,300.0,0.0,0.0,300.0,0.0,0.0,0.0,0.0,0.0,0.0,0.0,0.0,1.3304502562583336,0.07431207286272007,0.032568701908112056,410.6250000000001,6.285394515106133,2.7546956026316014,14.959447566747258,0.4463246898617747,0.19561041992721814,14.697109737119172,0.4462506059866306,0.1955779512373698,0.009600164178118575,0.00017361977345097337,7.609222067219997e-05,0.0,0.0,0.0,0.2515318924502935,0.003441237857339796,0.0015081889880484713,14.958241793747584,0.44631999627822627,0.19560836287353114,14.697109737119172,0.4462506059866306,0.1955779512373698,0.2515318924502935,0.003441237857339796,0.0015081889880484713,0.0,0.0,0.0,300.0,0.0,0.0,0.0,0.0,0.0,0.0,0.0,0.0,0.0,0.0,0.0,0.0,0.0,0.0,1.0,0.0,0.0,0.0,0.0,0.0,0.0,0.0,0.0,0.0,0.0,0.0,0.0,0.0,0.0,1.0,0.0,0.0,17.124,0.48197037107740487,0.21123282852249564,0.0,0.0,0.0,0.0,0.0,0.0,0.0,0.0,0.0,0.0,0.0,0.0,0.0,0.0,0.0,,,,0.0,0.0,0.0,0.0,0.0,0.0
c032127a581c81deff904ceedf3c721876d4922b0494fee8497003f3aab3947b,60,current,Optimized Pattern Generator,dynamic_session,Dynamic Session Pattern Assignment,50,6,5,15,5.0,60,time_only_baseline,A0) Time Prior + Hungarian (Baseline),False,500,20,0.6980999999999999,0.0182436722988374,0.007995641918208337,0.6980999999999999,0.0182436722988374,0.007995641918208337,500.0,0.0,0.0,500.0,0.0,0.0,0.0,0.0,0.0,0.0,0.0,0.0,1.192540271454,0.050195372539561973,0.021999091970259815,413.265,5.995812134973438,2.6277805287672753,41.115771245899666,0.785374336665438,0.34420547929527406,40.68988059520925,0.781109603172803,0.3423363774321655,0.020451969845453277,0.001062847050856832,0.0004658132580586062,0.0,0.0,0.0,0.4032929515931755,0.006762207256040049,0.002963668000079783,41.11362551664788,0.7853685520022718,0.344202944054861,40.68988059520925,0.781109603172803,0.3423363774321655,0.4032929515931755,0.006762207256040049,0.002963668000079783,0.0,0.0,0.0,500.0,0.0,0.0,0.0,0.0,0.0,0.0,0.0,0.0,0.0,0.0,0.0,0.0,0.0,0.0,1.0,0.0,0.0,0.0,0.0,0.0,0.0,0.0,0.0,0.0,0.0,0.0,0.0,0.0,0.0,1.0,0.0,0.0,27.576899999999995,0.493368006131006,0.21622806232796263,0.0,0.0,0.0,0.0,0.0,0.0,0.0,0.0,0.0,0.0,0.0,0.0,0.0,0.0,0.0,,,,0.0,0.0,0.0,0.0,0.0,0.0
c032127a581c81deff904ceedf3c721876d4922b0494fee8497003f3aab3947b,60,current,Optimized Pattern Generator,dynamic_session,Dynamic Session Pattern Assignment,50,6,5,15,5.0,60,single_only,A1) Refined Cost + Greedy 1:1,True,100,20,0.9949999999999999,0.006069769786668846,0.0026601938987501233,0.9949999999999999,0.006069769786668846,0.0026601938987501233,100.0,0.0,0.0,100.0,0.0,0.0,0.0,0.0,0.0,0.0,0.0,0.0,0.8142465995042187,0.07410592385257696,0.03247835312087789,409.96500000000003,11.469285069262153,5.026635809365937,2.2619387334038037,0.137011140648103,0.0600477799361328,1.7536343468367703,0.11082326062863643,0.0485704354737462,0.40673504185979253,0.024873021943718154,0.010901082502911557,0.0,0.0,0.0,0.10105047780671157,0.006053590293451241,0.0026531029232016155,2.2614198665032745,0.1370023295328498,0.06004391829461071,1.7536343468367703,0.11082326062863643,0.0485704354737462,0.10105047780671157,0.006053590293451241,0.0026531029232016155,0.0,0.0,0.0,100.0,0.0,0.0,0.0,0.0,0.0,0.0,0.0,0.0,0.0,0.0,0.0,0.0,0.0,0.0,1.0,0.0,0.0,0.0,0.0,0.0,0.0,0.0,0.0,0.0,0.0,0.0,0.0,0.0,0.0,1.0,0.0,0.0,6.2375,0.3847059711136887,0.16860482574101457,0.0,0.0,0.0,0.0,0.0,0.0,0.0,0.0,0.0,0.0,0.0,0.0,0.0,0.0,0.0,,,,0.0,0.0,0.0,0.0,0.0,0.0
c032127a581c81deff904ceedf3c721876d4922b0494fee8497003f3aab3947b,60,current,Optimized Pattern Generator,dynamic_session,Dynamic Session Pattern Assignment,50,6,5,15,5.0,60,single_only,A1) Refined Cost + Greedy 1:1,True,300,20,0.9835,0.008750939799154214,0.003835268466551767,0.9835,0.008750939799154214,0.003835268466551767,300.0,0.0,0.0,300.0,0.0,0.0,0.0,0.0,0.0,0.0,0.0,0.0,0.7752071287836471,0.026488795454698,0.011609226466643268,410.6250000000001,6.285394515106133,2.7546956026316014,18.361228020797718,0.540471241051355,0.2368719652354029,14.791572029660164,0.45008025092965165,0.19725636713613734,3.3243718192563394,0.09334068701864148,0.04090835976308205,0.0,0.0,0.0,0.2440144844862516,0.009146820238922696,0.004008770719111595,18.359958333402755,0.5404697940691895,0.23687133106750796,14.791572029660164,0.45008025092965165,0.19725636713613734,0.2440144844862516,0.009146820238922696,0.004008770719111595,0.0,0.0,0.0,300.0,0.0,0.0,0.0,0.0,0.0,0.0,0.0,0.0,0.0,0.0,0.0,0.0,0.0,0.0,1.0,0.0,0.0,0.0,0.0,0.0,0.0,0.0,0.0,0.0,0.0,0.0,0.0,0.0,0.0,1.0,0.0,0.0,17.124,0.48197037107740487,0.21123282852249564,0.0,0.0,0.0,0.0,0.0,0.0,0.0,0.0,0.0,0.0,0.0,0.0,0.0,0.0,0.0,,,,0.0,0.0,0.0,0.0,0.0,0.0
c032127a581c81deff904ceedf3c721876d4922b0494fee8497003f3aab3947b,60,current,Optimized Pattern Generator,dynamic_session,Dynamic Session Pattern Assignment,50,6,5,15,5.0,60,single_only,A1) Refined Cost + Greedy 1:1,True,500,20,0.9712,0.008062910536263538,0.003533726346894572,0.9712,0.008062910536263538,0.003533726346894572,500.0,0.0,0.0,500.0,0.0,0.0,0.0,0.0,0.0,0.0,0.0,0.0,0.7740136607074869,0.029157679896117474,0.012778916645523945,413.265,5.995812134973438,2.6277805287672753,50.079647712549196,0.9333155046193616,0.4090435549055486,40.78686901540205,0.7797541992099662,0.34174234545418186,8.888602197937143,0.15617484654225955,0.0684466443558417,0.0,0.0,0.0,0.4020534762661555,0.0034902351280490275,0.0015296629887399603,50.07752468960534,0.9333065453340328,0.40903962832562774,40.78686901540205,0.7797541992099662,0.34174234545418186,0.4020534762661555,0.0034902351280490275,0.0015296629887399603,0.0,0.0,0.0,500.0,0.0,0.0,0.0,0.0,0.0,0.0,0.0,0.0,0.0,0.0,0.0,0.0,0.0,0.0,1.0,0.0,0.0,0.0,0.0,0.0,0.0,0.0,0.0,0.0,0.0,0.0,0.0,0.0,0.0,1.0,0.0,0.0,27.576899999999995,0.493368006131006,0.21622806232796263,0.0,0.0,0.0,0.0,0.0,0.0,0.0,0.0,0.0,0.0,0.0,0.0,0.0,0.0,0.0,,,,0.0,0.0,0.0,0.0,0.0,0.0
c032127a581c81deff904ceedf3c721876d4922b0494fee8497003f3aab3947b,60,current,Optimized Pattern Generator,dynamic_session,Dynamic Session Pattern Assignment,50,6,5,15,5.0,60,nomura_original_interval_hungarian,A2) Corr+DTW + Hungarian,False,100,20,0.999,0.0030779350562554647,0.001348964515158904,0.999,0.0030779350562554647,0.001348964515158904,100.0,0.0,0.0,100.0,0.0,0.0,0.0,0.0,0.0,0.0,0.0,0.0,0.07663027052580022,0.006330780591995631,0.0027745869278503637,409.96500000000003,11.469285069262153,5.026635809365937,2.8886828167014755,0.1750874458693185,0.07673545647023973,1.7495795343638747,0.11229855448947725,0.04921701151623332,1.039183903967205,0.06319447579834972,0.02769620016276475,0.0,0.0,0.0,0.09942098871979396,0.006733013999524013,0.0029508734912931122,2.8881844270508736,0.17507539232091898,0.07673017376973582,1.7495795343638747,0.11229855448947725,0.04921701151623332,0.09942098871979396,0.006733013999524013,0.0029508734912931122,0.0,0.0,0.0,100.0,0.0,0.0,0.0,0.0,0.0,0.0,0.0,0.0,0.0,0.0,0.0,0.0,0.0,0.0,1.0,0.0,0.0,0.0,0.0,0.0,0.0,0.0,0.0,0.0,0.0,0.0,0.0,0.0,0.0,1.0,0.0,0.0,6.2375,0.3847059711136887,0.16860482574101457,0.0,0.0,0.0,0.0,0.0,0.0,0.0,0.0,0.0,0.0,0.0,0.0,0.0,0.0,0.0,,,,0.0,0.0,0.0,0.0,0.0,0.0
c032127a581c81deff904ceedf3c721876d4922b0494fee8497003f3aab3947b,60,current,Optimized Pattern Generator,dynamic_session,Dynamic Session Pattern Assignment,50,6,5,15,5.0,60,nomura_original_interval_hungarian,A2) Corr+DTW + Hungarian,False,300,20,0.9959999999999999,0.0035210312152427026,0.0015431599690435497,0.9959999999999999,0.0035210312152427026,0.0015431599690435497,300.0,0.0,0.0,300.0,0.0,0.0,0.0,0.0,0.0,0.0,0.0,0.0,0.07219934697780116,0.0036231052941128835,0.0015878959065460522,410.6250000000001,6.285394515106133,2.7546956026316014,23.396854027100197,0.6693087282540933,0.29333748360477696,14.726841980069002,0.442243289751047,0.19382166746138949,8.415331849538779,0.22945974802015845,0.10056516855591723,0.0,0.0,0.0,0.2534303765380173,0.0028585107723779783,0.001252797582684707,23.395604206145798,0.669303533963071,0.29333520710636407,14.726841980069002,0.442243289751047,0.19382166746138949,0.2534303765380173,0.0028585107723779783,0.001252797582684707,0.0,0.0,0.0,300.0,0.0,0.0,0.0,0.0,0.0,0.0,0.0,0.0,0.0,0.0,0.0,0.0,0.0,0.0,1.0,0.0,0.0,0.0,0.0,0.0,0.0,0.0,0.0,0.0,0.0,0.0,0.0,0.0,0.0,1.0,0.0,0.0,17.124,0.48197037107740487,0.21123282852249564,0.0,0.0,0.0,0.0,0.0,0.0,0.0,0.0,0.0,0.0,0.0,0.0,0.0,0.0,0.0,,,,0.0,0.0,0.0,0.0,0.0,0.0
c032127a581c81deff904ceedf3c721876d4922b0494fee8497003f3aab3947b,60,current,Optimized Pattern Generator,dynamic_session,Dynamic Session Pattern Assignment,50,6,5,15,5.0,60,nomura_original_interval_hungarian,A2) Corr+DTW + Hungarian,False,500,20,0.9892,0.005166694963137006,0.0022644039066897024,0.9892,0.005166694963137006,0.0022644039066897024,500.0,0.0,0.0,500.0,0.0,0.0,0.0,0.0,0.0,0.0,0.0,0.0,0.07158342478101497,0.002678980279125031,0.0011741148748429663,413.265,5.995812134973438,2.6277805287672753,63.69670898124896,1.1811783364097155,0.5176742305373988,40.7177843469035,0.7844021424004431,0.3437793963723567,22.57543441266025,0.40297833896119395,0.1766130440379276,0.0,0.0,0.0,0.4013671153836185,0.005003769149333006,0.0021929985204784796,63.69458587494737,1.1811549406950965,0.5176639769133778,40.7177843469035,0.7844021424004431,0.3437793963723567,0.4013671153836185,0.005003769149333006,0.0021929985204784796,0.0,0.0,0.0,500.0,0.0,0.0,0.0,0.0,0.0,0.0,0.0,0.0,0.0,0.0,0.0,0.0,0.0,0.0,1.0,0.0,0.0,0.0,0.0,0.0,0.0,0.0,0.0,0.0,0.0,0.0,0.0,0.0,0.0,1.0,0.0,0.0,27.576899999999995,0.493368006131006,0.21622806232796263,0.0,0.0,0.0,0.0,0.0,0.0,0.0,0.0,0.0,0.0,0.0,0.0,0.0,0.0,0.0,,,,0.0,0.0,0.0,0.0,0.0,0.0
c032127a581c81deff904ceedf3c721876d4922b0494fee8497003f3aab3947b,60,current,Optimized Pattern Generator,dynamic_session,Dynamic Session Pattern Assignment,50,6,5,15,5.0,60,bayesian_windowed,A3) Two-Stage Bayesian Posterior + Hungarian,False,100,20,0.9954999999999998,0.0060480531882929995,0.0026506761798692664,0.9954999999999998,0.0060480531882929995,0.0026506761798692664,100.0,0.0,0.0,100.0,0.0,0.0,0.0,0.0,0.0,0.0,0.0,0.0,0.13711765982855378,0.021410940354658032,0.009383758346660928,409.96500000000003,11.469285069262153,5.026635809365937,2.2204963812007916,0.1285361009028661,0.05633342999958981,1.7511435285923653,0.10933258550978009,0.04791711829771264,0.3687328621352208,0.021368088929524128,0.009364977881552626,0.0,0.0,0.0,0.10010750927322079,0.006261312347606254,0.00274414112737085,2.219983900000807,0.1285144668008429,0.05632394843632964,1.7511435285923653,0.10933258550978009,0.04791711829771264,0.10010750927322079,0.006261312347606254,0.00274414112737085,0.0,0.0,0.0,100.0,0.0,0.0,0.0,0.0,0.0,0.0,0.0,0.0,0.0,0.0,0.0,0.0,0.0,0.0,1.0,0.0,0.0,0.0,0.0,0.0,0.0,0.0,0.0,0.0,0.0,0.0,0.0,0.0,0.0,1.0,0.0,0.0,6.2375,0.3847059711136887,0.16860482574101457,0.0,0.0,0.0,0.0,0.0,0.0,0.0,0.0,0.0,0.0,0.0,0.0,0.0,0.0,0.0,,,,0.0,0.0,0.0,0.0,0.0,0.0
c032127a581c81deff904ceedf3c721876d4922b0494fee8497003f3aab3947b,60,current,Optimized Pattern Generator,dynamic_session,Dynamic Session Pattern Assignment,50,6,5,15,5.0,60,bayesian_windowed,A3) Two-Stage Bayesian Posterior + Hungarian,False,300,20,0.9840000000000002,0.007768582701689055,0.0034047314859219162,0.9840000000000002,0.007768582701689055,0.0034047314859219162,300.0,0.0,0.0,300.0,0.0,0.0,0.0,0.0,0.0,0.0,0.0,0.0,0.33639490198431254,0.02800535177432275,0.012273886579031282,410.6250000000001,6.285394515106133,2.7546956026316014,17.959488068749486,0.5290850616048739,0.23188175207111975,14.785546674576471,0.4487866269339683,0.19668941142256946,2.9219577832598587,0.08168184027085423,0.03579864488509034,0.0,0.0,0.0,0.2507339755204157,0.002928466323212168,0.0012834569546301706,17.958238433356748,0.5290865739977525,0.23188241490652362,14.785546674576471,0.4487866269339683,0.19668941142256946,0.2507339755204157,0.002928466323212168,0.0012834569546301706,0.0,0.0,0.0,300.0,0.0,0.0,0.0,0.0,0.0,0.0,0.0,0.0,0.0,0.0,0.0,0.0,0.0,0.0,1.0,0.0,0.0,0.0,0.0,0.0,0.0,0.0,0.0,0.0,0.0,0.0,0.0,0.0,0.0,1.0,0.0,0.0,17.124,0.48197037107740487,0.21123282852249564,0.0,0.0,0.0,0.0,0.0,0.0,0.0,0.0,0.0,0.0,0.0,0.0,0.0,0.0,0.0,,,,0.0,0.0,0.0,0.0,0.0,0.0
c032127a581c81deff904ceedf3c721876d4922b0494fee8497003f3aab3947b,60,current,Optimized Pattern Generator,dynamic_session,Dynamic Session Pattern Assignment,50,6,5,15,5.0,60,bayesian_windowed,A3) Two-Stage Bayesian Posterior + Hungarian,False,500,20,0.9724999999999999,0.007507890586085527,0.003290478128751123,0.9724999999999999,0.007507890586085527,0.003290478128751123,500.0,0.0,0.0,500.0,0.0,0.0,0.0,0.0,0.0,0.0,0.0,0.0,0.5198365900718682,0.027709841459264323,0.012144373473136771,413.265,5.995812134973438,2.6277805287672753,48.86344654170243,0.9186927942870354,0.4026348695391482,40.70680350690964,0.7800292489130788,0.34186289130151865,7.752576207008678,0.14050862175232112,0.06158061861394715,0.0,0.0,0.0,0.4018921630777186,0.004807863018088749,0.0021071388728509336,48.861271876996035,0.9186755626042986,0.4026273174212108,40.70680350690964,0.7800292489130788,0.34186289130151865,0.4018921630777186,0.004807863018088749,0.0021071388728509336,0.0,0.0,0.0,500.0,0.0,0.0,0.0,0.0,0.0,0.0,0.0,0.0,0.0,0.0,0.0,0.0,0.0,0.0,1.0,0.0,0.0,0.0,0.0,0.0,0.0,0.0,0.0,0.0,0.0,0.0,0.0,0.0,0.0,1.0,0.0,0.0,27.576899999999995,0.493368006131006,0.21622806232796263,0.0,0.0,0.0,0.0,0.0,0.0,0.0,0.0,0.0,0.0,0.0,0.0,0.0,0.0,0.0,,,,0.0,0.0,0.0,0.0,0.0,0.0
c032127a581c81deff904ceedf3c721876d4922b0494fee8497003f3aab3947b,60,current,Optimized Pattern Generator,dynamic_session,Dynamic Session Pattern Assignment,50,6,5,15,5.0,120,time_only_baseline,A0) Time Prior + Hungarian (Baseline),False,100,20,0.9220000000000003,0.031051739505473578,0.013609024869355507,0.9220000000000003,0.031051739505473578,0.013609024869355507,100.0,0.0,0.0,100.0,0.0,0.0,0.0,0.0,0.0,0.0,0.0,0.0,1.59465025435,0.1343362894151731,0.05887547469557285,413.475,8.827223143268363,3.868701116177855,1.8870494583505206,0.0656472568837845,0.0287711788699925,1.7826106269203592,0.06447353653424856,0.02825677324631761,0.0022857979842228816,3.4638645941319505e-05,1.5181055926774168e-05,0.0,0.0,0.0,0.10164989379263716,0.005933269559961036,0.002600370036721015,1.8865463186972193,0.0656483423791764,0.02877165460932366,1.7826106269203592,0.06447353653424856,0.02825677324631761,0.10164989379263716,0.005933269559961036,0.002600370036721015,0.0,0.0,0.0,100.0,0.0,0.0,0.0,0.0,0.0,0.0,0.0,0.0,0.0,0.0,0.0,0.0,0.0,0.0,1.0,0.0,0.0,0.0,0.0,0.0,0.0,0.0,0.0,0.0,0.0,0.0,0.0,0.0,0.0,1.0,0.0,0.0,6.3485,0.2396768658006025,0.10504301785459137,0.0,0.0,0.0,0.0,0.0,0.0,0.0,0.0,0.0,0.0,0.0,0.0,0.0,0.0,0.0,,,,0.0,0.0,0.0,0.0,0.0,0.0
c032127a581c81deff904ceedf3c721876d4922b0494fee8497003f3aab3947b,60,current,Optimized Pattern Generator,dynamic_session,Dynamic Session Pattern Assignment,50,6,5,15,5.0,120,time_only_baseline,A0) Time Prior + Hungarian (Baseline),False,300,20,0.8035,0.022877118985995922,0.010026339463679436,0.8035,0.022877118985995922,0.010026339463679436,300.0,0.0,0.0,300.0,0.0,0.0,0.0,0.0,0.0,0.0,0.0,0.0,1.362333592895,0.07920792097561709,0.034714401948950604,412.5550000000001,5.000576282579308,2.1915991849260235,15.241600060349446,0.4356124607299061,0.19091557851145344,14.97749443329667,0.43562968493444104,0.19092312735192432,0.009652002183429431,0.00012454898083403762,5.45859975839524e-05,0.0,0.0,0.0,0.2532428687234642,0.003157653033221851,0.001383902459001922,15.240389304203564,0.43560737621103557,0.19091335012280725,14.97749443329667,0.43562968493444104,0.19092312735192432,0.2532428687234642,0.003157653033221851,0.001383902459001922,0.0,0.0,0.0,300.0,0.0,0.0,0.0,0.0,0.0,0.0,0.0,0.0,0.0,0.0,0.0,0.0,0.0,0.0,1.0,0.0,0.0,0.0,0.0,0.0,0.0,0.0,0.0,0.0,0.0,0.0,0.0,0.0,0.0,1.0,0.0,0.0,17.304000000000002,0.47657476724217146,0.20886810087926852,0.0,0.0,0.0,0.0,0.0,0.0,0.0,0.0,0.0,0.0,0.0,0.0,0.0,0.0,0.0,,,,0.0,0.0,0.0,0.0,0.0,0.0
c032127a581c81deff904ceedf3c721876d4922b0494fee8497003f3aab3947b,60,current,Optimized Pattern Generator,dynamic_session,Dynamic Session Pattern Assignment,50,6,5,15,5.0,120,time_only_baseline,A0) Time Prior + Hungarian (Baseline),False,500,20,0.7072999999999999,0.016534175134200708,0.00724642175218406,0.7072999999999999,0.016534175134200708,0.00724642175218406,500.0,0.0,0.0,500.0,0.0,0.0,0.0,0.0,0.0,0.0,0.0,0.0,1.1940602757019998,0.053261427769322564,0.023342849921896443,410.15500000000003,5.3542383605002675,2.346598424595862,42.23298151049967,0.9199748328661057,0.4031967477200135,41.808410107059174,0.9212086472801774,0.4037374907287042,0.020417470624670385,0.00024252687368639712,0.00010629208888292464,0.0,0.0,0.0,0.40200283682206644,0.004052545706162359,0.0017761064654571686,42.23083041450591,0.9199583792936645,0.4031895366239491,41.808410107059174,0.9212086472801774,0.4037374907287042,0.40200283682206644,0.004052545706162359,0.0017761064654571686,0.0,0.0,0.0,500.0,0.0,0.0,0.0,0.0,0.0,0.0,0.0,0.0,0.0,0.0,0.0,0.0,0.0,0.0,1.0,0.0,0.0,0.0,0.0,0.0,0.0,0.0,0.0,0.0,0.0,0.0,0.0,0.0,0.0,1.0,0.0,0.0,28.216,0.6070359392811495,0.26604523050354467,0.0,0.0,0.0,0.0,0.0,0.0,0.0,0.0,0.0,0.0,0.0,0.0,0.0,0.0,0.0,,,,0.0,0.0,0.0,0.0,0.0,0.0
c032127a581c81deff904ceedf3c721876d4922b0494fee8497003f3aab3947b,60,current,Optimized Pattern Generator,dynamic_session,Dynamic Session Pattern Assignment,50,6,5,15,5.0,120,single_only,A1) Refined Cost + Greedy 1:1,True,100,20,0.9955,0.006863327411532603,0.0030079858622288165,0.9955,0.006863327411532603,0.0030079858622288165,100.0,0.0,0.0,100.0,0.0,0.0,0.0,0.0,0.0,0.0,0.0,0.0,0.8033547741629261,0.05371377270163953,0.023541098829412348,413.475,8.827223143268363,3.868701116177855,2.3047662270997535,0.08357526639802151,0.0366284754731115,1.7920413254527374,0.06707244967988069,0.029395797152722853,0.41272506366221934,0.015049746031835735,0.006595842013573313,0.0,0.0,0.0,0.09947253784193891,0.006979904343403707,0.0030590779553061574,2.304238926956896,0.08357869660848302,0.03662997882913024,1.7920413254527374,0.06707244967988069,0.029395797152722853,0.09947253784193891,0.006979904343403707,0.0030590779553061574,0.0,0.0,0.0,100.0,0.0,0.0,0.0,0.0,0.0,0.0,0.0,0.0,0.0,0.0,0.0,0.0,0.0,0.0,1.0,0.0,0.0,0.0,0.0,0.0,0.0,0.0,0.0,0.0,0.0,0.0,0.0,0.0,0.0,1.0,0.0,0.0,6.3485,0.2396768658006025,0.10504301785459137,0.0,0.0,0.0,0.0,0.0,0.0,0.0,0.0,0.0,0.0,0.0,0.0,0.0,0.0,0.0,,,,0.0,0.0,0.0,0.0,0.0,0.0
c032127a581c81deff904ceedf3c721876d4922b0494fee8497003f3aab3947b,60,current,Optimized Pattern Generator,dynamic_session,Dynamic Session Pattern Assignment,50,6,5,15,5.0,120,single_only,A1) Refined Cost + Greedy 1:1,True,300,20,0.9844999999999999,0.008534416049733084,0.0037403727493518064,0.9844999999999999,0.008534416049733084,0.0037403727493518064,300.0,0.0,0.0,300.0,0.0,0.0,0.0,0.0,0.0,0.0,0.0,0.0,0.7826702926775166,0.034323131127631495,0.015042775462796512,412.5550000000001,5.000576282579308,2.1915991849260235,18.65576026255294,0.531361190423996,0.23287930950908,15.049144369769783,0.437475275926133,0.1917319932674769,3.3612518211302813,0.09516887694942795,0.0417095993274418,0.0,0.0,0.0,0.24408636114967522,0.008467124600044172,0.0037108809712132593,18.65448255204974,0.5313451937444899,0.23287229865517314,15.049144369769783,0.437475275926133,0.1917319932674769,0.24408636114967522,0.008467124600044172,0.0037108809712132593,0.0,0.0,0.0,300.0,0.0,0.0,0.0,0.0,0.0,0.0,0.0,0.0,0.0,0.0,0.0,0.0,0.0,0.0,1.0,0.0,0.0,0.0,0.0,0.0,0.0,0.0,0.0,0.0,0.0,0.0,0.0,0.0,0.0,1.0,0.0,0.0,17.304000000000002,0.47657476724217146,0.20886810087926852,0.0,0.0,0.0,0.0,0.0,0.0,0.0,0.0,0.0,0.0,0.0,0.0,0.0,0.0,0.0,,,,0.0,0.0,0.0,0.0,0.0,0.0
c032127a581c81deff904ceedf3c721876d4922b0494fee8497003f3aab3947b,60,current,Optimized Pattern Generator,dynamic_session,Dynamic Session Pattern Assignment,50,6,5,15,5.0,120,single_only,A1) Refined Cost + Greedy 1:1,True,500,20,0.9711000000000001,0.0071222409247001595,0.003121459712513061,0.9711000000000001,0.0071222409247001595,0.003121459712513061,500.0,0.0,0.0,500.0,0.0,0.0,0.0,0.0,0.0,0.0,0.0,0.0,0.7789155598343577,0.02025717659159149,0.00887809908263915,410.15500000000003,5.3542383605002675,2.346598424595862,51.50703180830315,1.099229064846432,0.4817583787206687,42.015291292862095,0.9114262595420695,0.399450170271629,9.087216712305963,0.18763846860659705,0.082236184715669,0.0,0.0,0.0,0.4023754532856401,0.004799956515468327,0.002103673695295519,51.5048834584537,1.0991997772282749,0.48174554285606935,42.015291292862095,0.9114262595420695,0.399450170271629,0.4023754532856401,0.004799956515468327,0.002103673695295519,0.0,0.0,0.0,500.0,0.0,0.0,0.0,0.0,0.0,0.0,0.0,0.0,0.0,0.0,0.0,0.0,0.0,0.0,1.0,0.0,0.0,0.0,0.0,0.0,0.0,0.0,0.0,0.0,0.0,0.0,0.0,0.0,0.0,1.0,0.0,0.0,28.216,0.6070359392811495,0.26604523050354467,0.0,0.0,0.0,0.0,0.0,0.0,0.0,0.0,0.0,0.0,0.0,0.0,0.0,0.0,0.0,,,,0.0,0.0,0.0,0.0,0.0,0.0
c032127a581c81deff904ceedf3c721876d4922b0494fee8497003f3aab3947b,60,current,Optimized Pattern Generator,dynamic_session,Dynamic Session Pattern Assignment,50,6,5,15,5.0,120,nomura_original_interval_hungarian,A2) Corr+DTW + Hungarian,False,100,20,0.9984999999999999,0.003663475485325236,0.001605588922941887,0.9984999999999999,0.003663475485325236,0.001605588922941887,100.0,0.0,0.0,100.0,0.0,0.0,0.0,0.0,0.0,0.0,0.0,0.0,0.07628402449759672,0.006477363965993653,0.0028388299240220106,413.475,8.827223143268363,3.868701116177855,2.938889879049384,0.1090023089731215,0.04777236822339365,1.7877408775835648,0.06948027602825192,0.030451073577745597,1.0521252882128465,0.04110804090265422,0.018016393280514624,0.0,0.0,0.0,0.09850054874841589,0.007373247055832533,0.0032314679998213794,2.938366714544827,0.10899002126146018,0.047766982896315376,1.7877408775835648,0.06948027602825192,0.030451073577745597,0.09850054874841589,0.007373247055832533,0.0032314679998213794,0.0,0.0,0.0,100.0,0.0,0.0,0.0,0.0,0.0,0.0,0.0,0.0,0.0,0.0,0.0,0.0,0.0,0.0,1.0,0.0,0.0,0.0,0.0,0.0,0.0,0.0,0.0,0.0,0.0,0.0,0.0,0.0,0.0,1.0,0.0,0.0,6.3485,0.2396768658006025,0.10504301785459137,0.0,0.0,0.0,0.0,0.0,0.0,0.0,0.0,0.0,0.0,0.0,0.0,0.0,0.0,0.0,,,,0.0,0.0,0.0,0.0,0.0,0.0
c032127a581c81deff904ceedf3c721876d4922b0494fee8497003f3aab3947b,60,current,Optimized Pattern Generator,dynamic_session,Dynamic Session Pattern Assignment,50,6,5,15,5.0,120,nomura_original_interval_hungarian,A2) Corr+DTW + Hungarian,False,300,20,0.9944999999999998,0.0022360679774998176,0.0009800000000000123,0.9944999999999998,0.0022360679774998176,0.0009800000000000123,300.0,0.0,0.0,300.0,0.0,0.0,0.0,0.0,0.0,0.0,0.0,0.0,0.07328611617933288,0.003095819072374786,0.001356802530806591,412.5550000000001,5.000576282579308,2.1915991849260235,23.76967873535177,0.6830246512444876,0.29934875189618904,15.012361982771836,0.44148531362470256,0.1934894697771992,8.504306036203342,0.24292299404189843,0.10646569628319041,0.0,0.0,0.0,0.25175051217956934,0.002875097544140067,0.0012600670559254187,23.768418531154747,0.6830155959680468,0.2993447832463085,15.012361982771836,0.44148531362470256,0.1934894697771992,0.25175051217956934,0.002875097544140067,0.0012600670559254187,0.0,0.0,0.0,300.0,0.0,0.0,0.0,0.0,0.0,0.0,0.0,0.0,0.0,0.0,0.0,0.0,0.0,0.0,1.0,0.0,0.0,0.0,0.0,0.0,0.0,0.0,0.0,0.0,0.0,0.0,0.0,0.0,0.0,1.0,0.0,0.0,17.304000000000002,0.47657476724217146,0.20886810087926852,0.0,0.0,0.0,0.0,0.0,0.0,0.0,0.0,0.0,0.0,0.0,0.0,0.0,0.0,0.0,,,,0.0,0.0,0.0,0.0,0.0,0.0
c032127a581c81deff904ceedf3c721876d4922b0494fee8497003f3aab3947b,60,current,Optimized Pattern Generator,dynamic_session,Dynamic Session Pattern Assignment,50,6,5,15,5.0,120,nomura_original_interval_hungarian,A2) Corr+DTW + Hungarian,False,500,20,0.9904999999999999,0.004346807661043366,0.0019050724533811268,0.9904999999999999,0.004346807661043366,0.0019050724533811268,500.0,0.0,0.0,500.0,0.0,0.0,0.0,0.0,0.0,0.0,0.0,0.0,0.07331582426409655,0.0025383114104995013,0.0011124640249402906,410.15500000000003,5.3542383605002675,2.346598424595862,65.40729198125192,1.3901118730356532,0.6092433903097063,41.91056754517486,0.9145073663800872,0.4008005248814354,23.092114967016094,0.4774472773552187,0.20925049529633913,0.0,0.0,0.0,0.4024899649564759,0.004058979612296885,0.0017789262491467888,65.40517247714743,1.3900979092521635,0.6092372704117616,41.91056754517486,0.9145073663800872,0.4008005248814354,0.4024899649564759,0.004058979612296885,0.0017789262491467888,0.0,0.0,0.0,500.0,0.0,0.0,0.0,0.0,0.0,0.0,0.0,0.0,0.0,0.0,0.0,0.0,0.0,0.0,1.0,0.0,0.0,0.0,0.0,0.0,0.0,0.0,0.0,0.0,0.0,0.0,0.0,0.0,0.0,1.0,0.0,0.0,28.216,0.6070359392811495,0.26604523050354467,0.0,0.0,0.0,0.0,0.0,0.0,0.0,0.0,0.0,0.0,0.0,0.0,0.0,0.0,0.0,,,,0.0,0.0,0.0,0.0,0.0,0.0
c032127a581c81deff904ceedf3c721876d4922b0494fee8497003f3aab3947b,60,current,Optimized Pattern Generator,dynamic_session,Dynamic Session Pattern Assignment,50,6,5,15,5.0,120,bayesian_windowed,A3) Two-Stage Bayesian Posterior + Hungarian,False,100,20,0.9970000000000001,0.0057124057057748,0.0025035721847413424,0.9970000000000001,0.0057124057057748,0.0025035721847413424,100.0,0.0,0.0,100.0,0.0,0.0,0.0,0.0,0.0,0.0,0.0,0.0,0.1327588658206947,0.0125648131263517,0.005506772149920394,413.475,8.827223143268363,3.868701116177855,2.2691387478000253,0.07988796840476009,0.03501244587573021,1.7918616710274364,0.06805305367944796,0.029825565804322808,0.37508043856796575,0.013463449007661362,0.005900616689775646,0.0,0.0,0.0,0.10166186535352609,0.006124006646236911,0.0026839642505066628,2.2686039749489284,0.07990972271370979,0.03502198012199875,1.7918616710274364,0.06805305367944796,0.029825565804322808,0.10166186535352609,0.006124006646236911,0.0026839642505066628,0.0,0.0,0.0,100.0,0.0,0.0,0.0,0.0,0.0,0.0,0.0,0.0,0.0,0.0,0.0,0.0,0.0,0.0,1.0,0.0,0.0,0.0,0.0,0.0,0.0,0.0,0.0,0.0,0.0,0.0,0.0,0.0,0.0,1.0,0.0,0.0,6.3485,0.2396768658006025,0.10504301785459137,0.0,0.0,0.0,0.0,0.0,0.0,0.0,0.0,0.0,0.0,0.0,0.0,0.0,0.0,0.0,,,,0.0,0.0,0.0,0.0,0.0,0.0
c032127a581c81deff904ceedf3c721876d4922b0494fee8497003f3aab3947b,60,current,Optimized Pattern Generator,dynamic_session,Dynamic Session Pattern Assignment,50,6,5,15,5.0,120,bayesian_windowed,A3) Two-Stage Bayesian Posterior + Hungarian,False,300,20,0.9841666666666665,0.009040196137188086,0.00396204064616598,0.9841666666666665,0.009040196137188086,0.00396204064616598,300.0,0.0,0.0,300.0,0.0,0.0,0.0,0.0,0.0,0.0,0.0,0.0,0.34379736450489207,0.026119752951582285,0.011447486458426796,412.5550000000001,5.000576282579308,2.1915991849260235,18.253657216545253,0.5168812401015097,0.22653319147562775,15.048929756814323,0.43995362851777525,0.19281817918143335,2.950930119895202,0.07742280640182857,0.033932040992165735,0.0,0.0,0.0,0.2525410919377464,0.0034893431939677093,0.0015292720813934542,18.252400968647272,0.516873075498169,0.22652961318044418,15.048929756814323,0.43995362851777525,0.19281817918143335,0.2525410919377464,0.0034893431939677093,0.0015292720813934542,0.0,0.0,0.0,300.0,0.0,0.0,0.0,0.0,0.0,0.0,0.0,0.0,0.0,0.0,0.0,0.0,0.0,0.0,1.0,0.0,0.0,0.0,0.0,0.0,0.0,0.0,0.0,0.0,0.0,0.0,0.0,0.0,0.0,1.0,0.0,0.0,17.304000000000002,0.47657476724217146,0.20886810087926852,0.0,0.0,0.0,0.0,0.0,0.0,0.0,0.0,0.0,0.0,0.0,0.0,0.0,0.0,0.0,,,,0.0,0.0,0.0,0.0,0.0,0.0
c032127a581c81deff904ceedf3c721876d4922b0494fee8497003f3aab3947b,60,current,Optimized Pattern Generator,dynamic_session,Dynamic Session Pattern Assignment,50,6,5,15,5.0,120,bayesian_windowed,A3) Two-Stage Bayesian Posterior + Hungarian,False,500,20,0.9719999999999999,0.006456331042187649,0.0028296118387324343,0.9719999999999999,0.006456331042187649,0.0028296118387324343,500.0,0.0,0.0,500.0,0.0,0.0,0.0,0.0,0.0,0.0,0.0,0.0,0.5225559502679713,0.02704215184693485,0.01185174559837309,410.15500000000003,5.3542383605002675,2.346598424595862,50.16944660839945,1.0958299984227657,0.4802686721783311,41.83894471126405,0.9268155002357716,0.4061948023810209,7.926523760480632,0.1704623769192562,0.07470843062993901,0.0,0.0,0.0,0.40179477630590554,0.0047424200628250635,0.0020784572331137906,50.16726324805059,1.0958104380383782,0.4802600994618964,41.83894471126405,0.9268155002357716,0.4061948023810209,0.40179477630590554,0.0047424200628250635,0.0020784572331137906,0.0,0.0,0.0,500.0,0.0,0.0,0.0,0.0,0.0,0.0,0.0,0.0,0.0,0.0,0.0,0.0,0.0,0.0,1.0,0.0,0.0,0.0,0.0,0.0,0.0,0.0,0.0,0.0,0.0,0.0,0.0,0.0,0.0,1.0,0.0,0.0,28.216,0.6070359392811495,0.26604523050354467,0.0,0.0,0.0,0.0,0.0,0.0,0.0,0.0,0.0,0.0,0.0,0.0,0.0,0.0,0.0,,,,0.0,0.0,0.0,0.0,0.0,0.0
c032127a581c81deff904ceedf3c721876d4922b0494fee8497003f3aab3947b,60,current,Optimized Pattern Generator,dynamic_session,Dynamic Session Pattern Assignment,50,6,5,15,5.0,180,time_only_baseline,A0) Time Prior + Hungarian (Baseline),False,100,20,0.9184999999999999,0.03674592709260083,0.016104612611560105,0.9184999999999999,0.03674592709260083,0.016104612611560105,100.0,0.0,0.0,100.0,0.0,0.0,0.0,0.0,0.0,0.0,0.0,0.0,1.52940025263,0.12963405956069346,0.05681463159788555,408.74000000000007,9.491126049326835,4.15966939374551,1.9603016646520701,0.08724557913025707,0.038237060951631985,1.856911996046256,0.0864869102702418,0.03790455966352433,0.0023142566860769875,4.1302837583722525e-05,1.8101766690163998e-05,0.0,0.0,0.0,0.10057812621380435,0.005939089997816306,0.002602920956082842,1.9598043789461372,0.08723079347050694,0.03823058085053446,1.856911996046256,0.0864869102702418,0.03790455966352433,0.10057812621380435,0.005939089997816306,0.002602920956082842,0.0,0.0,0.0,100.0,0.0,0.0,0.0,0.0,0.0,0.0,0.0,0.0,0.0,0.0,0.0,0.0,0.0,0.0,1.0,0.0,0.0,0.0,0.0,0.0,0.0,0.0,0.0,0.0,0.0,0.0,0.0,0.0,0.0,1.0,0.0,0.0,6.5584999999999996,0.3150317444322079,0.1380687495416685,0.0,0.0,0.0,0.0,0.0,0.0,0.0,0.0,0.0,0.0,0.0,0.0,0.0,0.0,0.0,,,,0.0,0.0,0.0,0.0,0.0,0.0
c032127a581c81deff904ceedf3c721876d4922b0494fee8497003f3aab3947b,60,current,Optimized Pattern Generator,dynamic_session,Dynamic Session Pattern Assignment,50,6,5,15,5.0,180,time_only_baseline,A0) Time Prior + Hungarian (Baseline),False,300,20,0.7899999999999999,0.031770374960742906,0.013923980744244157,0.7899999999999999,0.031770374960742906,0.013923980744244157,300.0,0.0,0.0,300.0,0.0,0.0,0.0,0.0,0.0,0.0,0.0,0.0,1.331500260635,0.0647162478741043,0.02836314618106379,411.93,5.085800666665234,2.2289504180927335,15.775846104053198,0.48777401786600566,0.21377638887489075,15.512441806751303,0.4869167747014158,0.21340068549299385,0.009787760533799882,0.00014729417396323728,6.455451799160971e-05,0.0,0.0,0.0,0.25238005771389,0.002995215014597643,0.0013127108584541974,15.774609624998993,0.4877509680243342,0.21376628683637255,15.512441806751303,0.4869167747014158,0.21340068549299385,0.25238005771389,0.002995215014597643,0.0013127108584541974,0.0,0.0,0.0,300.0,0.0,0.0,0.0,0.0,0.0,0.0,0.0,0.0,0.0,0.0,0.0,0.0,0.0,0.0,1.0,0.0,0.0,0.0,0.0,0.0,0.0,0.0,0.0,0.0,0.0,0.0,0.0,0.0,0.0,1.0,0.0,0.0,17.853166666666667,0.5539390839902254,0.24277450765043745,0.0,0.0,0.0,0.0,0.0,0.0,0.0,0.0,0.0,0.0,0.0,0.0,0.0,0.0,0.0,,,,0.0,0.0,0.0,0.0,0.0,0.0
c032127a581c81deff904ceedf3c721876d4922b0494fee8497003f3aab3947b,60,current,Optimized Pattern Generator,dynamic_session,Dynamic Session Pattern Assignment,50,6,5,15,5.0,180,time_only_baseline,A0) Time Prior + Hungarian (Baseline),False,500,20,0.7013,0.02485558287387361,0.01089343949356675,0.7013,0.02485558287387361,0.01089343949356675,500.0,0.0,0.0,500.0,0.0,0.0,0.0,0.0,0.0,0.0,0.0,0.0,1.1780402712780003,0.05460112026424514,0.02392999604546471,412.4150000000001,5.840536655227199,2.5597280492887844,43.56737805614684,0.8979553081814996,0.39354626553071875,43.14192890820559,0.8956422044968317,0.39253250314344595,0.020727061171783134,0.0002714430904578352,0.0001189651796481234,0.0,0.0,0.0,0.4025398681726074,0.004965511540479838,0.0021762313841242322,43.56519583754998,0.8979331614920085,0.39353655931609577,43.14192890820559,0.8956422044968317,0.39253250314344595,0.4025398681726074,0.004965511540479838,0.0021762313841242322,0.0,0.0,0.0,500.0,0.0,0.0,0.0,0.0,0.0,0.0,0.0,0.0,0.0,0.0,0.0,0.0,0.0,0.0,1.0,0.0,0.0,0.0,0.0,0.0,0.0,0.0,0.0,0.0,0.0,0.0,0.0,0.0,0.0,1.0,0.0,0.0,28.981800000000003,0.5721537886746333,0.2507574539518637,0.0,0.0,0.0,0.0,0.0,0.0,0.0,0.0,0.0,0.0,0.0,0.0,0.0,0.0,0.0,,,,0.0,0.0,0.0,0.0,0.0,0.0
c032127a581c81deff904ceedf3c721876d4922b0494fee8497003f3aab3947b,60,current,Optimized Pattern Generator,dynamic_session,Dynamic Session Pattern Assignment,50,6,5,15,5.0,180,single_only,A1) Refined Cost + Greedy 1:1,True,100,20,0.994,0.010462967275611947,0.004585597590626322,0.994,0.010462967275611947,0.004585597590626322,100.0,0.0,0.0,100.0,0.0,0.0,0.0,0.0,0.0,0.0,0.0,0.0,0.8126577069039426,0.05933755824446877,0.026005831515283108,408.74000000000007,9.491126049326835,4.15966939374551,2.3888373937545113,0.10737465592264354,0.047059017821921546,1.862613906081242,0.08689774264081561,0.03808461488868457,0.42635914978018263,0.02032477593728152,0.008907725802149841,0.0,0.0,0.0,0.09934107954031787,0.0066490630725742845,0.002914080375324104,2.3883141354017425,0.10735897262069752,0.047052144311786004,1.862613906081242,0.08689774264081561,0.03808461488868457,0.09934107954031787,0.0066490630725742845,0.002914080375324104,0.0,0.0,0.0,100.0,0.0,0.0,0.0,0.0,0.0,0.0,0.0,0.0,0.0,0.0,0.0,0.0,0.0,0.0,1.0,0.0,0.0,0.0,0.0,0.0,0.0,0.0,0.0,0.0,0.0,0.0,0.0,0.0,0.0,1.0,0.0,0.0,6.5584999999999996,0.3150317444322079,0.1380687495416685,0.0,0.0,0.0,0.0,0.0,0.0,0.0,0.0,0.0,0.0,0.0,0.0,0.0,0.0,0.0,,,,0.0,0.0,0.0,0.0,0.0,0.0
c032127a581c81deff904ceedf3c721876d4922b0494fee8497003f3aab3947b,60,current,Optimized Pattern Generator,dynamic_session,Dynamic Session Pattern Assignment,50,6,5,15,5.0,180,single_only,A1) Refined Cost + Greedy 1:1,True,300,20,0.9826666666666666,0.007539370349250499,0.003304274743260207,0.9826666666666666,0.007539370349250499,0.003304274743260207,300.0,0.0,0.0,300.0,0.0,0.0,0.0,0.0,0.0,0.0,0.0,0.0,0.7937153665900869,0.028118294074883605,0.012323385724702783,411.93,5.085800666665234,2.2289504180927335,19.326032416745146,0.6027239527839485,0.2641554190980873,15.613665980465885,0.4963400326160583,0.21753061036525795,3.46744090722641,0.10813964753316382,0.04739429017761626,0.0,0.0,0.0,0.24362563720642355,0.008777363396594283,0.003846849118728639,19.324732524898717,0.6027000965730903,0.26414496365269113,15.613665980465885,0.4963400326160583,0.21753061036525795,0.24362563720642355,0.008777363396594283,0.003846849118728639,0.0,0.0,0.0,300.0,0.0,0.0,0.0,0.0,0.0,0.0,0.0,0.0,0.0,0.0,0.0,0.0,0.0,0.0,1.0,0.0,0.0,0.0,0.0,0.0,0.0,0.0,0.0,0.0,0.0,0.0,0.0,0.0,0.0,1.0,0.0,0.0,17.853166666666667,0.5539390839902254,0.24277450765043745,0.0,0.0,0.0,0.0,0.0,0.0,0.0,0.0,0.0,0.0,0.0,0.0,0.0,0.0,0.0,,,,0.0,0.0,0.0,0.0,0.0,0.0
c032127a581c81deff904ceedf3c721876d4922b0494fee8497003f3aab3947b,60,current,Optimized Pattern Generator,dynamic_session,Dynamic Session Pattern Assignment,50,6,5,15,5.0,180,single_only,A1) Refined Cost + Greedy 1:1,True,500,20,0.9727999999999998,0.009231524935327808,0.0040458941891099555,0.9727999999999998,0.009231524935327808,0.0040458941891099555,500.0,0.0,0.0,500.0,0.0,0.0,0.0,0.0,0.0,0.0,0.0,0.0,0.7639297357522102,0.034985150551004325,0.015332918267681538,412.4150000000001,5.840536655227199,2.5597280492887844,53.07146428109845,1.0661811533935583,0.46727449292215684,43.34023479832831,0.8913436290033178,0.39064856936950326,9.328625586212729,0.17814932731466343,0.0780773851802037,0.0,0.0,0.0,0.40042716746393126,0.004567756397904045,0.002001907506833112,53.06928755200497,1.0661746142243684,0.46727162700489916,43.34023479832831,0.8913436290033178,0.39064856936950326,0.40042716746393126,0.004567756397904045,0.002001907506833112,0.0,0.0,0.0,500.0,0.0,0.0,0.0,0.0,0.0,0.0,0.0,0.0,0.0,0.0,0.0,0.0,0.0,0.0,1.0,0.0,0.0,0.0,0.0,0.0,0.0,0.0,0.0,0.0,0.0,0.0,0.0,0.0,0.0,1.0,0.0,0.0,28.981800000000003,0.5721537886746333,0.2507574539518637,0.0,0.0,0.0,0.0,0.0,0.0,0.0,0.0,0.0,0.0,0.0,0.0,0.0,0.0,0.0,,,,0.0,0.0,0.0,0.0,0.0,0.0
c032127a581c81deff904ceedf3c721876d4922b0494fee8497003f3aab3947b,60,current,Optimized Pattern Generator,dynamic_session,Dynamic Session Pattern Assignment,50,6,5,15,5.0,180,nomura_original_interval_hungarian,A2) Corr+DTW + Hungarian,False,100,20,0.9979999999999999,0.004103913408340621,0.001798619353545206,0.9979999999999999,0.004103913408340621,0.001798619353545206,100.0,0.0,0.0,100.0,0.0,0.0,0.0,0.0,0.0,0.0,0.0,0.0,0.07543775070883371,0.0055026148312335805,0.002411627280060816,408.74000000000007,9.491126049326835,4.15966939374551,3.0523513061983976,0.13708868723051612,0.06008176622435372,1.8612676904551335,0.08486484622023155,0.037193658749506746,1.0909449482773197,0.05264926699323423,0.023074558632631907,0.0,0.0,0.0,0.09960189041885315,0.006613501718999491,0.0028984949249469365,3.0518145291513066,0.1371161575237659,0.06009380561119512,1.8612676904551335,0.08486484622023155,0.037193658749506746,0.09960189041885315,0.006613501718999491,0.0028984949249469365,0.0,0.0,0.0,100.0,0.0,0.0,0.0,0.0,0.0,0.0,0.0,0.0,0.0,0.0,0.0,0.0,0.0,0.0,1.0,0.0,0.0,0.0,0.0,0.0,0.0,0.0,0.0,0.0,0.0,0.0,0.0,0.0,0.0,1.0,0.0,0.0,6.5584999999999996,0.3150317444322079,0.1380687495416685,0.0,0.0,0.0,0.0,0.0,0.0,0.0,0.0,0.0,0.0,0.0,0.0,0.0,0.0,0.0,,,,0.0,0.0,0.0,0.0,0.0,0.0
c032127a581c81deff904ceedf3c721876d4922b0494fee8497003f3aab3947b,60,current,Optimized Pattern Generator,dynamic_session,Dynamic Session Pattern Assignment,50,6,5,15,5.0,180,nomura_original_interval_hungarian,A2) Corr+DTW + Hungarian,False,300,20,0.9944999999999998,0.0036314094375220285,0.001591535357860972,0.9944999999999998,0.0036314094375220285,0.001591535357860972,300.0,0.0,0.0,300.0,0.0,0.0,0.0,0.0,0.0,0.0,0.0,0.0,0.07554525891485606,0.0028958226428329853,0.0012691502309108993,411.93,5.085800666665234,2.2289504180927335,24.60893749175593,0.7545617091217786,0.3307012498636851,15.569533234897245,0.4838575663196461,0.21205992830479492,8.783798015078355,0.2722901982675799,0.11933644101490799,0.0,0.0,0.0,0.2543441250221804,0.003059064368094629,0.0013406940714229777,24.60767537499778,0.754557515835003,0.33069941207472636,15.569533234897245,0.4838575663196461,0.21205992830479492,0.2543441250221804,0.003059064368094629,0.0013406940714229777,0.0,0.0,0.0,300.0,0.0,0.0,0.0,0.0,0.0,0.0,0.0,0.0,0.0,0.0,0.0,0.0,0.0,0.0,1.0,0.0,0.0,0.0,0.0,0.0,0.0,0.0,0.0,0.0,0.0,0.0,0.0,0.0,0.0,1.0,0.0,0.0,17.853166666666667,0.5539390839902254,0.24277450765043745,0.0,0.0,0.0,0.0,0.0,0.0,0.0,0.0,0.0,0.0,0.0,0.0,0.0,0.0,0.0,,,,0.0,0.0,0.0,0.0,0.0,0.0
c032127a581c81deff904ceedf3c721876d4922b0494fee8497003f3aab3947b,60,current,Optimized Pattern Generator,dynamic_session,Dynamic Session Pattern Assignment,50,6,5,15,5.0,180,nomura_original_interval_hungarian,A2) Corr+DTW + Hungarian,False,500,20,0.9900999999999998,0.005290507885280068,0.0023186673123290385,0.9900999999999998,0.005290507885280068,0.0023186673123290385,500.0,0.0,0.0,500.0,0.0,0.0,0.0,0.0,0.0,0.0,0.0,0.0,0.07105853236145226,0.0034435667312880487,0.0015092096620584984,412.4150000000001,5.840536655227199,2.5597280492887844,67.3641055042026,1.3601046519321893,0.5960921458138769,43.237203185661926,0.8701149775648677,0.3813447026628467,23.72232906274876,0.4940926834618362,0.21654566617156656,0.0,0.0,0.0,0.40242189123964633,0.00552575583397188,0.002421769271678124,67.36195413965034,1.360092075234156,0.5960866338329369,43.237203185661926,0.8701149775648677,0.3813447026628467,0.40242189123964633,0.00552575583397188,0.002421769271678124,0.0,0.0,0.0,500.0,0.0,0.0,0.0,0.0,0.0,0.0,0.0,0.0,0.0,0.0,0.0,0.0,0.0,0.0,1.0,0.0,0.0,0.0,0.0,0.0,0.0,0.0,0.0,0.0,0.0,0.0,0.0,0.0,0.0,1.0,0.0,0.0,28.981800000000003,0.5721537886746333,0.2507574539518637,0.0,0.0,0.0,0.0,0.0,0.0,0.0,0.0,0.0,0.0,0.0,0.0,0.0,0.0,0.0,,,,0.0,0.0,0.0,0.0,0.0,0.0
c032127a581c81deff904ceedf3c721876d4922b0494fee8497003f3aab3947b,60,current,Optimized Pattern Generator,dynamic_session,Dynamic Session Pattern Assignment,50,6,5,15,5.0,180,bayesian_windowed,A3) Two-Stage Bayesian Posterior + Hungarian,False,100,20,0.9949999999999999,0.006882472016116859,0.0030163763551303555,0.9949999999999999,0.006882472016116859,0.0030163763551303555,100.0,0.0,0.0,100.0,0.0,0.0,0.0,0.0,0.0,0.0,0.0,0.0,0.1325580389354955,0.021488219378216496,0.009417627372043588,408.74000000000007,9.491126049326835,4.15966939374551,2.353366879049281,0.10305011132928243,0.04516370258815456,1.8666457138140686,0.08658106457424272,0.0379458246066519,0.38734589573577977,0.017806965517284435,0.0078042467324499695,0.0,0.0,0.0,0.09884781110158655,0.00674840638651013,0.0029576195023259524,2.352839420651435,0.10304649430108996,0.045162117355655236,1.8666457138140686,0.08658106457424272,0.0379458246066519,0.09884781110158655,0.00674840638651013,0.0029576195023259524,0.0,0.0,0.0,100.0,0.0,0.0,0.0,0.0,0.0,0.0,0.0,0.0,0.0,0.0,0.0,0.0,0.0,0.0,1.0,0.0,0.0,0.0,0.0,0.0,0.0,0.0,0.0,0.0,0.0,0.0,0.0,0.0,0.0,1.0,0.0,0.0,6.5584999999999996,0.3150317444322079,0.1380687495416685,0.0,0.0,0.0,0.0,0.0,0.0,0.0,0.0,0.0,0.0,0.0,0.0,0.0,0.0,0.0,,,,0.0,0.0,0.0,0.0,0.0,0.0
c032127a581c81deff904ceedf3c721876d4922b0494fee8497003f3aab3947b,60,current,Optimized Pattern Generator,dynamic_session,Dynamic Session Pattern Assignment,50,6,5,15,5.0,180,bayesian_windowed,A3) Two-Stage Bayesian Posterior + Hungarian,False,300,20,0.9833333333333334,0.006398099132915935,0.0028040905792445685,0.9833333333333334,0.006398099132915935,0.0028040905792445685,300.0,0.0,0.0,300.0,0.0,0.0,0.0,0.0,0.0,0.0,0.0,0.0,0.3422061871880528,0.02292835272912576,0.010048793641625932,411.93,5.085800666665234,2.2289504180927335,18.90169021659822,0.5820729988729436,0.2551047394960238,15.605488634661015,0.49115034187609635,0.21525612811501374,3.043895018126932,0.09106669898688056,0.03991174056655052,0.0,0.0,0.0,0.25104456400877095,0.002993450345813235,0.0013119374582596947,18.90042821679672,0.5820594227128938,0.25509878948154185,15.605488634661015,0.49115034187609635,0.21525612811501374,0.25104456400877095,0.002993450345813235,0.0013119374582596947,0.0,0.0,0.0,300.0,0.0,0.0,0.0,0.0,0.0,0.0,0.0,0.0,0.0,0.0,0.0,0.0,0.0,0.0,1.0,0.0,0.0,0.0,0.0,0.0,0.0,0.0,0.0,0.0,0.0,0.0,0.0,0.0,0.0,1.0,0.0,0.0,17.853166666666667,0.5539390839902254,0.24277450765043745,0.0,0.0,0.0,0.0,0.0,0.0,0.0,0.0,0.0,0.0,0.0,0.0,0.0,0.0,0.0,,,,0.0,0.0,0.0,0.0,0.0,0.0
c032127a581c81deff904ceedf3c721876d4922b0494fee8497003f3aab3947b,60,current,Optimized Pattern Generator,dynamic_session,Dynamic Session Pattern Assignment,50,6,5,15,5.0,180,bayesian_windowed,A3) Two-Stage Bayesian Posterior + Hungarian,False,500,20,0.9732,0.008739504984175087,0.0038302569379254888,0.9732,0.008739504984175087,0.0038302569379254888,500.0,0.0,0.0,500.0,0.0,0.0,0.0,0.0,0.0,0.0,0.0,0.0,0.5323686077948887,0.027901653433373714,0.012228438777286148,412.4150000000001,5.840536655227199,2.5597280492887844,51.7031918937515,1.0560238064340914,0.4628228393407628,43.167602280889696,0.9025821816640412,0.39557408224224866,8.13145081600087,0.15657067556450585,0.06862012407367886,0.0,0.0,0.0,0.4019342572122696,0.004329161092378574,0.0018973385036687245,51.700987354102836,1.055999844585242,0.46281233759747564,43.167602280889696,0.9025821816640412,0.39557408224224866,0.4019342572122696,0.004329161092378574,0.0018973385036687245,0.0,0.0,0.0,500.0,0.0,0.0,0.0,0.0,0.0,0.0,0.0,0.0,0.0,0.0,0.0,0.0,0.0,0.0,1.0,0.0,0.0,0.0,0.0,0.0,0.0,0.0,0.0,0.0,0.0,0.0,0.0,0.0,0.0,1.0,0.0,0.0,28.981800000000003,0.5721537886746333,0.2507574539518637,0.0,0.0,0.0,0.0,0.0,0.0,0.0,0.0,0.0,0.0,0.0,0.0,0.0,0.0,0.0,,,,0.0,0.0,0.0,0.0,0.0,0.0
c032127a581c81deff904ceedf3c721876d4922b0494fee8497003f3aab3947b,60,current,Optimized Pattern Generator,dynamic_session,Dynamic Session Pattern Assignment,50,6,5,15,10.0,60,time_only_baseline,A0) Time Prior + Hungarian (Baseline),False,100,20,0.9225000000000001,0.025520889276702003,0.011185022880714419,0.9225000000000001,0.025520889276702003,0.011185022880714419,100.0,0.0,0.0,100.0,0.0,0.0,0.0,0.0,0.0,0.0,0.0,0.0,1.5471502440800002,0.1217859480412734,0.05337504507081076,414.825,8.563869944193007,3.7532814877538465,1.876102131299558,0.09638231152199579,0.04224141047678178,1.7710925725696143,0.09769468750712726,0.04281658461208106,0.0022973510669544337,4.219179953387182e-05,1.849137144275314e-05,0.0,0.0,0.0,0.10222676171397324,0.005126694954571969,0.0022468731299923115,1.875616685350542,0.09638326045822349,0.042241826366420425,1.7710925725696143,0.09769468750712726,0.04281658461208106,0.10222676171397324,0.005126694954571969,0.0022468731299923115,0.0,0.0,0.0,100.0,0.0,0.0,0.0,0.0,0.0,0.0,0.0,0.0,0.0,0.0,0.0,0.0,0.0,0.0,1.0,0.0,0.0,0.0,0.0,0.0,0.0,0.0,0.0,0.0,0.0,0.0,0.0,0.0,0.0,1.0,0.0,0.0,6.367500000000001,0.3571064267133819,0.15650879208530105,0.0,0.0,0.0,0.0,0.0,0.0,0.0,0.0,0.0,0.0,0.0,0.0,0.0,0.0,0.0,,,,0.0,0.0,0.0,0.0,0.0,0.0
c032127a581c81deff904ceedf3c721876d4922b0494fee8497003f3aab3947b,60,current,Optimized Pattern Generator,dynamic_session,Dynamic Session Pattern Assignment,50,6,5,15,10.0,60,time_only_baseline,A0) Time Prior + Hungarian (Baseline),False,300,20,0.7973333333333332,0.021373865005261856,0.009367509358359203,0.7973333333333332,0.021373865005261856,0.009367509358359203,300.0,0.0,0.0,300.0,0.0,0.0,0.0,0.0,0.0,0.0,0.0,0.0,1.3502335931566667,0.07415465862365621,0.03249971207603411,416.35,7.25835272017875,3.181113337050078,14.823526733399195,0.49733381523464054,0.21796615480129944,14.560063035895292,0.49652870103715313,0.21761329794655396,0.009600632755609694,0.000207639525955487,9.100203459105096e-05,0.0,0.0,0.0,0.25264829595107585,0.0036189962711025425,0.0015860950478106942,14.822311964601976,0.4973343286377522,0.2179663798101339,14.560063035895292,0.49652870103715313,0.21761329794655396,0.25264829595107585,0.0036189962711025425,0.0015860950478106942,0.0,0.0,0.0,300.0,0.0,0.0,0.0,0.0,0.0,0.0,0.0,0.0,0.0,0.0,0.0,0.0,0.0,0.0,1.0,0.0,0.0,0.0,0.0,0.0,0.0,0.0,0.0,0.0,0.0,0.0,0.0,0.0,0.0,1.0,0.0,0.0,16.976833333333335,0.552778706396704,0.24226594974741586,0.0,0.0,0.0,0.0,0.0,0.0,0.0,0.0,0.0,0.0,0.0,0.0,0.0,0.0,0.0,,,,0.0,0.0,0.0,0.0,0.0,0.0
c032127a581c81deff904ceedf3c721876d4922b0494fee8497003f3aab3947b,60,current,Optimized Pattern Generator,dynamic_session,Dynamic Session Pattern Assignment,50,6,5,15,10.0,60,time_only_baseline,A0) Time Prior + Hungarian (Baseline),False,500,20,0.7083999999999999,0.023961372423570656,0.010501534484365402,0.7083999999999999,0.023961372423570656,0.010501534484365402,500.0,0.0,0.0,500.0,0.0,0.0,0.0,0.0,0.0,0.0,0.0,0.0,1.190600269023,0.0501909146362283,0.02199713820798114,416.21000000000004,5.857330090533883,2.5670880968213967,71.29964458954927,21.67450589383653,9.49927103723831,70.58123530926532,21.457722212563073,9.404261399881252,0.03974097115860786,0.013622848699983458,0.005970476685110099,0.0,0.0,0.0,0.6754312155288063,0.205510421468344,0.09006891340761847,71.29640749595274,21.67383455482537,9.498976809943988,70.58123530926532,21.457722212563073,9.404261399881252,0.6754312155288063,0.205510421468344,0.09006891340761847,0.0,0.0,0.0,500.0,0.0,0.0,0.0,0.0,0.0,0.0,0.0,0.0,0.0,0.0,0.0,0.0,0.0,0.0,1.0,0.0,0.0,0.0,0.0,0.0,0.0,0.0,0.0,0.0,0.0,0.0,0.0,0.0,0.0,1.0,0.0,0.0,27.681199999999997,0.7017342126924967,0.3075485787366728,0.0,0.0,0.0,0.0,0.0,0.0,0.0,0.0,0.0,0.0,0.0,0.0,0.0,0.0,0.0,,,,0.0,0.0,0.0,0.0,0.0,0.0
c032127a581c81deff904ceedf3c721876d4922b0494fee8497003f3aab3947b,60,current,Optimized Pattern Generator,dynamic_session,Dynamic Session Pattern Assignment,50,6,5,15,10.0,60,single_only,A1) Refined Cost + Greedy 1:1,True,100,20,0.994,0.0059824304161611936,0.0026219157319149616,0.994,0.0059824304161611936,0.0026219157319149616,100.0,0.0,0.0,100.0,0.0,0.0,0.0,0.0,0.0,0.0,0.0,0.0,0.8233006563871079,0.057347433834593425,0.025133621036307174,414.825,8.563869944193007,3.7532814877538465,2.2950223604464552,0.12181994423929182,0.05338994456152092,1.779079039709177,0.09936282158319201,0.04354767660525532,0.41460551693598974,0.023190874195526984,0.010163848747133442,0.0,0.0,0.0,0.10080725385778351,0.005952328486565877,0.0026087229795924696,2.29449181050295,0.12181185784744032,0.05338640054403388,1.779079039709177,0.09936282158319201,0.04354767660525532,0.10080725385778351,0.005952328486565877,0.0026087229795924696,0.0,0.0,0.0,100.0,0.0,0.0,0.0,0.0,0.0,0.0,0.0,0.0,0.0,0.0,0.0,0.0,0.0,0.0,1.0,0.0,0.0,0.0,0.0,0.0,0.0,0.0,0.0,0.0,0.0,0.0,0.0,0.0,0.0,1.0,0.0,0.0,6.367500000000001,0.3571064267133819,0.15650879208530105,0.0,0.0,0.0,0.0,0.0,0.0,0.0,0.0,0.0,0.0,0.0,0.0,0.0,0.0,0.0,,,,0.0,0.0,0.0,0.0,0.0,0.0
c032127a581c81deff904ceedf3c721876d4922b0494fee8497003f3aab3947b,60,current,Optimized Pattern Generator,dynamic_session,Dynamic Session Pattern Assignment,50,6,5,15,10.0,60,single_only,A1) Refined Cost + Greedy 1:1,True,300,20,0.9818333333333333,0.009939877745256382,0.0043563434959803995,0.9818333333333333,0.009939877745256382,0.0043563434959803995,300.0,0.0,0.0,300.0,0.0,0.0,0.0,0.0,0.0,0.0,0.0,0.0,0.7886805274379197,0.043083612086578855,0.018882225526997084,416.35,7.25835272017875,3.181113337050078,18.193003204104023,0.6016865057860805,0.26370073790407134,14.650218661721738,0.4934851021501682,0.21627938192107593,3.297244993910135,0.10910566092059697,0.04781766421150543,0.0,0.0,0.0,0.24425022551731673,0.009493654361765736,0.0041607774755279305,18.19171388114919,0.6016624214730059,0.263690182488471,14.650218661721738,0.4934851021501682,0.21627938192107593,0.24425022551731673,0.009493654361765736,0.0041607774755279305,0.0,0.0,0.0,300.0,0.0,0.0,0.0,0.0,0.0,0.0,0.0,0.0,0.0,0.0,0.0,0.0,0.0,0.0,1.0,0.0,0.0,0.0,0.0,0.0,0.0,0.0,0.0,0.0,0.0,0.0,0.0,0.0,0.0,1.0,0.0,0.0,16.976833333333335,0.552778706396704,0.24226594974741586,0.0,0.0,0.0,0.0,0.0,0.0,0.0,0.0,0.0,0.0,0.0,0.0,0.0,0.0,0.0,,,,0.0,0.0,0.0,0.0,0.0,0.0
c032127a581c81deff904ceedf3c721876d4922b0494fee8497003f3aab3947b,60,current,Optimized Pattern Generator,dynamic_session,Dynamic Session Pattern Assignment,50,6,5,15,10.0,60,single_only,A1) Refined Cost + Greedy 1:1,True,500,20,0.9739000000000001,0.006536536987539637,0.0028647636441497433,0.9739000000000001,0.006536536987539637,0.0028647636441497433,500.0,0.0,0.0,500.0,0.0,0.0,0.0,0.0,0.0,0.0,0.0,0.0,0.7695117287168192,0.019822244069469818,0.008687481500361608,416.21000000000004,5.857330090533883,2.5670880968213967,89.45327943954908,26.967019639502812,11.818817456642032,73.31728653134633,22.303797248980544,9.775070133798286,15.433486760167579,4.467844650926902,1.9581192530667488,0.0,0.0,0.0,0.6994845417910256,0.2000722215754133,0.08768551721899674,89.45025783330493,26.966428921958766,11.818558563263569,73.31728653134633,22.303797248980544,9.775070133798286,0.6994845417910256,0.2000722215754133,0.08768551721899674,0.0,0.0,0.0,500.0,0.0,0.0,0.0,0.0,0.0,0.0,0.0,0.0,0.0,0.0,0.0,0.0,0.0,0.0,1.0,0.0,0.0,0.0,0.0,0.0,0.0,0.0,0.0,0.0,0.0,0.0,0.0,0.0,0.0,1.0,0.0,0.0,27.681199999999997,0.7017342126924967,0.3075485787366728,0.0,0.0,0.0,0.0,0.0,0.0,0.0,0.0,0.0,0.0,0.0,0.0,0.0,0.0,0.0,,,,0.0,0.0,0.0,0.0,0.0,0.0
c032127a581c81deff904ceedf3c721876d4922b0494fee8497003f3aab3947b,60,current,Optimized Pattern Generator,dynamic_session,Dynamic Session Pattern Assignment,50,6,5,15,10.0,60,nomura_original_interval_hungarian,A2) Corr+DTW + Hungarian,False,100,20,0.999,0.003077935056255465,0.0013489645151589043,0.999,0.003077935056255465,0.0013489645151589043,100.0,0.0,0.0,100.0,0.0,0.0,0.0,0.0,0.0,0.0,0.0,0.0,0.0751960867383299,0.006654030897576628,0.0029162576206275947,414.825,8.563869944193007,3.7532814877538465,2.9375589979041252,0.1586853044332755,0.06954690103763833,1.7813531594743837,0.10103669677815917,0.04428128475472759,1.0555162759847008,0.057872511390121055,0.02536374642140054,0.0,0.0,0.0,0.10015801234258107,0.0069482330812592604,0.003045197412668871,2.9370274478016656,0.1586733196609404,0.06954164847957366,1.7813531594743837,0.10103669677815917,0.04428128475472759,0.10015801234258107,0.0069482330812592604,0.003045197412668871,0.0,0.0,0.0,100.0,0.0,0.0,0.0,0.0,0.0,0.0,0.0,0.0,0.0,0.0,0.0,0.0,0.0,0.0,1.0,0.0,0.0,0.0,0.0,0.0,0.0,0.0,0.0,0.0,0.0,0.0,0.0,0.0,0.0,1.0,0.0,0.0,6.367500000000001,0.3571064267133819,0.15650879208530105,0.0,0.0,0.0,0.0,0.0,0.0,0.0,0.0,0.0,0.0,0.0,0.0,0.0,0.0,0.0,,,,0.0,0.0,0.0,0.0,0.0,0.0
c032127a581c81deff904ceedf3c721876d4922b0494fee8497003f3aab3947b,60,current,Optimized Pattern Generator,dynamic_session,Dynamic Session Pattern Assignment,50,6,5,15,10.0,60,nomura_original_interval_hungarian,A2) Corr+DTW + Hungarian,False,300,20,0.9953333333333333,0.005342098061240226,0.002341277703850984,0.9953333333333333,0.005342098061240226,0.002341277703850984,300.0,0.0,0.0,300.0,0.0,0.0,0.0,0.0,0.0,0.0,0.0,0.0,0.07362593046597544,0.0037033731442811845,0.0016230748429453335,416.35,7.25835272017875,3.181113337050078,23.190709041697847,0.7739851454350927,0.3392139461585139,14.586626034510846,0.5006136505566222,0.2194036060093508,8.34928135303926,0.27444134982213236,0.1202792247516612,0.0,0.0,0.0,0.25354266459908104,0.0030191496636077842,0.001323200680886235,23.189450052149187,0.7739771827181874,0.3392104563439619,14.586626034510846,0.5006136505566222,0.2194036060093508,0.25354266459908104,0.0030191496636077842,0.001323200680886235,0.0,0.0,0.0,300.0,0.0,0.0,0.0,0.0,0.0,0.0,0.0,0.0,0.0,0.0,0.0,0.0,0.0,0.0,1.0,0.0,0.0,0.0,0.0,0.0,0.0,0.0,0.0,0.0,0.0,0.0,0.0,0.0,0.0,1.0,0.0,0.0,16.976833333333335,0.552778706396704,0.24226594974741586,0.0,0.0,0.0,0.0,0.0,0.0,0.0,0.0,0.0,0.0,0.0,0.0,0.0,0.0,0.0,,,,0.0,0.0,0.0,0.0,0.0,0.0
c032127a581c81deff904ceedf3c721876d4922b0494fee8497003f3aab3947b,60,current,Optimized Pattern Generator,dynamic_session,Dynamic Session Pattern Assignment,50,6,5,15,10.0,60,nomura_original_interval_hungarian,A2) Corr+DTW + Hungarian,False,500,20,0.9872,0.003636076543690874,0.0015935808073247143,0.9872,0.003636076543690874,0.0015935808073247143,500.0,0.0,0.0,500.0,0.0,0.0,0.0,0.0,0.0,0.0,0.0,0.0,0.07241178008777191,0.003334165673623885,0.0014612625345159992,416.21000000000004,5.857330090533883,2.5670880968213967,111.89485803959687,32.624591626922516,14.298357704729963,72.46617949198117,21.49556776913235,9.420847946359753,38.71555757710885,10.925998489439188,4.788529967511424,0.0,0.0,0.0,0.7097216663110885,0.2121320872250131,0.09297098637983262,111.8914587354011,32.62393973987415,14.29807200263422,72.46617949198117,21.49556776913235,9.420847946359753,0.7097216663110885,0.2121320872250131,0.09297098637983262,0.0,0.0,0.0,500.0,0.0,0.0,0.0,0.0,0.0,0.0,0.0,0.0,0.0,0.0,0.0,0.0,0.0,0.0,1.0,0.0,0.0,0.0,0.0,0.0,0.0,0.0,0.0,0.0,0.0,0.0,0.0,0.0,0.0,1.0,0.0,0.0,27.681199999999997,0.7017342126924967,0.3075485787366728,0.0,0.0,0.0,0.0,0.0,0.0,0.0,0.0,0.0,0.0,0.0,0.0,0.0,0.0,0.0,,,,0.0,0.0,0.0,0.0,0.0,0.0
c032127a581c81deff904ceedf3c721876d4922b0494fee8497003f3aab3947b,60,current,Optimized Pattern Generator,dynamic_session,Dynamic Session Pattern Assignment,50,6,5,15,10.0,60,bayesian_windowed,A3) Two-Stage Bayesian Posterior + Hungarian,False,100,20,0.9955,0.005104177855340408,0.002237004576142887,0.9955,0.005104177855340408,0.002237004576142887,100.0,0.0,0.0,100.0,0.0,0.0,0.0,0.0,0.0,0.0,0.0,0.0,0.12786015967898373,0.016692765487704347,0.007315927039141992,414.825,8.563869944193007,3.7532814877538465,2.2581922103039687,0.11877719203011247,0.05205639960895203,1.7832041743327864,0.09808235456598387,0.04298648719174425,0.37587927389686226,0.01981676223466288,0.00868507898032874,0.0,0.0,0.0,0.0985655788143049,0.007102086321644241,0.00311262656826452,2.2576490270439535,0.11877439491762132,0.05205517372035253,1.7832041743327864,0.09808235456598387,0.04298648719174425,0.0985655788143049,0.007102086321644241,0.00311262656826452,0.0,0.0,0.0,100.0,0.0,0.0,0.0,0.0,0.0,0.0,0.0,0.0,0.0,0.0,0.0,0.0,0.0,0.0,1.0,0.0,0.0,0.0,0.0,0.0,0.0,0.0,0.0,0.0,0.0,0.0,0.0,0.0,0.0,1.0,0.0,0.0,6.367500000000001,0.3571064267133819,0.15650879208530105,0.0,0.0,0.0,0.0,0.0,0.0,0.0,0.0,0.0,0.0,0.0,0.0,0.0,0.0,0.0,,,,0.0,0.0,0.0,0.0,0.0,0.0
c032127a581c81deff904ceedf3c721876d4922b0494fee8497003f3aab3947b,60,current,Optimized Pattern Generator,dynamic_session,Dynamic Session Pattern Assignment,50,6,5,15,10.0,60,bayesian_windowed,A3) Two-Stage Bayesian Posterior + Hungarian,False,300,20,0.9854999999999998,0.008040467822646722,0.0035238903939782073,0.9854999999999998,0.008040467822646722,0.0035238903939782073,300.0,0.0,0.0,300.0,0.0,0.0,0.0,0.0,0.0,0.0,0.0,0.0,0.33299247638848034,0.027867398678702537,0.012213425969126671,416.35,7.25835272017875,3.181113337050078,17.79277331884805,0.61101235374936,0.2677879709828406,14.642531571115251,0.5192168219126967,0.22755680533620565,2.8969428276934197,0.09307567152008378,0.040792211599788304,0.0,0.0,0.0,0.25204509494215016,0.003769325962783985,0.001651979940099407,17.79151949375082,0.6109995941875399,0.2677823788583124,14.642531571115251,0.5192168219126967,0.22755680533620565,0.25204509494215016,0.003769325962783985,0.001651979940099407,0.0,0.0,0.0,300.0,0.0,0.0,0.0,0.0,0.0,0.0,0.0,0.0,0.0,0.0,0.0,0.0,0.0,0.0,1.0,0.0,0.0,0.0,0.0,0.0,0.0,0.0,0.0,0.0,0.0,0.0,0.0,0.0,0.0,1.0,0.0,0.0,16.976833333333335,0.552778706396704,0.24226594974741586,0.0,0.0,0.0,0.0,0.0,0.0,0.0,0.0,0.0,0.0,0.0,0.0,0.0,0.0,0.0,,,,0.0,0.0,0.0,0.0,0.0,0.0
c032127a581c81deff904ceedf3c721876d4922b0494fee8497003f3aab3947b,60,current,Optimized Pattern Generator,dynamic_session,Dynamic Session Pattern Assignment,50,6,5,15,10.0,60,bayesian_windowed,A3) Two-Stage Bayesian Posterior + Hungarian,False,500,20,0.9766999999999999,0.0065622525015985875,0.0028760339651021276,0.9766999999999999,0.0065622525015985875,0.0028760339651021276,500.0,0.0,0.0,500.0,0.0,0.0,0.0,0.0,0.0,0.0,0.0,0.0,0.5222434169092418,0.03817348277061384,0.01673026647294987,416.21000000000004,5.857330090533883,2.5670880968213967,86.51395336045098,25.320395452169993,11.097152587852811,72.40065586929268,21.320515306434075,9.344127821940225,13.40468508041522,3.7986749989427517,1.664842722324727,0.0,0.0,0.0,0.7055918315876625,0.2048492880592177,0.08977915891559796,86.51093278129557,25.31991161874139,11.096940538503327,72.40065586929268,21.320515306434075,9.344127821940225,0.7055918315876625,0.2048492880592177,0.08977915891559796,0.0,0.0,0.0,500.0,0.0,0.0,0.0,0.0,0.0,0.0,0.0,0.0,0.0,0.0,0.0,0.0,0.0,0.0,1.0,0.0,0.0,0.0,0.0,0.0,0.0,0.0,0.0,0.0,0.0,0.0,0.0,0.0,0.0,1.0,0.0,0.0,27.681199999999997,0.7017342126924967,0.3075485787366728,0.0,0.0,0.0,0.0,0.0,0.0,0.0,0.0,0.0,0.0,0.0,0.0,0.0,0.0,0.0,,,,0.0,0.0,0.0,0.0,0.0,0.0
c032127a581c81deff904ceedf3c721876d4922b0494fee8497003f3aab3947b,60,current,Optimized Pattern Generator,dynamic_session,Dynamic Session Pattern Assignment,50,6,5,15,10.0,120,time_only_baseline,A0) Time Prior + Hungarian (Baseline),False,100,20,0.9359999999999999,0.028910023757932283,0.01267037655735862,0.9359999999999999,0.028910023757932283,0.01267037655735862,100.0,0.0,0.0,100.0,0.0,0.0,0.0,0.0,0.0,0.0,0.0,0.0,1.5013502487900001,0.15397617225852353,0.06748303286471408,407.67500000000007,8.576275415353669,3.7587184252082446,3.926171656350198,0.16137303939764502,0.07072485282246165,3.7168713222636143,0.15625592603060592,0.06848217900835629,0.005689058772986755,0.00017218544700039795,7.54635993888991e-05,0.0,0.0,0.0,0.20266013971413485,0.009726976459636591,0.004263035393540381,3.925220520750736,0.16137528986938648,0.07072583913518954,3.7168713222636143,0.15625592603060592,0.06848217900835629,0.20266013971413485,0.009726976459636591,0.004263035393540381,0.0,0.0,0.0,100.0,0.0,0.0,0.0,0.0,0.0,0.0,0.0,0.0,0.0,0.0,0.0,0.0,0.0,0.0,1.0,0.0,0.0,0.0,0.0,0.0,0.0,0.0,0.0,0.0,0.0,0.0,0.0,0.0,0.0,1.0,0.0,0.0,6.413999999999999,0.2580371250319164,0.1130897562488356,0.0,0.0,0.0,0.0,0.0,0.0,0.0,0.0,0.0,0.0,0.0,0.0,0.0,0.0,0.0,,,,0.0,0.0,0.0,0.0,0.0,0.0
c032127a581c81deff904ceedf3c721876d4922b0494fee8497003f3aab3947b,60,current,Optimized Pattern Generator,dynamic_session,Dynamic Session Pattern Assignment,50,6,5,15,10.0,120,time_only_baseline,A0) Time Prior + Hungarian (Baseline),False,300,20,0.7965,0.019480834786440953,0.008537852284821214,0.7965,0.019480834786440953,0.008537852284821214,300.0,0.0,0.0,300.0,0.0,0.0,0.0,0.0,0.0,0.0,0.0,0.0,1.3533835953366669,0.08168283361032136,0.035799080235306695,418.82000000000005,4.96181206288272,2.1746100165801074,27.417669085448143,3.015168731482237,1.321455960456314,26.95050105894188,2.9791240072331084,1.305658663540662,0.019807685211708302,0.0024726306692028272,0.0010836781708793103,0.0,0.0,0.0,0.44545884340041086,0.03514218245724091,0.015401740535009891,27.415767587554,3.015045328807758,1.321401876849641,26.95050105894188,2.9791240072331084,1.305658663540662,0.44545884340041086,0.03514218245724091,0.015401740535009891,0.0,0.0,0.0,300.0,0.0,0.0,0.0,0.0,0.0,0.0,0.0,0.0,0.0,0.0,0.0,0.0,0.0,0.0,1.0,0.0,0.0,0.0,0.0,0.0,0.0,0.0,0.0,0.0,0.0,0.0,0.0,0.0,0.0,1.0,0.0,0.0,17.293333333333333,0.5179378815290568,0.22699628499935592,0.0,0.0,0.0,0.0,0.0,0.0,0.0,0.0,0.0,0.0,0.0,0.0,0.0,0.0,0.0,,,,0.0,0.0,0.0,0.0,0.0,0.0
c032127a581c81deff904ceedf3c721876d4922b0494fee8497003f3aab3947b,60,current,Optimized Pattern Generator,dynamic_session,Dynamic Session Pattern Assignment,50,6,5,15,10.0,120,time_only_baseline,A0) Time Prior + Hungarian (Baseline),False,500,20,0.6998,0.01807469880363445,0.007921586018761107,0.6998,0.01807469880363445,0.007921586018761107,500.0,0.0,0.0,500.0,0.0,0.0,0.0,0.0,0.0,0.0,0.0,0.0,1.185260273205,0.051420499073283804,0.022536027347506194,415.31499999999994,4.422582598675258,1.9382822840421272,65.19114944185858,4.955797741275937,2.1719741239176504,64.53612012537488,4.907448725262859,2.1507842333733587,0.036174438431044106,0.0024105934386970986,0.0010564891558281701,0.0,0.0,0.0,0.6160086613424938,0.04833596995941713,0.02118417285917831,65.18830322514842,4.9556322805441635,2.171901607554655,64.53612012537488,4.907448725262859,2.1507842333733587,0.6160086613424938,0.04833596995941713,0.02118417285917831,0.0,0.0,0.0,500.0,0.0,0.0,0.0,0.0,0.0,0.0,0.0,0.0,0.0,0.0,0.0,0.0,0.0,0.0,1.0,0.0,0.0,0.0,0.0,0.0,0.0,0.0,0.0,0.0,0.0,0.0,0.0,0.0,0.0,1.0,0.0,0.0,28.3161,0.49476819665480976,0.21684172288172718,0.0,0.0,0.0,0.0,0.0,0.0,0.0,0.0,0.0,0.0,0.0,0.0,0.0,0.0,0.0,,,,0.0,0.0,0.0,0.0,0.0,0.0
c032127a581c81deff904ceedf3c721876d4922b0494fee8497003f3aab3947b,60,current,Optimized Pattern Generator,dynamic_session,Dynamic Session Pattern Assignment,50,6,5,15,10.0,120,single_only,A1) Refined Cost + Greedy 1:1,True,100,20,0.9934999999999997,0.008750939799154214,0.003835268466551767,0.9934999999999997,0.008750939799154214,0.003835268466551767,100.0,0.0,0.0,100.0,0.0,0.0,0.0,0.0,0.0,0.0,0.0,0.0,0.8051814472652088,0.044511121884812675,0.01950785928068706,407.67500000000007,8.576275415353669,3.7587184252082446,4.785430287549389,0.20201231827022376,0.08853580208513043,3.746821981643734,0.16256706435047047,0.07124815733088599,0.8367916305898688,0.04119587350703283,0.01805488761662478,0.0,0.0,0.0,0.2007769024130539,0.011448020722150426,0.0050173162983406985,4.784390514646657,0.20194753588318845,0.08850740995218392,3.746821981643734,0.16256706435047047,0.07124815733088599,0.2007769024130539,0.011448020722150426,0.0050173162983406985,0.0,0.0,0.0,100.0,0.0,0.0,0.0,0.0,0.0,0.0,0.0,0.0,0.0,0.0,0.0,0.0,0.0,0.0,1.0,0.0,0.0,0.0,0.0,0.0,0.0,0.0,0.0,0.0,0.0,0.0,0.0,0.0,0.0,1.0,0.0,0.0,6.413999999999999,0.2580371250319164,0.1130897562488356,0.0,0.0,0.0,0.0,0.0,0.0,0.0,0.0,0.0,0.0,0.0,0.0,0.0,0.0,0.0,,,,0.0,0.0,0.0,0.0,0.0,0.0
c032127a581c81deff904ceedf3c721876d4922b0494fee8497003f3aab3947b,60,current,Optimized Pattern Generator,dynamic_session,Dynamic Session Pattern Assignment,50,6,5,15,10.0,120,single_only,A1) Refined Cost + Greedy 1:1,True,300,20,0.9811666666666667,0.008040467822646728,0.00352389039397821,0.9811666666666667,0.008040467822646728,0.00352389039397821,300.0,0.0,0.0,300.0,0.0,0.0,0.0,0.0,0.0,0.0,0.0,0.0,0.7848781263275548,0.035988571962372366,0.015772687090917493,418.82000000000005,4.96181206288272,2.1746100165801074,33.533162464600174,3.5477594742625302,1.5548741450449068,27.112047528383847,2.956656214203537,1.2958117190870324,5.978716421674472,0.5521435074445863,0.2419875615323262,0.0,0.0,0.0,0.44044414379604857,0.04316870504613651,0.01891951916082469,33.53120809385437,3.5476362440893876,1.5548201370402779,27.112047528383847,2.956656214203537,1.2958117190870324,0.44044414379604857,0.04316870504613651,0.01891951916082469,0.0,0.0,0.0,300.0,0.0,0.0,0.0,0.0,0.0,0.0,0.0,0.0,0.0,0.0,0.0,0.0,0.0,0.0,1.0,0.0,0.0,0.0,0.0,0.0,0.0,0.0,0.0,0.0,0.0,0.0,0.0,0.0,0.0,1.0,0.0,0.0,17.293333333333333,0.5179378815290568,0.22699628499935592,0.0,0.0,0.0,0.0,0.0,0.0,0.0,0.0,0.0,0.0,0.0,0.0,0.0,0.0,0.0,,,,0.0,0.0,0.0,0.0,0.0,0.0
c032127a581c81deff904ceedf3c721876d4922b0494fee8497003f3aab3947b,60,current,Optimized Pattern Generator,dynamic_session,Dynamic Session Pattern Assignment,50,6,5,15,10.0,120,single_only,A1) Refined Cost + Greedy 1:1,True,500,20,0.9691000000000001,0.007151738838985434,0.003134387743454183,0.9691000000000001,0.007151738838985434,0.003134387743454183,500.0,0.0,0.0,500.0,0.0,0.0,0.0,0.0,0.0,0.0,0.0,0.0,0.773797593230874,0.021843923703967403,0.00957352166628846,415.31499999999994,4.422582598675258,1.9382822840421272,79.601929993651,5.8683219734998415,2.5719055019338675,64.93091414494847,4.774483866790014,2.09250981478923,14.051960501444409,1.0501061089402737,0.4602292940629373,0.0,0.0,0.0,0.616192111800774,0.047995581118391986,0.021034990872064653,79.59906675819366,5.868201434075944,2.57185267320209,64.93091414494847,4.774483866790014,2.09250981478923,0.616192111800774,0.047995581118391986,0.021034990872064653,0.0,0.0,0.0,500.0,0.0,0.0,0.0,0.0,0.0,0.0,0.0,0.0,0.0,0.0,0.0,0.0,0.0,0.0,1.0,0.0,0.0,0.0,0.0,0.0,0.0,0.0,0.0,0.0,0.0,0.0,0.0,0.0,0.0,1.0,0.0,0.0,28.3161,0.49476819665480976,0.21684172288172718,0.0,0.0,0.0,0.0,0.0,0.0,0.0,0.0,0.0,0.0,0.0,0.0,0.0,0.0,0.0,,,,0.0,0.0,0.0,0.0,0.0,0.0
c032127a581c81deff904ceedf3c721876d4922b0494fee8497003f3aab3947b,60,current,Optimized Pattern Generator,dynamic_session,Dynamic Session Pattern Assignment,50,6,5,15,10.0,120,nomura_original_interval_hungarian,A2) Corr+DTW + Hungarian,False,100,20,0.999,0.0030779350562554647,0.001348964515158904,0.999,0.0030779350562554647,0.001348964515158904,100.0,0.0,0.0,100.0,0.0,0.0,0.0,0.0,0.0,0.0,0.0,0.0,0.07537250517783534,0.00434784290700391,0.0019055261699280036,407.67500000000007,8.576275415353669,3.7587184252082446,6.059820337597921,0.2554626678758741,0.11196145065244563,3.7557665064843606,0.16658220723888723,0.07300787128870943,2.1012270841907594,0.0910519032249514,0.03990525603797783,0.0,0.0,0.0,0.20181636132620043,0.009688029894824783,0.0042459663089241565,6.0588099520013206,0.2555101710774705,0.11198226984847762,3.7557665064843606,0.16658220723888723,0.07300787128870943,0.20181636132620043,0.009688029894824783,0.0042459663089241565,0.0,0.0,0.0,100.0,0.0,0.0,0.0,0.0,0.0,0.0,0.0,0.0,0.0,0.0,0.0,0.0,0.0,0.0,1.0,0.0,0.0,0.0,0.0,0.0,0.0,0.0,0.0,0.0,0.0,0.0,0.0,0.0,0.0,1.0,0.0,0.0,6.413999999999999,0.2580371250319164,0.1130897562488356,0.0,0.0,0.0,0.0,0.0,0.0,0.0,0.0,0.0,0.0,0.0,0.0,0.0,0.0,0.0,,,,0.0,0.0,0.0,0.0,0.0,0.0
c032127a581c81deff904ceedf3c721876d4922b0494fee8497003f3aab3947b,60,current,Optimized Pattern Generator,dynamic_session,Dynamic Session Pattern Assignment,50,6,5,15,10.0,120,nomura_original_interval_hungarian,A2) Corr+DTW + Hungarian,False,300,20,0.9934999999999998,0.004389647576737025,0.0019238478742548376,0.9934999999999998,0.004389647576737025,0.0019238478742548376,300.0,0.0,0.0,300.0,0.0,0.0,0.0,0.0,0.0,0.0,0.0,0.0,0.07281712856603176,0.004346026206072726,0.0019047299656397283,418.82000000000005,4.96181206288272,2.1746100165801074,42.8449709625027,4.435479580038492,1.9439346353405442,27.207768948607555,3.0323341463645113,1.3289790352259092,15.180441328117741,1.3672351526736577,0.5992172255506979,0.0,0.0,0.0,0.4548179961740971,0.041641500937139864,0.018250192448990923,42.84302827289939,4.435290295909381,1.9438516779133124,27.207768948607555,3.0323341463645113,1.3289790352259092,0.4548179961740971,0.041641500937139864,0.018250192448990923,0.0,0.0,0.0,300.0,0.0,0.0,0.0,0.0,0.0,0.0,0.0,0.0,0.0,0.0,0.0,0.0,0.0,0.0,1.0,0.0,0.0,0.0,0.0,0.0,0.0,0.0,0.0,0.0,0.0,0.0,0.0,0.0,0.0,1.0,0.0,0.0,17.293333333333333,0.5179378815290568,0.22699628499935592,0.0,0.0,0.0,0.0,0.0,0.0,0.0,0.0,0.0,0.0,0.0,0.0,0.0,0.0,0.0,,,,0.0,0.0,0.0,0.0,0.0,0.0
c032127a581c81deff904ceedf3c721876d4922b0494fee8497003f3aab3947b,60,current,Optimized Pattern Generator,dynamic_session,Dynamic Session Pattern Assignment,50,6,5,15,10.0,120,nomura_original_interval_hungarian,A2) Corr+DTW + Hungarian,False,500,20,0.9877,0.005777451632720183,0.002532079819145977,0.9877,0.005777451632720183,0.002532079819145977,500.0,0.0,0.0,500.0,0.0,0.0,0.0,0.0,0.0,0.0,0.0,0.0,0.07317499507415069,0.0034181706180986416,0.001498079324709163,415.31499999999994,4.422582598675258,1.9382822840421272,100.77042093320196,7.062760161584782,3.0953911186958702,64.49753486632835,4.517607858546631,1.979928940409914,35.64880986340286,2.5069534295627314,1.0987207838459856,0.0,0.0,0.0,0.6212797619737103,0.04674278793308785,0.0204859300501433,100.76762449170492,7.0626138625902986,3.095327000334516,64.49753486632835,4.517607858546631,1.979928940409914,0.6212797619737103,0.04674278793308785,0.0204859300501433,0.0,0.0,0.0,500.0,0.0,0.0,0.0,0.0,0.0,0.0,0.0,0.0,0.0,0.0,0.0,0.0,0.0,0.0,1.0,0.0,0.0,0.0,0.0,0.0,0.0,0.0,0.0,0.0,0.0,0.0,0.0,0.0,0.0,1.0,0.0,0.0,28.3161,0.49476819665480976,0.21684172288172718,0.0,0.0,0.0,0.0,0.0,0.0,0.0,0.0,0.0,0.0,0.0,0.0,0.0,0.0,0.0,,,,0.0,0.0,0.0,0.0,0.0,0.0
c032127a581c81deff904ceedf3c721876d4922b0494fee8497003f3aab3947b,60,current,Optimized Pattern Generator,dynamic_session,Dynamic Session Pattern Assignment,50,6,5,15,10.0,120,bayesian_windowed,A3) Two-Stage Bayesian Posterior + Hungarian,False,100,20,0.9944999999999998,0.007591546545162489,0.0033271419693500525,0.9944999999999998,0.007591546545162489,0.0033271419693500525,100.0,0.0,0.0,100.0,0.0,0.0,0.0,0.0,0.0,0.0,0.0,0.0,0.12435856382527484,0.016088725599381782,0.007051194885865507,407.67500000000007,8.576275415353669,3.7587184252082446,4.711384143652685,0.19305111885570397,0.08460838327917411,3.752791545755463,0.16467089342919217,0.07217020107816624,0.759073020418873,0.031453853074812715,0.013785258911396113,0.0,0.0,0.0,0.1984738443774404,0.013053556643268384,0.005720973440488447,4.710338410551776,0.19300259033589656,0.08458711471762329,3.752791545755463,0.16467089342919217,0.07217020107816624,0.1984738443774404,0.013053556643268384,0.005720973440488447,0.0,0.0,0.0,100.0,0.0,0.0,0.0,0.0,0.0,0.0,0.0,0.0,0.0,0.0,0.0,0.0,0.0,0.0,1.0,0.0,0.0,0.0,0.0,0.0,0.0,0.0,0.0,0.0,0.0,0.0,0.0,0.0,0.0,1.0,0.0,0.0,6.413999999999999,0.2580371250319164,0.1130897562488356,0.0,0.0,0.0,0.0,0.0,0.0,0.0,0.0,0.0,0.0,0.0,0.0,0.0,0.0,0.0,,,,0.0,0.0,0.0,0.0,0.0,0.0
c032127a581c81deff904ceedf3c721876d4922b0494fee8497003f3aab3947b,60,current,Optimized Pattern Generator,dynamic_session,Dynamic Session Pattern Assignment,50,6,5,15,10.0,120,bayesian_windowed,A3) Two-Stage Bayesian Posterior + Hungarian,False,300,20,0.9833333333333334,0.007091713309265867,0.0031080803951458597,0.9833333333333334,0.007091713309265867,0.0031080803951458597,300.0,0.0,0.0,300.0,0.0,0.0,0.0,0.0,0.0,0.0,0.0,0.0,0.3455881482272133,0.022646046105504764,0.009925067308646592,418.82000000000005,4.96181206288272,2.1746100165801074,32.773782054052575,3.5177995928957446,1.54174364810345,27.06730144156463,2.983698816091408,1.307663661924542,5.255813587989541,0.5005895050229824,0.21939302376265474,0.0,0.0,0.0,0.44880515579570784,0.036813868579356986,0.01613438928100442,32.771920185349884,3.517780391282856,1.5417352326255578,27.06730144156463,2.983698816091408,1.307663661924542,0.44880515579570784,0.036813868579356986,0.01613438928100442,0.0,0.0,0.0,300.0,0.0,0.0,0.0,0.0,0.0,0.0,0.0,0.0,0.0,0.0,0.0,0.0,0.0,0.0,1.0,0.0,0.0,0.0,0.0,0.0,0.0,0.0,0.0,0.0,0.0,0.0,0.0,0.0,0.0,1.0,0.0,0.0,17.293333333333333,0.5179378815290568,0.22699628499935592,0.0,0.0,0.0,0.0,0.0,0.0,0.0,0.0,0.0,0.0,0.0,0.0,0.0,0.0,0.0,,,,0.0,0.0,0.0,0.0,0.0,0.0
c032127a581c81deff904ceedf3c721876d4922b0494fee8497003f3aab3947b,60,current,Optimized Pattern Generator,dynamic_session,Dynamic Session Pattern Assignment,50,6,5,15,10.0,120,bayesian_windowed,A3) Two-Stage Bayesian Posterior + Hungarian,False,500,20,0.9682999999999999,0.00902102806604775,0.00395363986859278,0.9682999999999999,0.00902102806604775,0.00395363986859278,500.0,0.0,0.0,500.0,0.0,0.0,0.0,0.0,0.0,0.0,0.0,0.0,0.5318528392495001,0.035565686229324614,0.015587349246738809,415.31499999999994,4.422582598675258,1.9382822840421272,77.06894349784997,5.614021409553906,2.460453365784737,64.27982386404764,4.68036447236279,2.051260171456914,12.17259406626108,0.8896732544338362,0.38991649543679463,0.0,0.0,0.0,0.6136836030884296,0.04634755189305675,0.020312710218220495,77.06610153339716,5.613908664125255,2.4604039529219843,64.27982386404764,4.68036447236279,2.051260171456914,0.6136836030884296,0.04634755189305675,0.020312710218220495,0.0,0.0,0.0,500.0,0.0,0.0,0.0,0.0,0.0,0.0,0.0,0.0,0.0,0.0,0.0,0.0,0.0,0.0,1.0,0.0,0.0,0.0,0.0,0.0,0.0,0.0,0.0,0.0,0.0,0.0,0.0,0.0,0.0,1.0,0.0,0.0,28.3161,0.49476819665480976,0.21684172288172718,0.0,0.0,0.0,0.0,0.0,0.0,0.0,0.0,0.0,0.0,0.0,0.0,0.0,0.0,0.0,,,,0.0,0.0,0.0,0.0,0.0,0.0
c032127a581c81deff904ceedf3c721876d4922b0494fee8497003f3aab3947b,60,current,Optimized Pattern Generator,dynamic_session,Dynamic Session Pattern Assignment,50,6,5,15,10.0,180,time_only_baseline,A0) Time Prior + Hungarian (Baseline),False,100,20,0.9265000000000001,0.035135077688978084,0.015398626733029075,0.9265000000000001,0.035135077688978084,0.015398626733029075,100.0,0.0,0.0,100.0,0.0,0.0,0.0,0.0,0.0,0.0,0.0,0.0,1.5421502423100002,0.19793334826101974,0.08674811465825286,412.3050000000001,11.807645828021775,5.174928950236902,2.8792505540506683,0.13475759969438197,0.059060122066663216,2.7300120451196563,0.13272970911060314,0.058171359832196026,0.0035602532370830886,9.837254665445709e-05,4.311366948207057e-05,0.0,0.0,0.0,0.1448763348918874,0.006713308983494977,0.002942237387246737,2.8784486332486265,0.1347497496970145,0.05905668165362679,2.7300120451196563,0.13272970911060314,0.058171359832196026,0.1448763348918874,0.006713308983494977,0.002942237387246737,0.0,0.0,0.0,100.0,0.0,0.0,0.0,0.0,0.0,0.0,0.0,0.0,0.0,0.0,0.0,0.0,0.0,0.0,1.0,0.0,0.0,0.0,0.0,0.0,0.0,0.0,0.0,0.0,0.0,0.0,0.0,0.0,0.0,1.0,0.0,0.0,6.6754999999999995,0.29807231549266333,0.13063595209186232,0.0,0.0,0.0,0.0,0.0,0.0,0.0,0.0,0.0,0.0,0.0,0.0,0.0,0.0,0.0,,,,0.0,0.0,0.0,0.0,0.0,0.0
c032127a581c81deff904ceedf3c721876d4922b0494fee8497003f3aab3947b,60,current,Optimized Pattern Generator,dynamic_session,Dynamic Session Pattern Assignment,50,6,5,15,10.0,180,time_only_baseline,A0) Time Prior + Hungarian (Baseline),False,300,20,0.7971666666666667,0.02978038523977217,0.013051829295283342,0.7971666666666667,0.02978038523977217,0.013051829295283342,300.0,0.0,0.0,300.0,0.0,0.0,0.0,0.0,0.0,0.0,0.0,0.0,1.3336002607850002,0.06627371532358993,0.029045736386663242,416.64,8.0509169141095,3.5284699102257284,22.656396243648487,0.5815780777522359,0.25488783075122085,22.27828130852431,0.5807726687136209,0.2545348446766538,0.015858767065219583,0.0004172647282424826,0.0001828743302047808,0.0,0.0,0.0,0.3606323285595863,0.006665617428345186,0.002921335641630285,22.654772404149117,0.5815614059840203,0.25488052402664196,22.27828130852431,0.5807726687136209,0.2545348446766538,0.3606323285595863,0.006665617428345186,0.002921335641630285,0.0,0.0,0.0,300.0,0.0,0.0,0.0,0.0,0.0,0.0,0.0,0.0,0.0,0.0,0.0,0.0,0.0,0.0,1.0,0.0,0.0,0.0,0.0,0.0,0.0,0.0,0.0,0.0,0.0,0.0,0.0,0.0,0.0,1.0,0.0,0.0,17.731666666666666,0.4007631608707458,0.1756421994345956,0.0,0.0,0.0,0.0,0.0,0.0,0.0,0.0,0.0,0.0,0.0,0.0,0.0,0.0,0.0,,,,0.0,0.0,0.0,0.0,0.0,0.0
c032127a581c81deff904ceedf3c721876d4922b0494fee8497003f3aab3947b,60,current,Optimized Pattern Generator,dynamic_session,Dynamic Session Pattern Assignment,50,6,5,15,10.0,180,time_only_baseline,A0) Time Prior + Hungarian (Baseline),False,500,20,0.7081999999999999,0.019977882507254963,0.008755693053214301,0.7081999999999999,0.019977882507254963,0.008755693053214301,500.0,0.0,0.0,500.0,0.0,0.0,0.0,0.0,0.0,0.0,0.0,0.0,1.2020002772100002,0.05308900292123214,0.023267281400353754,416.13,5.68452192129507,2.491351577378283,56.52556075824832,4.861398850983344,2.1306019861214724,55.97240176106716,4.819915487941421,2.112421100660853,0.030454849236411972,0.0030464719608672363,0.001335175205625059,0.0,0.0,0.0,0.5201151084518643,0.0401010666976015,0.01757506737679363,56.522971718755436,4.861281136462119,2.130550395457879,55.97240176106716,4.819915487941421,2.112421100660853,0.5201151084518643,0.0401010666976015,0.01757506737679363,0.0,0.0,0.0,500.0,0.0,0.0,0.0,0.0,0.0,0.0,0.0,0.0,0.0,0.0,0.0,0.0,0.0,0.0,1.0,0.0,0.0,0.0,0.0,0.0,0.0,0.0,0.0,0.0,0.0,0.0,0.0,0.0,0.0,1.0,0.0,0.0,28.835699999999996,0.5908649413760884,0.2589579781899189,0.0,0.0,0.0,0.0,0.0,0.0,0.0,0.0,0.0,0.0,0.0,0.0,0.0,0.0,0.0,,,,0.0,0.0,0.0,0.0,0.0,0.0
c032127a581c81deff904ceedf3c721876d4922b0494fee8497003f3aab3947b,60,current,Optimized Pattern Generator,dynamic_session,Dynamic Session Pattern Assignment,50,6,5,15,10.0,180,single_only,A1) Refined Cost + Greedy 1:1,True,100,20,0.9924999999999999,0.01019545822516344,0.004468356580032062,0.9924999999999999,0.01019545822516344,0.004468356580032062,100.0,0.0,0.0,100.0,0.0,0.0,0.0,0.0,0.0,0.0,0.0,0.0,0.8387284305820986,0.06734816309108677,0.029516633882956823,412.3050000000001,11.807645828021775,5.174928950236902,3.5054439833998914,0.15829956776880888,0.0693778444906187,2.7405809215735646,0.1342028181972766,0.05881697835518663,0.6229237779116374,0.027320931702968506,0.011973926257307466,0.0,0.0,0.0,0.14112844636983937,0.00834470743120893,0.00365722928143204,3.504633145855041,0.15829790362238655,0.06937711514629183,2.7405809215735646,0.1342028181972766,0.05881697835518663,0.14112844636983937,0.00834470743120893,0.00365722928143204,0.0,0.0,0.0,100.0,0.0,0.0,0.0,0.0,0.0,0.0,0.0,0.0,0.0,0.0,0.0,0.0,0.0,0.0,1.0,0.0,0.0,0.0,0.0,0.0,0.0,0.0,0.0,0.0,0.0,0.0,0.0,0.0,0.0,1.0,0.0,0.0,6.6754999999999995,0.29807231549266333,0.13063595209186232,0.0,0.0,0.0,0.0,0.0,0.0,0.0,0.0,0.0,0.0,0.0,0.0,0.0,0.0,0.0,,,,0.0,0.0,0.0,0.0,0.0,0.0
c032127a581c81deff904ceedf3c721876d4922b0494fee8497003f3aab3947b,60,current,Optimized Pattern Generator,dynamic_session,Dynamic Session Pattern Assignment,50,6,5,15,10.0,180,single_only,A1) Refined Cost + Greedy 1:1,True,300,20,0.984,0.007222447139997525,0.0031653770227109473,0.984,0.007222447139997525,0.0031653770227109473,300.0,0.0,0.0,300.0,0.0,0.0,0.0,0.0,0.0,0.0,0.0,0.0,0.7855249688631811,0.03116762515068172,0.013659813992694664,416.64,8.0509169141095,3.5284699102257284,27.739620883352472,0.6713231046914294,0.2942203230034238,22.4136678715804,0.553252689224133,0.24247368188058643,4.969511797842278,0.11659914960854034,0.05110183043009938,0.0,0.0,0.0,0.3547911804751493,0.012520656329925973,0.005487419580618992,27.737970849897827,0.6713168927634366,0.29421760050594425,22.4136678715804,0.553252689224133,0.24247368188058643,0.3547911804751493,0.012520656329925973,0.005487419580618992,0.0,0.0,0.0,300.0,0.0,0.0,0.0,0.0,0.0,0.0,0.0,0.0,0.0,0.0,0.0,0.0,0.0,0.0,1.0,0.0,0.0,0.0,0.0,0.0,0.0,0.0,0.0,0.0,0.0,0.0,0.0,0.0,0.0,1.0,0.0,0.0,17.731666666666666,0.4007631608707458,0.1756421994345956,0.0,0.0,0.0,0.0,0.0,0.0,0.0,0.0,0.0,0.0,0.0,0.0,0.0,0.0,0.0,,,,0.0,0.0,0.0,0.0,0.0,0.0
c032127a581c81deff904ceedf3c721876d4922b0494fee8497003f3aab3947b,60,current,Optimized Pattern Generator,dynamic_session,Dynamic Session Pattern Assignment,50,6,5,15,10.0,180,single_only,A1) Refined Cost + Greedy 1:1,True,500,20,0.9722,0.006645932669884014,0.0029127084158544754,0.9722,0.006645932669884014,0.0029127084158544754,500.0,0.0,0.0,500.0,0.0,0.0,0.0,0.0,0.0,0.0,0.0,0.0,0.7823824798241087,0.024930255100410567,0.010926166039782059,416.13,5.68452192129507,2.491351577378283,69.01132696665009,5.95196732988586,2.6085646956986084,56.34674316724268,4.865518291094234,2.132407410352442,12.13821890683612,1.0459113769638124,0.4583908717169724,0.0,0.0,0.0,0.5237937196769054,0.04285187249005348,0.018780661170778902,69.0087557937557,5.951832792710069,2.6085057321815768,56.34674316724268,4.865518291094234,2.132407410352442,0.5237937196769054,0.04285187249005348,0.018780661170778902,0.0,0.0,0.0,500.0,0.0,0.0,0.0,0.0,0.0,0.0,0.0,0.0,0.0,0.0,0.0,0.0,0.0,0.0,1.0,0.0,0.0,0.0,0.0,0.0,0.0,0.0,0.0,0.0,0.0,0.0,0.0,0.0,0.0,1.0,0.0,0.0,28.835699999999996,0.5908649413760884,0.2589579781899189,0.0,0.0,0.0,0.0,0.0,0.0,0.0,0.0,0.0,0.0,0.0,0.0,0.0,0.0,0.0,,,,0.0,0.0,0.0,0.0,0.0,0.0
c032127a581c81deff904ceedf3c721876d4922b0494fee8497003f3aab3947b,60,current,Optimized Pattern Generator,dynamic_session,Dynamic Session Pattern Assignment,50,6,5,15,10.0,180,nomura_original_interval_hungarian,A2) Corr+DTW + Hungarian,False,100,20,0.9995,0.002236067977499791,0.0009800000000000006,0.9995,0.002236067977499791,0.0009800000000000006,100.0,0.0,0.0,100.0,0.0,0.0,0.0,0.0,0.0,0.0,0.0,0.0,0.07664121259009003,0.005625638974692761,0.0024655449881999057,412.3050000000001,11.807645828021775,5.174928950236902,4.478995720850071,0.1956251989066619,0.08573652360197385,2.7501542998914372,0.12809198016716655,0.0561387855051625,1.5883623109330074,0.06786906352437816,0.029744928563513157,0.0,0.0,0.0,0.13966724537312986,0.008517116114059108,0.0037327907182458228,4.478183856197575,0.1956225150114422,0.08573534733303133,2.7501542998914372,0.12809198016716655,0.0561387855051625,0.13966724537312986,0.008517116114059108,0.0037327907182458228,0.0,0.0,0.0,100.0,0.0,0.0,0.0,0.0,0.0,0.0,0.0,0.0,0.0,0.0,0.0,0.0,0.0,0.0,1.0,0.0,0.0,0.0,0.0,0.0,0.0,0.0,0.0,0.0,0.0,0.0,0.0,0.0,0.0,1.0,0.0,0.0,6.6754999999999995,0.29807231549266333,0.13063595209186232,0.0,0.0,0.0,0.0,0.0,0.0,0.0,0.0,0.0,0.0,0.0,0.0,0.0,0.0,0.0,,,,0.0,0.0,0.0,0.0,0.0,0.0
c032127a581c81deff904ceedf3c721876d4922b0494fee8497003f3aab3947b,60,current,Optimized Pattern Generator,dynamic_session,Dynamic Session Pattern Assignment,50,6,5,15,10.0,180,nomura_original_interval_hungarian,A2) Corr+DTW + Hungarian,False,300,20,0.9935,0.004893604849295938,0.0021447168872174723,0.9935,0.004893604849295938,0.0021447168872174723,300.0,0.0,0.0,300.0,0.0,0.0,0.0,0.0,0.0,0.0,0.0,0.0,0.07453264471184959,0.0033049794144095327,0.001448471092432004,416.64,8.0509169141095,3.5284699102257284,35.44991267090372,0.7854373427686638,0.3442330929375169,22.431889075873187,0.512527300158311,0.22462499316177076,12.652655732525455,0.27730448820748244,0.12153405047515302,0.0,0.0,0.0,0.3637206748520839,0.00493000441392988,0.0021606696997885596,35.44826548325072,0.7854152001593973,0.3442233885111311,22.431889075873187,0.512527300158311,0.22462499316177076,0.3637206748520839,0.00493000441392988,0.0021606696997885596,0.0,0.0,0.0,300.0,0.0,0.0,0.0,0.0,0.0,0.0,0.0,0.0,0.0,0.0,0.0,0.0,0.0,0.0,1.0,0.0,0.0,0.0,0.0,0.0,0.0,0.0,0.0,0.0,0.0,0.0,0.0,0.0,0.0,1.0,0.0,0.0,17.731666666666666,0.4007631608707458,0.1756421994345956,0.0,0.0,0.0,0.0,0.0,0.0,0.0,0.0,0.0,0.0,0.0,0.0,0.0,0.0,0.0,,,,0.0,0.0,0.0,0.0,0.0,0.0
c032127a581c81deff904ceedf3c721876d4922b0494fee8497003f3aab3947b,60,current,Optimized Pattern Generator,dynamic_session,Dynamic Session Pattern Assignment,50,6,5,15,10.0,180,nomura_original_interval_hungarian,A2) Corr+DTW + Hungarian,False,500,20,0.9883000000000001,0.0064977728978149905,0.0028477745327665422,0.9883000000000001,0.0064977728978149905,0.0028477745327665422,500.0,0.0,0.0,500.0,0.0,0.0,0.0,0.0,0.0,0.0,0.0,0.0,0.07296155270224862,0.002486612939449082,0.001089806171002388,416.13,5.68452192129507,2.491351577378283,87.36891338335408,6.949361603872088,3.045692009511051,55.92329582792736,4.481430641389469,1.9640735759170775,30.918178646192246,2.4335682294458514,1.0665583018292468,0.0,0.0,0.0,0.5248773299783351,0.04051530900986907,0.01775661707479348,87.36635180409795,6.949275590950563,3.045654312686114,55.92329582792736,4.481430641389469,1.9640735759170775,0.5248773299783351,0.04051530900986907,0.01775661707479348,0.0,0.0,0.0,500.0,0.0,0.0,0.0,0.0,0.0,0.0,0.0,0.0,0.0,0.0,0.0,0.0,0.0,0.0,1.0,0.0,0.0,0.0,0.0,0.0,0.0,0.0,0.0,0.0,0.0,0.0,0.0,0.0,0.0,1.0,0.0,0.0,28.835699999999996,0.5908649413760884,0.2589579781899189,0.0,0.0,0.0,0.0,0.0,0.0,0.0,0.0,0.0,0.0,0.0,0.0,0.0,0.0,0.0,,,,0.0,0.0,0.0,0.0,0.0,0.0
c032127a581c81deff904ceedf3c721876d4922b0494fee8497003f3aab3947b,60,current,Optimized Pattern Generator,dynamic_session,Dynamic Session Pattern Assignment,50,6,5,15,10.0,180,bayesian_windowed,A3) Two-Stage Bayesian Posterior + Hungarian,False,100,20,0.994,0.009403246919632553,0.004121154667016722,0.994,0.009403246919632553,0.004121154667016722,100.0,0.0,0.0,100.0,0.0,0.0,0.0,0.0,0.0,0.0,0.0,0.0,0.13702409376469077,0.020679244550861276,0.009063078521657312,412.3050000000001,11.807645828021775,5.174928950236902,3.4499413542434922,0.16173013604635306,0.07088135732914716,2.7432357903540834,0.13605120822430425,0.05962707100206246,0.5650151868219837,0.02491667845067569,0.010920215810686135,0.0,0.0,0.0,0.1408809249769547,0.0090300492117294,0.003957593560008685,3.4491319021530216,0.16173416057058662,0.07088312115466078,2.7432357903540834,0.13605120822430425,0.05962707100206246,0.1408809249769547,0.0090300492117294,0.003957593560008685,0.0,0.0,0.0,100.0,0.0,0.0,0.0,0.0,0.0,0.0,0.0,0.0,0.0,0.0,0.0,0.0,0.0,0.0,1.0,0.0,0.0,0.0,0.0,0.0,0.0,0.0,0.0,0.0,0.0,0.0,0.0,0.0,0.0,1.0,0.0,0.0,6.6754999999999995,0.29807231549266333,0.13063595209186232,0.0,0.0,0.0,0.0,0.0,0.0,0.0,0.0,0.0,0.0,0.0,0.0,0.0,0.0,0.0,,,,0.0,0.0,0.0,0.0,0.0,0.0
c032127a581c81deff904ceedf3c721876d4922b0494fee8497003f3aab3947b,60,current,Optimized Pattern Generator,dynamic_session,Dynamic Session Pattern Assignment,50,6,5,15,10.0,180,bayesian_windowed,A3) Two-Stage Bayesian Posterior + Hungarian,False,300,20,0.9876666666666667,0.006222013363244856,0.002726917588077008,0.9876666666666667,0.006222013363244856,0.002726917588077008,300.0,0.0,0.0,300.0,0.0,0.0,0.0,0.0,0.0,0.0,0.0,0.0,0.3402593008262962,0.022676386131392452,0.009938364411270093,416.64,8.0509169141095,3.5284699102257284,27.221662701945753,0.7971421720653747,0.3493629605561223,22.482704218388243,0.6693213394854522,0.2933430107206143,4.376782570454816,0.12748648301666002,0.055873414678574346,0.0,0.0,0.0,0.3605169299073168,0.006258858743253071,0.0027430657878506227,27.220003718750377,0.7971243561936658,0.3493551524060793,22.482704218388243,0.6693213394854522,0.2933430107206143,0.3605169299073168,0.006258858743253071,0.0027430657878506227,0.0,0.0,0.0,300.0,0.0,0.0,0.0,0.0,0.0,0.0,0.0,0.0,0.0,0.0,0.0,0.0,0.0,0.0,1.0,0.0,0.0,0.0,0.0,0.0,0.0,0.0,0.0,0.0,0.0,0.0,0.0,0.0,0.0,1.0,0.0,0.0,17.731666666666666,0.4007631608707458,0.1756421994345956,0.0,0.0,0.0,0.0,0.0,0.0,0.0,0.0,0.0,0.0,0.0,0.0,0.0,0.0,0.0,,,,0.0,0.0,0.0,0.0,0.0,0.0
c032127a581c81deff904ceedf3c721876d4922b0494fee8497003f3aab3947b,60,current,Optimized Pattern Generator,dynamic_session,Dynamic Session Pattern Assignment,50,6,5,15,10.0,180,bayesian_windowed,A3) Two-Stage Bayesian Posterior + Hungarian,False,500,20,0.9730000000000001,0.00640723275517188,0.0028080935656926076,0.9730000000000001,0.00640723275517188,0.0028080935656926076,500.0,0.0,0.0,500.0,0.0,0.0,0.0,0.0,0.0,0.0,0.0,0.0,0.5256729581302026,0.03485453607532068,0.01527567394977261,416.13,5.68452192129507,2.491351577378283,66.17239378319645,5.491183093271743,2.406617099996824,55.22667280758178,4.589029010607035,2.011230640413443,10.423674605943962,0.8688976367603678,0.3808111795318801,0.0,0.0,0.0,0.5194761844220921,0.03521597339906038,0.015434080841168171,66.16982359794784,5.4910614719655175,2.4065637971092104,55.22667280758178,4.589029010607035,2.011230640413443,0.5194761844220921,0.03521597339906038,0.015434080841168171,0.0,0.0,0.0,500.0,0.0,0.0,0.0,0.0,0.0,0.0,0.0,0.0,0.0,0.0,0.0,0.0,0.0,0.0,1.0,0.0,0.0,0.0,0.0,0.0,0.0,0.0,0.0,0.0,0.0,0.0,0.0,0.0,0.0,1.0,0.0,0.0,28.835699999999996,0.5908649413760884,0.2589579781899189,0.0,0.0,0.0,0.0,0.0,0.0,0.0,0.0,0.0,0.0,0.0,0.0,0.0,0.0,0.0,,,,0.0,0.0,0.0,0.0,0.0,0.0
c032127a581c81deff904ceedf3c721876d4922b0494fee8497003f3aab3947b,60,current,Optimized Pattern Generator,dynamic_session,Dynamic Session Pattern Assignment,50,6,5,15,15.0,60,time_only_baseline,A0) Time Prior + Hungarian (Baseline),False,100,20,0.917,0.02830287320359802,0.012404281094593274,0.917,0.02830287320359802,0.012404281094593274,100.0,0.0,0.0,100.0,0.0,0.0,0.0,0.0,0.0,0.0,0.0,0.0,1.4888502564250001,0.14901228331067448,0.0653075126131646,417.7950000000001,9.177344817251706,4.0221487054087195,2.2702549583031213,0.12587148708297097,0.05516561150311592,2.1414333145919953,0.12476618661093965,0.05468119221287509,0.002872152235067915,7.197711419786787e-05,3.154536115345677e-05,0.0,0.0,0.0,0.12523005382536212,0.00692347827810645,0.003034348141835486,2.2695355206524255,0.1258700080501902,0.055164963288419515,2.1414333145919953,0.12476618661093965,0.05468119221287509,0.12523005382536212,0.00692347827810645,0.003034348141835486,0.0,0.0,0.0,100.0,0.0,0.0,0.0,0.0,0.0,0.0,0.0,0.0,0.0,0.0,0.0,0.0,0.0,0.0,1.0,0.0,0.0,0.0,0.0,0.0,0.0,0.0,0.0,0.0,0.0,0.0,0.0,0.0,0.0,1.0,0.0,0.0,6.2225,0.3337171036419289,0.14625796928354834,0.0,0.0,0.0,0.0,0.0,0.0,0.0,0.0,0.0,0.0,0.0,0.0,0.0,0.0,0.0,,,,0.0,0.0,0.0,0.0,0.0,0.0
c032127a581c81deff904ceedf3c721876d4922b0494fee8497003f3aab3947b,60,current,Optimized Pattern Generator,dynamic_session,Dynamic Session Pattern Assignment,50,6,5,15,15.0,60,time_only_baseline,A0) Time Prior + Hungarian (Baseline),False,300,20,0.796,0.022205841916141764,0.009732139316333004,0.796,0.022205841916141764,0.009732139316333004,300.0,0.0,0.0,300.0,0.0,0.0,0.0,0.0,0.0,0.0,0.0,0.0,1.3295669303466666,0.07886075314673083,0.03456224893941243,420.23999999999995,5.1502069452544665,2.2571777142449827,18.449692100052197,0.4503394823105557,0.19736998029809946,18.125498787259858,0.4502061916443586,0.1973115630879844,0.012776569632114843,0.00026336523420960586,0.00011542490305415501,0.0,0.0,0.0,0.3099345555572654,0.004625180179701138,0.0020270745888393018,18.448209912449236,0.45032631404238527,0.19736420905011554,18.125498787259858,0.4502061916443586,0.1973115630879844,0.3099345555572654,0.004625180179701138,0.0020270745888393018,0.0,0.0,0.0,300.0,0.0,0.0,0.0,0.0,0.0,0.0,0.0,0.0,0.0,0.0,0.0,0.0,0.0,0.0,1.0,0.0,0.0,0.0,0.0,0.0,0.0,0.0,0.0,0.0,0.0,0.0,0.0,0.0,0.0,1.0,0.0,0.0,16.977333333333334,0.4009544169159933,0.1757260210921787,0.0,0.0,0.0,0.0,0.0,0.0,0.0,0.0,0.0,0.0,0.0,0.0,0.0,0.0,0.0,,,,0.0,0.0,0.0,0.0,0.0,0.0
c032127a581c81deff904ceedf3c721876d4922b0494fee8497003f3aab3947b,60,current,Optimized Pattern Generator,dynamic_session,Dynamic Session Pattern Assignment,50,6,5,15,15.0,60,time_only_baseline,A0) Time Prior + Hungarian (Baseline),False,500,20,0.7095,0.014376515938373798,0.006300785915891345,0.7095,0.014376515938373798,0.006300785915891345,500.0,0.0,0.0,500.0,0.0,0.0,0.0,0.0,0.0,0.0,0.0,0.0,1.169760271544,0.05423914492491634,0.023771353358340828,419.27,5.561436770059363,2.437407131402242,51.13855049585254,1.1427328078927217,0.5008247347591974,50.61149315415387,1.1390453017324755,0.4992086139286125,0.027909261331660672,0.0004504353554865613,0.00019741199857009782,0.0,0.0,0.0,0.4966549741642666,0.00758434633095977,0.0033239863363417237,51.13605738964979,1.1427069758781132,0.5008134133796279,50.61149315415387,1.1390453017324755,0.4992086139286125,0.4966549741642666,0.00758434633095977,0.0033239863363417237,0.0,0.0,0.0,500.0,0.0,0.0,0.0,0.0,0.0,0.0,0.0,0.0,0.0,0.0,0.0,0.0,0.0,0.0,1.0,0.0,0.0,0.0,0.0,0.0,0.0,0.0,0.0,0.0,0.0,0.0,0.0,0.0,0.0,1.0,0.0,0.0,27.6501,0.49475670788782616,0.21683668770759237,0.0,0.0,0.0,0.0,0.0,0.0,0.0,0.0,0.0,0.0,0.0,0.0,0.0,0.0,0.0,,,,0.0,0.0,0.0,0.0,0.0,0.0
c032127a581c81deff904ceedf3c721876d4922b0494fee8497003f3aab3947b,60,current,Optimized Pattern Generator,dynamic_session,Dynamic Session Pattern Assignment,50,6,5,15,15.0,60,single_only,A1) Refined Cost + Greedy 1:1,True,100,20,0.9945,0.008870412083230177,0.003887629503681487,0.9945,0.008870412083230177,0.003887629503681487,100.0,0.0,0.0,100.0,0.0,0.0,0.0,0.0,0.0,0.0,0.0,0.0,0.7831950990619614,0.06993799180688663,0.030651676362444282,417.7950000000001,9.177344817251706,4.0221487054087195,2.7900857687491225,0.15806373705183277,0.06927448712180785,2.161544361745473,0.12661408274802993,0.05549106840294215,0.5044839999914984,0.0306932719948155,0.013451919555930412,0.0,0.0,0.0,0.12332820691517554,0.007566123175733596,0.003315999686427074,2.789356568652147,0.15806824937396827,0.06927646473417799,2.161544361745473,0.12661408274802993,0.05549106840294215,0.12332820691517554,0.007566123175733596,0.003315999686427074,0.0,0.0,0.0,100.0,0.0,0.0,0.0,0.0,0.0,0.0,0.0,0.0,0.0,0.0,0.0,0.0,0.0,0.0,1.0,0.0,0.0,0.0,0.0,0.0,0.0,0.0,0.0,0.0,0.0,0.0,0.0,0.0,0.0,1.0,0.0,0.0,6.2225,0.3337171036419289,0.14625796928354834,0.0,0.0,0.0,0.0,0.0,0.0,0.0,0.0,0.0,0.0,0.0,0.0,0.0,0.0,0.0,,,,0.0,0.0,0.0,0.0,0.0,0.0
c032127a581c81deff904ceedf3c721876d4922b0494fee8497003f3aab3947b,60,current,Optimized Pattern Generator,dynamic_session,Dynamic Session Pattern Assignment,50,6,5,15,15.0,60,single_only,A1) Refined Cost + Greedy 1:1,True,300,20,0.9816666666666667,0.009080536347092999,0.0039797205226744835,0.9816666666666667,0.009080536347092999,0.0039797205226744835,300.0,0.0,0.0,300.0,0.0,0.0,0.0,0.0,0.0,0.0,0.0,0.0,0.7993764401340595,0.02919822270382526,0.012796685314434474,420.23999999999995,5.1502069452544665,2.2571777142449827,22.675798276996648,0.5857459739150023,0.25671449178326966,18.26115199360647,0.47494229838593,0.2081526398578619,4.109296113740129,0.10522886743481036,0.046118584552791775,0.0,0.0,0.0,0.30382301345234736,0.017056839788861168,0.007475489636846478,22.67427112079895,0.5857324478553213,0.25670856372624246,18.26115199360647,0.47494229838593,0.2081526398578619,0.30382301345234736,0.017056839788861168,0.007475489636846478,0.0,0.0,0.0,300.0,0.0,0.0,0.0,0.0,0.0,0.0,0.0,0.0,0.0,0.0,0.0,0.0,0.0,0.0,1.0,0.0,0.0,0.0,0.0,0.0,0.0,0.0,0.0,0.0,0.0,0.0,0.0,0.0,0.0,1.0,0.0,0.0,16.977333333333334,0.4009544169159933,0.1757260210921787,0.0,0.0,0.0,0.0,0.0,0.0,0.0,0.0,0.0,0.0,0.0,0.0,0.0,0.0,0.0,,,,0.0,0.0,0.0,0.0,0.0,0.0
c032127a581c81deff904ceedf3c721876d4922b0494fee8497003f3aab3947b,60,current,Optimized Pattern Generator,dynamic_session,Dynamic Session Pattern Assignment,50,6,5,15,15.0,60,single_only,A1) Refined Cost + Greedy 1:1,True,500,20,0.9706000000000001,0.008462922227669298,0.00370903920031505,0.9706000000000001,0.008462922227669298,0.00370903920031505,500.0,0.0,0.0,500.0,0.0,0.0,0.0,0.0,0.0,0.0,0.0,0.0,0.7713285710328301,0.02248851533458799,0.009856026404232292,419.27,5.561436770059363,2.437407131402242,62.7655095730006,1.4820977913319329,0.649557996501218,51.09987634863937,1.2204880707109838,0.5349024812001165,11.162162034660287,0.26042958373878666,0.11413829750801256,0.0,0.0,0.0,0.5010121813480509,0.006101933503022191,0.002674290268960443,62.76305056464771,1.4820897370148167,0.6495544665411036,51.09987634863937,1.2204880707109838,0.5349024812001165,0.5010121813480509,0.006101933503022191,0.002674290268960443,0.0,0.0,0.0,500.0,0.0,0.0,0.0,0.0,0.0,0.0,0.0,0.0,0.0,0.0,0.0,0.0,0.0,0.0,1.0,0.0,0.0,0.0,0.0,0.0,0.0,0.0,0.0,0.0,0.0,0.0,0.0,0.0,0.0,1.0,0.0,0.0,27.6501,0.49475670788782616,0.21683668770759237,0.0,0.0,0.0,0.0,0.0,0.0,0.0,0.0,0.0,0.0,0.0,0.0,0.0,0.0,0.0,,,,0.0,0.0,0.0,0.0,0.0,0.0
c032127a581c81deff904ceedf3c721876d4922b0494fee8497003f3aab3947b,60,current,Optimized Pattern Generator,dynamic_session,Dynamic Session Pattern Assignment,50,6,5,15,15.0,60,nomura_original_interval_hungarian,A2) Corr+DTW + Hungarian,False,100,20,0.999,0.0030779350562554647,0.001348964515158904,0.999,0.0030779350562554647,0.001348964515158904,100.0,0.0,0.0,100.0,0.0,0.0,0.0,0.0,0.0,0.0,0.0,0.0,0.07290478657029885,0.007174242093871488,0.0031442502297516664,417.7950000000001,9.177344817251706,4.0221487054087195,3.5824474792476395,0.19307977122675485,0.08462094073445382,2.174469964754826,0.1216115818735132,0.05329862572840952,1.2840916338464012,0.07218283807257848,0.031635523616872496,0.0,0.0,0.0,0.1231414202527958,0.007772265076061524,0.0034063453576473435,3.581703018854023,0.19306172002311467,0.08461302944564446,2.174469964754826,0.1216115818735132,0.05329862572840952,0.1231414202527958,0.007772265076061524,0.0034063453576473435,0.0,0.0,0.0,100.0,0.0,0.0,0.0,0.0,0.0,0.0,0.0,0.0,0.0,0.0,0.0,0.0,0.0,0.0,1.0,0.0,0.0,0.0,0.0,0.0,0.0,0.0,0.0,0.0,0.0,0.0,0.0,0.0,0.0,1.0,0.0,0.0,6.2225,0.3337171036419289,0.14625796928354834,0.0,0.0,0.0,0.0,0.0,0.0,0.0,0.0,0.0,0.0,0.0,0.0,0.0,0.0,0.0,,,,0.0,0.0,0.0,0.0,0.0,0.0
c032127a581c81deff904ceedf3c721876d4922b0494fee8497003f3aab3947b,60,current,Optimized Pattern Generator,dynamic_session,Dynamic Session Pattern Assignment,50,6,5,15,15.0,60,nomura_original_interval_hungarian,A2) Corr+DTW + Hungarian,False,300,20,0.9956666666666665,0.003603117558497221,0.0015791358951776806,0.9956666666666665,0.003603117558497221,0.0015791358951776806,300.0,0.0,0.0,300.0,0.0,0.0,0.0,0.0,0.0,0.0,0.0,0.0,0.0737322059465402,0.0041813506909117,0.0018325577389982774,420.23999999999995,5.1502069452544665,2.2571777142449827,29.056934887604438,0.7203541981336877,0.31570914716123843,18.245691755057486,0.4591608584196232,0.20123611883855305,10.494120253765141,0.261690497264541,0.11469091722605035,0.0,0.0,0.0,0.3156215141294524,0.013514161064010988,0.005922842228409853,29.05543352295208,0.7203549777126297,0.315709488826774,18.245691755057486,0.4591608584196232,0.20123611883855305,0.3156215141294524,0.013514161064010988,0.005922842228409853,0.0,0.0,0.0,300.0,0.0,0.0,0.0,0.0,0.0,0.0,0.0,0.0,0.0,0.0,0.0,0.0,0.0,0.0,1.0,0.0,0.0,0.0,0.0,0.0,0.0,0.0,0.0,0.0,0.0,0.0,0.0,0.0,0.0,1.0,0.0,0.0,16.977333333333334,0.4009544169159933,0.1757260210921787,0.0,0.0,0.0,0.0,0.0,0.0,0.0,0.0,0.0,0.0,0.0,0.0,0.0,0.0,0.0,,,,0.0,0.0,0.0,0.0,0.0,0.0
c032127a581c81deff904ceedf3c721876d4922b0494fee8497003f3aab3947b,60,current,Optimized Pattern Generator,dynamic_session,Dynamic Session Pattern Assignment,50,6,5,15,15.0,60,nomura_original_interval_hungarian,A2) Corr+DTW + Hungarian,False,500,20,0.9882,0.007105224171433009,0.0031140017915689696,0.9882,0.007105224171433009,0.0031140017915689696,500.0,0.0,0.0,500.0,0.0,0.0,0.0,0.0,0.0,0.0,0.0,0.0,0.07323575869445983,0.0035387671726575757,0.0015509330951029865,419.27,5.561436770059363,2.437407131402242,80.0843664060958,1.7719818544862889,0.7766052887793865,51.02728283247561,1.1835530659326248,0.5187150016391133,28.55379921566928,0.5928636904206934,0.25983396858172403,0.0,0.0,0.0,0.5008020309061976,0.0060546417047982635,0.0026535637245414896,80.0818840790511,1.7719829952161976,0.776605788726312,51.02728283247561,1.1835530659326248,0.5187150016391133,0.5008020309061976,0.0060546417047982635,0.0026535637245414896,0.0,0.0,0.0,500.0,0.0,0.0,0.0,0.0,0.0,0.0,0.0,0.0,0.0,0.0,0.0,0.0,0.0,0.0,1.0,0.0,0.0,0.0,0.0,0.0,0.0,0.0,0.0,0.0,0.0,0.0,0.0,0.0,0.0,1.0,0.0,0.0,27.6501,0.49475670788782616,0.21683668770759237,0.0,0.0,0.0,0.0,0.0,0.0,0.0,0.0,0.0,0.0,0.0,0.0,0.0,0.0,0.0,,,,0.0,0.0,0.0,0.0,0.0,0.0
c032127a581c81deff904ceedf3c721876d4922b0494fee8497003f3aab3947b,60,current,Optimized Pattern Generator,dynamic_session,Dynamic Session Pattern Assignment,50,6,5,15,15.0,60,bayesian_windowed,A3) Two-Stage Bayesian Posterior + Hungarian,False,100,20,0.9964999999999999,0.007451598203705952,0.003265806904402359,0.9964999999999999,0.007451598203705952,0.003265806904402359,100.0,0.0,0.0,100.0,0.0,0.0,0.0,0.0,0.0,0.0,0.0,0.0,0.1360285961221161,0.016676384923310594,0.00730874794026512,417.7950000000001,9.177344817251706,4.0221487054087195,2.7418074106040877,0.150347768361514,0.06589281474306055,2.1586530931235757,0.12542358285024657,0.05496930881800671,0.45620790228713304,0.024612569345910794,0.010786934119043277,0.0,0.0,0.0,0.1262101940403227,0.005849553403827114,0.00256367981359865,2.7410711894510316,0.1503498549110535,0.06589372921371585,2.1586530931235757,0.12542358285024657,0.05496930881800671,0.1262101940403227,0.005849553403827114,0.00256367981359865,0.0,0.0,0.0,100.0,0.0,0.0,0.0,0.0,0.0,0.0,0.0,0.0,0.0,0.0,0.0,0.0,0.0,0.0,1.0,0.0,0.0,0.0,0.0,0.0,0.0,0.0,0.0,0.0,0.0,0.0,0.0,0.0,0.0,1.0,0.0,0.0,6.2225,0.3337171036419289,0.14625796928354834,0.0,0.0,0.0,0.0,0.0,0.0,0.0,0.0,0.0,0.0,0.0,0.0,0.0,0.0,0.0,,,,0.0,0.0,0.0,0.0,0.0,0.0
c032127a581c81deff904ceedf3c721876d4922b0494fee8497003f3aab3947b,60,current,Optimized Pattern Generator,dynamic_session,Dynamic Session Pattern Assignment,50,6,5,15,15.0,60,bayesian_windowed,A3) Two-Stage Bayesian Posterior + Hungarian,False,300,20,0.9825000000000002,0.006742984224904425,0.002955243135226625,0.9825000000000002,0.006742984224904425,0.002955243135226625,300.0,0.0,0.0,300.0,0.0,0.0,0.0,0.0,0.0,0.0,0.0,0.0,0.3320059376270192,0.02758308950845136,0.012088821981390264,420.23999999999995,5.1502069452544665,2.2571777142449827,22.076690804302054,0.5044060797605405,0.22106571139131487,18.166663149013765,0.4243717518583692,0.1859891206376533,3.597621786710806,0.08009138388276456,0.035101596639682944,0.0,0.0,0.0,0.3108971830806695,0.004364302740001025,0.001912740009802053,22.07518211880524,0.5044151769442482,0.22106969840786503,18.166663149013765,0.4243717518583692,0.1859891206376533,0.3108971830806695,0.004364302740001025,0.001912740009802053,0.0,0.0,0.0,300.0,0.0,0.0,0.0,0.0,0.0,0.0,0.0,0.0,0.0,0.0,0.0,0.0,0.0,0.0,1.0,0.0,0.0,0.0,0.0,0.0,0.0,0.0,0.0,0.0,0.0,0.0,0.0,0.0,0.0,1.0,0.0,0.0,16.977333333333334,0.4009544169159933,0.1757260210921787,0.0,0.0,0.0,0.0,0.0,0.0,0.0,0.0,0.0,0.0,0.0,0.0,0.0,0.0,0.0,,,,0.0,0.0,0.0,0.0,0.0,0.0
c032127a581c81deff904ceedf3c721876d4922b0494fee8497003f3aab3947b,60,current,Optimized Pattern Generator,dynamic_session,Dynamic Session Pattern Assignment,50,6,5,15,15.0,60,bayesian_windowed,A3) Two-Stage Bayesian Posterior + Hungarian,False,500,20,0.9719000000000001,0.0074402886191895935,0.0032608502604462913,0.9719000000000001,0.0074402886191895935,0.0032608502604462913,500.0,0.0,0.0,500.0,0.0,0.0,0.0,0.0,0.0,0.0,0.0,0.0,0.5172203994797516,0.033197119605941086,0.014549279154830758,419.27,5.561436770059363,2.437407131402242,60.85125306249684,1.3411529124771517,0.5877861797820645,50.67630165018636,1.137972573338164,0.49873846998084187,9.668091859697597,0.20332844259063942,0.08911261900079931,0.0,0.0,0.0,0.5043753420148278,0.01950039804248652,0.008546426259815523,60.84876885189878,1.3411391096634167,0.5877801304322252,50.67630165018636,1.137972573338164,0.49873846998084187,0.5043753420148278,0.01950039804248652,0.008546426259815523,0.0,0.0,0.0,500.0,0.0,0.0,0.0,0.0,0.0,0.0,0.0,0.0,0.0,0.0,0.0,0.0,0.0,0.0,1.0,0.0,0.0,0.0,0.0,0.0,0.0,0.0,0.0,0.0,0.0,0.0,0.0,0.0,0.0,1.0,0.0,0.0,27.6501,0.49475670788782616,0.21683668770759237,0.0,0.0,0.0,0.0,0.0,0.0,0.0,0.0,0.0,0.0,0.0,0.0,0.0,0.0,0.0,,,,0.0,0.0,0.0,0.0,0.0,0.0
c032127a581c81deff904ceedf3c721876d4922b0494fee8497003f3aab3947b,60,current,Optimized Pattern Generator,dynamic_session,Dynamic Session Pattern Assignment,50,6,5,15,15.0,120,time_only_baseline,A0) Time Prior + Hungarian (Baseline),False,100,20,0.9179999999999999,0.03349783967896876,0.01468107553782652,0.9179999999999999,0.03349783967896876,0.01468107553782652,100.0,0.0,0.0,100.0,0.0,0.0,0.0,0.0,0.0,0.0,0.0,0.0,1.5277502470650002,0.15423081671553115,0.06759463571864274,418.35500000000013,10.459117151028922,4.583910199129582,2.3514788647487874,0.11036982117946312,0.04837170687306801,2.2224045105453114,0.10940424327828692,0.0479485236994461,0.002928241119661834,6.691918173444707e-05,2.9328624513949643e-05,0.0,0.0,0.0,0.12541137753578369,0.005851084240071346,0.0025643507321639366,2.350744129200757,0.11036985227108356,0.04837172049957146,2.2224045105453114,0.10940424327828692,0.0479485236994461,0.12541137753578369,0.005851084240071346,0.0025643507321639366,0.0,0.0,0.0,100.0,0.0,0.0,0.0,0.0,0.0,0.0,0.0,0.0,0.0,0.0,0.0,0.0,0.0,0.0,1.0,0.0,0.0,0.0,0.0,0.0,0.0,0.0,0.0,0.0,0.0,0.0,0.0,0.0,0.0,1.0,0.0,0.0,6.362,0.3333024547101168,0.14607624137667577,0.0,0.0,0.0,0.0,0.0,0.0,0.0,0.0,0.0,0.0,0.0,0.0,0.0,0.0,0.0,,,,0.0,0.0,0.0,0.0,0.0,0.0
c032127a581c81deff904ceedf3c721876d4922b0494fee8497003f3aab3947b,60,current,Optimized Pattern Generator,dynamic_session,Dynamic Session Pattern Assignment,50,6,5,15,15.0,120,time_only_baseline,A0) Time Prior + Hungarian (Baseline),False,300,20,0.8001666666666667,0.03131569118860196,0.013724706794980612,0.8001666666666667,0.03131569118860196,0.013724706794980612,300.0,0.0,0.0,300.0,0.0,0.0,0.0,0.0,0.0,0.0,0.0,0.0,1.3321835955283334,0.06187144303979539,0.02711635549058579,420.98,7.377105408663092,3.2331589975065995,19.070802941649163,0.46942363038696217,0.20573397696683673,18.74292849720514,0.46845473442149715,0.20530933958742334,0.012973553531628568,0.00026762859124503135,0.00011729340165829346,0.0,0.0,0.0,0.3134164700648398,0.003717848819527632,0.0016294190873441018,19.06931852080161,0.4694104939399074,0.20572821966507165,18.74292849720514,0.46845473442149715,0.20530933958742334,0.3134164700648398,0.003717848819527632,0.0016294190873441018,0.0,0.0,0.0,300.0,0.0,0.0,0.0,0.0,0.0,0.0,0.0,0.0,0.0,0.0,0.0,0.0,0.0,0.0,1.0,0.0,0.0,0.0,0.0,0.0,0.0,0.0,0.0,0.0,0.0,0.0,0.0,0.0,0.0,1.0,0.0,0.0,17.398833333333332,0.41356003262500474,0.1812506757624021,0.0,0.0,0.0,0.0,0.0,0.0,0.0,0.0,0.0,0.0,0.0,0.0,0.0,0.0,0.0,,,,0.0,0.0,0.0,0.0,0.0,0.0
c032127a581c81deff904ceedf3c721876d4922b0494fee8497003f3aab3947b,60,current,Optimized Pattern Generator,dynamic_session,Dynamic Session Pattern Assignment,50,6,5,15,15.0,120,time_only_baseline,A0) Time Prior + Hungarian (Baseline),False,500,20,0.712,0.019628121608924704,0.008602403580884883,0.712,0.019628121608924704,0.008602403580884883,500.0,0.0,0.0,500.0,0.0,0.0,0.0,0.0,0.0,0.0,0.0,0.0,1.1967102717220002,0.050931635270536506,0.02232177333934852,420.875,4.802178781827226,2.1046476464694703,53.11563046460069,1.2033716566163852,0.5274008819725913,52.58414214680088,1.2026731944080868,0.5270947674130072,0.028467042442935055,0.0004883371306429738,0.00021402318393075746,0.0,0.0,0.0,0.5005383421099395,0.007494383526087809,0.003284558398702234,53.11314753135375,1.2033451728693394,0.5273892749586874,52.58414214680088,1.2026731944080868,0.5270947674130072,0.5005383421099395,0.007494383526087809,0.003284558398702234,0.0,0.0,0.0,500.0,0.0,0.0,0.0,0.0,0.0,0.0,0.0,0.0,0.0,0.0,0.0,0.0,0.0,0.0,1.0,0.0,0.0,0.0,0.0,0.0,0.0,0.0,0.0,0.0,0.0,0.0,0.0,0.0,0.0,1.0,0.0,0.0,28.3647,0.5550409278413144,0.24325741200975598,0.0,0.0,0.0,0.0,0.0,0.0,0.0,0.0,0.0,0.0,0.0,0.0,0.0,0.0,0.0,,,,0.0,0.0,0.0,0.0,0.0,0.0
c032127a581c81deff904ceedf3c721876d4922b0494fee8497003f3aab3947b,60,current,Optimized Pattern Generator,dynamic_session,Dynamic Session Pattern Assignment,50,6,5,15,15.0,120,single_only,A1) Refined Cost + Greedy 1:1,True,100,20,0.9929999999999998,0.0057124057057748,0.0025035721847413424,0.9929999999999998,0.0057124057057748,0.0025035721847413424,100.0,0.0,0.0,100.0,0.0,0.0,0.0,0.0,0.0,0.0,0.0,0.0,0.8275167583396493,0.05985888201614262,0.026234311732065974,418.35500000000013,10.459117151028922,4.583910199129582,2.879342735247337,0.12755187256728023,0.05590207291269452,2.23697461203119,0.10229049340353356,0.044830785353649795,0.5141942350994213,0.024418970615491104,0.010702085734414364,0.0,0.0,0.0,0.12744020697282393,0.011525292151635351,0.005051181995473886,2.8786090541034355,0.1275505869297654,0.055901509457210515,2.23697461203119,0.10229049340353356,0.044830785353649795,0.12744020697282393,0.011525292151635351,0.005051181995473886,0.0,0.0,0.0,100.0,0.0,0.0,0.0,0.0,0.0,0.0,0.0,0.0,0.0,0.0,0.0,0.0,0.0,0.0,1.0,0.0,0.0,0.0,0.0,0.0,0.0,0.0,0.0,0.0,0.0,0.0,0.0,0.0,0.0,1.0,0.0,0.0,6.362,0.3333024547101168,0.14607624137667577,0.0,0.0,0.0,0.0,0.0,0.0,0.0,0.0,0.0,0.0,0.0,0.0,0.0,0.0,0.0,,,,0.0,0.0,0.0,0.0,0.0,0.0
c032127a581c81deff904ceedf3c721876d4922b0494fee8497003f3aab3947b,60,current,Optimized Pattern Generator,dynamic_session,Dynamic Session Pattern Assignment,50,6,5,15,15.0,120,single_only,A1) Refined Cost + Greedy 1:1,True,300,20,0.9836666666666668,0.007326950970650459,0.0032111778458837684,0.9836666666666668,0.007326950970650459,0.0032111778458837684,300.0,0.0,0.0,300.0,0.0,0.0,0.0,0.0,0.0,0.0,0.0,0.0,0.7998599417904336,0.0375680672216642,0.016464931409820867,420.98,7.377105408663092,3.2331589975065995,23.373216835351194,0.5384381543690367,0.23598092571034354,18.85993584684038,0.44357638593878657,0.19440592262587048,4.211254177585943,0.09612119782729016,0.04212697235442307,0.0,0.0,0.0,0.3004732838759082,0.010939056658597129,0.004794252962475598,23.37166330830223,0.5384214254777132,0.23597359395045875,18.85993584684038,0.44357638593878657,0.19440592262587048,0.3004732838759082,0.010939056658597129,0.004794252962475598,0.0,0.0,0.0,300.0,0.0,0.0,0.0,0.0,0.0,0.0,0.0,0.0,0.0,0.0,0.0,0.0,0.0,0.0,1.0,0.0,0.0,0.0,0.0,0.0,0.0,0.0,0.0,0.0,0.0,0.0,0.0,0.0,0.0,1.0,0.0,0.0,17.398833333333332,0.41356003262500474,0.1812506757624021,0.0,0.0,0.0,0.0,0.0,0.0,0.0,0.0,0.0,0.0,0.0,0.0,0.0,0.0,0.0,,,,0.0,0.0,0.0,0.0,0.0,0.0
c032127a581c81deff904ceedf3c721876d4922b0494fee8497003f3aab3947b,60,current,Optimized Pattern Generator,dynamic_session,Dynamic Session Pattern Assignment,50,6,5,15,15.0,120,single_only,A1) Refined Cost + Greedy 1:1,True,500,20,0.9697999999999997,0.007918000810943718,0.0034702168595970484,0.9697999999999997,0.007918000810943718,0.0034702168595970484,500.0,0.0,0.0,500.0,0.0,0.0,0.0,0.0,0.0,0.0,0.0,0.0,0.7762098994482348,0.02389915112046012,0.010474264795938262,420.875,4.802178781827226,2.1046476464694703,65.18502952284761,1.8802541700322266,0.8240577232772233,53.162424912479764,1.5610050268724445,0.6841406172479116,11.519668841030215,0.31764158282276006,0.1392125616477749,0.0,0.0,0.0,0.5004241527873091,0.007862527041974987,0.0034459044083941367,65.18251790629729,1.880216412350627,0.8240411752436483,53.162424912479764,1.5610050268724445,0.6841406172479116,0.5004241527873091,0.007862527041974987,0.0034459044083941367,0.0,0.0,0.0,500.0,0.0,0.0,0.0,0.0,0.0,0.0,0.0,0.0,0.0,0.0,0.0,0.0,0.0,0.0,1.0,0.0,0.0,0.0,0.0,0.0,0.0,0.0,0.0,0.0,0.0,0.0,0.0,0.0,0.0,1.0,0.0,0.0,28.3647,0.5550409278413144,0.24325741200975598,0.0,0.0,0.0,0.0,0.0,0.0,0.0,0.0,0.0,0.0,0.0,0.0,0.0,0.0,0.0,,,,0.0,0.0,0.0,0.0,0.0,0.0
c032127a581c81deff904ceedf3c721876d4922b0494fee8497003f3aab3947b,60,current,Optimized Pattern Generator,dynamic_session,Dynamic Session Pattern Assignment,50,6,5,15,15.0,120,nomura_original_interval_hungarian,A2) Corr+DTW + Hungarian,False,100,20,0.9984999999999999,0.0036634754853252364,0.0016055889229418872,0.9984999999999999,0.0036634754853252364,0.0016055889229418872,100.0,0.0,0.0,100.0,0.0,0.0,0.0,0.0,0.0,0.0,0.0,0.0,0.07719128467570847,0.006731398058200061,0.0029501652737821023,418.35500000000013,10.459117151028922,4.583910199129582,3.6867921687560736,0.17132087011999103,0.07508468186433165,2.2469002697063845,0.10618516523117787,0.04653770054115633,1.3140140936564422,0.06461622076394201,0.028319307367152314,0.0,0.0,0.0,0.12513555113837355,0.006913720944102926,0.0030300718016617206,3.6860499145012,0.17132387817990216,0.07508600020471422,2.2469002697063845,0.10618516523117787,0.04653770054115633,0.12513555113837355,0.006913720944102926,0.0030300718016617206,0.0,0.0,0.0,100.0,0.0,0.0,0.0,0.0,0.0,0.0,0.0,0.0,0.0,0.0,0.0,0.0,0.0,0.0,1.0,0.0,0.0,0.0,0.0,0.0,0.0,0.0,0.0,0.0,0.0,0.0,0.0,0.0,0.0,1.0,0.0,0.0,6.362,0.3333024547101168,0.14607624137667577,0.0,0.0,0.0,0.0,0.0,0.0,0.0,0.0,0.0,0.0,0.0,0.0,0.0,0.0,0.0,,,,0.0,0.0,0.0,0.0,0.0,0.0
c032127a581c81deff904ceedf3c721876d4922b0494fee8497003f3aab3947b,60,current,Optimized Pattern Generator,dynamic_session,Dynamic Session Pattern Assignment,50,6,5,15,15.0,120,nomura_original_interval_hungarian,A2) Corr+DTW + Hungarian,False,300,20,0.9955,0.004226759642565855,0.001852459089524673,0.9955,0.004226759642565855,0.001852459089524673,300.0,0.0,0.0,300.0,0.0,0.0,0.0,0.0,0.0,0.0,0.0,0.0,0.07443893410406174,0.004139605135197805,0.001814261942532662,420.98,7.377105408663092,3.2331589975065995,29.98648148559878,0.6995078330788929,0.30657282484936416,18.887681720939874,0.44358635342891123,0.1944102910710253,10.778777177917073,0.2577385934125273,0.11295891899793575,0.0,0.0,0.0,0.31848672624473695,0.006046789589483466,0.002650122383273723,29.98494562510168,0.6995101691650673,0.3065738486842716,18.887681720939874,0.44358635342891123,0.1944102910710253,0.31848672624473695,0.006046789589483466,0.002650122383273723,0.0,0.0,0.0,300.0,0.0,0.0,0.0,0.0,0.0,0.0,0.0,0.0,0.0,0.0,0.0,0.0,0.0,0.0,1.0,0.0,0.0,0.0,0.0,0.0,0.0,0.0,0.0,0.0,0.0,0.0,0.0,0.0,0.0,1.0,0.0,0.0,17.398833333333332,0.41356003262500474,0.1812506757624021,0.0,0.0,0.0,0.0,0.0,0.0,0.0,0.0,0.0,0.0,0.0,0.0,0.0,0.0,0.0,,,,0.0,0.0,0.0,0.0,0.0,0.0
c032127a581c81deff904ceedf3c721876d4922b0494fee8497003f3aab3947b,60,current,Optimized Pattern Generator,dynamic_session,Dynamic Session Pattern Assignment,50,6,5,15,15.0,120,nomura_original_interval_hungarian,A2) Corr+DTW + Hungarian,False,500,20,0.9869,0.004178894338785904,0.0018314811952136057,0.9869,0.004178894338785904,0.0018314811952136057,500.0,0.0,0.0,500.0,0.0,0.0,0.0,0.0,0.0,0.0,0.0,0.0,0.0736977795396446,0.0029155691063415556,0.0012778045001160942,420.875,4.802178781827226,2.1046476464694703,82.77086184170476,1.9128562797224304,0.8383462278387546,52.843499943771164,1.255298555146571,0.5501588486675403,29.42255396584951,0.6591004228305694,0.2888634964918094,0.0,0.0,0.0,0.5022958694316912,0.007152238218013145,0.003134606605962873,82.76834977905237,1.9128078765427396,0.8383250142099318,52.843499943771164,1.255298555146571,0.5501588486675403,0.5022958694316912,0.007152238218013145,0.003134606605962873,0.0,0.0,0.0,500.0,0.0,0.0,0.0,0.0,0.0,0.0,0.0,0.0,0.0,0.0,0.0,0.0,0.0,0.0,1.0,0.0,0.0,0.0,0.0,0.0,0.0,0.0,0.0,0.0,0.0,0.0,0.0,0.0,0.0,1.0,0.0,0.0,28.3647,0.5550409278413144,0.24325741200975598,0.0,0.0,0.0,0.0,0.0,0.0,0.0,0.0,0.0,0.0,0.0,0.0,0.0,0.0,0.0,,,,0.0,0.0,0.0,0.0,0.0,0.0
c032127a581c81deff904ceedf3c721876d4922b0494fee8497003f3aab3947b,60,current,Optimized Pattern Generator,dynamic_session,Dynamic Session Pattern Assignment,50,6,5,15,15.0,120,bayesian_windowed,A3) Two-Stage Bayesian Posterior + Hungarian,False,100,20,0.9934999999999998,0.006708203932499375,0.0029400000000000025,0.9934999999999998,0.006708203932499375,0.0029400000000000025,100.0,0.0,0.0,100.0,0.0,0.0,0.0,0.0,0.0,0.0,0.0,0.0,0.13653386018920116,0.022036016322122768,0.009657709968114037,418.35500000000013,10.459117151028922,4.583910199129582,2.8251188854512295,0.12574650809873228,0.055110837048230665,2.2336550845400778,0.10722486575223139,0.046993369385254585,0.4669808478822233,0.022517160560194954,0.00986858072788314,0.0,0.0,0.0,0.12373548627801938,0.008079707106622517,0.003541087768424433,2.824371418700321,0.1257517594286822,0.05511313854505576,2.2336550845400778,0.10722486575223139,0.046993369385254585,0.12373548627801938,0.008079707106622517,0.003541087768424433,0.0,0.0,0.0,100.0,0.0,0.0,0.0,0.0,0.0,0.0,0.0,0.0,0.0,0.0,0.0,0.0,0.0,0.0,1.0,0.0,0.0,0.0,0.0,0.0,0.0,0.0,0.0,0.0,0.0,0.0,0.0,0.0,0.0,1.0,0.0,0.0,6.362,0.3333024547101168,0.14607624137667577,0.0,0.0,0.0,0.0,0.0,0.0,0.0,0.0,0.0,0.0,0.0,0.0,0.0,0.0,0.0,,,,0.0,0.0,0.0,0.0,0.0,0.0
c032127a581c81deff904ceedf3c721876d4922b0494fee8497003f3aab3947b,60,current,Optimized Pattern Generator,dynamic_session,Dynamic Session Pattern Assignment,50,6,5,15,15.0,120,bayesian_windowed,A3) Two-Stage Bayesian Posterior + Hungarian,False,300,20,0.9846666666666668,0.004884633980433653,0.002140785230589185,0.9846666666666668,0.004884633980433653,0.002140785230589185,300.0,0.0,0.0,300.0,0.0,0.0,0.0,0.0,0.0,0.0,0.0,0.0,0.34225595018760424,0.023659603317114374,0.010369278342198461,420.98,7.377105408663092,3.2331589975065995,22.905389839551937,0.5378366755722036,0.23571731600490176,18.886673436548154,0.4547434960936022,0.1993001244398761,3.706142684162478,0.0837728827798034,0.036715084671085335,0.0,0.0,0.0,0.3110583105342812,0.004041166877993308,0.0017711194741322725,22.903874431244912,0.5378365818821672,0.2357172749434329,18.886673436548154,0.4547434960936022,0.1993001244398761,0.3110583105342812,0.004041166877993308,0.0017711194741322725,0.0,0.0,0.0,300.0,0.0,0.0,0.0,0.0,0.0,0.0,0.0,0.0,0.0,0.0,0.0,0.0,0.0,0.0,1.0,0.0,0.0,0.0,0.0,0.0,0.0,0.0,0.0,0.0,0.0,0.0,0.0,0.0,0.0,1.0,0.0,0.0,17.398833333333332,0.41356003262500474,0.1812506757624021,0.0,0.0,0.0,0.0,0.0,0.0,0.0,0.0,0.0,0.0,0.0,0.0,0.0,0.0,0.0,,,,0.0,0.0,0.0,0.0,0.0,0.0
c032127a581c81deff904ceedf3c721876d4922b0494fee8497003f3aab3947b,60,current,Optimized Pattern Generator,dynamic_session,Dynamic Session Pattern Assignment,50,6,5,15,15.0,120,bayesian_windowed,A3) Two-Stage Bayesian Posterior + Hungarian,False,500,20,0.9712,0.008642611691040237,0.0037877915798828743,0.9712,0.008642611691040237,0.0037877915798828743,500.0,0.0,0.0,500.0,0.0,0.0,0.0,0.0,0.0,0.0,0.0,0.0,0.5200491008608119,0.02924093227365754,0.012815403608715683,420.875,4.802178781827226,2.1046476464694703,62.89579123539588,1.4596351103863905,0.6397132925171981,52.44323414810933,1.236643310860716,0.5419828273729731,9.95148969670845,0.21990270835137735,0.09637661124475813,0.0,0.0,0.0,0.4985337654798059,0.007098246539764116,0.0031109437096571843,62.89325761029759,1.4596086483467348,0.6397016950169775,52.44323414810933,1.236643310860716,0.5419828273729731,0.4985337654798059,0.007098246539764116,0.0031109437096571843,0.0,0.0,0.0,500.0,0.0,0.0,0.0,0.0,0.0,0.0,0.0,0.0,0.0,0.0,0.0,0.0,0.0,0.0,1.0,0.0,0.0,0.0,0.0,0.0,0.0,0.0,0.0,0.0,0.0,0.0,0.0,0.0,0.0,1.0,0.0,0.0,28.3647,0.5550409278413144,0.24325741200975598,0.0,0.0,0.0,0.0,0.0,0.0,0.0,0.0,0.0,0.0,0.0,0.0,0.0,0.0,0.0,,,,0.0,0.0,0.0,0.0,0.0,0.0
c032127a581c81deff904ceedf3c721876d4922b0494fee8497003f3aab3947b,60,current,Optimized Pattern Generator,dynamic_session,Dynamic Session Pattern Assignment,50,6,5,15,15.0,180,time_only_baseline,A0) Time Prior + Hungarian (Baseline),False,100,20,0.9295,0.03379115424579571,0.014809626314628848,0.9295,0.03379115424579571,0.014809626314628848,100.0,0.0,0.0,100.0,0.0,0.0,0.0,0.0,0.0,0.0,0.0,0.0,1.54145025744,0.14302796154876177,0.06268476796242645,418.48,8.685899038399134,3.8067630963298615,2.4617127480974887,0.16645584261521526,0.07295248955056702,2.331651027321641,0.1657668804331857,0.07265053856106987,0.002951772378582973,9.431768201616021e-05,4.133654669979535e-05,0.0,0.0,0.0,0.12636929614964174,0.007307486052545993,0.00320264696939239,2.4609720958498658,0.16645221342469174,0.0729508989876911,2.331651027321641,0.1657668804331857,0.07265053856106987,0.12636929614964174,0.007307486052545993,0.00320264696939239,0.0,0.0,0.0,100.0,0.0,0.0,0.0,0.0,0.0,0.0,0.0,0.0,0.0,0.0,0.0,0.0,0.0,0.0,1.0,0.0,0.0,0.0,0.0,0.0,0.0,0.0,0.0,0.0,0.0,0.0,0.0,0.0,0.0,1.0,0.0,0.0,6.601000000000001,0.4526750897079552,0.19839360537232945,0.0,0.0,0.0,0.0,0.0,0.0,0.0,0.0,0.0,0.0,0.0,0.0,0.0,0.0,0.0,,,,0.0,0.0,0.0,0.0,0.0,0.0
c032127a581c81deff904ceedf3c721876d4922b0494fee8497003f3aab3947b,60,current,Optimized Pattern Generator,dynamic_session,Dynamic Session Pattern Assignment,50,6,5,15,15.0,180,time_only_baseline,A0) Time Prior + Hungarian (Baseline),False,300,20,0.8123333333333334,0.018609561775433735,0.008156000051624894,0.8123333333333334,0.018609561775433735,0.008156000051624894,300.0,0.0,0.0,300.0,0.0,0.0,0.0,0.0,0.0,0.0,0.0,0.0,1.3310169302783335,0.06242923187364234,0.027360817225501922,417.64000000000004,6.921469269028449,3.033467654785785,19.753276593852206,0.5625654836846771,0.24655519400954137,19.42179697854881,0.552597402244988,0.24218648969947926,0.013152179095777683,0.00032735495569081183,0.000143469635004433,0.0,0.0,0.0,0.31682761940028287,0.024440771904438517,0.010711640570574736,19.75177677704487,0.5625484419342631,0.24654772513311468,19.42179697854881,0.552597402244988,0.24218648969947926,0.31682761940028287,0.024440771904438517,0.010711640570574736,0.0,0.0,0.0,300.0,0.0,0.0,0.0,0.0,0.0,0.0,0.0,0.0,0.0,0.0,0.0,0.0,0.0,0.0,1.0,0.0,0.0,0.0,0.0,0.0,0.0,0.0,0.0,0.0,0.0,0.0,0.0,0.0,0.0,1.0,0.0,0.0,17.819833333333328,0.4590015543553035,0.20116630075403855,0.0,0.0,0.0,0.0,0.0,0.0,0.0,0.0,0.0,0.0,0.0,0.0,0.0,0.0,0.0,,,,0.0,0.0,0.0,0.0,0.0,0.0
c032127a581c81deff904ceedf3c721876d4922b0494fee8497003f3aab3947b,60,current,Optimized Pattern Generator,dynamic_session,Dynamic Session Pattern Assignment,50,6,5,15,15.0,180,time_only_baseline,A0) Time Prior + Hungarian (Baseline),False,500,20,0.7008,0.022265384982547508,0.009758235215771122,0.7008,0.022265384982547508,0.009758235215771122,500.0,0.0,0.0,500.0,0.0,0.0,0.0,0.0,0.0,0.0,0.0,0.0,1.204090271513,0.05319863466134148,0.023315329628935465,421.53000000000003,5.481173520140984,2.402230211151382,55.57786432505236,1.1031414925322196,0.4834730757561134,55.0336487734603,1.1012202596068656,0.48263105830145975,0.02965969798678998,0.0004412137881718284,0.0001933704685006306,0.0,0.0,0.0,0.5119714284999646,0.010755930404039854,0.004713994342759219,55.575279899947056,1.103112157644827,0.4834602191748583,55.0336487734603,1.1012202596068656,0.48263105830145975,0.5119714284999646,0.010755930404039854,0.004713994342759219,0.0,0.0,0.0,500.0,0.0,0.0,0.0,0.0,0.0,0.0,0.0,0.0,0.0,0.0,0.0,0.0,0.0,0.0,1.0,0.0,0.0,0.0,0.0,0.0,0.0,0.0,0.0,0.0,0.0,0.0,0.0,0.0,0.0,1.0,0.0,0.0,28.8803,0.5400176507836526,0.23667317053558998,0.0,0.0,0.0,0.0,0.0,0.0,0.0,0.0,0.0,0.0,0.0,0.0,0.0,0.0,0.0,,,,0.0,0.0,0.0,0.0,0.0,0.0
c032127a581c81deff904ceedf3c721876d4922b0494fee8497003f3aab3947b,60,current,Optimized Pattern Generator,dynamic_session,Dynamic Session Pattern Assignment,50,6,5,15,15.0,180,single_only,A1) Refined Cost + Greedy 1:1,True,100,20,0.994,0.007539370349250525,0.003304274743260219,0.994,0.007539370349250525,0.003304274743260219,100.0,0.0,0.0,100.0,0.0,0.0,0.0,0.0,0.0,0.0,0.0,0.0,0.8265851090324634,0.0640686103003498,0.028079306499682974,418.48,8.685899038399134,3.8067630963298615,3.0089240228480776,0.21484638949476792,0.09416058179961675,2.3488803857326275,0.1748354243851517,0.07662500318484382,0.5367533711003489,0.038683581336058724,0.01695382702619161,0.0,0.0,0.0,0.12254034926882014,0.007129888844548151,0.0031248115611717106,3.0081741061017966,0.21481898101979102,0.09414856950582799,2.3488803857326275,0.1748354243851517,0.07662500318484382,0.12254034926882014,0.007129888844548151,0.0031248115611717106,0.0,0.0,0.0,100.0,0.0,0.0,0.0,0.0,0.0,0.0,0.0,0.0,0.0,0.0,0.0,0.0,0.0,0.0,1.0,0.0,0.0,0.0,0.0,0.0,0.0,0.0,0.0,0.0,0.0,0.0,0.0,0.0,0.0,1.0,0.0,0.0,6.601000000000001,0.4526750897079552,0.19839360537232945,0.0,0.0,0.0,0.0,0.0,0.0,0.0,0.0,0.0,0.0,0.0,0.0,0.0,0.0,0.0,,,,0.0,0.0,0.0,0.0,0.0,0.0
c032127a581c81deff904ceedf3c721876d4922b0494fee8497003f3aab3947b,60,current,Optimized Pattern Generator,dynamic_session,Dynamic Session Pattern Assignment,50,6,5,15,15.0,180,single_only,A1) Refined Cost + Greedy 1:1,True,300,20,0.983,0.006831300510639732,0.0029939494540378152,0.983,0.006831300510639732,0.0029939494540378152,300.0,0.0,0.0,300.0,0.0,0.0,0.0,0.0,0.0,0.0,0.0,0.0,0.7748551117857566,0.04415645918555856,0.019352421499382367,417.64000000000004,6.921469269028449,3.033467654785785,24.106231008250326,0.6611244741907814,0.2897505761123609,19.470470345758077,0.5352015002584181,0.234562399502588,4.329001145769143,0.12257730895991036,0.0537218742853373,0.0,0.0,0.0,0.30521700217650505,0.012900298773856993,0.005653805217726678,24.104688493703726,0.661125356307364,0.2897509627169989,19.470470345758077,0.5352015002584181,0.234562399502588,0.30521700217650505,0.012900298773856993,0.005653805217726678,0.0,0.0,0.0,300.0,0.0,0.0,0.0,0.0,0.0,0.0,0.0,0.0,0.0,0.0,0.0,0.0,0.0,0.0,1.0,0.0,0.0,0.0,0.0,0.0,0.0,0.0,0.0,0.0,0.0,0.0,0.0,0.0,0.0,1.0,0.0,0.0,17.819833333333328,0.4590015543553035,0.20116630075403855,0.0,0.0,0.0,0.0,0.0,0.0,0.0,0.0,0.0,0.0,0.0,0.0,0.0,0.0,0.0,,,,0.0,0.0,0.0,0.0,0.0,0.0
c032127a581c81deff904ceedf3c721876d4922b0494fee8497003f3aab3947b,60,current,Optimized Pattern Generator,dynamic_session,Dynamic Session Pattern Assignment,50,6,5,15,15.0,180,single_only,A1) Refined Cost + Greedy 1:1,True,500,20,0.9699,0.008620050067017875,0.0037779035121835026,0.9699,0.008620050067017875,0.0037779035121835026,500.0,0.0,0.0,500.0,0.0,0.0,0.0,0.0,0.0,0.0,0.0,0.0,0.7770718072904707,0.03262017426937154,0.01429642171242404,421.53000000000003,5.481173520140984,2.402230211151382,68.20346054369875,1.4284667508720257,0.6260531566754288,55.68528583920706,1.182649562182954,0.5183190236618841,12.00024785544083,0.24307627085636369,0.10653287280898811,0.0,0.0,0.0,0.5153263887536014,0.010664826540750549,0.004674066314218983,68.2008600834015,1.428433863515842,0.6260387431560795,55.68528583920706,1.182649562182954,0.5183190236618841,0.5153263887536014,0.010664826540750549,0.004674066314218983,0.0,0.0,0.0,500.0,0.0,0.0,0.0,0.0,0.0,0.0,0.0,0.0,0.0,0.0,0.0,0.0,0.0,0.0,1.0,0.0,0.0,0.0,0.0,0.0,0.0,0.0,0.0,0.0,0.0,0.0,0.0,0.0,0.0,1.0,0.0,0.0,28.8803,0.5400176507836526,0.23667317053558998,0.0,0.0,0.0,0.0,0.0,0.0,0.0,0.0,0.0,0.0,0.0,0.0,0.0,0.0,0.0,,,,0.0,0.0,0.0,0.0,0.0,0.0
c032127a581c81deff904ceedf3c721876d4922b0494fee8497003f3aab3947b,60,current,Optimized Pattern Generator,dynamic_session,Dynamic Session Pattern Assignment,50,6,5,15,15.0,180,nomura_original_interval_hungarian,A2) Corr+DTW + Hungarian,False,100,20,0.9995,0.002236067977499791,0.0009800000000000006,0.9995,0.002236067977499791,0.0009800000000000006,100.0,0.0,0.0,100.0,0.0,0.0,0.0,0.0,0.0,0.0,0.0,0.0,0.07580166830487022,0.006392957476507651,0.002801837148968378,418.48,8.685899038399134,3.8067630963298615,3.860696976899635,0.2598272671691356,0.11387432063244457,2.3662050174651084,0.1642263540756066,0.07197537311636117,1.3715323996395454,0.0950955324282009,0.0416774546737346,0.0,0.0,0.0,0.12220702874619746,0.008269343560236009,0.0036241996086776172,3.8599444458508514,0.25982218760064224,0.11387209441339685,2.3662050174651084,0.1642263540756066,0.07197537311636117,0.12220702874619746,0.008269343560236009,0.0036241996086776172,0.0,0.0,0.0,100.0,0.0,0.0,0.0,0.0,0.0,0.0,0.0,0.0,0.0,0.0,0.0,0.0,0.0,0.0,1.0,0.0,0.0,0.0,0.0,0.0,0.0,0.0,0.0,0.0,0.0,0.0,0.0,0.0,0.0,1.0,0.0,0.0,6.601000000000001,0.4526750897079552,0.19839360537232945,0.0,0.0,0.0,0.0,0.0,0.0,0.0,0.0,0.0,0.0,0.0,0.0,0.0,0.0,0.0,,,,0.0,0.0,0.0,0.0,0.0,0.0
c032127a581c81deff904ceedf3c721876d4922b0494fee8497003f3aab3947b,60,current,Optimized Pattern Generator,dynamic_session,Dynamic Session Pattern Assignment,50,6,5,15,15.0,180,nomura_original_interval_hungarian,A2) Corr+DTW + Hungarian,False,300,20,0.9968333333333332,0.0027519264916063303,0.0012060849620455945,0.9968333333333332,0.0027519264916063303,0.0012060849620455945,300.0,0.0,0.0,300.0,0.0,0.0,0.0,0.0,0.0,0.0,0.0,0.0,0.07303113333281062,0.003645207672926567,0.0015975827011584542,417.64000000000004,6.921469269028449,3.033467654785785,30.924233279301554,0.8224042631502952,0.3604345601283783,19.51489573772269,0.5121275836581777,0.22444980968162953,11.087276854320953,0.3128715889286319,0.13712201965026716,0.0,0.0,0.0,0.32053837250568906,0.022232049057515354,0.009743625102456034,30.92271096454933,0.8223988980459943,0.3604322087677454,19.51489573772269,0.5121275836581777,0.22444980968162953,0.32053837250568906,0.022232049057515354,0.009743625102456034,0.0,0.0,0.0,300.0,0.0,0.0,0.0,0.0,0.0,0.0,0.0,0.0,0.0,0.0,0.0,0.0,0.0,0.0,1.0,0.0,0.0,0.0,0.0,0.0,0.0,0.0,0.0,0.0,0.0,0.0,0.0,0.0,0.0,1.0,0.0,0.0,17.819833333333328,0.4590015543553035,0.20116630075403855,0.0,0.0,0.0,0.0,0.0,0.0,0.0,0.0,0.0,0.0,0.0,0.0,0.0,0.0,0.0,,,,0.0,0.0,0.0,0.0,0.0,0.0
c032127a581c81deff904ceedf3c721876d4922b0494fee8497003f3aab3947b,60,current,Optimized Pattern Generator,dynamic_session,Dynamic Session Pattern Assignment,50,6,5,15,15.0,180,nomura_original_interval_hungarian,A2) Corr+DTW + Hungarian,False,500,20,0.9883999999999998,0.005932958789676535,0.0026002338356386355,0.9883999999999998,0.005932958789676535,0.0026002338356386355,500.0,0.0,0.0,500.0,0.0,0.0,0.0,0.0,0.0,0.0,0.0,0.0,0.07382900727344412,0.004617045309310733,0.002023509324695807,421.53000000000003,5.481173520140984,2.402230211151382,86.6472296374457,1.8975836596257432,0.831652706959533,55.51706237248436,1.2633901063202848,0.5537051273272373,30.60997158016253,0.6407101787256151,0.2808036166472769,0.0,0.0,0.0,0.5175854453016655,0.009767674302526147,0.0042808720096151566,86.64461939794856,1.8975209716179515,0.831625232728761,55.51706237248436,1.2633901063202848,0.5537051273272373,0.5175854453016655,0.009767674302526147,0.0042808720096151566,0.0,0.0,0.0,500.0,0.0,0.0,0.0,0.0,0.0,0.0,0.0,0.0,0.0,0.0,0.0,0.0,0.0,0.0,1.0,0.0,0.0,0.0,0.0,0.0,0.0,0.0,0.0,0.0,0.0,0.0,0.0,0.0,0.0,1.0,0.0,0.0,28.8803,0.5400176507836526,0.23667317053558998,0.0,0.0,0.0,0.0,0.0,0.0,0.0,0.0,0.0,0.0,0.0,0.0,0.0,0.0,0.0,,,,0.0,0.0,0.0,0.0,0.0,0.0
c032127a581c81deff904ceedf3c721876d4922b0494fee8497003f3aab3947b,60,current,Optimized Pattern Generator,dynamic_session,Dynamic Session Pattern Assignment,50,6,5,15,15.0,180,bayesian_windowed,A3) Two-Stage Bayesian Posterior + Hungarian,False,100,20,0.9959999999999999,0.005026246899500351,0.002202849828840146,0.9959999999999999,0.005026246899500351,0.002202849828840146,100.0,0.0,0.0,100.0,0.0,0.0,0.0,0.0,0.0,0.0,0.0,0.0,0.13084561903583425,0.025011384182629232,0.010961722427769507,418.48,8.685899038399134,3.8067630963298615,2.9584436541525063,0.19015742692338974,0.08334016687332103,2.3449326024769106,0.15980013123371617,0.07003549542538744,0.48649726816802286,0.03119179164132302,0.01367040542420157,0.0,0.0,0.0,0.12626946055679583,0.004847147408123774,0.002124356015899228,2.9576993312017295,0.1901414974424358,0.0833331854704782,2.3449326024769106,0.15980013123371617,0.07003549542538744,0.12626946055679583,0.004847147408123774,0.002124356015899228,0.0,0.0,0.0,100.0,0.0,0.0,0.0,0.0,0.0,0.0,0.0,0.0,0.0,0.0,0.0,0.0,0.0,0.0,1.0,0.0,0.0,0.0,0.0,0.0,0.0,0.0,0.0,0.0,0.0,0.0,0.0,0.0,0.0,1.0,0.0,0.0,6.601000000000001,0.4526750897079552,0.19839360537232945,0.0,0.0,0.0,0.0,0.0,0.0,0.0,0.0,0.0,0.0,0.0,0.0,0.0,0.0,0.0,,,,0.0,0.0,0.0,0.0,0.0,0.0
c032127a581c81deff904ceedf3c721876d4922b0494fee8497003f3aab3947b,60,current,Optimized Pattern Generator,dynamic_session,Dynamic Session Pattern Assignment,50,6,5,15,15.0,180,bayesian_windowed,A3) Two-Stage Bayesian Posterior + Hungarian,False,300,20,0.9860000000000001,0.005982430416161186,0.002621915731914958,0.9860000000000001,0.005982430416161186,0.002621915731914958,300.0,0.0,0.0,300.0,0.0,0.0,0.0,0.0,0.0,0.0,0.0,0.0,0.33916018180923724,0.027812741286999856,0.012189471311035947,417.64000000000004,6.921469269028449,3.033467654785785,23.56296220820077,0.613772504902115,0.2689976605615646,19.45510884878022,0.515885862311359,0.2260969479248219,3.7950309051768274,0.0991971299432727,0.04347505904230337,0.0,0.0,0.0,0.3112877897438011,0.0049102271226814445,0.002152001919730666,23.561427543700848,0.6137506021627848,0.2689880612628136,19.45510884878022,0.515885862311359,0.2260969479248219,0.3112877897438011,0.0049102271226814445,0.002152001919730666,0.0,0.0,0.0,300.0,0.0,0.0,0.0,0.0,0.0,0.0,0.0,0.0,0.0,0.0,0.0,0.0,0.0,0.0,1.0,0.0,0.0,0.0,0.0,0.0,0.0,0.0,0.0,0.0,0.0,0.0,0.0,0.0,0.0,1.0,0.0,0.0,17.819833333333328,0.4590015543553035,0.20116630075403855,0.0,0.0,0.0,0.0,0.0,0.0,0.0,0.0,0.0,0.0,0.0,0.0,0.0,0.0,0.0,,,,0.0,0.0,0.0,0.0,0.0,0.0
c032127a581c81deff904ceedf3c721876d4922b0494fee8497003f3aab3947b,60,current,Optimized Pattern Generator,dynamic_session,Dynamic Session Pattern Assignment,50,6,5,15,15.0,180,bayesian_windowed,A3) Two-Stage Bayesian Posterior + Hungarian,False,500,20,0.9725999999999999,0.00802889518518812,0.0035188184619870735,0.9725999999999999,0.00802889518518812,0.0035188184619870735,500.0,0.0,0.0,500.0,0.0,0.0,0.0,0.0,0.0,0.0,0.0,0.0,0.5299185790662972,0.030257574573178927,0.013260966741659863,421.53000000000003,5.481173520140984,2.402230211151382,65.91827309800138,1.3766806206713584,0.6033568844210409,55.02069689678028,1.1627527567522626,0.509598864204174,10.386763258605788,0.21186456055305167,0.09285373764626981,0.0,0.0,0.0,0.5082094342127675,0.008071471491933128,0.0035374783511451673,65.91566958959883,1.3766523614277761,0.6033444992614708,55.02069689678028,1.1627527567522626,0.509598864204174,0.5082094342127675,0.008071471491933128,0.0035374783511451673,0.0,0.0,0.0,500.0,0.0,0.0,0.0,0.0,0.0,0.0,0.0,0.0,0.0,0.0,0.0,0.0,0.0,0.0,1.0,0.0,0.0,0.0,0.0,0.0,0.0,0.0,0.0,0.0,0.0,0.0,0.0,0.0,0.0,1.0,0.0,0.0,28.8803,0.5400176507836526,0.23667317053558998,0.0,0.0,0.0,0.0,0.0,0.0,0.0,0.0,0.0,0.0,0.0,0.0,0.0,0.0,0.0,,,,0.0,0.0,0.0,0.0,0.0,0.0
c032127a581c81deff904ceedf3c721876d4922b0494fee8497003f3aab3947b,60,current,Optimized Pattern Generator,dynamic_session,Dynamic Session Pattern Assignment,50,6,5,30,5.0,60,time_only_baseline,A0) Time Prior + Hungarian (Baseline),False,100,20,0.9099999999999999,0.036562851437807166,0.0160243761681679,0.9099999999999999,0.036562851437807166,0.0160243761681679,100.0,0.0,0.0,100.0,0.0,0.0,0.0,0.0,0.0,0.0,0.0,0.0,1.5654002552650002,0.1479243806226982,0.06483071823797354,408.755,13.434734048255972,5.888031803940134,2.396913441600918,0.11294043609593214,0.04949832853371914,2.263480939345027,0.11314184781607216,0.049586601112067995,0.0030306320171803237,8.006774755844388e-05,3.5091237563810766e-05,0.0,0.0,0.0,0.12965102644084253,0.007247541478588782,0.003176375101511275,2.3961625978030496,0.11293893526381046,0.04949767076504035,2.263480939345027,0.11314184781607216,0.049586601112067995,0.12965102644084253,0.007247541478588782,0.003176375101511275,0.0,0.0,0.0,100.0,0.0,0.0,0.0,0.0,0.0,0.0,0.0,0.0,0.0,0.0,0.0,0.0,0.0,0.0,1.0,0.0,0.0,0.0,0.0,0.0,0.0,0.0,0.0,0.0,0.0,0.0,0.0,0.0,0.0,1.0,0.0,0.0,6.2844999999999995,0.3199584676995306,0.14022798121555297,0.0,0.0,0.0,0.0,0.0,0.0,0.0,0.0,0.0,0.0,0.0,0.0,0.0,0.0,0.0,,,,0.0,0.0,0.0,0.0,0.0,0.0
c032127a581c81deff904ceedf3c721876d4922b0494fee8497003f3aab3947b,60,current,Optimized Pattern Generator,dynamic_session,Dynamic Session Pattern Assignment,50,6,5,30,5.0,60,time_only_baseline,A0) Time Prior + Hungarian (Baseline),False,300,20,0.7956666666666666,0.030263946086862784,0.013263759180652332,0.7956666666666666,0.030263946086862784,0.013263759180652332,300.0,0.0,0.0,300.0,0.0,0.0,0.0,0.0,0.0,0.0,0.0,0.0,1.3613002615783336,0.06178484480257399,0.027078402139734684,408.4000000000001,7.2669402813447945,3.1848770016736077,19.005923681250714,0.6700189225084029,0.2936487399602307,18.6690142933061,0.6721478598358404,0.2945817878826921,0.013274176350387279,0.00029907889688105666,0.00013107710583609171,0.0,0.0,0.0,0.3221156428917311,0.006979089475414868,0.003058720823663874,19.00440411254822,0.6699916962992396,0.29363680754795685,18.6690142933061,0.6721478598358404,0.2945817878826921,0.3221156428917311,0.006979089475414868,0.003058720823663874,0.0,0.0,0.0,300.0,0.0,0.0,0.0,0.0,0.0,0.0,0.0,0.0,0.0,0.0,0.0,0.0,0.0,0.0,1.0,0.0,0.0,0.0,0.0,0.0,0.0,0.0,0.0,0.0,0.0,0.0,0.0,0.0,0.0,1.0,0.0,0.0,16.877166666666668,0.6214586454087001,0.272366260162403,0.0,0.0,0.0,0.0,0.0,0.0,0.0,0.0,0.0,0.0,0.0,0.0,0.0,0.0,0.0,,,,0.0,0.0,0.0,0.0,0.0,0.0
c032127a581c81deff904ceedf3c721876d4922b0494fee8497003f3aab3947b,60,current,Optimized Pattern Generator,dynamic_session,Dynamic Session Pattern Assignment,50,6,5,30,5.0,60,time_only_baseline,A0) Time Prior + Hungarian (Baseline),False,500,20,0.6984999999999999,0.016490826796163132,0.007227423505393582,0.6984999999999999,0.016490826796163132,0.007227423505393582,500.0,0.0,0.0,500.0,0.0,0.0,0.0,0.0,0.0,0.0,0.0,0.0,1.211350280679,0.051192349620593575,0.02243603644119823,412.44000000000005,4.75896937095461,2.085710287193608,41.7458698938528,2.545779471643655,1.1157370470464671,41.31549279547035,2.524330756885252,1.106336733337428,0.020690925084636547,0.001956616473751214,0.0008575249784759148,0.0,0.0,0.0,0.40742819404404146,0.022291647808051717,0.009769745406540412,41.74361191459902,2.5456735649892024,1.1156906314086565,41.31549279547035,2.524330756885252,1.106336733337428,0.40742819404404146,0.022291647808051717,0.009769745406540412,0.0,0.0,0.0,500.0,0.0,0.0,0.0,0.0,0.0,0.0,0.0,0.0,0.0,0.0,0.0,0.0,0.0,0.0,1.0,0.0,0.0,0.0,0.0,0.0,0.0,0.0,0.0,0.0,0.0,0.0,0.0,0.0,0.0,1.0,0.0,0.0,27.5904,0.6563916032690437,0.28767630397485233,0.0,0.0,0.0,0.0,0.0,0.0,0.0,0.0,0.0,0.0,0.0,0.0,0.0,0.0,0.0,,,,0.0,0.0,0.0,0.0,0.0,0.0
c032127a581c81deff904ceedf3c721876d4922b0494fee8497003f3aab3947b,60,current,Optimized Pattern Generator,dynamic_session,Dynamic Session Pattern Assignment,50,6,5,30,5.0,60,single_only,A1) Refined Cost + Greedy 1:1,True,100,20,0.9959999999999999,0.0059824304161611936,0.0026219157319149616,0.9959999999999999,0.0059824304161611936,0.0026219157319149616,100.0,0.0,0.0,100.0,0.0,0.0,0.0,0.0,0.0,0.0,0.0,0.0,0.9064434481763171,0.06583089509002815,0.02885166186242817,408.755,13.434734048255972,5.888031803940134,2.93001152289944,0.15460939988298358,0.06776055710736466,2.2746137075839217,0.12611920560811263,0.05527417893357046,0.5275390257680556,0.027998214796600467,0.01227075866063246,0.0,0.0,0.0,0.12708964800112882,0.007634528859146845,0.0033459797990263067,2.929242381353106,0.15460797952732222,0.0677599346090497,2.2746137075839217,0.12611920560811263,0.05527417893357046,0.12708964800112882,0.007634528859146845,0.0033459797990263067,0.0,0.0,0.0,100.0,0.0,0.0,0.0,0.0,0.0,0.0,0.0,0.0,0.0,0.0,0.0,0.0,0.0,0.0,1.0,0.0,0.0,0.0,0.0,0.0,0.0,0.0,0.0,0.0,0.0,0.0,0.0,0.0,0.0,1.0,0.0,0.0,6.2844999999999995,0.3199584676995306,0.14022798121555297,0.0,0.0,0.0,0.0,0.0,0.0,0.0,0.0,0.0,0.0,0.0,0.0,0.0,0.0,0.0,,,,0.0,0.0,0.0,0.0,0.0,0.0
c032127a581c81deff904ceedf3c721876d4922b0494fee8497003f3aab3947b,60,current,Optimized Pattern Generator,dynamic_session,Dynamic Session Pattern Assignment,50,6,5,30,5.0,60,single_only,A1) Refined Cost + Greedy 1:1,True,300,20,0.985,0.005873918962380061,0.0025743584904645415,0.985,0.005873918962380061,0.0025743584904645415,300.0,0.0,0.0,300.0,0.0,0.0,0.0,0.0,0.0,0.0,0.0,0.0,0.8773565510970437,0.03299713934283296,0.014461633940187017,408.4000000000001,7.2669402813447945,3.1848770016736077,23.257902450003893,0.8252689409315432,0.3616900605218691,18.743049331009388,0.6774561876567465,0.2969082651261544,4.20261674880021,0.14788655786472585,0.06481414168342069,0.0,0.0,0.0,0.3106650784393423,0.010917384114971089,0.00478475455144014,23.25633115824894,0.825261520421457,0.3616868083399329,18.743049331009388,0.6774561876567465,0.2969082651261544,0.3106650784393423,0.010917384114971089,0.00478475455144014,0.0,0.0,0.0,300.0,0.0,0.0,0.0,0.0,0.0,0.0,0.0,0.0,0.0,0.0,0.0,0.0,0.0,0.0,1.0,0.0,0.0,0.0,0.0,0.0,0.0,0.0,0.0,0.0,0.0,0.0,0.0,0.0,0.0,1.0,0.0,0.0,16.877166666666668,0.6214586454087001,0.272366260162403,0.0,0.0,0.0,0.0,0.0,0.0,0.0,0.0,0.0,0.0,0.0,0.0,0.0,0.0,0.0,,,,0.0,0.0,0.0,0.0,0.0,0.0
c032127a581c81deff904ceedf3c721876d4922b0494fee8497003f3aab3947b,60,current,Optimized Pattern Generator,dynamic_session,Dynamic Session Pattern Assignment,50,6,5,30,5.0,60,single_only,A1) Refined Cost + Greedy 1:1,True,500,20,0.9690000000000001,0.011304400633567918,0.0049543720192637124,0.9690000000000001,0.011304400633567918,0.0049543720192637124,500.0,0.0,0.0,500.0,0.0,0.0,0.0,0.0,0.0,0.0,0.0,0.0,0.8648264037179484,0.03493427283506003,0.015310620125528829,412.44000000000005,4.75896937095461,2.085710287193608,50.996357787499434,3.1373622856710313,1.3750096467976898,41.54633431117982,2.5512654157649988,1.1181413680657808,9.039959700572945,0.5619190504887502,0.24627188217001644,0.0,0.0,0.0,0.40782961329095996,0.027552916043204433,0.01207559787718613,50.99412362504372,3.1372948004870023,1.374980070111733,41.54633431117982,2.5512654157649988,1.1181413680657808,0.40782961329095996,0.027552916043204433,0.01207559787718613,0.0,0.0,0.0,500.0,0.0,0.0,0.0,0.0,0.0,0.0,0.0,0.0,0.0,0.0,0.0,0.0,0.0,0.0,1.0,0.0,0.0,0.0,0.0,0.0,0.0,0.0,0.0,0.0,0.0,0.0,0.0,0.0,0.0,1.0,0.0,0.0,27.5904,0.6563916032690437,0.28767630397485233,0.0,0.0,0.0,0.0,0.0,0.0,0.0,0.0,0.0,0.0,0.0,0.0,0.0,0.0,0.0,,,,0.0,0.0,0.0,0.0,0.0,0.0
c032127a581c81deff904ceedf3c721876d4922b0494fee8497003f3aab3947b,60,current,Optimized Pattern Generator,dynamic_session,Dynamic Session Pattern Assignment,50,6,5,30,5.0,60,nomura_original_interval_hungarian,A2) Corr+DTW + Hungarian,False,100,20,0.9994999999999999,0.0022360679774997916,0.0009800000000000008,0.9994999999999999,0.0022360679774997916,0.0009800000000000008,100.0,0.0,0.0,100.0,0.0,0.0,0.0,0.0,0.0,0.0,0.0,0.0,0.05879289469133615,0.004086603238986577,0.001791032837331182,408.755,13.434734048255972,5.888031803940134,3.7622439790997304,0.19077033976191893,0.08360878776848282,2.2897480959363747,0.1250624285078842,0.05481102594866799,1.3444901369148283,0.06730381530097117,0.029497197606980153,0.0,0.0,0.0,0.12722919844818534,0.008062371749190797,0.003533490213048643,3.7614674312993883,0.1907701015888408,0.08360868338452897,2.2897480959363747,0.1250624285078842,0.05481102594866799,0.12722919844818534,0.008062371749190797,0.003533490213048643,0.0,0.0,0.0,100.0,0.0,0.0,0.0,0.0,0.0,0.0,0.0,0.0,0.0,0.0,0.0,0.0,0.0,0.0,1.0,0.0,0.0,0.0,0.0,0.0,0.0,0.0,0.0,0.0,0.0,0.0,0.0,0.0,0.0,1.0,0.0,0.0,6.2844999999999995,0.3199584676995306,0.14022798121555297,0.0,0.0,0.0,0.0,0.0,0.0,0.0,0.0,0.0,0.0,0.0,0.0,0.0,0.0,0.0,,,,0.0,0.0,0.0,0.0,0.0,0.0
c032127a581c81deff904ceedf3c721876d4922b0494fee8497003f3aab3947b,60,current,Optimized Pattern Generator,dynamic_session,Dynamic Session Pattern Assignment,50,6,5,30,5.0,60,nomura_original_interval_hungarian,A2) Corr+DTW + Hungarian,False,300,20,0.9998333333333334,0.0007453559924999224,0.0003266666666666633,0.9998333333333334,0.0007453559924999224,0.0003266666666666633,300.0,0.0,0.0,300.0,0.0,0.0,0.0,0.0,0.0,0.0,0.0,0.0,0.05825962714677017,0.002875231451034306,0.001260125743209381,408.4000000000001,7.2669402813447945,3.1848770016736077,29.913679029150806,1.154935755982049,0.5061729125641103,18.846755562690667,0.7470680835972193,0.3274170236738001,10.74278402930795,0.41330553882284476,0.1811391389358716,0.0,0.0,0.0,0.3225977747541037,0.006941170056630246,0.0030421019056422133,29.912137366752724,1.1549257194815252,0.5061685138738146,18.846755562690667,0.7470680835972193,0.3274170236738001,0.3225977747541037,0.006941170056630246,0.0030421019056422133,0.0,0.0,0.0,300.0,0.0,0.0,0.0,0.0,0.0,0.0,0.0,0.0,0.0,0.0,0.0,0.0,0.0,0.0,1.0,0.0,0.0,0.0,0.0,0.0,0.0,0.0,0.0,0.0,0.0,0.0,0.0,0.0,0.0,1.0,0.0,0.0,16.877166666666668,0.6214586454087001,0.272366260162403,0.0,0.0,0.0,0.0,0.0,0.0,0.0,0.0,0.0,0.0,0.0,0.0,0.0,0.0,0.0,,,,0.0,0.0,0.0,0.0,0.0,0.0
c032127a581c81deff904ceedf3c721876d4922b0494fee8497003f3aab3947b,60,current,Optimized Pattern Generator,dynamic_session,Dynamic Session Pattern Assignment,50,6,5,30,5.0,60,nomura_original_interval_hungarian,A2) Corr+DTW + Hungarian,False,500,20,0.9986,0.001465390194130094,0.0006422355691767547,0.9986,0.001465390194130094,0.0006422355691767547,500.0,0.0,0.0,500.0,0.0,0.0,0.0,0.0,0.0,0.0,0.0,0.0,0.059351068891196776,0.0021879692227658133,0.0009589197912972209,412.44000000000005,4.75896937095461,2.085710287193608,64.27942080200009,2.603406741302809,1.1409933115403208,41.15787489005743,1.6472538601014122,0.7219408350475944,22.710938618356884,0.9410794019786896,0.41244623294964317,0.0,0.0,0.0,0.4083946997387102,0.022100979595566925,0.009686181378024596,64.27720820815303,2.603389389964817,1.1409857069811555,41.15787489005743,1.6472538601014122,0.7219408350475944,0.4083946997387102,0.022100979595566925,0.009686181378024596,0.0,0.0,0.0,500.0,0.0,0.0,0.0,0.0,0.0,0.0,0.0,0.0,0.0,0.0,0.0,0.0,0.0,0.0,1.0,0.0,0.0,0.0,0.0,0.0,0.0,0.0,0.0,0.0,0.0,0.0,0.0,0.0,0.0,1.0,0.0,0.0,27.5904,0.6563916032690437,0.28767630397485233,0.0,0.0,0.0,0.0,0.0,0.0,0.0,0.0,0.0,0.0,0.0,0.0,0.0,0.0,0.0,,,,0.0,0.0,0.0,0.0,0.0,0.0
c032127a581c81deff904ceedf3c721876d4922b0494fee8497003f3aab3947b,60,current,Optimized Pattern Generator,dynamic_session,Dynamic Session Pattern Assignment,50,6,5,30,5.0,60,bayesian_windowed,A3) Two-Stage Bayesian Posterior + Hungarian,False,100,20,0.9949999999999999,0.006882472016116859,0.0030163763551303555,0.9949999999999999,0.006882472016116859,0.0030163763551303555,100.0,0.0,0.0,100.0,0.0,0.0,0.0,0.0,0.0,0.0,0.0,0.0,0.1464101633820793,0.02502189449032336,0.010966328773213335,408.755,13.434734048255972,5.888031803940134,2.8775325250491735,0.14610635879469908,0.06403393504114459,2.2709163495441316,0.12104869930473529,0.05305193156573064,0.47776778136612846,0.024662419290850134,0.010808781820692838,0.0,0.0,0.0,0.12807506278477376,0.007082346383860378,0.003103975159084278,2.876759193695034,0.14610523993861457,0.06403344468084524,2.2709163495441316,0.12104869930473529,0.05305193156573064,0.12807506278477376,0.007082346383860378,0.003103975159084278,0.0,0.0,0.0,100.0,0.0,0.0,0.0,0.0,0.0,0.0,0.0,0.0,0.0,0.0,0.0,0.0,0.0,0.0,1.0,0.0,0.0,0.0,0.0,0.0,0.0,0.0,0.0,0.0,0.0,0.0,0.0,0.0,0.0,1.0,0.0,0.0,6.2844999999999995,0.3199584676995306,0.14022798121555297,0.0,0.0,0.0,0.0,0.0,0.0,0.0,0.0,0.0,0.0,0.0,0.0,0.0,0.0,0.0,,,,0.0,0.0,0.0,0.0,0.0,0.0
c032127a581c81deff904ceedf3c721876d4922b0494fee8497003f3aab3947b,60,current,Optimized Pattern Generator,dynamic_session,Dynamic Session Pattern Assignment,50,6,5,30,5.0,60,bayesian_windowed,A3) Two-Stage Bayesian Posterior + Hungarian,False,300,20,0.9876666666666667,0.005309155724116968,0.0023268400880425014,0.9876666666666667,0.005309155724116968,0.0023268400880425014,300.0,0.0,0.0,300.0,0.0,0.0,0.0,0.0,0.0,0.0,0.0,0.0,0.37165465565475464,0.03070294387098329,0.013456158442556316,408.4000000000001,7.2669402813447945,3.1848770016736077,22.69653271450079,0.867796386180173,0.38032853518499504,18.68916099449416,0.7346795516484428,0.3219875101563372,3.6869223045228865,0.13160985587361845,0.05768056251150272,0.0,0.0,0.0,0.31889808638225076,0.007540960632149695,0.0033049717154707546,22.694981385399295,0.8677764740641556,0.3803198083153768,18.68916099449416,0.7346795516484428,0.3219875101563372,0.31889808638225076,0.007540960632149695,0.0033049717154707546,0.0,0.0,0.0,300.0,0.0,0.0,0.0,0.0,0.0,0.0,0.0,0.0,0.0,0.0,0.0,0.0,0.0,0.0,1.0,0.0,0.0,0.0,0.0,0.0,0.0,0.0,0.0,0.0,0.0,0.0,0.0,0.0,0.0,1.0,0.0,0.0,16.877166666666668,0.6214586454087001,0.272366260162403,0.0,0.0,0.0,0.0,0.0,0.0,0.0,0.0,0.0,0.0,0.0,0.0,0.0,0.0,0.0,,,,0.0,0.0,0.0,0.0,0.0,0.0
c032127a581c81deff904ceedf3c721876d4922b0494fee8497003f3aab3947b,60,current,Optimized Pattern Generator,dynamic_session,Dynamic Session Pattern Assignment,50,6,5,30,5.0,60,bayesian_windowed,A3) Two-Stage Bayesian Posterior + Hungarian,False,500,20,0.9776000000000001,0.009326814766264561,0.004087656798859609,0.9776000000000001,0.009326814766264561,0.004087656798859609,500.0,0.0,0.0,500.0,0.0,0.0,0.0,0.0,0.0,0.0,0.0,0.0,0.5622842908176724,0.035247594569073004,0.015447939429960728,412.44000000000005,4.75896937095461,2.085710287193608,48.935805591547975,1.2423018200914853,0.5444627783860699,40.76566486880474,1.0559569766515016,0.46279354989715143,7.76522564564948,0.1846453574747201,0.08092439592447172,0.0,0.0,0.0,0.40269144378980853,0.008295082186152006,0.003635480058847956,48.933581958244034,1.2422752671102326,0.544451141028937,40.76566486880474,1.0559569766515016,0.46279354989715143,0.40269144378980853,0.008295082186152006,0.003635480058847956,0.0,0.0,0.0,500.0,0.0,0.0,0.0,0.0,0.0,0.0,0.0,0.0,0.0,0.0,0.0,0.0,0.0,0.0,1.0,0.0,0.0,0.0,0.0,0.0,0.0,0.0,0.0,0.0,0.0,0.0,0.0,0.0,0.0,1.0,0.0,0.0,27.5904,0.6563916032690437,0.28767630397485233,0.0,0.0,0.0,0.0,0.0,0.0,0.0,0.0,0.0,0.0,0.0,0.0,0.0,0.0,0.0,,,,0.0,0.0,0.0,0.0,0.0,0.0
c032127a581c81deff904ceedf3c721876d4922b0494fee8497003f3aab3947b,60,current,Optimized Pattern Generator,dynamic_session,Dynamic Session Pattern Assignment,50,6,5,30,5.0,120,time_only_baseline,A0) Time Prior + Hungarian (Baseline),False,100,20,0.9160000000000001,0.028910023757932293,0.012670376557358623,0.9160000000000001,0.028910023757932293,0.012670376557358623,100.0,0.0,0.0,100.0,0.0,0.0,0.0,0.0,0.0,0.0,0.0,0.0,1.6359002525100004,0.1369052271086296,0.06000136128082877,413.725,9.564235738581404,4.191711127802981,1.928352329203335,0.09803622400579198,0.04296626958233213,1.8212616843869909,0.09726947793829188,0.0426302283019636,0.0023369853413896637,9.497646315809145e-05,4.162527026526338e-05,0.0,0.0,0.0,0.10420834487158573,0.005824492399206626,0.002552696344055144,1.9278070145999664,0.09802156244545093,0.04295984387019868,1.8212616843869909,0.09726947793829188,0.0426302283019636,0.10420834487158573,0.005824492399206626,0.002552696344055144,0.0,0.0,0.0,100.0,0.0,0.0,0.0,0.0,0.0,0.0,0.0,0.0,0.0,0.0,0.0,0.0,0.0,0.0,1.0,0.0,0.0,0.0,0.0,0.0,0.0,0.0,0.0,0.0,0.0,0.0,0.0,0.0,0.0,1.0,0.0,0.0,6.4595,0.3569678593817361,0.15644806227458896,0.0,0.0,0.0,0.0,0.0,0.0,0.0,0.0,0.0,0.0,0.0,0.0,0.0,0.0,0.0,,,,0.0,0.0,0.0,0.0,0.0,0.0
c032127a581c81deff904ceedf3c721876d4922b0494fee8497003f3aab3947b,60,current,Optimized Pattern Generator,dynamic_session,Dynamic Session Pattern Assignment,50,6,5,30,5.0,120,time_only_baseline,A0) Time Prior + Hungarian (Baseline),False,300,20,0.7948333333333333,0.02145238164779317,0.009401920794171957,0.7948333333333333,0.02145238164779317,0.009401920794171957,300.0,0.0,0.0,300.0,0.0,0.0,0.0,0.0,0.0,0.0,0.0,0.0,1.3721169302416667,0.08254626531396456,0.03617749586402852,410.13,7.127050028255949,3.1235673950755314,15.302742702102114,0.3660252362631397,0.16041763271390108,15.038673719679355,0.36506152692509913,0.1599952684741807,0.009716546472918707,0.00013046770125364212,5.7179991178770546e-05,0.0,0.0,0.0,0.2530749629979255,0.0027205599024847245,0.0011923379482479443,15.3014652291502,0.36601968363522835,0.16041519916742222,15.038673719679355,0.36506152692509913,0.1599952684741807,0.2530749629979255,0.0027205599024847245,0.0011923379482479443,0.0,0.0,0.0,300.0,0.0,0.0,0.0,0.0,0.0,0.0,0.0,0.0,0.0,0.0,0.0,0.0,0.0,0.0,1.0,0.0,0.0,0.0,0.0,0.0,0.0,0.0,0.0,0.0,0.0,0.0,0.0,0.0,0.0,1.0,0.0,0.0,17.3265,0.4116795935181855,0.18042653698700434,0.0,0.0,0.0,0.0,0.0,0.0,0.0,0.0,0.0,0.0,0.0,0.0,0.0,0.0,0.0,,,,0.0,0.0,0.0,0.0,0.0,0.0
c032127a581c81deff904ceedf3c721876d4922b0494fee8497003f3aab3947b,60,current,Optimized Pattern Generator,dynamic_session,Dynamic Session Pattern Assignment,50,6,5,30,5.0,120,time_only_baseline,A0) Time Prior + Hungarian (Baseline),False,500,20,0.7001000000000001,0.02390749717249029,0.010477922614516171,0.7001000000000001,0.02390749717249029,0.010477922614516171,500.0,0.0,0.0,500.0,0.0,0.0,0.0,0.0,0.0,0.0,0.0,0.0,1.2115702760520002,0.04480311218184439,0.01963582967066198,410.95500000000004,4.91244124111102,2.1529722999171446,57.62935387489851,31.081837452284134,13.622215876145614,57.058610659900296,30.78802456827006,13.49344670220675,0.02889235379261663,0.017006362723092066,0.007453367087375048,0.0,0.0,0.0,0.5391421530570369,0.27619721362944216,0.12104876599480695,57.62664516674995,31.080889357940002,13.621800355478712,57.058610659900296,30.78802456827006,13.49344670220675,0.5391421530570369,0.27619721362944216,0.12104876599480695,0.0,0.0,0.0,500.0,0.0,0.0,0.0,0.0,0.0,0.0,0.0,0.0,0.0,0.0,0.0,0.0,0.0,0.0,1.0,0.0,0.0,0.0,0.0,0.0,0.0,0.0,0.0,0.0,0.0,0.0,0.0,0.0,0.0,1.0,0.0,0.0,28.341199999999997,0.5972760624174073,0.26176777587215105,0.0,0.0,0.0,0.0,0.0,0.0,0.0,0.0,0.0,0.0,0.0,0.0,0.0,0.0,0.0,,,,0.0,0.0,0.0,0.0,0.0,0.0
c032127a581c81deff904ceedf3c721876d4922b0494fee8497003f3aab3947b,60,current,Optimized Pattern Generator,dynamic_session,Dynamic Session Pattern Assignment,50,6,5,30,5.0,120,single_only,A1) Refined Cost + Greedy 1:1,True,100,20,0.9955,0.0060480531882929995,0.0026506761798692664,0.9955,0.0060480531882929995,0.0026506761798692664,100.0,0.0,0.0,100.0,0.0,0.0,0.0,0.0,0.0,0.0,0.0,0.0,0.9120289255880275,0.05650973659334345,0.024766484033011373,413.725,9.564235738581404,4.191711127802981,2.360967289500695,0.11448121277436729,0.0501736036863801,1.8380977610897389,0.09205018777167892,0.04034277353102241,0.4228131120311446,0.022192067153656504,0.009726102260495978,0.0,0.0,0.0,0.09947557268169475,0.007358611446704455,0.0032250536613084896,2.360386445802578,0.11447188680504955,0.05016951640011539,1.8380977610897389,0.09205018777167892,0.04034277353102241,0.09947557268169475,0.007358611446704455,0.0032250536613084896,0.0,0.0,0.0,100.0,0.0,0.0,0.0,0.0,0.0,0.0,0.0,0.0,0.0,0.0,0.0,0.0,0.0,0.0,1.0,0.0,0.0,0.0,0.0,0.0,0.0,0.0,0.0,0.0,0.0,0.0,0.0,0.0,0.0,1.0,0.0,0.0,6.4595,0.3569678593817361,0.15644806227458896,0.0,0.0,0.0,0.0,0.0,0.0,0.0,0.0,0.0,0.0,0.0,0.0,0.0,0.0,0.0,,,,0.0,0.0,0.0,0.0,0.0,0.0
c032127a581c81deff904ceedf3c721876d4922b0494fee8497003f3aab3947b,60,current,Optimized Pattern Generator,dynamic_session,Dynamic Session Pattern Assignment,50,6,5,30,5.0,120,single_only,A1) Refined Cost + Greedy 1:1,True,300,20,0.9814999999999999,0.007292951014707558,0.0031962767081905844,0.9814999999999999,0.007292951014707558,0.0031962767081905844,300.0,0.0,0.0,300.0,0.0,0.0,0.0,0.0,0.0,0.0,0.0,0.0,0.8746381804810616,0.03176883461245423,0.013923305656841585,410.13,7.127050028255949,3.1235673950755314,18.746161989549,0.4434116186517706,0.19433371017844023,15.12561463713646,0.36043844470972647,0.15796911335874858,3.3750375024785173,0.08381724933013951,0.03673452916909117,0.0,0.0,0.0,0.24414641658513575,0.010153638447200844,0.004450028254231713,18.744798556200113,0.4434238010865141,0.19433904936587493,15.12561463713646,0.36043844470972647,0.15796911335874858,0.24414641658513575,0.010153638447200844,0.004450028254231713,0.0,0.0,0.0,300.0,0.0,0.0,0.0,0.0,0.0,0.0,0.0,0.0,0.0,0.0,0.0,0.0,0.0,0.0,1.0,0.0,0.0,0.0,0.0,0.0,0.0,0.0,0.0,0.0,0.0,0.0,0.0,0.0,0.0,1.0,0.0,0.0,17.3265,0.4116795935181855,0.18042653698700434,0.0,0.0,0.0,0.0,0.0,0.0,0.0,0.0,0.0,0.0,0.0,0.0,0.0,0.0,0.0,,,,0.0,0.0,0.0,0.0,0.0,0.0
c032127a581c81deff904ceedf3c721876d4922b0494fee8497003f3aab3947b,60,current,Optimized Pattern Generator,dynamic_session,Dynamic Session Pattern Assignment,50,6,5,30,5.0,120,single_only,A1) Refined Cost + Greedy 1:1,True,500,20,0.9712,0.00637098686894037,0.002792208105651005,0.9712,0.00637098686894037,0.002792208105651005,500.0,0.0,0.0,500.0,0.0,0.0,0.0,0.0,0.0,0.0,0.0,0.0,0.8650445775234357,0.024552340761560563,0.010760537778119321,410.95500000000004,4.91244124111102,2.1529722999171446,71.98545831459778,37.30345022996648,16.3489578998591,59.08465076941648,31.09034218550229,13.62594323982045,12.344802872676519,5.933459525572404,2.6004532928210153,0.0,0.0,0.0,0.553159124503145,0.28019886032727137,0.12280256498631055,71.98261276659613,37.30227031374199,16.3484407787735,59.08465076941648,31.09034218550229,13.62594323982045,0.553159124503145,0.28019886032727137,0.12280256498631055,0.0,0.0,0.0,500.0,0.0,0.0,0.0,0.0,0.0,0.0,0.0,0.0,0.0,0.0,0.0,0.0,0.0,0.0,1.0,0.0,0.0,0.0,0.0,0.0,0.0,0.0,0.0,0.0,0.0,0.0,0.0,0.0,0.0,1.0,0.0,0.0,28.341199999999997,0.5972760624174073,0.26176777587215105,0.0,0.0,0.0,0.0,0.0,0.0,0.0,0.0,0.0,0.0,0.0,0.0,0.0,0.0,0.0,,,,0.0,0.0,0.0,0.0,0.0,0.0
c032127a581c81deff904ceedf3c721876d4922b0494fee8497003f3aab3947b,60,current,Optimized Pattern Generator,dynamic_session,Dynamic Session Pattern Assignment,50,6,5,30,5.0,120,nomura_original_interval_hungarian,A2) Corr+DTW + Hungarian,False,100,20,1.0,0.0,0.0,1.0,0.0,0.0,100.0,0.0,0.0,100.0,0.0,0.0,0.0,0.0,0.0,0.0,0.0,0.0,0.05896846137497025,0.0033010414232755546,0.0014467451917214121,413.725,9.564235738581404,4.191711127802981,3.0002711270019065,0.149100097111184,0.06534599870811578,1.827266453775519,0.09497716149975537,0.041625576326992056,1.072538508697471,0.054186217800714066,0.023748157023417135,0.0,0.0,0.0,0.09989172717905603,0.006911357757397136,0.0030290360894226574,2.9996966896520463,0.1491171918186122,0.0653534907939773,1.827266453775519,0.09497716149975537,0.041625576326992056,0.09989172717905603,0.006911357757397136,0.0030290360894226574,0.0,0.0,0.0,100.0,0.0,0.0,0.0,0.0,0.0,0.0,0.0,0.0,0.0,0.0,0.0,0.0,0.0,0.0,1.0,0.0,0.0,0.0,0.0,0.0,0.0,0.0,0.0,0.0,0.0,0.0,0.0,0.0,0.0,1.0,0.0,0.0,6.4595,0.3569678593817361,0.15644806227458896,0.0,0.0,0.0,0.0,0.0,0.0,0.0,0.0,0.0,0.0,0.0,0.0,0.0,0.0,0.0,,,,0.0,0.0,0.0,0.0,0.0,0.0
c032127a581c81deff904ceedf3c721876d4922b0494fee8497003f3aab3947b,60,current,Optimized Pattern Generator,dynamic_session,Dynamic Session Pattern Assignment,50,6,5,30,5.0,120,nomura_original_interval_hungarian,A2) Corr+DTW + Hungarian,False,300,20,0.9986666666666666,0.001675415633166765,0.0007342832762800406,0.9986666666666666,0.001675415633166765,0.0007342832762800406,300.0,0.0,0.0,300.0,0.0,0.0,0.0,0.0,0.0,0.0,0.0,0.0,0.05871745407488462,0.0026205103936776113,0.0011484893176975431,410.13,7.127050028255949,3.1235673950755314,23.83217939800379,0.5556620250306308,0.24352961985480132,15.057798158554942,0.3651127406923897,0.16001771389732966,8.518685297877528,0.19250087370075689,0.0843672277073068,0.0,0.0,0.0,0.2543921684729867,0.0033619762824646147,0.0014734510712412507,23.830875624905456,0.5556545019212945,0.2435263227067612,15.057798158554942,0.3651127406923897,0.16001771389732966,0.2543921684729867,0.0033619762824646147,0.0014734510712412507,0.0,0.0,0.0,300.0,0.0,0.0,0.0,0.0,0.0,0.0,0.0,0.0,0.0,0.0,0.0,0.0,0.0,0.0,1.0,0.0,0.0,0.0,0.0,0.0,0.0,0.0,0.0,0.0,0.0,0.0,0.0,0.0,0.0,1.0,0.0,0.0,17.3265,0.4116795935181855,0.18042653698700434,0.0,0.0,0.0,0.0,0.0,0.0,0.0,0.0,0.0,0.0,0.0,0.0,0.0,0.0,0.0,,,,0.0,0.0,0.0,0.0,0.0,0.0
c032127a581c81deff904ceedf3c721876d4922b0494fee8497003f3aab3947b,60,current,Optimized Pattern Generator,dynamic_session,Dynamic Session Pattern Assignment,50,6,5,30,5.0,120,nomura_original_interval_hungarian,A2) Corr+DTW + Hungarian,False,500,20,0.9985999999999999,0.0018467610337532792,0.0008093787090953427,0.9985999999999999,0.0018467610337532792,0.0008093787090953427,500.0,0.0,0.0,500.0,0.0,0.0,0.0,0.0,0.0,0.0,0.0,0.0,0.05840705237993987,0.002132692005374162,0.0009346934826210466,410.95500000000004,4.91244124111102,2.1529722999171446,93.9622544832484,50.514725365079556,22.13905451708595,61.311856576774154,34.27342951379402,15.020992770118633,32.07914048527018,15.945648454444836,6.988488562332809,0.0,0.0,0.0,0.5684682109043934,0.29683093813210315,0.13009189447572975,93.95946527294873,50.51366640037666,22.138590405341905,61.311856576774154,34.27342951379402,15.020992770118633,0.5684682109043934,0.29683093813210315,0.13009189447572975,0.0,0.0,0.0,500.0,0.0,0.0,0.0,0.0,0.0,0.0,0.0,0.0,0.0,0.0,0.0,0.0,0.0,0.0,1.0,0.0,0.0,0.0,0.0,0.0,0.0,0.0,0.0,0.0,0.0,0.0,0.0,0.0,0.0,1.0,0.0,0.0,28.341199999999997,0.5972760624174073,0.26176777587215105,0.0,0.0,0.0,0.0,0.0,0.0,0.0,0.0,0.0,0.0,0.0,0.0,0.0,0.0,0.0,,,,0.0,0.0,0.0,0.0,0.0,0.0
c032127a581c81deff904ceedf3c721876d4922b0494fee8497003f3aab3947b,60,current,Optimized Pattern Generator,dynamic_session,Dynamic Session Pattern Assignment,50,6,5,30,5.0,120,bayesian_windowed,A3) Two-Stage Bayesian Posterior + Hungarian,False,100,20,0.9969999999999999,0.004701623459816277,0.002060577333508361,0.9969999999999999,0.004701623459816277,0.002060577333508361,100.0,0.0,0.0,100.0,0.0,0.0,0.0,0.0,0.0,0.0,0.0,0.0,0.15075717191792642,0.022730737337517633,0.009962184877614874,413.725,9.564235738581404,4.191711127802981,2.3165804980002576,0.11758442391857118,0.05153364593550716,1.8341418986485223,0.09912095050388837,0.043441671930932936,0.38245715757657306,0.02020315375063736,0.008854422528675772,0.0,0.0,0.0,0.09940458327182569,0.007722819750384941,0.003384674988208382,2.316003639496921,0.11755128976448805,0.05151912425220942,1.8341418986485223,0.09912095050388837,0.043441671930932936,0.09940458327182569,0.007722819750384941,0.003384674988208382,0.0,0.0,0.0,100.0,0.0,0.0,0.0,0.0,0.0,0.0,0.0,0.0,0.0,0.0,0.0,0.0,0.0,0.0,1.0,0.0,0.0,0.0,0.0,0.0,0.0,0.0,0.0,0.0,0.0,0.0,0.0,0.0,0.0,1.0,0.0,0.0,6.4595,0.3569678593817361,0.15644806227458896,0.0,0.0,0.0,0.0,0.0,0.0,0.0,0.0,0.0,0.0,0.0,0.0,0.0,0.0,0.0,,,,0.0,0.0,0.0,0.0,0.0,0.0
c032127a581c81deff904ceedf3c721876d4922b0494fee8497003f3aab3947b,60,current,Optimized Pattern Generator,dynamic_session,Dynamic Session Pattern Assignment,50,6,5,30,5.0,120,bayesian_windowed,A3) Two-Stage Bayesian Posterior + Hungarian,False,300,20,0.9876666666666665,0.008172124921401664,0.0035815916615953526,0.9876666666666665,0.008172124921401664,0.0035815916615953526,300.0,0.0,0.0,300.0,0.0,0.0,0.0,0.0,0.0,0.0,0.0,0.0,0.37694930239211133,0.02373581463533079,0.01040267942508307,410.13,7.127050028255949,3.1235673950755314,18.328346993649028,0.4265570606196179,0.186946874430281,15.111551773222164,0.3611296250939973,0.1582720365182416,2.9630626929414574,0.06610451432513127,0.028971580779518023,0.0,0.0,0.0,0.2524016025388846,0.0035136355833636904,0.0015399186904624148,18.327016068702505,0.42654764684451174,0.18694274866143276,15.111551773222164,0.3611296250939973,0.1582720365182416,0.2524016025388846,0.0035136355833636904,0.0015399186904624148,0.0,0.0,0.0,300.0,0.0,0.0,0.0,0.0,0.0,0.0,0.0,0.0,0.0,0.0,0.0,0.0,0.0,0.0,1.0,0.0,0.0,0.0,0.0,0.0,0.0,0.0,0.0,0.0,0.0,0.0,0.0,0.0,0.0,1.0,0.0,0.0,17.3265,0.4116795935181855,0.18042653698700434,0.0,0.0,0.0,0.0,0.0,0.0,0.0,0.0,0.0,0.0,0.0,0.0,0.0,0.0,0.0,,,,0.0,0.0,0.0,0.0,0.0,0.0
c032127a581c81deff904ceedf3c721876d4922b0494fee8497003f3aab3947b,60,current,Optimized Pattern Generator,dynamic_session,Dynamic Session Pattern Assignment,50,6,5,30,5.0,120,bayesian_windowed,A3) Two-Stage Bayesian Posterior + Hungarian,False,500,20,0.9780999999999999,0.0077180581141004425,0.0033825881090947937,0.9780999999999999,0.0077180581141004425,0.0033825881090947937,500.0,0.0,0.0,500.0,0.0,0.0,0.0,0.0,0.0,0.0,0.0,0.0,0.57882763047392,0.03313373460390035,0.014521499452860617,410.95500000000004,4.91244124111102,2.1529722999171446,72.68110941665073,39.63380064005362,17.370278997815575,60.975940436056405,33.69571001561091,14.767796036425194,11.123949887057824,5.624547639545058,2.465066689482912,0.0,0.0,0.0,0.5781016019333037,0.3125287452943929,0.13697176180259207,72.67799192504754,39.63224910346037,17.369599006922325,60.975940436056405,33.69571001561091,14.767796036425194,0.5781016019333037,0.3125287452943929,0.13697176180259207,0.0,0.0,0.0,500.0,0.0,0.0,0.0,0.0,0.0,0.0,0.0,0.0,0.0,0.0,0.0,0.0,0.0,0.0,1.0,0.0,0.0,0.0,0.0,0.0,0.0,0.0,0.0,0.0,0.0,0.0,0.0,0.0,0.0,1.0,0.0,0.0,28.341199999999997,0.5972760624174073,0.26176777587215105,0.0,0.0,0.0,0.0,0.0,0.0,0.0,0.0,0.0,0.0,0.0,0.0,0.0,0.0,0.0,,,,0.0,0.0,0.0,0.0,0.0,0.0
c032127a581c81deff904ceedf3c721876d4922b0494fee8497003f3aab3947b,60,current,Optimized Pattern Generator,dynamic_session,Dynamic Session Pattern Assignment,50,6,5,30,5.0,180,time_only_baseline,A0) Time Prior + Hungarian (Baseline),False,100,20,0.929,0.029181825634603812,0.01278949898199793,0.929,0.029181825634603812,0.01278949898199793,100.0,0.0,0.0,100.0,0.0,0.0,0.0,0.0,0.0,0.0,0.0,0.0,1.5691502400450001,0.15780643299900787,0.06916171864861932,407.18,10.881979309124345,4.769237711129853,5.378124387553544,0.21828433589080695,0.09566732824114732,5.100557145966741,0.21764454067890154,0.09538692562638944,0.00749707472132286,0.00021906067844266547,9.600757536622446e-05,0.0,0.0,0.0,0.2686291439153138,0.011870698927381459,0.005202563189443521,5.376683364603378,0.21842202341751052,0.09572767246034246,5.100557145966741,0.21764454067890154,0.09538692562638944,0.2686291439153138,0.011870698927381459,0.005202563189443521,0.0,0.0,0.0,100.0,0.0,0.0,0.0,0.0,0.0,0.0,0.0,0.0,0.0,0.0,0.0,0.0,0.0,0.0,1.0,0.0,0.0,0.0,0.0,0.0,0.0,0.0,0.0,0.0,0.0,0.0,0.0,0.0,0.0,1.0,0.0,0.0,6.4125,0.2734742362540516,0.11985536854234377,0.0,0.0,0.0,0.0,0.0,0.0,0.0,0.0,0.0,0.0,0.0,0.0,0.0,0.0,0.0,,,,0.0,0.0,0.0,0.0,0.0,0.0
c032127a581c81deff904ceedf3c721876d4922b0494fee8497003f3aab3947b,60,current,Optimized Pattern Generator,dynamic_session,Dynamic Session Pattern Assignment,50,6,5,30,5.0,180,time_only_baseline,A0) Time Prior + Hungarian (Baseline),False,300,20,0.7859999999999999,0.026348984911148923,0.011547951794291267,0.7859999999999999,0.026348984911148923,0.011547951794291267,300.0,0.0,0.0,300.0,0.0,0.0,0.0,0.0,0.0,0.0,0.0,0.0,1.338116927761667,0.0776128676590564,0.034015339010811635,411.11,6.822709756471593,2.990184390019417,44.35429505840002,1.24888140204001,0.5473464073161545,43.64583537049039,1.2381380992391902,0.5426379472645171,0.03071275356778642,0.0007487757977205027,0.0003281654623874965,0.0,0.0,0.0,0.6748235718929209,0.01588467340501967,0.006961765068665377,44.351371695951094,1.2489026982349165,0.5473557407850912,43.64583537049039,1.2381380992391902,0.5426379472645171,0.6748235718929209,0.01588467340501967,0.006961765068665377,0.0,0.0,0.0,300.0,0.0,0.0,0.0,0.0,0.0,0.0,0.0,0.0,0.0,0.0,0.0,0.0,0.0,0.0,1.0,0.0,0.0,0.0,0.0,0.0,0.0,0.0,0.0,0.0,0.0,0.0,0.0,0.0,0.0,1.0,0.0,0.0,17.8125,0.38461475371068354,0.16856484795149987,0.0,0.0,0.0,0.0,0.0,0.0,0.0,0.0,0.0,0.0,0.0,0.0,0.0,0.0,0.0,,,,0.0,0.0,0.0,0.0,0.0,0.0
c032127a581c81deff904ceedf3c721876d4922b0494fee8497003f3aab3947b,60,current,Optimized Pattern Generator,dynamic_session,Dynamic Session Pattern Assignment,50,6,5,30,5.0,180,time_only_baseline,A0) Time Prior + Hungarian (Baseline),False,500,20,0.7013999999999998,0.021823213135992302,0.009564444859670848,0.7013999999999998,0.021823213135992302,0.009564444859670848,500.0,0.0,0.0,500.0,0.0,0.0,0.0,0.0,0.0,0.0,0.0,0.0,1.1821502758759999,0.04166118430231236,0.018258819064131047,411.2200000000001,3.1059535361014365,1.361244155369017,99.87618668545183,14.502243267533396,6.355888347398895,98.92265392027767,14.366688700466652,6.296478938981023,0.05363214047538349,0.006542882108427058,0.00286754451598917,0.0,0.0,0.0,0.8957340642009513,0.13164140534988836,0.05769438967912714,99.87202012495399,14.501726978718953,6.355662073849411,98.92265392027767,14.366688700466652,6.296478938981023,0.8957340642009513,0.13164140534988836,0.05769438967912714,0.0,0.0,0.0,500.0,0.0,0.0,0.0,0.0,0.0,0.0,0.0,0.0,0.0,0.0,0.0,0.0,0.0,0.0,1.0,0.0,0.0,0.0,0.0,0.0,0.0,0.0,0.0,0.0,0.0,0.0,0.0,0.0,0.0,1.0,0.0,0.0,28.980999999999995,0.6932782535476679,0.30384259124196433,0.0,0.0,0.0,0.0,0.0,0.0,0.0,0.0,0.0,0.0,0.0,0.0,0.0,0.0,0.0,,,,0.0,0.0,0.0,0.0,0.0,0.0
c032127a581c81deff904ceedf3c721876d4922b0494fee8497003f3aab3947b,60,current,Optimized Pattern Generator,dynamic_session,Dynamic Session Pattern Assignment,50,6,5,30,5.0,180,single_only,A1) Refined Cost + Greedy 1:1,True,100,20,0.999,0.003077935056255465,0.0013489645151589043,0.999,0.003077935056255465,0.0013489645151589043,100.0,0.0,0.0,100.0,0.0,0.0,0.0,0.0,0.0,0.0,0.0,0.0,0.8962922847026273,0.06375129053293374,0.02794023497985581,407.18,10.881979309124345,4.769237711129853,6.483549476902408,0.2778507500835935,0.1217734602980992,5.135892474754655,0.23059169666290977,0.10106126692191442,1.0788322504871757,0.05024446847480156,0.022020609212588287,0.0,0.0,0.0,0.26731098110758467,0.018114871403389368,0.007939192436882545,6.482035706349416,0.2777441297616484,0.1217267318817194,5.135892474754655,0.23059169666290977,0.10106126692191442,0.26731098110758467,0.018114871403389368,0.007939192436882545,0.0,0.0,0.0,100.0,0.0,0.0,0.0,0.0,0.0,0.0,0.0,0.0,0.0,0.0,0.0,0.0,0.0,0.0,1.0,0.0,0.0,0.0,0.0,0.0,0.0,0.0,0.0,0.0,0.0,0.0,0.0,0.0,0.0,1.0,0.0,0.0,6.4125,0.2734742362540516,0.11985536854234377,0.0,0.0,0.0,0.0,0.0,0.0,0.0,0.0,0.0,0.0,0.0,0.0,0.0,0.0,0.0,,,,0.0,0.0,0.0,0.0,0.0,0.0
c032127a581c81deff904ceedf3c721876d4922b0494fee8497003f3aab3947b,60,current,Optimized Pattern Generator,dynamic_session,Dynamic Session Pattern Assignment,50,6,5,30,5.0,180,single_only,A1) Refined Cost + Greedy 1:1,True,300,20,0.9848333333333334,0.0069648238979764885,0.0030524686586893353,0.9848333333333334,0.0069648238979764885,0.0030524686586893353,300.0,0.0,0.0,300.0,0.0,0.0,0.0,0.0,0.0,0.0,0.0,0.0,0.87569624299922,0.034074092445250066,0.014933629447921471,411.11,6.822709756471593,2.990184390019417,53.68958902274608,1.4175982280977903,0.6212898165507427,44.00373139792646,1.1672027815169068,0.5115491735477332,9.016729290265356,0.24359317575377293,0.10675941636873601,0.0,0.0,0.0,0.6664023825607728,0.025275158064984045,0.011077326428769848,53.68686307075259,1.4173197664672217,0.6211677753602676,44.00373139792646,1.1672027815169068,0.5115491735477332,0.6664023825607728,0.025275158064984045,0.011077326428769848,0.0,0.0,0.0,300.0,0.0,0.0,0.0,0.0,0.0,0.0,0.0,0.0,0.0,0.0,0.0,0.0,0.0,0.0,1.0,0.0,0.0,0.0,0.0,0.0,0.0,0.0,0.0,0.0,0.0,0.0,0.0,0.0,0.0,1.0,0.0,0.0,17.8125,0.38461475371068354,0.16856484795149987,0.0,0.0,0.0,0.0,0.0,0.0,0.0,0.0,0.0,0.0,0.0,0.0,0.0,0.0,0.0,,,,0.0,0.0,0.0,0.0,0.0,0.0
c032127a581c81deff904ceedf3c721876d4922b0494fee8497003f3aab3947b,60,current,Optimized Pattern Generator,dynamic_session,Dynamic Session Pattern Assignment,50,6,5,30,5.0,180,single_only,A1) Refined Cost + Greedy 1:1,True,500,20,0.9717,0.009251457922090478,0.004054630205735559,0.9717,0.009251457922090478,0.004054630205735559,500.0,0.0,0.0,500.0,0.0,0.0,0.0,0.0,0.0,0.0,0.0,0.0,0.8570807492257829,0.030329520804295997,0.013292498567706389,411.2200000000001,3.1059535361014365,1.361244155369017,120.00215415194835,17.03511557983936,7.465968582452965,98.91569668617157,14.399074249774012,6.310672531770049,20.186731600422355,2.5140851625239153,1.101846403626908,0.0,0.0,0.0,0.8957588968027267,0.12664652963136375,0.055505288876553455,119.99818718339665,17.034530868065755,7.465712321219452,98.91569668617157,14.399074249774012,6.310672531770049,0.8957588968027267,0.12664652963136375,0.055505288876553455,0.0,0.0,0.0,500.0,0.0,0.0,0.0,0.0,0.0,0.0,0.0,0.0,0.0,0.0,0.0,0.0,0.0,0.0,1.0,0.0,0.0,0.0,0.0,0.0,0.0,0.0,0.0,0.0,0.0,0.0,0.0,0.0,0.0,1.0,0.0,0.0,28.980999999999995,0.6932782535476679,0.30384259124196433,0.0,0.0,0.0,0.0,0.0,0.0,0.0,0.0,0.0,0.0,0.0,0.0,0.0,0.0,0.0,,,,0.0,0.0,0.0,0.0,0.0,0.0
c032127a581c81deff904ceedf3c721876d4922b0494fee8497003f3aab3947b,60,current,Optimized Pattern Generator,dynamic_session,Dynamic Session Pattern Assignment,50,6,5,30,5.0,180,nomura_original_interval_hungarian,A2) Corr+DTW + Hungarian,False,100,20,1.0,0.0,0.0,1.0,0.0,0.0,100.0,0.0,0.0,100.0,0.0,0.0,0.0,0.0,0.0,0.0,0.0,0.0,0.05871096288572737,0.003002607430718566,0.0013159507276672099,407.18,10.881979309124345,4.769237711129853,8.079032895943964,0.3197199132797215,0.1401234301313438,5.161374592107313,0.21442332428197688,0.09397516529497238,2.6488737638355815,0.10814000176698643,0.04739444542743409,0.0,0.0,0.0,0.26747279410774355,0.017133651816842326,0.0075091539923933534,8.077721150050639,0.3195984817543409,0.14007021041885276,5.161374592107313,0.21442332428197688,0.09397516529497238,0.26747279410774355,0.017133651816842326,0.0075091539923933534,0.0,0.0,0.0,100.0,0.0,0.0,0.0,0.0,0.0,0.0,0.0,0.0,0.0,0.0,0.0,0.0,0.0,0.0,1.0,0.0,0.0,0.0,0.0,0.0,0.0,0.0,0.0,0.0,0.0,0.0,0.0,0.0,0.0,1.0,0.0,0.0,6.4125,0.2734742362540516,0.11985536854234377,0.0,0.0,0.0,0.0,0.0,0.0,0.0,0.0,0.0,0.0,0.0,0.0,0.0,0.0,0.0,,,,0.0,0.0,0.0,0.0,0.0,0.0
c032127a581c81deff904ceedf3c721876d4922b0494fee8497003f3aab3947b,60,current,Optimized Pattern Generator,dynamic_session,Dynamic Session Pattern Assignment,50,6,5,30,5.0,180,nomura_original_interval_hungarian,A2) Corr+DTW + Hungarian,False,300,20,0.9996666666666666,0.0010259783520851435,0.00044965483838629633,0.9996666666666666,0.0010259783520851435,0.00044965483838629633,300.0,0.0,0.0,300.0,0.0,0.0,0.0,0.0,0.0,0.0,0.0,0.0,0.058630055860148925,0.0027989445051333373,0.0012266915150306195,411.11,6.822709756471593,2.990184390019417,66.9871693208479,2.1029234574330538,0.9216468412506419,44.01215993030928,1.4058753786091132,0.6161520512347932,22.28338353885774,0.6979592198463721,0.3058941151754448,0.0,0.0,0.0,0.6885701224848162,0.011632325883076118,0.0050980915965537395,66.98411359165183,2.102623554894556,0.9215154031679514,44.01215993030928,1.4058753786091132,0.6161520512347932,0.6885701224848162,0.011632325883076118,0.0050980915965537395,0.0,0.0,0.0,300.0,0.0,0.0,0.0,0.0,0.0,0.0,0.0,0.0,0.0,0.0,0.0,0.0,0.0,0.0,1.0,0.0,0.0,0.0,0.0,0.0,0.0,0.0,0.0,0.0,0.0,0.0,0.0,0.0,0.0,1.0,0.0,0.0,17.8125,0.38461475371068354,0.16856484795149987,0.0,0.0,0.0,0.0,0.0,0.0,0.0,0.0,0.0,0.0,0.0,0.0,0.0,0.0,0.0,,,,0.0,0.0,0.0,0.0,0.0,0.0
c032127a581c81deff904ceedf3c721876d4922b0494fee8497003f3aab3947b,60,current,Optimized Pattern Generator,dynamic_session,Dynamic Session Pattern Assignment,50,6,5,30,5.0,180,nomura_original_interval_hungarian,A2) Corr+DTW + Hungarian,False,500,20,0.9987,0.0016254554017744996,0.0007123872394613546,0.9987,0.0016254554017744996,0.0007123872394613546,500.0,0.0,0.0,500.0,0.0,0.0,0.0,0.0,0.0,0.0,0.0,0.0,0.05755157881849304,0.0021889193694612486,0.0009593362114467405,411.2200000000001,3.1059535361014365,1.361244155369017,150.46789468945354,19.830528596987712,8.69111235463314,98.75039157734719,13.998485240590718,6.135106657677715,50.8136789166485,5.714618029540694,2.504541778381783,0.0,0.0,0.0,0.8995631540499744,0.12702058094320332,0.05566922409198132,150.46363364804566,19.83002430271547,8.690891337923551,98.75039157734719,13.998485240590718,6.135106657677715,0.8995631540499744,0.12702058094320332,0.05566922409198132,0.0,0.0,0.0,500.0,0.0,0.0,0.0,0.0,0.0,0.0,0.0,0.0,0.0,0.0,0.0,0.0,0.0,0.0,1.0,0.0,0.0,0.0,0.0,0.0,0.0,0.0,0.0,0.0,0.0,0.0,0.0,0.0,0.0,1.0,0.0,0.0,28.980999999999995,0.6932782535476679,0.30384259124196433,0.0,0.0,0.0,0.0,0.0,0.0,0.0,0.0,0.0,0.0,0.0,0.0,0.0,0.0,0.0,,,,0.0,0.0,0.0,0.0,0.0,0.0
c032127a581c81deff904ceedf3c721876d4922b0494fee8497003f3aab3947b,60,current,Optimized Pattern Generator,dynamic_session,Dynamic Session Pattern Assignment,50,6,5,30,5.0,180,bayesian_windowed,A3) Two-Stage Bayesian Posterior + Hungarian,False,100,20,0.9979999999999999,0.004103913408340621,0.001798619353545206,0.9979999999999999,0.004103913408340621,0.001798619353545206,100.0,0.0,0.0,100.0,0.0,0.0,0.0,0.0,0.0,0.0,0.0,0.0,0.14974542132695495,0.023047357478990203,0.010100949772853014,407.18,10.881979309124345,4.769237711129853,6.342817629095225,0.24700008706704865,0.10825256108553633,5.092510259093251,0.21141065319435534,0.09265480397520147,0.9774176085542422,0.03503320420411535,0.015353978709726534,0.0,0.0,0.0,0.2712776656509959,0.01110868282980498,0.004868594909794017,6.341205533298489,0.24718272983594872,0.10833260780832077,5.092510259093251,0.21141065319435534,0.09265480397520147,0.2712776656509959,0.01110868282980498,0.004868594909794017,0.0,0.0,0.0,100.0,0.0,0.0,0.0,0.0,0.0,0.0,0.0,0.0,0.0,0.0,0.0,0.0,0.0,0.0,1.0,0.0,0.0,0.0,0.0,0.0,0.0,0.0,0.0,0.0,0.0,0.0,0.0,0.0,0.0,1.0,0.0,0.0,6.4125,0.2734742362540516,0.11985536854234377,0.0,0.0,0.0,0.0,0.0,0.0,0.0,0.0,0.0,0.0,0.0,0.0,0.0,0.0,0.0,,,,0.0,0.0,0.0,0.0,0.0,0.0
c032127a581c81deff904ceedf3c721876d4922b0494fee8497003f3aab3947b,60,current,Optimized Pattern Generator,dynamic_session,Dynamic Session Pattern Assignment,50,6,5,30,5.0,180,bayesian_windowed,A3) Two-Stage Bayesian Posterior + Hungarian,False,300,20,0.9874999999999998,0.0045723552736569055,0.0020039230529985924,0.9874999999999998,0.0045723552736569055,0.0020039230529985924,300.0,0.0,0.0,300.0,0.0,0.0,0.0,0.0,0.0,0.0,0.0,0.0,0.38621880425850497,0.01742202347921852,0.007635538445805481,411.11,6.822709756471593,2.990184390019417,52.387112795801656,1.5755884105779538,0.690532066960178,43.81478992957564,1.3281567895598396,0.5820903777818021,7.884038139772019,0.24026657252915298,0.10530146822362964,0.0,0.0,0.0,0.6850112120504491,0.023618768403668066,0.010351381652303494,52.3838392813981,1.5754971651367087,0.6904920768823629,43.81478992957564,1.3281567895598396,0.5820903777818021,0.6850112120504491,0.023618768403668066,0.010351381652303494,0.0,0.0,0.0,300.0,0.0,0.0,0.0,0.0,0.0,0.0,0.0,0.0,0.0,0.0,0.0,0.0,0.0,0.0,1.0,0.0,0.0,0.0,0.0,0.0,0.0,0.0,0.0,0.0,0.0,0.0,0.0,0.0,0.0,1.0,0.0,0.0,17.8125,0.38461475371068354,0.16856484795149987,0.0,0.0,0.0,0.0,0.0,0.0,0.0,0.0,0.0,0.0,0.0,0.0,0.0,0.0,0.0,,,,0.0,0.0,0.0,0.0,0.0,0.0
c032127a581c81deff904ceedf3c721876d4922b0494fee8497003f3aab3947b,60,current,Optimized Pattern Generator,dynamic_session,Dynamic Session Pattern Assignment,50,6,5,30,5.0,180,bayesian_windowed,A3) Two-Stage Bayesian Posterior + Hungarian,False,500,20,0.9806000000000001,0.007762256861180741,0.0034019590640811995,0.9806000000000001,0.007762256861180741,0.0034019590640811995,500.0,0.0,0.0,500.0,0.0,0.0,0.0,0.0,0.0,0.0,0.0,0.0,0.5931197566625509,0.03390792921423098,0.014860805201057212,411.2200000000001,3.1059535361014365,1.361244155369017,116.26325417074841,16.728318846273638,7.331508985553507,97.8394415632487,14.41281601804462,6.316695127254938,17.530760245022247,2.193436794674062,0.9613160603391284,0.0,0.0,0.0,0.8888605270243716,0.12587440690560303,0.05516689117180587,116.25906233529531,16.727166839606138,7.33100409637057,97.8394415632487,14.41281601804462,6.316695127254938,0.8888605270243716,0.12587440690560303,0.05516689117180587,0.0,0.0,0.0,500.0,0.0,0.0,0.0,0.0,0.0,0.0,0.0,0.0,0.0,0.0,0.0,0.0,0.0,0.0,1.0,0.0,0.0,0.0,0.0,0.0,0.0,0.0,0.0,0.0,0.0,0.0,0.0,0.0,0.0,1.0,0.0,0.0,28.980999999999995,0.6932782535476679,0.30384259124196433,0.0,0.0,0.0,0.0,0.0,0.0,0.0,0.0,0.0,0.0,0.0,0.0,0.0,0.0,0.0,,,,0.0,0.0,0.0,0.0,0.0,0.0
c032127a581c81deff904ceedf3c721876d4922b0494fee8497003f3aab3947b,60,current,Optimized Pattern Generator,dynamic_session,Dynamic Session Pattern Assignment,50,6,5,30,10.0,60,time_only_baseline,A0) Time Prior + Hungarian (Baseline),False,100,20,0.9219999999999999,0.02802254731273971,0.01228142285602205,0.9219999999999999,0.02802254731273971,0.01228142285602205,100.0,0.0,0.0,100.0,0.0,0.0,0.0,0.0,0.0,0.0,0.0,0.0,1.5660002521150003,0.0964856181663748,0.04228668660993612,412.4750000000001,10.700756244795334,4.689813201307478,3.6615348540450214,0.17896087327214616,0.07843306087805182,3.4552704815461768,0.1731101102039042,0.07586885090564832,0.005505370287573896,0.00017702219483175196,7.758339758932182e-05,0.0,0.0,0.0,0.19971498777740634,0.011804380598790798,0.005173497900430475,3.660490839611157,0.1789274418348316,0.07841840890463334,3.4552704815461768,0.1731101102039042,0.07586885090564832,0.19971498777740634,0.011804380598790798,0.005173497900430475,0.0,0.0,0.0,100.0,0.0,0.0,0.0,0.0,0.0,0.0,0.0,0.0,0.0,0.0,0.0,0.0,0.0,0.0,1.0,0.0,0.0,0.0,0.0,0.0,0.0,0.0,0.0,0.0,0.0,0.0,0.0,0.0,0.0,1.0,0.0,0.0,6.069999999999999,0.2814997429184579,0.12337270191961983,0.0,0.0,0.0,0.0,0.0,0.0,0.0,0.0,0.0,0.0,0.0,0.0,0.0,0.0,0.0,,,,0.0,0.0,0.0,0.0,0.0,0.0
c032127a581c81deff904ceedf3c721876d4922b0494fee8497003f3aab3947b,60,current,Optimized Pattern Generator,dynamic_session,Dynamic Session Pattern Assignment,50,6,5,30,10.0,60,time_only_baseline,A0) Time Prior + Hungarian (Baseline),False,300,20,0.7936666666666666,0.022081719570298107,0.009677740299777705,0.7936666666666666,0.022081719570298107,0.009677740299777705,300.0,0.0,0.0,300.0,0.0,0.0,0.0,0.0,0.0,0.0,0.0,0.0,1.34170026251,0.05286382306370304,0.02316859197650839,413.8950000000001,5.354238360500267,2.3465984245958618,30.09854504165414,0.8193651159389838,0.3591025951357865,29.578421463252745,0.8176918407816693,0.3583692499644105,0.02310285636631306,0.0004278873647924247,0.0001875299059402659,0.0,0.0,0.0,0.49505865343089683,0.004861092155628928,0.002130467570955945,30.096582973049955,0.8194877308516408,0.3591563334906188,29.578421463252745,0.8176918407816693,0.3583692499644105,0.49505865343089683,0.004861092155628928,0.002130467570955945,0.0,0.0,0.0,300.0,0.0,0.0,0.0,0.0,0.0,0.0,0.0,0.0,0.0,0.0,0.0,0.0,0.0,0.0,1.0,0.0,0.0,0.0,0.0,0.0,0.0,0.0,0.0,0.0,0.0,0.0,0.0,0.0,0.0,1.0,0.0,0.0,16.938833333333335,0.4260704098526988,0.1867335903278388,0.0,0.0,0.0,0.0,0.0,0.0,0.0,0.0,0.0,0.0,0.0,0.0,0.0,0.0,0.0,,,,0.0,0.0,0.0,0.0,0.0,0.0
c032127a581c81deff904ceedf3c721876d4922b0494fee8497003f3aab3947b,60,current,Optimized Pattern Generator,dynamic_session,Dynamic Session Pattern Assignment,50,6,5,30,10.0,60,time_only_baseline,A0) Time Prior + Hungarian (Baseline),False,500,20,0.7075000000000001,0.02343973234982811,0.01027291564208884,0.7075000000000001,0.02343973234982811,0.01027291564208884,500.0,0.0,0.0,500.0,0.0,0.0,0.0,0.0,0.0,0.0,0.0,0.0,1.2063902729520002,0.03460668975576394,0.015167050510946219,415.3300000000001,3.094154080469198,1.3560728159303461,74.03121417701186,6.516940360314928,2.8561750435913256,73.27003999965964,6.460599244912339,2.831482461053529,0.04183489918359555,0.004286542198193266,0.0018786599497419773,0.0,0.0,0.0,0.7159935552044772,0.054475881433556105,0.023875107707851426,74.0278684540477,6.516538795130051,2.8559990498893724,73.27003999965964,6.460599244912339,2.831482461053529,0.7159935552044772,0.054475881433556105,0.023875107707851426,0.0,0.0,0.0,500.0,0.0,0.0,0.0,0.0,0.0,0.0,0.0,0.0,0.0,0.0,0.0,0.0,0.0,0.0,1.0,0.0,0.0,0.0,0.0,0.0,0.0,0.0,0.0,0.0,0.0,0.0,0.0,0.0,0.0,1.0,0.0,0.0,27.674200000000003,0.6054610770226887,0.2653550166867817,0.0,0.0,0.0,0.0,0.0,0.0,0.0,0.0,0.0,0.0,0.0,0.0,0.0,0.0,0.0,,,,0.0,0.0,0.0,0.0,0.0,0.0
c032127a581c81deff904ceedf3c721876d4922b0494fee8497003f3aab3947b,60,current,Optimized Pattern Generator,dynamic_session,Dynamic Session Pattern Assignment,50,6,5,30,10.0,60,single_only,A1) Refined Cost + Greedy 1:1,True,100,20,0.9955,0.006863327411532602,0.003007985862228816,0.9955,0.006863327411532602,0.003007985862228816,100.0,0.0,0.0,100.0,0.0,0.0,0.0,0.0,0.0,0.0,0.0,0.0,0.9040906664525501,0.05025039665893843,0.022023207353840068,412.4750000000001,10.700756244795334,4.689813201307478,4.442111435293919,0.19732653696659497,0.08648216788269857,3.4678363121056464,0.16085672294192213,0.07049856715865362,0.772837785424781,0.03919000280085459,0.01717577601901913,0.0,0.0,0.0,0.20029666087357328,0.01092837688756137,0.00478957234644766,4.440970758404001,0.1974466116455613,0.08653479293102942,3.4678363121056464,0.16085672294192213,0.07049856715865362,0.20029666087357328,0.01092837688756137,0.00478957234644766,0.0,0.0,0.0,100.0,0.0,0.0,0.0,0.0,0.0,0.0,0.0,0.0,0.0,0.0,0.0,0.0,0.0,0.0,1.0,0.0,0.0,0.0,0.0,0.0,0.0,0.0,0.0,0.0,0.0,0.0,0.0,0.0,0.0,1.0,0.0,0.0,6.069999999999999,0.2814997429184579,0.12337270191961983,0.0,0.0,0.0,0.0,0.0,0.0,0.0,0.0,0.0,0.0,0.0,0.0,0.0,0.0,0.0,,,,0.0,0.0,0.0,0.0,0.0,0.0
c032127a581c81deff904ceedf3c721876d4922b0494fee8497003f3aab3947b,60,current,Optimized Pattern Generator,dynamic_session,Dynamic Session Pattern Assignment,50,6,5,30,10.0,60,single_only,A1) Refined Cost + Greedy 1:1,True,300,20,0.986,0.006890963656627355,0.00302009798067306,0.986,0.006890963656627355,0.00302009798067306,300.0,0.0,0.0,300.0,0.0,0.0,0.0,0.0,0.0,0.0,0.0,0.0,0.8707157241565712,0.03493526552305744,0.01531105519022599,413.8950000000001,5.354238360500267,2.3465984245958618,36.65286813539569,0.9417065589819329,0.4127210966252393,29.710284374377807,0.7825245785364461,0.34295651772768576,6.453279578202637,0.16612010655829057,0.07280534673599388,0.0,0.0,0.0,0.4871760807232931,0.01966246544108804,0.008617455428976595,36.650740033303734,0.9418066853822287,0.41276497895497044,29.710284374377807,0.7825245785364461,0.34295651772768576,0.4871760807232931,0.01966246544108804,0.008617455428976595,0.0,0.0,0.0,300.0,0.0,0.0,0.0,0.0,0.0,0.0,0.0,0.0,0.0,0.0,0.0,0.0,0.0,0.0,1.0,0.0,0.0,0.0,0.0,0.0,0.0,0.0,0.0,0.0,0.0,0.0,0.0,0.0,0.0,1.0,0.0,0.0,16.938833333333335,0.4260704098526988,0.1867335903278388,0.0,0.0,0.0,0.0,0.0,0.0,0.0,0.0,0.0,0.0,0.0,0.0,0.0,0.0,0.0,,,,0.0,0.0,0.0,0.0,0.0,0.0
c032127a581c81deff904ceedf3c721876d4922b0494fee8497003f3aab3947b,60,current,Optimized Pattern Generator,dynamic_session,Dynamic Session Pattern Assignment,50,6,5,30,10.0,60,single_only,A1) Refined Cost + Greedy 1:1,True,500,20,0.9675,0.009035019587547587,0.003959771923256509,0.9675,0.009035019587547587,0.003959771923256509,500.0,0.0,0.0,500.0,0.0,0.0,0.0,0.0,0.0,0.0,0.0,0.0,0.8761083038003769,0.02741159893497253,0.012013662923749644,415.3300000000001,3.094154080469198,1.3560728159303461,91.40440672695404,8.717428940684377,3.8205816852772725,74.65526179810112,7.414433920541865,3.249518939158329,16.027730200014776,1.2585755731127222,0.5515950651149575,0.0,0.0,0.0,0.7181551685847808,0.05931108939181382,0.025994231029133823,91.40114716670068,8.717206581376935,3.820484232014006,74.65526179810112,7.414433920541865,3.249518939158329,0.7181551685847808,0.05931108939181382,0.025994231029133823,0.0,0.0,0.0,500.0,0.0,0.0,0.0,0.0,0.0,0.0,0.0,0.0,0.0,0.0,0.0,0.0,0.0,0.0,1.0,0.0,0.0,0.0,0.0,0.0,0.0,0.0,0.0,0.0,0.0,0.0,0.0,0.0,0.0,1.0,0.0,0.0,27.674200000000003,0.6054610770226887,0.2653550166867817,0.0,0.0,0.0,0.0,0.0,0.0,0.0,0.0,0.0,0.0,0.0,0.0,0.0,0.0,0.0,,,,0.0,0.0,0.0,0.0,0.0,0.0
c032127a581c81deff904ceedf3c721876d4922b0494fee8497003f3aab3947b,60,current,Optimized Pattern Generator,dynamic_session,Dynamic Session Pattern Assignment,50,6,5,30,10.0,60,nomura_original_interval_hungarian,A2) Corr+DTW + Hungarian,False,100,20,0.999,0.0030779350562554647,0.001348964515158904,0.999,0.0030779350562554647,0.001348964515158904,100.0,0.0,0.0,100.0,0.0,0.0,0.0,0.0,0.0,0.0,0.0,0.0,0.058210018445559564,0.0031635011459224638,0.0013864655073994976,412.4750000000001,10.700756244795334,4.689813201307478,5.62794776870287,0.2526214020177221,0.1107162109866541,3.4713850211177486,0.1695267606218501,0.07429837870813509,1.9575068043050123,0.09103187461835385,0.03989647811411188,0.0,0.0,0.0,0.19796002037182917,0.009910284150071792,0.004343373531036253,5.62685184579459,0.25262754076672556,0.11071890141202755,3.4713850211177486,0.1695267606218501,0.07429837870813509,0.19796002037182917,0.009910284150071792,0.004343373531036253,0.0,0.0,0.0,100.0,0.0,0.0,0.0,0.0,0.0,0.0,0.0,0.0,0.0,0.0,0.0,0.0,0.0,0.0,1.0,0.0,0.0,0.0,0.0,0.0,0.0,0.0,0.0,0.0,0.0,0.0,0.0,0.0,0.0,1.0,0.0,0.0,6.069999999999999,0.2814997429184579,0.12337270191961983,0.0,0.0,0.0,0.0,0.0,0.0,0.0,0.0,0.0,0.0,0.0,0.0,0.0,0.0,0.0,,,,0.0,0.0,0.0,0.0,0.0,0.0
c032127a581c81deff904ceedf3c721876d4922b0494fee8497003f3aab3947b,60,current,Optimized Pattern Generator,dynamic_session,Dynamic Session Pattern Assignment,50,6,5,30,10.0,60,nomura_original_interval_hungarian,A2) Corr+DTW + Hungarian,False,300,20,0.9996666666666666,0.0010259783520851435,0.00044965483838629633,0.9996666666666666,0.0010259783520851435,0.00044965483838629633,300.0,0.0,0.0,300.0,0.0,0.0,0.0,0.0,0.0,0.0,0.0,0.0,0.057605828336169264,0.0023682960131991377,0.001037951491765582,413.8950000000001,5.354238360500267,2.3465984245958618,46.546328935449125,1.2014443501711758,0.5265562026804987,29.770590317298776,0.7907224184927166,0.3465493795002192,16.26912047319929,0.41711432883646277,0.18280841475883616,0.0,0.0,0.0,0.5045848740963266,0.005636768902974658,0.002470422894339617,46.544295664594394,1.201387287698844,0.5265311939493476,29.770590317298776,0.7907224184927166,0.3465493795002192,0.5045848740963266,0.005636768902974658,0.002470422894339617,0.0,0.0,0.0,300.0,0.0,0.0,0.0,0.0,0.0,0.0,0.0,0.0,0.0,0.0,0.0,0.0,0.0,0.0,1.0,0.0,0.0,0.0,0.0,0.0,0.0,0.0,0.0,0.0,0.0,0.0,0.0,0.0,0.0,1.0,0.0,0.0,16.938833333333335,0.4260704098526988,0.1867335903278388,0.0,0.0,0.0,0.0,0.0,0.0,0.0,0.0,0.0,0.0,0.0,0.0,0.0,0.0,0.0,,,,0.0,0.0,0.0,0.0,0.0,0.0
c032127a581c81deff904ceedf3c721876d4922b0494fee8497003f3aab3947b,60,current,Optimized Pattern Generator,dynamic_session,Dynamic Session Pattern Assignment,50,6,5,30,10.0,60,nomura_original_interval_hungarian,A2) Corr+DTW + Hungarian,False,500,20,0.9981,0.0017740824166460353,0.0007775259007362973,0.9981,0.0017740824166460353,0.0007775259007362973,500.0,0.0,0.0,500.0,0.0,0.0,0.0,0.0,0.0,0.0,0.0,0.0,0.05836420690573868,0.002060510775557835,0.0009030586638535536,415.3300000000001,3.094154080469198,1.3560728159303461,115.45848293959861,9.380566839639158,4.1112146836990515,74.18408417988103,6.528786670616264,2.861366917994129,40.540829572759684,2.7966173717734257,1.2256716038670674,0.0,0.0,0.0,0.7304073578183307,0.0686216038634575,0.03007474390889562,115.45532111045904,9.380613502389744,4.111235134551187,74.18408417988103,6.528786670616264,2.861366917994129,0.7304073578183307,0.0686216038634575,0.03007474390889562,0.0,0.0,0.0,500.0,0.0,0.0,0.0,0.0,0.0,0.0,0.0,0.0,0.0,0.0,0.0,0.0,0.0,0.0,1.0,0.0,0.0,0.0,0.0,0.0,0.0,0.0,0.0,0.0,0.0,0.0,0.0,0.0,0.0,1.0,0.0,0.0,27.674200000000003,0.6054610770226887,0.2653550166867817,0.0,0.0,0.0,0.0,0.0,0.0,0.0,0.0,0.0,0.0,0.0,0.0,0.0,0.0,0.0,,,,0.0,0.0,0.0,0.0,0.0,0.0
c032127a581c81deff904ceedf3c721876d4922b0494fee8497003f3aab3947b,60,current,Optimized Pattern Generator,dynamic_session,Dynamic Session Pattern Assignment,50,6,5,30,10.0,60,bayesian_windowed,A3) Two-Stage Bayesian Posterior + Hungarian,False,100,20,0.9954999999999998,0.006863327411532603,0.0030079858622288165,0.9954999999999998,0.006863327411532603,0.0030079858622288165,100.0,0.0,0.0,100.0,0.0,0.0,0.0,0.0,0.0,0.0,0.0,0.0,0.13557815124674724,0.01637819805577302,0.00717806178352602,412.4750000000001,10.700756244795334,4.689813201307478,4.357742045950727,0.19217016408758147,0.08422228782883572,3.4530740828951823,0.16407130283442253,0.07190741891376565,0.7068913749826606,0.028476462941633314,0.01248036015166416,0.0,0.0,0.0,0.1966054421616718,0.010384959949074447,0.00455140937238967,4.3565709000395145,0.1922502090801504,0.08425736909358565,3.4530740828951823,0.16407130283442253,0.07190741891376565,0.1966054421616718,0.010384959949074447,0.00455140937238967,0.0,0.0,0.0,100.0,0.0,0.0,0.0,0.0,0.0,0.0,0.0,0.0,0.0,0.0,0.0,0.0,0.0,0.0,1.0,0.0,0.0,0.0,0.0,0.0,0.0,0.0,0.0,0.0,0.0,0.0,0.0,0.0,0.0,1.0,0.0,0.0,6.069999999999999,0.2814997429184579,0.12337270191961983,0.0,0.0,0.0,0.0,0.0,0.0,0.0,0.0,0.0,0.0,0.0,0.0,0.0,0.0,0.0,,,,0.0,0.0,0.0,0.0,0.0,0.0
c032127a581c81deff904ceedf3c721876d4922b0494fee8497003f3aab3947b,60,current,Optimized Pattern Generator,dynamic_session,Dynamic Session Pattern Assignment,50,6,5,30,10.0,60,bayesian_windowed,A3) Two-Stage Bayesian Posterior + Hungarian,False,300,20,0.99,0.004836508334066744,0.00211969323610863,0.99,0.004836508334066744,0.00211969323610863,300.0,0.0,0.0,300.0,0.0,0.0,0.0,0.0,0.0,0.0,0.0,0.0,0.378054245685867,0.026893072006651732,0.01178640847761131,413.8950000000001,5.354238360500267,2.3465984245958618,35.88750995000301,0.9659194079211585,0.42333284555201955,29.693752190264057,0.8288254374132366,0.36324876382925086,5.691539775949787,0.13842703380249038,0.06066832247118181,0.0,0.0,0.0,0.5000494128878927,0.008380357596703835,0.0036728536553493622,35.88534137910174,0.9659241205672676,0.4233349109602421,29.693752190264057,0.8288254374132366,0.36324876382925086,0.5000494128878927,0.008380357596703835,0.0036728536553493622,0.0,0.0,0.0,300.0,0.0,0.0,0.0,0.0,0.0,0.0,0.0,0.0,0.0,0.0,0.0,0.0,0.0,0.0,1.0,0.0,0.0,0.0,0.0,0.0,0.0,0.0,0.0,0.0,0.0,0.0,0.0,0.0,0.0,1.0,0.0,0.0,16.938833333333335,0.4260704098526988,0.1867335903278388,0.0,0.0,0.0,0.0,0.0,0.0,0.0,0.0,0.0,0.0,0.0,0.0,0.0,0.0,0.0,,,,0.0,0.0,0.0,0.0,0.0,0.0
c032127a581c81deff904ceedf3c721876d4922b0494fee8497003f3aab3947b,60,current,Optimized Pattern Generator,dynamic_session,Dynamic Session Pattern Assignment,50,6,5,30,10.0,60,bayesian_windowed,A3) Two-Stage Bayesian Posterior + Hungarian,False,500,20,0.9782,0.00887100540198829,0.003887889537092278,0.9782,0.00887100540198829,0.003887889537092278,500.0,0.0,0.0,500.0,0.0,0.0,0.0,0.0,0.0,0.0,0.0,0.0,0.5797607416199597,0.030543202675556474,0.013386148776887154,415.3300000000001,3.094154080469198,1.3560728159303461,87.73904765824554,7.53557783138664,3.302612599021311,73.22245542154705,6.488679188422723,2.8437890389022695,13.798749848583247,0.9944147001368027,0.43582145799686817,0.0,0.0,0.0,0.7146312652621418,0.05873292624513442,0.025740839857913995,87.73583653539245,7.535410395461358,3.3025392169915926,73.22245542154705,6.488679188422723,2.8437890389022695,0.7146312652621418,0.05873292624513442,0.025740839857913995,0.0,0.0,0.0,500.0,0.0,0.0,0.0,0.0,0.0,0.0,0.0,0.0,0.0,0.0,0.0,0.0,0.0,0.0,1.0,0.0,0.0,0.0,0.0,0.0,0.0,0.0,0.0,0.0,0.0,0.0,0.0,0.0,0.0,1.0,0.0,0.0,27.674200000000003,0.6054610770226887,0.2653550166867817,0.0,0.0,0.0,0.0,0.0,0.0,0.0,0.0,0.0,0.0,0.0,0.0,0.0,0.0,0.0,,,,0.0,0.0,0.0,0.0,0.0,0.0
c032127a581c81deff904ceedf3c721876d4922b0494fee8497003f3aab3947b,60,current,Optimized Pattern Generator,dynamic_session,Dynamic Session Pattern Assignment,50,6,5,30,10.0,120,time_only_baseline,A0) Time Prior + Hungarian (Baseline),False,100,20,0.9164999999999999,0.03248886448907491,0.014238872663832692,0.9164999999999999,0.03248886448907491,0.014238872663832692,100.0,0.0,0.0,100.0,0.0,0.0,0.0,0.0,0.0,0.0,0.0,0.0,1.5514502516250002,0.13981885558437307,0.06127831526208532,413.6,9.468840867203388,4.149902482050187,3.24642256879888,0.161841960374705,0.07093036650189487,3.0689543306449196,0.1646925663759265,0.07217969966587169,0.004256802666350268,0.00011752980710017507,5.1509709059452054e-05,0.0,0.0,0.0,0.1722935832804069,0.012685020932255776,0.005559455543704207,3.2455047165916766,0.16183074461710947,0.07092545097939992,3.0689543306449196,0.1646925663759265,0.07217969966587169,0.1722935832804069,0.012685020932255776,0.005559455543704207,0.0,0.0,0.0,100.0,0.0,0.0,0.0,0.0,0.0,0.0,0.0,0.0,0.0,0.0,0.0,0.0,0.0,0.0,1.0,0.0,0.0,0.0,0.0,0.0,0.0,0.0,0.0,0.0,0.0,0.0,0.0,0.0,0.0,1.0,0.0,0.0,6.380000000000001,0.35161282534539107,0.15410111512967886,0.0,0.0,0.0,0.0,0.0,0.0,0.0,0.0,0.0,0.0,0.0,0.0,0.0,0.0,0.0,,,,0.0,0.0,0.0,0.0,0.0,0.0
c032127a581c81deff904ceedf3c721876d4922b0494fee8497003f3aab3947b,60,current,Optimized Pattern Generator,dynamic_session,Dynamic Session Pattern Assignment,50,6,5,30,10.0,120,time_only_baseline,A0) Time Prior + Hungarian (Baseline),False,300,20,0.7983333333333335,0.02486219328560454,0.010896336634244717,0.7983333333333335,0.02486219328560454,0.010896336634244717,300.0,0.0,0.0,300.0,0.0,0.0,0.0,0.0,0.0,0.0,0.0,0.0,1.363300256875,0.07085054854296682,0.03105162198590361,416.43500000000006,5.549800849912008,2.432307464549914,23.833908214545225,1.9837331891919974,0.8694094030101284,23.42324098414101,1.950501097361329,0.854844796602022,0.017343702286598272,0.0012445224097348384,0.0005454359947070331,0.0,0.0,0.0,0.3915788886253722,0.03471079773042162,0.01521267784257976,23.83216357505298,1.983644153371492,0.8693703813413002,23.42324098414101,1.950501097361329,0.854844796602022,0.3915788886253722,0.03471079773042162,0.01521267784257976,0.0,0.0,0.0,300.0,0.0,0.0,0.0,0.0,0.0,0.0,0.0,0.0,0.0,0.0,0.0,0.0,0.0,0.0,1.0,0.0,0.0,0.0,0.0,0.0,0.0,0.0,0.0,0.0,0.0,0.0,0.0,0.0,0.0,1.0,0.0,0.0,17.2615,0.3856815566732414,0.16903239496430383,0.0,0.0,0.0,0.0,0.0,0.0,0.0,0.0,0.0,0.0,0.0,0.0,0.0,0.0,0.0,,,,0.0,0.0,0.0,0.0,0.0,0.0
c032127a581c81deff904ceedf3c721876d4922b0494fee8497003f3aab3947b,60,current,Optimized Pattern Generator,dynamic_session,Dynamic Session Pattern Assignment,50,6,5,30,10.0,120,time_only_baseline,A0) Time Prior + Hungarian (Baseline),False,500,20,0.7121,0.024857276812360524,0.010894181894841613,0.7121,0.024857276812360524,0.010894181894841613,500.0,0.0,0.0,500.0,0.0,0.0,0.0,0.0,0.0,0.0,0.0,0.0,1.22053027333,0.05317206637677195,0.02330368556482823,416.035,5.791397885975733,2.5381920341269013,55.27655904164421,5.382338529423045,2.358913866622411,54.72381848239456,5.326152570784287,2.3342892845345493,0.03062744838243816,0.0034709436299116343,0.0015212081169002482,0.0,0.0,0.0,0.5195350317168049,0.05344006674552307,0.023421141905162642,55.27398096249381,5.382200981646538,2.3588535836514404,54.72381848239456,5.326152570784287,2.3342892845345493,0.5195350317168049,0.05344006674552307,0.023421141905162642,0.0,0.0,0.0,500.0,0.0,0.0,0.0,0.0,0.0,0.0,0.0,0.0,0.0,0.0,0.0,0.0,0.0,0.0,1.0,0.0,0.0,0.0,0.0,0.0,0.0,0.0,0.0,0.0,0.0,0.0,0.0,0.0,0.0,1.0,0.0,0.0,28.3418,0.37340927172544364,0.1636538289413293,0.0,0.0,0.0,0.0,0.0,0.0,0.0,0.0,0.0,0.0,0.0,0.0,0.0,0.0,0.0,,,,0.0,0.0,0.0,0.0,0.0,0.0
c032127a581c81deff904ceedf3c721876d4922b0494fee8497003f3aab3947b,60,current,Optimized Pattern Generator,dynamic_session,Dynamic Session Pattern Assignment,50,6,5,30,10.0,120,single_only,A1) Refined Cost + Greedy 1:1,True,100,20,0.9959999999999999,0.005026246899500351,0.002202849828840146,0.9959999999999999,0.005026246899500351,0.002202849828840146,100.0,0.0,0.0,100.0,0.0,0.0,0.0,0.0,0.0,0.0,0.0,0.0,0.9044995020366793,0.05456809715676563,0.023915523030486826,413.6,9.468840867203388,4.149902482050187,3.977644274997874,0.20714887412317237,0.09078699694438426,3.092452313081594,0.1661586721641365,0.0728222488579818,0.7146614627126837,0.04016173927897861,0.017601658307994233,0.0,0.0,0.0,0.1695989242492942,0.008854897854870793,0.003880830093312399,3.976712700043572,0.20715188539277776,0.09078831669147737,3.092452313081594,0.1661586721641365,0.0728222488579818,0.1695989242492942,0.008854897854870793,0.003880830093312399,0.0,0.0,0.0,100.0,0.0,0.0,0.0,0.0,0.0,0.0,0.0,0.0,0.0,0.0,0.0,0.0,0.0,0.0,1.0,0.0,0.0,0.0,0.0,0.0,0.0,0.0,0.0,0.0,0.0,0.0,0.0,0.0,0.0,1.0,0.0,0.0,6.380000000000001,0.35161282534539107,0.15410111512967886,0.0,0.0,0.0,0.0,0.0,0.0,0.0,0.0,0.0,0.0,0.0,0.0,0.0,0.0,0.0,,,,0.0,0.0,0.0,0.0,0.0,0.0
c032127a581c81deff904ceedf3c721876d4922b0494fee8497003f3aab3947b,60,current,Optimized Pattern Generator,dynamic_session,Dynamic Session Pattern Assignment,50,6,5,30,10.0,120,single_only,A1) Refined Cost + Greedy 1:1,True,300,20,0.9886666666666667,0.00555672502310992,0.0024353421172537827,0.9886666666666667,0.00555672502310992,0.0024353421172537827,300.0,0.0,0.0,300.0,0.0,0.0,0.0,0.0,0.0,0.0,0.0,0.0,0.8643005226670255,0.041471919092655685,0.018175869928715702,416.43500000000006,5.549800849912008,2.432307464549914,29.211515447904823,2.5131444917196686,1.10143413646981,23.574982622225072,2.0409556918234126,0.8944882705325234,5.253269598528277,0.443131621498834,0.1942109960156156,0.0,0.0,0.0,0.3814720876020147,0.03222892608462391,0.014124949635138898,29.209724308355362,2.5130433386437603,1.1013898041796524,23.574982622225072,2.0409556918234126,0.8944882705325234,0.3814720876020147,0.03222892608462391,0.014124949635138898,0.0,0.0,0.0,300.0,0.0,0.0,0.0,0.0,0.0,0.0,0.0,0.0,0.0,0.0,0.0,0.0,0.0,0.0,1.0,0.0,0.0,0.0,0.0,0.0,0.0,0.0,0.0,0.0,0.0,0.0,0.0,0.0,0.0,1.0,0.0,0.0,17.2615,0.3856815566732414,0.16903239496430383,0.0,0.0,0.0,0.0,0.0,0.0,0.0,0.0,0.0,0.0,0.0,0.0,0.0,0.0,0.0,,,,0.0,0.0,0.0,0.0,0.0,0.0
c032127a581c81deff904ceedf3c721876d4922b0494fee8497003f3aab3947b,60,current,Optimized Pattern Generator,dynamic_session,Dynamic Session Pattern Assignment,50,6,5,30,10.0,120,single_only,A1) Refined Cost + Greedy 1:1,True,500,20,0.9732000000000001,0.0074664160358938435,0.003272301105692416,0.9732000000000001,0.0074664160358938435,0.003272301105692416,500.0,0.0,0.0,500.0,0.0,0.0,0.0,0.0,0.0,0.0,0.0,0.0,0.8503138742445276,0.025355914699348687,0.011112719584288241,416.035,5.791397885975733,2.5381920341269013,67.39391719594423,6.517865050481542,2.856580306925178,54.97040059136343,5.332393057777449,2.3370242985479144,11.896237874872167,1.1398666010627274,0.49956856423054685,0.0,0.0,0.0,0.5247054920619121,0.04708389510174239,0.020635426858221208,67.39134395829751,6.517750432612718,2.8565300734293366,54.97040059136343,5.332393057777449,2.3370242985479144,0.5247054920619121,0.04708389510174239,0.020635426858221208,0.0,0.0,0.0,500.0,0.0,0.0,0.0,0.0,0.0,0.0,0.0,0.0,0.0,0.0,0.0,0.0,0.0,0.0,1.0,0.0,0.0,0.0,0.0,0.0,0.0,0.0,0.0,0.0,0.0,0.0,0.0,0.0,0.0,1.0,0.0,0.0,28.3418,0.37340927172544364,0.1636538289413293,0.0,0.0,0.0,0.0,0.0,0.0,0.0,0.0,0.0,0.0,0.0,0.0,0.0,0.0,0.0,,,,0.0,0.0,0.0,0.0,0.0,0.0
c032127a581c81deff904ceedf3c721876d4922b0494fee8497003f3aab3947b,60,current,Optimized Pattern Generator,dynamic_session,Dynamic Session Pattern Assignment,50,6,5,30,10.0,120,nomura_original_interval_hungarian,A2) Corr+DTW + Hungarian,False,100,20,1.0,0.0,0.0,1.0,0.0,0.0,100.0,0.0,0.0,100.0,0.0,0.0,0.0,0.0,0.0,0.0,0.0,0.0,0.05959750795025577,0.003399526284248695,0.0014899080851239613,413.6,9.468840867203388,4.149902482050187,5.1093469646468295,0.2728075239540108,0.11956316899357579,3.113812724890886,0.16829661446696434,0.07375924338491653,1.8212121492077131,0.1020169983066694,0.04471092084254197,0.0,0.0,0.0,0.17338024041091557,0.009999752289890954,0.004382584672157649,5.108405114509514,0.2728113166316486,0.11956483120783869,3.113812724890886,0.16829661446696434,0.07375924338491653,0.17338024041091557,0.009999752289890954,0.004382584672157649,0.0,0.0,0.0,100.0,0.0,0.0,0.0,0.0,0.0,0.0,0.0,0.0,0.0,0.0,0.0,0.0,0.0,0.0,1.0,0.0,0.0,0.0,0.0,0.0,0.0,0.0,0.0,0.0,0.0,0.0,0.0,0.0,0.0,1.0,0.0,0.0,6.380000000000001,0.35161282534539107,0.15410111512967886,0.0,0.0,0.0,0.0,0.0,0.0,0.0,0.0,0.0,0.0,0.0,0.0,0.0,0.0,0.0,,,,0.0,0.0,0.0,0.0,0.0,0.0
c032127a581c81deff904ceedf3c721876d4922b0494fee8497003f3aab3947b,60,current,Optimized Pattern Generator,dynamic_session,Dynamic Session Pattern Assignment,50,6,5,30,10.0,120,nomura_original_interval_hungarian,A2) Corr+DTW + Hungarian,False,300,20,0.9986666666666666,0.001994143472053725,0.0008739719106383179,0.9986666666666666,0.001994143472053725,0.0008739719106383179,300.0,0.0,0.0,300.0,0.0,0.0,0.0,0.0,0.0,0.0,0.0,0.0,0.05889855327175819,0.0030709113327581665,0.0013458862326126604,416.43500000000006,5.549800849912008,2.432307464549914,37.50357573339424,3.4794189649877953,1.5249225962712754,23.688188129139597,2.239464430353741,0.9814885610949063,13.419895340144285,1.212384372219953,0.5313508787438755,0.0,0.0,0.0,0.39372212026210035,0.03308426589388391,0.014499818834782845,37.50180558954598,3.479312172256947,1.5248757922933622,23.688188129139597,2.239464430353741,0.9814885610949063,0.39372212026210035,0.03308426589388391,0.014499818834782845,0.0,0.0,0.0,300.0,0.0,0.0,0.0,0.0,0.0,0.0,0.0,0.0,0.0,0.0,0.0,0.0,0.0,0.0,1.0,0.0,0.0,0.0,0.0,0.0,0.0,0.0,0.0,0.0,0.0,0.0,0.0,0.0,0.0,1.0,0.0,0.0,17.2615,0.3856815566732414,0.16903239496430383,0.0,0.0,0.0,0.0,0.0,0.0,0.0,0.0,0.0,0.0,0.0,0.0,0.0,0.0,0.0,,,,0.0,0.0,0.0,0.0,0.0,0.0
c032127a581c81deff904ceedf3c721876d4922b0494fee8497003f3aab3947b,60,current,Optimized Pattern Generator,dynamic_session,Dynamic Session Pattern Assignment,50,6,5,30,10.0,120,nomura_original_interval_hungarian,A2) Corr+DTW + Hungarian,False,500,20,0.9993000000000002,0.0009787209698591866,0.00042894337744349415,0.9993000000000002,0.0009787209698591866,0.00042894337744349415,500.0,0.0,0.0,500.0,0.0,0.0,0.0,0.0,0.0,0.0,0.0,0.0,0.0572058957819644,0.0029177178192657887,0.0012787462150759866,416.035,5.791397885975733,2.5381920341269013,85.61236833555449,8.03443025782316,3.5212443145268546,54.793268502881986,5.173537809661916,2.2674029164076046,30.290870109872778,2.8115843864950443,1.2322311872852723,0.0,0.0,0.0,0.525664856104413,0.05158182434214985,0.022606731263970083,85.60980346885917,8.034269008848643,3.5211736440478627,54.793268502881986,5.173537809661916,2.2674029164076046,0.525664856104413,0.05158182434214985,0.022606731263970083,0.0,0.0,0.0,500.0,0.0,0.0,0.0,0.0,0.0,0.0,0.0,0.0,0.0,0.0,0.0,0.0,0.0,0.0,1.0,0.0,0.0,0.0,0.0,0.0,0.0,0.0,0.0,0.0,0.0,0.0,0.0,0.0,0.0,1.0,0.0,0.0,28.3418,0.37340927172544364,0.1636538289413293,0.0,0.0,0.0,0.0,0.0,0.0,0.0,0.0,0.0,0.0,0.0,0.0,0.0,0.0,0.0,,,,0.0,0.0,0.0,0.0,0.0,0.0
c032127a581c81deff904ceedf3c721876d4922b0494fee8497003f3aab3947b,60,current,Optimized Pattern Generator,dynamic_session,Dynamic Session Pattern Assignment,50,6,5,30,10.0,120,bayesian_windowed,A3) Two-Stage Bayesian Posterior + Hungarian,False,100,20,0.9974999999999999,0.004442616583193197,0.001947062564885616,0.9974999999999999,0.004442616583193197,0.001947062564885616,100.0,0.0,0.0,100.0,0.0,0.0,0.0,0.0,0.0,0.0,0.0,0.0,0.14504067217829703,0.018556645227878508,0.00813280835212115,413.6,9.468840867203388,4.149902482050187,3.9447345646534813,0.21783627426256347,0.09547095657441043,3.116441304484033,0.18175154239568914,0.0796561255471904,0.6516612783685559,0.035289936301699104,0.015466496512478396,0.0,0.0,0.0,0.1756783670949517,0.005454692712185402,0.002390624485360574,3.9437809499475405,0.21784120604872217,0.09547311802499431,3.116441304484033,0.18175154239568914,0.0796561255471904,0.1756783670949517,0.005454692712185402,0.002390624485360574,0.0,0.0,0.0,100.0,0.0,0.0,0.0,0.0,0.0,0.0,0.0,0.0,0.0,0.0,0.0,0.0,0.0,0.0,1.0,0.0,0.0,0.0,0.0,0.0,0.0,0.0,0.0,0.0,0.0,0.0,0.0,0.0,0.0,1.0,0.0,0.0,6.380000000000001,0.35161282534539107,0.15410111512967886,0.0,0.0,0.0,0.0,0.0,0.0,0.0,0.0,0.0,0.0,0.0,0.0,0.0,0.0,0.0,,,,0.0,0.0,0.0,0.0,0.0,0.0
c032127a581c81deff904ceedf3c721876d4922b0494fee8497003f3aab3947b,60,current,Optimized Pattern Generator,dynamic_session,Dynamic Session Pattern Assignment,50,6,5,30,10.0,120,bayesian_windowed,A3) Two-Stage Bayesian Posterior + Hungarian,False,300,20,0.9906666666666666,0.004271488503447917,0.0018720623771284037,0.9906666666666666,0.004271488503447917,0.0018720623771284037,300.0,0.0,0.0,300.0,0.0,0.0,0.0,0.0,0.0,0.0,0.0,0.0,0.3598471610569109,0.02914902833150382,0.012775124930152724,416.43500000000006,5.549800849912008,2.432307464549914,28.59284444169025,2.5829653484714616,1.1320344761308896,23.574712717955116,2.1401905615816066,0.9379798697779846,4.625205676621408,0.4071135588341146,0.17842538405452826,0.0,0.0,0.0,0.3911348803754663,0.038965168332071407,0.017077237968465817,28.591053274951992,2.5828349737990868,1.1319773369114146,23.574712717955116,2.1401905615816066,0.9379798697779846,0.3911348803754663,0.038965168332071407,0.017077237968465817,0.0,0.0,0.0,300.0,0.0,0.0,0.0,0.0,0.0,0.0,0.0,0.0,0.0,0.0,0.0,0.0,0.0,0.0,1.0,0.0,0.0,0.0,0.0,0.0,0.0,0.0,0.0,0.0,0.0,0.0,0.0,0.0,0.0,1.0,0.0,0.0,17.2615,0.3856815566732414,0.16903239496430383,0.0,0.0,0.0,0.0,0.0,0.0,0.0,0.0,0.0,0.0,0.0,0.0,0.0,0.0,0.0,,,,0.0,0.0,0.0,0.0,0.0,0.0
c032127a581c81deff904ceedf3c721876d4922b0494fee8497003f3aab3947b,60,current,Optimized Pattern Generator,dynamic_session,Dynamic Session Pattern Assignment,50,6,5,30,10.0,120,bayesian_windowed,A3) Two-Stage Bayesian Posterior + Hungarian,False,500,20,0.9838000000000001,0.006925163877977343,0.0030350868885507458,0.9838000000000001,0.006925163877977343,0.0030350868885507458,500.0,0.0,0.0,500.0,0.0,0.0,0.0,0.0,0.0,0.0,0.0,0.0,0.582733693898576,0.03810095408032472,0.016698479372915992,416.035,5.791397885975733,2.5381920341269013,64.9399778248393,6.294451489117063,2.7586649965051437,54.166429756124856,5.248776274804878,2.300377627633757,10.254555005871225,0.9968527064379784,0.4368899613693925,0.0,0.0,0.0,0.5163724733545678,0.05002331381524325,0.021923683909534898,64.93735723535065,6.294332574433398,2.758612879847169,54.166429756124856,5.248776274804878,2.300377627633757,0.5163724733545678,0.05002331381524325,0.021923683909534898,0.0,0.0,0.0,500.0,0.0,0.0,0.0,0.0,0.0,0.0,0.0,0.0,0.0,0.0,0.0,0.0,0.0,0.0,1.0,0.0,0.0,0.0,0.0,0.0,0.0,0.0,0.0,0.0,0.0,0.0,0.0,0.0,0.0,1.0,0.0,0.0,28.3418,0.37340927172544364,0.1636538289413293,0.0,0.0,0.0,0.0,0.0,0.0,0.0,0.0,0.0,0.0,0.0,0.0,0.0,0.0,0.0,,,,0.0,0.0,0.0,0.0,0.0,0.0
c032127a581c81deff904ceedf3c721876d4922b0494fee8497003f3aab3947b,60,current,Optimized Pattern Generator,dynamic_session,Dynamic Session Pattern Assignment,50,6,5,30,10.0,180,time_only_baseline,A0) Time Prior + Hungarian (Baseline),False,100,20,0.933,0.02494203807145465,0.010931330154531429,0.933,0.02494203807145465,0.010931330154531429,100.0,0.0,0.0,100.0,0.0,0.0,0.0,0.0,0.0,0.0,0.0,0.0,1.55560024938,0.17183664121902498,0.0753107285150325,412.0200000000001,9.946678895622972,4.359324231551198,2.3250416563038017,0.1077131344205656,0.04720736256425559,2.2019343711697728,0.10736359715569858,0.04705417110361284,0.0028365997946821152,6.686168007348149e-05,2.9303423299892958e-05,0.0,0.0,0.0,0.11954321038501803,0.0069148608319505225,0.003030571379537655,2.324314181349473,0.10770240805633417,0.0472026615278593,2.2019343711697728,0.10736359715569858,0.04705417110361284,0.11954321038501803,0.0069148608319505225,0.003030571379537655,0.0,0.0,0.0,100.0,0.0,0.0,0.0,0.0,0.0,0.0,0.0,0.0,0.0,0.0,0.0,0.0,0.0,0.0,1.0,0.0,0.0,0.0,0.0,0.0,0.0,0.0,0.0,0.0,0.0,0.0,0.0,0.0,0.0,1.0,0.0,0.0,6.517999999999999,0.29400322232390946,0.12885259338116806,0.0,0.0,0.0,0.0,0.0,0.0,0.0,0.0,0.0,0.0,0.0,0.0,0.0,0.0,0.0,,,,0.0,0.0,0.0,0.0,0.0,0.0
c032127a581c81deff904ceedf3c721876d4922b0494fee8497003f3aab3947b,60,current,Optimized Pattern Generator,dynamic_session,Dynamic Session Pattern Assignment,50,6,5,30,10.0,180,time_only_baseline,A0) Time Prior + Hungarian (Baseline),False,300,20,0.7913333333333334,0.02328064226119132,0.010203191336552129,0.7913333333333334,0.02328064226119132,0.010203191336552129,300.0,0.0,0.0,300.0,0.0,0.0,0.0,0.0,0.0,0.0,0.0,0.0,1.3635669302216669,0.069167742941218,0.030314099913091756,417.01000000000005,5.914113360606575,2.5919744621873817,18.891012647998288,0.665849880280727,0.2918215766430892,18.580556205497125,0.6661153901194322,0.29193794146050506,0.012791020577424206,0.00029109623770575365,0.0001275785511988825,0.0,0.0,0.0,0.29620042188034856,0.003643177460308627,0.001596692921247646,18.889547647954895,0.6658414103471895,0.2918178645310469,18.580556205497125,0.6661153901194322,0.29193794146050506,0.29620042188034856,0.003643177460308627,0.001596692921247646,0.0,0.0,0.0,300.0,0.0,0.0,0.0,0.0,0.0,0.0,0.0,0.0,0.0,0.0,0.0,0.0,0.0,0.0,1.0,0.0,0.0,0.0,0.0,0.0,0.0,0.0,0.0,0.0,0.0,0.0,0.0,0.0,0.0,1.0,0.0,0.0,17.849166666666665,0.5658909809664585,0.24801265745382797,0.0,0.0,0.0,0.0,0.0,0.0,0.0,0.0,0.0,0.0,0.0,0.0,0.0,0.0,0.0,,,,0.0,0.0,0.0,0.0,0.0,0.0
c032127a581c81deff904ceedf3c721876d4922b0494fee8497003f3aab3947b,60,current,Optimized Pattern Generator,dynamic_session,Dynamic Session Pattern Assignment,50,6,5,30,10.0,180,time_only_baseline,A0) Time Prior + Hungarian (Baseline),False,500,20,0.7075,0.021685551823616034,0.009504112129411196,0.7075,0.021685551823616034,0.009504112129411196,500.0,0.0,0.0,500.0,0.0,0.0,0.0,0.0,0.0,0.0,0.0,0.0,1.1987202758700002,0.04821200418176831,0.02112984246165986,414.735,4.612714122829136,2.0216110985261753,52.545184335391966,1.0366232647444569,0.4543201770571678,52.034873423201496,1.0363876981383673,0.45421693544005665,0.02809408085886389,0.0004164160588912056,0.0001825023844622451,0.0,0.0,0.0,0.4797212229372235,0.007746494838196159,0.0033950510529293376,52.54268872699758,1.0365934960620018,0.4543071303568441,52.034873423201496,1.0363876981383673,0.45421693544005665,0.4797212229372235,0.007746494838196159,0.0033950510529293376,0.0,0.0,0.0,500.0,0.0,0.0,0.0,0.0,0.0,0.0,0.0,0.0,0.0,0.0,0.0,0.0,0.0,0.0,1.0,0.0,0.0,0.0,0.0,0.0,0.0,0.0,0.0,0.0,0.0,0.0,0.0,0.0,0.0,1.0,0.0,0.0,29.010200000000005,0.5406397380102479,0.23694581228360387,0.0,0.0,0.0,0.0,0.0,0.0,0.0,0.0,0.0,0.0,0.0,0.0,0.0,0.0,0.0,,,,0.0,0.0,0.0,0.0,0.0,0.0
c032127a581c81deff904ceedf3c721876d4922b0494fee8497003f3aab3947b,60,current,Optimized Pattern Generator,dynamic_session,Dynamic Session Pattern Assignment,50,6,5,30,10.0,180,single_only,A1) Refined Cost + Greedy 1:1,True,100,20,0.9969999999999999,0.005712405705774798,0.002503572184741342,0.9969999999999999,0.005712405705774798,0.002503572184741342,100.0,0.0,0.0,100.0,0.0,0.0,0.0,0.0,0.0,0.0,0.0,0.0,0.9099015339549095,0.041745145095089045,0.01829561650398936,412.0200000000001,9.946678895622972,4.359324231551198,2.835753656254383,0.13457461652143538,0.058979926155227576,2.2128497961733955,0.11137376309035583,0.048811703815278565,0.5062012278765906,0.02401561661213188,0.010525308048194815,0.0,0.0,0.0,0.11597541139926762,0.0078434140519779,0.0034375277711963317,2.8350264354492536,0.13457523070877414,0.058980195334697096,2.2128497961733955,0.11137376309035583,0.048811703815278565,0.11597541139926762,0.0078434140519779,0.0034375277711963317,0.0,0.0,0.0,100.0,0.0,0.0,0.0,0.0,0.0,0.0,0.0,0.0,0.0,0.0,0.0,0.0,0.0,0.0,1.0,0.0,0.0,0.0,0.0,0.0,0.0,0.0,0.0,0.0,0.0,0.0,0.0,0.0,0.0,1.0,0.0,0.0,6.517999999999999,0.29400322232390946,0.12885259338116806,0.0,0.0,0.0,0.0,0.0,0.0,0.0,0.0,0.0,0.0,0.0,0.0,0.0,0.0,0.0,,,,0.0,0.0,0.0,0.0,0.0,0.0
c032127a581c81deff904ceedf3c721876d4922b0494fee8497003f3aab3947b,60,current,Optimized Pattern Generator,dynamic_session,Dynamic Session Pattern Assignment,50,6,5,30,10.0,180,single_only,A1) Refined Cost + Greedy 1:1,True,300,20,0.9846666666666666,0.007286934554713536,0.0031936398783385988,0.9846666666666666,0.007286934554713536,0.0031936398783385988,300.0,0.0,0.0,300.0,0.0,0.0,0.0,0.0,0.0,0.0,0.0,0.0,0.8736069171667056,0.03104470590393725,0.013605942257567777,417.01000000000005,5.914113360606575,2.5919744621873817,23.095789475002675,0.7196778037393822,0.3154127042475661,18.66073520729551,0.5933723806361937,0.26005691189838814,4.142129971887334,0.1252827623405999,0.05490759150849628,0.0,0.0,0.0,0.29141378131171225,0.010169088664180467,0.00445679961037669,23.094278960494556,0.7196626056353178,0.31540604338477796,18.66073520729551,0.5933723806361937,0.26005691189838814,0.29141378131171225,0.010169088664180467,0.00445679961037669,0.0,0.0,0.0,300.0,0.0,0.0,0.0,0.0,0.0,0.0,0.0,0.0,0.0,0.0,0.0,0.0,0.0,0.0,1.0,0.0,0.0,0.0,0.0,0.0,0.0,0.0,0.0,0.0,0.0,0.0,0.0,0.0,0.0,1.0,0.0,0.0,17.849166666666665,0.5658909809664585,0.24801265745382797,0.0,0.0,0.0,0.0,0.0,0.0,0.0,0.0,0.0,0.0,0.0,0.0,0.0,0.0,0.0,,,,0.0,0.0,0.0,0.0,0.0,0.0
c032127a581c81deff904ceedf3c721876d4922b0494fee8497003f3aab3947b,60,current,Optimized Pattern Generator,dynamic_session,Dynamic Session Pattern Assignment,50,6,5,30,10.0,180,single_only,A1) Refined Cost + Greedy 1:1,True,500,20,0.9692999999999998,0.010141628645289056,0.004444764726471384,0.9692999999999998,0.010141628645289056,0.004444764726471384,500.0,0.0,0.0,500.0,0.0,0.0,0.0,0.0,0.0,0.0,0.0,0.0,0.8566422038418204,0.021515587320502925,0.009429621901597511,414.735,4.612714122829136,2.0216110985261753,64.24001969154924,1.3891926240701706,0.6088405116873936,52.44864560826973,1.1456253148052102,0.5020924318072131,11.308399855013704,0.24257378200443627,0.1063126473597424,0.0,0.0,0.0,0.48048329091980124,0.009232691614676465,0.0040464055088789384,64.23752875420323,1.3891864247837944,0.6088377947303467,52.44864560826973,1.1456253148052102,0.5020924318072131,0.48048329091980124,0.009232691614676465,0.0040464055088789384,0.0,0.0,0.0,500.0,0.0,0.0,0.0,0.0,0.0,0.0,0.0,0.0,0.0,0.0,0.0,0.0,0.0,0.0,1.0,0.0,0.0,0.0,0.0,0.0,0.0,0.0,0.0,0.0,0.0,0.0,0.0,0.0,0.0,1.0,0.0,0.0,29.010200000000005,0.5406397380102479,0.23694581228360387,0.0,0.0,0.0,0.0,0.0,0.0,0.0,0.0,0.0,0.0,0.0,0.0,0.0,0.0,0.0,,,,0.0,0.0,0.0,0.0,0.0,0.0
c032127a581c81deff904ceedf3c721876d4922b0494fee8497003f3aab3947b,60,current,Optimized Pattern Generator,dynamic_session,Dynamic Session Pattern Assignment,50,6,5,30,10.0,180,nomura_original_interval_hungarian,A2) Corr+DTW + Hungarian,False,100,20,0.9995,0.002236067977499791,0.0009800000000000006,0.9995,0.002236067977499791,0.0009800000000000006,100.0,0.0,0.0,100.0,0.0,0.0,0.0,0.0,0.0,0.0,0.0,0.0,0.05995109949239957,0.0038533908751854007,0.0016888230123952247,412.0200000000001,9.946678895622972,4.359324231551198,3.642447654198622,0.16835795709880394,0.0737861279786801,2.2310156025574543,0.10892562372484603,0.04773875943150263,1.2923402260465082,0.06129301058401328,0.02686284628944768,0.0,0.0,0.0,0.1183509630995104,0.007462030269925527,0.003270378959008058,3.6417067917034727,0.1683503440404525,0.07378279140874595,2.2310156025574543,0.10892562372484603,0.04773875943150263,0.1183509630995104,0.007462030269925527,0.003270378959008058,0.0,0.0,0.0,100.0,0.0,0.0,0.0,0.0,0.0,0.0,0.0,0.0,0.0,0.0,0.0,0.0,0.0,0.0,1.0,0.0,0.0,0.0,0.0,0.0,0.0,0.0,0.0,0.0,0.0,0.0,0.0,0.0,0.0,1.0,0.0,0.0,6.517999999999999,0.29400322232390946,0.12885259338116806,0.0,0.0,0.0,0.0,0.0,0.0,0.0,0.0,0.0,0.0,0.0,0.0,0.0,0.0,0.0,,,,0.0,0.0,0.0,0.0,0.0,0.0
c032127a581c81deff904ceedf3c721876d4922b0494fee8497003f3aab3947b,60,current,Optimized Pattern Generator,dynamic_session,Dynamic Session Pattern Assignment,50,6,5,30,10.0,180,nomura_original_interval_hungarian,A2) Corr+DTW + Hungarian,False,300,20,0.9991666666666665,0.0014808721943977159,0.0006490208549618648,0.9991666666666665,0.0014808721943977159,0.0006490208549618648,300.0,0.0,0.0,300.0,0.0,0.0,0.0,0.0,0.0,0.0,0.0,0.0,0.05681119034408587,0.0017384710831986954,0.0007619185457141952,417.01000000000005,5.914113360606575,2.5919744621873817,29.598651470796902,0.9500399924176753,0.4163733848603041,18.7064776287938,0.6127254593916018,0.2685387726339041,10.589872127134004,0.3403928802008957,0.14918375736048442,0.0,0.0,0.0,0.3007973066851264,0.010419757507091608,0.004566660074604434,29.59714706261293,0.9500270814139561,0.4163677263634372,18.7064776287938,0.6127254593916018,0.2685387726339041,0.3007973066851264,0.010419757507091608,0.004566660074604434,0.0,0.0,0.0,300.0,0.0,0.0,0.0,0.0,0.0,0.0,0.0,0.0,0.0,0.0,0.0,0.0,0.0,0.0,1.0,0.0,0.0,0.0,0.0,0.0,0.0,0.0,0.0,0.0,0.0,0.0,0.0,0.0,0.0,1.0,0.0,0.0,17.849166666666665,0.5658909809664585,0.24801265745382797,0.0,0.0,0.0,0.0,0.0,0.0,0.0,0.0,0.0,0.0,0.0,0.0,0.0,0.0,0.0,,,,0.0,0.0,0.0,0.0,0.0,0.0
c032127a581c81deff904ceedf3c721876d4922b0494fee8497003f3aab3947b,60,current,Optimized Pattern Generator,dynamic_session,Dynamic Session Pattern Assignment,50,6,5,30,10.0,180,nomura_original_interval_hungarian,A2) Corr+DTW + Hungarian,False,500,20,0.9974999999999999,0.002236067977499792,0.000980000000000001,0.9974999999999999,0.002236067977499792,0.000980000000000001,500.0,0.0,0.0,500.0,0.0,0.0,0.0,0.0,0.0,0.0,0.0,0.0,0.058011757189434035,0.002460965043862949,0.0010785654851523478,414.735,4.612714122829136,2.0216110985261753,81.7035425541515,1.6542813055929302,0.7250207488297273,52.363395655882776,1.1006145844055788,0.4823656094406766,28.853812369768274,0.5569935908467112,0.24411320430433037,0.0,0.0,0.0,0.48386637030343993,0.009160039067986783,0.0040145641263841635,81.70107439595449,1.6542657761833806,0.7250139427659082,52.363395655882776,1.1006145844055788,0.4823656094406766,0.48386637030343993,0.009160039067986783,0.0040145641263841635,0.0,0.0,0.0,500.0,0.0,0.0,0.0,0.0,0.0,0.0,0.0,0.0,0.0,0.0,0.0,0.0,0.0,0.0,1.0,0.0,0.0,0.0,0.0,0.0,0.0,0.0,0.0,0.0,0.0,0.0,0.0,0.0,0.0,1.0,0.0,0.0,29.010200000000005,0.5406397380102479,0.23694581228360387,0.0,0.0,0.0,0.0,0.0,0.0,0.0,0.0,0.0,0.0,0.0,0.0,0.0,0.0,0.0,,,,0.0,0.0,0.0,0.0,0.0,0.0
c032127a581c81deff904ceedf3c721876d4922b0494fee8497003f3aab3947b,60,current,Optimized Pattern Generator,dynamic_session,Dynamic Session Pattern Assignment,50,6,5,30,10.0,180,bayesian_windowed,A3) Two-Stage Bayesian Posterior + Hungarian,False,100,20,0.9974999999999999,0.004442616583193197,0.001947062564885616,0.9974999999999999,0.004442616583193197,0.001947062564885616,100.0,0.0,0.0,100.0,0.0,0.0,0.0,0.0,0.0,0.0,0.0,0.0,0.14809128876637992,0.016496743646835784,0.007230016679535668,412.0200000000001,9.946678895622972,4.359324231551198,2.785349256140762,0.12771866479698102,0.05597517283038554,2.2061463652033124,0.1067664357408284,0.04679245357424366,0.4578436528216116,0.019487176657195366,0.008540631732227046,0.0,0.0,0.0,0.1206257174257189,0.007214765978402129,0.0031620106052141477,2.784615735450643,0.12771094454725337,0.05597178928175947,2.2061463652033124,0.1067664357408284,0.04679245357424366,0.1206257174257189,0.007214765978402129,0.0031620106052141477,0.0,0.0,0.0,100.0,0.0,0.0,0.0,0.0,0.0,0.0,0.0,0.0,0.0,0.0,0.0,0.0,0.0,0.0,1.0,0.0,0.0,0.0,0.0,0.0,0.0,0.0,0.0,0.0,0.0,0.0,0.0,0.0,0.0,1.0,0.0,0.0,6.517999999999999,0.29400322232390946,0.12885259338116806,0.0,0.0,0.0,0.0,0.0,0.0,0.0,0.0,0.0,0.0,0.0,0.0,0.0,0.0,0.0,,,,0.0,0.0,0.0,0.0,0.0,0.0
c032127a581c81deff904ceedf3c721876d4922b0494fee8497003f3aab3947b,60,current,Optimized Pattern Generator,dynamic_session,Dynamic Session Pattern Assignment,50,6,5,30,10.0,180,bayesian_windowed,A3) Two-Stage Bayesian Posterior + Hungarian,False,300,20,0.9896666666666668,0.00620318725847789,0.0027186666838749556,0.9896666666666668,0.00620318725847789,0.0027186666838749556,300.0,0.0,0.0,300.0,0.0,0.0,0.0,0.0,0.0,0.0,0.0,0.0,0.3908232651078958,0.03567762037764993,0.015636406550211965,417.01000000000005,5.914113360606575,2.5919744621873817,22.54137224369624,0.7408260165697405,0.32468131717986376,18.615106300965998,0.6253833722702893,0.27408634754930705,3.6264853398664854,0.11277426119411561,0.049425499171902386,0.0,0.0,0.0,0.2982817967043957,0.005748618910943379,0.0025194433216756003,22.53987343753688,0.7408174815880598,0.3246775765592157,18.615106300965998,0.6253833722702893,0.27408634754930705,0.2982817967043957,0.005748618910943379,0.0025194433216756003,0.0,0.0,0.0,300.0,0.0,0.0,0.0,0.0,0.0,0.0,0.0,0.0,0.0,0.0,0.0,0.0,0.0,0.0,1.0,0.0,0.0,0.0,0.0,0.0,0.0,0.0,0.0,0.0,0.0,0.0,0.0,0.0,0.0,1.0,0.0,0.0,17.849166666666665,0.5658909809664585,0.24801265745382797,0.0,0.0,0.0,0.0,0.0,0.0,0.0,0.0,0.0,0.0,0.0,0.0,0.0,0.0,0.0,,,,0.0,0.0,0.0,0.0,0.0,0.0
c032127a581c81deff904ceedf3c721876d4922b0494fee8497003f3aab3947b,60,current,Optimized Pattern Generator,dynamic_session,Dynamic Session Pattern Assignment,50,6,5,30,10.0,180,bayesian_windowed,A3) Two-Stage Bayesian Posterior + Hungarian,False,500,20,0.9794,0.007949842765740723,0.0034841722115877137,0.9794,0.007949842765740723,0.0034841722115877137,500.0,0.0,0.0,500.0,0.0,0.0,0.0,0.0,0.0,0.0,0.0,0.0,0.5854951439382925,0.038298158252029466,0.016784907911858153,414.735,4.612714122829136,2.0216110985261753,62.215558316648824,1.2987495950095014,0.569202106517547,51.93758635730192,1.1007975640589491,0.4824458038095899,9.796603183078696,0.19898615207428905,0.08720952627336732,0.0,0.0,0.0,0.478857411807985,0.008032521361981917,0.0035204077040377093,62.2130469521886,1.298713203266695,0.569186157133043,51.93758635730192,1.1007975640589491,0.4824458038095899,0.478857411807985,0.008032521361981917,0.0035204077040377093,0.0,0.0,0.0,500.0,0.0,0.0,0.0,0.0,0.0,0.0,0.0,0.0,0.0,0.0,0.0,0.0,0.0,0.0,1.0,0.0,0.0,0.0,0.0,0.0,0.0,0.0,0.0,0.0,0.0,0.0,0.0,0.0,0.0,1.0,0.0,0.0,29.010200000000005,0.5406397380102479,0.23694581228360387,0.0,0.0,0.0,0.0,0.0,0.0,0.0,0.0,0.0,0.0,0.0,0.0,0.0,0.0,0.0,,,,0.0,0.0,0.0,0.0,0.0,0.0
c032127a581c81deff904ceedf3c721876d4922b0494fee8497003f3aab3947b,60,current,Optimized Pattern Generator,dynamic_session,Dynamic Session Pattern Assignment,50,6,5,30,15.0,60,time_only_baseline,A0) Time Prior + Hungarian (Baseline),False,100,20,0.9205,0.021392325234704336,0.009375599910630274,0.9205,0.021392325234704336,0.009375599910630274,100.0,0.0,0.0,100.0,0.0,0.0,0.0,0.0,0.0,0.0,0.0,0.0,1.513350251375,0.16089233744469855,0.07051417590269543,414.98000000000013,12.37619106442518,5.424104886425716,2.235047981404932,0.16661421407142146,0.07302189890155447,2.1105185724882176,0.1681329387467001,0.07368750933770822,0.0028209614218212666,8.641357771909115e-05,3.787242025593441e-05,0.0,0.0,0.0,0.12098069314379245,0.007622047348644833,0.0033405095358612093,2.234320227053831,0.16661312909786352,0.07302142339092713,2.1105185724882176,0.1681329387467001,0.07368750933770822,0.12098069314379245,0.007622047348644833,0.0033405095358612093,0.0,0.0,0.0,100.0,0.0,0.0,0.0,0.0,0.0,0.0,0.0,0.0,0.0,0.0,0.0,0.0,0.0,0.0,1.0,0.0,0.0,0.0,0.0,0.0,0.0,0.0,0.0,0.0,0.0,0.0,0.0,0.0,0.0,1.0,0.0,0.0,6.278,0.4964357169388918,0.21757254586870434,0.0,0.0,0.0,0.0,0.0,0.0,0.0,0.0,0.0,0.0,0.0,0.0,0.0,0.0,0.0,,,,0.0,0.0,0.0,0.0,0.0,0.0
c032127a581c81deff904ceedf3c721876d4922b0494fee8497003f3aab3947b,60,current,Optimized Pattern Generator,dynamic_session,Dynamic Session Pattern Assignment,50,6,5,30,15.0,60,time_only_baseline,A0) Time Prior + Hungarian (Baseline),False,300,20,0.7828333333333334,0.02625281939746261,0.011505805399655287,0.7828333333333334,0.02625281939746261,0.011505805399655287,300.0,0.0,0.0,300.0,0.0,0.0,0.0,0.0,0.0,0.0,0.0,0.0,1.34123359596,0.08632978724923468,0.03783569746338713,421.2750000000001,5.820279881134292,2.550850126608972,17.90403557715181,0.5725534094309339,0.2509325954704201,17.589013529088696,0.5728493341626861,0.2510622902024387,0.012469447319745086,0.00022278852759505916,9.764137729268944e-05,0.0,0.0,0.0,0.30109821119112895,0.0054291648535393176,0.0023794364080190543,17.902581187599573,0.5725408223378063,0.25092707893362914,17.589013529088696,0.5728493341626861,0.2510622902024387,0.30109821119112895,0.0054291648535393176,0.0023794364080190543,0.0,0.0,0.0,300.0,0.0,0.0,0.0,0.0,0.0,0.0,0.0,0.0,0.0,0.0,0.0,0.0,0.0,0.0,1.0,0.0,0.0,0.0,0.0,0.0,0.0,0.0,0.0,0.0,0.0,0.0,0.0,0.0,0.0,1.0,0.0,0.0,16.998166666666663,0.545954258735637,0.23927500368712495,0.0,0.0,0.0,0.0,0.0,0.0,0.0,0.0,0.0,0.0,0.0,0.0,0.0,0.0,0.0,,,,0.0,0.0,0.0,0.0,0.0,0.0
c032127a581c81deff904ceedf3c721876d4922b0494fee8497003f3aab3947b,60,current,Optimized Pattern Generator,dynamic_session,Dynamic Session Pattern Assignment,50,6,5,30,15.0,60,time_only_baseline,A0) Time Prior + Hungarian (Baseline),False,500,20,0.7074,0.012667405333956008,0.005551735167352735,0.7074,0.012667405333956008,0.005551735167352735,500.0,0.0,0.0,500.0,0.0,0.0,0.0,0.0,0.0,0.0,0.0,0.0,1.2122002736510002,0.05315494565191268,0.02329618207632479,421.21000000000004,4.106977374894429,1.7999621960942458,50.9167134625488,1.8500285518854802,0.8108107620569603,50.39185150888225,1.830683731895956,0.802332520885182,0.029180387017549946,0.0027781770223756744,0.0012175897644097526,0.0,0.0,0.0,0.4931839145399863,0.019885255062155674,0.00871509728550477,50.914215810439785,1.8499600548726858,0.8107807419174949,50.39185150888225,1.830683731895956,0.802332520885182,0.4931839145399863,0.019885255062155674,0.00871509728550477,0.0,0.0,0.0,500.0,0.0,0.0,0.0,0.0,0.0,0.0,0.0,0.0,0.0,0.0,0.0,0.0,0.0,0.0,1.0,0.0,0.0,0.0,0.0,0.0,0.0,0.0,0.0,0.0,0.0,0.0,0.0,0.0,0.0,1.0,0.0,0.0,27.697000000000003,0.5606704633035813,0.24572466470892937,0.0,0.0,0.0,0.0,0.0,0.0,0.0,0.0,0.0,0.0,0.0,0.0,0.0,0.0,0.0,,,,0.0,0.0,0.0,0.0,0.0,0.0
c032127a581c81deff904ceedf3c721876d4922b0494fee8497003f3aab3947b,60,current,Optimized Pattern Generator,dynamic_session,Dynamic Session Pattern Assignment,50,6,5,30,15.0,60,single_only,A1) Refined Cost + Greedy 1:1,True,100,20,0.9960000000000001,0.005982430416161192,0.0026219157319149608,0.9960000000000001,0.005982430416161192,0.0026219157319149608,100.0,0.0,0.0,100.0,0.0,0.0,0.0,0.0,0.0,0.0,0.0,0.0,0.9108835591133584,0.06509737214797327,0.028530181258776065,414.98000000000013,12.37619106442518,5.424104886425716,2.7277828876452985,0.20694151842092706,0.09069611930101869,2.1152498010051204,0.16859039930470918,0.07388800026703594,0.49129064683220347,0.03856081451559108,0.016900022094825967,0.0,0.0,0.0,0.12050976886239369,0.006248728152506054,0.0027386258606963607,2.7270502166997175,0.20694119154156354,0.09069597603982114,2.1152498010051204,0.16859039930470918,0.07388800026703594,0.12050976886239369,0.006248728152506054,0.0027386258606963607,0.0,0.0,0.0,100.0,0.0,0.0,0.0,0.0,0.0,0.0,0.0,0.0,0.0,0.0,0.0,0.0,0.0,0.0,1.0,0.0,0.0,0.0,0.0,0.0,0.0,0.0,0.0,0.0,0.0,0.0,0.0,0.0,0.0,1.0,0.0,0.0,6.278,0.4964357169388918,0.21757254586870434,0.0,0.0,0.0,0.0,0.0,0.0,0.0,0.0,0.0,0.0,0.0,0.0,0.0,0.0,0.0,,,,0.0,0.0,0.0,0.0,0.0,0.0
c032127a581c81deff904ceedf3c721876d4922b0494fee8497003f3aab3947b,60,current,Optimized Pattern Generator,dynamic_session,Dynamic Session Pattern Assignment,50,6,5,30,15.0,60,single_only,A1) Refined Cost + Greedy 1:1,True,300,20,0.9851666666666666,0.00696482389797649,0.003052468658689336,0.9851666666666666,0.00696482389797649,0.003052468658689336,300.0,0.0,0.0,300.0,0.0,0.0,0.0,0.0,0.0,0.0,0.0,0.0,0.8874186433870097,0.028220229314357116,0.01236806081315682,421.2750000000001,5.820279881134292,2.550850126608972,21.93472254795197,0.7303644363011637,0.32009632747187255,17.671180094010197,0.6047306252561527,0.26503488208514686,3.9740693400992315,0.12825503672705799,0.056210248193373016,0.0,0.0,0.0,0.28797523683751935,0.010255345426861896,0.00449460330341214,21.93322467094695,0.7303561495627028,0.3200926956486125,17.671180094010197,0.6047306252561527,0.26503488208514686,0.28797523683751935,0.010255345426861896,0.00449460330341214,0.0,0.0,0.0,300.0,0.0,0.0,0.0,0.0,0.0,0.0,0.0,0.0,0.0,0.0,0.0,0.0,0.0,0.0,1.0,0.0,0.0,0.0,0.0,0.0,0.0,0.0,0.0,0.0,0.0,0.0,0.0,0.0,0.0,1.0,0.0,0.0,16.998166666666663,0.545954258735637,0.23927500368712495,0.0,0.0,0.0,0.0,0.0,0.0,0.0,0.0,0.0,0.0,0.0,0.0,0.0,0.0,0.0,,,,0.0,0.0,0.0,0.0,0.0,0.0
c032127a581c81deff904ceedf3c721876d4922b0494fee8497003f3aab3947b,60,current,Optimized Pattern Generator,dynamic_session,Dynamic Session Pattern Assignment,50,6,5,30,15.0,60,single_only,A1) Refined Cost + Greedy 1:1,True,500,20,0.9700999999999999,0.009346544534577592,0.004096303751072747,0.9700999999999999,0.009346544534577592,0.004096303751072747,500.0,0.0,0.0,500.0,0.0,0.0,0.0,0.0,0.0,0.0,0.0,0.0,0.8681640375105456,0.028319400917094614,0.012411524684407914,421.21000000000004,4.106977374894429,1.7999621960942458,62.33038958129764,2.309980895853723,1.0123937647315382,50.8127504893695,1.9434320462632304,0.8517466483588355,11.021992415454587,0.3498706257535643,0.15333756249301023,0.0,0.0,0.0,0.4931415138707962,0.02382386319345089,0.010441268407093435,62.327884418694886,2.3099130557220926,1.0123640324829362,50.8127504893695,1.9434320462632304,0.8517466483588355,0.4931415138707962,0.02382386319345089,0.010441268407093435,0.0,0.0,0.0,500.0,0.0,0.0,0.0,0.0,0.0,0.0,0.0,0.0,0.0,0.0,0.0,0.0,0.0,0.0,1.0,0.0,0.0,0.0,0.0,0.0,0.0,0.0,0.0,0.0,0.0,0.0,0.0,0.0,0.0,1.0,0.0,0.0,27.697000000000003,0.5606704633035813,0.24572466470892937,0.0,0.0,0.0,0.0,0.0,0.0,0.0,0.0,0.0,0.0,0.0,0.0,0.0,0.0,0.0,,,,0.0,0.0,0.0,0.0,0.0,0.0
c032127a581c81deff904ceedf3c721876d4922b0494fee8497003f3aab3947b,60,current,Optimized Pattern Generator,dynamic_session,Dynamic Session Pattern Assignment,50,6,5,30,15.0,60,nomura_original_interval_hungarian,A2) Corr+DTW + Hungarian,False,100,20,1.0,0.0,0.0,1.0,0.0,0.0,100.0,0.0,0.0,100.0,0.0,0.0,0.0,0.0,0.0,0.0,0.0,0.0,0.05916906475754859,0.0034198774401970936,0.0014988273724757398,414.98000000000013,12.37619106442518,5.424104886425716,3.506857912306441,0.26921588185157486,0.11798906243876396,2.129624025640078,0.1728238244590164,0.07574338064588289,1.2564444494753844,0.09793707305975068,0.042922814764277305,0.0,0.0,0.0,0.12004301433626097,0.00791880900042635,0.003470571064254934,3.5061114894517234,0.269225647033846,0.11799334221859266,2.129624025640078,0.1728238244590164,0.07574338064588289,0.12004301433626097,0.00791880900042635,0.003470571064254934,0.0,0.0,0.0,100.0,0.0,0.0,0.0,0.0,0.0,0.0,0.0,0.0,0.0,0.0,0.0,0.0,0.0,0.0,1.0,0.0,0.0,0.0,0.0,0.0,0.0,0.0,0.0,0.0,0.0,0.0,0.0,0.0,0.0,1.0,0.0,0.0,6.278,0.4964357169388918,0.21757254586870434,0.0,0.0,0.0,0.0,0.0,0.0,0.0,0.0,0.0,0.0,0.0,0.0,0.0,0.0,0.0,,,,0.0,0.0,0.0,0.0,0.0,0.0
c032127a581c81deff904ceedf3c721876d4922b0494fee8497003f3aab3947b,60,current,Optimized Pattern Generator,dynamic_session,Dynamic Session Pattern Assignment,50,6,5,30,15.0,60,nomura_original_interval_hungarian,A2) Corr+DTW + Hungarian,False,300,20,0.9996666666666666,0.0010259783520851435,0.00044965483838629633,0.9996666666666666,0.0010259783520851435,0.00044965483838629633,300.0,0.0,0.0,300.0,0.0,0.0,0.0,0.0,0.0,0.0,0.0,0.0,0.05888459572026443,0.002531372268223157,0.0011094228117485426,421.2750000000001,5.820279881134292,2.550850126608972,28.127350587502587,0.9194736337217382,0.40297708751002764,17.686594406006044,0.5903973057449714,0.25875302783818266,10.137526766164228,0.3299243985199491,0.1445957429751621,0.0,0.0,0.0,0.30173620918067173,0.0038495308645356157,0.0016871312881386934,28.125857381350944,0.9194741493463933,0.4029773134924965,17.686594406006044,0.5903973057449714,0.25875302783818266,0.30173620918067173,0.0038495308645356157,0.0016871312881386934,0.0,0.0,0.0,300.0,0.0,0.0,0.0,0.0,0.0,0.0,0.0,0.0,0.0,0.0,0.0,0.0,0.0,0.0,1.0,0.0,0.0,0.0,0.0,0.0,0.0,0.0,0.0,0.0,0.0,0.0,0.0,0.0,0.0,1.0,0.0,0.0,16.998166666666663,0.545954258735637,0.23927500368712495,0.0,0.0,0.0,0.0,0.0,0.0,0.0,0.0,0.0,0.0,0.0,0.0,0.0,0.0,0.0,,,,0.0,0.0,0.0,0.0,0.0,0.0
c032127a581c81deff904ceedf3c721876d4922b0494fee8497003f3aab3947b,60,current,Optimized Pattern Generator,dynamic_session,Dynamic Session Pattern Assignment,50,6,5,30,15.0,60,nomura_original_interval_hungarian,A2) Corr+DTW + Hungarian,False,500,20,0.9986,0.001602629418372065,0.0007023833111552939,0.9986,0.001602629418372065,0.0007023833111552939,500.0,0.0,0.0,500.0,0.0,0.0,0.0,0.0,0.0,0.0,0.0,0.0,0.058254801746601984,0.0025872589256249567,0.0011339162192857332,421.21000000000004,4.106977374894429,1.7999621960942458,79.67122944794828,2.9708256060098317,1.3020217288496583,50.974182986465166,2.0606692478802406,0.9031281174111021,28.19612845458032,0.9049202359465184,0.3965987797111465,0.0,0.0,0.0,0.4984491068025818,0.022306847317860826,0.009776406885423349,79.66876054784807,2.9707739860342524,1.3019991053978774,50.974182986465166,2.0606692478802406,0.9031281174111021,0.4984491068025818,0.022306847317860826,0.009776406885423349,0.0,0.0,0.0,500.0,0.0,0.0,0.0,0.0,0.0,0.0,0.0,0.0,0.0,0.0,0.0,0.0,0.0,0.0,1.0,0.0,0.0,0.0,0.0,0.0,0.0,0.0,0.0,0.0,0.0,0.0,0.0,0.0,0.0,1.0,0.0,0.0,27.697000000000003,0.5606704633035813,0.24572466470892937,0.0,0.0,0.0,0.0,0.0,0.0,0.0,0.0,0.0,0.0,0.0,0.0,0.0,0.0,0.0,,,,0.0,0.0,0.0,0.0,0.0,0.0
c032127a581c81deff904ceedf3c721876d4922b0494fee8497003f3aab3947b,60,current,Optimized Pattern Generator,dynamic_session,Dynamic Session Pattern Assignment,50,6,5,30,15.0,60,bayesian_windowed,A3) Two-Stage Bayesian Posterior + Hungarian,False,100,20,0.9959999999999999,0.005026246899500351,0.002202849828840146,0.9959999999999999,0.005026246899500351,0.002202849828840146,100.0,0.0,0.0,100.0,0.0,0.0,0.0,0.0,0.0,0.0,0.0,0.0,0.1460502633611898,0.026645767918811018,0.011678022682312328,414.98000000000013,12.37619106442518,5.424104886425716,2.689230179294827,0.20156880881411118,0.08834142549579423,2.1225619606877446,0.17008829356435798,0.07454448137102151,0.44638498380954844,0.03276616357405429,0.014360404346238718,0.0,0.0,0.0,0.11954548884823453,0.008288071194750675,0.0036324073563888,2.6884924333455276,0.20157355315977765,0.08834350479696033,2.1225619606877446,0.17008829356435798,0.07454448137102151,0.11954548884823453,0.008288071194750675,0.0036324073563888,0.0,0.0,0.0,100.0,0.0,0.0,0.0,0.0,0.0,0.0,0.0,0.0,0.0,0.0,0.0,0.0,0.0,0.0,1.0,0.0,0.0,0.0,0.0,0.0,0.0,0.0,0.0,0.0,0.0,0.0,0.0,0.0,0.0,1.0,0.0,0.0,6.278,0.4964357169388918,0.21757254586870434,0.0,0.0,0.0,0.0,0.0,0.0,0.0,0.0,0.0,0.0,0.0,0.0,0.0,0.0,0.0,,,,0.0,0.0,0.0,0.0,0.0,0.0
c032127a581c81deff904ceedf3c721876d4922b0494fee8497003f3aab3947b,60,current,Optimized Pattern Generator,dynamic_session,Dynamic Session Pattern Assignment,50,6,5,30,15.0,60,bayesian_windowed,A3) Two-Stage Bayesian Posterior + Hungarian,False,300,20,0.9896666666666665,0.0053965551065048925,0.002365144556243837,0.9896666666666665,0.0053965551065048925,0.002365144556243837,300.0,0.0,0.0,300.0,0.0,0.0,0.0,0.0,0.0,0.0,0.0,0.0,0.3687115109642005,0.032464605451393805,0.01422824067179725,421.2750000000001,5.820279881134292,2.550850126608972,21.44542181879806,0.7276179965134572,0.3188926471638338,17.651230960793328,0.6194934057425346,0.27150495590322055,3.491477944710641,0.11051625235389909,0.04843588316484054,0.0,0.0,0.0,0.3012360007443931,0.005365548271465318,0.0023515552116243773,21.443944906248362,0.7276115639754179,0.3188898279797384,17.651230960793328,0.6194934057425346,0.27150495590322055,0.3012360007443931,0.005365548271465318,0.0023515552116243773,0.0,0.0,0.0,300.0,0.0,0.0,0.0,0.0,0.0,0.0,0.0,0.0,0.0,0.0,0.0,0.0,0.0,0.0,1.0,0.0,0.0,0.0,0.0,0.0,0.0,0.0,0.0,0.0,0.0,0.0,0.0,0.0,0.0,1.0,0.0,0.0,16.998166666666663,0.545954258735637,0.23927500368712495,0.0,0.0,0.0,0.0,0.0,0.0,0.0,0.0,0.0,0.0,0.0,0.0,0.0,0.0,0.0,,,,0.0,0.0,0.0,0.0,0.0,0.0
c032127a581c81deff904ceedf3c721876d4922b0494fee8497003f3aab3947b,60,current,Optimized Pattern Generator,dynamic_session,Dynamic Session Pattern Assignment,50,6,5,30,15.0,60,bayesian_windowed,A3) Two-Stage Bayesian Posterior + Hungarian,False,500,20,0.9773000000000002,0.004953467684891384,0.002170952931682066,0.9773000000000002,0.004953467684891384,0.002170952931682066,500.0,0.0,0.0,500.0,0.0,0.0,0.0,0.0,0.0,0.0,0.0,0.0,0.5729116428428873,0.028382050001696794,0.012438981856340042,421.21000000000004,4.106977374894429,1.7999621960942458,60.75774954795488,2.423806635177067,1.062280094511907,50.65361825403234,2.0705819324561934,0.9074725429751656,9.605738730033044,0.3342712760781674,0.1465008460623308,0.0,0.0,0.0,0.49584423888009044,0.024899722723878557,0.01091278463577178,60.75520122294547,2.4237204754506956,1.0622423333469095,50.65361825403234,2.0705819324561934,0.9074725429751656,0.49584423888009044,0.024899722723878557,0.01091278463577178,0.0,0.0,0.0,500.0,0.0,0.0,0.0,0.0,0.0,0.0,0.0,0.0,0.0,0.0,0.0,0.0,0.0,0.0,1.0,0.0,0.0,0.0,0.0,0.0,0.0,0.0,0.0,0.0,0.0,0.0,0.0,0.0,0.0,1.0,0.0,0.0,27.697000000000003,0.5606704633035813,0.24572466470892937,0.0,0.0,0.0,0.0,0.0,0.0,0.0,0.0,0.0,0.0,0.0,0.0,0.0,0.0,0.0,,,,0.0,0.0,0.0,0.0,0.0,0.0
c032127a581c81deff904ceedf3c721876d4922b0494fee8497003f3aab3947b,60,current,Optimized Pattern Generator,dynamic_session,Dynamic Session Pattern Assignment,50,6,5,30,15.0,120,time_only_baseline,A0) Time Prior + Hungarian (Baseline),False,100,20,0.9209999999999999,0.029540338165758493,0.012946624026525617,0.9209999999999999,0.029540338165758493,0.012946624026525617,100.0,0.0,0.0,100.0,0.0,0.0,0.0,0.0,0.0,0.0,0.0,0.0,1.5214002508,0.1293857511453751,0.056705805636662276,417.505,9.817196244614,4.3025759576768605,2.2387319855421084,0.28809262355129933,0.12626215925508458,2.1160214176838053,0.2724520354925755,0.1194073693060385,0.0033380358276190237,0.0006016824343950417,0.00026369895353827463,0.0,0.0,0.0,0.11861896754417103,0.017454765053000865,0.0076498880732003395,2.2379784210555953,0.288072299446218,0.126253251823298,2.1160214176838053,0.2724520354925755,0.1194073693060385,0.11861896754417103,0.017454765053000865,0.0076498880732003395,0.0,0.0,0.0,100.0,0.0,0.0,0.0,0.0,0.0,0.0,0.0,0.0,0.0,0.0,0.0,0.0,0.0,0.0,1.0,0.0,0.0,0.0,0.0,0.0,0.0,0.0,0.0,0.0,0.0,0.0,0.0,0.0,0.0,1.0,0.0,0.0,6.401999999999999,0.2850226214475653,0.12491667150966132,0.0,0.0,0.0,0.0,0.0,0.0,0.0,0.0,0.0,0.0,0.0,0.0,0.0,0.0,0.0,,,,0.0,0.0,0.0,0.0,0.0,0.0
c032127a581c81deff904ceedf3c721876d4922b0494fee8497003f3aab3947b,60,current,Optimized Pattern Generator,dynamic_session,Dynamic Session Pattern Assignment,50,6,5,30,15.0,120,time_only_baseline,A0) Time Prior + Hungarian (Baseline),False,300,20,0.7954999999999999,0.024525318103343238,0.010748694575980811,0.7954999999999999,0.024525318103343238,0.010748694575980811,300.0,0.0,0.0,300.0,0.0,0.0,0.0,0.0,0.0,0.0,0.0,0.0,1.3655669268083332,0.08863659281315932,0.038846699577541936,421.6650000000001,5.699702208287536,2.4980046314903723,15.620531889601262,0.4440314733414481,0.19460537347400925,15.347181247061235,0.44342612205722715,0.19434006657613942,0.01200780059734825,0.0001981709603918507,8.685225276610891e-05,0.0,0.0,0.0,0.2599173795344541,0.00207269313822082,0.0009083978196975877,15.619106427193037,0.44401931023508173,0.1946000427576093,15.347181247061235,0.44342612205722715,0.19434006657613942,0.2599173795344541,0.00207269313822082,0.0009083978196975877,0.0,0.0,0.0,300.0,0.0,0.0,0.0,0.0,0.0,0.0,0.0,0.0,0.0,0.0,0.0,0.0,0.0,0.0,1.0,0.0,0.0,0.0,0.0,0.0,0.0,0.0,0.0,0.0,0.0,0.0,0.0,0.0,0.0,1.0,0.0,0.0,17.439500000000002,0.45924203380574313,0.20127169552012003,0.0,0.0,0.0,0.0,0.0,0.0,0.0,0.0,0.0,0.0,0.0,0.0,0.0,0.0,0.0,,,,0.0,0.0,0.0,0.0,0.0,0.0
c032127a581c81deff904ceedf3c721876d4922b0494fee8497003f3aab3947b,60,current,Optimized Pattern Generator,dynamic_session,Dynamic Session Pattern Assignment,50,6,5,30,15.0,120,time_only_baseline,A0) Time Prior + Hungarian (Baseline),False,500,20,0.6994999999999999,0.021500305995374478,0.009422924565569908,0.6994999999999999,0.021500305995374478,0.009422924565569908,500.0,0.0,0.0,500.0,0.0,0.0,0.0,0.0,0.0,0.0,0.0,0.0,1.2042902718950002,0.05396417871275013,0.02365084410252465,421.6650000000001,4.7268855886747465,2.071648949635605,43.38372573129309,1.026598222752875,0.4499265086845563,42.940138738459794,1.0262933103716583,0.44979287494148623,0.025645445368718357,0.00035165032932276357,0.00015411755197247383,0.0,0.0,0.0,0.4156363577727461,0.0017193700292396827,0.0007535471397157233,43.38142054160126,1.0265925500787694,0.44992402252551306,42.940138738459794,1.0262933103716583,0.44979287494148623,0.4156363577727461,0.0017193700292396827,0.0007535471397157233,0.0,0.0,0.0,500.0,0.0,0.0,0.0,0.0,0.0,0.0,0.0,0.0,0.0,0.0,0.0,0.0,0.0,0.0,1.0,0.0,0.0,0.0,0.0,0.0,0.0,0.0,0.0,0.0,0.0,0.0,0.0,0.0,0.0,1.0,0.0,0.0,28.5422,0.6545017872196259,0.28684805557316456,0.0,0.0,0.0,0.0,0.0,0.0,0.0,0.0,0.0,0.0,0.0,0.0,0.0,0.0,0.0,,,,0.0,0.0,0.0,0.0,0.0,0.0
c032127a581c81deff904ceedf3c721876d4922b0494fee8497003f3aab3947b,60,current,Optimized Pattern Generator,dynamic_session,Dynamic Session Pattern Assignment,50,6,5,30,15.0,120,single_only,A1) Refined Cost + Greedy 1:1,True,100,20,0.9959999999999999,0.0059824304161611936,0.0026219157319149616,0.9959999999999999,0.0059824304161611936,0.0026219157319149616,100.0,0.0,0.0,100.0,0.0,0.0,0.0,0.0,0.0,0.0,0.0,0.0,0.924360965712047,0.05826621084080765,0.02553629281335069,417.505,9.817196244614,4.3025759576768605,2.735288695857162,0.33975338100321645,0.14890348447968121,2.132324139130651,0.26942537923155285,0.1180808787137808,0.48470480027026497,0.05910731963684717,0.025904924996456496,0.0,0.0,0.0,0.11751507930166553,0.015984583011220556,0.00700555238419518,2.7345440187025813,0.3397172114292219,0.1488876324649521,2.132324139130651,0.26942537923155285,0.1180808787137808,0.11751507930166553,0.015984583011220556,0.00700555238419518,0.0,0.0,0.0,100.0,0.0,0.0,0.0,0.0,0.0,0.0,0.0,0.0,0.0,0.0,0.0,0.0,0.0,0.0,1.0,0.0,0.0,0.0,0.0,0.0,0.0,0.0,0.0,0.0,0.0,0.0,0.0,0.0,0.0,1.0,0.0,0.0,6.401999999999999,0.2850226214475653,0.12491667150966132,0.0,0.0,0.0,0.0,0.0,0.0,0.0,0.0,0.0,0.0,0.0,0.0,0.0,0.0,0.0,,,,0.0,0.0,0.0,0.0,0.0,0.0
c032127a581c81deff904ceedf3c721876d4922b0494fee8497003f3aab3947b,60,current,Optimized Pattern Generator,dynamic_session,Dynamic Session Pattern Assignment,50,6,5,30,15.0,120,single_only,A1) Refined Cost + Greedy 1:1,True,300,20,0.9853333333333335,0.008264629064105125,0.0036221333896472667,0.9853333333333335,0.008264629064105125,0.0036221333896472667,300.0,0.0,0.0,300.0,0.0,0.0,0.0,0.0,0.0,0.0,0.0,0.0,0.8633534508209303,0.03342920169240123,0.01465099361388099,421.6650000000001,5.699702208287536,2.4980046314903723,19.114689860554062,0.5341558378862491,0.23410411776203402,15.43470068688912,0.44374098643510396,0.19447806197405407,3.4250802253809525,0.08939810450658967,0.039180446792327496,0.0,0.0,0.0,0.2534557399834739,0.009771319696058113,0.004282469673772631,19.113236652253544,0.5341405400563399,0.23409741319246738,15.43470068688912,0.44374098643510396,0.19447806197405407,0.2534557399834739,0.009771319696058113,0.004282469673772631,0.0,0.0,0.0,300.0,0.0,0.0,0.0,0.0,0.0,0.0,0.0,0.0,0.0,0.0,0.0,0.0,0.0,0.0,1.0,0.0,0.0,0.0,0.0,0.0,0.0,0.0,0.0,0.0,0.0,0.0,0.0,0.0,0.0,1.0,0.0,0.0,17.439500000000002,0.45924203380574313,0.20127169552012003,0.0,0.0,0.0,0.0,0.0,0.0,0.0,0.0,0.0,0.0,0.0,0.0,0.0,0.0,0.0,,,,0.0,0.0,0.0,0.0,0.0,0.0
c032127a581c81deff904ceedf3c721876d4922b0494fee8497003f3aab3947b,60,current,Optimized Pattern Generator,dynamic_session,Dynamic Session Pattern Assignment,50,6,5,30,15.0,120,single_only,A1) Refined Cost + Greedy 1:1,True,500,20,0.9721,0.008693009896038984,0.003809879567097823,0.9721,0.008693009896038984,0.003809879567097823,500.0,0.0,0.0,500.0,0.0,0.0,0.0,0.0,0.0,0.0,0.0,0.0,0.8546110726525225,0.023507471476695924,0.010302603623401772,421.6650000000001,4.7268855886747465,2.071648949635605,52.96633161680656,1.2978993678457975,0.5688294780336127,43.24518797099881,1.0858771608624511,0.47590664879297134,9.302811172654037,0.21352670876182597,0.0935822062174356,0.0,0.0,0.0,0.4159987895924132,0.002222741180331455,0.0009741592736194132,52.96399793324527,1.297868069335889,0.5688157608568457,43.24518797099881,1.0858771608624511,0.47590664879297134,0.4159987895924132,0.002222741180331455,0.0009741592736194132,0.0,0.0,0.0,500.0,0.0,0.0,0.0,0.0,0.0,0.0,0.0,0.0,0.0,0.0,0.0,0.0,0.0,0.0,1.0,0.0,0.0,0.0,0.0,0.0,0.0,0.0,0.0,0.0,0.0,0.0,0.0,0.0,0.0,1.0,0.0,0.0,28.5422,0.6545017872196259,0.28684805557316456,0.0,0.0,0.0,0.0,0.0,0.0,0.0,0.0,0.0,0.0,0.0,0.0,0.0,0.0,0.0,,,,0.0,0.0,0.0,0.0,0.0,0.0
c032127a581c81deff904ceedf3c721876d4922b0494fee8497003f3aab3947b,60,current,Optimized Pattern Generator,dynamic_session,Dynamic Session Pattern Assignment,50,6,5,30,15.0,120,nomura_original_interval_hungarian,A2) Corr+DTW + Hungarian,False,100,20,1.0,0.0,0.0,1.0,0.0,0.0,100.0,0.0,0.0,100.0,0.0,0.0,0.0,0.0,0.0,0.0,0.0,0.0,0.058605173144868794,0.0035198690966039507,0.0015426506480938126,417.505,9.817196244614,4.3025759576768605,3.481228210395784,0.4446789920245905,0.19488916104928194,2.140865780628519,0.2854715664096255,0.12511343031451255,1.2225737919652602,0.14935366566004415,0.0654571300245084,0.0,0.0,0.0,0.11703443785663695,0.012949728220054295,0.005675468627676996,3.480474010450416,0.44464644647900087,0.1948748973350305,2.140865780628519,0.2854715664096255,0.12511343031451255,0.11703443785663695,0.012949728220054295,0.005675468627676996,0.0,0.0,0.0,100.0,0.0,0.0,0.0,0.0,0.0,0.0,0.0,0.0,0.0,0.0,0.0,0.0,0.0,0.0,1.0,0.0,0.0,0.0,0.0,0.0,0.0,0.0,0.0,0.0,0.0,0.0,0.0,0.0,0.0,1.0,0.0,0.0,6.401999999999999,0.2850226214475653,0.12491667150966132,0.0,0.0,0.0,0.0,0.0,0.0,0.0,0.0,0.0,0.0,0.0,0.0,0.0,0.0,0.0,,,,0.0,0.0,0.0,0.0,0.0,0.0
c032127a581c81deff904ceedf3c721876d4922b0494fee8497003f3aab3947b,60,current,Optimized Pattern Generator,dynamic_session,Dynamic Session Pattern Assignment,50,6,5,30,15.0,120,nomura_original_interval_hungarian,A2) Corr+DTW + Hungarian,False,300,20,0.9986666666666666,0.001994143472053725,0.0008739719106383179,0.9986666666666666,0.001994143472053725,0.0008739719106383179,300.0,0.0,0.0,300.0,0.0,0.0,0.0,0.0,0.0,0.0,0.0,0.0,0.0585384332664719,0.002191716068092811,0.0009605619186642802,421.6650000000001,5.699702208287536,2.4980046314903723,24.314390899962746,0.6877605680498045,0.3014243589510336,15.425375288911164,0.45535080663303523,0.19956629001920245,8.624498311587377,0.23426285906767486,0.10267022478583969,0.0,0.0,0.0,0.26311280970694495,0.0016816443966888772,0.0007370131522556785,24.312986410205486,0.6877560417285841,0.301422375203294,15.425375288911164,0.45535080663303523,0.19956629001920245,0.26311280970694495,0.0016816443966888772,0.0007370131522556785,0.0,0.0,0.0,300.0,0.0,0.0,0.0,0.0,0.0,0.0,0.0,0.0,0.0,0.0,0.0,0.0,0.0,0.0,1.0,0.0,0.0,0.0,0.0,0.0,0.0,0.0,0.0,0.0,0.0,0.0,0.0,0.0,0.0,1.0,0.0,0.0,17.439500000000002,0.45924203380574313,0.20127169552012003,0.0,0.0,0.0,0.0,0.0,0.0,0.0,0.0,0.0,0.0,0.0,0.0,0.0,0.0,0.0,,,,0.0,0.0,0.0,0.0,0.0,0.0
c032127a581c81deff904ceedf3c721876d4922b0494fee8497003f3aab3947b,60,current,Optimized Pattern Generator,dynamic_session,Dynamic Session Pattern Assignment,50,6,5,30,15.0,120,nomura_original_interval_hungarian,A2) Corr+DTW + Hungarian,False,500,20,0.998,0.001716790150557906,0.0007524164580309169,0.998,0.001716790150557906,0.0007524164580309169,500.0,0.0,0.0,500.0,0.0,0.0,0.0,0.0,0.0,0.0,0.0,0.0,0.057650047849291376,0.0022788468310529155,0.0009987486592106822,421.6650000000001,4.7268855886747465,2.071648949635605,67.04143296244438,1.6475462992245153,0.7220690021442682,43.18505100044713,1.1008623451334894,0.48247419536731007,23.436339211274753,0.5498292950578694,0.24097331323495627,0.0,0.0,0.0,0.41772104242409114,0.0015657615177374362,0.0006862252412819733,67.03911125414598,1.6475106455449897,0.7220533762302589,43.18505100044713,1.1008623451334894,0.48247419536731007,0.41772104242409114,0.0015657615177374362,0.0006862252412819733,0.0,0.0,0.0,500.0,0.0,0.0,0.0,0.0,0.0,0.0,0.0,0.0,0.0,0.0,0.0,0.0,0.0,0.0,1.0,0.0,0.0,0.0,0.0,0.0,0.0,0.0,0.0,0.0,0.0,0.0,0.0,0.0,0.0,1.0,0.0,0.0,28.5422,0.6545017872196259,0.28684805557316456,0.0,0.0,0.0,0.0,0.0,0.0,0.0,0.0,0.0,0.0,0.0,0.0,0.0,0.0,0.0,,,,0.0,0.0,0.0,0.0,0.0,0.0
c032127a581c81deff904ceedf3c721876d4922b0494fee8497003f3aab3947b,60,current,Optimized Pattern Generator,dynamic_session,Dynamic Session Pattern Assignment,50,6,5,30,15.0,120,bayesian_windowed,A3) Two-Stage Bayesian Posterior + Hungarian,False,100,20,0.9979999999999999,0.004103913408340621,0.001798619353545206,0.9979999999999999,0.004103913408340621,0.001798619353545206,100.0,0.0,0.0,100.0,0.0,0.0,0.0,0.0,0.0,0.0,0.0,0.0,0.1445589641903807,0.017355798905541342,0.00760651424669495,417.505,9.817196244614,4.3025759576768605,2.688091877094121,0.34468965582554534,0.15106690230711745,2.128346162746311,0.2767486181539762,0.12129042968279893,0.44108231394493486,0.05481058328473987,0.02402179726177404,0.0,0.0,0.0,0.11790153370820917,0.014463658532370516,0.006338977841618161,2.6873300103994553,0.3446380342419225,0.1510442781505804,2.128346162746311,0.2767486181539762,0.12129042968279893,0.11790153370820917,0.014463658532370516,0.006338977841618161,0.0,0.0,0.0,100.0,0.0,0.0,0.0,0.0,0.0,0.0,0.0,0.0,0.0,0.0,0.0,0.0,0.0,0.0,1.0,0.0,0.0,0.0,0.0,0.0,0.0,0.0,0.0,0.0,0.0,0.0,0.0,0.0,0.0,1.0,0.0,0.0,6.401999999999999,0.2850226214475653,0.12491667150966132,0.0,0.0,0.0,0.0,0.0,0.0,0.0,0.0,0.0,0.0,0.0,0.0,0.0,0.0,0.0,,,,0.0,0.0,0.0,0.0,0.0,0.0
c032127a581c81deff904ceedf3c721876d4922b0494fee8497003f3aab3947b,60,current,Optimized Pattern Generator,dynamic_session,Dynamic Session Pattern Assignment,50,6,5,30,15.0,120,bayesian_windowed,A3) Two-Stage Bayesian Posterior + Hungarian,False,300,20,0.9883333333333333,0.008481145238787239,0.0037170257870714823,0.9883333333333333,0.008481145238787239,0.0037170257870714823,300.0,0.0,0.0,300.0,0.0,0.0,0.0,0.0,0.0,0.0,0.0,0.0,0.3670020579902298,0.034618764983793446,0.015172342712966903,421.6650000000001,5.699702208287536,2.4980046314903723,18.697571914602303,0.5386494114396654,0.23607351320379152,15.417438166518696,0.4593516021774367,0.201319715976269,3.018195186340017,0.07943929573866132,0.034815806409845794,0.0,0.0,0.0,0.2605038742971374,0.002613746939132034,0.0011455251030487216,18.69613722715585,0.5386527783293764,0.23607498880826777,15.417438166518696,0.4593516021774367,0.201319715976269,0.2605038742971374,0.002613746939132034,0.0011455251030487216,0.0,0.0,0.0,300.0,0.0,0.0,0.0,0.0,0.0,0.0,0.0,0.0,0.0,0.0,0.0,0.0,0.0,0.0,1.0,0.0,0.0,0.0,0.0,0.0,0.0,0.0,0.0,0.0,0.0,0.0,0.0,0.0,0.0,1.0,0.0,0.0,17.439500000000002,0.45924203380574313,0.20127169552012003,0.0,0.0,0.0,0.0,0.0,0.0,0.0,0.0,0.0,0.0,0.0,0.0,0.0,0.0,0.0,,,,0.0,0.0,0.0,0.0,0.0,0.0
c032127a581c81deff904ceedf3c721876d4922b0494fee8497003f3aab3947b,60,current,Optimized Pattern Generator,dynamic_session,Dynamic Session Pattern Assignment,50,6,5,30,15.0,120,bayesian_windowed,A3) Two-Stage Bayesian Posterior + Hungarian,False,500,20,0.9808999999999999,0.007690732632269356,0.003370612188655914,0.9808999999999999,0.007690732632269356,0.003370612188655914,500.0,0.0,0.0,500.0,0.0,0.0,0.0,0.0,0.0,0.0,0.0,0.0,0.5962275441477332,0.0364585550615362,0.01597866626588674,421.6650000000001,4.7268855886747465,2.071648949635605,51.57739971455303,1.2267702404458607,0.5376557634804984,43.02502238607849,1.0457530379013746,0.45832147656317995,8.133199908392271,0.18164039473196003,0.07960741293578923,0.0,0.0,0.0,0.4168347200204153,0.001646199905305992,0.0007214789189923112,51.57505701449118,1.2267619200263469,0.5376521168958661,43.02502238607849,1.0457530379013746,0.45832147656317995,0.4168347200204153,0.001646199905305992,0.0007214789189923112,0.0,0.0,0.0,500.0,0.0,0.0,0.0,0.0,0.0,0.0,0.0,0.0,0.0,0.0,0.0,0.0,0.0,0.0,1.0,0.0,0.0,0.0,0.0,0.0,0.0,0.0,0.0,0.0,0.0,0.0,0.0,0.0,0.0,1.0,0.0,0.0,28.5422,0.6545017872196259,0.28684805557316456,0.0,0.0,0.0,0.0,0.0,0.0,0.0,0.0,0.0,0.0,0.0,0.0,0.0,0.0,0.0,,,,0.0,0.0,0.0,0.0,0.0,0.0
c032127a581c81deff904ceedf3c721876d4922b0494fee8497003f3aab3947b,60,current,Optimized Pattern Generator,dynamic_session,Dynamic Session Pattern Assignment,50,6,5,30,15.0,180,time_only_baseline,A0) Time Prior + Hungarian (Baseline),False,100,20,0.9295,0.025438263760679376,0.01114881065169591,0.9295,0.025438263760679376,0.01114881065169591,100.0,0.0,0.0,100.0,0.0,0.0,0.0,0.0,0.0,0.0,0.0,0.0,1.528400250765,0.16629251111646381,0.07288090636508829,415.3300000000001,9.082667125094,3.9806543773077028,2.001485160505399,0.10484900247319484,0.045952101393009016,1.8925884562253485,0.10558216859168774,0.046273425611839974,0.0027181544195627795,7.001323918832321e-05,3.0684654981408404e-05,0.0,0.0,0.0,0.10547678940929472,0.006906330170788034,0.003026832652440196,2.000783400054206,0.10484918865485468,0.04595218299071914,1.8925884562253485,0.10558216859168774,0.046273425611839974,0.10547678940929472,0.006906330170788034,0.003026832652440196,0.0,0.0,0.0,100.0,0.0,0.0,0.0,0.0,0.0,0.0,0.0,0.0,0.0,0.0,0.0,0.0,0.0,0.0,1.0,0.0,0.0,0.0,0.0,0.0,0.0,0.0,0.0,0.0,0.0,0.0,0.0,0.0,0.0,1.0,0.0,0.0,6.585000000000001,0.3562007121952749,0.15611184519608468,0.0,0.0,0.0,0.0,0.0,0.0,0.0,0.0,0.0,0.0,0.0,0.0,0.0,0.0,0.0,,,,0.0,0.0,0.0,0.0,0.0,0.0
c032127a581c81deff904ceedf3c721876d4922b0494fee8497003f3aab3947b,60,current,Optimized Pattern Generator,dynamic_session,Dynamic Session Pattern Assignment,50,6,5,30,15.0,180,time_only_baseline,A0) Time Prior + Hungarian (Baseline),False,300,20,0.7901666666666667,0.021370444694314348,0.00936601034099377,0.7901666666666667,0.021370444694314348,0.00936601034099377,300.0,0.0,0.0,300.0,0.0,0.0,0.0,0.0,0.0,0.0,0.0,0.0,1.3627169340816665,0.08613848893240925,0.03775185727946815,420.8,5.764592467450706,2.5264440414813922,16.018773966794832,0.4861768499545,0.2130763991746556,15.745246087596751,0.4857203610883587,0.21287633410806547,0.012088139005936683,0.00018993835642037264,8.324415499214521e-05,0.0,0.0,0.0,0.26003634425869676,0.001299376031448808,0.000569476654392074,16.017370570861384,0.48615320179507615,0.21306603491182075,15.745246087596751,0.4857203610883587,0.21287633410806547,0.26003634425869676,0.001299376031448808,0.000569476654392074,0.0,0.0,0.0,300.0,0.0,0.0,0.0,0.0,0.0,0.0,0.0,0.0,0.0,0.0,0.0,0.0,0.0,0.0,1.0,0.0,0.0,0.0,0.0,0.0,0.0,0.0,0.0,0.0,0.0,0.0,0.0,0.0,0.0,1.0,0.0,0.0,17.798166666666667,0.5146036628557569,0.22553499923670775,0.0,0.0,0.0,0.0,0.0,0.0,0.0,0.0,0.0,0.0,0.0,0.0,0.0,0.0,0.0,,,,0.0,0.0,0.0,0.0,0.0,0.0
c032127a581c81deff904ceedf3c721876d4922b0494fee8497003f3aab3947b,60,current,Optimized Pattern Generator,dynamic_session,Dynamic Session Pattern Assignment,50,6,5,30,15.0,180,time_only_baseline,A0) Time Prior + Hungarian (Baseline),False,500,20,0.6977999999999999,0.025537588395395334,0.011192341592168692,0.6977999999999999,0.025537588395395334,0.011192341592168692,500.0,0.0,0.0,500.0,0.0,0.0,0.0,0.0,0.0,0.0,0.0,0.0,1.1997902754390002,0.050173527953328884,0.021989518158227337,421.43500000000006,4.5099043052048495,1.9765527092975723,44.08915013340302,0.8947364374742038,0.39213553324310874,43.64541698053945,0.8946166796739305,0.39208304707298836,0.02587807270756457,0.0003082705045303824,0.000135105505503266,0.0,0.0,0.0,0.4155211717501516,0.0021257469005457265,0.0009316496562256269,44.086816224997165,0.8947399117897914,0.39213705592905124,43.64541698053945,0.8946166796739305,0.39208304707298836,0.4155211717501516,0.0021257469005457265,0.0009316496562256269,0.0,0.0,0.0,500.0,0.0,0.0,0.0,0.0,0.0,0.0,0.0,0.0,0.0,0.0,0.0,0.0,0.0,0.0,1.0,0.0,0.0,0.0,0.0,0.0,0.0,0.0,0.0,0.0,0.0,0.0,0.0,0.0,0.0,1.0,0.0,0.0,28.8899,0.5860858478521999,0.2568634481038311,0.0,0.0,0.0,0.0,0.0,0.0,0.0,0.0,0.0,0.0,0.0,0.0,0.0,0.0,0.0,,,,0.0,0.0,0.0,0.0,0.0,0.0
c032127a581c81deff904ceedf3c721876d4922b0494fee8497003f3aab3947b,60,current,Optimized Pattern Generator,dynamic_session,Dynamic Session Pattern Assignment,50,6,5,30,15.0,180,single_only,A1) Refined Cost + Greedy 1:1,True,100,20,0.9964999999999999,0.005871429486124003,0.002573267429389706,0.9964999999999999,0.005871429486124003,0.002573267429389706,100.0,0.0,0.0,100.0,0.0,0.0,0.0,0.0,0.0,0.0,0.0,0.0,0.8976574505217529,0.053873503220887,0.02361110381603961,415.3300000000001,9.082667125094,3.9806543773077028,2.4423583790950945,0.12686044691863663,0.05559904226135074,1.9034933633200126,0.10305620179715125,0.04516637185338777,0.43430074674251956,0.02322820411419193,0.010180209305336392,0.0,0.0,0.0,0.10384783157787751,0.006938332078168498,0.0030408581067414204,2.44164194164041,0.1268607806154261,0.05559918851041695,1.9034933633200126,0.10305620179715125,0.04516637185338777,0.10384783157787751,0.006938332078168498,0.0030408581067414204,0.0,0.0,0.0,100.0,0.0,0.0,0.0,0.0,0.0,0.0,0.0,0.0,0.0,0.0,0.0,0.0,0.0,0.0,1.0,0.0,0.0,0.0,0.0,0.0,0.0,0.0,0.0,0.0,0.0,0.0,0.0,0.0,0.0,1.0,0.0,0.0,6.585000000000001,0.3562007121952749,0.15611184519608468,0.0,0.0,0.0,0.0,0.0,0.0,0.0,0.0,0.0,0.0,0.0,0.0,0.0,0.0,0.0,,,,0.0,0.0,0.0,0.0,0.0,0.0
c032127a581c81deff904ceedf3c721876d4922b0494fee8497003f3aab3947b,60,current,Optimized Pattern Generator,dynamic_session,Dynamic Session Pattern Assignment,50,6,5,30,15.0,180,single_only,A1) Refined Cost + Greedy 1:1,True,300,20,0.9811666666666664,0.007356820442116529,0.0032242687189391927,0.9811666666666664,0.007356820442116529,0.0032242687189391927,300.0,0.0,0.0,300.0,0.0,0.0,0.0,0.0,0.0,0.0,0.0,0.0,0.8691226798503788,0.04298307806792641,0.0188381645506445,420.8,5.764592467450706,2.5264440414813922,19.598538839485265,0.5583867844196706,0.24472379830918115,15.84419859162008,0.4605445549064212,0.20184255056187583,3.503762485779589,0.09502602992112884,0.04164699385697232,0.0,0.0,0.0,0.2491217830509413,0.008890794766410078,0.00389656260845169,19.59708286045061,0.5584034144364298,0.2447310867353775,15.84419859162008,0.4605445549064212,0.20184255056187583,0.2491217830509413,0.008890794766410078,0.00389656260845169,0.0,0.0,0.0,300.0,0.0,0.0,0.0,0.0,0.0,0.0,0.0,0.0,0.0,0.0,0.0,0.0,0.0,0.0,1.0,0.0,0.0,0.0,0.0,0.0,0.0,0.0,0.0,0.0,0.0,0.0,0.0,0.0,0.0,1.0,0.0,0.0,17.798166666666667,0.5146036628557569,0.22553499923670775,0.0,0.0,0.0,0.0,0.0,0.0,0.0,0.0,0.0,0.0,0.0,0.0,0.0,0.0,0.0,,,,0.0,0.0,0.0,0.0,0.0,0.0
c032127a581c81deff904ceedf3c721876d4922b0494fee8497003f3aab3947b,60,current,Optimized Pattern Generator,dynamic_session,Dynamic Session Pattern Assignment,50,6,5,30,15.0,180,single_only,A1) Refined Cost + Greedy 1:1,True,500,20,0.9696999999999998,0.011684898035723864,0.005121132358334335,0.9696999999999998,0.011684898035723864,0.005121132358334335,500.0,0.0,0.0,500.0,0.0,0.0,0.0,0.0,0.0,0.0,0.0,0.0,0.8590100921887759,0.03217333786834742,0.014100587025191827,421.43500000000006,4.5099043052048495,1.9765527092975723,53.77498545225244,1.0775628901347356,0.47226275898499165,43.940428275294835,0.8970518529565076,0.3931503088203677,9.41665757477458,0.18322568307465914,0.08030219618543902,0.0,0.0,0.0,0.41553934158000627,0.0024666453379688777,0.0010810549838079452,53.772625191649425,1.0775269647552794,0.4722470139932376,43.940428275294835,0.8970518529565076,0.3931503088203677,0.41553934158000627,0.0024666453379688777,0.0010810549838079452,0.0,0.0,0.0,500.0,0.0,0.0,0.0,0.0,0.0,0.0,0.0,0.0,0.0,0.0,0.0,0.0,0.0,0.0,1.0,0.0,0.0,0.0,0.0,0.0,0.0,0.0,0.0,0.0,0.0,0.0,0.0,0.0,0.0,1.0,0.0,0.0,28.8899,0.5860858478521999,0.2568634481038311,0.0,0.0,0.0,0.0,0.0,0.0,0.0,0.0,0.0,0.0,0.0,0.0,0.0,0.0,0.0,,,,0.0,0.0,0.0,0.0,0.0,0.0
c032127a581c81deff904ceedf3c721876d4922b0494fee8497003f3aab3947b,60,current,Optimized Pattern Generator,dynamic_session,Dynamic Session Pattern Assignment,50,6,5,30,15.0,180,nomura_original_interval_hungarian,A2) Corr+DTW + Hungarian,False,100,20,0.9994999999999999,0.002236067977499792,0.000980000000000001,0.9994999999999999,0.002236067977499792,0.000980000000000001,100.0,0.0,0.0,100.0,0.0,0.0,0.0,0.0,0.0,0.0,0.0,0.0,0.05894405889393228,0.003468026315084172,0.0015199295473041173,415.3300000000001,9.082667125094,3.9806543773077028,3.10901466885407,0.16382105265305744,0.0717977419360505,1.9054005602840334,0.10667265199235908,0.046751351034238275,1.0994204140471993,0.058661130992646554,0.025709374201169168,0.0,0.0,0.0,0.1034847589180572,0.007480182889121017,0.0032783346951442516,3.10830573324929,0.1638201151930018,0.07179733107606602,1.9054005602840334,0.10667265199235908,0.046751351034238275,0.1034847589180572,0.007480182889121017,0.0032783346951442516,0.0,0.0,0.0,100.0,0.0,0.0,0.0,0.0,0.0,0.0,0.0,0.0,0.0,0.0,0.0,0.0,0.0,0.0,1.0,0.0,0.0,0.0,0.0,0.0,0.0,0.0,0.0,0.0,0.0,0.0,0.0,0.0,0.0,1.0,0.0,0.0,6.585000000000001,0.3562007121952749,0.15611184519608468,0.0,0.0,0.0,0.0,0.0,0.0,0.0,0.0,0.0,0.0,0.0,0.0,0.0,0.0,0.0,,,,0.0,0.0,0.0,0.0,0.0,0.0
c032127a581c81deff904ceedf3c721876d4922b0494fee8497003f3aab3947b,60,current,Optimized Pattern Generator,dynamic_session,Dynamic Session Pattern Assignment,50,6,5,30,15.0,180,nomura_original_interval_hungarian,A2) Corr+DTW + Hungarian,False,300,20,0.9988333333333334,0.001957143162041329,0.0008577558097965663,0.9988333333333334,0.001957143162041329,0.0008577558097965663,300.0,0.0,0.0,300.0,0.0,0.0,0.0,0.0,0.0,0.0,0.0,0.0,0.05952386851885551,0.002723663162353719,0.0011936980118516522,420.8,5.764592467450706,2.5264440414813922,24.861353264498756,0.7144940002413489,0.3131408021948598,15.80398209944251,0.4698436245562459,0.20591804752732043,8.792408431920922,0.24615084974878748,0.10788036642049466,0.0,0.0,0.0,0.263552018685732,0.0015554349897683045,0.0006816994408539092,24.859942550049162,0.7145046950855728,0.3131454894170037,15.80398209944251,0.4698436245562459,0.20591804752732043,0.263552018685732,0.0015554349897683045,0.0006816994408539092,0.0,0.0,0.0,300.0,0.0,0.0,0.0,0.0,0.0,0.0,0.0,0.0,0.0,0.0,0.0,0.0,0.0,0.0,1.0,0.0,0.0,0.0,0.0,0.0,0.0,0.0,0.0,0.0,0.0,0.0,0.0,0.0,0.0,1.0,0.0,0.0,17.798166666666667,0.5146036628557569,0.22553499923670775,0.0,0.0,0.0,0.0,0.0,0.0,0.0,0.0,0.0,0.0,0.0,0.0,0.0,0.0,0.0,,,,0.0,0.0,0.0,0.0,0.0,0.0
c032127a581c81deff904ceedf3c721876d4922b0494fee8497003f3aab3947b,60,current,Optimized Pattern Generator,dynamic_session,Dynamic Session Pattern Assignment,50,6,5,30,15.0,180,nomura_original_interval_hungarian,A2) Corr+DTW + Hungarian,False,500,20,0.9979000000000001,0.002468752081944494,0.001081978305065116,0.9979000000000001,0.002468752081944494,0.001081978305065116,500.0,0.0,0.0,500.0,0.0,0.0,0.0,0.0,0.0,0.0,0.0,0.0,0.05788668219339528,0.0025639362309812733,0.0011236945976799508,421.43500000000006,4.5099043052048495,1.9765527092975723,68.06524307070359,1.3372165686618962,0.5860610010407349,43.87917103727523,0.8730826882776644,0.3826453592295548,23.764993990337825,0.4684557037273366,0.20530976440443793,0.0,0.0,0.0,0.41874051408667584,0.0019050332587217985,0.0008349176377163776,68.06290554169973,1.3372004862838323,0.5860539526277792,43.87917103727523,0.8730826882776644,0.3826453592295548,0.41874051408667584,0.0019050332587217985,0.0008349176377163776,0.0,0.0,0.0,500.0,0.0,0.0,0.0,0.0,0.0,0.0,0.0,0.0,0.0,0.0,0.0,0.0,0.0,0.0,1.0,0.0,0.0,0.0,0.0,0.0,0.0,0.0,0.0,0.0,0.0,0.0,0.0,0.0,0.0,1.0,0.0,0.0,28.8899,0.5860858478521999,0.2568634481038311,0.0,0.0,0.0,0.0,0.0,0.0,0.0,0.0,0.0,0.0,0.0,0.0,0.0,0.0,0.0,,,,0.0,0.0,0.0,0.0,0.0,0.0
c032127a581c81deff904ceedf3c721876d4922b0494fee8497003f3aab3947b,60,current,Optimized Pattern Generator,dynamic_session,Dynamic Session Pattern Assignment,50,6,5,30,15.0,180,bayesian_windowed,A3) Two-Stage Bayesian Posterior + Hungarian,False,100,20,0.9969999999999999,0.004701623459816277,0.002060577333508361,0.9969999999999999,0.004701623459816277,0.002060577333508361,100.0,0.0,0.0,100.0,0.0,0.0,0.0,0.0,0.0,0.0,0.0,0.0,0.14616570037928145,0.0203559731551281,0.008921398585713352,415.3300000000001,9.082667125094,3.9806543773077028,2.4071148395887576,0.12335106928279628,0.054060989698669265,1.908814353577327,0.10142497261223833,0.04445145414189578,0.3946113827085355,0.020453254141413708,0.008964033857770908,0.0,0.0,0.0,0.10298699491249863,0.0077157295225367874,0.0033815675588452733,2.406412731198361,0.12334960989366733,0.05406035009318287,1.908814353577327,0.10142497261223833,0.04445145414189578,0.10298699491249863,0.0077157295225367874,0.0033815675588452733,0.0,0.0,0.0,100.0,0.0,0.0,0.0,0.0,0.0,0.0,0.0,0.0,0.0,0.0,0.0,0.0,0.0,0.0,1.0,0.0,0.0,0.0,0.0,0.0,0.0,0.0,0.0,0.0,0.0,0.0,0.0,0.0,0.0,1.0,0.0,0.0,6.585000000000001,0.3562007121952749,0.15611184519608468,0.0,0.0,0.0,0.0,0.0,0.0,0.0,0.0,0.0,0.0,0.0,0.0,0.0,0.0,0.0,,,,0.0,0.0,0.0,0.0,0.0,0.0
c032127a581c81deff904ceedf3c721876d4922b0494fee8497003f3aab3947b,60,current,Optimized Pattern Generator,dynamic_session,Dynamic Session Pattern Assignment,50,6,5,30,15.0,180,bayesian_windowed,A3) Two-Stage Bayesian Posterior + Hungarian,False,300,20,0.9856666666666666,0.0075004873136030594,0.0032872335015278796,0.9856666666666666,0.0075004873136030594,0.0032872335015278796,300.0,0.0,0.0,300.0,0.0,0.0,0.0,0.0,0.0,0.0,0.0,0.0,0.3846586637269517,0.03606736821429656,0.015807221070949732,420.8,5.764592467450706,2.5264440414813922,19.148231724792275,0.5600613640491836,0.24545771519070533,15.808346692068152,0.47654755855590575,0.20885617614674307,3.0775006475305418,0.08368193513464717,0.03667522510816062,0.0,0.0,0.0,0.2609503457468236,0.0018315968654670444,0.0008027327193177303,19.14679768534552,0.5600569282055139,0.24545577109650066,15.808346692068152,0.47654755855590575,0.20885617614674307,0.2609503457468236,0.0018315968654670444,0.0008027327193177303,0.0,0.0,0.0,300.0,0.0,0.0,0.0,0.0,0.0,0.0,0.0,0.0,0.0,0.0,0.0,0.0,0.0,0.0,1.0,0.0,0.0,0.0,0.0,0.0,0.0,0.0,0.0,0.0,0.0,0.0,0.0,0.0,0.0,1.0,0.0,0.0,17.798166666666667,0.5146036628557569,0.22553499923670775,0.0,0.0,0.0,0.0,0.0,0.0,0.0,0.0,0.0,0.0,0.0,0.0,0.0,0.0,0.0,,,,0.0,0.0,0.0,0.0,0.0,0.0
c032127a581c81deff904ceedf3c721876d4922b0494fee8497003f3aab3947b,60,current,Optimized Pattern Generator,dynamic_session,Dynamic Session Pattern Assignment,50,6,5,30,15.0,180,bayesian_windowed,A3) Two-Stage Bayesian Posterior + Hungarian,False,500,20,0.976,0.009130630923032193,0.00400167543858688,0.976,0.009130630923032193,0.00400167543858688,500.0,0.0,0.0,500.0,0.0,0.0,0.0,0.0,0.0,0.0,0.0,0.0,0.5855205484355147,0.03984491842135992,0.0174628054450265,421.43500000000006,4.5099043052048495,1.9765527092975723,52.33907885630906,1.0558427115738873,0.46274347101887553,43.682483077945655,0.8873723023910639,0.3889080587413959,8.237775805831188,0.1706474742569727,0.07478955311493832,0.0,0.0,0.0,0.4164528142719064,0.0015866988433030844,0.0006954014287954127,52.336711698048745,1.0558411708359694,0.4627427957607104,43.682483077945655,0.8873723023910639,0.3889080587413959,0.4164528142719064,0.0015866988433030844,0.0006954014287954127,0.0,0.0,0.0,500.0,0.0,0.0,0.0,0.0,0.0,0.0,0.0,0.0,0.0,0.0,0.0,0.0,0.0,0.0,1.0,0.0,0.0,0.0,0.0,0.0,0.0,0.0,0.0,0.0,0.0,0.0,0.0,0.0,0.0,1.0,0.0,0.0,28.8899,0.5860858478521999,0.2568634481038311,0.0,0.0,0.0,0.0,0.0,0.0,0.0,0.0,0.0,0.0,0.0,0.0,0.0,0.0,0.0,,,,0.0,0.0,0.0,0.0,0.0,0.0
